Main Category	Sub-Category	Hierarchy Path	Component Role	Constraint Text	Subcategory Min Qty	Subcategory Max Qty	Table Rule/Note	Product #	Option Type	Description	Current Qty	Unit Price (USD)	Price Delta (USD)	Extended Price (USD)	Price per GB (USD)	HPE Recommended	Start Date	Discontinued Date	Diff Status	Previous List Price (USD)	Price Change (USD)	Price Change (%)	Price History Trail
Software & Licenses	Server Management & Operating System Licenses	HPE OCA > DL145 Gen11 [P71964-B21] > Software & Licenses > Server Management & Operating System Licenses	Operating System / License	Unlimited	0	Unlimited	Selection constraint for Server Management & Operating System Licenses: no max	S5Q81AAE	Service	HPE Morpheus VM Essentials Software per Socket 1-year E-LTU	0	0		0		No	12/02/2024	01/31/2028	BASELINE	N/A	$0.00	0.00%	2026-09-09: (no price)
Software & Licenses	Server Management & Operating System Licenses	HPE OCA > DL145 Gen11 [P71964-B21] > Software & Licenses > Server Management & Operating System Licenses	Operating System / License	Unlimited	0	Unlimited	Selection constraint for Server Management & Operating System Licenses: no max	S5Q82AAE	Service	HPE Morpheus VM Essentials Software per Socket 3-year E-LTU	0	0		0		No	12/02/2024	01/31/2028	BASELINE	N/A	$0.00	0.00%	2026-09-09: (no price)
Software & Licenses	Server Management & Operating System Licenses	HPE OCA > DL145 Gen11 [P71964-B21] > Software & Licenses > Server Management & Operating System Licenses	Operating System / License	Unlimited	0	Unlimited	Selection constraint for Server Management & Operating System Licenses: no max	S5Q83AAE	Service	HPE Morpheus VM Essentials Software per Socket 5-year E-LTU	0	0		0		No	12/02/2024	01/31/2028	BASELINE	N/A	$0.00	0.00%	2026-09-09: (no price)
Software & Licenses	Server Management & Operating System Licenses	HPE OCA > DL145 Gen11 [P71964-B21] > Software & Licenses > Server Management & Operating System Licenses	Operating System / License	Unlimited	0	Unlimited	Selection constraint for Server Management & Operating System Licenses: no max	R8V76AAE	Service	SUSE Linux Enterprise Server 1-2 Sockets Unlimited VM w/Live Patching 1-year 24x7 E-LTU	0	0		0		No	10/04/2021	01/04/2027	BASELINE	N/A	$0.00	0.00%	2026-09-09: (no price)
Software & Licenses	Server Management & Operating System Licenses	HPE OCA > DL145 Gen11 [P71964-B21] > Software & Licenses > Server Management & Operating System Licenses	Operating System / License	Unlimited	0	Unlimited	Selection constraint for Server Management & Operating System Licenses: no max	R8V76A	Service	SUSE Linux Enterprise Server 1-2 Sockets Unlimited VM w/Live Patching 1-year 24x7 Flexible LTU	0	0		0		No	10/04/2021	01/04/2027	BASELINE	N/A	$0.00	0.00%	2026-09-09: (no price)
Software & Licenses	Server Management & Operating System Licenses	HPE OCA > DL145 Gen11 [P71964-B21] > Software & Licenses > Server Management & Operating System Licenses	Operating System / License	Unlimited	0	Unlimited	Selection constraint for Server Management & Operating System Licenses: no max	R8V74AAE	Service	SUSE Linux Enterprise Server 1-2 Sockets Unlimited VM w/Live Patching 1-year 9x5 E-LTU	0	0		0		No	10/04/2021	01/04/2027	BASELINE	N/A	$0.00	0.00%	2026-09-09: (no price)
Software & Licenses	Server Management & Operating System Licenses	HPE OCA > DL145 Gen11 [P71964-B21] > Software & Licenses > Server Management & Operating System Licenses	Operating System / License	Unlimited	0	Unlimited	Selection constraint for Server Management & Operating System Licenses: no max	R8V74A	Service	SUSE Linux Enterprise Server 1-2 Sockets Unlimited VM w/Live Patching 1-year 9x5 Flexible LTU	0	0		0		No	10/04/2021	01/04/2027	BASELINE	N/A	$0.00	0.00%	2026-09-09: (no price)
Software & Licenses	Server Management & Operating System Licenses	HPE OCA > DL145 Gen11 [P71964-B21] > Software & Licenses > Server Management & Operating System Licenses	Operating System / License	Unlimited	0	Unlimited	Selection constraint for Server Management & Operating System Licenses: no max	R8V77AAE	Service	SUSE Linux Enterprise Server 1-2 Sockets Unlimited VM w/Live Patching 3-year 24x7 E-LTU	0	0		0		No	10/04/2021	01/04/2027	BASELINE	N/A	$0.00	0.00%	2026-09-09: (no price)
Software & Licenses	Server Management & Operating System Licenses	HPE OCA > DL145 Gen11 [P71964-B21] > Software & Licenses > Server Management & Operating System Licenses	Operating System / License	Unlimited	0	Unlimited	Selection constraint for Server Management & Operating System Licenses: no max	R8V77A	Service	SUSE Linux Enterprise Server 1-2 Sockets Unlimited VM w/Live Patching 3-year 24x7 Flexible LTU	0	0		0		No	10/04/2021	01/04/2027	BASELINE	N/A	$0.00	0.00%	2026-09-09: (no price)
Software & Licenses	Server Management & Operating System Licenses	HPE OCA > DL145 Gen11 [P71964-B21] > Software & Licenses > Server Management & Operating System Licenses	Operating System / License	Unlimited	0	Unlimited	Selection constraint for Server Management & Operating System Licenses: no max	R8V75AAE	Service	SUSE Linux Enterprise Server 1-2 Sockets Unlimited VM w/Live Patching 3-year 9x5 E-LTU	0	0		0		No	10/04/2021	01/04/2027	BASELINE	N/A	$0.00	0.00%	2026-09-09: (no price)
Software & Licenses	Server Management & Operating System Licenses	HPE OCA > DL145 Gen11 [P71964-B21] > Software & Licenses > Server Management & Operating System Licenses	Operating System / License	Unlimited	0	Unlimited	Selection constraint for Server Management & Operating System Licenses: no max	R8V75A	Service	SUSE Linux Enterprise Server 1-2 Sockets Unlimited VM w/Live Patching 3-year 9x5 Flexible LTU	0	0		0		No	10/04/2021	01/04/2027	BASELINE	N/A	$0.00	0.00%	2026-09-09: (no price)
Software & Licenses	Server Management & Operating System Licenses	HPE OCA > DL145 Gen11 [P71964-B21] > Software & Licenses > Server Management & Operating System Licenses	Operating System / License	Unlimited	0	Unlimited	Selection constraint for Server Management & Operating System Licenses: no max	R8V78AAE	Service	SUSE Linux Enterprise Server 1-2 Sockets Unlimited VM w/Live Patching 5-year 24x7 E-LTU	0	0		0		No	10/04/2021	01/04/2027	BASELINE	N/A	$0.00	0.00%	2026-09-09: (no price)
Software & Licenses	Server Management & Operating System Licenses	HPE OCA > DL145 Gen11 [P71964-B21] > Software & Licenses > Server Management & Operating System Licenses	Operating System / License	Unlimited	0	Unlimited	Selection constraint for Server Management & Operating System Licenses: no max	R8V78A	Service	SUSE Linux Enterprise Server 1-2 Sockets Unlimited VM w/Live Patching 5-year 24x7 Flexible LTU	0	0		0		No	10/04/2021	01/04/2027	BASELINE	N/A	$0.00	0.00%	2026-09-09: (no price)
Software & Licenses	Server Management & Operating System Licenses	HPE OCA > DL145 Gen11 [P71964-B21] > Software & Licenses > Server Management & Operating System Licenses	Operating System / License	Unlimited	0	Unlimited	Selection constraint for Server Management & Operating System Licenses: no max	S0F24AAE	Service	SUSE Linux Enterprise Server 1-2 Sockets Unlimited VM w/Live Patching 5-year 9x5 E-LTU	0	0		0		No	10/03/2022	09/30/2027	BASELINE	N/A	$0.00	0.00%	2026-09-09: (no price)
Software & Licenses	Server Management & Operating System Licenses	HPE OCA > DL145 Gen11 [P71964-B21] > Software & Licenses > Server Management & Operating System Licenses	Operating System / License	Unlimited	0	Unlimited	Selection constraint for Server Management & Operating System Licenses: no max	R8V79A	Service	SUSE Linux Enterprise Server 1-2 Sockets Unlimited VM w/Live Patching 5-year 9x5 Flexible LTU	0	0		0		No	10/04/2021	01/04/2027	BASELINE	N/A	$0.00	0.00%	2026-09-09: (no price)
Software & Licenses	Server Management & Operating System Licenses	HPE OCA > DL145 Gen11 [P71964-B21] > Software & Licenses > Server Management & Operating System Licenses	Operating System / License	Unlimited	0	Unlimited	Selection constraint for Server Management & Operating System Licenses: no max	R8V72AAE	Service	SUSE Linux Enterprise Server for SAP 1-2 Sockets Unlimited VM w/Live Patching 3-year 24x7 E-LTU	0	0		0		No	10/04/2021	03/02/2026	BASELINE	N/A	$0.00	0.00%	2026-09-09: (no price)
Software & Licenses	Server Management & Operating System Licenses	HPE OCA > DL145 Gen11 [P71964-B21] > Software & Licenses > Server Management & Operating System Licenses	Operating System / License	Unlimited	0	Unlimited	Selection constraint for Server Management & Operating System Licenses: no max	R8V72A	Service	SUSE Linux Enterprise Server for SAP 1-2 Sockets Unlimited VM w/Live Patching 3yr 24x7 Flexible LTU	0	0		0		No	10/04/2021	03/02/2026	BASELINE	N/A	$0.00	0.00%	2026-09-09: (no price)
Software & Licenses	Server Management & Operating System Licenses	HPE OCA > DL145 Gen11 [P71964-B21] > Software & Licenses > Server Management & Operating System Licenses	Operating System / License	Unlimited	0	Unlimited	Selection constraint for Server Management & Operating System Licenses: no max	R8V73AAE	Service	SUSE Linux Enterprise Server for SAP 1-2 Sockets Unlimited VM w/Live Patching 5-year 24x7 E-LTU	0	0		0		No	10/04/2021	03/02/2026	BASELINE	N/A	$0.00	0.00%	2026-09-09: (no price)
Software & Licenses	Server Management & Operating System Licenses	HPE OCA > DL145 Gen11 [P71964-B21] > Software & Licenses > Server Management & Operating System Licenses	Operating System / License	Unlimited	0	Unlimited	Selection constraint for Server Management & Operating System Licenses: no max	R8V73A	Service	SUSE Linux Enterprise Server for SAP 1-2 Sockets Unlimited VM w/Live Patching 5yr 24x7 Flexible LTU	0	0		0		No	10/04/2021	03/02/2026	BASELINE	N/A	$0.00	0.00%	2026-09-09: (no price)
Software & Licenses	Server Management & Operating System Licenses	HPE OCA > DL145 Gen11 [P71964-B21] > Software & Licenses > Server Management & Operating System Licenses	Operating System / License	Unlimited	0	Unlimited	Selection constraint for Server Management & Operating System Licenses: no max	S7N77AAE	Service	SUSE Linux Enterprise Server for SAP Applications 1-2 Sockets Unlimited VM 3yr Sub 24x7 Sup E-LTU	0	0		0		No	03/02/2026	04/30/2028	BASELINE	N/A	$0.00	0.00%	2026-09-09: (no price)
Software & Licenses	Server Management & Operating System Licenses	HPE OCA > DL145 Gen11 [P71964-B21] > Software & Licenses > Server Management & Operating System Licenses	Operating System / License	Unlimited	0	Unlimited	Selection constraint for Server Management & Operating System Licenses: no max	S7N87A	Service	SUSE Linux Enterprise Server for SAP Applications 1-2 Sockets Unlimited VM 3yr Sub 24x7 Sup Flex LTU	0	0		0		No	03/02/2026	04/30/2028	BASELINE	N/A	$0.00	0.00%	2026-09-09: (no price)
Software & Licenses	Server Management & Operating System Licenses	HPE OCA > DL145 Gen11 [P71964-B21] > Software & Licenses > Server Management & Operating System Licenses	Operating System / License	Unlimited	0	Unlimited	Selection constraint for Server Management & Operating System Licenses: no max	S7P10A	Service	SUSE Linux Enterprise Server for SAP Applications 1-2 Sockets Unlimited VM 3yr Sub 24x7 Sup Flex LTU	0	0		0		No	03/02/2026	04/30/2028	BASELINE	N/A	$0.00	0.00%	2026-09-09: (no price)
Software & Licenses	Server Management & Operating System Licenses	HPE OCA > DL145 Gen11 [P71964-B21] > Software & Licenses > Server Management & Operating System Licenses	Operating System / License	Unlimited	0	Unlimited	Selection constraint for Server Management & Operating System Licenses: no max	S7N78AAE	Service	SUSE Linux Enterprise Server for SAP Applications 1-2 Sockets Unlimited VM 5yr Sub 24x7 Sup E-LTU	0	0		0		No	03/02/2026	04/30/2028	BASELINE	N/A	$0.00	0.00%	2026-09-09: (no price)
Software & Licenses	Server Management & Operating System Licenses	HPE OCA > DL145 Gen11 [P71964-B21] > Software & Licenses > Server Management & Operating System Licenses	Operating System / License	Unlimited	0	Unlimited	Selection constraint for Server Management & Operating System Licenses: no max	S7N88A	Service	SUSE Linux Enterprise Server for SAP Applications 1-2 Sockets Unlimited VM 5yr Sub 24x7 Sup Flex LTU	0	0		0		No	03/02/2026	04/30/2028	BASELINE	N/A	$0.00	0.00%	2026-09-09: (no price)
Software & Licenses	Server Management & Operating System Licenses	HPE OCA > DL145 Gen11 [P71964-B21] > Software & Licenses > Server Management & Operating System Licenses	Operating System / License	Unlimited	0	Unlimited	Selection constraint for Server Management & Operating System Licenses: no max	S7P11A	Service	SUSE Linux Enterprise Server for SAP Applications 1-2 Sockets Unlimited VM 5yr Sub 24x7 Sup Flex LTU	0	0		0		No	03/02/2026	04/30/2028	BASELINE	N/A	$0.00	0.00%	2026-09-09: (no price)
Software & Licenses	Server Management & Operating System Licenses	HPE OCA > DL145 Gen11 [P71964-B21] > Software & Licenses > Server Management & Operating System Licenses	Operating System / License	Unlimited	0	Unlimited	Selection constraint for Server Management & Operating System Licenses: no max	S0F26AAE	Service	SUSE Manager Lifecycle Management 1-2 Sockets Unlimited VM 1-year 24x7 E-LTU	0	0		0		No	10/03/2022	09/30/2027	BASELINE	N/A	$0.00	0.00%	2026-09-09: (no price)
Software & Licenses	Server Management & Operating System Licenses	HPE OCA > DL145 Gen11 [P71964-B21] > Software & Licenses > Server Management & Operating System Licenses	Operating System / License	Unlimited	0	Unlimited	Selection constraint for Server Management & Operating System Licenses: no max	R8V87AAE	Service	SUSE Manager Lifecycle Management 1-2 Sockets Unlimited VM 1-year 24x7 E-LTU	0	0		0		No	10/04/2021	01/04/2027	BASELINE	N/A	$0.00	0.00%	2026-09-09: (no price)
Software & Licenses	Server Management & Operating System Licenses	HPE OCA > DL145 Gen11 [P71964-B21] > Software & Licenses > Server Management & Operating System Licenses	Operating System / License	Unlimited	0	Unlimited	Selection constraint for Server Management & Operating System Licenses: no max	S0F28AAE	Service	SUSE Manager Lifecycle Management 1-2 Sockets Unlimited VM 3-year 24x7 E-LTU	0	0		0		No	10/03/2022	09/30/2027	BASELINE	N/A	$0.00	0.00%	2026-09-09: (no price)
Software & Licenses	Server Management & Operating System Licenses	HPE OCA > DL145 Gen11 [P71964-B21] > Software & Licenses > Server Management & Operating System Licenses	Operating System / License	Unlimited	0	Unlimited	Selection constraint for Server Management & Operating System Licenses: no max	R8V89AAE	Service	SUSE Manager Lifecycle Management 1-2 Sockets Unlimited VM 3-year 24x7 E-LTU	0	0		0		No	10/04/2021	01/04/2027	BASELINE	N/A	$0.00	0.00%	2026-09-09: (no price)
Software & Licenses	Server Management & Operating System Licenses	HPE OCA > DL145 Gen11 [P71964-B21] > Software & Licenses > Server Management & Operating System Licenses	Operating System / License	Unlimited	0	Unlimited	Selection constraint for Server Management & Operating System Licenses: no max	S0F30AAE	Service	SUSE Manager Lifecycle Management 1-2 Sockets Unlimited VM 5-year 24x7 E-LTU	0	0		0		No	10/03/2022	09/30/2027	BASELINE	N/A	$0.00	0.00%	2026-09-09: (no price)
Software & Licenses	Server Management & Operating System Licenses	HPE OCA > DL145 Gen11 [P71964-B21] > Software & Licenses > Server Management & Operating System Licenses	Operating System / License	Unlimited	0	Unlimited	Selection constraint for Server Management & Operating System Licenses: no max	S0F22AAE	Service	SUSE Manager Lifecycle Management 1-2 Sockets Unlimited VM 5-year 24x7 E-LTU	0	0		0		No	10/03/2022	09/30/2027	BASELINE	N/A	$0.00	0.00%	2026-09-09: (no price)
Software & Licenses	Server Management & Operating System Licenses	HPE OCA > DL145 Gen11 [P71964-B21] > Software & Licenses > Server Management & Operating System Licenses	Operating System / License	Unlimited	0	Unlimited	Selection constraint for Server Management & Operating System Licenses: no max	S0F25AAE	Service	SUSE Manager Lifecycle Management 1-2 Sockets or 1-2 VM 1-year 24x7 E-LTU	0	0		0		No	10/03/2022	09/30/2027	BASELINE	N/A	$0.00	0.00%	2026-09-09: (no price)
Software & Licenses	Server Management & Operating System Licenses	HPE OCA > DL145 Gen11 [P71964-B21] > Software & Licenses > Server Management & Operating System Licenses	Operating System / License	Unlimited	0	Unlimited	Selection constraint for Server Management & Operating System Licenses: no max	R8V86AAE	Service	SUSE Manager Lifecycle Management 1-2 Sockets or 1-2 VM 1-year 24x7 E-LTU	0	0		0		No	10/04/2021	01/04/2027	BASELINE	N/A	$0.00	0.00%	2026-09-09: (no price)
Software & Licenses	Server Management & Operating System Licenses	HPE OCA > DL145 Gen11 [P71964-B21] > Software & Licenses > Server Management & Operating System Licenses	Operating System / License	Unlimited	0	Unlimited	Selection constraint for Server Management & Operating System Licenses: no max	S0F27AAE	Service	SUSE Manager Lifecycle Management 1-2 Sockets or 1-2 VM 3-year 24x7 E-LTU	0	0		0		No	10/03/2022	09/30/2027	BASELINE	N/A	$0.00	0.00%	2026-09-09: (no price)
Software & Licenses	Server Management & Operating System Licenses	HPE OCA > DL145 Gen11 [P71964-B21] > Software & Licenses > Server Management & Operating System Licenses	Operating System / License	Unlimited	0	Unlimited	Selection constraint for Server Management & Operating System Licenses: no max	R8V88AAE	Service	SUSE Manager Lifecycle Management 1-2 Sockets or 1-2 VM 3-year 24x7 E-LTU	0	0		0		No	10/04/2021	01/04/2027	BASELINE	N/A	$0.00	0.00%	2026-09-09: (no price)
Software & Licenses	Server Management & Operating System Licenses	HPE OCA > DL145 Gen11 [P71964-B21] > Software & Licenses > Server Management & Operating System Licenses	Operating System / License	Unlimited	0	Unlimited	Selection constraint for Server Management & Operating System Licenses: no max	S0F21AAE	Service	SUSE Manager Lifecycle Management 1-2 Sockets or 1-2 VM 5-year 24x7 E-LTU	0	0		0		No	10/03/2022	09/30/2027	BASELINE	N/A	$0.00	0.00%	2026-09-09: (no price)
Software & Licenses	Server Management & Operating System Licenses	HPE OCA > DL145 Gen11 [P71964-B21] > Software & Licenses > Server Management & Operating System Licenses	Operating System / License	Unlimited	0	Unlimited	Selection constraint for Server Management & Operating System Licenses: no max	S0F29AAE	Service	SUSE Manager Lifecycle Management 1-2 Sockets or 1-2 VM 5-year 24x7 E-LTU	0	0		0		No	10/03/2022	09/30/2027	BASELINE	N/A	$0.00	0.00%	2026-09-09: (no price)
Accessories & Infrastructure	System Options	HPE OCA > DL145 Gen11 [P71964-B21] > Accessories & Infrastructure > System Options	GPU / Accelerator	Optional	0	Optional	Selection constraint for System Options: optional	S2L70C	Service	NVIDIA L40S 48GB PCIe Accelerator	0	0		0		No	11/06/2023	04/30/2027	BASELINE	N/A	$0.00	0.00%	2026-09-09: (no price)
Accessories & Infrastructure	System Options	HPE OCA > DL145 Gen11 [P71964-B21] > Accessories & Infrastructure > System Options	GPU / Accelerator	Optional	0	Optional	Selection constraint for System Options: optional	S6W30C	Service	NVIDIA RTX PRO 4500 Blackwell Server Edition 32GB PCIe Accelerator for HPE	0	0		0		No	03/16/2026	12/31/2028	BASELINE	N/A	$0.00	0.00%	2026-09-09: (no price)
Accessories & Infrastructure	System Options	HPE OCA > DL145 Gen11 [P71964-B21] > Accessories & Infrastructure > System Options	GPU / Accelerator	Optional	0	Optional	Selection constraint for System Options: optional	S0K89C	Service	NVIDIA L4 24GB PCIe Accelerator for HPE	0	0		0		No	04/03/2023	04/30/2028	BASELINE	N/A	$0.00	0.00%	2026-09-09: (no price)
Cables & Enablement Kits	Power Cords & Jumper Cables	HPE OCA > DL145 Gen11 [P71964-B21] > Cables & Enablement Kits > Power Cords & Jumper Cables	Cable Kit		0			AF556A	Standard	HPE C13 - Nema 5-15P US/CA 110V 10Amp 1.83m Power Cord	0	0		0		No	03/26/2007	09/30/2028	BASELINE	N/A	$0.00	0.00%	2026-09-09: (no price)
Cables & Enablement Kits	Power Cords & Jumper Cables	HPE OCA > DL145 Gen11 [P71964-B21] > Cables & Enablement Kits > Power Cords & Jumper Cables	Cable Kit		0			AF557A	Standard	HPE C13 - GB-1002 CN 250V 10Amp 1.83m Power Cord	0	0		0		No	05/29/2006	10/31/2031	BASELINE	N/A	$0.00	0.00%	2026-09-09: (no price)
Cables & Enablement Kits	Power Cords & Jumper Cables	HPE OCA > DL145 Gen11 [P71964-B21] > Cables & Enablement Kits > Power Cords & Jumper Cables	Cable Kit		0			AF568A	Standard	HPE C13 - CEE-VII EU 250V 10Amp 1.83m Power Cord	0	0		0		No	11/13/2006	10/31/2031	BASELINE	N/A	$0.00	0.00%	2026-09-09: (no price)
Cables & Enablement Kits	Power Cords & Jumper Cables	HPE OCA > DL145 Gen11 [P71964-B21] > Cables & Enablement Kits > Power Cords & Jumper Cables	Cable Kit		0			AF570A	Standard	HPE C13 - BS-1363A UK/HK/SG 250V 10Amp 1.83m Power Cord	0	0		0		No	04/06/2011	09/30/2028	BASELINE	N/A	$0.00	0.00%	2026-09-09: (no price)
Cables & Enablement Kits	Power Cords & Jumper Cables	HPE OCA > DL145 Gen11 [P71964-B21] > Cables & Enablement Kits > Power Cords & Jumper Cables	Cable Kit		0			AF573A	Standard	HPE C13 - C14 WW 250V 10Amp Flint Gray 2.0m Jumper Cord	0	0		0		No	07/09/2007	09/30/2031	BASELINE	N/A	$0.00	0.00%	2026-09-09: (no price)
Cables & Enablement Kits	Power Cords & Jumper Cables	HPE OCA > DL145 Gen11 [P71964-B21] > Cables & Enablement Kits > Power Cords & Jumper Cables	Cable Kit		0			AF558A	Standard	HPE C13 - IRAM -2073 AR 250V 10A 2.5m Power Cord	0	0		0		No	05/29/2006	09/30/2028	BASELINE	N/A	$0.00	0.00%	2026-09-09: (no price)
Cables & Enablement Kits	Power Cords & Jumper Cables	HPE OCA > DL145 Gen11 [P71964-B21] > Cables & Enablement Kits > Power Cords & Jumper Cables	Cable Kit		0			AF559A	Standard	HPE C13 - Nema 5-15P TH/PH 250V 10Amp 1.83m Power Cord	0	0		0		No	05/29/2006	09/30/2028	BASELINE	N/A	$0.00	0.00%	2026-09-09: (no price)
Cables & Enablement Kits	Power Cords & Jumper Cables	HPE OCA > DL145 Gen11 [P71964-B21] > Cables & Enablement Kits > Power Cords & Jumper Cables	Cable Kit		0			AF560A	Standard	HPE C13 - KSC- 8305 KR 250V 10Amp 1.83m Power Cord	0	0		0		No	05/29/2006	09/30/2028	BASELINE	N/A	$0.00	0.00%	2026-09-09: (no price)
Cables & Enablement Kits	Power Cords & Jumper Cables	HPE OCA > DL145 Gen11 [P71964-B21] > Cables & Enablement Kits > Power Cords & Jumper Cables	Cable Kit		0			AF561A	Standard	HPE C13 - CNS-690 TW 110V 13Amp 1.83m Power Cord	0	0		0		No	05/29/2006	09/30/2028	BASELINE	N/A	$0.00	0.00%	2026-09-09: (no price)
Cables & Enablement Kits	Power Cords & Jumper Cables	HPE OCA > DL145 Gen11 [P71964-B21] > Cables & Enablement Kits > Power Cords & Jumper Cables	Cable Kit		0			AF562A	Standard	HPE C13 - IS-1293 IN 240V 6Amp LV 2.0m Power Cord	0	0		0		No	05/29/2006	10/31/2031	BASELINE	N/A	$0.00	0.00%	2026-09-09: (no price)
Cables & Enablement Kits	Power Cords & Jumper Cables	HPE OCA > DL145 Gen11 [P71964-B21] > Cables & Enablement Kits > Power Cords & Jumper Cables	Cable Kit		0			AF564A	Standard	HPE C13 - SI-32 IL 250V 10Amp 1.83m Power Cord	0	0		0		No	12/15/2006	09/30/2028	BASELINE	N/A	$0.00	0.00%	2026-09-09: (no price)
Cables & Enablement Kits	Power Cords & Jumper Cables	HPE OCA > DL145 Gen11 [P71964-B21] > Cables & Enablement Kits > Power Cords & Jumper Cables	Cable Kit		0			AF565A	Standard	HPE C13 - SEV 1011 CH 250V 10Amp 1.83m Power Cord	0	0		0		No	12/15/2006	09/30/2028	BASELINE	N/A	$0.00	0.00%	2026-09-09: (no price)
Cables & Enablement Kits	Power Cords & Jumper Cables	HPE OCA > DL145 Gen11 [P71964-B21] > Cables & Enablement Kits > Power Cords & Jumper Cables	Cable Kit		0			AF566A	Standard	HPE C13 - DK-2.5A DK 250V 10Amp 1.83m Power Cord	0	0		0		No	11/13/2006	09/30/2028	BASELINE	N/A	$0.00	0.00%	2026-09-09: (no price)
Cables & Enablement Kits	Power Cords & Jumper Cables	HPE OCA > DL145 Gen11 [P71964-B21] > Cables & Enablement Kits > Power Cords & Jumper Cables	Cable Kit		0			AF567A	Standard	HPE C13 - SABS-164 ZA 250V 10Amp 2.5m Power Cord	0	0		0		No	11/13/2006	09/30/2028	BASELINE	N/A	$0.00	0.00%	2026-09-09: (no price)
Cables & Enablement Kits	Power Cords & Jumper Cables	HPE OCA > DL145 Gen11 [P71964-B21] > Cables & Enablement Kits > Power Cords & Jumper Cables	Cable Kit		0			AF569A	Standard	HPE C13 - AS3112-3 AU 250V 10Amp 2.5m Power Cord	0	0		0		No	11/13/2006	09/30/2028	BASELINE	N/A	$0.00	0.00%	2026-09-09: (no price)
Cables & Enablement Kits	Power Cords & Jumper Cables	HPE OCA > DL145 Gen11 [P71964-B21] > Cables & Enablement Kits > Power Cords & Jumper Cables	Cable Kit		0			AF572A	Standard	HPE C13 - JIS C8303 JP 100V 12Amp 2.0m Power Cord	0	0		0		No	04/06/2011	09/30/2028	BASELINE	N/A	$0.00	0.00%	2026-09-09: (no price)
Cables & Enablement Kits	Power Cords & Jumper Cables	HPE OCA > DL145 Gen11 [P71964-B21] > Cables & Enablement Kits > Power Cords & Jumper Cables	Cable Kit		0			AF591A	Standard	HPE C13 - NBR-14136 BR 250V 10Amp 1.83m Power Cord	0	0		0		No	07/14/2008	10/31/2031	BASELINE	N/A	$0.00	0.00%	2026-09-09: (no price)
Cables & Enablement Kits	Power Cords & Jumper Cables	HPE OCA > DL145 Gen11 [P71964-B21] > Cables & Enablement Kits > Power Cords & Jumper Cables	Cable Kit		0			R1C65A	Service	HPE C13-C14 IN 250V 10Amp 2m Black Jumper Cord	0	0		0		No	12/03/2018	10/31/2031	BASELINE	N/A	$0.00	0.00%	2026-09-09: (no price)
Software & Licenses	Server Management & Operating System Licenses	HPE OCA > DL145 Gen11 [P71964-B21] > Software & Licenses > Server Management & Operating System Licenses	Operating System / License	Unlimited	0	Unlimited	Selection constraint for Server Management & Operating System Licenses: no max	R7A10AAE	Service	HPE Compute Ops Management Standard 1-year Upfront ProLiant SaaS	0	0		0		No	06/06/2022	02/29/2028	BASELINE	N/A	$0.00	0.00%	2026-09-09: (no price)
Software & Licenses	Server Management & Operating System Licenses	HPE OCA > DL145 Gen11 [P71964-B21] > Software & Licenses > Server Management & Operating System Licenses	Operating System / License	Unlimited	0	Unlimited	Selection constraint for Server Management & Operating System Licenses: no max	R7A11AAE	Service	HPE Compute Ops Management Standard 3-year Upfront ProLiant SaaS	0	0		0		No	06/06/2022	02/29/2028	BASELINE	N/A	$0.00	0.00%	2026-09-09: (no price)
Software & Licenses	Server Management & Operating System Licenses	HPE OCA > DL145 Gen11 [P71964-B21] > Software & Licenses > Server Management & Operating System Licenses	Operating System / License	Unlimited	0	Unlimited	Selection constraint for Server Management & Operating System Licenses: no max	R7A12AAE	Service	HPE Compute Ops Management Standard 5-year Upfront ProLiant SaaS	1	0		0		No	06/06/2022	02/29/2028	BASELINE	N/A	$0.00	0.00%	2026-09-09: (no price)
Software & Licenses	Server Management & Operating System Licenses	HPE OCA > DL145 Gen11 [P71964-B21] > Software & Licenses > Server Management & Operating System Licenses	Operating System / License	Unlimited	0	Unlimited	Selection constraint for Server Management & Operating System Licenses: no max	S1A05A	Service	HPE Compute Cloud Management Server FIO Enablement	1	0		0		No	04/01/2024	02/29/2028	BASELINE	N/A	$0.00	0.00%	2026-09-09: (no price)
Software & Licenses	Server Management & Operating System Licenses	HPE OCA > DL145 Gen11 [P71964-B21] > Software & Licenses > Server Management & Operating System Licenses	Operating System / License	Unlimited	0	Unlimited	Selection constraint for Server Management & Operating System Licenses: no max	S2E10AAE	Service	HPE Compute Ops Management Standard 7-year Upfront ProLiant SaaS	0	0		0		No	09/03/2024	02/29/2028	BASELINE	N/A	$0.00	0.00%	2026-09-09: (no price)
Software & Licenses	Server Management & Operating System Licenses	HPE OCA > DL145 Gen11 [P71964-B21] > Software & Licenses > Server Management & Operating System Licenses	Operating System / License	Unlimited	0	Unlimited	Selection constraint for Server Management & Operating System Licenses: no max	S5E59AAE	Service	HPE Compute Ops Management Advanced 3-year Upfront ProLiant SaaS	0	0		0		No	04/07/2025	02/29/2028	BASELINE	N/A	$0.00	0.00%	2026-09-09: (no price)
Software & Licenses	Server Management & Operating System Licenses	HPE OCA > DL145 Gen11 [P71964-B21] > Software & Licenses > Server Management & Operating System Licenses	Operating System / License	Unlimited	0	Unlimited	Selection constraint for Server Management & Operating System Licenses: no max	S5E60AAE	Service	HPE Compute Ops Management Advanced 5-year Upfront ProLiant SaaS	0	0		0		No	04/07/2025	02/29/2028	BASELINE	N/A	$0.00	0.00%	2026-09-09: (no price)
Software & Licenses	Server Management & Operating System Licenses	HPE OCA > DL145 Gen11 [P71964-B21] > Software & Licenses > Server Management & Operating System Licenses	Operating System / License	Unlimited	0	Unlimited	Selection constraint for Server Management & Operating System Licenses: no max	S5E61AAE	Service	HPE Compute Ops Management Advanced 7-year Upfront ProLiant SaaS	0	0		0		No	04/07/2025	02/29/2028	BASELINE	N/A	$0.00	0.00%	2026-09-09: (no price)
Software & Licenses	Server Management & Operating System Licenses	HPE OCA > DL145 Gen11 [P71964-B21] > Software & Licenses > Server Management & Operating System Licenses	Operating System / License	Unlimited	0	Unlimited	Selection constraint for Server Management & Operating System Licenses: no max	P46195-B21	Standard	Microsoft Windows Server 2022 16-core Std Add Lic en/cs/de/es/fr/it/nl/pl/pt/ru/sv/ko/ja/xc SW	0	0		0		No	11/01/2021	05/31/2025	BASELINE	N/A	$0.00	0.00%	2026-09-09: (no price)
Software & Licenses	Server Management & Operating System Licenses	HPE OCA > DL145 Gen11 [P71964-B21] > Software & Licenses > Server Management & Operating System Licenses	Operating System / License	Unlimited	0	Unlimited	Selection constraint for Server Management & Operating System Licenses: no max	P46196-B21	Standard	Microsoft Windows Server 2022 4-core Std Add Lic en/cs/de/es/fr/it/nl/pl/pt/ru/sv/ko/ja/xc SW	0	0		0		No	11/01/2021	05/31/2025	BASELINE	N/A	$0.00	0.00%	2026-09-09: (no price)
Software & Licenses	Server Management & Operating System Licenses	HPE OCA > DL145 Gen11 [P71964-B21] > Software & Licenses > Server Management & Operating System Licenses	Operating System / License	Unlimited	0	Unlimited	Selection constraint for Server Management & Operating System Licenses: no max	P46199-AA1	Standard	Microsoft Windows Server 2022 2-core Standard Additional License Chinese Simplified SW	0	0		0		No	11/01/2021	05/31/2025	BASELINE	N/A	$0.00	0.00%	2026-09-09: (no price)
Software & Licenses	Server Management & Operating System Licenses	HPE OCA > DL145 Gen11 [P71964-B21] > Software & Licenses > Server Management & Operating System Licenses	Operating System / License	Unlimited	0	Unlimited	Selection constraint for Server Management & Operating System Licenses: no max	P46199-AB1	Standard	Microsoft Windows Server 2022 2-core Standard Additional License Chinese Traditional SW	0	0		0		No	11/01/2021	05/31/2025	BASELINE	N/A	$0.00	0.00%	2026-09-09: (no price)
Software & Licenses	Server Management & Operating System Licenses	HPE OCA > DL145 Gen11 [P71964-B21] > Software & Licenses > Server Management & Operating System Licenses	Operating System / License	Unlimited	0	Unlimited	Selection constraint for Server Management & Operating System Licenses: no max	P46199-B21	Standard	Microsoft Windows Server 2022 2-core Std Add Lic en/cs/de/es/fr/it/nl/pl/pt/ru/sv/ko/ja/xc SW	0	0		0		No	10/04/2021	05/31/2025	BASELINE	N/A	$0.00	0.00%	2026-09-09: (no price)
Software & Licenses	Server Management & Operating System Licenses	HPE OCA > DL145 Gen11 [P71964-B21] > Software & Licenses > Server Management & Operating System Licenses	Operating System / License	Unlimited	0	Unlimited	Selection constraint for Server Management & Operating System Licenses: no max	P46212-B21	Standard	Microsoft Windows Server 2022 16-core DC Add Lic en/cs/de/es/fr/it/nl/pl/pt/ru/sv/ko/ja/xc SW	0	0		0		No	11/01/2021	05/31/2025	BASELINE	N/A	$0.00	0.00%	2026-09-09: (no price)
Software & Licenses	Server Management & Operating System Licenses	HPE OCA > DL145 Gen11 [P71964-B21] > Software & Licenses > Server Management & Operating System Licenses	Operating System / License	Unlimited	0	Unlimited	Selection constraint for Server Management & Operating System Licenses: no max	P46213-B21	Standard	Microsoft Windows Server 2022 4-core DC Add Lic en/cs/de/es/fr/it/nl/pl/pt/ru/sv/ko/ja/xc SW	0	0		0		No	11/01/2021	05/31/2025	BASELINE	N/A	$0.00	0.00%	2026-09-09: (no price)
Software & Licenses	Server Management & Operating System Licenses	HPE OCA > DL145 Gen11 [P71964-B21] > Software & Licenses > Server Management & Operating System Licenses	Operating System / License	Unlimited	0	Unlimited	Selection constraint for Server Management & Operating System Licenses: no max	P46214-B21	Standard	Microsoft Windows Server 2022 2-core DC Add Lic en/cs/de/es/fr/it/nl/pl/pt/ru/sv/ko/ja/xc SW	0	0		0		No	10/04/2021	05/31/2025	BASELINE	N/A	$0.00	0.00%	2026-09-09: (no price)
Software & Licenses	Server Management & Operating System Licenses	HPE OCA > DL145 Gen11 [P71964-B21] > Software & Licenses > Server Management & Operating System Licenses	Operating System / License	Unlimited	0	Unlimited	Selection constraint for Server Management & Operating System Licenses: no max	P77104-B21	Standard	Microsoft Windows Server 2025 16-core Standard Additional License WW SW	0	0		0		No	12/02/2024	11/30/2027	BASELINE	N/A	$0.00	0.00%	2026-09-09: (no price)
Software & Licenses	Server Management & Operating System Licenses	HPE OCA > DL145 Gen11 [P71964-B21] > Software & Licenses > Server Management & Operating System Licenses	Operating System / License	Unlimited	0	Unlimited	Selection constraint for Server Management & Operating System Licenses: no max	P77105-B21	Standard	Microsoft Windows Server 2025 4-core Standard Additional License WW SW	0	0		0		No	12/02/2024	11/30/2027	BASELINE	N/A	$0.00	0.00%	2026-09-09: (no price)
Software & Licenses	Server Management & Operating System Licenses	HPE OCA > DL145 Gen11 [P71964-B21] > Software & Licenses > Server Management & Operating System Licenses	Operating System / License	Unlimited	0	Unlimited	Selection constraint for Server Management & Operating System Licenses: no max	P77106-AA1	Standard	Microsoft Windows Server 2025 2-core Standard Additional License Chinese Simplified SW	0	0		0		No	12/02/2024	11/30/2027	BASELINE	N/A	$0.00	0.00%	2026-09-09: (no price)
Software & Licenses	Server Management & Operating System Licenses	HPE OCA > DL145 Gen11 [P71964-B21] > Software & Licenses > Server Management & Operating System Licenses	Operating System / License	Unlimited	0	Unlimited	Selection constraint for Server Management & Operating System Licenses: no max	P77106-AB1	Standard	Microsoft Windows Server 2025 2-core Standard Additional License Chinese Traditional SW	0	0		0		No	12/02/2024	11/30/2027	BASELINE	N/A	$0.00	0.00%	2026-09-09: (no price)
Software & Licenses	Server Management & Operating System Licenses	HPE OCA > DL145 Gen11 [P71964-B21] > Software & Licenses > Server Management & Operating System Licenses	Operating System / License	Unlimited	0	Unlimited	Selection constraint for Server Management & Operating System Licenses: no max	P77106-B21	Standard	Microsoft Windows Server 2025 2-core Standard Additional License WW SW	0	0		0		No	12/02/2024	11/30/2027	BASELINE	N/A	$0.00	0.00%	2026-09-09: (no price)
Software & Licenses	Server Management & Operating System Licenses	HPE OCA > DL145 Gen11 [P71964-B21] > Software & Licenses > Server Management & Operating System Licenses	Operating System / License	Unlimited	0	Unlimited	Selection constraint for Server Management & Operating System Licenses: no max	P77107-B21	Standard	Microsoft Windows Server 2025 16-core Datacenter Additional License WW SW	0	0		0		No	12/02/2024	11/30/2027	BASELINE	N/A	$0.00	0.00%	2026-09-09: (no price)
Software & Licenses	Server Management & Operating System Licenses	HPE OCA > DL145 Gen11 [P71964-B21] > Software & Licenses > Server Management & Operating System Licenses	Operating System / License	Unlimited	0	Unlimited	Selection constraint for Server Management & Operating System Licenses: no max	P77108-B21	Standard	Microsoft Windows Server 2025 4-core Datacenter Additional License WW SW	0	0		0		No	12/02/2024	11/30/2027	BASELINE	N/A	$0.00	0.00%	2026-09-09: (no price)
Software & Licenses	Server Management & Operating System Licenses	HPE OCA > DL145 Gen11 [P71964-B21] > Software & Licenses > Server Management & Operating System Licenses	Operating System / License	Unlimited	0	Unlimited	Selection constraint for Server Management & Operating System Licenses: no max	P77109-B21	Standard	Microsoft Windows Server 2025 2-core Datacenter Additional License WW SW	0	0		0		No	12/02/2024	11/30/2027	BASELINE	N/A	$0.00	0.00%	2026-09-09: (no price)
Software & Licenses	Server Management & Operating System Licenses	HPE OCA > DL145 Gen11 [P71964-B21] > Software & Licenses > Server Management & Operating System Licenses	Operating System / License	Unlimited	0	Unlimited	Selection constraint for Server Management & Operating System Licenses: no max	S6K30B	Service	Microsoft Windows Server 2025 16-core Standard FIO Not Pre-installed WW ESD LTU	0	0		0		No	09/02/2025	11/30/2027	BASELINE	N/A	$0.00	0.00%	2026-09-09: (no price)
Software & Licenses	Server Management & Operating System Licenses	HPE OCA > DL145 Gen11 [P71964-B21] > Software & Licenses > Server Management & Operating System Licenses	Operating System / License	Unlimited	0	Unlimited	Selection constraint for Server Management & Operating System Licenses: no max	S6L35B	Service	Microsoft Windows Server 2025 16-core Datacenter FIO Not Pre-installed WW ESD LTU	0	0		0		No	09/02/2025	11/30/2027	BASELINE	N/A	$0.00	0.00%	2026-09-09: (no price)
Software & Licenses	Server Management & Operating System Licenses	HPE OCA > DL145 Gen11 [P71964-B21] > Software & Licenses > Server Management & Operating System Licenses	Operating System / License	Unlimited	0	Unlimited	Selection constraint for Server Management & Operating System Licenses: no max	P45916-291	Standard	Microsoft Windows Server 2022 16-core Datacenter FIO Not Pre-installed Japanese SW	0	0		0		No	12/06/2021	05/31/2025	BASELINE	N/A	$0.00	0.00%	2026-09-09: (no price)
Software & Licenses	Server Management & Operating System Licenses	HPE OCA > DL145 Gen11 [P71964-B21] > Software & Licenses > Server Management & Operating System Licenses	Operating System / License	Unlimited	0	Unlimited	Selection constraint for Server Management & Operating System Licenses: no max	P45916-B21	Standard	Microsoft Windows Server 2022 16-core Datacenter FIO Not Pre-installed en/fr/it/de/es/nl/pt SW	0	0		0		No	12/06/2021	05/31/2025	BASELINE	N/A	$0.00	0.00%	2026-09-09: (no price)
Software & Licenses	Server Management & Operating System Licenses	HPE OCA > DL145 Gen11 [P71964-B21] > Software & Licenses > Server Management & Operating System Licenses	Operating System / License	Unlimited	0	Unlimited	Selection constraint for Server Management & Operating System Licenses: no max	P46005-291	Standard	Microsoft Windows Server 2022 16-core Standard FIO Not Pre-installed Japanese SW	0	0		0		No	12/06/2021	05/31/2025	BASELINE	N/A	$0.00	0.00%	2026-09-09: (no price)
Software & Licenses	Server Management & Operating System Licenses	HPE OCA > DL145 Gen11 [P71964-B21] > Software & Licenses > Server Management & Operating System Licenses	Operating System / License	Unlimited	0	Unlimited	Selection constraint for Server Management & Operating System Licenses: no max	P46005-B21	Standard	Microsoft Windows Server 2022 16-core Standard FIO Not Pre-installed en/fr/it/de/es/nl/pt SW	0	0		0		No	12/06/2021	05/31/2025	BASELINE	N/A	$0.00	0.00%	2026-09-09: (no price)
Software & Licenses	Server Management & Operating System Licenses	HPE OCA > DL145 Gen11 [P71964-B21] > Software & Licenses > Server Management & Operating System Licenses	Operating System / License	Unlimited	0	Unlimited	Selection constraint for Server Management & Operating System Licenses: no max	P46173-291	Standard	Microsoft Windows Server 2022 10-core Essentials FIO Pre-installed UEFI Japanese SW	0	0		0		No	05/02/2022	05/31/2025	BASELINE	N/A	$0.00	0.00%	2026-09-09: (no price)
Software & Licenses	Server Management & Operating System Licenses	HPE OCA > DL145 Gen11 [P71964-B21] > Software & Licenses > Server Management & Operating System Licenses	Operating System / License	Unlimited	0	Unlimited	Selection constraint for Server Management & Operating System Licenses: no max	P46174-371	Standard	Microsoft Windows Server 2022 10-core Essentials FIO Not Pre-installed English/Korean/Japanese SW	0	0		0		No	12/06/2021	05/31/2025	BASELINE	N/A	$0.00	0.00%	2026-09-09: (no price)
Software & Licenses	Server Management & Operating System Licenses	HPE OCA > DL145 Gen11 [P71964-B21] > Software & Licenses > Server Management & Operating System Licenses	Operating System / License	Unlimited	0	Unlimited	Selection constraint for Server Management & Operating System Licenses: no max	P46174-B21	Standard	Microsoft Windows Server 2022 10-core Essentials FIO Not Pre-installed en/fr/it/de/es/nl/pt SW	0	0		0		No	12/06/2021	05/31/2025	BASELINE	N/A	$0.00	0.00%	2026-09-09: (no price)
Software & Licenses	Server Management & Operating System Licenses	HPE OCA > DL145 Gen11 [P71964-B21] > Software & Licenses > Server Management & Operating System Licenses	Operating System / License	Unlimited	0	Unlimited	Selection constraint for Server Management & Operating System Licenses: no max	P77095-291	Standard	Microsoft Windows Server 2025 16-core Standard FIO Not Pre-installed Japanese SW	0	0		0		No	12/02/2024	01/31/2027	BASELINE	N/A	$0.00	0.00%	2026-09-09: (no price)
Software & Licenses	Server Management & Operating System Licenses	HPE OCA > DL145 Gen11 [P71964-B21] > Software & Licenses > Server Management & Operating System Licenses	Operating System / License	Unlimited	0	Unlimited	Selection constraint for Server Management & Operating System Licenses: no max	P77095-B21	Standard	Microsoft Windows Server 2025 16-core Standard FIO Not Pre-installed en/fr/de/es/it/pt/nl SW	0	0		0		No	12/02/2024	01/31/2027	BASELINE	N/A	$0.00	0.00%	2026-09-09: (no price)
Software & Licenses	Server Management & Operating System Licenses	HPE OCA > DL145 Gen11 [P71964-B21] > Software & Licenses > Server Management & Operating System Licenses	Operating System / License	Unlimited	0	Unlimited	Selection constraint for Server Management & Operating System Licenses: no max	P77097-291	Standard	Microsoft Windows Server 2025 16-core Datacenter FIO Not Pre-installed Japanese SW	0	0		0		No	12/02/2024	01/31/2027	BASELINE	N/A	$0.00	0.00%	2026-09-09: (no price)
Software & Licenses	Server Management & Operating System Licenses	HPE OCA > DL145 Gen11 [P71964-B21] > Software & Licenses > Server Management & Operating System Licenses	Operating System / License	Unlimited	0	Unlimited	Selection constraint for Server Management & Operating System Licenses: no max	P77097-B21	Standard	Microsoft Windows Server 2025 16-core Datacenter FIO Not Pre-installed en/fr/de/es/it/pt/nl SW	0	0		0		No	12/02/2024	01/31/2027	BASELINE	N/A	$0.00	0.00%	2026-09-09: (no price)
Software & Licenses	Server Management & Operating System Licenses	HPE OCA > DL145 Gen11 [P71964-B21] > Software & Licenses > Server Management & Operating System Licenses	Operating System / License	Unlimited	0	Unlimited	Selection constraint for Server Management & Operating System Licenses: no max	P77098-291	Standard	Microsoft Windows Server 2025 10-core Essentials FIO Not Pre-installed Japanese SW	0	0		0		No	12/02/2024	01/31/2027	BASELINE	N/A	$0.00	0.00%	2026-09-09: (no price)
Software & Licenses	Server Management & Operating System Licenses	HPE OCA > DL145 Gen11 [P71964-B21] > Software & Licenses > Server Management & Operating System Licenses	Operating System / License	Unlimited	0	Unlimited	Selection constraint for Server Management & Operating System Licenses: no max	P77098-B21	Standard	Microsoft Windows Server 2025 10-core Essentials FIO Not Pre-installed en/fr/de/es/it/pt/nl SW	0	0		0		No	12/02/2024	01/31/2027	BASELINE	N/A	$0.00	0.00%	2026-09-09: (no price)
Software & Licenses	Server Management & Operating System Licenses	HPE OCA > DL145 Gen11 [P71964-B21] > Software & Licenses > Server Management & Operating System Licenses	Operating System / License	Unlimited	0	Unlimited	Selection constraint for Server Management & Operating System Licenses: no max	S6L28B	Service	Microsoft Windows Server 2025 10-core Essentials FIO Not Pre-installed WW ESD LTU	0	0		0		No	09/02/2025	11/30/2027	BASELINE	N/A	$0.00	0.00%	2026-09-09: (no price)
Software & Licenses	Server Management & Operating System Licenses	HPE OCA > DL145 Gen11 [P71964-B21] > Software & Licenses > Server Management & Operating System Licenses	Service & Support	Unlimited	0	Unlimited	Selection constraint for Server Management & Operating System Licenses: no max	S3Z84AAE	Service	Red Hat OpenShift Container Platform Bare Metal 1 Physical Node 1yr Subscription 24x7 Support E-LTU	0	0		0		No	06/03/2024	07/03/2027	BASELINE	N/A	$0.00	0.00%	2026-09-09: (no price)
Software & Licenses	Server Management & Operating System Licenses	HPE OCA > DL145 Gen11 [P71964-B21] > Software & Licenses > Server Management & Operating System Licenses	Operating System / License	Unlimited	0	Unlimited	Selection constraint for Server Management & Operating System Licenses: no max	S3Z85AAE	Service	Red Hat OpenShift Container Platform Bare Metal 1-2 Sockets up to 64 Cores 3yr Sub 24x7 Sup E-LTU	0	0		0		No	06/03/2024	03/01/2025	BASELINE	N/A	$0.00	0.00%	2026-09-09: (no price)
Software & Licenses	Server Management & Operating System Licenses	HPE OCA > DL145 Gen11 [P71964-B21] > Software & Licenses > Server Management & Operating System Licenses	Service & Support	Unlimited	0	Unlimited	Selection constraint for Server Management & Operating System Licenses: no max	S3Z86AAE	Service	Red Hat OpenShift Container Platform Bare Metal 1 Physical Node 1yr Subscription 9x5 Support E-LTU	0	0		0		No	06/03/2024	07/03/2027	BASELINE	N/A	$0.00	0.00%	2026-09-09: (no price)
Software & Licenses	Server Management & Operating System Licenses	HPE OCA > DL145 Gen11 [P71964-B21] > Software & Licenses > Server Management & Operating System Licenses	Operating System / License	Unlimited	0	Unlimited	Selection constraint for Server Management & Operating System Licenses: no max	S3Z87AAE	Service	Red Hat OpenShift Container Platform Bare Metal 1-2 Sockets up to 64 Cores 3yr Sub 9x5 Sup E-LTU	0	0		0		No	06/03/2024	03/01/2025	BASELINE	N/A	$0.00	0.00%	2026-09-09: (no price)
Software & Licenses	Server Management & Operating System Licenses	HPE OCA > DL145 Gen11 [P71964-B21] > Software & Licenses > Server Management & Operating System Licenses	Operating System / License	Unlimited	0	Unlimited	Selection constraint for Server Management & Operating System Licenses: no max	M6K34A	Standard	SUSE Linux Enterprise High Availability Extension 1-2 Sockets 3 Year Subscription Flx LTU	0	0		0		No	06/01/2015	09/30/2027	BASELINE	N/A	$0.00	0.00%	2026-09-09: (no price)
Software & Licenses	Server Management & Operating System Licenses	HPE OCA > DL145 Gen11 [P71964-B21] > Software & Licenses > Server Management & Operating System Licenses	Operating System / License	Unlimited	0	Unlimited	Selection constraint for Server Management & Operating System Licenses: no max	M6K34AAE	Service	SUSE Linux Enterprise High Availability Extension 1-2 Sockets 3 Year Subscription E-LTU	0	0		0		No	06/01/2015	09/30/2027	BASELINE	N/A	$0.00	0.00%	2026-09-09: (no price)
Software & Licenses	Server Management & Operating System Licenses	HPE OCA > DL145 Gen11 [P71964-B21] > Software & Licenses > Server Management & Operating System Licenses	Service & Support	Unlimited	0	Unlimited	Selection constraint for Server Management & Operating System Licenses: no max	S0E93AAE	Service	SUSE Linux Enterprise Micro 1-16 Cores 1-year Subscription 24x7 Support E-LTU	0	0		0		No	10/03/2022	09/30/2027	BASELINE	N/A	$0.00	0.00%	2026-09-09: (no price)
Software & Licenses	Server Management & Operating System Licenses	HPE OCA > DL145 Gen11 [P71964-B21] > Software & Licenses > Server Management & Operating System Licenses	Service & Support	Unlimited	0	Unlimited	Selection constraint for Server Management & Operating System Licenses: no max	S0E94AAE	Service	SUSE Linux Enterprise Micro 1-16 Cores 3-year Subscription 24x7 Support E-LTU	0	0		0		No	10/03/2022	09/30/2027	BASELINE	N/A	$0.00	0.00%	2026-09-09: (no price)
Software & Licenses	Server Management & Operating System Licenses	HPE OCA > DL145 Gen11 [P71964-B21] > Software & Licenses > Server Management & Operating System Licenses	Service & Support	Unlimited	0	Unlimited	Selection constraint for Server Management & Operating System Licenses: no max	S0E95AAE	Service	SUSE Linux Enterprise Micro 1-16 Cores 5-year Subscription 24x7 Support E-LTU	0	0		0		No	10/03/2022	09/30/2027	BASELINE	N/A	$0.00	0.00%	2026-09-09: (no price)
Software & Licenses	Server Management & Operating System Licenses	HPE OCA > DL145 Gen11 [P71964-B21] > Software & Licenses > Server Management & Operating System Licenses	Service & Support	Unlimited	0	Unlimited	Selection constraint for Server Management & Operating System Licenses: no max	S3B60AAE	Service	SUSE Storage per Node Add-on 5-15 Nodes 1-year Subscription 24x7 Support E-LTU	0	0		0		No	03/04/2024	12/31/2024	BASELINE	N/A	$0.00	0.00%	2026-09-09: (no price)
Software & Licenses	Server Management & Operating System Licenses	HPE OCA > DL145 Gen11 [P71964-B21] > Software & Licenses > Server Management & Operating System Licenses	Service & Support	Unlimited	0	Unlimited	Selection constraint for Server Management & Operating System Licenses: no max	S3B61AAE	Service	SUSE Storage per Node Add-on 16-50 Nodes 1-year Subscription 24x7 Support E-LTU	0	0		0		No	03/04/2024	12/31/2024	BASELINE	N/A	$0.00	0.00%	2026-09-09: (no price)
Software & Licenses	Server Management & Operating System Licenses	HPE OCA > DL145 Gen11 [P71964-B21] > Software & Licenses > Server Management & Operating System Licenses	Service & Support	Unlimited	0	Unlimited	Selection constraint for Server Management & Operating System Licenses: no max	S3B62AAE	Service	SUSE Storage per Node Add-on 5-15 Nodes 3-year Subscription 24x7 Support E-LTU	0	0		0		No	03/04/2024	12/31/2024	BASELINE	N/A	$0.00	0.00%	2026-09-09: (no price)
Software & Licenses	Server Management & Operating System Licenses	HPE OCA > DL145 Gen11 [P71964-B21] > Software & Licenses > Server Management & Operating System Licenses	Service & Support	Unlimited	0	Unlimited	Selection constraint for Server Management & Operating System Licenses: no max	S3B63AAE	Service	SUSE Storage per Node Add-on 16-50 Nodes 3-year Subscription 24x7 Support E-LTU	0	0		0		No	03/04/2024	12/31/2024	BASELINE	N/A	$0.00	0.00%	2026-09-09: (no price)
Software & Licenses	Server Management & Operating System Licenses	HPE OCA > DL145 Gen11 [P71964-B21] > Software & Licenses > Server Management & Operating System Licenses	Service & Support	Unlimited	0	Unlimited	Selection constraint for Server Management & Operating System Licenses: no max	S3B64AAE	Service	SUSE Storage per Node Add-on 5-15 Nodes 5-year Subscription 24x7 Support E-LTU	0	0		0		No	03/04/2024	12/31/2024	BASELINE	N/A	$0.00	0.00%	2026-09-09: (no price)
Software & Licenses	Server Management & Operating System Licenses	HPE OCA > DL145 Gen11 [P71964-B21] > Software & Licenses > Server Management & Operating System Licenses	Service & Support	Unlimited	0	Unlimited	Selection constraint for Server Management & Operating System Licenses: no max	S3B65AAE	Service	SUSE Storage per Node Add-on 16-50 Nodes 5-year Subscription 24x7 Support E-LTU	0	0		0		No	03/04/2024	12/31/2024	BASELINE	N/A	$0.00	0.00%	2026-09-09: (no price)
Software & Licenses	Server Management & Operating System Licenses	HPE OCA > DL145 Gen11 [P71964-B21] > Software & Licenses > Server Management & Operating System Licenses	Operating System / License	Unlimited	0	Unlimited	Selection constraint for Server Management & Operating System Licenses: no max	S3B66AAE	Service	SUSE Rancher Prime with Rancher Prime Management Server per Node 5-15 Nodes 1yr Sub 24x7 Sup E-LTU	0	0		0		No	03/04/2024	12/31/2024	BASELINE	N/A	$0.00	0.00%	2026-09-09: (no price)
Software & Licenses	Server Management & Operating System Licenses	HPE OCA > DL145 Gen11 [P71964-B21] > Software & Licenses > Server Management & Operating System Licenses	Operating System / License	Unlimited	0	Unlimited	Selection constraint for Server Management & Operating System Licenses: no max	S3B67AAE	Service	SUSE Rancher Prime w/2x Rancher Prime Management Server per Node 16-50 Nodes 1yr Sub 24x7 Sup E-LTU	0	0		0		No	03/04/2024	12/31/2024	BASELINE	N/A	$0.00	0.00%	2026-09-09: (no price)
Software & Licenses	Server Management & Operating System Licenses	HPE OCA > DL145 Gen11 [P71964-B21] > Software & Licenses > Server Management & Operating System Licenses	Operating System / License	Unlimited	0	Unlimited	Selection constraint for Server Management & Operating System Licenses: no max	S3B68AAE	Service	SUSE Rancher Prime with Rancher Prime Management Server per Node 5-15 Nodes 3yr Sub 24x7 Sup E-LTU	0	0		0		No	03/04/2024	12/31/2024	BASELINE	N/A	$0.00	0.00%	2026-09-09: (no price)
Software & Licenses	Server Management & Operating System Licenses	HPE OCA > DL145 Gen11 [P71964-B21] > Software & Licenses > Server Management & Operating System Licenses	Operating System / License	Unlimited	0	Unlimited	Selection constraint for Server Management & Operating System Licenses: no max	S3B69AAE	Service	SUSE Rancher Prime w/2x Rancher Prime Management Server per Node 16-50 Nodes 3yr Sub 24x7 Sup E-LTU	0	0		0		No	03/04/2024	12/31/2024	BASELINE	N/A	$0.00	0.00%	2026-09-09: (no price)
Software & Licenses	Server Management & Operating System Licenses	HPE OCA > DL145 Gen11 [P71964-B21] > Software & Licenses > Server Management & Operating System Licenses	Operating System / License	Unlimited	0	Unlimited	Selection constraint for Server Management & Operating System Licenses: no max	S3B70AAE	Service	SUSE Rancher Prime with Rancher Prime Management Server per Node 5-15 Nodes 5yr Sub 24x7 Sup E-LTU	0	0		0		No	03/04/2024	12/31/2024	BASELINE	N/A	$0.00	0.00%	2026-09-09: (no price)
Software & Licenses	Server Management & Operating System Licenses	HPE OCA > DL145 Gen11 [P71964-B21] > Software & Licenses > Server Management & Operating System Licenses	Operating System / License	Unlimited	0	Unlimited	Selection constraint for Server Management & Operating System Licenses: no max	S3B71AAE	Service	SUSE Rancher Prime w/2x Rancher Prime Management Server per Node 16-50 Nodes 5yr Sub 24x7 Sup E-LTU	0	0		0		No	03/04/2024	12/31/2024	BASELINE	N/A	$0.00	0.00%	2026-09-09: (no price)
Software & Licenses	Server Management & Operating System Licenses	HPE OCA > DL145 Gen11 [P71964-B21] > Software & Licenses > Server Management & Operating System Licenses	Service & Support	Unlimited	0	Unlimited	Selection constraint for Server Management & Operating System Licenses: no max	N0U73A	Standard	SUSE Linux Enterprise Server SAP 1-2 Sockets or 1-2 VM 3-year Subscription 24x7 Support Flexible LTU	0	0		0		No	08/17/2015	03/02/2026	BASELINE	N/A	$0.00	0.00%	2026-09-09: (no price)
Software & Licenses	Server Management & Operating System Licenses	HPE OCA > DL145 Gen11 [P71964-B21] > Software & Licenses > Server Management & Operating System Licenses	Service & Support	Unlimited	0	Unlimited	Selection constraint for Server Management & Operating System Licenses: no max	N0U75A	Standard	SUSE Linux Enterprise Server SAP 1-2 Sockets or 1-2 VM 5-year Subscription 24x7 Support Flexible LTU	0	0		0		No	08/17/2015	03/02/2026	BASELINE	N/A	$0.00	0.00%	2026-09-09: (no price)
Software & Licenses	Server Management & Operating System Licenses	HPE OCA > DL145 Gen11 [P71964-B21] > Software & Licenses > Server Management & Operating System Licenses	Operating System / License	Unlimited	0	Unlimited	Selection constraint for Server Management & Operating System Licenses: no max	R8V84A	Service	SUSE Linux Enterprise Server for SAP 1-2 Sockets Unlimited VM w/Live Patching 3yr 24x7 Flexible LTU	0	0		0		No	10/04/2021	03/02/2026	BASELINE	N/A	$0.00	0.00%	2026-09-09: (no price)
Software & Licenses	Server Management & Operating System Licenses	HPE OCA > DL145 Gen11 [P71964-B21] > Software & Licenses > Server Management & Operating System Licenses	Operating System / License	Unlimited	0	Unlimited	Selection constraint for Server Management & Operating System Licenses: no max	R8V85A	Service	SUSE Linux Enterprise Server for SAP 1-2 Sockets Unlimited VM w/Live Patching 5yr 24x7 Flexible LTU	0	0		0		No	10/04/2021	03/02/2026	BASELINE	N/A	$0.00	0.00%	2026-09-09: (no price)
Software & Licenses	Server Management & Operating System Licenses	HPE OCA > DL145 Gen11 [P71964-B21] > Software & Licenses > Server Management & Operating System Licenses	Operating System / License	Unlimited	0	Unlimited	Selection constraint for Server Management & Operating System Licenses: no max	S3R49A	Service	SUSE Linux Enterprise Server w/SUSE Manager Lifecycle Management+ 1-2 Sockets/1-2 VM 3yr 24x7 LTU	0	0		0		No	05/06/2024	03/02/2026	BASELINE	N/A	$0.00	0.00%	2026-09-09: (no price)
Software & Licenses	Server Management & Operating System Licenses	HPE OCA > DL145 Gen11 [P71964-B21] > Software & Licenses > Server Management & Operating System Licenses	Operating System / License	Unlimited	0	Unlimited	Selection constraint for Server Management & Operating System Licenses: no max	S3R49AAE	Service	SUSE Linux Enterprise Server w/SUSE Manager Lifecycle Management+ 1-2 Sockets/1-2 VM 3yr 24x7 E-LTU	0	0		0		No	05/06/2024	03/02/2026	BASELINE	N/A	$0.00	0.00%	2026-09-09: (no price)
Software & Licenses	Server Management & Operating System Licenses	HPE OCA > DL145 Gen11 [P71964-B21] > Software & Licenses > Server Management & Operating System Licenses	Operating System / License	Unlimited	0	Unlimited	Selection constraint for Server Management & Operating System Licenses: no max	S3R50A	Service	SUSE Linux Enterprise Server w/SUSE Manager Lifecycle Management+ 1-2 Sockets/1-2 VM 1yr 24x7 LTU	0	0		0		No	05/06/2024	03/02/2026	BASELINE	N/A	$0.00	0.00%	2026-09-09: (no price)
Software & Licenses	Server Management & Operating System Licenses	HPE OCA > DL145 Gen11 [P71964-B21] > Software & Licenses > Server Management & Operating System Licenses	Operating System / License	Unlimited	0	Unlimited	Selection constraint for Server Management & Operating System Licenses: no max	S3R50AAE	Service	SUSE Linux Enterprise Server w/SUSE Manager Lifecycle Management+ 1-2 Sockets/1-2 VM 1yr 24x7 E-LTU	0	0		0		No	05/06/2024	03/02/2026	BASELINE	N/A	$0.00	0.00%	2026-09-09: (no price)
Software & Licenses	Server Management & Operating System Licenses	HPE OCA > DL145 Gen11 [P71964-B21] > Software & Licenses > Server Management & Operating System Licenses	Operating System / License	Unlimited	0	Unlimited	Selection constraint for Server Management & Operating System Licenses: no max	S3R51A	Service	SUSE Linux Enterprise Server w/SUSE Manager Lifecycle Management+ 1-2 Sockets/1-2 VM 1yr 9x5 LTU	0	0		0		No	05/06/2024	03/02/2026	BASELINE	N/A	$0.00	0.00%	2026-09-09: (no price)
Software & Licenses	Server Management & Operating System Licenses	HPE OCA > DL145 Gen11 [P71964-B21] > Software & Licenses > Server Management & Operating System Licenses	Operating System / License	Unlimited	0	Unlimited	Selection constraint for Server Management & Operating System Licenses: no max	S3R51AAE	Service	SUSE Linux Enterprise Server w/SUSE Manager Lifecycle Management+ 1-2 Sockets/1-2 VM 1yr 9x5 E-LTU	0	0		0		No	05/06/2024	03/02/2026	BASELINE	N/A	$0.00	0.00%	2026-09-09: (no price)
Software & Licenses	Server Management & Operating System Licenses	HPE OCA > DL145 Gen11 [P71964-B21] > Software & Licenses > Server Management & Operating System Licenses	Operating System / License	Unlimited	0	Unlimited	Selection constraint for Server Management & Operating System Licenses: no max	S3R52A	Service	SUSE Linux Enterprise Server w/SUSE Manager Lifecycle Management+ 1-2 Sockets/1-2 VM 5yr 24x7 LTU	0	0		0		No	05/06/2024	03/02/2026	BASELINE	N/A	$0.00	0.00%	2026-09-09: (no price)
Software & Licenses	Server Management & Operating System Licenses	HPE OCA > DL145 Gen11 [P71964-B21] > Software & Licenses > Server Management & Operating System Licenses	Operating System / License	Unlimited	0	Unlimited	Selection constraint for Server Management & Operating System Licenses: no max	S3R52AAE	Service	SUSE Linux Enterprise Server w/SUSE Manager Lifecycle Management+ 1-2 Sockets/1-2 VM 5yr 24x7 E-LTU	0	0		0		No	05/06/2024	03/02/2026	BASELINE	N/A	$0.00	0.00%	2026-09-09: (no price)
Software & Licenses	Server Management & Operating System Licenses	HPE OCA > DL145 Gen11 [P71964-B21] > Software & Licenses > Server Management & Operating System Licenses	Operating System / License	Unlimited	0	Unlimited	Selection constraint for Server Management & Operating System Licenses: no max	S3R53A	Service	SUSE Linux Enterprise Server w/SUSE Manager Lifecycle Management+ 1-2 Sockets/1-2 VM 3yr 9x5 LTU	0	0		0		No	05/06/2024	03/02/2026	BASELINE	N/A	$0.00	0.00%	2026-09-09: (no price)
Software & Licenses	Server Management & Operating System Licenses	HPE OCA > DL145 Gen11 [P71964-B21] > Software & Licenses > Server Management & Operating System Licenses	Operating System / License	Unlimited	0	Unlimited	Selection constraint for Server Management & Operating System Licenses: no max	S3R53AAE	Service	SUSE Linux Enterprise Server w/SUSE Manager Lifecycle Management+ 1-2 Sockets/1-2 VM 3yr 9x5 E-LTU	0	0		0		No	05/06/2024	03/02/2026	BASELINE	N/A	$0.00	0.00%	2026-09-09: (no price)
Software & Licenses	Server Management & Operating System Licenses	HPE OCA > DL145 Gen11 [P71964-B21] > Software & Licenses > Server Management & Operating System Licenses	Operating System / License	Unlimited	0	Unlimited	Selection constraint for Server Management & Operating System Licenses: no max	S3R54A	Service	SUSE Linux Enterprise Server w/SUSE Manager Lifecycle Management+ 1-2 Sockets/1-2 VM 5yr 9x5 LTU	0	0		0		No	05/06/2024	03/02/2026	BASELINE	N/A	$0.00	0.00%	2026-09-09: (no price)
Software & Licenses	Server Management & Operating System Licenses	HPE OCA > DL145 Gen11 [P71964-B21] > Software & Licenses > Server Management & Operating System Licenses	Operating System / License	Unlimited	0	Unlimited	Selection constraint for Server Management & Operating System Licenses: no max	S3R54AAE	Service	SUSE Linux Enterprise Server w/SUSE Manager Lifecycle Management+ 1-2 Sockets/1-2 VM 5yr 9x5 E-LTU	0	0		0		No	05/06/2024	03/02/2026	BASELINE	N/A	$0.00	0.00%	2026-09-09: (no price)
Software & Licenses	Server Management & Operating System Licenses	HPE OCA > DL145 Gen11 [P71964-B21] > Software & Licenses > Server Management & Operating System Licenses	Operating System / License	Unlimited	0	Unlimited	Selection constraint for Server Management & Operating System Licenses: no max	S3R55AAE	Service	SUSE Linux Enterprise Server 1-2 Sockets 3-year 24x7 E-LTU	0	0		0		No	05/06/2024	03/02/2026	BASELINE	N/A	$0.00	0.00%	2026-09-09: (no price)
Software & Licenses	Server Management & Operating System Licenses	HPE OCA > DL145 Gen11 [P71964-B21] > Software & Licenses > Server Management & Operating System Licenses	Operating System / License	Unlimited	0	Unlimited	Selection constraint for Server Management & Operating System Licenses: no max	S3R56AAE	Service	SUSE Linux Enterprise Server 1-2 Sockets 1-year 24x7 E-LTU	0	0		0		No	05/06/2024	03/02/2026	BASELINE	N/A	$0.00	0.00%	2026-09-09: (no price)
Software & Licenses	Server Management & Operating System Licenses	HPE OCA > DL145 Gen11 [P71964-B21] > Software & Licenses > Server Management & Operating System Licenses	Operating System / License	Unlimited	0	Unlimited	Selection constraint for Server Management & Operating System Licenses: no max	S3R57AAE	Service	SUSE Linux Enterprise Server 1 Virtual Machine 3-year 24x7 E-LTU	0	0		0		No	05/06/2024	03/02/2026	BASELINE	N/A	$0.00	0.00%	2026-09-09: (no price)
Software & Licenses	Server Management & Operating System Licenses	HPE OCA > DL145 Gen11 [P71964-B21] > Software & Licenses > Server Management & Operating System Licenses	Operating System / License	Unlimited	0	Unlimited	Selection constraint for Server Management & Operating System Licenses: no max	S3R58AAE	Service	SUSE Linux Enterprise Server 1 Virtual Machine 1-year 24x7 E-LTU	0	0		0		No	05/06/2024	03/02/2026	BASELINE	N/A	$0.00	0.00%	2026-09-09: (no price)
Software & Licenses	Server Management & Operating System Licenses	HPE OCA > DL145 Gen11 [P71964-B21] > Software & Licenses > Server Management & Operating System Licenses	Operating System / License	Unlimited	0	Unlimited	Selection constraint for Server Management & Operating System Licenses: no max	S3R59AAE	Service	SUSE Linux Enterprise Server 1 Virtual Machine 5-year 24x7 E-LTU	0	0		0		No	05/06/2024	03/02/2026	BASELINE	N/A	$0.00	0.00%	2026-09-09: (no price)
Software & Licenses	Server Management & Operating System Licenses	HPE OCA > DL145 Gen11 [P71964-B21] > Software & Licenses > Server Management & Operating System Licenses	Operating System / License	Unlimited	0	Unlimited	Selection constraint for Server Management & Operating System Licenses: no max	S3R60AAE	Service	SUSE Linux Enterprise Server 1-2 Sockets 5-year 24x7 E-LTU	0	0		0		No	05/06/2024	03/02/2026	BASELINE	N/A	$0.00	0.00%	2026-09-09: (no price)
Software & Licenses	Server Management & Operating System Licenses	HPE OCA > DL145 Gen11 [P71964-B21] > Software & Licenses > Server Management & Operating System Licenses	Operating System / License	Unlimited	0	Unlimited	Selection constraint for Server Management & Operating System Licenses: no max	S7N75AAE	Service	SUSE Linux Enterprise Server for SAP Applications 1-2 Sockets or 1-2 VM 3-year Sub 24x7 Sup E-LTU	0	0		0		No	03/02/2026	04/30/2028	BASELINE	N/A	$0.00	0.00%	2026-09-09: (no price)
Software & Licenses	Server Management & Operating System Licenses	HPE OCA > DL145 Gen11 [P71964-B21] > Software & Licenses > Server Management & Operating System Licenses	Operating System / License	Unlimited	0	Unlimited	Selection constraint for Server Management & Operating System Licenses: no max	S7N76AAE	Service	SUSE Linux Enterprise Server for SAP Applications 1-2 Sockets or 1-2 VM 5-year Sub 24x7 Sup E-LTU	0	0		0		No	03/02/2026	04/30/2028	BASELINE	N/A	$0.00	0.00%	2026-09-09: (no price)
Software & Licenses	Server Management & Operating System Licenses	HPE OCA > DL145 Gen11 [P71964-B21] > Software & Licenses > Server Management & Operating System Licenses	Operating System / License	Unlimited	0	Unlimited	Selection constraint for Server Management & Operating System Licenses: no max	S7N79AAE	Service	SUSE Linux Enterprise Server w/SUSE Multi-Linux Mgr Lifecycle Mgmt+ 1-2 Skts/1-2 VM 1yr 24x7 E-LTU	0	0		0		No	03/02/2026	04/30/2028	BASELINE	N/A	$0.00	0.00%	2026-09-09: (no price)
Software & Licenses	Server Management & Operating System Licenses	HPE OCA > DL145 Gen11 [P71964-B21] > Software & Licenses > Server Management & Operating System Licenses	Operating System / License	Unlimited	0	Unlimited	Selection constraint for Server Management & Operating System Licenses: no max	S7N80AAE	Service	SUSE Linux Enterprise Server w/SUSE Multi-Linux Mgr Lifecycle Mgmt+ 1-2 Skts/1-2 VM 1yr 9x5 E-LTU	0	0		0		No	03/02/2026	04/30/2028	BASELINE	N/A	$0.00	0.00%	2026-09-09: (no price)
Software & Licenses	Server Management & Operating System Licenses	HPE OCA > DL145 Gen11 [P71964-B21] > Software & Licenses > Server Management & Operating System Licenses	Operating System / License	Unlimited	0	Unlimited	Selection constraint for Server Management & Operating System Licenses: no max	S7N81AAE	Service	SUSE Linux Enterprise Server w/SUSE Multi-Linux Mgr Lifecycle Mgmt+ 1-2 Skts/1-2 VM 3yr 24x7 E-LTU	0	0		0		No	03/02/2026	04/30/2028	BASELINE	N/A	$0.00	0.00%	2026-09-09: (no price)
Software & Licenses	Server Management & Operating System Licenses	HPE OCA > DL145 Gen11 [P71964-B21] > Software & Licenses > Server Management & Operating System Licenses	Operating System / License	Unlimited	0	Unlimited	Selection constraint for Server Management & Operating System Licenses: no max	S7N82AAE	Service	SUSE Linux Enterprise Server w/SUSE Multi-Linux Mgr Lifecycle Mgmt+ 1-2 Skts/1-2 VM 3yr 9x5 E-LTU	0	0		0		No	03/02/2026	04/30/2028	BASELINE	N/A	$0.00	0.00%	2026-09-09: (no price)
Software & Licenses	Server Management & Operating System Licenses	HPE OCA > DL145 Gen11 [P71964-B21] > Software & Licenses > Server Management & Operating System Licenses	Operating System / License	Unlimited	0	Unlimited	Selection constraint for Server Management & Operating System Licenses: no max	S7N83AAE	Service	SUSE Linux Enterprise Server w/SUSE Multi-Linux Mgr Lifecycle Mgmt+ 1-2 Skts/1-2 VM 5yr 24x7 E-LTU	0	0		0		No	03/02/2026	04/30/2028	BASELINE	N/A	$0.00	0.00%	2026-09-09: (no price)
Software & Licenses	Server Management & Operating System Licenses	HPE OCA > DL145 Gen11 [P71964-B21] > Software & Licenses > Server Management & Operating System Licenses	Operating System / License	Unlimited	0	Unlimited	Selection constraint for Server Management & Operating System Licenses: no max	S7N84AAE	Service	SUSE Linux Enterprise Server w/SUSE Multi-Linux Mgr Lifecycle Mgmt+ 1-2 Skts/1-2 VM 5yr 9x5 E-LTU	0	0		0		No	03/02/2026	04/30/2028	BASELINE	N/A	$0.00	0.00%	2026-09-09: (no price)
Software & Licenses	Server Management & Operating System Licenses	HPE OCA > DL145 Gen11 [P71964-B21] > Software & Licenses > Server Management & Operating System Licenses	Service & Support	Unlimited	0	Unlimited	Selection constraint for Server Management & Operating System Licenses: no max	S7N85A	Service	SUSE Linux Enterprise Server for SAP Applications 1-2 Sockets or 1-2 VM 3-year Sub 24x7 Support LTU	0	0		0		No	03/02/2026	04/30/2028	BASELINE	N/A	$0.00	0.00%	2026-09-09: (no price)
Software & Licenses	Server Management & Operating System Licenses	HPE OCA > DL145 Gen11 [P71964-B21] > Software & Licenses > Server Management & Operating System Licenses	Service & Support	Unlimited	0	Unlimited	Selection constraint for Server Management & Operating System Licenses: no max	S7N86A	Service	SUSE Linux Enterprise Server for SAP Applications 1-2 Sockets or 1-2 VM 5-year Sub 24x7 Support LTU	0	0		0		No	03/02/2026	04/30/2028	BASELINE	N/A	$0.00	0.00%	2026-09-09: (no price)
Software & Licenses	Server Management & Operating System Licenses	HPE OCA > DL145 Gen11 [P71964-B21] > Software & Licenses > Server Management & Operating System Licenses	Operating System / License	Unlimited	0	Unlimited	Selection constraint for Server Management & Operating System Licenses: no max	S7N89A	Service	SUSE Linux Enterprise Server w/SUSE Multi-Linux Mgr Lifecycle Mgmt+ 1-2 Skts/1-2 VM 1yr 24x7 LTU	0	0		0		No	03/02/2026	04/30/2028	BASELINE	N/A	$0.00	0.00%	2026-09-09: (no price)
Software & Licenses	Server Management & Operating System Licenses	HPE OCA > DL145 Gen11 [P71964-B21] > Software & Licenses > Server Management & Operating System Licenses	Operating System / License	Unlimited	0	Unlimited	Selection constraint for Server Management & Operating System Licenses: no max	S7N90A	Service	SUSE Linux Enterprise Server w/SUSE Multi-Linux Mgr Lifecycle Mgmt+ 1-2 Skts/1-2 VM 1yr 9x5 LTU	0	0		0		No	03/02/2026	04/30/2028	BASELINE	N/A	$0.00	0.00%	2026-09-09: (no price)
Software & Licenses	Server Management & Operating System Licenses	HPE OCA > DL145 Gen11 [P71964-B21] > Software & Licenses > Server Management & Operating System Licenses	Operating System / License	Unlimited	0	Unlimited	Selection constraint for Server Management & Operating System Licenses: no max	S7N91A	Service	SUSE Linux Enterprise Server w/SUSE Multi-Linux Mgr Lifecycle Mgmt+ 1-2 Skts/1-2 VM 3yr 24x7 LTU	0	0		0		No	03/02/2026	04/30/2028	BASELINE	N/A	$0.00	0.00%	2026-09-09: (no price)
Software & Licenses	Server Management & Operating System Licenses	HPE OCA > DL145 Gen11 [P71964-B21] > Software & Licenses > Server Management & Operating System Licenses	Operating System / License	Unlimited	0	Unlimited	Selection constraint for Server Management & Operating System Licenses: no max	S7N92A	Service	SUSE Linux Enterprise Server w/SUSE Multi-Linux Mgr Lifecycle Mgmt+ 1-2 Skts/1-2 VM 3yr 9x5 LTU	0	0		0		No	03/02/2026	04/30/2028	BASELINE	N/A	$0.00	0.00%	2026-09-09: (no price)
Software & Licenses	Server Management & Operating System Licenses	HPE OCA > DL145 Gen11 [P71964-B21] > Software & Licenses > Server Management & Operating System Licenses	Operating System / License	Unlimited	0	Unlimited	Selection constraint for Server Management & Operating System Licenses: no max	S7N93A	Service	SUSE Linux Enterprise Server w/SUSE Multi-Linux Mgr Lifecycle Mgmt+ 1-2 Skts/1-2 VM 5yr 24x7 LTU	0	0		0		No	03/02/2026	04/30/2028	BASELINE	N/A	$0.00	0.00%	2026-09-09: (no price)
Software & Licenses	Server Management & Operating System Licenses	HPE OCA > DL145 Gen11 [P71964-B21] > Software & Licenses > Server Management & Operating System Licenses	Operating System / License	Unlimited	0	Unlimited	Selection constraint for Server Management & Operating System Licenses: no max	S7N94A	Service	SUSE Linux Enterprise Server w/SUSE Multi-Linux Mgr Lifecycle Mgmt+ 1-2 Skts/1-2 VM 5yr 9x5 LTU	0	0		0		No	03/02/2026	04/30/2028	BASELINE	N/A	$0.00	0.00%	2026-09-09: (no price)
Software & Licenses	Server Management & Operating System Licenses	HPE OCA > DL145 Gen11 [P71964-B21] > Software & Licenses > Server Management & Operating System Licenses	Service & Support	Unlimited	0	Unlimited	Selection constraint for Server Management & Operating System Licenses: no max	S7N95AAE	Service	SUSE Linux Enterprise Server 1-2 Sockets 1-year Subscription 24x7 Support E-LTU	0	0		0		No	03/02/2026	04/30/2028	BASELINE	N/A	$0.00	0.00%	2026-09-09: (no price)
Software & Licenses	Server Management & Operating System Licenses	HPE OCA > DL145 Gen11 [P71964-B21] > Software & Licenses > Server Management & Operating System Licenses	Service & Support	Unlimited	0	Unlimited	Selection constraint for Server Management & Operating System Licenses: no max	S7N96AAE	Service	SUSE Linux Enterprise Server 1-2 Sockets 3-year Subscription 24x7 Support E-LTU	0	0		0		No	03/02/2026	04/30/2028	BASELINE	N/A	$0.00	0.00%	2026-09-09: (no price)
Software & Licenses	Server Management & Operating System Licenses	HPE OCA > DL145 Gen11 [P71964-B21] > Software & Licenses > Server Management & Operating System Licenses	Service & Support	Unlimited	0	Unlimited	Selection constraint for Server Management & Operating System Licenses: no max	S7N97AAE	Service	SUSE Linux Enterprise Server 1-2 Sockets 5-year Subscription 24x7 Support E-LTU	0	0		0		No	03/02/2026	04/30/2028	BASELINE	N/A	$0.00	0.00%	2026-09-09: (no price)
Software & Licenses	Server Management & Operating System Licenses	HPE OCA > DL145 Gen11 [P71964-B21] > Software & Licenses > Server Management & Operating System Licenses	Service & Support	Unlimited	0	Unlimited	Selection constraint for Server Management & Operating System Licenses: no max	S7N98AAE	Service	SUSE Linux Enterprise Server 1 VM 1-year Subscription 24x7 Support E-LTU	0	0		0		No	03/02/2026	04/30/2028	BASELINE	N/A	$0.00	0.00%	2026-09-09: (no price)
Software & Licenses	Server Management & Operating System Licenses	HPE OCA > DL145 Gen11 [P71964-B21] > Software & Licenses > Server Management & Operating System Licenses	Service & Support	Unlimited	0	Unlimited	Selection constraint for Server Management & Operating System Licenses: no max	S7N99AAE	Service	SUSE Linux Enterprise Server 1 VM 3-year Subscription 24x7 Support E-LTU	0	0		0		No	03/02/2026	04/30/2028	BASELINE	N/A	$0.00	0.00%	2026-09-09: (no price)
Software & Licenses	Server Management & Operating System Licenses	HPE OCA > DL145 Gen11 [P71964-B21] > Software & Licenses > Server Management & Operating System Licenses	Service & Support	Unlimited	0	Unlimited	Selection constraint for Server Management & Operating System Licenses: no max	S7P00AAE	Service	SUSE Linux Enterprise Server 1 VM 5-year Subscription 24x7 Support E-LTU	0	0		0		No	03/02/2026	04/30/2028	BASELINE	N/A	$0.00	0.00%	2026-09-09: (no price)
Software & Licenses	Server Management & Operating System Licenses	HPE OCA > DL145 Gen11 [P71964-B21] > Software & Licenses > Server Management & Operating System Licenses	Operating System / License	Unlimited	0	Unlimited	Selection constraint for Server Management & Operating System Licenses: no max	S7P12A	Service	SUSE Linux Enterprise Server for SAP Applications 1-2 Sockets or 1-2 VM 3-year Sub 24x7 Sup Flex LTU	0	0		0		No	03/02/2026	04/30/2028	BASELINE	N/A	$0.00	0.00%	2026-09-09: (no price)
Software & Licenses	Server Management & Operating System Licenses	HPE OCA > DL145 Gen11 [P71964-B21] > Software & Licenses > Server Management & Operating System Licenses	Operating System / License	Unlimited	0	Unlimited	Selection constraint for Server Management & Operating System Licenses: no max	S7P13A	Service	SUSE Linux Enterprise Server for SAP Applications 1-2 Sockets or 1-2 VM 5-year Sub 24x7 Sup Flex LTU	0	0		0		No	03/02/2026	04/30/2028	BASELINE	N/A	$0.00	0.00%	2026-09-09: (no price)
Software & Licenses	Server Management & Operating System Licenses	HPE OCA > DL145 Gen11 [P71964-B21] > Software & Licenses > Server Management & Operating System Licenses	Service & Support	Unlimited	0	Unlimited	Selection constraint for Server Management & Operating System Licenses: no max	M6K30A	Standard	SUSE Linux Enterprise Server SAP 1-2 Sockets or 1-2 VM 3 Year Subscription 24x7 Support Flx LTU	0	0		0		No	06/01/2015	03/02/2026	BASELINE	N/A	$0.00	0.00%	2026-09-09: (no price)
Software & Licenses	Server Management & Operating System Licenses	HPE OCA > DL145 Gen11 [P71964-B21] > Software & Licenses > Server Management & Operating System Licenses	Service & Support	Unlimited	0	Unlimited	Selection constraint for Server Management & Operating System Licenses: no max	M6K30AAE	Service	SUSE Linux Enterprise Server SAP 1-2 Sockets or 1-2 VM 3 Year Subscription 24x7 Support E-LTU	0	0		0		No	06/01/2015	03/02/2026	BASELINE	N/A	$0.00	0.00%	2026-09-09: (no price)
Software & Licenses	Server Management & Operating System Licenses	HPE OCA > DL145 Gen11 [P71964-B21] > Software & Licenses > Server Management & Operating System Licenses	Service & Support	Unlimited	0	Unlimited	Selection constraint for Server Management & Operating System Licenses: no max	M6K32A	Standard	SUSE Linux Enterprise Server SAP 1-2 Sockets or 1-2 VM 5 Year Subscription 24x7 Support Flx LTU	0	0		0		No	06/01/2015	03/02/2026	BASELINE	N/A	$0.00	0.00%	2026-09-09: (no price)
Software & Licenses	Server Management & Operating System Licenses	HPE OCA > DL145 Gen11 [P71964-B21] > Software & Licenses > Server Management & Operating System Licenses	Service & Support	Unlimited	0	Unlimited	Selection constraint for Server Management & Operating System Licenses: no max	M6K32AAE	Service	SUSE Linux Enterprise Server SAP 1-2 Sockets or 1-2 VM 5 Year Subscription 24x7 Support E-LTU	0	0		0		No	06/01/2015	03/02/2026	BASELINE	N/A	$0.00	0.00%	2026-09-09: (no price)
Software & Licenses	Server Management & Operating System Licenses	HPE OCA > DL145 Gen11 [P71964-B21] > Software & Licenses > Server Management & Operating System Licenses	Service & Support	Unlimited	0	Unlimited	Selection constraint for Server Management & Operating System Licenses: no max	E5Y44A	Standard	HPE OneView for ProLiant DL Server including 3yr 24x7 Support Bundle Track 1-server LTU	0	0		0		No	11/01/2013	07/31/2030	BASELINE	N/A	$0.00	0.00%	2026-09-09: (no price)
Software & Licenses	Server Management & Operating System Licenses	HPE OCA > DL145 Gen11 [P71964-B21] > Software & Licenses > Server Management & Operating System Licenses	Service & Support	Unlimited	0	Unlimited	Selection constraint for Server Management & Operating System Licenses: no max	E5Y43A	Standard	HPE OneView for ProLiant DL Server including 3yr 24x7 Support FIO Bundle Physical 1-server LTU	0	0		0		No	11/01/2013	07/31/2030	BASELINE	N/A	$0.00	0.00%	2026-09-09: (no price)
Software & Licenses	Server Management & Operating System Licenses	HPE OCA > DL145 Gen11 [P71964-B21] > Software & Licenses > Server Management & Operating System Licenses	Service & Support	Unlimited	0	Unlimited	Selection constraint for Server Management & Operating System Licenses: no max	E5Y35AAE	Service	HPE OneView including 3yr 24x7 Support Flexible Quantity E-LTU	0	0		0		No	12/09/2013	07/31/2030	BASELINE	N/A	$0.00	0.00%	2026-09-09: (no price)
Software & Licenses	Server Management & Operating System Licenses	HPE OCA > DL145 Gen11 [P71964-B21] > Software & Licenses > Server Management & Operating System Licenses	Service & Support	Unlimited	0	Unlimited	Selection constraint for Server Management & Operating System Licenses: no max	E5Y36A	Standard	HPE OneView including 3yr 24x7 Support Track 1-server LTU	0	0		0		No	11/01/2013	07/31/2030	BASELINE	N/A	$0.00	0.00%	2026-09-09: (no price)
Software & Licenses	Server Management & Operating System Licenses	HPE OCA > DL145 Gen11 [P71964-B21] > Software & Licenses > Server Management & Operating System Licenses	Service & Support	Unlimited	0	Unlimited	Selection constraint for Server Management & Operating System Licenses: no max	P8B31A	Standard	HPE OneView w/o iLO including 3yr 24x7 Support 1-server FIO LTU	0	0		0		No	10/09/2015	07/31/2030	BASELINE	N/A	$0.00	0.00%	2026-09-09: (no price)
Software & Licenses	Server Management & Operating System Licenses	HPE OCA > DL145 Gen11 [P71964-B21] > Software & Licenses > Server Management & Operating System Licenses	Service & Support	Unlimited	0	Unlimited	Selection constraint for Server Management & Operating System Licenses: no max	P8B24A	Standard	HPE OneView w/o iLO including 3yr 24x7 Support 1-server LTU	0	0		0		No	10/09/2015	03/31/2025	BASELINE	N/A	$0.00	0.00%	2026-09-09: (no price)
Software & Licenses	Server Management & Operating System Licenses	HPE OCA > DL145 Gen11 [P71964-B21] > Software & Licenses > Server Management & Operating System Licenses	Service & Support	Unlimited	0	Unlimited	Selection constraint for Server Management & Operating System Licenses: no max	P8B26AAE	Service	HPE OneView w/o iLO including 3yr 24x7 Support Flexible Quantity E-LTU	0	0		0		No	10/09/2015	07/31/2030	BASELINE	N/A	$0.00	0.00%	2026-09-09: (no price)
Software & Licenses	Server Management & Operating System Licenses	HPE OCA > DL145 Gen11 [P71964-B21] > Software & Licenses > Server Management & Operating System Licenses	Service & Support	Unlimited	0	Unlimited	Selection constraint for Server Management & Operating System Licenses: no max	P8B25A	Standard	HPE OneView w/o iLO including 3yr 24x7 Support Track 1-server LTU	0	0		0		No	10/09/2015	07/31/2030	BASELINE	N/A	$0.00	0.00%	2026-09-09: (no price)
Software & Licenses	Server Management & Operating System Licenses	HPE OCA > DL145 Gen11 [P71964-B21] > Software & Licenses > Server Management & Operating System Licenses	GPU / Accelerator	Unlimited	0	Unlimited	Selection constraint for Server Management & Operating System Licenses: no max	R3Q35AAE	Service	NVIDIA RTX Virtual Workstation 1 Concurrent User 1-year Subscription E-LTU	0	0		0		No	06/01/2020	10/31/2027	BASELINE	N/A	$0.00	0.00%	2026-09-09: (no price)
Software & Licenses	Server Management & Operating System Licenses	HPE OCA > DL145 Gen11 [P71964-B21] > Software & Licenses > Server Management & Operating System Licenses	GPU / Accelerator	Unlimited	0	Unlimited	Selection constraint for Server Management & Operating System Licenses: no max	R3Q37AAE	Service	NVIDIA RTX Virtual Workstation 1 Concurrent User 3-year Subscription E-LTU	0	0		0		No	06/01/2020	10/31/2027	BASELINE	N/A	$0.00	0.00%	2026-09-09: (no price)
Software & Licenses	Server Management & Operating System Licenses	HPE OCA > DL145 Gen11 [P71964-B21] > Software & Licenses > Server Management & Operating System Licenses	GPU / Accelerator	Unlimited	0	Unlimited	Selection constraint for Server Management & Operating System Licenses: no max	R3Q38AAE	Service	NVIDIA RTX Virtual Workstation 1 Concurrent User 4-year Subscription E-LTU	0	0		0		No	06/01/2020	10/31/2027	BASELINE	N/A	$0.00	0.00%	2026-09-09: (no price)
Software & Licenses	Server Management & Operating System Licenses	HPE OCA > DL145 Gen11 [P71964-B21] > Software & Licenses > Server Management & Operating System Licenses	GPU / Accelerator	Unlimited	0	Unlimited	Selection constraint for Server Management & Operating System Licenses: no max	R3Q39AAE	Service	NVIDIA RTX Virtual Workstation 1 Concurrent User 5-year Subscription E-LTU	0	0		0		No	06/01/2020	10/31/2027	BASELINE	N/A	$0.00	0.00%	2026-09-09: (no price)
Software & Licenses	Server Management & Operating System Licenses	HPE OCA > DL145 Gen11 [P71964-B21] > Software & Licenses > Server Management & Operating System Licenses	GPU / Accelerator	Unlimited	0	Unlimited	Selection constraint for Server Management & Operating System Licenses: no max	R3Q40AAE	Service	NVIDIA RTX Virtual Workstation 1 Concurrent User Education 1-year Subscription Renewal E-LTU	0	0		0		No	06/01/2020	10/31/2027	BASELINE	N/A	$0.00	0.00%	2026-09-09: (no price)
Software & Licenses	Server Management & Operating System Licenses	HPE OCA > DL145 Gen11 [P71964-B21] > Software & Licenses > Server Management & Operating System Licenses	GPU / Accelerator	Unlimited	0	Unlimited	Selection constraint for Server Management & Operating System Licenses: no max	R3Q42AAE	Service	NVIDIA RTX Virtual Workstation 1 Concurrent User Education 3-year Subscription Renewal E-LTU	0	0		0		No	06/01/2020	10/31/2027	BASELINE	N/A	$0.00	0.00%	2026-09-09: (no price)
Software & Licenses	Server Management & Operating System Licenses	HPE OCA > DL145 Gen11 [P71964-B21] > Software & Licenses > Server Management & Operating System Licenses	GPU / Accelerator	Unlimited	0	Unlimited	Selection constraint for Server Management & Operating System Licenses: no max	R3Q44AAE	Service	NVIDIA Virtual Applications 1 Concurrent User 1-year Subscription E-LTU	0	0		0		No	06/01/2020	10/31/2027	BASELINE	N/A	$0.00	0.00%	2026-09-09: (no price)
Software & Licenses	Server Management & Operating System Licenses	HPE OCA > DL145 Gen11 [P71964-B21] > Software & Licenses > Server Management & Operating System Licenses	GPU / Accelerator	Unlimited	0	Unlimited	Selection constraint for Server Management & Operating System Licenses: no max	R3Q46AAE	Service	NVIDIA Virtual Applications 1 Concurrent User 3-year Subscription E-LTU	0	0		0		No	06/01/2020	10/31/2027	BASELINE	N/A	$0.00	0.00%	2026-09-09: (no price)
Software & Licenses	Server Management & Operating System Licenses	HPE OCA > DL145 Gen11 [P71964-B21] > Software & Licenses > Server Management & Operating System Licenses	GPU / Accelerator	Unlimited	0	Unlimited	Selection constraint for Server Management & Operating System Licenses: no max	R3Q47AAE	Service	NVIDIA Virtual Applications 1 Concurrent User 4-year Subscription E-LTU	0	0		0		No	06/01/2020	10/31/2027	BASELINE	N/A	$0.00	0.00%	2026-09-09: (no price)
Software & Licenses	Server Management & Operating System Licenses	HPE OCA > DL145 Gen11 [P71964-B21] > Software & Licenses > Server Management & Operating System Licenses	GPU / Accelerator	Unlimited	0	Unlimited	Selection constraint for Server Management & Operating System Licenses: no max	R3Q48AAE	Service	NVIDIA Virtual Applications 1 Concurrent User 5-year Subscription E-LTU	0	0		0		No	06/01/2020	10/31/2027	BASELINE	N/A	$0.00	0.00%	2026-09-09: (no price)
Software & Licenses	Server Management & Operating System Licenses	HPE OCA > DL145 Gen11 [P71964-B21] > Software & Licenses > Server Management & Operating System Licenses	GPU / Accelerator	Unlimited	0	Unlimited	Selection constraint for Server Management & Operating System Licenses: no max	R3Q49AAE	Service	NVIDIA Virtual PC 1 Concurrent User 1-year Subscription E-LTU	0	0		0		No	06/01/2020	10/31/2027	BASELINE	N/A	$0.00	0.00%	2026-09-09: (no price)
Software & Licenses	Server Management & Operating System Licenses	HPE OCA > DL145 Gen11 [P71964-B21] > Software & Licenses > Server Management & Operating System Licenses	GPU / Accelerator	Unlimited	0	Unlimited	Selection constraint for Server Management & Operating System Licenses: no max	R3Q51AAE	Service	NVIDIA Virtual PC 1 Concurrent User 3-year Subscription E-LTU	0	0		0		No	06/01/2020	10/31/2027	BASELINE	N/A	$0.00	0.00%	2026-09-09: (no price)
Software & Licenses	Server Management & Operating System Licenses	HPE OCA > DL145 Gen11 [P71964-B21] > Software & Licenses > Server Management & Operating System Licenses	GPU / Accelerator	Unlimited	0	Unlimited	Selection constraint for Server Management & Operating System Licenses: no max	R3Q52AAE	Service	NVIDIA Virtual PC 1 Concurrent User 4-year Subscription E-LTU	0	0		0		No	06/01/2020	10/31/2027	BASELINE	N/A	$0.00	0.00%	2026-09-09: (no price)
Software & Licenses	Server Management & Operating System Licenses	HPE OCA > DL145 Gen11 [P71964-B21] > Software & Licenses > Server Management & Operating System Licenses	GPU / Accelerator	Unlimited	0	Unlimited	Selection constraint for Server Management & Operating System Licenses: no max	R3Q53AAE	Service	NVIDIA Virtual PC 1 Concurrent User 5-year Subscription E-LTU	0	0		0		No	06/01/2020	10/31/2027	BASELINE	N/A	$0.00	0.00%	2026-09-09: (no price)
Software & Licenses	Server Management & Operating System Licenses	HPE OCA > DL145 Gen11 [P71964-B21] > Software & Licenses > Server Management & Operating System Licenses	GPU / Accelerator	Unlimited	0	Unlimited	Selection constraint for Server Management & Operating System Licenses: no max	R3Q63AAE	Service	NVIDIA RTX Virtual Workstation SUMS 1 Concurrent User 1-year Subscription Renewal E-LTU	0	0		0		No	06/01/2020	10/31/2027	BASELINE	N/A	$0.00	0.00%	2026-09-09: (no price)
Software & Licenses	Server Management & Operating System Licenses	HPE OCA > DL145 Gen11 [P71964-B21] > Software & Licenses > Server Management & Operating System Licenses	GPU / Accelerator	Unlimited	0	Unlimited	Selection constraint for Server Management & Operating System Licenses: no max	R3Q67AAE	Service	NVIDIA RTX Virtual Workstation SUMS 1 Concurrent User 5-year Subscription E-LTU	0	0		0		No	06/01/2020	10/31/2027	BASELINE	N/A	$0.00	0.00%	2026-09-09: (no price)
Software & Licenses	Server Management & Operating System Licenses	HPE OCA > DL145 Gen11 [P71964-B21] > Software & Licenses > Server Management & Operating System Licenses	GPU / Accelerator	Unlimited	0	Unlimited	Selection constraint for Server Management & Operating System Licenses: no max	R3Q68AAE	Service	NVIDIA RTX Virtual Workstation SUMS 1 Concurrent User Education 1-year Subscription Renewal E-LTU	0	0		0		No	06/01/2020	10/31/2027	BASELINE	N/A	$0.00	0.00%	2026-09-09: (no price)
Software & Licenses	Server Management & Operating System Licenses	HPE OCA > DL145 Gen11 [P71964-B21] > Software & Licenses > Server Management & Operating System Licenses	GPU / Accelerator	Unlimited	0	Unlimited	Selection constraint for Server Management & Operating System Licenses: no max	R3Q72AAE	Service	NVIDIA RTX Virtual Workstation SUMS 1 Concurrent User Education 5-year Subscription E-LTU	0	0		0		No	06/01/2020	10/31/2027	BASELINE	N/A	$0.00	0.00%	2026-09-09: (no price)
Software & Licenses	Server Management & Operating System Licenses	HPE OCA > DL145 Gen11 [P71964-B21] > Software & Licenses > Server Management & Operating System Licenses	GPU / Accelerator	Unlimited	0	Unlimited	Selection constraint for Server Management & Operating System Licenses: no max	R3Q73AAE	Service	NVIDIA Virtual Applications SUMS 1 Concurrent User 1-year Subscription Renewal E-LTU	0	0		0		No	06/01/2020	10/31/2027	BASELINE	N/A	$0.00	0.00%	2026-09-09: (no price)
Software & Licenses	Server Management & Operating System Licenses	HPE OCA > DL145 Gen11 [P71964-B21] > Software & Licenses > Server Management & Operating System Licenses	GPU / Accelerator	Unlimited	0	Unlimited	Selection constraint for Server Management & Operating System Licenses: no max	R3Q77AAE	Service	NVIDIA Virtual Applications SUMS 1 Concurrent User 5-year Subscription E-LTU	0	0		0		No	06/01/2020	10/31/2027	BASELINE	N/A	$0.00	0.00%	2026-09-09: (no price)
Software & Licenses	Server Management & Operating System Licenses	HPE OCA > DL145 Gen11 [P71964-B21] > Software & Licenses > Server Management & Operating System Licenses	GPU / Accelerator	Unlimited	0	Unlimited	Selection constraint for Server Management & Operating System Licenses: no max	R3Q79AAE	Service	NVIDIA Virtual PC 1 Concurrent User 1-year Subscription Renewal E-LTU	0	0		0		No	06/01/2020	10/31/2027	BASELINE	N/A	$0.00	0.00%	2026-09-09: (no price)
Software & Licenses	Server Management & Operating System Licenses	HPE OCA > DL145 Gen11 [P71964-B21] > Software & Licenses > Server Management & Operating System Licenses	GPU / Accelerator	Unlimited	0	Unlimited	Selection constraint for Server Management & Operating System Licenses: no max	R3Q81AAE	Service	NVIDIA Virtual PC 1 Concurrent User 3-year Subscription Renewal E-LTU	0	0		0		No	06/01/2020	10/31/2027	BASELINE	N/A	$0.00	0.00%	2026-09-09: (no price)
Software & Licenses	Server Management & Operating System Licenses	HPE OCA > DL145 Gen11 [P71964-B21] > Software & Licenses > Server Management & Operating System Licenses	GPU / Accelerator	Unlimited	0	Unlimited	Selection constraint for Server Management & Operating System Licenses: no max	R3Q93AAE	Service	NVIDIA RTX Virtual Workstation 1 Concurrent User Perpetual E-LTU	0	0		0		No	06/01/2020	10/31/2027	BASELINE	N/A	$0.00	0.00%	2026-09-09: (no price)
Software & Licenses	Server Management & Operating System Licenses	HPE OCA > DL145 Gen11 [P71964-B21] > Software & Licenses > Server Management & Operating System Licenses	GPU / Accelerator	Unlimited	0	Unlimited	Selection constraint for Server Management & Operating System Licenses: no max	R3Q94AAE	Service	NVIDIA RTX Virtual Workstation 1 Concurrent User Education Perpetual E-LTU	0	0		0		No	06/01/2020	10/31/2027	BASELINE	N/A	$0.00	0.00%	2026-09-09: (no price)
Software & Licenses	Server Management & Operating System Licenses	HPE OCA > DL145 Gen11 [P71964-B21] > Software & Licenses > Server Management & Operating System Licenses	GPU / Accelerator	Unlimited	0	Unlimited	Selection constraint for Server Management & Operating System Licenses: no max	R3Q95AAE	Service	NVIDIA RTX Virtual Workstation 1 Concurrent User 1-year Subscription Renewal E-LTU	0	0		0		No	06/01/2020	10/31/2027	BASELINE	N/A	$0.00	0.00%	2026-09-09: (no price)
Software & Licenses	Server Management & Operating System Licenses	HPE OCA > DL145 Gen11 [P71964-B21] > Software & Licenses > Server Management & Operating System Licenses	GPU / Accelerator	Unlimited	0	Unlimited	Selection constraint for Server Management & Operating System Licenses: no max	R3R01AAE	Service	NVIDIA Virtual Applications 1 Concurrent User Perpetual E-LTU	0	0		0		No	06/01/2020	10/31/2027	BASELINE	N/A	$0.00	0.00%	2026-09-09: (no price)
Software & Licenses	Server Management & Operating System Licenses	HPE OCA > DL145 Gen11 [P71964-B21] > Software & Licenses > Server Management & Operating System Licenses	GPU / Accelerator	Unlimited	0	Unlimited	Selection constraint for Server Management & Operating System Licenses: no max	R3R02AAE	Service	NVIDIA Virtual Applications 1 Concurrent User 1-year Subscription Renewal E-LTU	0	0		0		No	06/01/2020	10/31/2027	BASELINE	N/A	$0.00	0.00%	2026-09-09: (no price)
Software & Licenses	Server Management & Operating System Licenses	HPE OCA > DL145 Gen11 [P71964-B21] > Software & Licenses > Server Management & Operating System Licenses	GPU / Accelerator	Unlimited	0	Unlimited	Selection constraint for Server Management & Operating System Licenses: no max	R3R03AAE	Service	NVIDIA Virtual Applications 1 Concurrent User 3-year Subscription Renewal E-LTU	0	0		0		No	06/01/2020	10/31/2027	BASELINE	N/A	$0.00	0.00%	2026-09-09: (no price)
Software & Licenses	Server Management & Operating System Licenses	HPE OCA > DL145 Gen11 [P71964-B21] > Software & Licenses > Server Management & Operating System Licenses	GPU / Accelerator	Unlimited	0	Unlimited	Selection constraint for Server Management & Operating System Licenses: no max	R3R06AAE	Service	NVIDIA Virtual PC 1 Concurrent User Perpetual E-LTU	0	0		0		No	06/01/2020	10/31/2027	BASELINE	N/A	$0.00	0.00%	2026-09-09: (no price)
Software & Licenses	Server Management & Operating System Licenses	HPE OCA > DL145 Gen11 [P71964-B21] > Software & Licenses > Server Management & Operating System Licenses	GPU / Accelerator	Unlimited	0	Unlimited	Selection constraint for Server Management & Operating System Licenses: no max	R3R07AAE	Service	NVIDIA Virtual PC SUMS 1 Concurrent User 1-year Subscription Renewal E-LTU	0	0		0		No	06/01/2020	10/31/2027	BASELINE	N/A	$0.00	0.00%	2026-09-09: (no price)
Software & Licenses	Server Management & Operating System Licenses	HPE OCA > DL145 Gen11 [P71964-B21] > Software & Licenses > Server Management & Operating System Licenses	GPU / Accelerator	Unlimited	0	Unlimited	Selection constraint for Server Management & Operating System Licenses: no max	R3R12AAE	Service	NVIDIA RTX Virtual Workstation 1 Concurrent User 3-year Subscription Renewal E-LTU	0	0		0		No	06/01/2020	10/31/2027	BASELINE	N/A	$0.00	0.00%	2026-09-09: (no price)
Software & Licenses	Server Management & Operating System Licenses	HPE OCA > DL145 Gen11 [P71964-B21] > Software & Licenses > Server Management & Operating System Licenses	GPU / Accelerator	Unlimited	0	Unlimited	Selection constraint for Server Management & Operating System Licenses: no max	R3R21AAE	Service	NVIDIA Virtual PC SUMS 1 Concurrent User 5-year Subscription E-LTU	0	0		0		No	06/01/2020	10/31/2027	BASELINE	N/A	$0.00	0.00%	2026-09-09: (no price)
Software & Licenses	Server Management & Operating System Licenses	HPE OCA > DL145 Gen11 [P71964-B21] > Software & Licenses > Server Management & Operating System Licenses	GPU / Accelerator	Unlimited	0	Unlimited	Selection constraint for Server Management & Operating System Licenses: no max	R3R26AAE	Service	NVIDIA RTX Virtual Workstation 1 Concurrent User Education 1-year Subscription E-LTU	0	0		0		No	06/01/2020	10/31/2027	BASELINE	N/A	$0.00	0.00%	2026-09-09: (no price)
Software & Licenses	Server Management & Operating System Licenses	HPE OCA > DL145 Gen11 [P71964-B21] > Software & Licenses > Server Management & Operating System Licenses	GPU / Accelerator	Unlimited	0	Unlimited	Selection constraint for Server Management & Operating System Licenses: no max	R3R27AAE	Service	NVIDIA RTX Virtual Workstation 1 Concurrent User Education 3-year Subscription E-LTU	0	0		0		No	06/01/2020	10/31/2027	BASELINE	N/A	$0.00	0.00%	2026-09-09: (no price)
Software & Licenses	Server Management & Operating System Licenses	HPE OCA > DL145 Gen11 [P71964-B21] > Software & Licenses > Server Management & Operating System Licenses	GPU / Accelerator	Unlimited	0	Unlimited	Selection constraint for Server Management & Operating System Licenses: no max	S2S16AAE	Service	NVIDIA AI Enterprise per GPU 1-year Subscription 9x5 Support E-LTU	0	0		0		No	10/02/2023	10/31/2028	BASELINE	N/A	$0.00	0.00%	2026-09-09: (no price)
Software & Licenses	Server Management & Operating System Licenses	HPE OCA > DL145 Gen11 [P71964-B21] > Software & Licenses > Server Management & Operating System Licenses	GPU / Accelerator	Unlimited	0	Unlimited	Selection constraint for Server Management & Operating System Licenses: no max	S2S17AAE	Service	NVIDIA AI Enterprise per GPU 3-year Subscription 9x5 Support E-LTU	0	0		0		No	10/02/2023	10/31/2028	BASELINE	N/A	$0.00	0.00%	2026-09-09: (no price)
Software & Licenses	Server Management & Operating System Licenses	HPE OCA > DL145 Gen11 [P71964-B21] > Software & Licenses > Server Management & Operating System Licenses	GPU / Accelerator	Unlimited	0	Unlimited	Selection constraint for Server Management & Operating System Licenses: no max	S2S18AAE	Service	NVIDIA AI Enterprise per GPU 5-year Subscription 9x5 Support E-LTU	0	0		0		No	10/02/2023	10/31/2028	BASELINE	N/A	$0.00	0.00%	2026-09-09: (no price)
Software & Licenses	Server Management & Operating System Licenses	HPE OCA > DL145 Gen11 [P71964-B21] > Software & Licenses > Server Management & Operating System Licenses	GPU / Accelerator	Unlimited	0	Unlimited	Selection constraint for Server Management & Operating System Licenses: no max	S2S19AAE	Service	NVIDIA AI Enterprise per GPU 1-year Subscription 9x5 Support Renewal E-LTU	0	0		0		No	11/06/2023	10/31/2028	BASELINE	N/A	$0.00	0.00%	2026-09-09: (no price)
Software & Licenses	Server Management & Operating System Licenses	HPE OCA > DL145 Gen11 [P71964-B21] > Software & Licenses > Server Management & Operating System Licenses	GPU / Accelerator	Unlimited	0	Unlimited	Selection constraint for Server Management & Operating System Licenses: no max	S2S20AAE	Service	NVIDIA AI Enterprise per GPU 3-year Subscription 9x5 Support Renewal E-LTU	0	0		0		No	11/06/2023	10/31/2028	BASELINE	N/A	$0.00	0.00%	2026-09-09: (no price)
Software & Licenses	Server Management & Operating System Licenses	HPE OCA > DL145 Gen11 [P71964-B21] > Software & Licenses > Server Management & Operating System Licenses	GPU / Accelerator	Unlimited	0	Unlimited	Selection constraint for Server Management & Operating System Licenses: no max	S2S21AAE	Service	NVIDIA AI Enterprise per GPU 5-year Subscription 9x5 Support Renewal E-LTU	0	0		0		No	11/06/2023	10/31/2028	BASELINE	N/A	$0.00	0.00%	2026-09-09: (no price)
Software & Licenses	Server Management & Operating System Licenses	HPE OCA > DL145 Gen11 [P71964-B21] > Software & Licenses > Server Management & Operating System Licenses	GPU / Accelerator	Unlimited	0	Unlimited	Selection constraint for Server Management & Operating System Licenses: no max	S2S22AAE	Service	NVIDIA AI Enterprise Educational per GPU 1-year Subscription 9x5 Support E-LTU	0	0		0		No	10/02/2023	10/31/2028	BASELINE	N/A	$0.00	0.00%	2026-09-09: (no price)
Software & Licenses	Server Management & Operating System Licenses	HPE OCA > DL145 Gen11 [P71964-B21] > Software & Licenses > Server Management & Operating System Licenses	GPU / Accelerator	Unlimited	0	Unlimited	Selection constraint for Server Management & Operating System Licenses: no max	S2S23AAE	Service	NVIDIA AI Enterprise Educational per GPU 3-year Subscription 9x5 Support E-LTU	0	0		0		No	10/02/2023	10/31/2028	BASELINE	N/A	$0.00	0.00%	2026-09-09: (no price)
Software & Licenses	Server Management & Operating System Licenses	HPE OCA > DL145 Gen11 [P71964-B21] > Software & Licenses > Server Management & Operating System Licenses	GPU / Accelerator	Unlimited	0	Unlimited	Selection constraint for Server Management & Operating System Licenses: no max	S2S24AAE	Service	NVIDIA AI Enterprise Educational per GPU 5-year Subscription 9x5 Support E-LTU	0	0		0		No	10/02/2023	10/31/2028	BASELINE	N/A	$0.00	0.00%	2026-09-09: (no price)
Software & Licenses	Server Management & Operating System Licenses	HPE OCA > DL145 Gen11 [P71964-B21] > Software & Licenses > Server Management & Operating System Licenses	GPU / Accelerator	Unlimited	0	Unlimited	Selection constraint for Server Management & Operating System Licenses: no max	S2S25AAE	Service	NVIDIA AI Enterprise Educational per GPU 1-year Subscription 9x5 Support Renewal E-LTU	0	0		0		No	11/06/2023	10/31/2028	BASELINE	N/A	$0.00	0.00%	2026-09-09: (no price)
Software & Licenses	Server Management & Operating System Licenses	HPE OCA > DL145 Gen11 [P71964-B21] > Software & Licenses > Server Management & Operating System Licenses	GPU / Accelerator	Unlimited	0	Unlimited	Selection constraint for Server Management & Operating System Licenses: no max	S2S26AAE	Service	NVIDIA AI Enterprise Educational per GPU 3-year Subscription 9x5 Support Renewal E-LTU	0	0		0		No	11/06/2023	10/31/2028	BASELINE	N/A	$0.00	0.00%	2026-09-09: (no price)
Software & Licenses	Server Management & Operating System Licenses	HPE OCA > DL145 Gen11 [P71964-B21] > Software & Licenses > Server Management & Operating System Licenses	GPU / Accelerator	Unlimited	0	Unlimited	Selection constraint for Server Management & Operating System Licenses: no max	S2S27AAE	Service	NVIDIA AI Enterprise Educational per GPU 5-year Subscription 9x5 Support Renewal E-LTU	0	0		0		No	11/06/2023	10/31/2028	BASELINE	N/A	$0.00	0.00%	2026-09-09: (no price)
Software & Licenses	Server Management & Operating System Licenses	HPE OCA > DL145 Gen11 [P71964-B21] > Software & Licenses > Server Management & Operating System Licenses	GPU / Accelerator	Unlimited	0	Unlimited	Selection constraint for Server Management & Operating System Licenses: no max	S2S28AAE	Service	NVIDIA AI Enterprise per GPU 1-year 24x7 Support E-LTU	0	0		0		No	10/02/2023	10/31/2028	BASELINE	N/A	$0.00	0.00%	2026-09-09: (no price)
Software & Licenses	Server Management & Operating System Licenses	HPE OCA > DL145 Gen11 [P71964-B21] > Software & Licenses > Server Management & Operating System Licenses	GPU / Accelerator	Unlimited	0	Unlimited	Selection constraint for Server Management & Operating System Licenses: no max	S2S29AAE	Service	NVIDIA AI Enterprise per GPU 3-year 24x7 Support E-LTU	0	0		0		No	10/02/2023	10/31/2028	BASELINE	N/A	$0.00	0.00%	2026-09-09: (no price)
Software & Licenses	Server Management & Operating System Licenses	HPE OCA > DL145 Gen11 [P71964-B21] > Software & Licenses > Server Management & Operating System Licenses	GPU / Accelerator	Unlimited	0	Unlimited	Selection constraint for Server Management & Operating System Licenses: no max	S2S30AAE	Service	NVIDIA AI Enterprise per GPU 5-year 24x7 Support E-LTU	0	0		0		No	10/02/2023	10/31/2028	BASELINE	N/A	$0.00	0.00%	2026-09-09: (no price)
Software & Licenses	Server Management & Operating System Licenses	HPE OCA > DL145 Gen11 [P71964-B21] > Software & Licenses > Server Management & Operating System Licenses	GPU / Accelerator	Unlimited	0	Unlimited	Selection constraint for Server Management & Operating System Licenses: no max	S2S31AAE	Service	NVIDIA AI Enterprise Educational per GPU 1-year 24x7 Support E-LTU	0	0		0		No	10/02/2023	10/31/2028	BASELINE	N/A	$0.00	0.00%	2026-09-09: (no price)
Software & Licenses	Server Management & Operating System Licenses	HPE OCA > DL145 Gen11 [P71964-B21] > Software & Licenses > Server Management & Operating System Licenses	GPU / Accelerator	Unlimited	0	Unlimited	Selection constraint for Server Management & Operating System Licenses: no max	S2S32AAE	Service	NVIDIA AI Enterprise Educational per GPU 3-year 24x7 Support E-LTU	0	0		0		No	10/02/2023	10/31/2028	BASELINE	N/A	$0.00	0.00%	2026-09-09: (no price)
Software & Licenses	Server Management & Operating System Licenses	HPE OCA > DL145 Gen11 [P71964-B21] > Software & Licenses > Server Management & Operating System Licenses	GPU / Accelerator	Unlimited	0	Unlimited	Selection constraint for Server Management & Operating System Licenses: no max	S2S33AAE	Service	NVIDIA AI Enterprise Educational per GPU 5-year 24x7 Support E-LTU	0	0		0		No	10/02/2023	10/31/2028	BASELINE	N/A	$0.00	0.00%	2026-09-09: (no price)
Software & Licenses	Server Management & Operating System Licenses	HPE OCA > DL145 Gen11 [P71964-B21] > Software & Licenses > Server Management & Operating System Licenses	GPU / Accelerator	Unlimited	0	Unlimited	Selection constraint for Server Management & Operating System Licenses: no max	S2S34AAE	Service	NVIDIA AI Enterprise per GPU 1-year 24x7 Support Renewal E-LTU	0	0		0		No	11/06/2023	10/31/2028	BASELINE	N/A	$0.00	0.00%	2026-09-09: (no price)
Software & Licenses	Server Management & Operating System Licenses	HPE OCA > DL145 Gen11 [P71964-B21] > Software & Licenses > Server Management & Operating System Licenses	GPU / Accelerator	Unlimited	0	Unlimited	Selection constraint for Server Management & Operating System Licenses: no max	S2S35AAE	Service	NVIDIA AI Enterprise per GPU 3-year 24x7 Support Renewal E-LTU	0	0		0		No	11/06/2023	10/31/2028	BASELINE	N/A	$0.00	0.00%	2026-09-09: (no price)
Software & Licenses	Server Management & Operating System Licenses	HPE OCA > DL145 Gen11 [P71964-B21] > Software & Licenses > Server Management & Operating System Licenses	GPU / Accelerator	Unlimited	0	Unlimited	Selection constraint for Server Management & Operating System Licenses: no max	S2S36AAE	Service	NVIDIA AI Enterprise per GPU 5-year 24x7 Support Renewal E-LTU	0	0		0		No	11/06/2023	10/31/2028	BASELINE	N/A	$0.00	0.00%	2026-09-09: (no price)
Software & Licenses	Server Management & Operating System Licenses	HPE OCA > DL145 Gen11 [P71964-B21] > Software & Licenses > Server Management & Operating System Licenses	GPU / Accelerator	Unlimited	0	Unlimited	Selection constraint for Server Management & Operating System Licenses: no max	S2S37AAE	Service	NVIDIA AI Enterprise Educational per GPU 1-year 24x7 Support Renewal E-LTU	0	0		0		No	11/06/2023	10/31/2028	BASELINE	N/A	$0.00	0.00%	2026-09-09: (no price)
Software & Licenses	Server Management & Operating System Licenses	HPE OCA > DL145 Gen11 [P71964-B21] > Software & Licenses > Server Management & Operating System Licenses	GPU / Accelerator	Unlimited	0	Unlimited	Selection constraint for Server Management & Operating System Licenses: no max	S2S38AAE	Service	NVIDIA AI Enterprise Educational per GPU 3-year 24x7 Support Renewal E-LTU	0	0		0		No	11/06/2023	10/31/2028	BASELINE	N/A	$0.00	0.00%	2026-09-09: (no price)
Software & Licenses	Server Management & Operating System Licenses	HPE OCA > DL145 Gen11 [P71964-B21] > Software & Licenses > Server Management & Operating System Licenses	GPU / Accelerator	Unlimited	0	Unlimited	Selection constraint for Server Management & Operating System Licenses: no max	S2S39AAE	Service	NVIDIA AI Enterprise Educational per GPU 5-year 24x7 Support Renewal E-LTU	0	0		0		No	11/06/2023	10/31/2028	BASELINE	N/A	$0.00	0.00%	2026-09-09: (no price)
Software & Licenses	Server Management & Operating System Licenses	HPE OCA > DL145 Gen11 [P71964-B21] > Software & Licenses > Server Management & Operating System Licenses	GPU / Accelerator	Unlimited	0	Unlimited	Selection constraint for Server Management & Operating System Licenses: no max	S8M87AAE	Service	NVIDIA RTX PRO 4500 Blackwell Server Edition per GPU 3-year E-LTU	0	0		0		No	08/03/2026	10/08/2029	BASELINE	N/A	$0.00	0.00%	2026-09-09: (no price)
Software & Licenses	Server Management & Operating System Licenses	HPE OCA > DL145 Gen11 [P71964-B21] > Software & Licenses > Server Management & Operating System Licenses	GPU / Accelerator	Unlimited	0	Unlimited	Selection constraint for Server Management & Operating System Licenses: no max	S8M88AAE	Service	NVIDIA RTX PRO 4500 Blackwell Server Edition per GPU 5-year E-LTU	0	0		0		No	08/03/2026	10/08/2029	BASELINE	N/A	$0.00	0.00%	2026-09-09: (no price)
Software & Licenses	Server Management & Operating System Licenses	HPE OCA > DL145 Gen11 [P71964-B21] > Software & Licenses > Server Management & Operating System Licenses	Operating System / License	Unlimited	0	Unlimited	Selection constraint for Server Management & Operating System Licenses: no max	P11086-B21	Standard	Microsoft Windows Server 2016 Downgrade Datacenter FIO Not Pre-installed English SW	0	0	0	0		No	04/02/2019	05/31/2025	BASELINE	N/A	$0.00	0.00%	2026-09-09: (no price)
Software & Licenses	Server Management & Operating System Licenses	HPE OCA > DL145 Gen11 [P71964-B21] > Software & Licenses > Server Management & Operating System Licenses	Operating System / License	Unlimited	0	Unlimited	Selection constraint for Server Management & Operating System Licenses: no max	P11086-051	Standard	Microsoft Windows Server 2016 Downgrade Datacenter FIO Not Pre-installed French SW	0	0	0	0		No	04/02/2019	05/31/2025	BASELINE	N/A	$0.00	0.00%	2026-09-09: (no price)
Software & Licenses	Server Management & Operating System Licenses	HPE OCA > DL145 Gen11 [P71964-B21] > Software & Licenses > Server Management & Operating System Licenses	Operating System / License	Unlimited	0	Unlimited	Selection constraint for Server Management & Operating System Licenses: no max	P11086-041	Standard	Microsoft Windows Server 2016 Downgrade Datacenter FIO Not Pre-installed German SW	0	0	0	0		No	04/02/2019	05/31/2025	BASELINE	N/A	$0.00	0.00%	2026-09-09: (no price)
Software & Licenses	Server Management & Operating System Licenses	HPE OCA > DL145 Gen11 [P71964-B21] > Software & Licenses > Server Management & Operating System Licenses	Operating System / License	Unlimited	0	Unlimited	Selection constraint for Server Management & Operating System Licenses: no max	P11086-061	Standard	Microsoft Windows Server 2016 Downgrade Datacenter FIO Not Pre-installed Italian SW	0	0	0	0		No	04/02/2019	05/31/2025	BASELINE	N/A	$0.00	0.00%	2026-09-09: (no price)
Software & Licenses	Server Management & Operating System Licenses	HPE OCA > DL145 Gen11 [P71964-B21] > Software & Licenses > Server Management & Operating System Licenses	Operating System / License	Unlimited	0	Unlimited	Selection constraint for Server Management & Operating System Licenses: no max	P11086-291	Standard	Microsoft Windows Server 2016 Downgrade Datacenter FIO Not Pre-installed Japanese SW	0	0	0	0		No	04/02/2019	05/31/2025	BASELINE	N/A	$0.00	0.00%	2026-09-09: (no price)
Software & Licenses	Server Management & Operating System Licenses	HPE OCA > DL145 Gen11 [P71964-B21] > Software & Licenses > Server Management & Operating System Licenses	Operating System / License	Unlimited	0	Unlimited	Selection constraint for Server Management & Operating System Licenses: no max	P11086-071	Standard	Microsoft Windows Server 2016 Downgrade Datacenter FIO Not Pre-installed Spanish SW	0	0	0	0		No	04/02/2019	05/31/2025	BASELINE	N/A	$0.00	0.00%	2026-09-09: (no price)
Software & Licenses	Server Management & Operating System Licenses	HPE OCA > DL145 Gen11 [P71964-B21] > Software & Licenses > Server Management & Operating System Licenses	Operating System / License	Unlimited	0	Unlimited	Selection constraint for Server Management & Operating System Licenses: no max	P11083-B21	Standard	Microsoft Windows Server 2016 Downgrade Standard FIO Not Pre-installed English SW	0	0	0	0		No	04/02/2019	05/31/2025	BASELINE	N/A	$0.00	0.00%	2026-09-09: (no price)
Software & Licenses	Server Management & Operating System Licenses	HPE OCA > DL145 Gen11 [P71964-B21] > Software & Licenses > Server Management & Operating System Licenses	Operating System / License	Unlimited	0	Unlimited	Selection constraint for Server Management & Operating System Licenses: no max	P11083-051	Standard	Microsoft Windows Server 2016 Downgrade Standard FIO Not Pre-installed French SW	0	0	0	0		No	04/02/2019	05/31/2025	BASELINE	N/A	$0.00	0.00%	2026-09-09: (no price)
Software & Licenses	Server Management & Operating System Licenses	HPE OCA > DL145 Gen11 [P71964-B21] > Software & Licenses > Server Management & Operating System Licenses	Operating System / License	Unlimited	0	Unlimited	Selection constraint for Server Management & Operating System Licenses: no max	P11083-041	Standard	Microsoft Windows Server 2016 Downgrade Standard FIO Not Pre-installed German SW	0	0	0	0		No	04/02/2019	05/31/2025	BASELINE	N/A	$0.00	0.00%	2026-09-09: (no price)
Software & Licenses	Server Management & Operating System Licenses	HPE OCA > DL145 Gen11 [P71964-B21] > Software & Licenses > Server Management & Operating System Licenses	Operating System / License	Unlimited	0	Unlimited	Selection constraint for Server Management & Operating System Licenses: no max	P11083-061	Standard	Microsoft Windows Server 2016 Downgrade Standard FIO Not Pre-installed Italian SW	0	0	0	0		No	04/02/2019	05/31/2025	BASELINE	N/A	$0.00	0.00%	2026-09-09: (no price)
Software & Licenses	Server Management & Operating System Licenses	HPE OCA > DL145 Gen11 [P71964-B21] > Software & Licenses > Server Management & Operating System Licenses	Operating System / License	Unlimited	0	Unlimited	Selection constraint for Server Management & Operating System Licenses: no max	P11083-291	Standard	Microsoft Windows Server 2016 Downgrade Standard FIO Not Pre-installed Japanese SW	0	0	0	0		No	04/02/2019	05/31/2025	BASELINE	N/A	$0.00	0.00%	2026-09-09: (no price)
Software & Licenses	Server Management & Operating System Licenses	HPE OCA > DL145 Gen11 [P71964-B21] > Software & Licenses > Server Management & Operating System Licenses	Operating System / License	Unlimited	0	Unlimited	Selection constraint for Server Management & Operating System Licenses: no max	P11083-071	Standard	Microsoft Windows Server 2016 Downgrade Standard FIO Not Pre-installed Spanish SW	0	0	0	0		No	04/02/2019	05/31/2025	BASELINE	N/A	$0.00	0.00%	2026-09-09: (no price)
Software & Licenses	Server Management & Operating System Licenses	HPE OCA > DL145 Gen11 [P71964-B21] > Software & Licenses > Server Management & Operating System Licenses	Operating System / License	Unlimited	0	Unlimited	Selection constraint for Server Management & Operating System Licenses: no max	P45879-B21	Standard	Microsoft Windows Server 2019 16-core Downgrade Datacenter FIO Not Pre-installed English SW	0	0	0	0		No	12/06/2021	01/31/2027	BASELINE	N/A	$0.00	0.00%	2026-09-09: (no price)
Software & Licenses	Server Management & Operating System Licenses	HPE OCA > DL145 Gen11 [P71964-B21] > Software & Licenses > Server Management & Operating System Licenses	Operating System / License	Unlimited	0	Unlimited	Selection constraint for Server Management & Operating System Licenses: no max	P45879-051	Standard	Microsoft Windows Server 2019 16-core Downgrade Datacenter FIO Not Pre-installed French SW	0	0	0	0		No	12/06/2021	01/31/2027	BASELINE	N/A	$0.00	0.00%	2026-09-09: (no price)
Software & Licenses	Server Management & Operating System Licenses	HPE OCA > DL145 Gen11 [P71964-B21] > Software & Licenses > Server Management & Operating System Licenses	Operating System / License	Unlimited	0	Unlimited	Selection constraint for Server Management & Operating System Licenses: no max	P45879-041	Standard	Microsoft Windows Server 2019 16-core Downgrade Datacenter FIO Not Pre-installed German SW	0	0	0	0		No	12/06/2021	01/31/2027	BASELINE	N/A	$0.00	0.00%	2026-09-09: (no price)
Software & Licenses	Server Management & Operating System Licenses	HPE OCA > DL145 Gen11 [P71964-B21] > Software & Licenses > Server Management & Operating System Licenses	Operating System / License	Unlimited	0	Unlimited	Selection constraint for Server Management & Operating System Licenses: no max	P45879-061	Standard	Microsoft Windows Server 2019 16-core Downgrade Datacenter FIO Not Pre-installed Italian SW	0	0	0	0		No	12/06/2021	01/31/2027	BASELINE	N/A	$0.00	0.00%	2026-09-09: (no price)
Software & Licenses	Server Management & Operating System Licenses	HPE OCA > DL145 Gen11 [P71964-B21] > Software & Licenses > Server Management & Operating System Licenses	Operating System / License	Unlimited	0	Unlimited	Selection constraint for Server Management & Operating System Licenses: no max	P45879-291	Standard	Microsoft Windows Server 2019 16-core Downgrade Datacenter FIO Not Pre-installed Japanese SW	0	0	0	0		No	12/06/2021	01/31/2027	BASELINE	N/A	$0.00	0.00%	2026-09-09: (no price)
Software & Licenses	Server Management & Operating System Licenses	HPE OCA > DL145 Gen11 [P71964-B21] > Software & Licenses > Server Management & Operating System Licenses	Operating System / License	Unlimited	0	Unlimited	Selection constraint for Server Management & Operating System Licenses: no max	P45879-071	Standard	Microsoft Windows Server 2019 16-core Downgrade Datacenter FIO Not Pre-installed Spanish SW	0	0	0	0		No	12/06/2021	01/31/2027	BASELINE	N/A	$0.00	0.00%	2026-09-09: (no price)
Software & Licenses	Server Management & Operating System Licenses	HPE OCA > DL145 Gen11 [P71964-B21] > Software & Licenses > Server Management & Operating System Licenses	Operating System / License	Unlimited	0	Unlimited	Selection constraint for Server Management & Operating System Licenses: no max	P45862-B21	Standard	Microsoft Windows Server 2019 16-core Downgrade Standard FIO Not Pre-installed English SW	0	0	0	0		No	12/06/2021	01/31/2027	BASELINE	N/A	$0.00	0.00%	2026-09-09: (no price)
Software & Licenses	Server Management & Operating System Licenses	HPE OCA > DL145 Gen11 [P71964-B21] > Software & Licenses > Server Management & Operating System Licenses	Operating System / License	Unlimited	0	Unlimited	Selection constraint for Server Management & Operating System Licenses: no max	P45862-051	Standard	Microsoft Windows Server 2019 16-core Downgrade Standard FIO Not Pre-installed French SW	0	0	0	0		No	12/06/2021	01/31/2027	BASELINE	N/A	$0.00	0.00%	2026-09-09: (no price)
Software & Licenses	Server Management & Operating System Licenses	HPE OCA > DL145 Gen11 [P71964-B21] > Software & Licenses > Server Management & Operating System Licenses	Operating System / License	Unlimited	0	Unlimited	Selection constraint for Server Management & Operating System Licenses: no max	P45862-041	Standard	Microsoft Windows Server 2019 16-core Downgrade Standard FIO Not Pre-installed German SW	0	0	0	0		No	12/06/2021	01/31/2027	BASELINE	N/A	$0.00	0.00%	2026-09-09: (no price)
Software & Licenses	Server Management & Operating System Licenses	HPE OCA > DL145 Gen11 [P71964-B21] > Software & Licenses > Server Management & Operating System Licenses	Operating System / License	Unlimited	0	Unlimited	Selection constraint for Server Management & Operating System Licenses: no max	P45862-061	Standard	Microsoft Windows Server 2019 16-core Downgrade Standard FIO Not Pre-installed Italian SW	0	0	0	0		No	12/06/2021	01/31/2027	BASELINE	N/A	$0.00	0.00%	2026-09-09: (no price)
Software & Licenses	Server Management & Operating System Licenses	HPE OCA > DL145 Gen11 [P71964-B21] > Software & Licenses > Server Management & Operating System Licenses	Operating System / License	Unlimited	0	Unlimited	Selection constraint for Server Management & Operating System Licenses: no max	P45862-291	Standard	Microsoft Windows Server 2019 16-core Downgrade Standard FIO Not Pre-installed Japanese SW	0	0	0	0		No	12/06/2021	01/31/2027	BASELINE	N/A	$0.00	0.00%	2026-09-09: (no price)
Software & Licenses	Server Management & Operating System Licenses	HPE OCA > DL145 Gen11 [P71964-B21] > Software & Licenses > Server Management & Operating System Licenses	Operating System / License	Unlimited	0	Unlimited	Selection constraint for Server Management & Operating System Licenses: no max	P45862-071	Standard	Microsoft Windows Server 2019 16-core Downgrade Standard FIO Not Pre-installed Spanish SW	0	0	0	0		No	12/06/2021	01/31/2027	BASELINE	N/A	$0.00	0.00%	2026-09-09: (no price)
Software & Licenses	Server Management & Operating System Licenses	HPE OCA > DL145 Gen11 [P71964-B21] > Software & Licenses > Server Management & Operating System Licenses	Operating System / License	Unlimited	0	Unlimited	Selection constraint for Server Management & Operating System Licenses: no max	S6L47A	Service	Microsoft Windows Server 2019 Downgrade Datacenter FIO Not Pre-installed WW ESD LTU	0	0	0	0		No	09/02/2025	11/30/2027	BASELINE	N/A	$0.00	0.00%	2026-09-09: (no price)
Software & Licenses	Server Management & Operating System Licenses	HPE OCA > DL145 Gen11 [P71964-B21] > Software & Licenses > Server Management & Operating System Licenses	Operating System / License	Unlimited	0	Unlimited	Selection constraint for Server Management & Operating System Licenses: no max	S6L45A	Service	Microsoft Windows Server 2019 Downgrade Datacenter Reseller Option Kit Japanese ESD LTU	0	0	0	0		No	09/02/2025	11/30/2027	BASELINE	N/A	$0.00	0.00%	2026-09-09: (no price)
Software & Licenses	Server Management & Operating System Licenses	HPE OCA > DL145 Gen11 [P71964-B21] > Software & Licenses > Server Management & Operating System Licenses	Operating System / License	Unlimited	0	Unlimited	Selection constraint for Server Management & Operating System Licenses: no max	S6L46A	Service	Microsoft Windows Server 2019 Downgrade Standard FIO Not Pre-installed WW ESD LTU	0	0	0	0		No	09/02/2025	11/30/2027	BASELINE	N/A	$0.00	0.00%	2026-09-09: (no price)
Software & Licenses	Server Management & Operating System Licenses	HPE OCA > DL145 Gen11 [P71964-B21] > Software & Licenses > Server Management & Operating System Licenses	Operating System / License	Unlimited	0	Unlimited	Selection constraint for Server Management & Operating System Licenses: no max	S6L44A	Service	Microsoft Windows Server 2019 Downgrade Standard Reseller Option Kit Japanese ESD LTU	0	0	0	0		No	09/02/2025	11/30/2027	BASELINE	N/A	$0.00	0.00%	2026-09-09: (no price)
Software & Licenses	Server Management & Operating System Licenses	HPE OCA > DL145 Gen11 [P71964-B21] > Software & Licenses > Server Management & Operating System Licenses	Operating System / License	Unlimited	0	Unlimited	Selection constraint for Server Management & Operating System Licenses: no max	P77125-291	Standard	Microsoft Windows Server 2022 Downgrade Datacenter FIO Not Pre-installed Japanese SW	0	0	0	0		No	12/02/2024	01/31/2027	BASELINE	N/A	$0.00	0.00%	2026-09-09: (no price)
Software & Licenses	Server Management & Operating System Licenses	HPE OCA > DL145 Gen11 [P71964-B21] > Software & Licenses > Server Management & Operating System Licenses	Operating System / License	Unlimited	0	Unlimited	Selection constraint for Server Management & Operating System Licenses: no max	S6L48A	Service	Microsoft Windows Server 2022 Downgrade Datacenter FIO Not Pre-installed WW ESD LTU	0	0	0	0		No	09/02/2025	11/30/2027	BASELINE	N/A	$0.00	0.00%	2026-09-09: (no price)
Software & Licenses	Server Management & Operating System Licenses	HPE OCA > DL145 Gen11 [P71964-B21] > Software & Licenses > Server Management & Operating System Licenses	Operating System / License	Unlimited	0	Unlimited	Selection constraint for Server Management & Operating System Licenses: no max	P77125-B21	Standard	Microsoft Windows Server 2022 Downgrade Datacenter FIO Not Pre-installed WW SW	0	0	0	0		No	12/02/2024	01/31/2027	BASELINE	N/A	$0.00	0.00%	2026-09-09: (no price)
Software & Licenses	Server Management & Operating System Licenses	HPE OCA > DL145 Gen11 [P71964-B21] > Software & Licenses > Server Management & Operating System Licenses	Operating System / License	Unlimited	0	Unlimited	Selection constraint for Server Management & Operating System Licenses: no max	P77124-291	Standard	Microsoft Windows Server 2022 Downgrade Standard FIO Not Pre-installed Japanese SW	0	0	0	0		No	12/02/2024	01/31/2027	BASELINE	N/A	$0.00	0.00%	2026-09-09: (no price)
Software & Licenses	Server Management & Operating System Licenses	HPE OCA > DL145 Gen11 [P71964-B21] > Software & Licenses > Server Management & Operating System Licenses	Operating System / License	Unlimited	0	Unlimited	Selection constraint for Server Management & Operating System Licenses: no max	S6L43A	Service	Microsoft Windows Server 2022 Downgrade Standard FIO Not Pre-installed WW ESD LTU	0	0	0	0		No	09/02/2025	11/30/2027	BASELINE	N/A	$0.00	0.00%	2026-09-09: (no price)
Software & Licenses	Server Management & Operating System Licenses	HPE OCA > DL145 Gen11 [P71964-B21] > Software & Licenses > Server Management & Operating System Licenses	Operating System / License	Unlimited	0	Unlimited	Selection constraint for Server Management & Operating System Licenses: no max	P77124-B21	Standard	Microsoft Windows Server 2022 Downgrade Standard FIO Not Pre-installed WW SW	0	0	0	0		No	12/02/2024	01/31/2027	BASELINE	N/A	$0.00	0.00%	2026-09-09: (no price)
Software & Licenses	Server Management & Operating System Licenses	HPE OCA > DL145 Gen11 [P71964-B21] > Software & Licenses > Server Management & Operating System Licenses	Operating System / License	Unlimited	0	Unlimited	Selection constraint for Server Management & Operating System Licenses: no max	S6L41A	Service	Microsoft Windows Server 2022 Downgrade Standard Reseller Option Kit Japanese ESD LTU	0	0	0	0		No	09/02/2025	11/30/2027	BASELINE	N/A	$0.00	0.00%	2026-09-09: (no price)
Software & Licenses	Server Management & Operating System Licenses	HPE OCA > DL145 Gen11 [P71964-B21] > Software & Licenses > Server Management & Operating System Licenses	Operating System / License	Unlimited	0	Unlimited	Selection constraint for Server Management & Operating System Licenses: no max	S4T26A	Service	Red Hat High Availability 2 Sockets Unlimited Guests 1-year Subscription LTU	0	0		0		No	10/07/2024	11/07/2027	BASELINE	N/A	$0.00	0.00%	2026-09-09: (no price)
Software & Licenses	Server Management & Operating System Licenses	HPE OCA > DL145 Gen11 [P71964-B21] > Software & Licenses > Server Management & Operating System Licenses	Operating System / License	Unlimited	0	Unlimited	Selection constraint for Server Management & Operating System Licenses: no max	S4T27A	Service	Red Hat High Availability 2 Sockets Unlimited Guests 3-year Subscription LTU	0	0		0		No	10/07/2024	11/07/2027	BASELINE	N/A	$0.00	0.00%	2026-09-09: (no price)
Software & Licenses	Server Management & Operating System Licenses	HPE OCA > DL145 Gen11 [P71964-B21] > Software & Licenses > Server Management & Operating System Licenses	Operating System / License	Unlimited	0	Unlimited	Selection constraint for Server Management & Operating System Licenses: no max	S4T22A	Service	Red Hat High Availability 2 Sockets or 2 Guests 1-year Subscription LTU	0	0		0		No	10/07/2024	11/07/2027	BASELINE	N/A	$0.00	0.00%	2026-09-09: (no price)
Software & Licenses	Server Management & Operating System Licenses	HPE OCA > DL145 Gen11 [P71964-B21] > Software & Licenses > Server Management & Operating System Licenses	Operating System / License	Unlimited	0	Unlimited	Selection constraint for Server Management & Operating System Licenses: no max	S4T23A	Service	Red Hat High Availability 2 Sockets or 2 Guests 3-year Subscription LTU	0	0		0		No	10/07/2024	11/07/2027	BASELINE	N/A	$0.00	0.00%	2026-09-09: (no price)
Software & Licenses	Server Management & Operating System Licenses	HPE OCA > DL145 Gen11 [P71964-B21] > Software & Licenses > Server Management & Operating System Licenses	Operating System / License	Unlimited	0	Unlimited	Selection constraint for Server Management & Operating System Licenses: no max	S4T24A	Service	Red Hat Resilient Storage 2 Sockets or 2 Guests 1-year Subscription LTU	0	0		0		No	10/07/2024	11/07/2027	BASELINE	N/A	$0.00	0.00%	2026-09-09: (no price)
Software & Licenses	Server Management & Operating System Licenses	HPE OCA > DL145 Gen11 [P71964-B21] > Software & Licenses > Server Management & Operating System Licenses	Operating System / License	Unlimited	0	Unlimited	Selection constraint for Server Management & Operating System Licenses: no max	S4T25A	Service	Red Hat Resilient Storage 2 Sockets or 2 Guests 3-year Subscription LTU	0	0		0		No	10/07/2024	11/07/2027	BASELINE	N/A	$0.00	0.00%	2026-09-09: (no price)
Accessories & Infrastructure	System Options	HPE OCA > DL145 Gen11 [P71964-B21] > Accessories & Infrastructure > System Options	Operating System / License	Optional	0	Optional	Selection constraint for System Options: optional	S3R04AAE	Service	HPE Machine Learning Inference Software Base 1-year E-RTU	0	0		0		No	06/18/2024	07/31/2027	BASELINE	N/A	$0.00	0.00%	2026-09-09: (no price)
Accessories & Infrastructure	System Options	HPE OCA > DL145 Gen11 [P71964-B21] > Accessories & Infrastructure > System Options	Operating System / License	Optional	0	Optional	Selection constraint for System Options: optional	S3R05AAE	Service	HPE Machine Learning Inference Software Performance 1-year E-RTU	0	0		0		No	06/18/2024	07/31/2027	BASELINE	N/A	$0.00	0.00%	2026-09-09: (no price)
Accessories & Infrastructure	System Options	HPE OCA > DL145 Gen11 [P71964-B21] > Accessories & Infrastructure > System Options	Operating System / License	Optional	0	Optional	Selection constraint for System Options: optional	S3R06AAE	Service	HPE Machine Learning Inference Software Base 3-year E-RTU	0	0		0		No	06/18/2024	07/31/2027	BASELINE	N/A	$0.00	0.00%	2026-09-09: (no price)
Accessories & Infrastructure	System Options	HPE OCA > DL145 Gen11 [P71964-B21] > Accessories & Infrastructure > System Options	Operating System / License	Optional	0	Optional	Selection constraint for System Options: optional	S3R07AAE	Service	HPE Machine Learning Inference Software Performance 3-year E-RTU	0	0		0		No	06/18/2024	07/31/2027	BASELINE	N/A	$0.00	0.00%	2026-09-09: (no price)
Accessories & Infrastructure	System Options	HPE OCA > DL145 Gen11 [P71964-B21] > Accessories & Infrastructure > System Options	Operating System / License	Optional	0	Optional	Selection constraint for System Options: optional	S3W26AAE	Service	HPE Machine Learning Inference Software Base 4-year E-RTU	0	0		0		No	06/18/2024	07/31/2027	BASELINE	N/A	$0.00	0.00%	2026-09-09: (no price)
Accessories & Infrastructure	System Options	HPE OCA > DL145 Gen11 [P71964-B21] > Accessories & Infrastructure > System Options	Operating System / License	Optional	0	Optional	Selection constraint for System Options: optional	S3W27AAE	Service	HPE Machine Learning Inference Software Performance 4-year E-RTU	0	0		0		No	06/18/2024	07/31/2027	BASELINE	N/A	$0.00	0.00%	2026-09-09: (no price)
Accessories & Infrastructure	System Options	HPE OCA > DL145 Gen11 [P71964-B21] > Accessories & Infrastructure > System Options	Operating System / License	Optional	0	Optional	Selection constraint for System Options: optional	S3W28AAE	Service	HPE Machine Learning Inference Software Base 5-year E-RTU	0	0		0		No	06/18/2024	07/31/2027	BASELINE	N/A	$0.00	0.00%	2026-09-09: (no price)
Accessories & Infrastructure	System Options	HPE OCA > DL145 Gen11 [P71964-B21] > Accessories & Infrastructure > System Options	Operating System / License	Optional	0	Optional	Selection constraint for System Options: optional	S3W29AAE	Service	HPE Machine Learning Inference Software Performance 5-year E-RTU	0	0		0		No	06/18/2024	07/31/2027	BASELINE	N/A	$0.00	0.00%	2026-09-09: (no price)
Software & Licenses	Server Management & Operating System Licenses	HPE OCA > DL145 Gen11 [P71964-B21] > Software & Licenses > Server Management & Operating System Licenses	Service & Support	Unlimited	0	Unlimited	Selection constraint for Server Management & Operating System Licenses: no max	R1T30AAE	Service	HPE Serviceguard for Linux x86 Base 1yr Subscription 24x7 Support PSL E-LTU	0	0		0		No	03/04/2019	09/30/2028	BASELINE	N/A	$0.00	0.00%	2026-09-09: (no price)
Software & Licenses	Server Management & Operating System Licenses	HPE OCA > DL145 Gen11 [P71964-B21] > Software & Licenses > Server Management & Operating System Licenses	Service & Support	Unlimited	0	Unlimited	Selection constraint for Server Management & Operating System Licenses: no max	R1T31AAE	Service	HPE Serviceguard for Linux x86 Advanced 1yr Subscription 24x7 Support PSL E-LTU	0	0		0		No	03/04/2019	09/30/2028	BASELINE	N/A	$0.00	0.00%	2026-09-09: (no price)
Software & Licenses	Server Management & Operating System Licenses	HPE OCA > DL145 Gen11 [P71964-B21] > Software & Licenses > Server Management & Operating System Licenses	Service & Support	Unlimited	0	Unlimited	Selection constraint for Server Management & Operating System Licenses: no max	R1T32AAE	Service	HPE Serviceguard for Linux x86 Enterprise 1yr Subscription 24x7 Support PSL E-LTU	0	0		0		No	03/04/2019	09/30/2028	BASELINE	N/A	$0.00	0.00%	2026-09-09: (no price)
Software & Licenses	Server Management & Operating System Licenses	HPE OCA > DL145 Gen11 [P71964-B21] > Software & Licenses > Server Management & Operating System Licenses	Service & Support	Unlimited	0	Unlimited	Selection constraint for Server Management & Operating System Licenses: no max	R1T36AAE	Service	HPE Serviceguard for Linux x86 Enterprise for SAP HANA 1yr Subscription 24x7 Support PSL E-LTU	0	0		0		No	03/04/2019	09/30/2028	BASELINE	N/A	$0.00	0.00%	2026-09-09: (no price)
Software & Licenses	Server Management & Operating System Licenses	HPE OCA > DL145 Gen11 [P71964-B21] > Software & Licenses > Server Management & Operating System Licenses	Service & Support	Unlimited	0	Unlimited	Selection constraint for Server Management & Operating System Licenses: no max	R7P98AAE	Service	HPE Serviceguard for Linux x86 Premium for SAP HANA 1-year Subscription 24x7 Support PSL E-LTU	0	0		0		No	04/06/2021	09/30/2028	BASELINE	N/A	$0.00	0.00%	2026-09-09: (no price)
Software & Licenses	Server Management & Operating System Licenses	HPE OCA > DL145 Gen11 [P71964-B21] > Software & Licenses > Server Management & Operating System Licenses	Service & Support	Unlimited	0	Unlimited	Selection constraint for Server Management & Operating System Licenses: no max	R8V45AAE	Service	HPE Serviceguard for Linux x86 Flex Storage Add-On 1yr Subscription 24x7 Support per Instance E-LTU	0	0		0		No	10/04/2021	09/30/2028	BASELINE	N/A	$0.00	0.00%	2026-09-09: (no price)
Software & Licenses	Server Management & Operating System Licenses	HPE OCA > DL145 Gen11 [P71964-B21] > Software & Licenses > Server Management & Operating System Licenses	Service & Support	Unlimited	0	Unlimited	Selection constraint for Server Management & Operating System Licenses: no max	R8V48A	Service	HPE Serviceguard for Linux x86 Flex Storage Add-On Media	0	0		0		No	10/04/2021	04/01/2025	BASELINE	N/A	$0.00	0.00%	2026-09-09: (no price)
Software & Licenses	Server Management & Operating System Licenses	HPE OCA > DL145 Gen11 [P71964-B21] > Software & Licenses > Server Management & Operating System Licenses	Service & Support	Unlimited	0	Unlimited	Selection constraint for Server Management & Operating System Licenses: no max	S0W12AAE	Service	HPE Serviceguard for Linux v15 High Availability E5 2 Cores or 4 vCPUs 1yr Subscription 24x7 E-LTU	0	0		0		No	01/10/2023	09/30/2028	BASELINE	N/A	$0.00	0.00%	2026-09-09: (no price)
Software & Licenses	Server Management & Operating System Licenses	HPE OCA > DL145 Gen11 [P71964-B21] > Software & Licenses > Server Management & Operating System Licenses	Service & Support	Unlimited	0	Unlimited	Selection constraint for Server Management & Operating System Licenses: no max	S0W14AAE	Service	HPE Serviceguard for Linux v15 High Availability E5 2 Cores or 4 vCPUs 5yr Subscription 24x7 E-LTU	0	0		0		No	01/10/2023	12/27/2027	BASELINE	N/A	$0.00	0.00%	2026-09-09: (no price)
Software & Licenses	Server Management & Operating System Licenses	HPE OCA > DL145 Gen11 [P71964-B21] > Software & Licenses > Server Management & Operating System Licenses	Service & Support	Unlimited	0	Unlimited	Selection constraint for Server Management & Operating System Licenses: no max	S0W15AAE	Service	HPE Serviceguard for Linux v15 HA and Disaster Recovery E7 2 Cores or 4 vCPUs 1y Sub 24x7 E-LTU	0	0		0		No	01/10/2023	09/30/2028	BASELINE	N/A	$0.00	0.00%	2026-09-09: (no price)
Software & Licenses	Server Management & Operating System Licenses	HPE OCA > DL145 Gen11 [P71964-B21] > Software & Licenses > Server Management & Operating System Licenses	Service & Support	Unlimited	0	Unlimited	Selection constraint for Server Management & Operating System Licenses: no max	S0W17AAE	Service	HPE Serviceguard for Linux v15 HA and Disaster Recovery E7 2 Cores or 4 vCPUs 5y Sub 24x7 E-LTU	0	0		0		No	01/10/2023	12/27/2027	BASELINE	N/A	$0.00	0.00%	2026-09-09: (no price)
Software & Licenses	Server Management & Operating System Licenses	HPE OCA > DL145 Gen11 [P71964-B21] > Software & Licenses > Server Management & Operating System Licenses	Service & Support	Unlimited	0	Unlimited	Selection constraint for Server Management & Operating System Licenses: no max	S0W18AAE	Service	HPE Serviceguard for Linux v15 SAP Add-on 2 Cores or 4 vCPUs 1-year Subscription 24x7 E-LTU	0	0		0		No	01/10/2023	09/30/2028	BASELINE	N/A	$0.00	0.00%	2026-09-09: (no price)
Software & Licenses	Server Management & Operating System Licenses	HPE OCA > DL145 Gen11 [P71964-B21] > Software & Licenses > Server Management & Operating System Licenses	Service & Support	Unlimited	0	Unlimited	Selection constraint for Server Management & Operating System Licenses: no max	S0W20AAE	Service	HPE Serviceguard for Linux v15 SAP Add-on 2 Cores or 4 vCPUs 5-year Subscription 24x7 E-LTU	0	0		0		No	01/10/2023	12/27/2027	BASELINE	N/A	$0.00	0.00%	2026-09-09: (no price)
Software & Licenses	Server Management & Operating System Licenses	HPE OCA > DL145 Gen11 [P71964-B21] > Software & Licenses > Server Management & Operating System Licenses	Service & Support	Unlimited	0	Unlimited	Selection constraint for Server Management & Operating System Licenses: no max	S0W21AAE	Service	HPE Serviceguard for Linux v15 Oracle Add-on 2 Cores or 4 vCPUs 1-year Subscription 24x7 E-LTU	0	0		0		No	01/10/2023	09/30/2028	BASELINE	N/A	$0.00	0.00%	2026-09-09: (no price)
Software & Licenses	Server Management & Operating System Licenses	HPE OCA > DL145 Gen11 [P71964-B21] > Software & Licenses > Server Management & Operating System Licenses	Service & Support	Unlimited	0	Unlimited	Selection constraint for Server Management & Operating System Licenses: no max	S0W23AAE	Service	HPE Serviceguard for Linux v15 Oracle Add-on 2 Cores or 4 vCPUs 5-year Subscription 24x7 E-LTU	0	0		0		No	01/10/2023	12/27/2027	BASELINE	N/A	$0.00	0.00%	2026-09-09: (no price)
Software & Licenses	Server Management & Operating System Licenses	HPE OCA > DL145 Gen11 [P71964-B21] > Software & Licenses > Server Management & Operating System Licenses	Service & Support	Unlimited	0	Unlimited	Selection constraint for Server Management & Operating System Licenses: no max	S0W24AAE	Service	HPE Serviceguard for Linux v15 Microsoft SQL Server Add-on 2 Cores or 4 vCPUs 1y Sub 24x7 E-LTU	0	0		0		No	01/10/2023	09/30/2028	BASELINE	N/A	$0.00	0.00%	2026-09-09: (no price)
Software & Licenses	Server Management & Operating System Licenses	HPE OCA > DL145 Gen11 [P71964-B21] > Software & Licenses > Server Management & Operating System Licenses	Service & Support	Unlimited	0	Unlimited	Selection constraint for Server Management & Operating System Licenses: no max	S0W26AAE	Service	HPE Serviceguard for Linux v15 Microsoft SQL Server Add-on 2 Cores or 4 vCPUs 5y Sub 24x7 E-LTU	0	0		0		No	01/10/2023	12/27/2027	BASELINE	N/A	$0.00	0.00%	2026-09-09: (no price)
Software & Licenses	Server Management & Operating System Licenses	HPE OCA > DL145 Gen11 [P71964-B21] > Software & Licenses > Server Management & Operating System Licenses	Service & Support	Unlimited	0	Unlimited	Selection constraint for Server Management & Operating System Licenses: no max	S0W27AAE	Service	HPE Serviceguard for Linux v15 NFS Add-on 2 Cores or 4 vCPUs 1-year Subscription 24x7 E-LTU	0	0		0		No	01/10/2023	09/30/2028	BASELINE	N/A	$0.00	0.00%	2026-09-09: (no price)
Software & Licenses	Server Management & Operating System Licenses	HPE OCA > DL145 Gen11 [P71964-B21] > Software & Licenses > Server Management & Operating System Licenses	Service & Support	Unlimited	0	Unlimited	Selection constraint for Server Management & Operating System Licenses: no max	S0W29AAE	Service	HPE Serviceguard for Linux v15 NFS Add-on 2 Cores or 4 vCPUs 5-year Subscription 24x7 E-LTU	0	0		0		No	01/10/2023	12/27/2027	BASELINE	N/A	$0.00	0.00%	2026-09-09: (no price)
Software & Licenses	Server Management & Operating System Licenses	HPE OCA > DL145 Gen11 [P71964-B21] > Software & Licenses > Server Management & Operating System Licenses	Service & Support	Unlimited	0	Unlimited	Selection constraint for Server Management & Operating System Licenses: no max	Q9S73AAE	Service	SUSE Linux Enterprise Server HPC 1-2 Sockets 1-year Subscription 9x5 Support E-LTU	0	0		0		No	04/02/2018	09/30/2027	BASELINE	N/A	$0.00	0.00%	2026-09-09: (no price)
Software & Licenses	Server Management & Operating System Licenses	HPE OCA > DL145 Gen11 [P71964-B21] > Software & Licenses > Server Management & Operating System Licenses	Service & Support	Unlimited	0	Unlimited	Selection constraint for Server Management & Operating System Licenses: no max	Q9S76AAE	Service	SUSE Linux Enterprise Server HPC 1-2 Sockets 1yr Subscription 24x7 Support E-LTU	0	0		0		No	04/02/2018	09/30/2027	BASELINE	N/A	$0.00	0.00%	2026-09-09: (no price)
Software & Licenses	Server Management & Operating System Licenses	HPE OCA > DL145 Gen11 [P71964-B21] > Software & Licenses > Server Management & Operating System Licenses	Service & Support	Unlimited	0	Unlimited	Selection constraint for Server Management & Operating System Licenses: no max	Q9S74AAE	Service	SUSE Linux Enterprise Server HPC 1-2 Sockets 3-year Subscription 9x5 Support E-LTU	0	0		0		No	04/02/2018	09/30/2027	BASELINE	N/A	$0.00	0.00%	2026-09-09: (no price)
Software & Licenses	Server Management & Operating System Licenses	HPE OCA > DL145 Gen11 [P71964-B21] > Software & Licenses > Server Management & Operating System Licenses	Service & Support	Unlimited	0	Unlimited	Selection constraint for Server Management & Operating System Licenses: no max	Q9S77AAE	Service	SUSE Linux Enterprise Server HPC 1-2 Sockets 3yr Subscription 24x7 Support E-LTU	0	0		0		No	04/02/2018	09/30/2027	BASELINE	N/A	$0.00	0.00%	2026-09-09: (no price)
Software & Licenses	Server Management & Operating System Licenses	HPE OCA > DL145 Gen11 [P71964-B21] > Software & Licenses > Server Management & Operating System Licenses	Service & Support	Unlimited	0	Unlimited	Selection constraint for Server Management & Operating System Licenses: no max	Q9S75AAE	Service	SUSE Linux Enterprise Server HPC 1-2 Sockets 5-year Subscription 9x5 Support E-LTU	0	0		0		No	04/02/2018	09/30/2027	BASELINE	N/A	$0.00	0.00%	2026-09-09: (no price)
Software & Licenses	Server Management & Operating System Licenses	HPE OCA > DL145 Gen11 [P71964-B21] > Software & Licenses > Server Management & Operating System Licenses	Service & Support	Unlimited	0	Unlimited	Selection constraint for Server Management & Operating System Licenses: no max	Q9S78AAE	Service	SUSE Linux Enterprise Server HPC 1-2 Sockets 5yr Subscription 24x7 Support E-LTU	0	0		0		No	04/02/2018	09/30/2027	BASELINE	N/A	$0.00	0.00%	2026-09-09: (no price)
Software & Licenses	Server Management & Operating System Licenses	HPE OCA > DL145 Gen11 [P71964-B21] > Software & Licenses > Server Management & Operating System Licenses	Operating System / License	Unlimited	0	Unlimited	Selection constraint for Server Management & Operating System Licenses: no max	R2U47AAE	Service	SUSE Linux Enterprise Server Live Patching x86-64 1-2Sockets Inherited Virtualization 5yr 24x7 E-LTU	0	0		0		No	06/01/2020	10/31/2025	BASELINE	N/A	$0.00	0.00%	2026-09-09: (no price)
Software & Licenses	Server Management & Operating System Licenses	HPE OCA > DL145 Gen11 [P71964-B21] > Software & Licenses > Server Management & Operating System Licenses	Operating System / License	Unlimited	0	Unlimited	Selection constraint for Server Management & Operating System Licenses: no max	P11085-291	Standard	Microsoft Windows Server 2016 Downgrade Datacenter Reseller Option Kit Japanese SW	0	0		0		No	04/02/2019	05/31/2025	BASELINE	N/A	$0.00	0.00%	2026-09-09: (no price)
Software & Licenses	Server Management & Operating System Licenses	HPE OCA > DL145 Gen11 [P71964-B21] > Software & Licenses > Server Management & Operating System Licenses	Operating System / License	Unlimited	0	Unlimited	Selection constraint for Server Management & Operating System Licenses: no max	P11084-291	Standard	Microsoft Windows Server 2016 Downgrade Standard Reseller Option Kit Japanese SW	0	0		0		No	04/02/2019	05/31/2025	BASELINE	N/A	$0.00	0.00%	2026-09-09: (no price)
Software & Licenses	Server Management & Operating System Licenses	HPE OCA > DL145 Gen11 [P71964-B21] > Software & Licenses > Server Management & Operating System Licenses	Operating System / License	Unlimited	0	Unlimited	Selection constraint for Server Management & Operating System Licenses: no max	P46172-AA1	Standard	Microsoft Windows Server 2022 10-core Essentials Reseller Option Kit Chinese Simplified SW	0	0		0		No	11/01/2021	05/31/2025	BASELINE	N/A	$0.00	0.00%	2026-09-09: (no price)
Software & Licenses	Server Management & Operating System Licenses	HPE OCA > DL145 Gen11 [P71964-B21] > Software & Licenses > Server Management & Operating System Licenses	Operating System / License	Unlimited	0	Unlimited	Selection constraint for Server Management & Operating System Licenses: no max	P46172-AB1	Standard	Microsoft Windows Server 2022 10-core Essentials Reseller Option Kit Chinese Traditional SW	0	0		0		No	11/01/2021	05/31/2025	BASELINE	N/A	$0.00	0.00%	2026-09-09: (no price)
Software & Licenses	Server Management & Operating System Licenses	HPE OCA > DL145 Gen11 [P71964-B21] > Software & Licenses > Server Management & Operating System Licenses	Operating System / License	Unlimited	0	Unlimited	Selection constraint for Server Management & Operating System Licenses: no max	P46172-371	Standard	Microsoft Windows Server 2022 10-core Essentials Reseller Option Kit English/Korean/Japanese SW	0	0		0		No	11/01/2021	05/31/2025	BASELINE	N/A	$0.00	0.00%	2026-09-09: (no price)
Software & Licenses	Server Management & Operating System Licenses	HPE OCA > DL145 Gen11 [P71964-B21] > Software & Licenses > Server Management & Operating System Licenses	Operating System / License	Unlimited	0	Unlimited	Selection constraint for Server Management & Operating System Licenses: no max	P46172-021	Standard	Microsoft Windows Server 2022 10-core Essentials Reseller Option Kit en/cs/pl/ru/sv SW	0	0		0		No	11/01/2021	05/31/2025	BASELINE	N/A	$0.00	0.00%	2026-09-09: (no price)
Software & Licenses	Server Management & Operating System Licenses	HPE OCA > DL145 Gen11 [P71964-B21] > Software & Licenses > Server Management & Operating System Licenses	Operating System / License	Unlimited	0	Unlimited	Selection constraint for Server Management & Operating System Licenses: no max	P46172-A21	Standard	Microsoft Windows Server 2022 10-core Essentials Reseller Option Kit en/fr/it/de/es/nl/pt SW	0	0		0		No	11/01/2021	05/31/2025	BASELINE	N/A	$0.00	0.00%	2026-09-09: (no price)
Software & Licenses	Server Management & Operating System Licenses	HPE OCA > DL145 Gen11 [P71964-B21] > Software & Licenses > Server Management & Operating System Licenses	Operating System / License	Unlimited	0	Unlimited	Selection constraint for Server Management & Operating System Licenses: no max	P46123-AA1	Standard	Microsoft Windows Server 2022 16-core Datacenter Reseller Option Kit Chinese Simplified SW	0	0		0		No	11/01/2021	05/31/2025	BASELINE	N/A	$0.00	0.00%	2026-09-09: (no price)
Software & Licenses	Server Management & Operating System Licenses	HPE OCA > DL145 Gen11 [P71964-B21] > Software & Licenses > Server Management & Operating System Licenses	Operating System / License	Unlimited	0	Unlimited	Selection constraint for Server Management & Operating System Licenses: no max	P46123-AB1	Standard	Microsoft Windows Server 2022 16-core Datacenter Reseller Option Kit Chinese Traditional SW	0	0		0		No	11/01/2021	05/31/2025	BASELINE	N/A	$0.00	0.00%	2026-09-09: (no price)
Software & Licenses	Server Management & Operating System Licenses	HPE OCA > DL145 Gen11 [P71964-B21] > Software & Licenses > Server Management & Operating System Licenses	Operating System / License	Unlimited	0	Unlimited	Selection constraint for Server Management & Operating System Licenses: no max	P46123-371	Standard	Microsoft Windows Server 2022 16-core Datacenter Reseller Option Kit English/Korean/Japanese SW	0	0		0		No	10/04/2021	05/31/2025	BASELINE	N/A	$0.00	0.00%	2026-09-09: (no price)
Software & Licenses	Server Management & Operating System Licenses	HPE OCA > DL145 Gen11 [P71964-B21] > Software & Licenses > Server Management & Operating System Licenses	Operating System / License	Unlimited	0	Unlimited	Selection constraint for Server Management & Operating System Licenses: no max	P46123-021	Standard	Microsoft Windows Server 2022 16-core Datacenter Reseller Option Kit en/cs/pl/ru/sv SW	0	0		0		No	11/01/2021	05/31/2025	BASELINE	N/A	$0.00	0.00%	2026-09-09: (no price)
Software & Licenses	Server Management & Operating System Licenses	HPE OCA > DL145 Gen11 [P71964-B21] > Software & Licenses > Server Management & Operating System Licenses	Operating System / License	Unlimited	0	Unlimited	Selection constraint for Server Management & Operating System Licenses: no max	P46123-A21	Standard	Microsoft Windows Server 2022 16-core Datacenter Reseller Option Kit en/fr/it/de/es/nl/pt SW	0	0		0		No	10/04/2021	05/31/2025	BASELINE	N/A	$0.00	0.00%	2026-09-09: (no price)
Software & Licenses	Server Management & Operating System Licenses	HPE OCA > DL145 Gen11 [P71964-B21] > Software & Licenses > Server Management & Operating System Licenses	Operating System / License	Unlimited	0	Unlimited	Selection constraint for Server Management & Operating System Licenses: no max	P46128-B21	Standard	Microsoft Windows Server 2022 16-core Datacenter w/Reassignment Reseller Option Kit en/fr/de/es SW	0	0		0		No	11/01/2021	05/31/2025	BASELINE	N/A	$0.00	0.00%	2026-09-09: (no price)
Software & Licenses	Server Management & Operating System Licenses	HPE OCA > DL145 Gen11 [P71964-B21] > Software & Licenses > Server Management & Operating System Licenses	Operating System / License	Unlimited	0	Unlimited	Selection constraint for Server Management & Operating System Licenses: no max	P46128-291	Standard	Microsoft Windows Server 2022 16-core Datacenter with Reassignment Reseller Option Kit Japanese SW	0	0		0		No	11/01/2021	05/31/2025	BASELINE	N/A	$0.00	0.00%	2026-09-09: (no price)
Software & Licenses	Server Management & Operating System Licenses	HPE OCA > DL145 Gen11 [P71964-B21] > Software & Licenses > Server Management & Operating System Licenses	Operating System / License	Unlimited	0	Unlimited	Selection constraint for Server Management & Operating System Licenses: no max	P46171-AA1	Standard	Microsoft Windows Server 2022 16-core Standard Reseller Option Kit Chinese Simplified SW	0	0		0		No	11/01/2021	05/31/2025	BASELINE	N/A	$0.00	0.00%	2026-09-09: (no price)
Software & Licenses	Server Management & Operating System Licenses	HPE OCA > DL145 Gen11 [P71964-B21] > Software & Licenses > Server Management & Operating System Licenses	Operating System / License	Unlimited	0	Unlimited	Selection constraint for Server Management & Operating System Licenses: no max	P46171-AB1	Standard	Microsoft Windows Server 2022 16-core Standard Reseller Option Kit Chinese Traditional SW	0	0		0		No	11/01/2021	05/31/2025	BASELINE	N/A	$0.00	0.00%	2026-09-09: (no price)
Software & Licenses	Server Management & Operating System Licenses	HPE OCA > DL145 Gen11 [P71964-B21] > Software & Licenses > Server Management & Operating System Licenses	Operating System / License	Unlimited	0	Unlimited	Selection constraint for Server Management & Operating System Licenses: no max	P46171-371	Standard	Microsoft Windows Server 2022 16-core Standard Reseller Option Kit English/Korean/Japanese SW	0	0		0		No	10/04/2021	05/31/2025	BASELINE	N/A	$0.00	0.00%	2026-09-09: (no price)
Software & Licenses	Server Management & Operating System Licenses	HPE OCA > DL145 Gen11 [P71964-B21] > Software & Licenses > Server Management & Operating System Licenses	Operating System / License	Unlimited	0	Unlimited	Selection constraint for Server Management & Operating System Licenses: no max	P46171-021	Standard	Microsoft Windows Server 2022 16-core Standard Reseller Option Kit en/cs/pl/ru/sv SW	0	0		0		No	11/01/2021	05/31/2025	BASELINE	N/A	$0.00	0.00%	2026-09-09: (no price)
Software & Licenses	Server Management & Operating System Licenses	HPE OCA > DL145 Gen11 [P71964-B21] > Software & Licenses > Server Management & Operating System Licenses	Operating System / License	Unlimited	0	Unlimited	Selection constraint for Server Management & Operating System Licenses: no max	P46171-A21	Standard	Microsoft Windows Server 2022 16-core Standard Reseller Option Kit en/fr/it/de/es/nl/pt SW	0	0		0		No	10/04/2021	05/31/2025	BASELINE	N/A	$0.00	0.00%	2026-09-09: (no price)
Software & Licenses	Server Management & Operating System Licenses	HPE OCA > DL145 Gen11 [P71964-B21] > Software & Licenses > Server Management & Operating System Licenses	Operating System / License	Unlimited	0	Unlimited	Selection constraint for Server Management & Operating System Licenses: no max	P77103-AA1	Standard	Microsoft Windows Server 2025 10-core Essentials Reseller Option Kit Chinese Simplified SW	0	0		0		No	12/02/2024	01/31/2027	BASELINE	N/A	$0.00	0.00%	2026-09-09: (no price)
Software & Licenses	Server Management & Operating System Licenses	HPE OCA > DL145 Gen11 [P71964-B21] > Software & Licenses > Server Management & Operating System Licenses	Operating System / License	Unlimited	0	Unlimited	Selection constraint for Server Management & Operating System Licenses: no max	P77103-AB1	Standard	Microsoft Windows Server 2025 10-core Essentials Reseller Option Kit Chinese Traditional SW	0	0		0		No	12/02/2024	01/31/2027	BASELINE	N/A	$0.00	0.00%	2026-09-09: (no price)
Software & Licenses	Server Management & Operating System Licenses	HPE OCA > DL145 Gen11 [P71964-B21] > Software & Licenses > Server Management & Operating System Licenses	Operating System / License	Unlimited	0	Unlimited	Selection constraint for Server Management & Operating System Licenses: no max	P77103-291	Standard	Microsoft Windows Server 2025 10-core Essentials Reseller Option Kit Japanese SW	0	0		0		No	12/02/2024	01/31/2027	BASELINE	N/A	$0.00	0.00%	2026-09-09: (no price)
Software & Licenses	Server Management & Operating System Licenses	HPE OCA > DL145 Gen11 [P71964-B21] > Software & Licenses > Server Management & Operating System Licenses	Operating System / License	Unlimited	0	Unlimited	Selection constraint for Server Management & Operating System Licenses: no max	S6L39A	Service	Microsoft Windows Server 2025 10-core Essentials Reseller Option Kit WW ESD LTU	0	0		0		No	09/02/2025	11/30/2027	BASELINE	N/A	$0.00	0.00%	2026-09-09: (no price)
Software & Licenses	Server Management & Operating System Licenses	HPE OCA > DL145 Gen11 [P71964-B21] > Software & Licenses > Server Management & Operating System Licenses	Operating System / License	Unlimited	0	Unlimited	Selection constraint for Server Management & Operating System Licenses: no max	P77103-021	Standard	Microsoft Windows Server 2025 10-core Essentials Reseller Option Kit en/cs/pl/ru/sv SW	0	0		0		No	12/02/2024	01/31/2027	BASELINE	N/A	$0.00	0.00%	2026-09-09: (no price)
Software & Licenses	Server Management & Operating System Licenses	HPE OCA > DL145 Gen11 [P71964-B21] > Software & Licenses > Server Management & Operating System Licenses	Operating System / License	Unlimited	0	Unlimited	Selection constraint for Server Management & Operating System Licenses: no max	P77103-A21	Standard	Microsoft Windows Server 2025 10-core Essentials Reseller Option Kit en/fr/de/es/it/pt/nl SW	0	0		0		No	12/02/2024	01/31/2027	BASELINE	N/A	$0.00	0.00%	2026-09-09: (no price)
Software & Licenses	Server Management & Operating System Licenses	HPE OCA > DL145 Gen11 [P71964-B21] > Software & Licenses > Server Management & Operating System Licenses	Operating System / License	Unlimited	0	Unlimited	Selection constraint for Server Management & Operating System Licenses: no max	P77103-371	Standard	Microsoft Windows Server 2025 10-core Essentials Reseller Option Kit en/ko SW	0	0		0		No	12/02/2024	01/31/2027	BASELINE	N/A	$0.00	0.00%	2026-09-09: (no price)
Software & Licenses	Server Management & Operating System Licenses	HPE OCA > DL145 Gen11 [P71964-B21] > Software & Licenses > Server Management & Operating System Licenses	Operating System / License	Unlimited	0	Unlimited	Selection constraint for Server Management & Operating System Licenses: no max	P77102-291	Standard	Microsoft Windows Server 2025 16-core Datacenter Reassignment Reseller Option Kit Japanese SW	0	0		0		No	12/02/2024	01/31/2027	BASELINE	N/A	$0.00	0.00%	2026-09-09: (no price)
Software & Licenses	Server Management & Operating System Licenses	HPE OCA > DL145 Gen11 [P71964-B21] > Software & Licenses > Server Management & Operating System Licenses	Operating System / License	Unlimited	0	Unlimited	Selection constraint for Server Management & Operating System Licenses: no max	S6L37A	Service	Microsoft Windows Server 2025 16-core Datacenter Reassignment Reseller Option Kit WW ESD LTU	0	0		0		No	09/02/2025	11/30/2027	BASELINE	N/A	$0.00	0.00%	2026-09-09: (no price)
Software & Licenses	Server Management & Operating System Licenses	HPE OCA > DL145 Gen11 [P71964-B21] > Software & Licenses > Server Management & Operating System Licenses	Operating System / License	Unlimited	0	Unlimited	Selection constraint for Server Management & Operating System Licenses: no max	P77102-B21	Standard	Microsoft Windows Server 2025 16-core Datacenter Reassignment Reseller Option Kit en/fr/de/es SW	0	0		0		No	12/02/2024	01/31/2027	BASELINE	N/A	$0.00	0.00%	2026-09-09: (no price)
Software & Licenses	Server Management & Operating System Licenses	HPE OCA > DL145 Gen11 [P71964-B21] > Software & Licenses > Server Management & Operating System Licenses	Operating System / License	Unlimited	0	Unlimited	Selection constraint for Server Management & Operating System Licenses: no max	P77101-AA1	Standard	Microsoft Windows Server 2025 16-core Datacenter Reseller Option Kit Chinese Simplified SW	0	0		0		No	12/02/2024	01/31/2027	BASELINE	N/A	$0.00	0.00%	2026-09-09: (no price)
Software & Licenses	Server Management & Operating System Licenses	HPE OCA > DL145 Gen11 [P71964-B21] > Software & Licenses > Server Management & Operating System Licenses	Operating System / License	Unlimited	0	Unlimited	Selection constraint for Server Management & Operating System Licenses: no max	P77101-AB1	Standard	Microsoft Windows Server 2025 16-core Datacenter Reseller Option Kit Chinese Traditional SW	0	0		0		No	12/02/2024	01/31/2027	BASELINE	N/A	$0.00	0.00%	2026-09-09: (no price)
Software & Licenses	Server Management & Operating System Licenses	HPE OCA > DL145 Gen11 [P71964-B21] > Software & Licenses > Server Management & Operating System Licenses	Operating System / License	Unlimited	0	Unlimited	Selection constraint for Server Management & Operating System Licenses: no max	P77101-291	Standard	Microsoft Windows Server 2025 16-core Datacenter Reseller Option Kit Japanese SW	0	0		0		No	12/02/2024	01/31/2027	BASELINE	N/A	$0.00	0.00%	2026-09-09: (no price)
Software & Licenses	Server Management & Operating System Licenses	HPE OCA > DL145 Gen11 [P71964-B21] > Software & Licenses > Server Management & Operating System Licenses	Operating System / License	Unlimited	0	Unlimited	Selection constraint for Server Management & Operating System Licenses: no max	S6L36A	Service	Microsoft Windows Server 2025 16-core Datacenter Reseller Option Kit WW ESD LTU	0	0		0		No	09/02/2025	11/30/2027	BASELINE	N/A	$0.00	0.00%	2026-09-09: (no price)
Software & Licenses	Server Management & Operating System Licenses	HPE OCA > DL145 Gen11 [P71964-B21] > Software & Licenses > Server Management & Operating System Licenses	Operating System / License	Unlimited	0	Unlimited	Selection constraint for Server Management & Operating System Licenses: no max	P77101-021	Standard	Microsoft Windows Server 2025 16-core Datacenter Reseller Option Kit en/cs/pl/ru/sv SW	0	0		0		No	12/02/2024	01/31/2027	BASELINE	N/A	$0.00	0.00%	2026-09-09: (no price)
Software & Licenses	Server Management & Operating System Licenses	HPE OCA > DL145 Gen11 [P71964-B21] > Software & Licenses > Server Management & Operating System Licenses	Operating System / License	Unlimited	0	Unlimited	Selection constraint for Server Management & Operating System Licenses: no max	P77101-A21	Standard	Microsoft Windows Server 2025 16-core Datacenter Reseller Option Kit en/fr/de/es/it/pt/nl SW	0	0		0		No	12/02/2024	01/31/2027	BASELINE	N/A	$0.00	0.00%	2026-09-09: (no price)
Software & Licenses	Server Management & Operating System Licenses	HPE OCA > DL145 Gen11 [P71964-B21] > Software & Licenses > Server Management & Operating System Licenses	Operating System / License	Unlimited	0	Unlimited	Selection constraint for Server Management & Operating System Licenses: no max	P77101-371	Standard	Microsoft Windows Server 2025 16-core Datacenter Reseller Option Kit en/ko SW	0	0		0		No	12/02/2024	01/31/2027	BASELINE	N/A	$0.00	0.00%	2026-09-09: (no price)
Software & Licenses	Server Management & Operating System Licenses	HPE OCA > DL145 Gen11 [P71964-B21] > Software & Licenses > Server Management & Operating System Licenses	Operating System / License	Unlimited	0	Unlimited	Selection constraint for Server Management & Operating System Licenses: no max	P77100-AA1	Standard	Microsoft Windows Server 2025 16-core Standard Reseller Option Kit Chinese Simplified SW	0	0		0		No	12/02/2024	01/31/2027	BASELINE	N/A	$0.00	0.00%	2026-09-09: (no price)
Software & Licenses	Server Management & Operating System Licenses	HPE OCA > DL145 Gen11 [P71964-B21] > Software & Licenses > Server Management & Operating System Licenses	Operating System / License	Unlimited	0	Unlimited	Selection constraint for Server Management & Operating System Licenses: no max	P77100-AB1	Standard	Microsoft Windows Server 2025 16-core Standard Reseller Option Kit Chinese Traditional SW	0	0		0		No	12/02/2024	01/31/2027	BASELINE	N/A	$0.00	0.00%	2026-09-09: (no price)
Software & Licenses	Server Management & Operating System Licenses	HPE OCA > DL145 Gen11 [P71964-B21] > Software & Licenses > Server Management & Operating System Licenses	Operating System / License	Unlimited	0	Unlimited	Selection constraint for Server Management & Operating System Licenses: no max	P77100-291	Standard	Microsoft Windows Server 2025 16-core Standard Reseller Option Kit Japanese SW	0	0		0		No	12/02/2024	01/31/2027	BASELINE	N/A	$0.00	0.00%	2026-09-09: (no price)
Software & Licenses	Server Management & Operating System Licenses	HPE OCA > DL145 Gen11 [P71964-B21] > Software & Licenses > Server Management & Operating System Licenses	Operating System / License	Unlimited	0	Unlimited	Selection constraint for Server Management & Operating System Licenses: no max	S6L38A	Service	Microsoft Windows Server 2025 16-core Standard Reseller Option Kit WW ESD LTU	0	0		0		No	09/02/2025	11/30/2027	BASELINE	N/A	$0.00	0.00%	2026-09-09: (no price)
Software & Licenses	Server Management & Operating System Licenses	HPE OCA > DL145 Gen11 [P71964-B21] > Software & Licenses > Server Management & Operating System Licenses	Operating System / License	Unlimited	0	Unlimited	Selection constraint for Server Management & Operating System Licenses: no max	P77100-021	Standard	Microsoft Windows Server 2025 16-core Standard Reseller Option Kit en/cs/pl/ru/sv SW	0	0		0		No	12/02/2024	01/31/2027	BASELINE	N/A	$0.00	0.00%	2026-09-09: (no price)
Software & Licenses	Server Management & Operating System Licenses	HPE OCA > DL145 Gen11 [P71964-B21] > Software & Licenses > Server Management & Operating System Licenses	Operating System / License	Unlimited	0	Unlimited	Selection constraint for Server Management & Operating System Licenses: no max	P77100-A21	Standard	Microsoft Windows Server 2025 16-core Standard Reseller Option Kit en/fr/de/es/it/pt/nl SW	0	0		0		No	12/02/2024	01/31/2027	BASELINE	N/A	$0.00	0.00%	2026-09-09: (no price)
Software & Licenses	Server Management & Operating System Licenses	HPE OCA > DL145 Gen11 [P71964-B21] > Software & Licenses > Server Management & Operating System Licenses	Operating System / License	Unlimited	0	Unlimited	Selection constraint for Server Management & Operating System Licenses: no max	P77100-371	Standard	Microsoft Windows Server 2025 16-core Standard Reseller Option Kit en/ko SW	0	0		0		No	12/02/2024	01/31/2027	BASELINE	N/A	$0.00	0.00%	2026-09-09: (no price)