Main Category	Sub-Category	Hierarchy Path	Component Role	Constraint Text	Subcategory Min Qty	Subcategory Max Qty	Table Rule/Note	Product #	Option Type	Description	Current Qty	Unit Price (USD)	Price Delta (USD)	Extended Price (USD)	Price per GB (USD)	HPE Recommended	Start Date	Discontinued Date	Diff Status	Previous List Price (USD)	Price Change (USD)	Price Change (%)	Price History Trail
Chassis	Variants	HPE OCA > DL145 Gen11 [P71964-B21] > Chassis > Variants	Base Chassis	min 1, max 1	1	1	Base chassis captured from the active OCA configuration summary	P71964-B21	CTO	HPE ProLiant DL145 Gen11 Configure-to-order Server	1	2375.00				Yes			ADDED	N/A	+$2375.00	+100.00%	2026-09-09: $2375.00
Accessories & Infrastructure	Chassis Infrastructure & Rail Kits	HPE OCA > DL145 Gen11 [P71964-B21] > Accessories & Infrastructure > Chassis Infrastructure & Rail Kits	Chassis Infrastructure	Optional	0	Optional	Selection constraint for Chassis Infrastructure & Rail Kits: optional	P22020-B21	Standard	HPE DL38X Gen10 Plus 2U Cable Management Arm for Rail Kit	1	0		0		No	12/23/2019	05/31/2028	ADDED	N/A	$0.00	0.00%	2026-09-09: (no price)
Accessories & Infrastructure	Chassis Infrastructure & Rail Kits	HPE OCA > DL145 Gen11 [P71964-B21] > Accessories & Infrastructure > Chassis Infrastructure & Rail Kits	Chassis Infrastructure	Optional	0	Optional	Selection constraint for Chassis Infrastructure & Rail Kits: optional	P52349-B21	Standard	HPE Easy Install Rail 1 Kit	1	0		0		No	01/10/2023	06/30/2028	ADDED	N/A	$0.00	0.00%	2026-09-09: (no price)
Accessories & Infrastructure	Chassis Infrastructure & Rail Kits	HPE OCA > DL145 Gen11 [P71964-B21] > Accessories & Infrastructure > Chassis Infrastructure & Rail Kits	Cable Kit	Optional	0	Optional	Selection constraint for Chassis Infrastructure & Rail Kits: optional	P72008-B21	Standard	HPE ProLiant DL145 Gen11 Rack Enablement Kit	1	0		0		No	09/03/2024	06/30/2028	ADDED	N/A	$0.00	0.00%	2026-09-09: (no price)
Accessories & Infrastructure	Chassis Infrastructure & Rail Kits	HPE OCA > DL145 Gen11 [P71964-B21] > Accessories & Infrastructure > Chassis Infrastructure & Rail Kits	Chassis Infrastructure	Optional	0	Optional	Selection constraint for Chassis Infrastructure & Rail Kits: optional	P78764-B21	Standard	HPE ProLiant DL145 Gen11 2-post Rail Kit	0	0		0		No	03/03/2025	06/30/2028	ADDED	N/A	$0.00	0.00%	2026-09-09: (no price)
Accessories & Infrastructure	System Options	HPE OCA > DL145 Gen11 [P71964-B21] > Accessories & Infrastructure > System Options	Chassis Infrastructure	Optional	0	Optional	"HPE DL145 Gen11 Desk/Wall Mount Kit" and "HPE DL145 Gen11 Rack enable kit" cannot be selected together.	P72006-B21	Standard	HPE ProLiant DL145 Gen11 Desk/Wall Mounting Kit	0	0		0		No	09/03/2024	06/30/2028	ADDED	N/A	$0.00	0.00%	2026-09-09: (no price)
Accessories & Infrastructure	System Options	HPE OCA > DL145 Gen11 [P71964-B21] > Accessories & Infrastructure > System Options	Chassis Infrastructure	Optional	0	Optional	Selection constraint for System Options: optional	P73006-B21	Standard	HPE ProLiant DL145 Gen11 Optimised Acoustics FIO Configuration	1	0		0		No	09/03/2024	09/30/2099	ADDED	N/A	$0.00	0.00%	2026-09-09: (no price)
Accessories & Infrastructure	System Options	HPE OCA > DL145 Gen11 [P71964-B21] > Accessories & Infrastructure > System Options	Service & Support	Optional	0	Optional	Selection constraint for System Options: optional	P72891-B21	Standard	HPE ProLiant DL145 Gen11 High Temperature Support FIO Configuration	0	0		0		No	09/03/2024	09/30/2099	ADDED	N/A	$0.00	0.00%	2026-09-09: (no price)
Accessories & Infrastructure	System Options	HPE OCA > DL145 Gen11 [P71964-B21] > Accessories & Infrastructure > System Options	Chassis Infrastructure	Optional	0	Optional	Selection constraint for System Options: optional	P73015-B21	Standard	HPE ProLiant DL145 Gen11 5C-35C/41F-95F Degrees Operational Temperature FIO Configuration	0	0		0		No	04/07/2025	09/30/2099	ADDED	N/A	$0.00	0.00%	2026-09-09: (no price)
Accessories & Infrastructure	System Options	HPE OCA > DL145 Gen11 [P71964-B21] > Accessories & Infrastructure > System Options	Chassis Infrastructure	Optional	0	Optional	Selection constraint for System Options: optional	P73018-B21	Standard	HPE ProLiant DL145 Gen11 -5C-40C/23F-104F Degrees Operational Temperature FIO Configuration	0	0		0		No	09/03/2024	09/30/2099	ADDED	N/A	$0.00	0.00%	2026-09-09: (no price)
Accessories & Infrastructure	System Options	HPE OCA > DL145 Gen11 [P71964-B21] > Accessories & Infrastructure > System Options	Chassis Infrastructure	Optional	0	Optional	Selection constraint for System Options: optional	P73021-B21	Standard	HPE ProLiant DL145 Gen11 -5C-45C/23F - 113F Degrees Operational Temperature FIO Configuration	0	0		0		No	09/03/2024	09/30/2099	ADDED	N/A	$0.00	0.00%	2026-09-09: (no price)
Accessories & Infrastructure	System Options	HPE OCA > DL145 Gen11 [P71964-B21] > Accessories & Infrastructure > System Options	Chassis Infrastructure	Optional	0	Optional	Selection constraint for System Options: optional	P73024-B21	Standard	HPE ProLiant DL145 Gen11 -5C-50C/23F-122F Degrees Operational Temperature FIO Configuration	0	0		0		No	09/03/2024	09/30/2099	ADDED	N/A	$0.00	0.00%	2026-09-09: (no price)
Accessories & Infrastructure	System Options	HPE OCA > DL145 Gen11 [P71964-B21] > Accessories & Infrastructure > System Options	Chassis Infrastructure	Optional	0	Optional	Selection constraint for System Options: optional	P73027-B21	Standard	HPE ProLiant DL145 Gen11 -5C-55C/23F-131F Degrees Operational Temperature FIO Configuration	0	0		0		No	09/03/2024	09/30/2099	ADDED	N/A	$0.00	0.00%	2026-09-09: (no price)
Processor	Intel Xeon 6th Gen Scalable Processors	HPE OCA > DL145 Gen11 [P71964-B21] > Processor > Intel Xeon 6th Gen Scalable Processors	Processor	min 1, max 2	1	2	Selection constraint for Intel Xeon 6th Gen Scalable Processors: min 1, max 2	P69259-B21	Standard	AMD EPYC 8124P 2.45GHz 16-core 125W Processor for HPE	0	0	0	0		No	09/03/2024	06/30/2028	ADDED	N/A	$0.00	0.00%	2026-09-09: (no price)
Processor	Intel Xeon 6th Gen Scalable Processors	HPE OCA > DL145 Gen11 [P71964-B21] > Processor > Intel Xeon 6th Gen Scalable Processors	Processor	min 1, max 2	1	2	Selection constraint for Intel Xeon 6th Gen Scalable Processors: min 1, max 2	P69262-B21	Standard	AMD EPYC 8434P 2.5GHz 48-core 200W Processor for HPE	0	0	0	0		No	09/03/2024	06/30/2028	ADDED	N/A	$0.00	0.00%	2026-09-09: (no price)
Processor	Intel Xeon 6th Gen Scalable Processors	HPE OCA > DL145 Gen11 [P71964-B21] > Processor > Intel Xeon 6th Gen Scalable Processors	Processor	min 1, max 2	1	2	Selection constraint for Intel Xeon 6th Gen Scalable Processors: min 1, max 2	P69263-B21	Standard	AMD EPYC 8534P 2.3GHz 64-core 200W Processor for HPE	0	0	0	0		No	09/03/2024	06/30/2028	ADDED	N/A	$0.00	0.00%	2026-09-09: (no price)
Processor	Intel Xeon 6th Gen Scalable Processors	HPE OCA > DL145 Gen11 [P71964-B21] > Processor > Intel Xeon 6th Gen Scalable Processors	Processor	min 1, max 2	1	2	Selection constraint for Intel Xeon 6th Gen Scalable Processors: min 1, max 2	P71859-B21	Standard	AMD EPYC 8024PN 2.05GHz 8-core 80W Processor for HPE	0	0	0	0		No	09/03/2024	06/30/2028	ADDED	N/A	$0.00	0.00%	2026-09-09: (no price)
Processor	Intel Xeon 6th Gen Scalable Processors	HPE OCA > DL145 Gen11 [P71964-B21] > Processor > Intel Xeon 6th Gen Scalable Processors	Processor	min 1, max 2	1	2	Selection constraint for Intel Xeon 6th Gen Scalable Processors: min 1, max 2	P71862-B21	Standard	AMD EPYC 8124PN 2.0GHz 16-core 100W Processor for HPE	0	0	0	0		No	09/03/2024	06/30/2028	ADDED	N/A	$0.00	0.00%	2026-09-09: (no price)
Processor	Intel Xeon 6th Gen Scalable Processors	HPE OCA > DL145 Gen11 [P71964-B21] > Processor > Intel Xeon 6th Gen Scalable Processors	Processor	min 1, max 2	1	2	Selection constraint for Intel Xeon 6th Gen Scalable Processors: min 1, max 2	P71871-B21	Standard	AMD EPYC 8434PN 2.0GHz 48-core 155W Processor for HPE	0	0	0	0		No	09/03/2024	06/30/2028	ADDED	N/A	$0.00	0.00%	2026-09-09: (no price)
Processor	Intel Xeon 6th Gen Scalable Processors	HPE OCA > DL145 Gen11 [P71964-B21] > Processor > Intel Xeon 6th Gen Scalable Processors	Processor	min 1, max 2	1	2	Selection constraint for Intel Xeon 6th Gen Scalable Processors: min 1, max 2	P71874-B21	Standard	AMD EPYC 8534PN 2.0GHz 64-core 175W Processor for HPE	0	0	0	0		No	09/03/2024	06/30/2028	ADDED	N/A	$0.00	0.00%	2026-09-09: (no price)
Processor	Intel Xeon 6th Gen Scalable Processors	HPE OCA > DL145 Gen11 [P71964-B21] > Processor > Intel Xeon 6th Gen Scalable Processors	Processor	min 1, max 2	1	2	Selection constraint for Intel Xeon 6th Gen Scalable Processors: min 1, max 2	P88840-B21	Standard	AMD EPYC 8635P 1.6GHz 84-core 225W Processor for HPE	0	0	0	0		No	05/19/2026	06/30/2028	ADDED	N/A	$0.00	0.00%	2026-09-09: (no price)
Processor	Intel Xeon 6th Gen Scalable Processors	HPE OCA > DL145 Gen11 [P71964-B21] > Processor > Intel Xeon 6th Gen Scalable Processors	Processor	min 1, max 2	1	2	Selection constraint for Intel Xeon 6th Gen Scalable Processors: min 1, max 2	P88842-B21	Standard	AMD EPYC 8535P 2.0GHz 64-core 210W Processor for HPE	0	0	0	0		No	05/19/2026	06/30/2028	ADDED	N/A	$0.00	0.00%	2026-09-09: (no price)
Processor	Intel Xeon 6th Gen Scalable Processors	HPE OCA > DL145 Gen11 [P71964-B21] > Processor > Intel Xeon 6th Gen Scalable Processors	Processor	min 1, max 2	1	2	Selection constraint for Intel Xeon 6th Gen Scalable Processors: min 1, max 2	P88850-B21	Standard	AMD EPYC 8125P 2.65GHz 16-core 125W Processor for HPE	0	0	0	0		No	05/19/2026	06/30/2028	ADDED	N/A	$0.00	0.00%	2026-09-09: (no price)
Processor	Intel Xeon 6th Gen Scalable Processors	HPE OCA > DL145 Gen11 [P71964-B21] > Processor > Intel Xeon 6th Gen Scalable Processors	Processor	min 1, max 2	1	2	Selection constraint for Intel Xeon 6th Gen Scalable Processors: min 1, max 2	P69258-B21	Standard	AMD EPYC 8024P 2.4GHz 8-core 90W Processor for HPE	0	0	0	0		No	09/03/2024	06/30/2028	ADDED	N/A	$0.00	0.00%	2026-09-09: (no price)
Processor	Intel Xeon 6th Gen Scalable Processors	HPE OCA > DL145 Gen11 [P71964-B21] > Processor > Intel Xeon 6th Gen Scalable Processors	Processor	min 1, max 2	1	2	Selection constraint for Intel Xeon 6th Gen Scalable Processors: min 1, max 2	P69260-B21	Standard	AMD EPYC 8224P 2.55GHz 24-core 160W Processor for HPE	1	0	0	0		No	09/03/2024	06/30/2028	ADDED	N/A	$0.00	0.00%	2026-09-09: (no price)
Processor	Intel Xeon 6th Gen Scalable Processors	HPE OCA > DL145 Gen11 [P71964-B21] > Processor > Intel Xeon 6th Gen Scalable Processors	Processor	min 1, max 2	1	2	Selection constraint for Intel Xeon 6th Gen Scalable Processors: min 1, max 2	P69261-B21	Standard	AMD EPYC 8324P 2.65GHz 32-core 180W Processor for HPE	0	0	0	0		No	09/03/2024	06/30/2028	ADDED	N/A	$0.00	0.00%	2026-09-09: (no price)
Processor	Intel Xeon 6th Gen Scalable Processors	HPE OCA > DL145 Gen11 [P71964-B21] > Processor > Intel Xeon 6th Gen Scalable Processors	Processor	min 1, max 2	1	2	Selection constraint for Intel Xeon 6th Gen Scalable Processors: min 1, max 2	P71865-B21	Standard	AMD EPYC 8224PN 2.0GHz 24-core 120W Processor for HPE	0	0	0	0		No	09/03/2024	06/30/2028	ADDED	N/A	$0.00	0.00%	2026-09-09: (no price)
Processor	Intel Xeon 6th Gen Scalable Processors	HPE OCA > DL145 Gen11 [P71964-B21] > Processor > Intel Xeon 6th Gen Scalable Processors	Processor	min 1, max 2	1	2	Selection constraint for Intel Xeon 6th Gen Scalable Processors: min 1, max 2	P71868-B21	Standard	AMD EPYC 8324PN 2.05GHz 32-core 130W Processor for HPE	0	0	0	0		No	09/03/2024	06/30/2028	ADDED	N/A	$0.00	0.00%	2026-09-09: (no price)
Processor	Intel Xeon 6th Gen Scalable Processors	HPE OCA > DL145 Gen11 [P71964-B21] > Processor > Intel Xeon 6th Gen Scalable Processors	Processor	min 1, max 2	1	2	Selection constraint for Intel Xeon 6th Gen Scalable Processors: min 1, max 2	P88844-B21	Standard	AMD EPYC 8435P 2.45GHz 48-core 200W Processor for HPE	0	0	0	0		No	05/19/2026	06/30/2028	ADDED	N/A	$0.00	0.00%	2026-09-09: (no price)
Processor	Intel Xeon 6th Gen Scalable Processors	HPE OCA > DL145 Gen11 [P71964-B21] > Processor > Intel Xeon 6th Gen Scalable Processors	Processor	min 1, max 2	1	2	Selection constraint for Intel Xeon 6th Gen Scalable Processors: min 1, max 2	P88846-B21	Standard	AMD EPYC 8325P 2.7GHz 32-core 175W Processor for HPE	0	0	0	0		No	05/19/2026	06/30/2028	ADDED	N/A	$0.00	0.00%	2026-09-09: (no price)
Processor	Intel Xeon 6th Gen Scalable Processors	HPE OCA > DL145 Gen11 [P71964-B21] > Processor > Intel Xeon 6th Gen Scalable Processors	Processor	min 1, max 2	1	2	Selection constraint for Intel Xeon 6th Gen Scalable Processors: min 1, max 2	P88848-B21	Standard	AMD EPYC 8225P 2.95GHz 24-core 160W Processor for HPE	0	0	0	0		No	05/19/2026	06/30/2028	ADDED	N/A	$0.00	0.00%	2026-09-09: (no price)
Processor	Intel Xeon 6th Gen Scalable Processors	HPE OCA > DL145 Gen11 [P71964-B21] > Processor > Intel Xeon 6th Gen Scalable Processors	Processor	min 1, max 2	1	2	Selection constraint for Intel Xeon 6th Gen Scalable Processors: min 1, max 2	P88852-B21	Standard	AMD EPYC 8025P 2.9GHz 8-core 95W Processor for HPE	0	0	0	0		No	05/19/2026	06/30/2028	ADDED	N/A	$0.00	0.00%	2026-09-09: (no price)
Cooling / Thermal	Standard & Performance Heat Sinks	HPE OCA > DL145 Gen11 [P71964-B21] > Cooling / Thermal > Standard & Performance Heat Sinks	Cooling / Thermal	max 6	0	6	Selection constraint for Standard & Performance Heat Sinks: max 6	P72580-B21	Standard	HPE ProLiant DL145 Gen11 1U Heat Sink Kit	0	0		0		No	04/07/2025	06/30/2028	ADDED	N/A	$0.00	0.00%	2026-09-09: (no price)
Memory	DDR5 Registered Smart Memory	HPE OCA > DL145 Gen11 [P71964-B21] > Memory > DDR5 Registered Smart Memory	Memory	max 32	0	32	Selection constraint for DDR5 Registered Smart Memory: max 32	P50311-F21	Standard	HPE 32GB (1x32GB) Dual Rank x8 DDR5-4800 CAS-40-39-39 EC8 Registered Smart FIO Memory Kit	1	0		0		No	04/06/2026	11/30/2028	ADDED	N/A	$0.00	0.00%	2026-09-09: (no price)
Memory	DDR5 Registered Smart Memory	HPE OCA > DL145 Gen11 [P71964-B21] > Memory > DDR5 Registered Smart Memory	Memory	max 32	0	32	All DIMMs selected in a server configuration must be of the same part number, capacity size, rank etc.	P50312-F21	Standard	HPE 64GB (1x64GB) Dual Rank x4 DDR5-4800 CAS-40-39-39 EC8 Registered Smart FIO Memory Kit	0	0		0		No	04/06/2026	11/30/2028	ADDED	N/A	$0.00	0.00%	2026-09-09: (no price)
Memory	DDR5 Registered Smart Memory	HPE OCA > DL145 Gen11 [P71964-B21] > Memory > DDR5 Registered Smart Memory	Memory	max 32	0	32	All DIMMs selected in a server configuration must be of the same part number, capacity size, rank etc.	P64986-F21	Standard	HPE 64GB (1x64GB) Dual Rank x4 DDR5-6400 CAS-52-52-52 EC8 Registered Smart FIO Memory Kit	0	0		0		No	04/06/2026	11/30/2028	ADDED	N/A	$0.00	0.00%	2026-09-09: (no price)
Memory	DDR5 Registered Smart Memory	HPE OCA > DL145 Gen11 [P71964-B21] > Memory > DDR5 Registered Smart Memory	Memory	max 32	0	32	All DIMMs selected in a server configuration must be of the same part number, capacity size, rank etc.	P50309-F21	Standard	HPE 16GB (1x16GB) Single Rank x8 DDR5-4800 CAS-40-39-39 EC8 Registered Smart FIO Memory Kit	0	0		0		No	04/06/2026	11/30/2028	ADDED	N/A	$0.00	0.00%	2026-09-09: (no price)
Memory	DDR5 Registered Smart Memory	HPE OCA > DL145 Gen11 [P71964-B21] > Memory > DDR5 Registered Smart Memory	Memory	max 32	0	32	All DIMMs selected in a server configuration must be of the same part number, capacity size, rank etc.	P64985-F21	Standard	HPE 32GB (1x32GB) Dual Rank x8 DDR5-6400 CAS-52-52-52 EC8 Registered Smart FIO Memory Kit	0	0		0		No	04/06/2026	11/30/2028	ADDED	N/A	$0.00	0.00%	2026-09-09: (no price)
Memory	DDR5 Registered Smart Memory	HPE OCA > DL145 Gen11 [P71964-B21] > Memory > DDR5 Registered Smart Memory	Memory	max 32	0	32	All DIMMs selected in a server configuration must be of the same part number, capacity size, rank etc.	P64987-F21	Standard	HPE 96GB (1x96GB) Dual Rank x4 DDR5-6400 CAS-52-52-52 EC8 Registered Smart FIO Memory Kit	0	0		0		No	04/06/2026	11/30/2028	ADDED	N/A	$0.00	0.00%	2026-09-09: (no price)
Memory	DDR5 Registered Smart Memory	HPE OCA > DL145 Gen11 [P71964-B21] > Memory > DDR5 Registered Smart Memory	Memory	max 32	0	32	All DIMMs selected in a server configuration must be of the same part number, capacity size, rank etc.	P64988-F21	Standard	HPE 128GB (1x128GB) Dual Rank x4 DDR5-6400 CAS-52-52-52 EC8 Registered Smart FIO Memory Kit	0	0		0		No	04/06/2026	11/30/2028	ADDED	N/A	$0.00	0.00%	2026-09-09: (no price)
Memory	DDR5 Registered Smart Memory	HPE OCA > DL145 Gen11 [P71964-B21] > Memory > DDR5 Registered Smart Memory	Memory	max 32	0	32	All DIMMs selected in a server configuration must be of the same part number, capacity size, rank etc.	P66676-F21	Standard	HPE 96GB (1x96GB) Dual Rank x4 DDR5-4800 CAS-46-45-45 EC8 Registered Smart FIO Memory Kit	0	0		0		No	04/06/2026	11/30/2028	ADDED	N/A	$0.00	0.00%	2026-09-09: (no price)
Memory	DDR5 Registered Smart Memory	HPE OCA > DL145 Gen11 [P71964-B21] > Memory > DDR5 Registered Smart Memory	Memory	max 32	0	32	All DIMMs selected in a server configuration must be of the same part number, capacity size, rank etc.	P69982-F21	Standard	HPE 128GB (1x128GB) Dual Rank x4 DDR5-4800 CAS-46-45-45 EC8 Registered Smart FIO Memory Kit	0	0		0		No	04/06/2026	11/30/2028	ADDED	N/A	$0.00	0.00%	2026-09-09: (no price)
Memory	DDR5 Registered Smart Memory	HPE OCA > DL145 Gen11 [P71964-B21] > Memory > DDR5 Registered Smart Memory	Memory	max 32	0	32	These products are hidden due to Supply constraints	P50309-B21	Standard	HPE 16GB (1x16GB) Single Rank x8 DDR5-4800 CAS-40-39-39 EC8 Registered Smart Memory Kit	0	0		0		No	11/10/2022	11/30/2028	ADDED	N/A	$0.00	0.00%	2026-09-09: (no price)
Memory	DDR5 Registered Smart Memory	HPE OCA > DL145 Gen11 [P71964-B21] > Memory > DDR5 Registered Smart Memory	Memory	max 32	0	32	These products are hidden due to Supply constraints	P50311-B21	Standard	HPE 32GB (1x32GB) Dual Rank x8 DDR5-4800 CAS-40-39-39 EC8 Registered Smart Memory Kit	0	0		0		No	11/10/2022	11/30/2028	ADDED	N/A	$0.00	0.00%	2026-09-09: (no price)
Memory	DDR5 Registered Smart Memory	HPE OCA > DL145 Gen11 [P71964-B21] > Memory > DDR5 Registered Smart Memory	Memory	max 32	0	32	These products are hidden due to Supply constraints	P50312-B21	Standard	HPE 64GB (1x64GB) Dual Rank x4 DDR5-4800 CAS-40-39-39 EC8 Registered Smart Memory Kit	0	0		0		No	11/10/2022	11/30/2028	ADDED	N/A	$0.00	0.00%	2026-09-09: (no price)
Memory	DDR5 Registered Smart Memory	HPE OCA > DL145 Gen11 [P71964-B21] > Memory > DDR5 Registered Smart Memory	Memory	max 32	0	32	These products are hidden due to Supply constraints	P64984-B21	Standard	HPE 16GB (1x16GB) Single Rank x8 DDR5-6400 CAS-52-52-52 EC8 Registered Smart Memory Kit	0	0		0		No	09/03/2024	11/30/2027	ADDED	N/A	$0.00	0.00%	2026-09-09: (no price)
Memory	DDR5 Registered Smart Memory	HPE OCA > DL145 Gen11 [P71964-B21] > Memory > DDR5 Registered Smart Memory	Memory	max 32	0	32	These products are hidden due to Supply constraints	P64984-F21	Standard	HPE 16GB (1x16GB) Single Rank x8 DDR5-6400 CAS-52-52-52 EC8 Registered Smart FIO Memory Kit	0	0		0		No	04/06/2026	11/30/2027	ADDED	N/A	$0.00	0.00%	2026-09-09: (no price)
Memory	DDR5 Registered Smart Memory	HPE OCA > DL145 Gen11 [P71964-B21] > Memory > DDR5 Registered Smart Memory	Memory	max 32	0	32	These products are hidden due to Supply constraints	P64985-B21	Standard	HPE 32GB (1x32GB) Dual Rank x8 DDR5-6400 CAS-52-52-52 EC8 Registered Smart Memory Kit	0	0		0		No	09/03/2024	11/30/2028	ADDED	N/A	$0.00	0.00%	2026-09-09: (no price)
Memory	DDR5 Registered Smart Memory	HPE OCA > DL145 Gen11 [P71964-B21] > Memory > DDR5 Registered Smart Memory	Memory	max 32	0	32	These products are hidden due to Supply constraints	P64986-B21	Standard	HPE 64GB (1x64GB) Dual Rank x4 DDR5-6400 CAS-52-52-52 EC8 Registered Smart Memory Kit	0	0		0		No	09/03/2024	11/30/2028	ADDED	N/A	$0.00	0.00%	2026-09-09: (no price)
Memory	DDR5 Registered Smart Memory	HPE OCA > DL145 Gen11 [P71964-B21] > Memory > DDR5 Registered Smart Memory	Memory	max 32	0	32	These products are hidden due to Supply constraints	P64987-B21	Standard	HPE 96GB (1x96GB) Dual Rank x4 DDR5-6400 CAS-52-52-52 EC8 Registered Smart Memory Kit	0	0		0		No	09/03/2024	11/30/2028	ADDED	N/A	$0.00	0.00%	2026-09-09: (no price)
Memory	DDR5 Registered Smart Memory	HPE OCA > DL145 Gen11 [P71964-B21] > Memory > DDR5 Registered Smart Memory	Memory	max 32	0	32	These products are hidden due to Supply constraints	P64988-B21	Standard	HPE 128GB (1x128GB) Dual Rank x4 DDR5-6400 CAS-52-52-52 EC8 Registered Smart Memory Kit	0	0		0		No	09/03/2024	11/30/2028	ADDED	N/A	$0.00	0.00%	2026-09-09: (no price)
Memory	DDR5 Registered Smart Memory	HPE OCA > DL145 Gen11 [P71964-B21] > Memory > DDR5 Registered Smart Memory	Memory	max 32	0	32	These products are hidden due to Supply constraints	P66676-B21	Standard	HPE 96GB (1x96GB) Dual Rank x4 DDR5-4800 CAS-46-45-45 EC8 Registered Smart Memory Kit	0	0		0		No	09/05/2023	11/30/2028	ADDED	N/A	$0.00	0.00%	2026-09-09: (no price)
Memory	DDR5 Registered Smart Memory	HPE OCA > DL145 Gen11 [P71964-B21] > Memory > DDR5 Registered Smart Memory	Memory	max 32	0	32	These products are hidden due to Supply constraints	P69982-B21	Standard	HPE 128GB (1x128GB) Dual Rank x4 DDR5-4800 CAS-40-39-39 EC8 Registered Smart Memory Kit	0	0		0		No	05/06/2024	11/30/2028	ADDED	N/A	$0.00	0.00%	2026-09-09: (no price)
Storage Controllers	Tri-Mode MegaRAID Storage Controllers	HPE OCA > DL145 Gen11 [P71964-B21] > Storage Controllers > Tri-Mode MegaRAID Storage Controllers	Storage Controller	max 4	0	4	Selection constraint for Tri-Mode MegaRAID Storage Controllers: max 4	P47777-B21	Standard	HPE MR416i-p Gen11 x16 Lanes 8GB Cache PCI SPDM Plug-in Storage Controller	0	0		0		No	11/10/2022	04/30/2029	ADDED	N/A	$0.00	0.00%	2026-09-09: (no price)
Storage Controllers	Tri-Mode MegaRAID Storage Controllers	HPE OCA > DL145 Gen11 [P71964-B21] > Storage Controllers > Tri-Mode MegaRAID Storage Controllers	Storage Controller	max 4	0	4	Selection constraint for Tri-Mode MegaRAID Storage Controllers: max 4	P47785-B21	Standard	HPE MR216i-p Gen11 x16 Lanes without Cache PCI SPDM Plug-in Storage Controller	0	0		0		No	11/10/2022	04/30/2029	ADDED	N/A	$0.00	0.00%	2026-09-09: (no price)
Storage Controllers	Tri-Mode MegaRAID Storage Controllers	HPE OCA > DL145 Gen11 [P71964-B21] > Storage Controllers > Tri-Mode MegaRAID Storage Controllers	Storage Controller	max 4	0	4	Selection constraint for Tri-Mode MegaRAID Storage Controllers: max 4	804398-B21	Standard	HPE Smart Array E208e-p SR Gen10 (8 External Lanes/No Cache) 12G SAS PCIe Plug-in Controller	0	0		0		No	07/11/2017	04/30/2029	ADDED	N/A	$0.00	0.00%	2026-09-09: (no price)
Storage Controllers	Tri-Mode MegaRAID Storage Controllers	HPE OCA > DL145 Gen11 [P71964-B21] > Storage Controllers > Tri-Mode MegaRAID Storage Controllers	Storage Controller	max 4	0	4	Selection constraint for Tri-Mode MegaRAID Storage Controllers: max 4	P58335-B21	Standard	HPE MR408i-o Gen11 x8 Lanes 4GB Cache OCP SPDM Storage Controller	0	0		0		No	11/10/2022	04/30/2029	ADDED	N/A	$0.00	0.00%	2026-09-09: (no price)
Cables & Enablement Kits	Smart Storage Batteries	HPE OCA > DL145 Gen11 [P71964-B21] > Cables & Enablement Kits > Smart Storage Batteries	Cable Kit		0			P01366-B21	Standard	HPE 96W Smart Storage Lithium-ion Battery with 145mm Cable Kit	0	0		0		No	12/18/2017	04/30/2029	ADDED	N/A	$0.00	0.00%	2026-09-09: (no price)
Cables & Enablement Kits	Smart Storage Batteries	HPE OCA > DL145 Gen11 [P71964-B21] > Cables & Enablement Kits > Smart Storage Batteries	Cable Kit		0			P02377-B21	Standard	HPE Smart Storage Hybrid Capacitor with 145mm Cable Kit	0	0		0		No	04/02/2019	06/30/2027	ADDED	N/A	$0.00	0.00%	2026-09-09: (no price)
Cables & Enablement Kits	Smart Storage Batteries	HPE OCA > DL145 Gen11 [P71964-B21] > Cables & Enablement Kits > Smart Storage Batteries	Cable Kit		0			P65038-B21	Standard	HPE 16W Smart Hybrid Capacitor with 145mm Cable	0	0		0		No	12/01/2025	06/30/2029	ADDED	N/A	$0.00	0.00%	2026-09-09: (no price)
Storage Controllers	Tri-Mode MegaRAID Storage Controllers	HPE OCA > DL145 Gen11 [P71964-B21] > Storage Controllers > Tri-Mode MegaRAID Storage Controllers	Cable Kit	max 4	0	4	Selection constraint for Tri-Mode MegaRAID Storage Controllers: max 4	P72000-B21	Standard	HPE ProLiant DL145 Gen11 MR216i-p 2SFF Storage Controller Cable Kit	0	0		0		No	09/03/2024	06/30/2028	ADDED	N/A	$0.00	0.00%	2026-09-09: (no price)
Storage Controllers	Tri-Mode MegaRAID Storage Controllers	HPE OCA > DL145 Gen11 [P71964-B21] > Storage Controllers > Tri-Mode MegaRAID Storage Controllers	Cable Kit	max 4	0	4	Selection constraint for Tri-Mode MegaRAID Storage Controllers: max 4	P72002-B21	Standard	HPE ProLiant DL145 Gen11 MR408i-o 4EDSFF Storage Controller Cable Kit	0	0		0		No	09/03/2024	06/30/2028	ADDED	N/A	$0.00	0.00%	2026-09-09: (no price)
Storage Controllers	Tri-Mode MegaRAID Storage Controllers	HPE OCA > DL145 Gen11 [P71964-B21] > Storage Controllers > Tri-Mode MegaRAID Storage Controllers	Cable Kit	max 4	0	4	Selection constraint for Tri-Mode MegaRAID Storage Controllers: max 4	P73003-B21	Standard	HPE ProLiant DL145 Gen11 MR216i-p/MR416i-p 4EDSFF Storage Controller Cable Kit	0	0		0		No	09/03/2024	06/30/2028	ADDED	N/A	$0.00	0.00%	2026-09-09: (no price)
Accessories & Infrastructure	System Options	HPE OCA > DL145 Gen11 [P71964-B21] > Accessories & Infrastructure > System Options	Storage Controller	Optional	0	Optional	Selection constraint for System Options: optional	339777-B21	Standard	HPE RAID 0 Drive 1 FIO Setting	0	0		0		No	08/01/2008	09/30/2043	ADDED	N/A	$0.00	0.00%	2026-09-09: (no price)
Accessories & Infrastructure	System Options	HPE OCA > DL145 Gen11 [P71964-B21] > Accessories & Infrastructure > System Options	Storage Controller	Optional	0	Optional	Selection constraint for System Options: optional	339778-B21	Standard	HPE RAID 1 Drive 1 FIO Setting	0	0		0		No	08/14/2003	07/31/2044	ADDED	N/A	$0.00	0.00%	2026-09-09: (no price)
Accessories & Infrastructure	System Options	HPE OCA > DL145 Gen11 [P71964-B21] > Accessories & Infrastructure > System Options	Storage Controller	Optional	0	Optional	Selection constraint for System Options: optional	339779-B21	Standard	HPE RAID 5 Drive 1 FIO Setting	0	0		0		No	09/07/2016	09/30/2043	ADDED	N/A	$0.00	0.00%	2026-09-09: (no price)
Accessories & Infrastructure	System Options	HPE OCA > DL145 Gen11 [P71964-B21] > Accessories & Infrastructure > System Options	Storage Controller	Optional	0	Optional	Selection constraint for System Options: optional	339780-B21	Standard	HPE Raid 5 w/SP Drive 1 FIO Setting	0	0		0		No	08/01/2008	09/30/2043	ADDED	N/A	$0.00	0.00%	2026-09-09: (no price)
Accessories & Infrastructure	System Options	HPE OCA > DL145 Gen11 [P71964-B21] > Accessories & Infrastructure > System Options	Storage Controller	Optional	0	Optional	Selection constraint for System Options: optional	339781-B21	Standard	HPE RAID FIO Advanced Data Guarding Option	0	0		0		No	08/01/2008	09/30/2043	ADDED	N/A	$0.00	0.00%	2026-09-09: (no price)
Accessories & Infrastructure	System Options	HPE OCA > DL145 Gen11 [P71964-B21] > Accessories & Infrastructure > System Options	Storage Controller	Optional	0	Optional	Selection constraint for System Options: optional	389692-B21	Standard	HPE Customer Defined RAID Setting Service	0	0		0		No	02/02/2005	12/31/2043	ADDED	N/A	$0.00	0.00%	2026-09-09: (no price)
Storage Controllers	Tri-Mode MegaRAID Storage Controllers	HPE OCA > DL145 Gen11 [P71964-B21] > Storage Controllers > Tri-Mode MegaRAID Storage Controllers	Cable Kit	max 4	0	4	Selection constraint for Tri-Mode MegaRAID Storage Controllers: max 4	P71981-B21	Standard	HPE ProLiant DL145 Gen11 6EDSFF Cable Kit	0	0		0		No	09/03/2024	06/30/2028	ADDED	N/A	$0.00	0.00%	2026-09-09: (no price)
Storage Controllers	Tri-Mode MegaRAID Storage Controllers	HPE OCA > DL145 Gen11 [P71964-B21] > Storage Controllers > Tri-Mode MegaRAID Storage Controllers	Cable Kit	max 4	0	4	Selection constraint for Tri-Mode MegaRAID Storage Controllers: max 4	P72004-B21	Standard	HPE ProLiant DL145 Gen11 MR216i-p/MR416i-p 6EDSFF Storage Controller Cable Kit	0	0		0		No	09/03/2024	06/30/2028	ADDED	N/A	$0.00	0.00%	2026-09-09: (no price)
Storage Controllers	Tri-Mode MegaRAID Storage Controllers	HPE OCA > DL145 Gen11 [P71964-B21] > Storage Controllers > Tri-Mode MegaRAID Storage Controllers	Storage Controller	max 4	0	4	Selection constraint for Tri-Mode MegaRAID Storage Controllers: max 4	P71977-B21	Standard	HPE ProLiant DL145 Gen11 2SFF Drive Cage Kit	0	0		0		No	09/03/2024	06/30/2028	ADDED	N/A	$0.00	0.00%	2026-09-09: (no price)
Storage Controllers	Tri-Mode MegaRAID Storage Controllers	HPE OCA > DL145 Gen11 [P71964-B21] > Storage Controllers > Tri-Mode MegaRAID Storage Controllers	Storage Controller	max 4	0	4	Selection constraint for Tri-Mode MegaRAID Storage Controllers: max 4	P71985-B21	Standard	HPE ProLiant DL145 Gen11 4EDSFF Drive Cage Kit	1	0		0		No	09/03/2024	06/30/2028	ADDED	N/A	$0.00	0.00%	2026-09-09: (no price)
Drive Enclosures / Drives	Solid State Drives (NVMe/SAS/SATA)	HPE OCA > DL145 Gen11 [P71964-B21] > Drive Enclosures / Drives > Solid State Drives (NVMe/SAS/SATA)	Drive Cage / Drive	max 24	0	24	Selection constraint for Solid State Drives (NVMe/SAS/SATA): max 24	P57803-B21	Standard	HPE 7.68TB NVMe Gen5 High Performance Read Intensive E3S EC1 EDSFF SPDM PM1743 SSD	0	0		0		No	04/03/2023	12/31/2027	ADDED	N/A	$0.00	0.00%	2026-09-09: (no price)
Drive Enclosures / Drives	Solid State Drives (NVMe/SAS/SATA)	HPE OCA > DL145 Gen11 [P71964-B21] > Drive Enclosures / Drives > Solid State Drives (NVMe/SAS/SATA)	Drive Cage / Drive	max 24	0	24	Selection constraint for Solid State Drives (NVMe/SAS/SATA): max 24	P61191-B21	Standard	HPE 3.2TB NVMe Gen5 High Performance Mixed Use E3S EC1 EDSFF SPDM CM7 SSD	0	0		0		No	12/04/2023	12/31/2026	ADDED	N/A	$0.00	0.00%	2026-09-09: (no price)
Drive Enclosures / Drives	Solid State Drives (NVMe/SAS/SATA)	HPE OCA > DL145 Gen11 [P71964-B21] > Drive Enclosures / Drives > Solid State Drives (NVMe/SAS/SATA)	Drive Cage / Drive	max 24	0	24	Selection constraint for Solid State Drives (NVMe/SAS/SATA): max 24	P69237-B21	Standard	HPE 3.84TB NVMe Gen5 Mainstream Performance Read Intensive E3S EC1 CD8P SSD	0	0		0		No	07/01/2024	11/30/2026	ADDED	N/A	$0.00	0.00%	2026-09-09: (no price)
Drive Enclosures / Drives	Solid State Drives (NVMe/SAS/SATA)	HPE OCA > DL145 Gen11 [P71964-B21] > Drive Enclosures / Drives > Solid State Drives (NVMe/SAS/SATA)	Drive Cage / Drive	max 24	0	24	Selection constraint for Solid State Drives (NVMe/SAS/SATA): max 24	P70669-B21	Standard	HPE 3.2TB NVMe Gen5 High Performance Mixed Use E3S EC1 Self-encrypting FIPS 140-3 CM7 SSD	0	0		0		No	12/02/2024	03/31/2027	ADDED	N/A	$0.00	0.00%	2026-09-09: (no price)
Drive Enclosures / Drives	Solid State Drives (NVMe/SAS/SATA)	HPE OCA > DL145 Gen11 [P71964-B21] > Drive Enclosures / Drives > Solid State Drives (NVMe/SAS/SATA)	Drive Cage / Drive	max 24	0	24	Selection constraint for Solid State Drives (NVMe/SAS/SATA): max 24	P70672-B21	Standard	HPE 6.4TB NVMe Gen5 High Performance Mixed Use E3S EC1 Self-encrypting FIPS 140-3 CM7 SSD	0	0		0		No	12/02/2024	03/31/2027	ADDED	N/A	$0.00	0.00%	2026-09-09: (no price)
Drive Enclosures / Drives	Solid State Drives (NVMe/SAS/SATA)	HPE OCA > DL145 Gen11 [P71964-B21] > Drive Enclosures / Drives > Solid State Drives (NVMe/SAS/SATA)	Drive Cage / Drive	max 24	0	24	Selection constraint for Solid State Drives (NVMe/SAS/SATA): max 24	P77265-B21	Standard	HPE 3.2TB NVMe Gen5 Mainstream Performance Mixed Use E3S EC1 EDSFF SPDM PE1030 SSD	0	0		0		No	02/03/2025	12/31/2027	ADDED	N/A	$0.00	0.00%	2026-09-09: (no price)
Drive Enclosures / Drives	Solid State Drives (NVMe/SAS/SATA)	HPE OCA > DL145 Gen11 [P71964-B21] > Drive Enclosures / Drives > Solid State Drives (NVMe/SAS/SATA)	Drive Cage / Drive	max 24	0	24	Selection constraint for Solid State Drives (NVMe/SAS/SATA): max 24	P78787-B21	Standard	HPE 6.4TB NVMe Gen5 High Performance Mixed Use E3.S EC1 PM1755 SSD	0	0		0		No	04/06/2026	06/30/2028	ADDED	N/A	$0.00	0.00%	2026-09-09: (no price)
Drive Enclosures / Drives	Solid State Drives (NVMe/SAS/SATA)	HPE OCA > DL145 Gen11 [P71964-B21] > Drive Enclosures / Drives > Solid State Drives (NVMe/SAS/SATA)	Drive Cage / Drive	max 24	0	24	Selection constraint for Solid State Drives (NVMe/SAS/SATA): max 24	P87719-B21	Standard	HPE 1.92TB NVMe Gen5 Mainstream Performance Read Intensive E3S EC1 Self-encrypting 7600 SSD	0	0		0		No	08/03/2026	11/30/2027	ADDED	N/A	$0.00	0.00%	2026-09-09: (no price)
Drive Enclosures / Drives	Solid State Drives (NVMe/SAS/SATA)	HPE OCA > DL145 Gen11 [P71964-B21] > Drive Enclosures / Drives > Solid State Drives (NVMe/SAS/SATA)	Drive Cage / Drive	max 24	0	24	Selection constraint for Solid State Drives (NVMe/SAS/SATA): max 24	P87721-B21	Standard	HPE 3.84TB NVMe Gen5 Mainstream Performance Read Intensive E3S EC1 Self-encrypting 7600 SSD	0	0		0		No	08/03/2026	11/30/2027	ADDED	N/A	$0.00	0.00%	2026-09-09: (no price)
Drive Enclosures / Drives	Solid State Drives (NVMe/SAS/SATA)	HPE OCA > DL145 Gen11 [P71964-B21] > Drive Enclosures / Drives > Solid State Drives (NVMe/SAS/SATA)	Drive Cage / Drive	max 24	0	24	Selection constraint for Solid State Drives (NVMe/SAS/SATA): max 24	P91084-B21	Standard	HPE 1.6TB NVMe Gen5 Mainstream Performance Mixed Use E3.S EC1 E3 Thin Multi Vendor SSD	0	0		0		No	06/01/2026	06/30/2028	ADDED	N/A	$0.00	0.00%	2026-09-09: (no price)
Drive Enclosures / Drives	Solid State Drives (NVMe/SAS/SATA)	HPE OCA > DL145 Gen11 [P71964-B21] > Drive Enclosures / Drives > Solid State Drives (NVMe/SAS/SATA)	Drive Cage / Drive	max 24	0	24	Selection constraint for Solid State Drives (NVMe/SAS/SATA): max 24	P91086-B21	Standard	HPE 3.2TB NVMe Gen5 Mainstream Performance Mixed Use E3.S EC1 E3 Thin Multi Vendor SSD	0	0		0		No	06/01/2026	06/30/2028	ADDED	N/A	$0.00	0.00%	2026-09-09: (no price)
Drive Enclosures / Drives	Solid State Drives (NVMe/SAS/SATA)	HPE OCA > DL145 Gen11 [P71964-B21] > Drive Enclosures / Drives > Solid State Drives (NVMe/SAS/SATA)	Drive Cage / Drive	max 24	0	24	Selection constraint for Solid State Drives (NVMe/SAS/SATA): max 24	P91088-B21	Standard	HPE 6.4TB NVMe Gen5 Mainstream Performance Mixed Use E3.S EC1 E3 Thin Multi Vendor SSD	0	0		0		No	06/01/2026	06/30/2028	ADDED	N/A	$0.00	0.00%	2026-09-09: (no price)
Drive Enclosures / Drives	Solid State Drives (NVMe/SAS/SATA)	HPE OCA > DL145 Gen11 [P71964-B21] > Drive Enclosures / Drives > Solid State Drives (NVMe/SAS/SATA)	Drive Cage / Drive	max 24	0	24	Selection constraint for Solid State Drives (NVMe/SAS/SATA): max 24	P91090-B21	Standard	HPE 1.92TB NVMe Gen5 Mainstream Performance Read Intensive E3.S EC1 E3 Thin Multi Vendor SSD	0	0		0		No	06/01/2026	06/30/2028	ADDED	N/A	$0.00	0.00%	2026-09-09: (no price)
Drive Enclosures / Drives	Solid State Drives (NVMe/SAS/SATA)	HPE OCA > DL145 Gen11 [P71964-B21] > Drive Enclosures / Drives > Solid State Drives (NVMe/SAS/SATA)	Drive Cage / Drive	max 24	0	24	Selection constraint for Solid State Drives (NVMe/SAS/SATA): max 24	P91092-B21	Standard	HPE 3.84TB NVMe Gen5 Mainstream Performance Read Intensive E3.S EC1 E3 Thin Multi Vendor SSD	0	0		0		No	06/01/2026	06/30/2028	ADDED	N/A	$0.00	0.00%	2026-09-09: (no price)
Drive Enclosures / Drives	Solid State Drives (NVMe/SAS/SATA)	HPE OCA > DL145 Gen11 [P71964-B21] > Drive Enclosures / Drives > Solid State Drives (NVMe/SAS/SATA)	Drive Cage / Drive	max 24	0	24	Selection constraint for Solid State Drives (NVMe/SAS/SATA): max 24	P91094-B21	Standard	HPE 7.68TB NVMe Gen5 Mainstream Performance Read Intensive E3.S EC1 E3 Thin Multi Vendor SSD	0	0		0		No	06/01/2026	06/30/2028	ADDED	N/A	$0.00	0.00%	2026-09-09: (no price)
Drive Enclosures / Drives	Solid State Drives (NVMe/SAS/SATA)	HPE OCA > DL145 Gen11 [P71964-B21] > Drive Enclosures / Drives > Solid State Drives (NVMe/SAS/SATA)	Drive Cage / Drive	max 24	0	24	Selection constraint for Solid State Drives (NVMe/SAS/SATA): max 24	P91096-B21	Standard	HPE 15.36TB NVMe Gen5 Mainstream Performance Read Intensive E3.S EC1 E3 Thin Multi Vendor SSD	0	0		0		No	06/01/2026	06/30/2028	ADDED	N/A	$0.00	0.00%	2026-09-09: (no price)
Drive Enclosures / Drives	Solid State Drives (NVMe/SAS/SATA)	HPE OCA > DL145 Gen11 [P71964-B21] > Drive Enclosures / Drives > Solid State Drives (NVMe/SAS/SATA)	Drive Cage / Drive	max 24	0	24	Selection constraint for Solid State Drives (NVMe/SAS/SATA): max 24	P91098-B21	Standard	HPE 3.2TB NVMe Gen5 High Performance Mixed Use E3.S EC1 E3 Thin Multi Vendor SSD	0	0		0		No	06/01/2026	06/30/2028	ADDED	N/A	$0.00	0.00%	2026-09-09: (no price)
Drive Enclosures / Drives	Solid State Drives (NVMe/SAS/SATA)	HPE OCA > DL145 Gen11 [P71964-B21] > Drive Enclosures / Drives > Solid State Drives (NVMe/SAS/SATA)	Drive Cage / Drive	max 24	0	24	Selection constraint for Solid State Drives (NVMe/SAS/SATA): max 24	P91100-B21	Standard	HPE 6.4TB NVMe Gen5 High Performance Mixed Use E3.S EC1 E3 Thin Multi Vendor SSD	0	0		0		No	06/01/2026	06/30/2028	ADDED	N/A	$0.00	0.00%	2026-09-09: (no price)
Drive Enclosures / Drives	Solid State Drives (NVMe/SAS/SATA)	HPE OCA > DL145 Gen11 [P71964-B21] > Drive Enclosures / Drives > Solid State Drives (NVMe/SAS/SATA)	Drive Cage / Drive	max 24	0	24	Selection constraint for Solid State Drives (NVMe/SAS/SATA): max 24	P91102-B21	Standard	HPE 12.8TB NVMe Gen5 High Performance Mixed Use E3.S EC1 E3 Thin Multi Vendor SSD	0	0		0		No	06/01/2026	06/30/2028	ADDED	N/A	$0.00	0.00%	2026-09-09: (no price)
Drive Enclosures / Drives	Solid State Drives (NVMe/SAS/SATA)	HPE OCA > DL145 Gen11 [P71964-B21] > Drive Enclosures / Drives > Solid State Drives (NVMe/SAS/SATA)	Drive Cage / Drive	max 24	0	24	Selection constraint for Solid State Drives (NVMe/SAS/SATA): max 24	P91229-B21	Standard	HPE 3.84TB NVMe Gen5 High Performance Read Intensive E3.S EC1 E3 Thin Multi Vendor SSD	0	0		0		No	06/01/2026	06/30/2028	ADDED	N/A	$0.00	0.00%	2026-09-09: (no price)
Drive Enclosures / Drives	Solid State Drives (NVMe/SAS/SATA)	HPE OCA > DL145 Gen11 [P71964-B21] > Drive Enclosures / Drives > Solid State Drives (NVMe/SAS/SATA)	Drive Cage / Drive	max 24	0	24	Selection constraint for Solid State Drives (NVMe/SAS/SATA): max 24	P91233-B21	Standard	HPE 15.36TB NVMe Gen5 High Performance Read Intensive E3.S EC1 E3 Thin Multi Vendor SSD	0	0		0		No	06/01/2026	06/30/2028	ADDED	N/A	$0.00	0.00%	2026-09-09: (no price)
Drive Enclosures / Drives	Solid State Drives (NVMe/SAS/SATA)	HPE OCA > DL145 Gen11 [P71964-B21] > Drive Enclosures / Drives > Solid State Drives (NVMe/SAS/SATA)	Drive Cage / Drive	max 24	0	24	Selection constraint for Solid State Drives (NVMe/SAS/SATA): max 24	P61179-B21	Standard	HPE 3.84TB NVMe Gen5 High Performance Read Intensive E3S EC1 EDSFF SPDM CM7 SSD	0	0		0		No	12/04/2023	12/31/2026	ADDED	N/A	$0.00	0.00%	2026-09-09: (no price)
Drive Enclosures / Drives	Solid State Drives (NVMe/SAS/SATA)	HPE OCA > DL145 Gen11 [P71964-B21] > Drive Enclosures / Drives > Solid State Drives (NVMe/SAS/SATA)	Drive Cage / Drive	max 24	0	24	Selection constraint for Solid State Drives (NVMe/SAS/SATA): max 24	P61183-B21	Standard	HPE 7.68TB NVMe Gen5 High Performance Read Intensive E3S EC1 EDSFF SPDM CM7 SSD	0	0		0		No	12/04/2023	12/31/2026	ADDED	N/A	$0.00	0.00%	2026-09-09: (no price)
Drive Enclosures / Drives	Solid State Drives (NVMe/SAS/SATA)	HPE OCA > DL145 Gen11 [P71964-B21] > Drive Enclosures / Drives > Solid State Drives (NVMe/SAS/SATA)	Drive Cage / Drive	max 24	0	24	Selection constraint for Solid State Drives (NVMe/SAS/SATA): max 24	P63930-B21	Standard	HPE 3.84TB NVMe Gen4 Mainstream Performance Very Read Optimized E3S EC1 EDSFF P5430 SSD	0	0		0		No	05/06/2024	12/31/2026	ADDED	N/A	$0.00	0.00%	2026-09-09: (no price)
Drive Enclosures / Drives	Solid State Drives (NVMe/SAS/SATA)	HPE OCA > DL145 Gen11 [P71964-B21] > Drive Enclosures / Drives > Solid State Drives (NVMe/SAS/SATA)	Drive Cage / Drive	max 24	0	24	Selection constraint for Solid State Drives (NVMe/SAS/SATA): max 24	P63934-B21	Standard	HPE 7.68TB NVMe Gen4 Mainstream Performance Very Read Optimized E3S EC1 EDSFF P5430 SSD	0	0		0		No	05/06/2024	12/31/2026	ADDED	N/A	$0.00	0.00%	2026-09-09: (no price)
Drive Enclosures / Drives	Solid State Drives (NVMe/SAS/SATA)	HPE OCA > DL145 Gen11 [P71964-B21] > Drive Enclosures / Drives > Solid State Drives (NVMe/SAS/SATA)	Drive Cage / Drive	max 24	0	24	Selection constraint for Solid State Drives (NVMe/SAS/SATA): max 24	P69234-B21	Standard	HPE 1.92TB NVMe Gen5 Mainstream Performance Read Intensive E3S EC1 CD8P SSD	0	0		0		No	07/01/2024	11/30/2026	ADDED	N/A	$0.00	0.00%	2026-09-09: (no price)
Drive Enclosures / Drives	Solid State Drives (NVMe/SAS/SATA)	HPE OCA > DL145 Gen11 [P71964-B21] > Drive Enclosures / Drives > Solid State Drives (NVMe/SAS/SATA)	Drive Cage / Drive	max 24	0	24	Selection constraint for Solid State Drives (NVMe/SAS/SATA): max 24	P69239-B21	Standard	HPE 7.68TB NVMe Gen5 Mainstream Performance Read Intensive E3S EC1 CD8P SSD	0	0		0		No	07/01/2024	11/30/2026	ADDED	N/A	$0.00	0.00%	2026-09-09: (no price)
Drive Enclosures / Drives	Solid State Drives (NVMe/SAS/SATA)	HPE OCA > DL145 Gen11 [P71964-B21] > Drive Enclosures / Drives > Solid State Drives (NVMe/SAS/SATA)	Drive Cage / Drive	max 24	0	24	Selection constraint for Solid State Drives (NVMe/SAS/SATA): max 24	P70397-B21	Standard	HPE 15.36TB NVMe Gen5 High Performance Read Intensive E3S EC1 PS1010 SSD	0	0		0		No	07/01/2024	04/30/2028	ADDED	N/A	$0.00	0.00%	2026-09-09: (no price)
Drive Enclosures / Drives	Solid State Drives (NVMe/SAS/SATA)	HPE OCA > DL145 Gen11 [P71964-B21] > Drive Enclosures / Drives > Solid State Drives (NVMe/SAS/SATA)	Drive Cage / Drive	max 24	0	24	Selection constraint for Solid State Drives (NVMe/SAS/SATA): max 24	P77053-B21	Standard	HPE 6.4TB NVMe Gen5 High Performance Mixed Use E3S EC1 EDSFF SPDM 9550 SSD	0	0		0		No	05/04/2026	03/31/2027	ADDED	N/A	$0.00	0.00%	2026-09-09: (no price)
Drive Enclosures / Drives	Solid State Drives (NVMe/SAS/SATA)	HPE OCA > DL145 Gen11 [P71964-B21] > Drive Enclosures / Drives > Solid State Drives (NVMe/SAS/SATA)	Drive Cage / Drive	max 24	0	24	Selection constraint for Solid State Drives (NVMe/SAS/SATA): max 24	P77055-B21	Standard	HPE 12.8TB NVMe Gen5 High Performance Mixed Use E3S EC1 EDSFF SPDM 9550 SSD	0	0		0		No	05/04/2026	03/31/2027	ADDED	N/A	$0.00	0.00%	2026-09-09: (no price)
Drive Enclosures / Drives	Solid State Drives (NVMe/SAS/SATA)	HPE OCA > DL145 Gen11 [P71964-B21] > Drive Enclosures / Drives > Solid State Drives (NVMe/SAS/SATA)	Drive Cage / Drive	max 24	0	24	Selection constraint for Solid State Drives (NVMe/SAS/SATA): max 24	P77059-B21	Standard	HPE 7.68TB NVMe Gen5 High Performance Read Intensive E3S EC1 EDSFF SPDM 9550 SSD	0	0		0		No	05/04/2026	03/31/2027	ADDED	N/A	$0.00	0.00%	2026-09-09: (no price)
Drive Enclosures / Drives	Solid State Drives (NVMe/SAS/SATA)	HPE OCA > DL145 Gen11 [P71964-B21] > Drive Enclosures / Drives > Solid State Drives (NVMe/SAS/SATA)	Drive Cage / Drive	max 24	0	24	Selection constraint for Solid State Drives (NVMe/SAS/SATA): max 24	P77061-B21	Standard	HPE 15.36TB NVMe Gen5 High Performance Read Intensive E3S EC1 EDSFF SPDM 9550 SSD	0	0		0		No	05/04/2026	03/31/2027	ADDED	N/A	$0.00	0.00%	2026-09-09: (no price)
Drive Enclosures / Drives	Solid State Drives (NVMe/SAS/SATA)	HPE OCA > DL145 Gen11 [P71964-B21] > Drive Enclosures / Drives > Solid State Drives (NVMe/SAS/SATA)	Drive Cage / Drive	max 24	0	24	Selection constraint for Solid State Drives (NVMe/SAS/SATA): max 24	P78914-B21	Standard	HPE 1.92TB NVMe Gen5 Mainstream Performance Read Intensive E3S EC1 EDSFF SPDM PM9D3a SSD	0	0		0		No	05/04/2026	06/30/2028	ADDED	N/A	$0.00	0.00%	2026-09-09: (no price)
Drive Enclosures / Drives	Solid State Drives (NVMe/SAS/SATA)	HPE OCA > DL145 Gen11 [P71964-B21] > Drive Enclosures / Drives > Solid State Drives (NVMe/SAS/SATA)	Drive Cage / Drive	max 24	0	24	Selection constraint for Solid State Drives (NVMe/SAS/SATA): max 24	P78923-B21	Standard	HPE 30.72TB NVMe Gen5 Mainstream Performance Read Intensive E3S EC1 EDSFF SPDM PM9D3a SSD	0	0		0		No	05/04/2026	06/30/2028	ADDED	N/A	$0.00	0.00%	2026-09-09: (no price)
Drive Enclosures / Drives	Solid State Drives (NVMe/SAS/SATA)	HPE OCA > DL145 Gen11 [P71964-B21] > Drive Enclosures / Drives > Solid State Drives (NVMe/SAS/SATA)	Drive Cage / Drive	max 24	0	24	Selection constraint for Solid State Drives (NVMe/SAS/SATA): max 24	P79122-B21	Standard	HPE 15.36TB NVMe Gen5 High Performance Read Intensive E3S EC1 Self-encrypting FIPS 140-3 CM7 SSD	0	0		0		No	04/07/2025	03/31/2027	ADDED	N/A	$0.00	0.00%	2026-09-09: (no price)
Drive Enclosures / Drives	Solid State Drives (NVMe/SAS/SATA)	HPE OCA > DL145 Gen11 [P71964-B21] > Drive Enclosures / Drives > Solid State Drives (NVMe/SAS/SATA)	Drive Cage / Drive	max 24	0	24	Selection constraint for Solid State Drives (NVMe/SAS/SATA): max 24	P85128-B21	Standard	HPE 15.36TB NVMe Gen5 Mainstream Performance Read Intensive E3S EC1 SPDM 7600 SSD	0	0		0		No	08/03/2026	11/30/2027	ADDED	N/A	$0.00	0.00%	2026-09-09: (no price)
Drive Enclosures / Drives	Solid State Drives (NVMe/SAS/SATA)	HPE OCA > DL145 Gen11 [P71964-B21] > Drive Enclosures / Drives > Solid State Drives (NVMe/SAS/SATA)	Drive Cage / Drive	max 24	0	24	Selection constraint for Solid State Drives (NVMe/SAS/SATA): max 24	P85731-B21	Standard	HPE 3.2TB NVMe Gen5 High Performance Mixed Use E3.S EC1 E3 Thin PQC27 CM9 SSD	0	0		0		No	07/06/2026	11/30/2027	ADDED	N/A	$0.00	0.00%	2026-09-09: (no price)
Drive Enclosures / Drives	Solid State Drives (NVMe/SAS/SATA)	HPE OCA > DL145 Gen11 [P71964-B21] > Drive Enclosures / Drives > Solid State Drives (NVMe/SAS/SATA)	Drive Cage / Drive	max 24	0	24	Selection constraint for Solid State Drives (NVMe/SAS/SATA): max 24	P57799-B21	Standard	HPE 3.84TB NVMe Gen5 High Performance Read Intensive E3S EC1 EDSFF SPDM PM1743 SSD	0	0		0		No	04/03/2023	08/31/2026	ADDED	N/A	$0.00	0.00%	2026-09-09: (no price)
Drive Enclosures / Drives	Solid State Drives (NVMe/SAS/SATA)	HPE OCA > DL145 Gen11 [P71964-B21] > Drive Enclosures / Drives > Solid State Drives (NVMe/SAS/SATA)	Drive Cage / Drive	max 24	0	24	Selection constraint for Solid State Drives (NVMe/SAS/SATA): max 24	P61187-B21	Standard	HPE 15.36TB NVMe Gen5 High Performance Read Intensive E3S EC1 EDSFF SPDM CM7 SSD	0	0		0		No	12/04/2023	12/31/2026	ADDED	N/A	$0.00	0.00%	2026-09-09: (no price)
Drive Enclosures / Drives	Solid State Drives (NVMe/SAS/SATA)	HPE OCA > DL145 Gen11 [P71964-B21] > Drive Enclosures / Drives > Solid State Drives (NVMe/SAS/SATA)	Drive Cage / Drive	max 24	0	24	Selection constraint for Solid State Drives (NVMe/SAS/SATA): max 24	P61195-B21	Standard	HPE 6.4TB NVMe Gen5 High Performance Mixed Use E3S EC1 EDSFF SPDM CM7 SSD	0	0		0		No	12/04/2023	12/31/2026	ADDED	N/A	$0.00	0.00%	2026-09-09: (no price)
Drive Enclosures / Drives	Solid State Drives (NVMe/SAS/SATA)	HPE OCA > DL145 Gen11 [P71964-B21] > Drive Enclosures / Drives > Solid State Drives (NVMe/SAS/SATA)	Drive Cage / Drive	max 24	0	24	Selection constraint for Solid State Drives (NVMe/SAS/SATA): max 24	P63938-B21	Standard	HPE 15.36TB NVMe Gen4 Mainstream Performance Very Read Optimized E3S EC1 EDSFF P5430 SSD	0	0		0		No	05/06/2024	12/31/2026	ADDED	N/A	$0.00	0.00%	2026-09-09: (no price)
Drive Enclosures / Drives	Solid State Drives (NVMe/SAS/SATA)	HPE OCA > DL145 Gen11 [P71964-B21] > Drive Enclosures / Drives > Solid State Drives (NVMe/SAS/SATA)	Drive Cage / Drive	max 24	0	24	Selection constraint for Solid State Drives (NVMe/SAS/SATA): max 24	P69241-B21	Standard	HPE 1.6TB NVMe Gen5 Mainstream Performance Mixed Use E3S EC1 CD8P SSD	0	0		0		No	07/01/2024	11/30/2026	ADDED	N/A	$0.00	0.00%	2026-09-09: (no price)
Drive Enclosures / Drives	Solid State Drives (NVMe/SAS/SATA)	HPE OCA > DL145 Gen11 [P71964-B21] > Drive Enclosures / Drives > Solid State Drives (NVMe/SAS/SATA)	Drive Cage / Drive	max 24	0	24	Selection constraint for Solid State Drives (NVMe/SAS/SATA): max 24	P69243-B21	Standard	HPE 3.2TB NVMe Gen5 Mainstream Performance Mixed Use E3S EC1 CD8P SSD	0	0		0		No	07/01/2024	11/30/2026	ADDED	N/A	$0.00	0.00%	2026-09-09: (no price)
Drive Enclosures / Drives	Solid State Drives (NVMe/SAS/SATA)	HPE OCA > DL145 Gen11 [P71964-B21] > Drive Enclosures / Drives > Solid State Drives (NVMe/SAS/SATA)	Drive Cage / Drive	max 24	0	24	Selection constraint for Solid State Drives (NVMe/SAS/SATA): max 24	P69245-B21	Standard	HPE 6.4TB NVMe Gen5 Mainstream Performance Mixed Use E3S EC1 CD8P SSD	0	0		0		No	07/01/2024	11/30/2026	ADDED	N/A	$0.00	0.00%	2026-09-09: (no price)
Drive Enclosures / Drives	Solid State Drives (NVMe/SAS/SATA)	HPE OCA > DL145 Gen11 [P71964-B21] > Drive Enclosures / Drives > Solid State Drives (NVMe/SAS/SATA)	Drive Cage / Drive	max 24	0	24	Selection constraint for Solid State Drives (NVMe/SAS/SATA): max 24	P69546-B21	Standard	HPE 15.36TB NVMe Gen5 Mainstream Performance Read Intensive E3S EC1 CD8P SSD	0	0		0		No	07/01/2024	11/30/2026	ADDED	N/A	$0.00	0.00%	2026-09-09: (no price)
Drive Enclosures / Drives	Solid State Drives (NVMe/SAS/SATA)	HPE OCA > DL145 Gen11 [P71964-B21] > Drive Enclosures / Drives > Solid State Drives (NVMe/SAS/SATA)	Drive Cage / Drive	max 24	0	24	Selection constraint for Solid State Drives (NVMe/SAS/SATA): max 24	P70392-B21	Standard	HPE 3.84TB NVMe Gen5 High Performance Read Intensive E3S EC1 PS1010 SSD	0	0		0		No	07/01/2024	04/30/2028	ADDED	N/A	$0.00	0.00%	2026-09-09: (no price)
Drive Enclosures / Drives	Solid State Drives (NVMe/SAS/SATA)	HPE OCA > DL145 Gen11 [P71964-B21] > Drive Enclosures / Drives > Solid State Drives (NVMe/SAS/SATA)	Drive Cage / Drive	max 24	0	24	Selection constraint for Solid State Drives (NVMe/SAS/SATA): max 24	P70395-B21	Standard	HPE 7.68TB NVMe Gen5 High Performance Read Intensive E3S EC1 PS1010 SSD	0	0		0		No	07/01/2024	04/30/2028	ADDED	N/A	$0.00	0.00%	2026-09-09: (no price)
Drive Enclosures / Drives	Solid State Drives (NVMe/SAS/SATA)	HPE OCA > DL145 Gen11 [P71964-B21] > Drive Enclosures / Drives > Solid State Drives (NVMe/SAS/SATA)	Drive Cage / Drive	max 24	0	24	Selection constraint for Solid State Drives (NVMe/SAS/SATA): max 24	P70399-B21	Standard	HPE 3.2TB NVMe Gen5 High Performance Mixed Use E3S EC1 PS1030 SSD	0	0		0		No	07/01/2024	04/30/2028	ADDED	N/A	$0.00	0.00%	2026-09-09: (no price)
Drive Enclosures / Drives	Solid State Drives (NVMe/SAS/SATA)	HPE OCA > DL145 Gen11 [P71964-B21] > Drive Enclosures / Drives > Solid State Drives (NVMe/SAS/SATA)	Drive Cage / Drive	max 24	0	24	Selection constraint for Solid State Drives (NVMe/SAS/SATA): max 24	P70401-B21	Standard	HPE 6.4TB NVMe Gen5 High Performance Mixed Use E3S EC1 PS1030 SSD	0	0		0		No	07/01/2024	04/30/2028	ADDED	N/A	$0.00	0.00%	2026-09-09: (no price)
Drive Enclosures / Drives	Solid State Drives (NVMe/SAS/SATA)	HPE OCA > DL145 Gen11 [P71964-B21] > Drive Enclosures / Drives > Solid State Drives (NVMe/SAS/SATA)	Drive Cage / Drive	max 24	0	24	Selection constraint for Solid State Drives (NVMe/SAS/SATA): max 24	P70403-B21	Standard	HPE 12.8TB NVMe Gen5 High Performance Mixed Use E3S EC1 PS1030 SSD	0	0		0		No	07/01/2024	04/30/2028	ADDED	N/A	$0.00	0.00%	2026-09-09: (no price)
Drive Enclosures / Drives	Solid State Drives (NVMe/SAS/SATA)	HPE OCA > DL145 Gen11 [P71964-B21] > Drive Enclosures / Drives > Solid State Drives (NVMe/SAS/SATA)	Drive Cage / Drive	max 24	0	24	Selection constraint for Solid State Drives (NVMe/SAS/SATA): max 24	P70674-B21	Standard	HPE 7.68TB NVMe Gen5 High Performance Read Intensive E3S EC1 Self-encrypting FIPS 140-3 CM7 SSD	0	0		0		No	12/02/2024	03/31/2027	ADDED	N/A	$0.00	0.00%	2026-09-09: (no price)
Drive Enclosures / Drives	Solid State Drives (NVMe/SAS/SATA)	HPE OCA > DL145 Gen11 [P71964-B21] > Drive Enclosures / Drives > Solid State Drives (NVMe/SAS/SATA)	Drive Cage / Drive	max 24	0	24	Selection constraint for Solid State Drives (NVMe/SAS/SATA): max 24	P77050-B21	Standard	HPE 3.2TB NVMe Gen5 High Performance Mixed Use E3S EC1 EDSFF SPDM 9550 SSD	0	0		0		No	05/04/2026	03/31/2027	ADDED	N/A	$0.00	0.00%	2026-09-09: (no price)
Drive Enclosures / Drives	Solid State Drives (NVMe/SAS/SATA)	HPE OCA > DL145 Gen11 [P71964-B21] > Drive Enclosures / Drives > Solid State Drives (NVMe/SAS/SATA)	Drive Cage / Drive	max 24	0	24	Selection constraint for Solid State Drives (NVMe/SAS/SATA): max 24	P77057-B21	Standard	HPE 3.84TB NVMe Gen5 High Performance Read Intensive E3S EC1 EDSFF SPDM 9550 SSD	0	0		0		No	05/04/2026	03/31/2027	ADDED	N/A	$0.00	0.00%	2026-09-09: (no price)
Drive Enclosures / Drives	Solid State Drives (NVMe/SAS/SATA)	HPE OCA > DL145 Gen11 [P71964-B21] > Drive Enclosures / Drives > Solid State Drives (NVMe/SAS/SATA)	Drive Cage / Drive	max 24	0	24	Selection constraint for Solid State Drives (NVMe/SAS/SATA): max 24	P77262-B21	Standard	HPE 1.6TB NVMe Gen5 Mainstream Performance Mixed Use E3S EC1 EDSFF SPDM PE1030 SSD	0	0		0		No	02/03/2025	12/31/2027	ADDED	N/A	$0.00	0.00%	2026-09-09: (no price)
Drive Enclosures / Drives	Solid State Drives (NVMe/SAS/SATA)	HPE OCA > DL145 Gen11 [P71964-B21] > Drive Enclosures / Drives > Solid State Drives (NVMe/SAS/SATA)	Drive Cage / Drive	max 24	0	24	Selection constraint for Solid State Drives (NVMe/SAS/SATA): max 24	P77267-B21	Standard	HPE 6.4TB NVMe Gen5 Mainstream Performance Mixed Use E3S EC1 EDSFF SPDM PE1030 SSD	0	0		0		No	02/03/2025	12/31/2027	ADDED	N/A	$0.00	0.00%	2026-09-09: (no price)
Drive Enclosures / Drives	Solid State Drives (NVMe/SAS/SATA)	HPE OCA > DL145 Gen11 [P71964-B21] > Drive Enclosures / Drives > Solid State Drives (NVMe/SAS/SATA)	Drive Cage / Drive	max 24	0	24	Selection constraint for Solid State Drives (NVMe/SAS/SATA): max 24	P77269-B21	Standard	HPE 1.92TB NVMe Gen5 Mainstream Performance Read Intensive E3S EC1 EDSFF SPDM PE1010 SSD	0	0		0		No	02/03/2025	12/31/2027	ADDED	N/A	$0.00	0.00%	2026-09-09: (no price)
Drive Enclosures / Drives	Solid State Drives (NVMe/SAS/SATA)	HPE OCA > DL145 Gen11 [P71964-B21] > Drive Enclosures / Drives > Solid State Drives (NVMe/SAS/SATA)	Drive Cage / Drive	max 24	0	24	Selection constraint for Solid State Drives (NVMe/SAS/SATA): max 24	P77271-B21	Standard	HPE 3.84TB NVMe Gen5 Mainstream Performance Read Intensive E3S EC1 EDSFF SPDM PE1010 SSD	0	0		0		No	02/03/2025	12/31/2027	ADDED	N/A	$0.00	0.00%	2026-09-09: (no price)
Drive Enclosures / Drives	Solid State Drives (NVMe/SAS/SATA)	HPE OCA > DL145 Gen11 [P71964-B21] > Drive Enclosures / Drives > Solid State Drives (NVMe/SAS/SATA)	Drive Cage / Drive	max 24	0	24	Selection constraint for Solid State Drives (NVMe/SAS/SATA): max 24	P77273-B21	Standard	HPE 7.68TB NVMe Gen5 Mainstream Performance Read Intensive E3S EC1 EDSFF SPDM PE1010 SSD	0	0		0		No	02/03/2025	12/31/2027	ADDED	N/A	$0.00	0.00%	2026-09-09: (no price)
Drive Enclosures / Drives	Solid State Drives (NVMe/SAS/SATA)	HPE OCA > DL145 Gen11 [P71964-B21] > Drive Enclosures / Drives > Solid State Drives (NVMe/SAS/SATA)	Drive Cage / Drive	max 24	0	24	Selection constraint for Solid State Drives (NVMe/SAS/SATA): max 24	P77275-B21	Standard	HPE 15.36TB NVMe Gen5 Mainstream Performance Read Intensive E3S EC1 EDSFF SPDM PE1010 SSD	0	0		0		No	02/03/2025	12/31/2027	ADDED	N/A	$0.00	0.00%	2026-09-09: (no price)
Drive Enclosures / Drives	Solid State Drives (NVMe/SAS/SATA)	HPE OCA > DL145 Gen11 [P71964-B21] > Drive Enclosures / Drives > Solid State Drives (NVMe/SAS/SATA)	Drive Cage / Drive	max 24	0	24	Selection constraint for Solid State Drives (NVMe/SAS/SATA): max 24	P78784-B21	Standard	HPE 3.2TB NVMe Gen5 High Performance Mixed Use E3.S EC1 PM1755 SSD	0	0		0		No	04/06/2026	06/30/2028	ADDED	N/A	$0.00	0.00%	2026-09-09: (no price)
Drive Enclosures / Drives	Solid State Drives (NVMe/SAS/SATA)	HPE OCA > DL145 Gen11 [P71964-B21] > Drive Enclosures / Drives > Solid State Drives (NVMe/SAS/SATA)	Drive Cage / Drive	max 24	0	24	Selection constraint for Solid State Drives (NVMe/SAS/SATA): max 24	P78789-B21	Standard	HPE 3.84TB NVMe Gen5 High Performance Read Intensive E3.S EC1 PM1753 SSD	0	0		0		No	05/04/2026	06/30/2028	ADDED	N/A	$0.00	0.00%	2026-09-09: (no price)
Drive Enclosures / Drives	Solid State Drives (NVMe/SAS/SATA)	HPE OCA > DL145 Gen11 [P71964-B21] > Drive Enclosures / Drives > Solid State Drives (NVMe/SAS/SATA)	Drive Cage / Drive	max 24	0	24	Selection constraint for Solid State Drives (NVMe/SAS/SATA): max 24	P78791-B21	Standard	HPE 7.68TB NVMe Gen5 High Performance Read Intensive E3.S EC1 PM1753 SSD	0	0		0		No	05/04/2026	06/30/2028	ADDED	N/A	$0.00	0.00%	2026-09-09: (no price)
Drive Enclosures / Drives	Solid State Drives (NVMe/SAS/SATA)	HPE OCA > DL145 Gen11 [P71964-B21] > Drive Enclosures / Drives > Solid State Drives (NVMe/SAS/SATA)	Drive Cage / Drive	max 24	0	24	Selection constraint for Solid State Drives (NVMe/SAS/SATA): max 24	P78793-B21	Standard	HPE 15.36TB NVMe Gen5 High Performance Read Intensive E3.S EC1 PM1753 SSD	0	0		0		No	05/04/2026	06/30/2028	ADDED	N/A	$0.00	0.00%	2026-09-09: (no price)
Drive Enclosures / Drives	Solid State Drives (NVMe/SAS/SATA)	HPE OCA > DL145 Gen11 [P71964-B21] > Drive Enclosures / Drives > Solid State Drives (NVMe/SAS/SATA)	Drive Cage / Drive	max 24	0	24	Selection constraint for Solid State Drives (NVMe/SAS/SATA): max 24	P78917-B21	Standard	HPE 3.84TB NVMe Gen5 Mainstream Performance Read Intensive E3S EC1 EDSFF SPDM PM9D3a SSD	0	0		0		No	05/04/2026	06/30/2028	ADDED	N/A	$0.00	0.00%	2026-09-09: (no price)
Drive Enclosures / Drives	Solid State Drives (NVMe/SAS/SATA)	HPE OCA > DL145 Gen11 [P71964-B21] > Drive Enclosures / Drives > Solid State Drives (NVMe/SAS/SATA)	Drive Cage / Drive	max 24	0	24	Selection constraint for Solid State Drives (NVMe/SAS/SATA): max 24	P78919-B21	Standard	HPE 7.68TB NVMe Gen5 Mainstream Performance Read Intensive E3S EC1 EDSFF SPDM PM9D3a SSD	0	0		0		No	05/04/2026	06/30/2028	ADDED	N/A	$0.00	0.00%	2026-09-09: (no price)
Drive Enclosures / Drives	Solid State Drives (NVMe/SAS/SATA)	HPE OCA > DL145 Gen11 [P71964-B21] > Drive Enclosures / Drives > Solid State Drives (NVMe/SAS/SATA)	Drive Cage / Drive	max 24	0	24	Selection constraint for Solid State Drives (NVMe/SAS/SATA): max 24	P78921-B21	Standard	HPE 15.36TB NVMe Gen5 Mainstream Performance Read Intensive E3S EC1 EDSFF SPDM PM9D3a SSD	0	0		0		No	05/04/2026	06/30/2028	ADDED	N/A	$0.00	0.00%	2026-09-09: (no price)
Drive Enclosures / Drives	Solid State Drives (NVMe/SAS/SATA)	HPE OCA > DL145 Gen11 [P71964-B21] > Drive Enclosures / Drives > Solid State Drives (NVMe/SAS/SATA)	Drive Cage / Drive	max 24	0	24	Selection constraint for Solid State Drives (NVMe/SAS/SATA): max 24	P79065-B21	Standard	HPE 30.72TB NVMe Gen4 Mainstream Performance Very Read Optimized E3S EC1 EDSFF P5430 SSD	0	0		0		No	06/02/2025	12/31/2026	ADDED	N/A	$0.00	0.00%	2026-09-09: (no price)
Drive Enclosures / Drives	Solid State Drives (NVMe/SAS/SATA)	HPE OCA > DL145 Gen11 [P71964-B21] > Drive Enclosures / Drives > Solid State Drives (NVMe/SAS/SATA)	Drive Cage / Drive	max 24	0	24	Selection constraint for Solid State Drives (NVMe/SAS/SATA): max 24	P79147-B21	Standard	HPE 30.72TB NVMe Gen5 Mainstream Performance Read Intensive E3S EC1 EDSFF Self-encrypting PM9D3a SSD	0	0		0		No	05/04/2026	06/30/2028	ADDED	N/A	$0.00	0.00%	2026-09-09: (no price)
Drive Enclosures / Drives	Solid State Drives (NVMe/SAS/SATA)	HPE OCA > DL145 Gen11 [P71964-B21] > Drive Enclosures / Drives > Solid State Drives (NVMe/SAS/SATA)	Drive Cage / Drive	max 24	0	24	Selection constraint for Solid State Drives (NVMe/SAS/SATA): max 24	P79965-B21	Standard	HPE 30.72TB NVMe Gen5 High Performance Read Intensive E3.S EC1 EDSFF SPDM 9550 SSD	0	0		0		No	01/05/2026	03/31/2027	ADDED	N/A	$0.00	0.00%	2026-09-09: (no price)
Drive Enclosures / Drives	Solid State Drives (NVMe/SAS/SATA)	HPE OCA > DL145 Gen11 [P71964-B21] > Drive Enclosures / Drives > Solid State Drives (NVMe/SAS/SATA)	Drive Cage / Drive	max 24	0	24	Selection constraint for Solid State Drives (NVMe/SAS/SATA): max 24	P85114-B21	Standard	HPE 1.6TB NVMe Gen5 Mainstream Performance Mixed Use E3S EC1 SPDM 7600 SSD	0	0		0		No	08/03/2026	11/30/2027	ADDED	N/A	$0.00	0.00%	2026-09-09: (no price)
Drive Enclosures / Drives	Solid State Drives (NVMe/SAS/SATA)	HPE OCA > DL145 Gen11 [P71964-B21] > Drive Enclosures / Drives > Solid State Drives (NVMe/SAS/SATA)	Drive Cage / Drive	max 24	0	24	Selection constraint for Solid State Drives (NVMe/SAS/SATA): max 24	P85117-B21	Standard	HPE 3.2TB NVMe Gen5 Mainstream Performance Mixed Use E3S EC1 SPDM 7600 SSD	0	0		0		No	08/03/2026	11/30/2027	ADDED	N/A	$0.00	0.00%	2026-09-09: (no price)
Drive Enclosures / Drives	Solid State Drives (NVMe/SAS/SATA)	HPE OCA > DL145 Gen11 [P71964-B21] > Drive Enclosures / Drives > Solid State Drives (NVMe/SAS/SATA)	Drive Cage / Drive	max 24	0	24	Selection constraint for Solid State Drives (NVMe/SAS/SATA): max 24	P85119-B21	Standard	HPE 6.4TB NVMe Gen5 Mainstream Performance Mixed Use E3S EC1 SPDM 7600 SSD	0	0		0		No	08/03/2026	11/30/2027	ADDED	N/A	$0.00	0.00%	2026-09-09: (no price)
Drive Enclosures / Drives	Solid State Drives (NVMe/SAS/SATA)	HPE OCA > DL145 Gen11 [P71964-B21] > Drive Enclosures / Drives > Solid State Drives (NVMe/SAS/SATA)	Drive Cage / Drive	max 24	0	24	Selection constraint for Solid State Drives (NVMe/SAS/SATA): max 24	P85121-B21	Standard	HPE 1.92TB NVMe Gen5 Mainstream Performance Read Intensive E3S EC1 SPDM 7600 SSD	0	0		0		No	08/03/2026	11/30/2027	ADDED	N/A	$0.00	0.00%	2026-09-09: (no price)
Drive Enclosures / Drives	Solid State Drives (NVMe/SAS/SATA)	HPE OCA > DL145 Gen11 [P71964-B21] > Drive Enclosures / Drives > Solid State Drives (NVMe/SAS/SATA)	Drive Cage / Drive	max 24	0	24	Selection constraint for Solid State Drives (NVMe/SAS/SATA): max 24	P85124-B21	Standard	HPE 3.84TB NVMe Gen5 Mainstream Performance Read Intensive E3S EC1 SPDM 7600 SSD	0	0		0		No	08/03/2026	11/30/2027	ADDED	N/A	$0.00	0.00%	2026-09-09: (no price)
Drive Enclosures / Drives	Solid State Drives (NVMe/SAS/SATA)	HPE OCA > DL145 Gen11 [P71964-B21] > Drive Enclosures / Drives > Solid State Drives (NVMe/SAS/SATA)	Drive Cage / Drive	max 24	0	24	Selection constraint for Solid State Drives (NVMe/SAS/SATA): max 24	P85126-B21	Standard	HPE 7.68TB NVMe Gen5 Mainstream Performance Read Intensive E3S EC1 SPDM 7600 SSD	0	0		0		No	08/03/2026	11/30/2027	ADDED	N/A	$0.00	0.00%	2026-09-09: (no price)
Drive Enclosures / Drives	Solid State Drives (NVMe/SAS/SATA)	HPE OCA > DL145 Gen11 [P71964-B21] > Drive Enclosures / Drives > Solid State Drives (NVMe/SAS/SATA)	Drive Cage / Drive	max 24	0	24	Selection constraint for Solid State Drives (NVMe/SAS/SATA): max 24	P85733-B21	Standard	HPE 6.4TB NVMe Gen5 High Performance Mixed Use E3.S EC1 E3 Thin PQC27 CM9 SSD	0	0		0		No	07/06/2026	11/30/2027	ADDED	N/A	$0.00	0.00%	2026-09-09: (no price)
Drive Enclosures / Drives	Solid State Drives (NVMe/SAS/SATA)	HPE OCA > DL145 Gen11 [P71964-B21] > Drive Enclosures / Drives > Solid State Drives (NVMe/SAS/SATA)	Drive Cage / Drive	max 24	0	24	Selection constraint for Solid State Drives (NVMe/SAS/SATA): max 24	P85735-B21	Standard	HPE 12.8TB NVMe Gen5 High Performance Mixed Use E3.S EC1 E3 Thin PQC27 CM9 SSD	0	0		0		No	07/06/2026	11/30/2027	ADDED	N/A	$0.00	0.00%	2026-09-09: (no price)
Drive Enclosures / Drives	Solid State Drives (NVMe/SAS/SATA)	HPE OCA > DL145 Gen11 [P71964-B21] > Drive Enclosures / Drives > Solid State Drives (NVMe/SAS/SATA)	Drive Cage / Drive	max 24	0	24	Selection constraint for Solid State Drives (NVMe/SAS/SATA): max 24	P85739-B21	Standard	HPE 3.84TB NVMe Gen5 High Performance Read Intensive E3.S EC1 E3 Thin PQC27 CM9 SSD	0	0		0		No	07/06/2026	09/30/2027	ADDED	N/A	$0.00	0.00%	2026-09-09: (no price)
Drive Enclosures / Drives	Solid State Drives (NVMe/SAS/SATA)	HPE OCA > DL145 Gen11 [P71964-B21] > Drive Enclosures / Drives > Solid State Drives (NVMe/SAS/SATA)	Drive Cage / Drive	max 24	0	24	Selection constraint for Solid State Drives (NVMe/SAS/SATA): max 24	P85741-B21	Standard	HPE 7.68TB NVMe Gen5 High Performance Read Intensive E3.S EC1 E3 Thin PQC27 CM9 SSD	0	0		0		No	07/06/2026	09/30/2027	ADDED	N/A	$0.00	0.00%	2026-09-09: (no price)
Drive Enclosures / Drives	Solid State Drives (NVMe/SAS/SATA)	HPE OCA > DL145 Gen11 [P71964-B21] > Drive Enclosures / Drives > Solid State Drives (NVMe/SAS/SATA)	Drive Cage / Drive	max 24	0	24	Selection constraint for Solid State Drives (NVMe/SAS/SATA): max 24	P85743-B21	Standard	HPE 15.36TB NVMe Gen5 High Performance Read Intensive E3.S EC1 E3 Thin PQC27 CM9 SSD	0	0		0		No	07/06/2026	09/30/2027	ADDED	N/A	$0.00	0.00%	2026-09-09: (no price)
Drive Enclosures / Drives	Solid State Drives (NVMe/SAS/SATA)	HPE OCA > DL145 Gen11 [P71964-B21] > Drive Enclosures / Drives > Solid State Drives (NVMe/SAS/SATA)	Drive Cage / Drive	max 24	0	24	Selection constraint for Solid State Drives (NVMe/SAS/SATA): max 24	P85745-B21	Standard	HPE 30.72TB NVMe Gen5 High Performance Read Intensive E3.S EC1 E3 Thin PQC27 CM9 SSD	0	0		0		No	07/06/2026	09/30/2027	ADDED	N/A	$0.00	0.00%	2026-09-09: (no price)
Drive Enclosures / Drives	Solid State Drives (NVMe/SAS/SATA)	HPE OCA > DL145 Gen11 [P71964-B21] > Drive Enclosures / Drives > Solid State Drives (NVMe/SAS/SATA)	Drive Cage / Drive	max 24	0	24	Selection constraint for Solid State Drives (NVMe/SAS/SATA): max 24	P87715-B21	Standard	HPE 1.6TB NVMe Gen5 Mainstream Performance Mixed Use E3.S EC1 Self-encrypting 7600 SSD	0	0		0		No	07/06/2026	03/31/2028	ADDED	N/A	$0.00	0.00%	2026-09-09: (no price)
Drive Enclosures / Drives	Solid State Drives (NVMe/SAS/SATA)	HPE OCA > DL145 Gen11 [P71964-B21] > Drive Enclosures / Drives > Solid State Drives (NVMe/SAS/SATA)	Drive Cage / Drive	max 24	0	24	Selection constraint for Solid State Drives (NVMe/SAS/SATA): max 24	P87717-B21	Standard	HPE 3.2TB NVMe Gen5 Mainstream Performance Mixed Use E3.S EC1 Self-encrypting 7600 SSD	0	0		0		No	07/06/2026	03/31/2028	ADDED	N/A	$0.00	0.00%	2026-09-09: (no price)
Drive Enclosures / Drives	Solid State Drives (NVMe/SAS/SATA)	HPE OCA > DL145 Gen11 [P71964-B21] > Drive Enclosures / Drives > Solid State Drives (NVMe/SAS/SATA)	Drive Cage / Drive	max 24	0	24	Selection constraint for Solid State Drives (NVMe/SAS/SATA): max 24	P87723-B21	Standard	HPE 7.68TB NVMe Gen5 Mainstream Performance Read Intensive E3S EC1 Self-encrypting 7600 SSD	0	0		0		No	08/03/2026	11/30/2027	ADDED	N/A	$0.00	0.00%	2026-09-09: (no price)
Drive Enclosures / Drives	Solid State Drives (NVMe/SAS/SATA)	HPE OCA > DL145 Gen11 [P71964-B21] > Drive Enclosures / Drives > Solid State Drives (NVMe/SAS/SATA)	Drive Cage / Drive	max 24	0	24	Selection constraint for Solid State Drives (NVMe/SAS/SATA): max 24	P91231-B21	Standard	HPE 7.68TB NVMe Gen5 High Performance Read Intensive E3.S EC1 E3 Thin Multi Vendor SSD	0	0		0		No	06/01/2026	06/30/2028	ADDED	N/A	$0.00	0.00%	2026-09-09: (no price)
Drive Enclosures / Drives	SFF Drive Cages & Enablement	HPE OCA > DL145 Gen11 [P71964-B21] > Drive Enclosures / Drives > SFF Drive Cages & Enablement	Drive Cage / Drive	max 24	0	24	If HPE DL145 Gen11 Opt ACC FIO Config is selected, then these EDSFF drives cannot be selected with direct attach. (Only controller mode).	P79615-B21	Standard	HPE 30.72TB NVMe Gen5 Mainstream Performance Very Read Optimized E3.S EC1 EDSFF 6550 SSD	0	0		0		No	04/27/2026	12/31/2026	ADDED	N/A	$0.00	0.00%	2026-09-09: (no price)
Drive Enclosures / Drives	SFF Drive Cages & Enablement	HPE OCA > DL145 Gen11 [P71964-B21] > Drive Enclosures / Drives > SFF Drive Cages & Enablement	Drive Cage / Drive	max 24	0	24	If HPE DL145 Gen11 Opt ACC FIO Config is selected, then these EDSFF drives cannot be selected with direct attach. (Only controller mode).	P79618-B21	Standard	HPE 61.44TB NVMe Gen5 Mainstream Performance Very Read Optimized E3.S EC1 EDSFF 6550 SSD	0	0		0		No	04/27/2026	12/31/2026	ADDED	N/A	$0.00	0.00%	2026-09-09: (no price)
Drive Enclosures / Drives	SFF Drive Cages & Enablement	HPE OCA > DL145 Gen11 [P71964-B21] > Drive Enclosures / Drives > SFF Drive Cages & Enablement	Drive Cage / Drive	max 24	0	24	If HPE DL145 Gen11 Opt ACC FIO Config is selected, then these EDSFF drives cannot be selected with direct attach. (Only controller mode).	P79620-B21	Standard	HPE 30.72TB NVMe Gen5 Mainstream Performance Very Read Optimized EC1 EDSFF Self-encrypting 6550 SSD	0	0		0		No	04/27/2026	12/31/2026	ADDED	N/A	$0.00	0.00%	2026-09-09: (no price)
Drive Enclosures / Drives	SFF Drive Cages & Enablement	HPE OCA > DL145 Gen11 [P71964-B21] > Drive Enclosures / Drives > SFF Drive Cages & Enablement	Drive Cage / Drive	max 24	0	24	If HPE DL145 Gen11 Opt ACC FIO Config is selected, then these EDSFF drives cannot be selected with direct attach. (Only controller mode).	P79623-B21	Standard	HPE 61.44TB NVMe Gen5 Mainstream Performance Very Read Optimized EC1 EDSFF Self-encrypting 6550 SSD	0	0		0		No	04/27/2026	12/31/2026	ADDED	N/A	$0.00	0.00%	2026-09-09: (no price)
Drive Enclosures / Drives	Solid State Drives (NVMe/SAS/SATA)	HPE OCA > DL145 Gen11 [P71964-B21] > Drive Enclosures / Drives > Solid State Drives (NVMe/SAS/SATA)	Drive Cage / Drive	max 24	0	24	Product is not yet available	P86016-B21	Standard	HPE 1.6TB NVMe Gen5 Mainstream Performance Mixed Use E3.S EC1 E3 Thin PQC27 CD9P SSD	0	0		0		No	10/05/2026	01/31/2028	ADDED	N/A	$0.00	0.00%	2026-09-09: (no price)
Drive Enclosures / Drives	Solid State Drives (NVMe/SAS/SATA)	HPE OCA > DL145 Gen11 [P71964-B21] > Drive Enclosures / Drives > Solid State Drives (NVMe/SAS/SATA)	Drive Cage / Drive	max 24	0	24	Product is not yet available	P86018-B21	Standard	HPE 3.2TB NVMe Gen5 Mainstream Performance Mixed Use E3.S EC1 E3 Thin PQC27 CD9P SSD	0	0		0		No	10/05/2026	01/31/2028	ADDED	N/A	$0.00	0.00%	2026-09-09: (no price)
Drive Enclosures / Drives	Solid State Drives (NVMe/SAS/SATA)	HPE OCA > DL145 Gen11 [P71964-B21] > Drive Enclosures / Drives > Solid State Drives (NVMe/SAS/SATA)	Drive Cage / Drive	max 24	0	24	Product is not yet available	P86020-B21	Standard	HPE 6.4TB NVMe Gen5 Mainstream Performance Mixed Use E3.S EC1 E3 Thin PQC27 CD9P SSD	0	0		0		No	10/05/2026	01/31/2028	ADDED	N/A	$0.00	0.00%	2026-09-09: (no price)
Drive Enclosures / Drives	Solid State Drives (NVMe/SAS/SATA)	HPE OCA > DL145 Gen11 [P71964-B21] > Drive Enclosures / Drives > Solid State Drives (NVMe/SAS/SATA)	Drive Cage / Drive	max 24	0	24	Product is not yet available	P86024-B21	Standard	HPE 1.92TB NVMe Gen5 Mainstream Performance Read Intensive E3.S EC1 E3 Thin PQC27 CD9P SSD	0	0		0		No	10/05/2026	01/31/2028	ADDED	N/A	$0.00	0.00%	2026-09-09: (no price)
Drive Enclosures / Drives	Solid State Drives (NVMe/SAS/SATA)	HPE OCA > DL145 Gen11 [P71964-B21] > Drive Enclosures / Drives > Solid State Drives (NVMe/SAS/SATA)	Cable Kit	max 24	0	24	Product is not yet available	P86026-B21	Standard	HPE ProLiant DL385 Gen11 with iLO GPU 550W Power Capping FIO Enablement Kit	0	0		0		No	10/05/2026	01/31/2028	ADDED	N/A	$0.00	0.00%	2026-09-09: (no price)
Drive Enclosures / Drives	Solid State Drives (NVMe/SAS/SATA)	HPE OCA > DL145 Gen11 [P71964-B21] > Drive Enclosures / Drives > Solid State Drives (NVMe/SAS/SATA)	Cable Kit	max 24	0	24	Product is not yet available	P86028-B21	Standard	HPE ProLiant DL385 Gen11 with iLO GPU 450W Power Capping FIO Enablement Kit	0	0		0		No	10/05/2026	01/31/2028	ADDED	N/A	$0.00	0.00%	2026-09-09: (no price)
Drive Enclosures / Drives	Solid State Drives (NVMe/SAS/SATA)	HPE OCA > DL145 Gen11 [P71964-B21] > Drive Enclosures / Drives > Solid State Drives (NVMe/SAS/SATA)	Drive Cage / Drive	max 24	0	24	Product is not yet available	P86030-B21	Standard	HPE 15.36TB NVMe Gen5 Mainstream Performance Read Intensive E3.S EC1 E3 Thin PQC27 CD9P SSD	0	0		0		No	10/05/2026	01/31/2028	ADDED	N/A	$0.00	0.00%	2026-09-09: (no price)
Drive Enclosures / Drives	Solid State Drives (NVMe/SAS/SATA)	HPE OCA > DL145 Gen11 [P71964-B21] > Drive Enclosures / Drives > Solid State Drives (NVMe/SAS/SATA)	Drive Cage / Drive	max 24	0	24	Product is not yet available	P86032-B21	Standard	HPE 30.72TB NVMe Gen5 Mainstream Performance Read Intensive E3.S EC1 E3 Thin PQC27 CD9P SSD	0	0		0		No	10/05/2026	01/31/2028	ADDED	N/A	$0.00	0.00%	2026-09-09: (no price)
Drive Enclosures / Drives	Solid State Drives (NVMe/SAS/SATA)	HPE OCA > DL145 Gen11 [P71964-B21] > Drive Enclosures / Drives > Solid State Drives (NVMe/SAS/SATA)	Drive Cage / Drive	max 24	0	24	Product is not yet available	P86746-B21	Standard	HPE 61.44TB NVMe Gen5 Mainstream Performance Very Read Optimized E3.S EC1 Self-encrypting 6600 SSD	0	0		0		No	10/05/2026	01/31/2028	ADDED	N/A	$0.00	0.00%	2026-09-09: (no price)
Drive Enclosures / Drives	Solid State Drives (NVMe/SAS/SATA)	HPE OCA > DL145 Gen11 [P71964-B21] > Drive Enclosures / Drives > Solid State Drives (NVMe/SAS/SATA)	Drive Cage / Drive	max 24	0	24	Product is not yet available	P86748-B21	Standard	HPE 122.8TB NVMe Gen5 Mainstream Performance Very Read Optimized E3.S EC1 Self-encrypting 6600 SSD	0	0		0		No	10/05/2026	01/31/2028	ADDED	N/A	$0.00	0.00%	2026-09-09: (no price)
Drive Enclosures / Drives	Solid State Drives (NVMe/SAS/SATA)	HPE OCA > DL145 Gen11 [P71964-B21] > Drive Enclosures / Drives > Solid State Drives (NVMe/SAS/SATA)	Drive Cage / Drive	max 24	0	24	Product is not yet available	P88535-B21	Standard	HPE 1.6TB NVMe Gen5 Mainstream Performance Mixed Use E3.S EC1 PQC27 Self-encrypting CD9P SSD	0	0		0		No	10/05/2026	01/31/2028	ADDED	N/A	$0.00	0.00%	2026-09-09: (no price)
Drive Enclosures / Drives	Solid State Drives (NVMe/SAS/SATA)	HPE OCA > DL145 Gen11 [P71964-B21] > Drive Enclosures / Drives > Solid State Drives (NVMe/SAS/SATA)	Drive Cage / Drive	max 24	0	24	Product is not yet available	P88537-B21	Standard	HPE 3.2TB NVMe Gen5 Mainstream Performance Mixed Use E3.S EC1 PQC27 Self-encrypting CD9P SSD	0	0		0		No	10/05/2026	01/31/2028	ADDED	N/A	$0.00	0.00%	2026-09-09: (no price)
Drive Enclosures / Drives	Solid State Drives (NVMe/SAS/SATA)	HPE OCA > DL145 Gen11 [P71964-B21] > Drive Enclosures / Drives > Solid State Drives (NVMe/SAS/SATA)	Drive Cage / Drive	max 24	0	24	Product is not yet available	P88539-B21	Standard	HPE 3.84TB NVMe Gen5 Mainstream Performance Read Intensive E3.S EC1 PQC27 Self-encrypting CD9P SSD	0	0		0		No	10/05/2026	01/31/2028	ADDED	N/A	$0.00	0.00%	2026-09-09: (no price)
Drive Enclosures / Drives	Solid State Drives (NVMe/SAS/SATA)	HPE OCA > DL145 Gen11 [P71964-B21] > Drive Enclosures / Drives > Solid State Drives (NVMe/SAS/SATA)	Drive Cage / Drive	max 24	0	24	Product is not yet available	P88541-B21	Standard	HPE 7.68TB NVMe Gen5 Mainstream Performance Read Intensive E3.S EC1 PQC27 Self-encrypting CD9P SSD	0	0		0		No	10/05/2026	01/31/2028	ADDED	N/A	$0.00	0.00%	2026-09-09: (no price)
Drive Enclosures / Drives	Solid State Drives (NVMe/SAS/SATA)	HPE OCA > DL145 Gen11 [P71964-B21] > Drive Enclosures / Drives > Solid State Drives (NVMe/SAS/SATA)	Drive Cage / Drive	max 24	0	24	Product is not yet available	P88543-B21	Standard	HPE 15.36TB NVMe Gen5 Mainstream Performance Read Intensive E3.S EC1 PQC27 Self-encrypting CD9P SSD	0	0		0		No	10/05/2026	01/31/2028	ADDED	N/A	$0.00	0.00%	2026-09-09: (no price)
Accessories & Infrastructure	System Options	HPE OCA > DL145 Gen11 [P71964-B21] > Accessories & Infrastructure > System Options	Chassis Infrastructure	Optional	0	Optional	Selection constraint for System Options: optional	P73214-B21	Standard	HPE ProLiant DL145 Gen11 Disabled External USB Port FIO System Setting	0	0		0		No	09/03/2024	09/30/2099	ADDED	N/A	$0.00	0.00%	2026-09-09: (no price)
Accessories & Infrastructure	System Options	HPE OCA > DL145 Gen11 [P71964-B21] > Accessories & Infrastructure > System Options	Cable Kit	Optional	0	Optional	CE Mark label SKU (P35876-B21) should be visible only when selecting Lot9 SKU's in the configuration	P35876-B21	Standard	HPE CE Mark Removal FIO Enablement Kit	0	0		0		No	10/05/2020	07/31/2028	ADDED	N/A	$0.00	0.00%	2026-09-09: (no price)
Accessories & Infrastructure	System Options	HPE OCA > DL145 Gen11 [P71964-B21] > Accessories & Infrastructure > System Options	Chassis Infrastructure	Optional	0	Optional	Selection constraint for System Options: optional	P63226-B21	Standard	HPE ProLiant vSAN ReadyNode Express Storage Architecture FIO Tracking	0	0		0		No	05/01/2023	05/31/2028	ADDED	N/A	$0.00	0.00%	2026-09-09: (no price)
Software & Licenses	Server Management & Operating System Licenses	HPE OCA > DL145 Gen11 [P71964-B21] > Software & Licenses > Server Management & Operating System Licenses	Operating System / License	Unlimited	0	Unlimited	Selection constraint for Server Management & Operating System Licenses: no max	P08040-B21	Standard	HPE iLO Common Password FIO Setting	0	0		0		No	12/02/2019	06/30/2028	ADDED	N/A	$0.00	0.00%	2026-09-09: (no price)
PCIe Risers	PCIe Riser Kits	HPE OCA > DL145 Gen11 [P71964-B21] > PCIe Risers > PCIe Riser Kits	PCIe Riser	max 3	0	3	Selection constraint for PCIe Riser Kits: max 3	P71989-B21	Standard	HPE ProLiant DL145 Gen11 x16 FHFL PCIe Gen5 Slot 2 Riser Kit	0	0		0		No	09/03/2024	06/30/2028	ADDED	N/A	$0.00	0.00%	2026-09-09: (no price)
PCIe Risers	PCIe Riser Kits	HPE OCA > DL145 Gen11 [P71964-B21] > PCIe Risers > PCIe Riser Kits	PCIe Riser	max 3	0	3	Selection constraint for PCIe Riser Kits: max 3	P71991-B21	Standard	HPE ProLiant DL145 Gen11 x16 FHFL PCIe Gen5 Slot 1 Riser Kit	0	0		0		No	09/03/2024	06/30/2028	ADDED	N/A	$0.00	0.00%	2026-09-09: (no price)
Networking	PCIe Networking Adapters	HPE OCA > DL145 Gen11 [P71964-B21] > Networking > PCIe Networking Adapters	Network Adapter	max 8	0	8	Selection constraint for PCIe Networking Adapters: max 8	P08443-B21	Standard	Intel E810-XXVDA2 Ethernet 10/25Gb 2-port SFP28 Adapter for HPE	0	0		0		No	04/06/2021	11/30/2027	ADDED	N/A	$0.00	0.00%	2026-09-09: (no price)
Networking	PCIe Networking Adapters	HPE OCA > DL145 Gen11 [P71964-B21] > Networking > PCIe Networking Adapters	Network Adapter	max 8	0	8	Selection constraint for PCIe Networking Adapters: max 8	P26253-B21	Standard	Broadcom BCM57416 Ethernet 10Gb 2-port BASE-T Adapter for HPE	0	0		0		No	11/02/2020	12/31/2028	ADDED	N/A	$0.00	0.00%	2026-09-09: (no price)
Networking	PCIe Networking Adapters	HPE OCA > DL145 Gen11 [P71964-B21] > Networking > PCIe Networking Adapters	Network Adapter	max 8	0	8	Selection constraint for PCIe Networking Adapters: max 8	P26259-B21	Standard	Broadcom BCM57412 Ethernet 10Gb 2-port SFP+ Adapter for HPE	0	0		0		No	10/05/2020	12/31/2028	ADDED	N/A	$0.00	0.00%	2026-09-09: (no price)
Networking	PCIe Networking Adapters	HPE OCA > DL145 Gen11 [P71964-B21] > Networking > PCIe Networking Adapters	Network Adapter	max 8	0	8	Selection constraint for PCIe Networking Adapters: max 8	P26262-B21	Standard	Broadcom BCM57414 Ethernet 10/25Gb 2-port SFP28 Adapter for HPE	0	0		0		No	10/05/2020	12/31/2028	ADDED	N/A	$0.00	0.00%	2026-09-09: (no price)
Networking	PCIe Networking Adapters	HPE OCA > DL145 Gen11 [P71964-B21] > Networking > PCIe Networking Adapters	Network Adapter	max 8	0	8	Selection constraint for PCIe Networking Adapters: max 8	P42044-B21	Standard	Mellanox MCX631102AS-ADAT Ethernet 10/25Gb 2-port SFP28 Adapter for HPE	0	0		0		No	02/07/2022	12/31/2028	ADDED	N/A	$0.00	0.00%	2026-09-09: (no price)
Networking	PCIe Networking Adapters	HPE OCA > DL145 Gen11 [P71964-B21] > Networking > PCIe Networking Adapters	Network Adapter	max 8	0	8	Selection constraint for PCIe Networking Adapters: max 8	P51178-B21	Standard	Broadcom BCM5719 Ethernet 1Gb 4-port BASE-T Adapter for HPE	0	0		0		No	06/06/2022	12/31/2028	ADDED	N/A	$0.00	0.00%	2026-09-09: (no price)
Networking	PCIe Networking Adapters	HPE OCA > DL145 Gen11 [P71964-B21] > Networking > PCIe Networking Adapters	Network Adapter	max 8	0	8	Selection constraint for PCIe Networking Adapters: max 8	P08458-B21	Standard	Intel E810-XXVDA4 Ethernet 10/25Gb 4-port SFP28 Adapter for HPE	0	0		0		No	04/06/2021	12/31/2028	ADDED	N/A	$0.00	0.00%	2026-09-09: (no price)
Networking	PCIe Networking Adapters	HPE OCA > DL145 Gen11 [P71964-B21] > Networking > PCIe Networking Adapters	Network Adapter	max 8	0	8	Selection constraint for PCIe Networking Adapters: max 8	P26264-B21	Standard	Broadcom BCM57504 Ethernet 10/25Gb 4-port SFP28 Adapter for HPE	0	0		0		No	09/06/2022	12/31/2028	ADDED	N/A	$0.00	0.00%	2026-09-09: (no price)
Networking	OCP3 Networking Adapters	HPE OCA > DL145 Gen11 [P71964-B21] > Networking > OCP3 Networking Adapters	Network Adapter	max 8	0	8	Selection constraint for OCP3 Networking Adapters: max 8	P51181-B21	Standard	Broadcom BCM5719 Ethernet 1Gb 4-port BASE-T OCP3 Adapter for HPE	1	0		0		No	06/06/2022	12/31/2028	ADDED	N/A	$0.00	0.00%	2026-09-09: (no price)
Networking	OCP3 Networking Adapters	HPE OCA > DL145 Gen11 [P71964-B21] > Networking > OCP3 Networking Adapters	Network Adapter	max 8	0	8	Max quantity of product limited by space available.	P10115-B21	Standard	Broadcom BCM57414 Ethernet 10/25Gb 2-port SFP28 OCP3 Adapter for HPE	0	0		0		No	11/02/2020	12/31/2028	ADDED	N/A	$0.00	0.00%	2026-09-09: (no price)
Networking	OCP3 Networking Adapters	HPE OCA > DL145 Gen11 [P71964-B21] > Networking > OCP3 Networking Adapters	Network Adapter	max 8	0	8	Max quantity of product limited by space available.	P42041-B21	Standard	Mellanox MCX631432AS-ADAI Ethernet 10/25Gb 2-port SFP28 OCP3 Adapter for HPE	0	0		0		No	02/07/2022	12/31/2028	ADDED	N/A	$0.00	0.00%	2026-09-09: (no price)
Networking	OCP3 Networking Adapters	HPE OCA > DL145 Gen11 [P71964-B21] > Networking > OCP3 Networking Adapters	Network Adapter	max 8	0	8	Max quantity of product limited by space available.	P26256-B21	Standard	Broadcom BCM57412 Ethernet 10Gb 2-port SFP+ OCP3 Adapter for HPE	0	0		0		No	10/05/2020	12/31/2028	ADDED	N/A	$0.00	0.00%	2026-09-09: (no price)
Networking	OCP3 Networking Adapters	HPE OCA > DL145 Gen11 [P71964-B21] > Networking > OCP3 Networking Adapters	Network Adapter	max 8	0	8	Max quantity of product limited by space available.	P08449-B21	Standard	Intel I350-T4 Ethernet 1Gb 4-port BASE-T OCP3 Adapter for HPE	0	0		0		No	12/16/2019	12/31/2028	ADDED	N/A	$0.00	0.00%	2026-09-09: (no price)
Networking	OCP3 Networking Adapters	HPE OCA > DL145 Gen11 [P71964-B21] > Networking > OCP3 Networking Adapters	Network Adapter	max 8	0	8	Max quantity of product limited by space available.	P10097-B21	Standard	Broadcom BCM57416 Ethernet 10Gb 2-port BASE-T OCP3 Adapter for HPE	0	0		0		No	11/02/2020	12/31/2028	ADDED	N/A	$0.00	0.00%	2026-09-09: (no price)
Networking	OCP3 Networking Adapters	HPE OCA > DL145 Gen11 [P71964-B21] > Networking > OCP3 Networking Adapters	Network Adapter	max 8	0	8	Max quantity of product limited by space available.	P10106-B21	Standard	Intel E810-XXVDA2 Ethernet 10/25Gb 2-port SFP28 OCP3 Adapter for HPE	0	0		0		No	04/06/2021	11/30/2027	ADDED	N/A	$0.00	0.00%	2026-09-09: (no price)
Networking	OCP3 Networking Adapters	HPE OCA > DL145 Gen11 [P71964-B21] > Networking > OCP3 Networking Adapters	Network Adapter	max 8	0	8	Max quantity of product limited by space available.	P26269-B21	Standard	Broadcom BCM57504 Ethernet 10/25Gb 4-port SFP28 OCP3 Adapter for HPE	0	0		0		No	09/06/2022	12/31/2028	ADDED	N/A	$0.00	0.00%	2026-09-09: (no price)
Drive Enclosures / Drives	Hard Disk Drives (SAS/SATA)	HPE OCA > DL145 Gen11 [P71964-B21] > Drive Enclosures / Drives > Hard Disk Drives (SAS/SATA)	Transceiver	max 24	0	24	Selection constraint for Hard Disk Drives (SAS/SATA): max 24	453151-B21	Standard	HPE BladeSystem c-Class Virtual Connect 1G SFP SX Transceiver	0	0		0		No	10/01/2007	07/31/2027	ADDED	N/A	$0.00	0.00%	2026-09-09: (no price)
Drive Enclosures / Drives	Hard Disk Drives (SAS/SATA)	HPE OCA > DL145 Gen11 [P71964-B21] > Drive Enclosures / Drives > Hard Disk Drives (SAS/SATA)	Transceiver	max 24	0	24	Selection constraint for Hard Disk Drives (SAS/SATA): max 24	453154-B21	Standard	HPE BladeSystem CClass Virtual Connect 1G SFP RJ45 Transceiver	0	0		0		No	11/16/2007	07/31/2027	ADDED	N/A	$0.00	0.00%	2026-09-09: (no price)
Drive Enclosures / Drives	Hard Disk Drives (SAS/SATA)	HPE OCA > DL145 Gen11 [P71964-B21] > Drive Enclosures / Drives > Hard Disk Drives (SAS/SATA)	Transceiver	max 24	0	24	Selection constraint for Hard Disk Drives (SAS/SATA): max 24	455883-B21	Standard	HPE BladeSystem c-Class 10Gb SFP+ SR Transceiver	0	0		0		No	12/01/2008	11/30/2030	ADDED	N/A	$0.00	0.00%	2026-09-09: (no price)
Drive Enclosures / Drives	Hard Disk Drives (SAS/SATA)	HPE OCA > DL145 Gen11 [P71964-B21] > Drive Enclosures / Drives > Hard Disk Drives (SAS/SATA)	Transceiver	max 24	0	24	Selection constraint for Hard Disk Drives (SAS/SATA): max 24	455886-B21	Standard	HPE BladeSystem c-Class 10Gb SFP+ LR Transceiver	0	0		0		No	12/01/2008	11/30/2030	ADDED	N/A	$0.00	0.00%	2026-09-09: (no price)
Drive Enclosures / Drives	Hard Disk Drives (SAS/SATA)	HPE OCA > DL145 Gen11 [P71964-B21] > Drive Enclosures / Drives > Hard Disk Drives (SAS/SATA)	Transceiver	max 24	0	24	Selection constraint for Hard Disk Drives (SAS/SATA): max 24	845398-B21	Standard	HPE 25Gb SFP28 SR 100m Transceiver	0	0		0		No	06/06/2016	06/30/2028	ADDED	N/A	$0.00	0.00%	2026-09-09: (no price)
Drive Enclosures / Drives	Hard Disk Drives (SAS/SATA)	HPE OCA > DL145 Gen11 [P71964-B21] > Drive Enclosures / Drives > Hard Disk Drives (SAS/SATA)	Transceiver	max 24	0	24	Selection constraint for Hard Disk Drives (SAS/SATA): max 24	JL486A	Standard	HPE Aruba Networking 25G SFP28 LC LR 10km SMF Transceiver	0	0		0		No	12/03/2018	12/30/2099	ADDED	N/A	$0.00	0.00%	2026-09-09: (no price)
Drive Enclosures / Drives	Solid State Drives (NVMe/SAS/SATA)	HPE OCA > DL145 Gen11 [P71964-B21] > Drive Enclosures / Drives > Solid State Drives (NVMe/SAS/SATA)	Boot Device	max 24	0	24	Selection constraint for Solid State Drives (NVMe/SAS/SATA): max 24	P48183-B21	Standard	HPE NS204i-u Gen11 NVMe Hot Plug Boot Optimized Storage Device	0	0		0		No	11/07/2022	06/30/2028	ADDED	N/A	$0.00	0.00%	2026-09-09: (no price)
Drive Enclosures / Drives	Solid State Drives (NVMe/SAS/SATA)	HPE OCA > DL145 Gen11 [P71964-B21] > Drive Enclosures / Drives > Solid State Drives (NVMe/SAS/SATA)	Boot Device	max 24	0	24	Selection constraint for Solid State Drives (NVMe/SAS/SATA): max 24	P81162-B21	Standard	HPE NS204i-u v2 960GB NVMe SED Hot Plug Boot Optimized Storage Device	0	0		0		No	07/07/2025	04/30/2029	ADDED	N/A	$0.00	0.00%	2026-09-09: (no price)
Drive Enclosures / Drives	Solid State Drives (NVMe/SAS/SATA)	HPE OCA > DL145 Gen11 [P71964-B21] > Drive Enclosures / Drives > Solid State Drives (NVMe/SAS/SATA)	Cable Kit	max 24	0	24	Selection constraint for Solid State Drives (NVMe/SAS/SATA): max 24	P71992-B21	Standard	HPE ProLiant DL145 Gen11 NS204i-u Enablement Kit	0	0		0		No	09/03/2024	06/30/2028	ADDED	N/A	$0.00	0.00%	2026-09-09: (no price)
Drive Enclosures / Drives	Solid State Drives (NVMe/SAS/SATA)	HPE OCA > DL145 Gen11 [P71964-B21] > Drive Enclosures / Drives > Solid State Drives (NVMe/SAS/SATA)	Boot Device	max 24	0	24	Selection constraint for Solid State Drives (NVMe/SAS/SATA): max 24	P81160-B21	Standard	HPE NS204i-u v2 960GB NVMe Hot Plug Boot Optimized Storage Device	0	0		0		No	07/07/2025	04/30/2029	ADDED	N/A	$0.00	0.00%	2026-09-09: (no price)
Accessories & Infrastructure	System Options	HPE OCA > DL145 Gen11 [P71964-B21] > Accessories & Infrastructure > System Options	Cable Kit	Optional	0	Optional	Selection constraint for System Options: optional	P71995-B21	Standard	HPE ProLiant DL145 Gen11 Double Wide GPU Cable Kit	0	0		0		No	04/07/2025	06/30/2028	ADDED	N/A	$0.00	0.00%	2026-09-09: (no price)
Accessories & Infrastructure	System Options	HPE OCA > DL145 Gen11 [P71964-B21] > Accessories & Infrastructure > System Options	GPU / Accelerator	Optional	0	Optional	Selection constraint for System Options: optional	P73002-B21	Standard	HPE ProLiant DL145 Gen11 Double Wide GPU Air Baffle Kit	0	0		0		No	04/07/2025	06/30/2028	ADDED	N/A	$0.00	0.00%	2026-09-09: (no price)
Cooling / Thermal	High Performance & Standard Fan Kits	HPE OCA > DL145 Gen11 [P71964-B21] > Cooling / Thermal > High Performance & Standard Fan Kits	Cooling / Thermal	max 6	0	6	Selection constraint for High Performance & Standard Fan Kits: max 6	P72581-B21	Standard	HPE ProLiant DL145 Gen11 2U Performance Fan Kit	4	0		0		No	09/03/2024	06/30/2028	ADDED	N/A	$0.00	0.00%	2026-09-09: (no price)
Power Supplies	Flex Slot Power Supplies	HPE OCA > DL145 Gen11 [P71964-B21] > Power Supplies > Flex Slot Power Supplies	Power Supply	min 1, max 2	1	2	Selection constraint for Flex Slot Power Supplies: min 1, max 2	P54290-B21	Standard	HPE ProLiant DL110 900W-1000W Titanium Hot Plug Low Halogen AC Power Supply Kit	2	0		0		No	09/18/2023	06/30/2028	ADDED	N/A	$0.00	0.00%	2026-09-09: (no price)
Processor	Intel Xeon Scalable Processors	HPE OCA > DL145 Gen11 [P71964-B21] > Processor > Intel Xeon Scalable Processors	Processor	min 1, max 2	1	2	Mixing of Power Supplies is not allowed.	P43150-B21	Standard	HPE ProLiant DL110 700W Flex Slot -48VDC Hot Plug Low Halogen Power Supply Kit	0	0		0		No	04/26/2021	06/30/2028	ADDED	N/A	$0.00	0.00%	2026-09-09: (no price)
Processor	Intel Xeon Scalable Processors	HPE OCA > DL145 Gen11 [P71964-B21] > Processor > Intel Xeon Scalable Processors	Processor	min 1, max 2	1	2	Mixing of Power Supplies is not allowed.	P44975-B21	Standard	HPE ProLiant DL110 700W Flex Slot Platinum Hot Plug Low Halogen AC Power Supply Kit	0	0		0		No	08/17/2021	06/30/2028	ADDED	N/A	$0.00	0.00%	2026-09-09: (no price)
Power Supplies	Flex Slot Power Supplies	HPE OCA > DL145 Gen11 [P71964-B21] > Power Supplies > Flex Slot Power Supplies	Cable Kit	min 1, max 2	1	2	If AC Power Supply is selected then only AC Power Cords should be in the drop-down.	Q0H80A	Standard	HPE 48VDC 2.85m Power Cable	0	0		0		No	06/05/2017	06/30/2027	ADDED	N/A	$0.00	0.00%	2026-09-09: (no price)
Cables & Enablement Kits	Power Cords & Jumper Cables	HPE OCA > DL145 Gen11 [P71964-B21] > Cables & Enablement Kits > Power Cords & Jumper Cables	Cable Kit		0		BTO products are not allowed in CTO Base Model.	A0K02A	Standard	HPE C13 - C14 WW 250V 10Amp 2.0m Jumper Cord	0	0		0		No	08/30/2011	09/30/2031	ADDED	N/A	$0.00	0.00%	2026-09-09: (no price)
Cables & Enablement Kits	Power Cords & Jumper Cables	HPE OCA > DL145 Gen11 [P71964-B21] > Cables & Enablement Kits > Power Cords & Jumper Cables	Cable Kit		0		BTO products are not allowed in CTO Base Model.	A0N33A	Standard	HPE C13-NEMA 6-15P 10A/250V 3.6m Black Power Cord	0	0		0		No	08/30/2011	09/30/2031	ADDED	N/A	$0.00	0.00%	2026-09-09: (no price)
Accessories & Infrastructure	Chassis Infrastructure & Rail Kits	HPE OCA > DL145 Gen11 [P71964-B21] > Accessories & Infrastructure > Chassis Infrastructure & Rail Kits	Chassis Infrastructure	Optional	0	Optional	Selection constraint for Chassis Infrastructure & Rail Kits: optional	875519-B21	Standard	HPE Bezel Lock Kit	0	0		0		No	07/11/2017	06/30/2029	ADDED	N/A	$0.00	0.00%	2026-09-09: (no price)
Accessories & Infrastructure	Chassis Infrastructure & Rail Kits	HPE OCA > DL145 Gen11 [P71964-B21] > Accessories & Infrastructure > Chassis Infrastructure & Rail Kits	Chassis Infrastructure	Optional	0	Optional	Selection constraint for Chassis Infrastructure & Rail Kits: optional	P72582-B21	Standard	HPE ProLiant DL145 Gen11 FIO Bezel Filter Kit	1	0		0		No	09/03/2024	06/30/2028	ADDED	N/A	$0.00	0.00%	2026-09-09: (no price)
Accessories & Infrastructure	Chassis Infrastructure & Rail Kits	HPE OCA > DL145 Gen11 [P71964-B21] > Accessories & Infrastructure > Chassis Infrastructure & Rail Kits	Chassis Infrastructure	Optional	0	Optional	Selection constraint for Chassis Infrastructure & Rail Kits: optional	P72583-B21	Standard	HPE ProLiant DL145 Gen11 Filter Replacement Kit	0	0		0		No	09/03/2024	06/30/2028	ADDED	N/A	$0.00	0.00%	2026-09-09: (no price)
Accessories & Infrastructure	System Options	HPE OCA > DL145 Gen11 [P71964-B21] > Accessories & Infrastructure > System Options	Cable Kit	Optional	0	Optional	Selection constraint for System Options: optional	P71998-B21	Standard	HPE ProLiant DL145 Gen11 RJ45 Serial Port Cable Kit	0	0		0		No	09/03/2024	06/30/2028	ADDED	N/A	$0.00	0.00%	2026-09-09: (no price)
Accessories & Infrastructure	System Options	HPE OCA > DL145 Gen11 [P71964-B21] > Accessories & Infrastructure > System Options	Chassis Infrastructure	Optional	0	Optional	Selection constraint for System Options: optional	P87008-B21	Standard	HPE ProLiant DL145 Gen11 Military Ruggedization FIO Kit	0	0		0		No	02/02/2026	06/30/2028	ADDED	N/A	$0.00	0.00%	2026-09-09: (no price)
Software & Licenses	Server Management & Operating System Licenses	HPE OCA > DL145 Gen11 [P71964-B21] > Software & Licenses > Server Management & Operating System Licenses	Operating System / License	Unlimited	0	Unlimited	Selection constraint for Server Management & Operating System Licenses: no max	P46191-AA1	Standard	Microsoft Windows Server 2022 1 User CAL Chinese Simplified LTU	0	0		0		No	11/01/2021	05/31/2025	ADDED	N/A	$0.00	0.00%	2026-09-09: (no price)
Software & Licenses	Server Management & Operating System Licenses	HPE OCA > DL145 Gen11 [P71964-B21] > Software & Licenses > Server Management & Operating System Licenses	Operating System / License	Unlimited	0	Unlimited	Selection constraint for Server Management & Operating System Licenses: no max	P46191-B21	Standard	Microsoft Windows Server 2022 1 User CAL en/cs/de/es/fr/it/nl/pl/pt/ru/sv/ko/ja/xc LTU	0	0		0		No	11/01/2021	05/31/2025	ADDED	N/A	$0.00	0.00%	2026-09-09: (no price)
Software & Licenses	Server Management & Operating System Licenses	HPE OCA > DL145 Gen11 [P71964-B21] > Software & Licenses > Server Management & Operating System Licenses	Operating System / License	Unlimited	0	Unlimited	Selection constraint for Server Management & Operating System Licenses: no max	P46194-B21	Standard	Microsoft Windows Server 2022 1 Device CAL en/cs/de/es/fr/it/nl/pl/pt/ru/sv/ko/ja/xc LTU	0	0		0		No	11/01/2021	05/31/2025	ADDED	N/A	$0.00	0.00%	2026-09-09: (no price)
Software & Licenses	Server Management & Operating System Licenses	HPE OCA > DL145 Gen11 [P71964-B21] > Software & Licenses > Server Management & Operating System Licenses	Operating System / License	Unlimited	0	Unlimited	Selection constraint for Server Management & Operating System Licenses: no max	P46215-AA1	Standard	Microsoft Windows Server 2022 5 Users CAL Chinese Simplified LTU	0	0		0		No	11/01/2021	05/31/2025	ADDED	N/A	$0.00	0.00%	2026-09-09: (no price)
Software & Licenses	Server Management & Operating System Licenses	HPE OCA > DL145 Gen11 [P71964-B21] > Software & Licenses > Server Management & Operating System Licenses	Operating System / License	Unlimited	0	Unlimited	Selection constraint for Server Management & Operating System Licenses: no max	P46215-AB1	Standard	Microsoft Windows Server 2022 5 Users CAL Chinese Traditional LTU	0	0		0		No	11/01/2021	05/31/2025	ADDED	N/A	$0.00	0.00%	2026-09-09: (no price)
Software & Licenses	Server Management & Operating System Licenses	HPE OCA > DL145 Gen11 [P71964-B21] > Software & Licenses > Server Management & Operating System Licenses	Operating System / License	Unlimited	0	Unlimited	Selection constraint for Server Management & Operating System Licenses: no max	P46215-B21	Standard	Microsoft Windows Server 2022 5 Users CAL en/cs/de/es/fr/it/nl/pl/pt/ru/sv/ko/ja/xc LTU	0	0		0		No	11/01/2021	05/31/2025	ADDED	N/A	$0.00	0.00%	2026-09-09: (no price)
Software & Licenses	Server Management & Operating System Licenses	HPE OCA > DL145 Gen11 [P71964-B21] > Software & Licenses > Server Management & Operating System Licenses	Operating System / License	Unlimited	0	Unlimited	Selection constraint for Server Management & Operating System Licenses: no max	P46216-B21	Standard	Microsoft Windows Server 2022 5 Devices CAL en/cs/de/es/fr/it/nl/pl/pt/ru/sv/ko/ja/xc LTU	0	0		0		No	11/01/2021	05/31/2025	ADDED	N/A	$0.00	0.00%	2026-09-09: (no price)
Software & Licenses	Server Management & Operating System Licenses	HPE OCA > DL145 Gen11 [P71964-B21] > Software & Licenses > Server Management & Operating System Licenses	Operating System / License	Unlimited	0	Unlimited	Selection constraint for Server Management & Operating System Licenses: no max	P46217-B21	Standard	Microsoft Windows Server 2022 10 Users CAL en/cs/de/es/fr/it/nl/pl/pt/ru/sv/ko/ja/xc LTU	0	0		0		No	11/01/2021	05/31/2025	ADDED	N/A	$0.00	0.00%	2026-09-09: (no price)
Software & Licenses	Server Management & Operating System Licenses	HPE OCA > DL145 Gen11 [P71964-B21] > Software & Licenses > Server Management & Operating System Licenses	Operating System / License	Unlimited	0	Unlimited	Selection constraint for Server Management & Operating System Licenses: no max	P46218-B21	Standard	Microsoft Windows Server 2022 10 Devices CAL en/cs/de/es/fr/it/nl/pl/pt/ru/sv/ko/ja/xc LTU	0	0		0		No	11/01/2021	05/31/2025	ADDED	N/A	$0.00	0.00%	2026-09-09: (no price)
Software & Licenses	Server Management & Operating System Licenses	HPE OCA > DL145 Gen11 [P71964-B21] > Software & Licenses > Server Management & Operating System Licenses	Operating System / License	Unlimited	0	Unlimited	Selection constraint for Server Management & Operating System Licenses: no max	P46219-B21	Standard	Microsoft Windows Server 2022 50 Users CAL en/cs/de/es/fr/it/nl/pl/pt/ru/sv/ko/ja/xc LTU	0	0		0		No	11/01/2021	05/31/2025	ADDED	N/A	$0.00	0.00%	2026-09-09: (no price)
Software & Licenses	Server Management & Operating System Licenses	HPE OCA > DL145 Gen11 [P71964-B21] > Software & Licenses > Server Management & Operating System Licenses	Operating System / License	Unlimited	0	Unlimited	Selection constraint for Server Management & Operating System Licenses: no max	P46220-B21	Standard	Microsoft Windows Server 2022 50 Devices CAL en/cs/de/es/fr/it/nl/pl/pt/ru/sv/ko/ja/xc LTU	0	0		0		No	11/01/2021	05/31/2025	ADDED	N/A	$0.00	0.00%	2026-09-09: (no price)
Software & Licenses	Server Management & Operating System Licenses	HPE OCA > DL145 Gen11 [P71964-B21] > Software & Licenses > Server Management & Operating System Licenses	Operating System / License	Unlimited	0	Unlimited	Selection constraint for Server Management & Operating System Licenses: no max	P46221-B21	Standard	Microsoft Windows Server 2022 RDS 5 Users CAL en/cs/de/es/fr/it/nl/pl/pt/ru/sv/ko/ja/xc LTU	0	0		0		No	11/01/2021	05/31/2025	ADDED	N/A	$0.00	0.00%	2026-09-09: (no price)
Software & Licenses	Server Management & Operating System Licenses	HPE OCA > DL145 Gen11 [P71964-B21] > Software & Licenses > Server Management & Operating System Licenses	Operating System / License	Unlimited	0	Unlimited	Selection constraint for Server Management & Operating System Licenses: no max	P46222-B21	Standard	Microsoft Windows Server 2022 RDS 5 Devices CAL en/cs/de/es/fr/it/nl/pl/pt/ru/sv/ko/ja/xc LTU	0	0		0		No	11/01/2021	05/31/2025	ADDED	N/A	$0.00	0.00%	2026-09-09: (no price)
Software & Licenses	Server Management & Operating System Licenses	HPE OCA > DL145 Gen11 [P71964-B21] > Software & Licenses > Server Management & Operating System Licenses	Operating System / License	Unlimited	0	Unlimited	Selection constraint for Server Management & Operating System Licenses: no max	P77110-AA1	Standard	Microsoft Windows Server 2025 1 User CAL Chinese Simplified LTU	0	0		0		No	12/02/2024	11/30/2027	ADDED	N/A	$0.00	0.00%	2026-09-09: (no price)
Software & Licenses	Server Management & Operating System Licenses	HPE OCA > DL145 Gen11 [P71964-B21] > Software & Licenses > Server Management & Operating System Licenses	Operating System / License	Unlimited	0	Unlimited	Selection constraint for Server Management & Operating System Licenses: no max	P77110-B21	Standard	Microsoft Windows Server 2025 1 User CAL WW LTU	0	0		0		No	12/02/2024	11/30/2027	ADDED	N/A	$0.00	0.00%	2026-09-09: (no price)
Software & Licenses	Server Management & Operating System Licenses	HPE OCA > DL145 Gen11 [P71964-B21] > Software & Licenses > Server Management & Operating System Licenses	Operating System / License	Unlimited	0	Unlimited	Selection constraint for Server Management & Operating System Licenses: no max	P77111-B21	Standard	Microsoft Windows Server 2025 1 Device CAL WW LTU	0	0		0		No	12/02/2024	11/30/2027	ADDED	N/A	$0.00	0.00%	2026-09-09: (no price)
Software & Licenses	Server Management & Operating System Licenses	HPE OCA > DL145 Gen11 [P71964-B21] > Software & Licenses > Server Management & Operating System Licenses	Operating System / License	Unlimited	0	Unlimited	Selection constraint for Server Management & Operating System Licenses: no max	P77112-AA1	Standard	Microsoft Windows Server 2025 5 Users CAL Chinese Simplified LTU	0	0		0		No	12/02/2024	11/30/2027	ADDED	N/A	$0.00	0.00%	2026-09-09: (no price)
Software & Licenses	Server Management & Operating System Licenses	HPE OCA > DL145 Gen11 [P71964-B21] > Software & Licenses > Server Management & Operating System Licenses	Operating System / License	Unlimited	0	Unlimited	Selection constraint for Server Management & Operating System Licenses: no max	P77112-AB1	Standard	Microsoft Windows Server 2025 5 Users CAL Chinese Traditional LTU	0	0		0		No	12/02/2024	11/30/2027	ADDED	N/A	$0.00	0.00%	2026-09-09: (no price)
Software & Licenses	Server Management & Operating System Licenses	HPE OCA > DL145 Gen11 [P71964-B21] > Software & Licenses > Server Management & Operating System Licenses	Operating System / License	Unlimited	0	Unlimited	Selection constraint for Server Management & Operating System Licenses: no max	P77112-B21	Standard	Microsoft Windows Server 2025 5 Users CAL WW LTU	0	0		0		No	12/02/2024	11/30/2027	ADDED	N/A	$0.00	0.00%	2026-09-09: (no price)
Software & Licenses	Server Management & Operating System Licenses	HPE OCA > DL145 Gen11 [P71964-B21] > Software & Licenses > Server Management & Operating System Licenses	Operating System / License	Unlimited	0	Unlimited	Selection constraint for Server Management & Operating System Licenses: no max	P77113-B21	Standard	Microsoft Windows Server 2025 5 Devices CAL WW LTU	0	0		0		No	12/02/2024	11/30/2027	ADDED	N/A	$0.00	0.00%	2026-09-09: (no price)
Software & Licenses	Server Management & Operating System Licenses	HPE OCA > DL145 Gen11 [P71964-B21] > Software & Licenses > Server Management & Operating System Licenses	Operating System / License	Unlimited	0	Unlimited	Selection constraint for Server Management & Operating System Licenses: no max	P77114-B21	Standard	Microsoft Windows Server 2025 10 Users CAL WW LTU	0	0		0		No	12/02/2024	11/30/2027	ADDED	N/A	$0.00	0.00%	2026-09-09: (no price)
Software & Licenses	Server Management & Operating System Licenses	HPE OCA > DL145 Gen11 [P71964-B21] > Software & Licenses > Server Management & Operating System Licenses	Operating System / License	Unlimited	0	Unlimited	Selection constraint for Server Management & Operating System Licenses: no max	P77115-B21	Standard	Microsoft Windows Server 2025 10 Devices CAL WW LTU	0	0		0		No	12/02/2024	11/30/2027	ADDED	N/A	$0.00	0.00%	2026-09-09: (no price)
Software & Licenses	Server Management & Operating System Licenses	HPE OCA > DL145 Gen11 [P71964-B21] > Software & Licenses > Server Management & Operating System Licenses	Operating System / License	Unlimited	0	Unlimited	Selection constraint for Server Management & Operating System Licenses: no max	P77116-B21	Standard	Microsoft Windows Server 2025 50 Users CAL WW LTU	0	0		0		No	12/02/2024	11/30/2027	ADDED	N/A	$0.00	0.00%	2026-09-09: (no price)
Software & Licenses	Server Management & Operating System Licenses	HPE OCA > DL145 Gen11 [P71964-B21] > Software & Licenses > Server Management & Operating System Licenses	Operating System / License	Unlimited	0	Unlimited	Selection constraint for Server Management & Operating System Licenses: no max	P77117-B21	Standard	Microsoft Windows Server 2025 50 Devices CAL WW LTU	0	0		0		No	12/02/2024	11/30/2027	ADDED	N/A	$0.00	0.00%	2026-09-09: (no price)
Software & Licenses	Server Management & Operating System Licenses	HPE OCA > DL145 Gen11 [P71964-B21] > Software & Licenses > Server Management & Operating System Licenses	Service & Support	Unlimited	0	Unlimited	Selection constraint for Server Management & Operating System Licenses: no max	P77118-B21	Standard	Microsoft Windows Server 2025 Remote Desktop Service 1 User CAL WW LTU	0	0		0		No	12/02/2024	11/30/2027	ADDED	N/A	$0.00	0.00%	2026-09-09: (no price)
Software & Licenses	Server Management & Operating System Licenses	HPE OCA > DL145 Gen11 [P71964-B21] > Software & Licenses > Server Management & Operating System Licenses	Service & Support	Unlimited	0	Unlimited	Selection constraint for Server Management & Operating System Licenses: no max	P77119-B21	Standard	Microsoft Windows Server 2025 Remote Desktop Service 1 Device CAL WW LTU	0	0		0		No	12/02/2024	11/30/2027	ADDED	N/A	$0.00	0.00%	2026-09-09: (no price)
Software & Licenses	Server Management & Operating System Licenses	HPE OCA > DL145 Gen11 [P71964-B21] > Software & Licenses > Server Management & Operating System Licenses	Service & Support	Unlimited	0	Unlimited	Selection constraint for Server Management & Operating System Licenses: no max	P77120-B21	Standard	Microsoft Windows Server 2025 Remote Desktop Service 5 Users CAL WW LTU	0	0		0		No	12/02/2024	11/30/2027	ADDED	N/A	$0.00	0.00%	2026-09-09: (no price)
Software & Licenses	Server Management & Operating System Licenses	HPE OCA > DL145 Gen11 [P71964-B21] > Software & Licenses > Server Management & Operating System Licenses	Service & Support	Unlimited	0	Unlimited	Selection constraint for Server Management & Operating System Licenses: no max	P77121-B21	Standard	Microsoft Windows Server 2025 Remote Desktop Service 5 Devices CAL WW LTU	0	0		0		No	12/02/2024	11/30/2027	ADDED	N/A	$0.00	0.00%	2026-09-09: (no price)
Software & Licenses	Server Management & Operating System Licenses	HPE OCA > DL145 Gen11 [P71964-B21] > Software & Licenses > Server Management & Operating System Licenses	Service & Support	Unlimited	0	Unlimited	Selection constraint for Server Management & Operating System Licenses: no max	P77122-B21	Standard	Microsoft Windows Server 2025 Remote Desktop Service 50 Users CAL WW LTU	0	0		0		No	12/02/2024	11/30/2027	ADDED	N/A	$0.00	0.00%	2026-09-09: (no price)
Software & Licenses	Server Management & Operating System Licenses	HPE OCA > DL145 Gen11 [P71964-B21] > Software & Licenses > Server Management & Operating System Licenses	Service & Support	Unlimited	0	Unlimited	Selection constraint for Server Management & Operating System Licenses: no max	P77123-B21	Standard	Microsoft Windows Server 2025 Remote Desktop Service 50 Devices CAL WW LTU	0	0		0		No	12/02/2024	11/30/2027	ADDED	N/A	$0.00	0.00%	2026-09-09: (no price)
Software & Licenses	Server Management & Operating System Licenses	HPE OCA > DL145 Gen11 [P71964-B21] > Software & Licenses > Server Management & Operating System Licenses	Operating System / License	Unlimited	0	Unlimited	Selection constraint for Server Management & Operating System Licenses: no max	P46155-291	Standard	Microsoft Windows Server 2022 16-core Standard FIO Pre-installed UEFI Japanese SW	0	0		0		No	05/02/2022	05/31/2025	ADDED	N/A	$0.00	0.00%	2026-09-09: (no price)
Software & Licenses	Server Management & Operating System Licenses	HPE OCA > DL145 Gen11 [P71964-B21] > Software & Licenses > Server Management & Operating System Licenses	Operating System / License	Unlimited	0	Unlimited	Selection constraint for Server Management & Operating System Licenses: no max	P46155-B21	Standard	Microsoft Windows Server 2022 16-core Standard FIO Pre-installed UEFI en/fr/it/de/es/nl/pt SW	0	0		0		No	05/02/2022	05/31/2025	ADDED	N/A	$0.00	0.00%	2026-09-09: (no price)
Software & Licenses	Server Management & Operating System Licenses	HPE OCA > DL145 Gen11 [P71964-B21] > Software & Licenses > Server Management & Operating System Licenses	Operating System / License	Unlimited	0	Unlimited	Selection constraint for Server Management & Operating System Licenses: no max	P77096-291	Standard	Microsoft Windows Server 2025 16-core Standard FIO Pre-installed UEFI Japanese SW	0	0		0		No	12/02/2024	01/31/2027	ADDED	N/A	$0.00	0.00%	2026-09-09: (no price)
Software & Licenses	Server Management & Operating System Licenses	HPE OCA > DL145 Gen11 [P71964-B21] > Software & Licenses > Server Management & Operating System Licenses	Operating System / License	Unlimited	0	Unlimited	Selection constraint for Server Management & Operating System Licenses: no max	P77096-B21	Standard	Microsoft Windows Server 2025 16-core Standard FIO Pre-installed UEFI en/fr/de/es/it/pt/nl SW	0	0		0		No	12/02/2024	01/31/2027	ADDED	N/A	$0.00	0.00%	2026-09-09: (no price)
Software & Licenses	Server Management & Operating System Licenses	HPE OCA > DL145 Gen11 [P71964-B21] > Software & Licenses > Server Management & Operating System Licenses	Operating System / License	Unlimited	0	Unlimited	Selection constraint for Server Management & Operating System Licenses: no max	P77099-291	Standard	Microsoft Windows Server 2025 10-core Essentials FIO Pre-installed UEFI Japanese SW	0	0		0		No	12/02/2024	01/31/2027	ADDED	N/A	$0.00	0.00%	2026-09-09: (no price)
Software & Licenses	Server Management & Operating System Licenses	HPE OCA > DL145 Gen11 [P71964-B21] > Software & Licenses > Server Management & Operating System Licenses	Service & Support	Unlimited	0	Unlimited	Selection constraint for Server Management & Operating System Licenses: no max	512485-B21	Standard	HPE iLO Advanced 1-server License with 1yr Support on iLO Licensed Features	0	0		0		No	11/18/2008	01/25/2036	ADDED	N/A	$0.00	0.00%	2026-09-09: (no price)
Software & Licenses	Server Management & Operating System Licenses	HPE OCA > DL145 Gen11 [P71964-B21] > Software & Licenses > Server Management & Operating System Licenses	Service & Support	Unlimited	0	Unlimited	Selection constraint for Server Management & Operating System Licenses: no max	BD505A	Standard	HPE iLO Advanced 1-server License with 3yr Support on iLO Licensed Features	1	0		0		No	03/26/2012	01/25/2036	ADDED	N/A	$0.00	0.00%	2026-09-09: (no price)
Software & Licenses	Server Management & Operating System Licenses	HPE OCA > DL145 Gen11 [P71964-B21] > Software & Licenses > Server Management & Operating System Licenses	Service & Support	Unlimited	0	Unlimited	Selection constraint for Server Management & Operating System Licenses: no max	512487-B21	Standard	HPE iLO Advanced AKA Tracking License with 1yr Support on iLO Licensed Features	0	0		0		No	03/04/2015	01/25/2036	ADDED	N/A	$0.00	0.00%	2026-09-09: (no price)
Software & Licenses	Server Management & Operating System Licenses	HPE OCA > DL145 Gen11 [P71964-B21] > Software & Licenses > Server Management & Operating System Licenses	Service & Support	Unlimited	0	Unlimited	Selection constraint for Server Management & Operating System Licenses: no max	BD507A	Standard	HPE iLO Advanced AKA Tracking License with 3yr Support on iLO Licensed Features	0	0		0		No	03/26/2012	01/25/2036	ADDED	N/A	$0.00	0.00%	2026-09-09: (no price)
Software & Licenses	Server Management & Operating System Licenses	HPE OCA > DL145 Gen11 [P71964-B21] > Software & Licenses > Server Management & Operating System Licenses	Service & Support	Unlimited	0	Unlimited	Selection constraint for Server Management & Operating System Licenses: no max	E6U59ABE	Standard	HPE iLO Advanced Electronic License with 1yr Support on iLO Licensed Features	0	0		0		No	09/10/2013	01/25/2036	ADDED	N/A	$0.00	0.00%	2026-09-09: (no price)
Software & Licenses	Server Management & Operating System Licenses	HPE OCA > DL145 Gen11 [P71964-B21] > Software & Licenses > Server Management & Operating System Licenses	Service & Support	Unlimited	0	Unlimited	Selection constraint for Server Management & Operating System Licenses: no max	E6U64ABE	Standard	HPE iLO Advanced Electronic License with 3yr Support on iLO Licensed Features	0	0		0		No	09/10/2013	01/25/2036	ADDED	N/A	$0.00	0.00%	2026-09-09: (no price)
Software & Licenses	Server Management & Operating System Licenses	HPE OCA > DL145 Gen11 [P71964-B21] > Software & Licenses > Server Management & Operating System Licenses	Service & Support	Unlimited	0	Unlimited	Selection constraint for Server Management & Operating System Licenses: no max	512486-B21	Standard	HPE iLO Advanced Flexible Quantity License with 1yr Support on iLO Licensed Features	0	0		0		No	11/18/2008	10/01/2024	ADDED	N/A	$0.00	0.00%	2026-09-09: (no price)
Software & Licenses	Server Management & Operating System Licenses	HPE OCA > DL145 Gen11 [P71964-B21] > Software & Licenses > Server Management & Operating System Licenses	Service & Support	Unlimited	0	Unlimited	Selection constraint for Server Management & Operating System Licenses: no max	BD506A	Standard	HPE iLO Advanced Flexible Quantity License with 3yr Support on iLO Licensed Features	0	0		0		No	03/26/2012	10/01/2024	ADDED	N/A	$0.00	0.00%	2026-09-09: (no price)
Software & Licenses	Server Management & Operating System Licenses	HPE OCA > DL145 Gen11 [P71964-B21] > Software & Licenses > Server Management & Operating System Licenses	Operating System / License	Unlimited	0	Unlimited	Selection constraint for Server Management & Operating System Licenses: no max	Q5T84A	Standard	SUSE Linux Enterprise High Availability Extension 1-2 Sockets 1yr Subscription Flexible LTU	0	0		0		No	06/05/2017	09/30/2027	ADDED	N/A	$0.00	0.00%	2026-09-09: (no price)
Software & Licenses	Server Management & Operating System Licenses	HPE OCA > DL145 Gen11 [P71964-B21] > Software & Licenses > Server Management & Operating System Licenses	Operating System / License	Unlimited	0	Unlimited	Selection constraint for Server Management & Operating System Licenses: no max	Q5T85A	Standard	SUSE Linux Enterprise High Availability Extension 1-2 Sockets 5yr Subscription Flexible LTU	0	0		0		No	06/05/2017	09/30/2027	ADDED	N/A	$0.00	0.00%	2026-09-09: (no price)
Accessories & Infrastructure	System Options	HPE OCA > DL145 Gen11 [P71964-B21] > Accessories & Infrastructure > System Options	Service & Support	Optional	0	Optional	Selection constraint for System Options: optional	Q2A48A	Standard	HPE Performance Message Passing Interface for 1 Socket 3yr Support LTU	0	0		0		No	07/07/2017	07/31/2027	ADDED	N/A	$0.00	0.00%	2026-09-09: (no price)