Main Category	Sub-Category	Hierarchy Path	Component Role	Constraint Text	Subcategory Min Qty	Subcategory Max Qty	Table Rule/Note	Product #	Option Type	Description	Current Qty	Unit Price (USD)	Price Delta (USD)	Extended Price (USD)	Price per GB (USD)	HPE Recommended	Start Date	Discontinued Date	Diff Status	Previous List Price (USD)	Price Change (USD)	Price Change (%)	Price History Trail
Accessories & Infrastructure	Energy Star Configuration Presets	HPE OCA > DL380 Gen11 > Accessories & Infrastructure > Energy Star Configuration Presets	Chassis Infrastructure	Optional	0	Optional	Selection constraint for Energy Star Configuration Presets: optional	P68503-B21	Standard	ENERGY STAR 4.0 FIO Trigger Configuration Kit for HPE	0	1.00		NA		No	12/04/2023	05/31/2028	PRICE_CHANGED	N/A	+$1.00	0.00%	2026-08-27: (no price) → 2026-08-28: (no price) → 2026-09-09: $1.00
Processor	Intel Xeon 6th Gen Scalable Processors	HPE OCA > DL380 Gen11 > Processor > Intel Xeon 6th Gen Scalable Processors	Processor	min 1, max 2	1	2	Selection constraint for Intel Xeon 6th Gen Scalable Processors: min 1, max 2	P49621-B21	Standard	Intel Xeon-Gold 6418H 2.1GHz 24-core 185W Processor for HPE	0	7285.00	+2,352.00	14,570.00		No	05/01/2023	07/31/2027	PRICE_CHANGED	N/A	+$7285.00	0.00%	2026-08-27: (no price) → 2026-08-28: (no price) → 2026-09-09: $7285.00
Processor	Intel Xeon 6th Gen Scalable Processors	HPE OCA > DL380 Gen11 > Processor > Intel Xeon 6th Gen Scalable Processors	Processor	min 1, max 2	1	2	Selection constraint for Intel Xeon 6th Gen Scalable Processors: min 1, max 2	P67096-B21	Standard	Intel Xeon-Gold 6538Y+ 2.2GHz 32-core 225W Processor for HPE	0	8173.00	+3,240.00	16,346.00		No	12/14/2023	07/31/2027	PRICE_CHANGED	N/A	+$8173.00	0.00%	2026-08-27: (no price) → 2026-08-28: (no price) → 2026-09-09: $8173.00
Processor	Intel Xeon 6th Gen Scalable Processors	HPE OCA > DL380 Gen11 > Processor > Intel Xeon 6th Gen Scalable Processors	Processor	min 1, max 2	1	2	Selection constraint for Intel Xeon 6th Gen Scalable Processors: min 1, max 2	P67097-B21	Standard	Intel Xeon-Platinum 8558 2.1GHz 48-core 330W Processor for HPE	0	14218.00	+9,285.00	28,436.00		No	12/14/2023	07/31/2027	PRICE_CHANGED	N/A	+$14218.00	0.00%	2026-08-27: (no price) → 2026-08-28: (no price) → 2026-09-09: $14218.00
Processor	Intel Xeon 6th Gen Scalable Processors	HPE OCA > DL380 Gen11 > Processor > Intel Xeon 6th Gen Scalable Processors	Processor	min 1, max 2	1	2	Selection constraint for Intel Xeon 6th Gen Scalable Processors: min 1, max 2	P49653-B21	Standard	Intel Xeon-Gold 5416S 2.0GHz 16-core 150W Processor for HPE	0	3017.00	-1,916.00	6,034.00		No	04/03/2023	02/28/2027	PRICE_AND_ATTRIBUTE_CHANGED	N/A	+$3017.00	0.00%	2026-08-27: (no price) → 2026-08-28: (no price) → 2026-09-09: $3017.00
Processor	Intel Xeon 6th Gen Scalable Processors	HPE OCA > DL380 Gen11 > Processor > Intel Xeon 6th Gen Scalable Processors	Processor	min 1, max 2	1	2	Selection constraint for Intel Xeon 6th Gen Scalable Processors: min 1, max 2	P67080-B21	Standard	Intel Xeon-Gold 6526Y 2.8GHz 16-core 195W Processor for HPE	0	4014.00	-919.00	8,028.00		No	12/14/2023	07/31/2027	PRICE_CHANGED	N/A	+$4014.00	0.00%	2026-08-27: (no price) → 2026-08-28: (no price) → 2026-09-09: $4014.00
Processor	Intel Xeon 6th Gen Scalable Processors	HPE OCA > DL380 Gen11 > Processor > Intel Xeon 6th Gen Scalable Processors	Processor	min 1, max 2	1	2	Selection constraint for Intel Xeon 6th Gen Scalable Processors: min 1, max 2	P67081-B21	Standard	Intel Xeon-Gold 6542Y 2.9GHz 24-core 250W Processor for HPE	0	6769.00	+1,836.00	13,538.00		No	12/14/2023	07/31/2027	PRICE_CHANGED	N/A	+$6769.00	0.00%	2026-08-27: (no price) → 2026-08-28: (no price) → 2026-09-09: $6769.00
Processor	Intel Xeon 6th Gen Scalable Processors	HPE OCA > DL380 Gen11 > Processor > Intel Xeon 6th Gen Scalable Processors	Processor	min 1, max 2	1	2	Selection constraint for Intel Xeon 6th Gen Scalable Processors: min 1, max 2	P67082-B21	Standard	Intel Xeon-Gold 6548Y+ 2.5GHz 32-core 250W Processor for HPE	0	10516.00	+5,583.00	21,032.00		No	12/14/2023	07/31/2027	PRICE_CHANGED	N/A	+$10516.00	0.00%	2026-08-27: (no price) → 2026-08-28: (no price) → 2026-09-09: $10516.00
Processor	Intel Xeon 6th Gen Scalable Processors	HPE OCA > DL380 Gen11 > Processor > Intel Xeon 6th Gen Scalable Processors	Processor	min 1, max 2	1	2	Selection constraint for Intel Xeon 6th Gen Scalable Processors: min 1, max 2	P67083-B21	Standard	Intel Xeon-Gold 6534 3.9GHz 8-core 195W Processor for HPE	0	7947.00	+3,014.00	15,894.00		No	12/14/2023	07/31/2027	PRICE_CHANGED	N/A	+$7947.00	0.00%	2026-08-27: (no price) → 2026-08-28: (no price) → 2026-09-09: $7947.00
Processor	Intel Xeon 6th Gen Scalable Processors	HPE OCA > DL380 Gen11 > Processor > Intel Xeon 6th Gen Scalable Processors	Processor	min 1, max 2	1	2	Selection constraint for Intel Xeon 6th Gen Scalable Processors: min 1, max 2	P67084-B21	Standard	Intel Xeon-Gold 6544Y 3.6GHz 16-core 270W Processor for HPE	0	11074.00	+6,141.00	22,148.00		No	12/14/2023	07/31/2027	PRICE_CHANGED	N/A	+$11074.00	0.00%	2026-08-27: (no price) → 2026-08-28: (no price) → 2026-09-09: $11074.00
Processor	Intel Xeon 6th Gen Scalable Processors	HPE OCA > DL380 Gen11 > Processor > Intel Xeon 6th Gen Scalable Processors	Processor	min 1, max 2	1	2	Selection constraint for Intel Xeon 6th Gen Scalable Processors: min 1, max 2	P67085-B21	Standard	Intel Xeon-Platinum 8562Y+ 2.8GHz 32-core 300W Processor for HPE	0	14682.00	+9,749.00	29,364.00		No	12/14/2023	07/31/2027	PRICE_CHANGED	N/A	+$14682.00	0.00%	2026-08-27: (no price) → 2026-08-28: (no price) → 2026-09-09: $14682.00
Processor	Intel Xeon 6th Gen Scalable Processors	HPE OCA > DL380 Gen11 > Processor > Intel Xeon 6th Gen Scalable Processors	Processor	min 1, max 2	1	2	Selection constraint for Intel Xeon 6th Gen Scalable Processors: min 1, max 2	P67091-B21	Standard	Intel Xeon-Silver 4510 2.4GHz 12-core 150W Processor for HPE	0	1756.00	-3,177.00	3,512.00		No	12/14/2023	07/31/2027	PRICE_CHANGED	N/A	+$1756.00	0.00%	2026-08-27: (no price) → 2026-08-28: (no price) → 2026-09-09: $1756.00
Processor	Intel Xeon 6th Gen Scalable Processors	HPE OCA > DL380 Gen11 > Processor > Intel Xeon 6th Gen Scalable Processors	Processor	min 1, max 2	1	2	Selection constraint for Intel Xeon 6th Gen Scalable Processors: min 1, max 2	P67092-B21	Standard	Intel Xeon-Silver 4514Y 2.0GHz 16-core 150W Processor for HPE	0	2457.00	-2,476.00	4,914.00		No	12/14/2023	07/31/2027	PRICE_CHANGED	N/A	+$2457.00	0.00%	2026-08-27: (no price) → 2026-08-28: (no price) → 2026-09-09: $2457.00
Processor	Intel Xeon 6th Gen Scalable Processors	HPE OCA > DL380 Gen11 > Processor > Intel Xeon 6th Gen Scalable Processors	Processor	min 1, max 2	1	2	Selection constraint for Intel Xeon 6th Gen Scalable Processors: min 1, max 2	P67094-B21	Standard	Intel Xeon-Gold 5520+ 2.2GHz 28-core 205W Processor for HPE	0	4959.00	+26.00	9,918.00		No	12/14/2023	07/31/2027	PRICE_CHANGED	N/A	+$4959.00	0.00%	2026-08-27: (no price) → 2026-08-28: (no price) → 2026-09-09: $4959.00
Processor	Intel Xeon 6th Gen Scalable Processors	HPE OCA > DL380 Gen11 > Processor > Intel Xeon 6th Gen Scalable Processors	Processor	min 1, max 2	1	2	Selection constraint for Intel Xeon 6th Gen Scalable Processors: min 1, max 2	P67095-B21	Standard	Intel Xeon-Gold 6530 2.1GHz 32-core 270W Processor for HPE	0	4933.00	+0.00	9,866.00		No	12/14/2023	07/31/2027	UNCHANGED	4933.00	$0.00	0.00%	2026-08-27: $4933.00 → 2026-08-28: (no price)
Processor	Intel Xeon 6th Gen Scalable Processors	HPE OCA > DL380 Gen11 > Processor > Intel Xeon 6th Gen Scalable Processors	Processor	min 1, max 2	1	2	Selection constraint for Intel Xeon 6th Gen Scalable Processors: min 1, max 2	P67098-B21	Standard	Intel Xeon-Gold 6558Q 3.2GHz 32-core 350W Processor for HPE	0	15846.00	+10,913.00	31,692.00		No	12/14/2023	07/31/2027	PRICE_CHANGED	N/A	+$15846.00	0.00%	2026-08-27: (no price) → 2026-08-28: (no price) → 2026-09-09: $15846.00
Processor	Intel Xeon 6th Gen Scalable Processors	HPE OCA > DL380 Gen11 > Processor > Intel Xeon 6th Gen Scalable Processors	Processor	min 1, max 2	1	2	Selection constraint for Intel Xeon 6th Gen Scalable Processors: min 1, max 2	P67105-B21	Standard	Intel Xeon-Gold 6548N 2.8GHz 32-core 250W Processor for HPE	0	11165.00	+6,232.00	22,330.00		No	12/14/2023	07/31/2027	PRICE_CHANGED	N/A	+$11165.00	0.00%	2026-08-27: (no price) → 2026-08-28: (no price) → 2026-09-09: $11165.00
Processor	Intel Xeon 6th Gen Scalable Processors	HPE OCA > DL380 Gen11 > Processor > Intel Xeon 6th Gen Scalable Processors	Processor	min 1, max 2	1	2	Selection constraint for Intel Xeon 6th Gen Scalable Processors: min 1, max 2	P49605-B21	Standard	Intel Xeon-Platinum 8468 2.1GHz 48-core 350W Processor for HPE	0	15149.00	+10,216.00	30,298.00		No	01/10/2023	10/31/2026	PRICE_CHANGED	N/A	+$15149.00	0.00%	2026-08-27: (no price) → 2026-08-28: (no price) → 2026-09-09: $15149.00
Processor	Intel Xeon 6th Gen Scalable Processors	HPE OCA > DL380 Gen11 > Processor > Intel Xeon 6th Gen Scalable Processors	Processor	min 1, max 2	1	2	Selection constraint for Intel Xeon 6th Gen Scalable Processors: min 1, max 2	P49607-B21	Standard	Intel Xeon-Platinum 8480+ 2.0GHz 56-core 350W Processor for HPE	0	20242.00	+15,309.00	40,484.00		No	01/10/2023	10/31/2026	PRICE_CHANGED	N/A	+$20242.00	0.00%	2026-08-27: (no price) → 2026-08-28: (no price) → 2026-09-09: $20242.00
Processor	Intel Xeon 6th Gen Scalable Processors	HPE OCA > DL380 Gen11 > Processor > Intel Xeon 6th Gen Scalable Processors	Processor	min 1, max 2	1	2	Selection constraint for Intel Xeon 6th Gen Scalable Processors: min 1, max 2	P49615-B21	Standard	Intel Xeon-Gold 6438Y+ 2.0GHz 32-core 205W Processor for HPE	0	11104.00	+6,171.00	22,208.00		No	04/03/2023	10/31/2026	PRICE_CHANGED	N/A	+$11104.00	0.00%	2026-08-27: (no price) → 2026-08-28: (no price) → 2026-09-09: $11104.00
Processor	Intel Xeon 6th Gen Scalable Processors	HPE OCA > DL380 Gen11 > Processor > Intel Xeon 6th Gen Scalable Processors	Processor	min 1, max 2	1	2	Selection constraint for Intel Xeon 6th Gen Scalable Processors: min 1, max 2	P49616-B21	Standard	Intel Xeon-Platinum 8452Y 2.0GHz 36-core 300W Processor for HPE	0	8390.00	+3,457.00	16,780.00		No	01/10/2023	10/31/2026	PRICE_CHANGED	N/A	+$8390.00	0.00%	2026-08-27: (no price) → 2026-08-28: (no price) → 2026-09-09: $8390.00
Processor	Intel Xeon 6th Gen Scalable Processors	HPE OCA > DL380 Gen11 > Processor > Intel Xeon 6th Gen Scalable Processors	Processor	min 1, max 2	1	2	Selection constraint for Intel Xeon 6th Gen Scalable Processors: min 1, max 2	P67088-B21	Standard	Intel Xeon-Platinum 8580 2.0GHz 60-core 350W Processor for HPE	0	23877.00	+18,944.00	47,754.00		No	12/14/2023	07/31/2027	UNCHANGED	23877.00	$0.00	0.00%	2026-08-27: $23877.00 → 2026-08-28: (no price)
Processor	Intel Xeon 6th Gen Scalable Processors	HPE OCA > DL380 Gen11 > Processor > Intel Xeon 6th Gen Scalable Processors	Processor	min 1, max 2	1	2	Selection constraint for Intel Xeon 6th Gen Scalable Processors: min 1, max 2	P67109-B21	Standard	Intel Xeon-Platinum 8581V 2.0GHz 60-core 270W Processor for HPE	0	20661.00	+15,728.00	41,322.00		No	12/14/2023	07/31/2027	PRICE_CHANGED	N/A	+$20661.00	0.00%	2026-08-27: (no price) → 2026-08-28: (no price) → 2026-09-09: $20661.00
Processor	Intel Xeon 6th Gen Scalable Processors	HPE OCA > DL380 Gen11 > Processor > Intel Xeon 6th Gen Scalable Processors	Processor	min 1, max 2	1	2	Selection constraint for Intel Xeon 6th Gen Scalable Processors: min 1, max 2	P67110-B21	Standard	Intel Xeon-Gold 6554S 2.2GHz 36-core 270W Processor for HPE	0	9653.00	+4,720.00	19,306.00		No	12/14/2023	07/31/2027	PRICE_CHANGED	N/A	+$9653.00	0.00%	2026-08-27: (no price) → 2026-08-28: (no price) → 2026-09-09: $9653.00
Processor	Intel Xeon 6th Gen Scalable Processors	HPE OCA > DL380 Gen11 > Processor > Intel Xeon 6th Gen Scalable Processors	Processor	min 1, max 2	1	2	Selection constraint for Intel Xeon 6th Gen Scalable Processors: min 1, max 2	P68449-B21	Standard	Intel Xeon-Platinum 8593Q 2.2GHz 64-core 385W Processor for HPE	0	24791.00	+19,858.00	49,582.00		No	12/14/2023	07/31/2027	PRICE_CHANGED	N/A	+$24791.00	0.00%	2026-08-27: (no price) → 2026-08-28: (no price) → 2026-09-09: $24791.00
Processor	Intel Xeon 6th Gen Scalable Processors	HPE OCA > DL380 Gen11 > Processor > Intel Xeon 6th Gen Scalable Processors	Processor	min 1, max 2	1	2	Selection constraint for Intel Xeon 6th Gen Scalable Processors: min 1, max 2	P49597-B21	Standard	Intel Xeon-Gold 5415+ 2.9GHz 8-core 150W Processor for HPE	0	4164.00	-769.00	8,328.00		No	04/03/2023	10/31/2026	PRICE_CHANGED	N/A	+$4164.00	0.00%	2026-08-27: (no price) → 2026-08-28: (no price) → 2026-09-09: $4164.00
Processor	Intel Xeon 6th Gen Scalable Processors	HPE OCA > DL380 Gen11 > Processor > Intel Xeon 6th Gen Scalable Processors	Processor	min 1, max 2	1	2	Selection constraint for Intel Xeon 6th Gen Scalable Processors: min 1, max 2	P49598-B21	Standard	Intel Xeon-Gold 6426Y 2.5GHz 16-core 185W Processor for HPE	0	5789.00	+856.00	11,578.00		No	04/03/2023	10/31/2026	PRICE_CHANGED	N/A	+$5789.00	0.00%	2026-08-27: (no price) → 2026-08-28: (no price) → 2026-09-09: $5789.00
Processor	Intel Xeon 6th Gen Scalable Processors	HPE OCA > DL380 Gen11 > Processor > Intel Xeon 6th Gen Scalable Processors	Processor	min 1, max 2	1	2	Selection constraint for Intel Xeon 6th Gen Scalable Processors: min 1, max 2	P49599-B21	Standard	Intel Xeon-Gold 6442Y 2.6GHz 24-core 225W Processor for HPE	0	9811.00	+4,878.00	19,622.00		No	04/03/2023	10/31/2026	PRICE_CHANGED	N/A	+$9811.00	0.00%	2026-08-27: (no price) → 2026-08-28: (no price) → 2026-09-09: $9811.00
Processor	Intel Xeon 6th Gen Scalable Processors	HPE OCA > DL380 Gen11 > Processor > Intel Xeon 6th Gen Scalable Processors	Processor	min 1, max 2	1	2	Selection constraint for Intel Xeon 6th Gen Scalable Processors: min 1, max 2	P49600-B21	Standard	Intel Xeon-Gold 6448Y 2.1GHz 32-core 225W Processor for HPE	0	11738.00	+6,805.00	23,476.00		No	04/03/2023	09/30/2025	PRICE_CHANGED	N/A	+$11738.00	0.00%	2026-08-27: (no price) → 2026-08-28: (no price) → 2026-09-09: $11738.00
Processor	Intel Xeon 6th Gen Scalable Processors	HPE OCA > DL380 Gen11 > Processor > Intel Xeon 6th Gen Scalable Processors	Processor	min 1, max 2	1	2	Selection constraint for Intel Xeon 6th Gen Scalable Processors: min 1, max 2	P49601-B21	Standard	Intel Xeon-Gold 6434 3.7GHz 8-core 195W Processor for HPE	0	8463.00	+3,530.00	16,926.00		No	04/03/2023	10/31/2026	PRICE_CHANGED	N/A	+$8463.00	0.00%	2026-08-27: (no price) → 2026-08-28: (no price) → 2026-09-09: $8463.00
Processor	Intel Xeon 6th Gen Scalable Processors	HPE OCA > DL380 Gen11 > Processor > Intel Xeon 6th Gen Scalable Processors	Processor	min 1, max 2	1	2	Selection constraint for Intel Xeon 6th Gen Scalable Processors: min 1, max 2	P49602-B21	Standard	Intel Xeon-Gold 6444Y 3.6GHz 16-core 270W Processor for HPE	0	12574.00	+7,641.00	25,148.00		No	04/03/2023	10/31/2026	PRICE_CHANGED	N/A	+$12574.00	0.00%	2026-08-27: (no price) → 2026-08-28: (no price) → 2026-09-09: $12574.00
Processor	Intel Xeon 6th Gen Scalable Processors	HPE OCA > DL380 Gen11 > Processor > Intel Xeon 6th Gen Scalable Processors	Processor	min 1, max 2	1	2	Selection constraint for Intel Xeon 6th Gen Scalable Processors: min 1, max 2	P49603-B21	Standard	Intel Xeon-Platinum 8462Y+ 2.8GHz 32-core 300W Processor for HPE	0	12584.00	+7,651.00	25,168.00		No	04/03/2023	10/31/2026	PRICE_CHANGED	N/A	+$12584.00	0.00%	2026-08-27: (no price) → 2026-08-28: (no price) → 2026-09-09: $12584.00
Processor	Intel Xeon 6th Gen Scalable Processors	HPE OCA > DL380 Gen11 > Processor > Intel Xeon 6th Gen Scalable Processors	Processor	min 1, max 2	1	2	Selection constraint for Intel Xeon 6th Gen Scalable Processors: min 1, max 2	P49604-B21	Standard	Intel Xeon-Platinum 8460Y+ 2.0GHz 40-core 300W Processor for HPE	0	18237.00	+13,304.00	36,474.00		No	01/10/2023	09/30/2025	PRICE_CHANGED	N/A	+$18237.00	0.00%	2026-08-27: (no price) → 2026-08-28: (no price) → 2026-09-09: $18237.00
Processor	Intel Xeon 6th Gen Scalable Processors	HPE OCA > DL380 Gen11 > Processor > Intel Xeon 6th Gen Scalable Processors	Processor	min 1, max 2	1	2	Selection constraint for Intel Xeon 6th Gen Scalable Processors: min 1, max 2	P49606-B21	Standard	Intel Xeon-Platinum 8470 2.0GHz 52-core 350W Processor for HPE	0	30022.00	+25,089.00	60,044.00		No	01/10/2023	09/30/2025	PRICE_CHANGED	N/A	+$30022.00	0.00%	2026-08-27: (no price) → 2026-08-28: (no price) → 2026-09-09: $30022.00
Processor	Intel Xeon 6th Gen Scalable Processors	HPE OCA > DL380 Gen11 > Processor > Intel Xeon 6th Gen Scalable Processors	Processor	min 1, max 2	1	2	Selection constraint for Intel Xeon 6th Gen Scalable Processors: min 1, max 2	P49608-B21	Standard	Intel Xeon-Gold 6458Q 3.1GHz 32-core 350W Processor for HPE	0	14552.00	+9,619.00	29,104.00		No	04/03/2023	09/30/2025	PRICE_CHANGED	N/A	+$14552.00	0.00%	2026-08-27: (no price) → 2026-08-28: (no price) → 2026-09-09: $14552.00
Processor	Intel Xeon 6th Gen Scalable Processors	HPE OCA > DL380 Gen11 > Processor > Intel Xeon 6th Gen Scalable Processors	Processor	min 1, max 2	1	2	Selection constraint for Intel Xeon 6th Gen Scalable Processors: min 1, max 2	P49609-B21	Standard	Intel Xeon-Platinum 8470Q 2.1GHz 52-core 350W Processor for HPE	0	24701.00	+19,768.00	49,402.00		No	01/10/2023	11/30/2025	PRICE_CHANGED	N/A	+$24701.00	0.00%	2026-08-27: (no price) → 2026-08-28: (no price) → 2026-09-09: $24701.00
Processor	Intel Xeon 6th Gen Scalable Processors	HPE OCA > DL380 Gen11 > Processor > Intel Xeon 6th Gen Scalable Processors	Processor	min 1, max 2	1	2	Selection constraint for Intel Xeon 6th Gen Scalable Processors: min 1, max 2	P49610-B21	Standard	Intel Xeon-Silver 4410Y 2.0GHz 12-core 150W Processor for HPE	0	1966.00	-2,967.00	3,932.00		No	04/03/2023	03/31/2027	PRICE_AND_ATTRIBUTE_CHANGED	N/A	+$1966.00	0.00%	2026-08-27: (no price) → 2026-08-28: (no price) → 2026-09-09: $1966.00
Processor	Intel Xeon 6th Gen Scalable Processors	HPE OCA > DL380 Gen11 > Processor > Intel Xeon 6th Gen Scalable Processors	Processor	min 1, max 2	1	2	Selection constraint for Intel Xeon 6th Gen Scalable Processors: min 1, max 2	P49611-B21	Standard	Intel Xeon-Silver 4416+ 2.0GHz 20-core 165W Processor for HPE	0	4593.00	-340.00	9,186.00		No	04/03/2023	10/31/2026	PRICE_CHANGED	N/A	+$4593.00	0.00%	2026-08-27: (no price) → 2026-08-28: (no price) → 2026-09-09: $4593.00
Processor	Intel Xeon 6th Gen Scalable Processors	HPE OCA > DL380 Gen11 > Processor > Intel Xeon 6th Gen Scalable Processors	Processor	min 1, max 2	1	2	Selection constraint for Intel Xeon 6th Gen Scalable Processors: min 1, max 2	P49612-B21	Standard	Intel Xeon-Gold 5418Y 2.0GHz 24-core 185W Processor for HPE	0	5381.00	+448.00	10,762.00		No	04/03/2023	07/31/2027	PRICE_CHANGED	N/A	+$5381.00	0.00%	2026-08-27: (no price) → 2026-08-28: (no price) → 2026-09-09: $5381.00
Processor	Intel Xeon 6th Gen Scalable Processors	HPE OCA > DL380 Gen11 > Processor > Intel Xeon 6th Gen Scalable Processors	Processor	min 1, max 2	1	2	Selection constraint for Intel Xeon 6th Gen Scalable Processors: min 1, max 2	P49613-B21	Standard	Intel Xeon-Gold 5420+ 2.0GHz 28-core 205W Processor for HPE	0	5588.00	+655.00	11,176.00		No	04/03/2023	12/31/2025	PRICE_CHANGED	N/A	+$5588.00	0.00%	2026-08-27: (no price) → 2026-08-28: (no price) → 2026-09-09: $5588.00
Processor	Intel Xeon 6th Gen Scalable Processors	HPE OCA > DL380 Gen11 > Processor > Intel Xeon 6th Gen Scalable Processors	Processor	min 1, max 2	1	2	Selection constraint for Intel Xeon 6th Gen Scalable Processors: min 1, max 2	P49614-B21	Standard	Intel Xeon-Gold 6430 2.1GHz 32-core 270W Processor for HPE	2	4933.00	Selected	9,866.00		No	01/10/2023	12/31/2026	PRICE_CHANGED	N/A	+$4933.00	0.00%	2026-08-27: (no price) → 2026-08-28: (no price) → 2026-09-09: $4933.00
Processor	Intel Xeon 6th Gen Scalable Processors	HPE OCA > DL380 Gen11 > Processor > Intel Xeon 6th Gen Scalable Processors	Processor	min 1, max 2	1	2	Selection constraint for Intel Xeon 6th Gen Scalable Processors: min 1, max 2	P49617-B21	Standard	Intel Xeon-Bronze 3408U 1.8GHz 8-core 125W Processor for HPE	0	1133.00	-3,800.00	2,266.00		No	04/03/2023	12/31/2025	PRICE_CHANGED	N/A	+$1133.00	0.00%	2026-08-27: (no price) → 2026-08-28: (no price) → 2026-09-09: $1133.00
Processor	Intel Xeon 6th Gen Scalable Processors	HPE OCA > DL380 Gen11 > Processor > Intel Xeon 6th Gen Scalable Processors	Processor	min 1, max 2	1	2	Selection constraint for Intel Xeon 6th Gen Scalable Processors: min 1, max 2	P49619-B21	Standard	Intel Xeon-Gold 6414U 2.0GHz 32-core 250W Processor for HPE	0	5317.00	+384.00	10,634.00		No	01/10/2023	11/30/2025	PRICE_CHANGED	N/A	+$5317.00	0.00%	2026-08-27: (no price) → 2026-08-28: (no price) → 2026-09-09: $5317.00
Processor	Intel Xeon 6th Gen Scalable Processors	HPE OCA > DL380 Gen11 > Processor > Intel Xeon 6th Gen Scalable Processors	Processor	min 1, max 2	1	2	Selection constraint for Intel Xeon 6th Gen Scalable Processors: min 1, max 2	P49620-B21	Standard	Intel Xeon-Gold 6416H 2.2GHz 18-core 165W Processor for HPE	0	5460.00	+527.00	10,920.00		No	05/01/2023	07/31/2027	PRICE_CHANGED	N/A	+$5460.00	0.00%	2026-08-27: (no price) → 2026-08-28: (no price) → 2026-09-09: $5460.00
Processor	Intel Xeon 6th Gen Scalable Processors	HPE OCA > DL380 Gen11 > Processor > Intel Xeon 6th Gen Scalable Processors	Processor	min 1, max 2	1	2	Selection constraint for Intel Xeon 6th Gen Scalable Processors: min 1, max 2	P49622-B21	Standard	Intel Xeon-Gold 6448H 2.4GHz 32-core 250W Processor for HPE	0	11873.00	+6,940.00	23,746.00		No	05/01/2023	07/31/2027	PRICE_CHANGED	N/A	+$11873.00	0.00%	2026-08-27: (no price) → 2026-08-28: (no price) → 2026-09-09: $11873.00
Processor	Intel Xeon 6th Gen Scalable Processors	HPE OCA > DL380 Gen11 > Processor > Intel Xeon 6th Gen Scalable Processors	Processor	min 1, max 2	1	2	Selection constraint for Intel Xeon 6th Gen Scalable Processors: min 1, max 2	P49625-B21	Standard	Intel Xeon-Platinum 8444H 2.9GHz 16-core 270W Processor for HPE	0	11950.00	+7,017.00	23,900.00		No	05/01/2023	07/31/2027	PRICE_CHANGED	N/A	+$11950.00	0.00%	2026-08-27: (no price) → 2026-08-28: (no price) → 2026-09-09: $11950.00
Processor	Intel Xeon 6th Gen Scalable Processors	HPE OCA > DL380 Gen11 > Processor > Intel Xeon 6th Gen Scalable Processors	Processor	min 1, max 2	1	2	Selection constraint for Intel Xeon 6th Gen Scalable Processors: min 1, max 2	P49630-B21	Standard	Intel Xeon-Platinum 8490H 1.9GHz 60-core 350W Processor for HPE	0	62375.00	+57,442.00	124,750.00		No	05/01/2023	07/31/2027	PRICE_CHANGED	N/A	+$62375.00	0.00%	2026-08-27: (no price) → 2026-08-28: (no price) → 2026-09-09: $62375.00
Processor	Intel Xeon 6th Gen Scalable Processors	HPE OCA > DL380 Gen11 > Processor > Intel Xeon 6th Gen Scalable Processors	Processor	min 1, max 2	1	2	Selection constraint for Intel Xeon 6th Gen Scalable Processors: min 1, max 2	P49631-B21	Standard	Intel Xeon-Platinum 8468V 2.4GHz 48-core 330W Processor for HPE	0	17571.00	+12,638.00	35,142.00		No	01/10/2023	11/30/2025	PRICE_CHANGED	N/A	+$17571.00	0.00%	2026-08-27: (no price) → 2026-08-28: (no price) → 2026-09-09: $17571.00
Processor	Intel Xeon 6th Gen Scalable Processors	HPE OCA > DL380 Gen11 > Processor > Intel Xeon 6th Gen Scalable Processors	Processor	min 1, max 2	1	2	Selection constraint for Intel Xeon 6th Gen Scalable Processors: min 1, max 2	P49632-B21	Standard	Intel Xeon-Platinum 8458P 2.7GHz 44-core 350W Processor for HPE	0	20014.00	+15,081.00	40,028.00		No	01/10/2023	09/30/2025	PRICE_CHANGED	N/A	+$20014.00	0.00%	2026-08-27: (no price) → 2026-08-28: (no price) → 2026-09-09: $20014.00
Processor	Intel Xeon 6th Gen Scalable Processors	HPE OCA > DL380 Gen11 > Processor > Intel Xeon 6th Gen Scalable Processors	Processor	min 1, max 2	1	2	Selection constraint for Intel Xeon 6th Gen Scalable Processors: min 1, max 2	P49638-B21	Standard	Intel Xeon-Gold 6438N 2.0GHz 32-core 205W Processor for HPE	0	8444.00	+3,511.00	16,888.00		No	04/03/2023	12/31/2025	PRICE_CHANGED	N/A	+$8444.00	0.00%	2026-08-27: (no price) → 2026-08-28: (no price) → 2026-09-09: $8444.00
Processor	Intel Xeon 6th Gen Scalable Processors	HPE OCA > DL380 Gen11 > Processor > Intel Xeon 6th Gen Scalable Processors	Processor	min 1, max 2	1	2	Selection constraint for Intel Xeon 6th Gen Scalable Processors: min 1, max 2	P49639-B21	Standard	Intel Xeon-Gold 5411N 1.9GHz 24-core 165W Processor for HPE	0	4736.00	-197.00	9,472.00		No	04/03/2023	10/31/2026	PRICE_CHANGED	N/A	+$4736.00	0.00%	2026-08-27: (no price) → 2026-08-28: (no price) → 2026-09-09: $4736.00
Processor	Intel Xeon 6th Gen Scalable Processors	HPE OCA > DL380 Gen11 > Processor > Intel Xeon 6th Gen Scalable Processors	Processor	min 1, max 2	1	2	Selection constraint for Intel Xeon 6th Gen Scalable Processors: min 1, max 2	P49640-B21	Standard	Intel Xeon-Gold 5418N 1.8GHz 24-core 165W Processor for HPE	0	5033.00	+100.00	10,066.00		No	04/03/2023	09/30/2025	PRICE_CHANGED	N/A	+$5033.00	0.00%	2026-08-27: (no price) → 2026-08-28: (no price) → 2026-09-09: $5033.00
Processor	Intel Xeon 6th Gen Scalable Processors	HPE OCA > DL380 Gen11 > Processor > Intel Xeon 6th Gen Scalable Processors	Processor	min 1, max 2	1	2	Selection constraint for Intel Xeon 6th Gen Scalable Processors: min 1, max 2	P49641-B21	Standard	Intel Xeon-Gold 6421N 1.8GHz 32-core 185W Processor for HPE	0	7241.00	+2,308.00	14,482.00		No	04/03/2023	10/31/2026	PRICE_CHANGED	N/A	+$7241.00	0.00%	2026-08-27: (no price) → 2026-08-28: (no price) → 2026-09-09: $7241.00
Processor	Intel Xeon 6th Gen Scalable Processors	HPE OCA > DL380 Gen11 > Processor > Intel Xeon 6th Gen Scalable Processors	Processor	min 1, max 2	1	2	Selection constraint for Intel Xeon 6th Gen Scalable Processors: min 1, max 2	P49645-B21	Standard	Intel Xeon-Platinum 9462 2.7GHz 32-core 350W Processor for HPE	0	24445.00	+19,512.00	48,890.00		No	05/01/2023	10/31/2026	PRICE_CHANGED	N/A	+$24445.00	0.00%	2026-08-27: (no price) → 2026-08-28: (no price) → 2026-09-09: $24445.00
Processor	Intel Xeon 6th Gen Scalable Processors	HPE OCA > DL380 Gen11 > Processor > Intel Xeon 6th Gen Scalable Processors	Processor	min 1, max 2	1	2	Selection constraint for Intel Xeon 6th Gen Scalable Processors: min 1, max 2	P49649-B21	Standard	Intel Xeon-Platinum 8470N 1.7GHz 52-core 300W Processor for HPE	0	27489.00	+22,556.00	54,978.00		No	01/10/2023	09/30/2025	PRICE_CHANGED	N/A	+$27489.00	0.00%	2026-08-27: (no price) → 2026-08-28: (no price) → 2026-09-09: $27489.00
Processor	Intel Xeon 6th Gen Scalable Processors	HPE OCA > DL380 Gen11 > Processor > Intel Xeon 6th Gen Scalable Processors	Processor	min 1, max 2	1	2	Selection constraint for Intel Xeon 6th Gen Scalable Processors: min 1, max 2	P49654-B21	Standard	Intel Xeon-Gold 6454S 2.2GHz 32-core 270W Processor for HPE	0	9946.00	+5,013.00	19,892.00		No	01/10/2023	12/31/2025	PRICE_CHANGED	N/A	+$9946.00	0.00%	2026-08-27: (no price) → 2026-08-28: (no price) → 2026-09-09: $9946.00
Processor	Intel Xeon 6th Gen Scalable Processors	HPE OCA > DL380 Gen11 > Processor > Intel Xeon 6th Gen Scalable Processors	Processor	min 1, max 2	1	2	Selection constraint for Intel Xeon 6th Gen Scalable Processors: min 1, max 2	P67079-B21	Standard	Intel Xeon-Gold 5515+ 3.2GHz 8-core 165W Processor for HPE	0	3324.00	-1,609.00	6,648.00		No	12/14/2023	07/31/2027	PRICE_CHANGED	N/A	+$3324.00	0.00%	2026-08-27: (no price) → 2026-08-28: (no price) → 2026-09-09: $3324.00
Processor	Intel Xeon 6th Gen Scalable Processors	HPE OCA > DL380 Gen11 > Processor > Intel Xeon 6th Gen Scalable Processors	Processor	min 1, max 2	1	2	Selection constraint for Intel Xeon 6th Gen Scalable Processors: min 1, max 2	P67086-B21	Standard	Intel Xeon-Platinum 8568Y+ 2.3GHz 48-core 350W Processor for HPE	0	16967.00	+12,034.00	33,934.00		No	12/14/2023	07/31/2027	PRICE_CHANGED	N/A	+$16967.00	0.00%	2026-08-27: (no price) → 2026-08-28: (no price) → 2026-09-09: $16967.00
Processor	Intel Xeon 6th Gen Scalable Processors	HPE OCA > DL380 Gen11 > Processor > Intel Xeon 6th Gen Scalable Processors	Processor	min 1, max 2	1	2	Selection constraint for Intel Xeon 6th Gen Scalable Processors: min 1, max 2	P67087-B21	Standard	Intel Xeon-Platinum 8570 2.1GHz 56-core 350W Processor for HPE	0	20311.00	+15,378.00	40,622.00		No	12/14/2023	07/31/2027	PRICE_CHANGED	N/A	+$20311.00	0.00%	2026-08-27: (no price) → 2026-08-28: (no price) → 2026-09-09: $20311.00
Processor	Intel Xeon 6th Gen Scalable Processors	HPE OCA > DL380 Gen11 > Processor > Intel Xeon 6th Gen Scalable Processors	Processor	min 1, max 2	1	2	Selection constraint for Intel Xeon 6th Gen Scalable Processors: min 1, max 2	P67089-B21	Standard	Intel Xeon-Platinum 8592+ 1.9GHz 64-core 350W Processor for HPE	0	27283.00	+22,350.00	54,566.00		No	12/14/2023	07/31/2027	PRICE_CHANGED	N/A	+$27283.00	0.00%	2026-08-27: (no price) → 2026-08-28: (no price) → 2026-09-09: $27283.00
Processor	Intel Xeon 6th Gen Scalable Processors	HPE OCA > DL380 Gen11 > Processor > Intel Xeon 6th Gen Scalable Processors	Processor	min 1, max 2	1	2	Selection constraint for Intel Xeon 6th Gen Scalable Processors: min 1, max 2	P67090-B21	Standard	Intel Xeon-Silver 4509Y 2.6GHz 8-core 125W Processor for HPE	0	1756.00	-3,177.00	3,512.00		No	12/14/2023	07/31/2027	PRICE_CHANGED	N/A	+$1756.00	0.00%	2026-08-27: (no price) → 2026-08-28: (no price) → 2026-09-09: $1756.00
Processor	Intel Xeon 6th Gen Scalable Processors	HPE OCA > DL380 Gen11 > Processor > Intel Xeon 6th Gen Scalable Processors	Processor	min 1, max 2	1	2	Selection constraint for Intel Xeon 6th Gen Scalable Processors: min 1, max 2	P67093-B21	Standard	Intel Xeon-Silver 4516Y+ 2.2GHz 24-core 185W Processor for HPE	0	3917.00	-1,016.00	7,834.00		No	12/14/2023	07/31/2027	PRICE_CHANGED	N/A	+$3917.00	0.00%	2026-08-27: (no price) → 2026-08-28: (no price) → 2026-09-09: $3917.00
Processor	Intel Xeon 6th Gen Scalable Processors	HPE OCA > DL380 Gen11 > Processor > Intel Xeon 6th Gen Scalable Processors	Processor	min 1, max 2	1	2	Selection constraint for Intel Xeon 6th Gen Scalable Processors: min 1, max 2	P67100-B21	Standard	Intel Xeon-Bronze 3508U 2.1GHz 8-core 125W Processor for HPE	0	1444.00	-3,489.00	2,888.00		No	12/14/2023	07/31/2027	PRICE_CHANGED	N/A	+$1444.00	0.00%	2026-08-27: (no price) → 2026-08-28: (no price) → 2026-09-09: $1444.00
Processor	Intel Xeon 6th Gen Scalable Processors	HPE OCA > DL380 Gen11 > Processor > Intel Xeon 6th Gen Scalable Processors	Processor	min 1, max 2	1	2	Selection constraint for Intel Xeon 6th Gen Scalable Processors: min 1, max 2	P67102-B21	Standard	Intel Xeon-Platinum 8558U 2.0GHz 48-core 300W Processor for HPE	0	11375.00	+6,442.00	22,750.00		No	12/14/2023	10/31/2026	PRICE_AND_ATTRIBUTE_CHANGED	N/A	+$11375.00	0.00%	2026-08-27: (no price) → 2026-08-28: (no price) → 2026-09-09: $11375.00
Processor	Intel Xeon 6th Gen Scalable Processors	HPE OCA > DL380 Gen11 > Processor > Intel Xeon 6th Gen Scalable Processors	Processor	min 1, max 2	1	2	Selection constraint for Intel Xeon 6th Gen Scalable Processors: min 1, max 2	P67104-B21	Standard	Intel Xeon-Gold 6538N 2.1GHz 32-core 205W Processor for HPE	0	9655.00	+4,722.00	19,310.00		No	12/14/2023	11/30/2027	PRICE_CHANGED	N/A	+$9655.00	0.00%	2026-08-27: (no price) → 2026-08-28: (no price) → 2026-09-09: $9655.00
Processor	Intel Xeon 6th Gen Scalable Processors	HPE OCA > DL380 Gen11 > Processor > Intel Xeon 6th Gen Scalable Processors	Processor	min 1, max 2	1	2	Selection constraint for Intel Xeon 6th Gen Scalable Processors: min 1, max 2	P67107-B21	Standard	Intel Xeon-Platinum 8592V 2.0GHz 64-core 330W Processor for HPE	0	25398.00	+20,465.00	50,796.00		No	12/14/2023	07/31/2027	PRICE_CHANGED	N/A	+$25398.00	0.00%	2026-08-27: (no price) → 2026-08-28: (no price) → 2026-09-09: $25398.00
Processor	Intel Xeon 6th Gen Scalable Processors	HPE OCA > DL380 Gen11 > Processor > Intel Xeon 6th Gen Scalable Processors	Processor	min 1, max 2	1	2	Selection constraint for Intel Xeon 6th Gen Scalable Processors: min 1, max 2	P67108-B21	Standard	Intel Xeon-Platinum 8558P 2.7GHz 48-core 350W Processor for HPE	0	17487.00	+12,554.00	34,974.00		No	12/14/2023	07/31/2027	PRICE_CHANGED	N/A	+$17487.00	0.00%	2026-08-27: (no price) → 2026-08-28: (no price) → 2026-09-09: $17487.00
Cooling / Thermal	Standard & Performance Heat Sinks	HPE OCA > DL380 Gen11 > Cooling / Thermal > Standard & Performance Heat Sinks	Cooling / Thermal	max 6	0	6	Selection constraint for Standard & Performance Heat Sinks: max 6	P48818-B21	Standard	HPE ProLiant DL380/DL560 Gen11 High Performance 2U Heat Sink Kit	2	233.00		466.00		No	01/10/2023	05/31/2028	UNCHANGED	233.00	$0.00	0.00%	2026-08-27: $233.00 → 2026-08-28: (no price)
Cooling / Thermal	Standard & Performance Heat Sinks	HPE OCA > DL380 Gen11 > Cooling / Thermal > Standard & Performance Heat Sinks	Cooling / Thermal	max 6	0	6	Mixing of Heat sink is not allowed.	P48817-B21	Standard	HPE ProLiant DL380 Gen11 Max Performance Heat Sink Kit	0	596.00		NA		No	01/10/2023	05/31/2028	PRICE_CHANGED	N/A	+$596.00	0.00%	2026-08-27: (no price) → 2026-08-28: (no price) → 2026-09-09: $596.00
Cooling / Thermal	Standard & Performance Heat Sinks	HPE OCA > DL380 Gen11 > Cooling / Thermal > Standard & Performance Heat Sinks	Cooling / Thermal	max 6	0	6	Mixing of Heat sink is not allowed.	P48905-B21	Standard	HPE ProLiant DL3XX/560 Gen11 High Performance Heat Sink Kit	0	259.00		NA		No	01/10/2023	05/31/2028	PRICE_CHANGED	N/A	+$259.00	0.00%	2026-08-27: (no price) → 2026-08-28: (no price) → 2026-09-09: $259.00
Cooling / Thermal	Standard & Performance Heat Sinks	HPE OCA > DL380 Gen11 > Cooling / Thermal > Standard & Performance Heat Sinks	Cooling / Thermal	max 6	0	6	Mixing of Heat sink is not allowed.	P49145-B21	Standard	HPE ProLiant DL380 2U Standard Heat Sink Kit	0	133.00		NA		No	04/03/2023	06/30/2029	PRICE_CHANGED	N/A	+$133.00	0.00%	2026-08-27: (no price) → 2026-08-28: (no price) → 2026-09-09: $133.00
Cooling / Thermal	Standard & Performance Heat Sinks	HPE OCA > DL380 Gen11 > Cooling / Thermal > Standard & Performance Heat Sinks	Cooling / Thermal	max 6	0	6	Mixing of Heat sink is not allowed.	P62023-B21	Standard	HPE ProLiant DL380 Gen11 Cold Plate Module NS204 Quick Disconnect Tube Set FIO Kit	0	1843.00		NA		No	04/03/2023	05/31/2028	PRICE_CHANGED	N/A	+$1843.00	0.00%	2026-08-27: (no price) → 2026-08-28: (no price) → 2026-09-09: $1843.00
Cooling / Thermal	Standard & Performance Heat Sinks	HPE OCA > DL380 Gen11 > Cooling / Thermal > Standard & Performance Heat Sinks	Cooling / Thermal	max 6	0	6	Mixing of Heat sink is not allowed.	P62029-B21	Standard	HPE ProLiant DL3XX Gen11 Cold Plate Module FIO Kit from PCIe	0	1827.00		NA		No	04/03/2023	05/31/2028	PRICE_CHANGED	N/A	+$1827.00	0.00%	2026-08-27: (no price) → 2026-08-28: (no price) → 2026-09-09: $1827.00
Memory	DDR5 Registered Smart Memory	HPE OCA > DL380 Gen11 > Memory > DDR5 Registered Smart Memory	Memory	max 32	0	32	Selection constraint for DDR5 Registered Smart Memory: max 32	P43328-F21	Standard	HPE 32GB (1x32GB) Dual Rank x8 DDR5-4800 CAS-40-39-39 EC8 Registered Smart FIO Memory Kit	0	13909.00		NA	434.66	No	04/06/2026	06/30/2029	PRICE_CHANGED	N/A	+$13909.00	0.00%	2026-08-27: (no price) → 2026-08-28: (no price) → 2026-09-09: $13909.00
Memory	DDR5 Registered Smart Memory	HPE OCA > DL380 Gen11 > Memory > DDR5 Registered Smart Memory	Memory	max 32	0	32	Selection constraint for DDR5 Registered Smart Memory: max 32	P43331-F21	Standard	HPE 64GB (1x64GB) Dual Rank x4 DDR5-4800 CAS-40-39-39 EC8 Registered Smart FIO Memory Kit	4	28532.00		114,128.00	445.81	No	04/06/2026	06/30/2029	PRICE_CHANGED	N/A	+$28532.00	0.00%	2026-08-27: (no price) → 2026-08-28: (no price) → 2026-09-09: $28532.00
Memory	DDR5 Registered Smart Memory	HPE OCA > DL380 Gen11 > Memory > DDR5 Registered Smart Memory	Memory	max 32	0	32	Selection constraint for DDR5 Registered Smart Memory: max 32	P64707-F21	Standard	HPE 64GB (1x64GB) Dual Rank x4 DDR5-5600 CAS-46-45-45 EC8 Registered Smart FIO Memory Kit	0	28532.00		NA	445.81	No	04/06/2026	06/30/2029	UNCHANGED	28532.00	$0.00	0.00%	2026-08-27: $28532.00 → 2026-08-28: (no price)
Memory	DDR5 Registered Smart Memory	HPE OCA > DL380 Gen11 > Memory > DDR5 Registered Smart Memory	Memory	max 32	0	32	Supports only PC5-4800B Memory	P64706-F21	Standard	HPE 32GB (1x32GB) Dual Rank x8 DDR5-5600 CAS-46-45-45 EC8 Registered Smart FIO Memory Kit	0	13909.00		NA	434.66	No	04/06/2026	06/30/2029	PRICE_CHANGED	N/A	+$13909.00	0.00%	2026-08-27: (no price) → 2026-08-28: (no price) → 2026-09-09: $13909.00
Memory	DDR5 Registered Smart Memory	HPE OCA > DL380 Gen11 > Memory > DDR5 Registered Smart Memory	Memory	max 32	0	32	Supports only PC5-4800B Memory	P69976-F21	Standard	HPE 128GB (1x128GB) Dual Rank x4 DDR5-5600 CAS-46-45-45 EC8 Registered Smart FIO Memory Kit	0	60190.00		NA	470.23	No	04/06/2026	06/30/2029	PRICE_CHANGED	N/A	+$60190.00	0.00%	2026-08-27: (no price) → 2026-08-28: (no price) → 2026-09-09: $60190.00
Memory	DDR5 Registered Smart Memory	HPE OCA > DL380 Gen11 > Memory > DDR5 Registered Smart Memory	Memory	max 32	0	32	Supports only PC5-4800B Memory	P64705-F21	Standard	HPE 16GB (1x16GB) Single Rank x8 DDR5-5600 CAS-46-45-45 EC8 Registered Smart FIO Memory Kit	0	7439.00		NA	464.94	No	04/06/2026	06/30/2029	PRICE_CHANGED	N/A	+$7439.00	0.00%	2026-08-27: (no price) → 2026-08-28: (no price) → 2026-09-09: $7439.00
Memory	DDR5 Registered Smart Memory	HPE OCA > DL380 Gen11 > Memory > DDR5 Registered Smart Memory	Memory	max 32	0	32	Supports only PC5-4800B Memory	P64708-F21	Standard	HPE 96GB (1x96GB) Dual Rank x4 DDR5-5600 CAS-46-45-45 EC8 Registered Smart FIO Memory Kit	0	47056.00		NA	490.17	No	04/06/2026	06/30/2029	PRICE_CHANGED	N/A	+$47056.00	0.00%	2026-08-27: (no price) → 2026-08-28: (no price) → 2026-09-09: $47056.00
Memory	DDR5 Registered Smart Memory	HPE OCA > DL380 Gen11 > Memory > DDR5 Registered Smart Memory	Memory	max 32	0	32	Supports only PC5-4800B Memory	P64709-B21	Standard	HPE 128GB (1x128GB) Quad Rank x4 DDR5-5600 CAS-52-45-45 EC8 Registered 3DS Smart Memory Kit	0	22520.00		NA	175.94	No	12/14/2023	01/21/2026	PRICE_CHANGED	N/A	+$22520.00	0.00%	2026-08-27: (no price) → 2026-08-28: (no price) → 2026-09-09: $22520.00
Memory	DDR5 Registered Smart Memory	HPE OCA > DL380 Gen11 > Memory > DDR5 Registered Smart Memory	Memory	max 32	0	32	Supports only PC5-4800B Memory	P90550-F21	Standard	HPE 256GB 4Rx4 PC5-4800B-R 3DS FIO Kit	0	133186.00		NA	520.26	No	04/06/2026	06/30/2029	PRICE_CHANGED	N/A	+$133186.00	0.00%	2026-08-27: (no price) → 2026-08-28: (no price) → 2026-09-09: $133186.00
Memory	DDR5 Registered Smart Memory	HPE OCA > DL380 Gen11 > Memory > DDR5 Registered Smart Memory	Memory	max 32	0	32	Supports only PC5-4800B Memory	P90554-F21	Standard	HPE 256GB 4Rx4 PC5-5600B-R 3DS FIO Kit	0	133186.00		NA	520.26	No	04/06/2026	06/30/2029	PRICE_CHANGED	N/A	+$133186.00	0.00%	2026-08-27: (no price) → 2026-08-28: (no price) → 2026-09-09: $133186.00
Memory	DDR5 Registered Smart Memory	HPE OCA > DL380 Gen11 > Memory > DDR5 Registered Smart Memory	Memory	max 32	0	32	These products are hidden due to Supply constraints	P43322-B21	Standard	HPE 16GB (1x16GB) Single Rank x8 DDR5-4800 CAS-40-39-39 EC8 Registered Smart Memory Kit	0	7439.00		NA	464.94	No	01/10/2023	06/30/2029	PRICE_CHANGED	N/A	+$7439.00	0.00%	2026-08-27: (no price) → 2026-08-28: (no price) → 2026-09-09: $7439.00
Memory	DDR5 Registered Smart Memory	HPE OCA > DL380 Gen11 > Memory > DDR5 Registered Smart Memory	Memory	max 32	0	32	These products are hidden due to Supply constraints	P43328-B21	Standard	HPE 32GB (1x32GB) Dual Rank x8 DDR5-4800 CAS-40-39-39 EC8 Registered Smart Memory Kit	0	13909.00		NA	434.66	No	01/10/2023	06/30/2029	PRICE_CHANGED	N/A	+$13909.00	0.00%	2026-08-27: (no price) → 2026-08-28: (no price) → 2026-09-09: $13909.00
Memory	DDR5 Registered Smart Memory	HPE OCA > DL380 Gen11 > Memory > DDR5 Registered Smart Memory	Memory	max 32	0	32	These products are hidden due to Supply constraints	P43331-B21	Standard	HPE 64GB (1x64GB) Dual Rank x4 DDR5-4800 CAS-40-39-39 EC8 Registered Smart Memory Kit	0	28532.00		NA	445.81	No	01/10/2023	06/30/2029	PRICE_CHANGED	N/A	+$28532.00	0.00%	2026-08-27: (no price) → 2026-08-28: (no price) → 2026-09-09: $28532.00
Memory	DDR5 Registered Smart Memory	HPE OCA > DL380 Gen11 > Memory > DDR5 Registered Smart Memory	Memory	max 32	0	32	These products are hidden due to Supply constraints	P43337-B21	Standard	HPE 256GB (1x256GB) Octal Rank x4 DDR5-4800 CAS-46-39-39 EC8 Registered 3DS Smart Memory Kit	0	77851.00		NA	304.11	No	01/10/2023	02/13/2026	PRICE_CHANGED	N/A	+$77851.00	0.00%	2026-08-27: (no price) → 2026-08-28: (no price) → 2026-09-09: $77851.00
Memory	DDR5 Registered Smart Memory	HPE OCA > DL380 Gen11 > Memory > DDR5 Registered Smart Memory	Memory	max 32	0	32	These products are hidden due to Supply constraints	P64705-B21	Standard	HPE 16GB (1x16GB) Single Rank x8 DDR5-5600 CAS-46-45-45 EC8 Registered Smart Memory Kit	0	7439.00		NA	464.94	No	12/14/2023	06/30/2029	PRICE_CHANGED	N/A	+$7439.00	0.00%	2026-08-27: (no price) → 2026-08-28: (no price) → 2026-09-09: $7439.00
Memory	DDR5 Registered Smart Memory	HPE OCA > DL380 Gen11 > Memory > DDR5 Registered Smart Memory	Memory	max 32	0	32	These products are hidden due to Supply constraints	P64706-B21	Standard	HPE 32GB (1x32GB) Dual Rank x8 DDR5-5600 CAS-46-45-45 EC8 Registered Smart Memory Kit	0	13909.00		NA	434.66	No	12/14/2023	06/30/2029	PRICE_CHANGED	N/A	+$13909.00	0.00%	2026-08-27: (no price) → 2026-08-28: (no price) → 2026-09-09: $13909.00
Memory	DDR5 Registered Smart Memory	HPE OCA > DL380 Gen11 > Memory > DDR5 Registered Smart Memory	Memory	max 32	0	32	These products are hidden due to Supply constraints	P64707-B21	Standard	HPE 64GB (1x64GB) Dual Rank x4 DDR5-5600 CAS-46-45-45 EC8 Registered Smart Memory Kit	0	28532.00		NA	445.81	No	12/14/2023	06/30/2029	PRICE_CHANGED	N/A	+$28532.00	0.00%	2026-08-27: (no price) → 2026-08-28: (no price) → 2026-09-09: $28532.00
Memory	DDR5 Registered Smart Memory	HPE OCA > DL380 Gen11 > Memory > DDR5 Registered Smart Memory	Memory	max 32	0	32	These products are hidden due to Supply constraints	P64708-B21	Standard	HPE 96GB (1x96GB) Dual Rank x4 DDR5-5600 CAS-46-45-45 EC8 Registered Smart Memory Kit	0	47056.00		NA	490.17	No	12/14/2023	06/30/2029	PRICE_CHANGED	N/A	+$47056.00	0.00%	2026-08-27: (no price) → 2026-08-28: (no price) → 2026-09-09: $47056.00
Memory	DDR5 Registered Smart Memory	HPE OCA > DL380 Gen11 > Memory > DDR5 Registered Smart Memory	Memory	max 32	0	32	These products are hidden due to Supply constraints	P64710-B21	Standard	HPE 256GB (1x256GB) Octal Rank x4 DDR5-5600 CAS-52-45-45 EC8 Registered 3DS Smart Memory Kit	0	77851.00		NA	304.11	No	04/01/2024	02/13/2026	PRICE_CHANGED	N/A	+$77851.00	0.00%	2026-08-27: (no price) → 2026-08-28: (no price) → 2026-09-09: $77851.00
Memory	DDR5 Registered Smart Memory	HPE OCA > DL380 Gen11 > Memory > DDR5 Registered Smart Memory	Memory	max 32	0	32	These products are hidden due to Supply constraints	P66675-B21	Standard	HPE 96GB (1x96GB) Dual Rank x4 DDR5-4800 CAS-46-45-45 EC8 Registered Smart Memory Kit	0	47056.00		NA	490.17	No	09/05/2023	06/30/2029	PRICE_CHANGED	N/A	+$47056.00	0.00%	2026-08-27: (no price) → 2026-08-28: (no price) → 2026-09-09: $47056.00
Memory	DDR5 Registered Smart Memory	HPE OCA > DL380 Gen11 > Memory > DDR5 Registered Smart Memory	Memory	max 32	0	32	These products are hidden due to Supply constraints	P69974-B21	Standard	HPE 128GB (1x128GB) Dual Rank x4 DDR5-4800 CAS-40-39-39 EC8 Registered Smart Memory Kit	0	60190.00		NA	470.23	No	05/06/2024	06/30/2029	PRICE_CHANGED	N/A	+$60190.00	0.00%	2026-08-27: (no price) → 2026-08-28: (no price) → 2026-09-09: $60190.00
Memory	DDR5 Registered Smart Memory	HPE OCA > DL380 Gen11 > Memory > DDR5 Registered Smart Memory	Memory	max 32	0	32	These products are hidden due to Supply constraints	P69976-B21	Standard	HPE 128GB (1x128GB) Dual Rank x4 DDR5-5600 CAS-46-45-45 EC8 Registered Smart Memory Kit	0	60190.00		NA	470.23	No	05/06/2024	06/30/2029	PRICE_CHANGED	N/A	+$60190.00	0.00%	2026-08-27: (no price) → 2026-08-28: (no price) → 2026-09-09: $60190.00
Memory	DDR5 Registered Smart Memory	HPE OCA > DL380 Gen11 > Memory > DDR5 Registered Smart Memory	Memory	max 32	0	32	These products are hidden due to Supply constraints	P90550-B21	Standard	HPE 256GB (1x256GB) Quad Rank x4 DDR5-4800 CAS-60-52-52 EC8 Registered 3DS Smart Memory Kit	0	133186.00		NA	520.26	No	04/06/2026	06/30/2029	PRICE_CHANGED	N/A	+$133186.00	0.00%	2026-08-27: (no price) → 2026-08-28: (no price) → 2026-09-09: $133186.00
Memory	DDR5 Registered Smart Memory	HPE OCA > DL380 Gen11 > Memory > DDR5 Registered Smart Memory	Memory	max 32	0	32	These products are hidden due to Supply constraints	P90554-B21	Standard	HPE 256GB (1x256GB) Quad Rank x4 DDR5-5600 CAS-60-52-52 EC8 Registered 3DS Smart Memory Kit	0	133186.00		NA	520.26	No	04/06/2026	06/30/2029	PRICE_CHANGED	N/A	+$133186.00	0.00%	2026-08-27: (no price) → 2026-08-28: (no price) → 2026-09-09: $133186.00
Memory	DDR5 Registered Smart Memory	HPE OCA > DL380 Gen11 > Memory > DDR5 Registered Smart Memory	Memory	max 32	0	32	Mixing of different Rank memory is allowed only if max Qty is selected per processor (i.e. For 1Processor it is 16 and for 2 Processor it is 32).	P43322-F21	Standard	HPE 16GB (1x16GB) Single Rank x8 DDR5-4800 CAS-40-39-39 EC8 Registered Smart FIO Memory Kit	0	7439.00		NA	464.94	No	04/06/2026	06/30/2029	PRICE_CHANGED	N/A	+$7439.00	0.00%	2026-08-27: (no price) → 2026-08-28: (no price) → 2026-09-09: $7439.00
Memory	DDR5 Registered Smart Memory	HPE OCA > DL380 Gen11 > Memory > DDR5 Registered Smart Memory	Memory	max 32	0	32	Mixing of different Rank memory is allowed only if max Qty is selected per processor (i.e. For 1Processor it is 16 and for 2 Processor it is 32).	P43334-B21	Standard	HPE 128GB (1x128GB) Quad Rank x4 DDR5-4800 CAS-46-39-39 EC8 Registered 3DS Smart Memory Kit	0	22520.00		NA	175.94	No	01/10/2023	01/21/2026	PRICE_CHANGED	N/A	+$22520.00	0.00%	2026-08-27: (no price) → 2026-08-28: (no price) → 2026-09-09: $22520.00
Memory	DDR5 Registered Smart Memory	HPE OCA > DL380 Gen11 > Memory > DDR5 Registered Smart Memory	Memory	max 32	0	32	Mixing of different Rank memory is allowed only if max Qty is selected per processor (i.e. For 1Processor it is 16 and for 2 Processor it is 32).	P43337-F21	Standard	HPE 256GB (1x256GB) Octal Rank x4 DDR5-4800 CAS-46-39-39 EC8 Registered 3DS Smart FIO Memory Kit	0	101207.00		NA	395.34	No	04/06/2026	04/14/2026	PRICE_CHANGED	N/A	+$101207.00	0.00%	2026-08-27: (no price) → 2026-08-28: (no price) → 2026-09-09: $101207.00
Memory	DDR5 Registered Smart Memory	HPE OCA > DL380 Gen11 > Memory > DDR5 Registered Smart Memory	Memory	max 32	0	32	Mixing of different Rank memory is allowed only if max Qty is selected per processor (i.e. For 1Processor it is 16 and for 2 Processor it is 32).	P64710-F21	Standard	HPE 256GB (1x256GB) Octal Rank x4 DDR5-5600 CAS-52-45-45 EC8 Registered 3DS Smart FIO Memory Kit	0	101207.00		NA	395.34	No	04/06/2026	04/14/2026	PRICE_CHANGED	N/A	+$101207.00	0.00%	2026-08-27: (no price) → 2026-08-28: (no price) → 2026-09-09: $101207.00
Memory	DDR5 Registered Smart Memory	HPE OCA > DL380 Gen11 > Memory > DDR5 Registered Smart Memory	Memory	max 32	0	32	96GB Memory cannot be mixed with any other Memory.	P66675-F21	Standard	HPE 96GB (1x96GB) Dual Rank x4 DDR5-4800 CAS-46-45-45 EC8 Registered Smart FIO Memory Kit	0	47056.00		NA	490.17	No	04/06/2026	06/30/2029	PRICE_CHANGED	N/A	+$47056.00	0.00%	2026-08-27: (no price) → 2026-08-28: (no price) → 2026-09-09: $47056.00
Memory	DDR5 Registered Smart Memory	HPE OCA > DL380 Gen11 > Memory > DDR5 Registered Smart Memory	Memory	max 32	0	32	Mixing of 3DS and Non 3DS not allowed	P69974-F21	Standard	HPE 128GB (1x128GB) Dual Rank x4 DDR5-4800 CAS-46-45-45 EC8 Registered Smart FIO Memory Kit	0	60190.00		NA	470.23	No	04/06/2026	06/30/2029	PRICE_CHANGED	N/A	+$60190.00	0.00%	2026-08-27: (no price) → 2026-08-28: (no price) → 2026-09-09: $60190.00
Accessories & Infrastructure	System Options	HPE OCA > DL380 Gen11 > Accessories & Infrastructure > System Options	Chassis Infrastructure	Optional	0	Optional	Private Product is not valid for current customer account	P74214-B21	Standard	SKH 128G 4Rx4 5600B-R Spl Smart FIO Kit                       is obsolete: P74214-B21	0	30015.00		NA	234.49	No	05/15/2024	01/21/2026	PRICE_CHANGED	N/A	+$30015.00	0.00%	2026-08-28: (no price) → 2026-09-09: $30015.00
Accessories & Infrastructure	System Options	HPE OCA > DL380 Gen11 > Accessories & Infrastructure > System Options	Chassis Infrastructure	Optional	0	Optional	Private Product is not valid for current customer account	P74216-B21	Standard	SKH 32G 2Rx8 5600B-R Spl Smart FIO Kit	0	20606.00		NA	643.94	No	05/15/2024	10/31/2026	PRICE_CHANGED	N/A	+$20606.00	0.00%	2026-08-28: (no price) → 2026-09-09: $20606.00
Accessories & Infrastructure	System Options	HPE OCA > DL380 Gen11 > Accessories & Infrastructure > System Options	Chassis Infrastructure	Optional	0	Optional	Private Product is not valid for current customer account	P74346-B21	Standard	SKH 64G 2Rx4 5600B-R Spl Smart FIO Kit	0	42269.00		NA	660.45	No	05/31/2024	10/31/2026	PRICE_CHANGED	N/A	+$42269.00	0.00%	2026-08-28: (no price) → 2026-09-09: $42269.00
Memory	DDR4 Registered Smart Memory	HPE OCA > DL380 Gen11 > Memory > DDR4 Registered Smart Memory	Chassis Infrastructure	max 32	0	32	Selection constraint for DDR4 Registered Smart Memory: max 32	P07818-B21	Standard	HPE DDR4 DIMM Blank Kit	0	129.00		NA		No	10/01/2018	06/30/2029	PRICE_CHANGED	N/A	+$129.00	0.00%	2026-08-27: (no price) → 2026-08-28: (no price) → 2026-09-09: $129.00
Accessories & Infrastructure	System Options	HPE OCA > DL380 Gen11 > Accessories & Infrastructure > System Options	Chassis Infrastructure	Optional	0	Optional	Selection constraint for System Options: optional	P36394-B21	Standard	HPE Trusted Supply Chain for HPE ProLiant	0	1839.00		NA		No	09/08/2020	05/31/2028	PRICE_CHANGED	N/A	+$1839.00	0.00%	2026-08-27: (no price) → 2026-08-28: (no price) → 2026-09-09: $1839.00
Accessories & Infrastructure	System Options	HPE OCA > DL380 Gen11 > Accessories & Infrastructure > System Options	Cable Kit	Optional	0	Optional	Selection constraint for System Options: optional	P35876-B21	Standard	HPE CE Mark Removal FIO Enablement Kit	0	1.00		NA		No	10/05/2020	07/31/2028	UNCHANGED	1.00	$0.00	0.00%	2026-08-27: $1.00 → 2026-08-28: (no price)
Accessories & Infrastructure	System Options	HPE OCA > DL380 Gen11 > Accessories & Infrastructure > System Options	Chassis Infrastructure	Optional	0	Optional	Selection constraint for System Options: optional	436007-B21	Standard	HPE 200GB Logical Size FIO Setting	0	1.00		NA		No	08/26/2008	04/01/2025	PRICE_CHANGED	N/A	+$1.00	0.00%	2026-08-27: (no price) → 2026-08-28: (no price) → 2026-09-09: $1.00
Drive Enclosures / Drives	Solid State Drives (NVMe/SAS/SATA)	HPE OCA > DL380 Gen11 > Drive Enclosures / Drives > Solid State Drives (NVMe/SAS/SATA)	Drive Cage / Drive	max 24	0	24	NVMe Bundle is supported with 8SFF CTO Server Only	P53634-B21	Standard	HPE ProLiant DL380 Gen11 16NVMe Balanced FIO Bundle Kit	0	1.00		NA		No	01/10/2023	05/31/2028	PRICE_CHANGED	N/A	+$1.00	0.00%	2026-08-27: (no price) → 2026-08-28: (no price) → 2026-09-09: $1.00
Drive Enclosures / Drives	Solid State Drives (NVMe/SAS/SATA)	HPE OCA > DL380 Gen11 > Drive Enclosures / Drives > Solid State Drives (NVMe/SAS/SATA)	Drive Cage / Drive	max 24	0	24	NVMe Bundle is supported with 8SFF CTO Server Only	P53635-B21	Standard	HPE ProLiant DL380 Gen11 24NVME Balanced I/O FIO Bundle Kit	0	1.00		NA		No	01/10/2023	05/31/2028	PRICE_CHANGED	N/A	+$1.00	0.00%	2026-08-27: (no price) → 2026-08-28: (no price) → 2026-09-09: $1.00
Drive Enclosures / Drives	Solid State Drives (NVMe/SAS/SATA)	HPE OCA > DL380 Gen11 > Drive Enclosures / Drives > Solid State Drives (NVMe/SAS/SATA)	Network Adapter	max 24	0	24	NVMe Bundle is supported with 8SFF CTO Server Only	P53637-B21	Standard	HPE ProLiant DL380 Gen11 24NVME Differential I/O OCP1 x16 FIO Bundle Kit	0	1.00		NA		No	01/10/2023	05/31/2028	PRICE_CHANGED	N/A	+$1.00	0.00%	2026-08-27: (no price) → 2026-08-28: (no price) → 2026-09-09: $1.00
Drive Enclosures / Drives	Solid State Drives (NVMe/SAS/SATA)	HPE OCA > DL380 Gen11 > Drive Enclosures / Drives > Solid State Drives (NVMe/SAS/SATA)	Network Adapter	max 24	0	24	NVMe Bundle is supported with 8SFF CTO Server Only	P53638-B21	Standard	HPE ProLiant DL380 Gen11 24NVME Differential I/O OCP1/2 x16 FIO Bundle Kit	0	1.00		NA		No	01/10/2023	05/31/2028	PRICE_CHANGED	N/A	+$1.00	0.00%	2026-08-27: (no price) → 2026-08-28: (no price) → 2026-09-09: $1.00
Drive Enclosures / Drives	Solid State Drives (NVMe/SAS/SATA)	HPE OCA > DL380 Gen11 > Drive Enclosures / Drives > Solid State Drives (NVMe/SAS/SATA)	Network Adapter	max 24	0	24	NVMe Bundle is supported with 8SFF CTO Server Only	P53636-B21	Standard	HPE ProLiant DL380 Gen11 24NVME Differential I/O OCP1/2 x8 FIO Bundle Kit	0	1.00		NA		No	01/10/2023	05/31/2028	PRICE_CHANGED	N/A	+$1.00	0.00%	2026-08-27: (no price) → 2026-08-28: (no price) → 2026-09-09: $1.00
Drive Enclosures / Drives	Solid State Drives (NVMe/SAS/SATA)	HPE OCA > DL380 Gen11 > Drive Enclosures / Drives > Solid State Drives (NVMe/SAS/SATA)	Drive Cage / Drive	max 24	0	24	NVMe Bundle is supported with 8SFF CTO Server Only	P53639-B21	Standard	HPE ProLiant DL380 Gen11 32NVMe Balanced FIO Bundle Kit	0	1.00		NA		No	04/03/2023	05/31/2028	PRICE_CHANGED	N/A	+$1.00	0.00%	2026-08-27: (no price) → 2026-08-28: (no price) → 2026-09-09: $1.00
Drive Enclosures / Drives	Solid State Drives (NVMe/SAS/SATA)	HPE OCA > DL380 Gen11 > Drive Enclosures / Drives > Solid State Drives (NVMe/SAS/SATA)	Drive Cage / Drive	max 24	0	24	NVMe Bundle is supported with 8SFF CTO Server Only	P69548-B21	Standard	HPE ProLiant DL380 Gen11 8NVMe 1P FIO Bundle Kit	0	1.00		NA		No	03/04/2024	05/31/2028	PRICE_CHANGED	N/A	+$1.00	0.00%	2026-08-27: (no price) → 2026-08-28: (no price) → 2026-09-09: $1.00
Drive Enclosures / Drives	Solid State Drives (NVMe/SAS/SATA)	HPE OCA > DL380 Gen11 > Drive Enclosures / Drives > Solid State Drives (NVMe/SAS/SATA)	Drive Cage / Drive	max 24	0	24	NVMe Bundle is supported with 8SFF CTO Server Only	P53633-B21	Standard	HPE ProLiant DL380 Gen11 8NVMe Balanced FIO Bundle Kit	0	1.00		NA		No	01/10/2023	04/30/2027	PRICE_CHANGED	N/A	+$1.00	0.00%	2026-08-27: (no price) → 2026-08-28: (no price) → 2026-09-09: $1.00
Accessories & Infrastructure	System Options	HPE OCA > DL380 Gen11 > Accessories & Infrastructure > System Options	Chassis Infrastructure	Optional	0	Optional	EDSFF Bundle is supported with 12EDSFF CTO Server Only	P56076-B21	Standard	HPE ProLiant DL380 Gen11 20EDSFF FIO Bundle Kit	0	1.00		NA		No	04/03/2023	10/31/2026	PRICE_CHANGED	N/A	+$1.00	0.00%	2026-08-27: (no price) → 2026-08-28: (no price) → 2026-09-09: $1.00
Accessories & Infrastructure	System Options	HPE OCA > DL380 Gen11 > Accessories & Infrastructure > System Options	Chassis Infrastructure	Optional	0	Optional	EDSFF Bundle is supported with 12EDSFF CTO Server Only	P56075-B21	Standard	HPE ProLiant DL380 Gen11 36EDSFF FIO Bundle Kit	0	1.00		NA		No	04/03/2023	05/31/2028	PRICE_CHANGED	N/A	+$1.00	0.00%	2026-08-27: (no price) → 2026-08-28: (no price) → 2026-09-09: $1.00
Software & Licenses	Server Management & Operating System Licenses	HPE OCA > DL380 Gen11 > Software & Licenses > Server Management & Operating System Licenses	Operating System / License	Unlimited	0	Unlimited	Selection constraint for Server Management & Operating System Licenses: no max	P42104-B21	Standard	HPE ProLiant Platform Certificate and IDevID iLO FIO Setting	0	1.00		NA		No	06/21/2021	06/30/2031	PRICE_CHANGED	N/A	+$1.00	0.00%	2026-08-27: (no price) → 2026-08-28: (no price) → 2026-09-09: $1.00
Accessories & Infrastructure	System Options	HPE OCA > DL380 Gen11 > Accessories & Infrastructure > System Options	Chassis Infrastructure	Optional	0	Optional	Selection constraint for System Options: optional	P63223-B21	Standard	HPE ProLiant vSAN Original Storage Architecture FIO Tracking	0	1.00		NA		No	05/01/2023	02/28/2028	PRICE_CHANGED	N/A	+$1.00	0.00%	2026-08-27: (no price) → 2026-08-28: (no price) → 2026-09-09: $1.00
Accessories & Infrastructure	System Options	HPE OCA > DL380 Gen11 > Accessories & Infrastructure > System Options	Chassis Infrastructure	Optional	0	Optional	Selection constraint for System Options: optional	P63226-B21	Standard	HPE ProLiant vSAN ReadyNode Express Storage Architecture FIO Tracking	0	1.00		NA		No	05/01/2023	05/31/2028	PRICE_CHANGED	N/A	+$1.00	0.00%	2026-08-27: (no price) → 2026-08-28: (no price) → 2026-09-09: $1.00
Software & Licenses	Server Management & Operating System Licenses	HPE OCA > DL380 Gen11 > Software & Licenses > Server Management & Operating System Licenses	Operating System / License	Unlimited	0	Unlimited	Selection constraint for Server Management & Operating System Licenses: no max	P08040-B21	Standard	HPE iLO Common Password FIO Setting	0	1.00		NA		No	12/02/2019	06/30/2028	PRICE_CHANGED	N/A	+$1.00	0.00%	2026-08-27: (no price) → 2026-08-28: (no price) → 2026-09-09: $1.00
Drive Enclosures / Drives	Drive Blank & FIO Enablement Kits	HPE OCA > DL380 Gen11 > Drive Enclosures / Drives > Drive Blank & FIO Enablement Kits	Drive Cage / Drive	max 24	0	24	Supported with 8SFF CTO Server only.	873763-B21	Standard	HPE ProLiant Compute DL380 No Drive Configuration FIO Kit	0	14.00	NA	NA		No	07/11/2017	06/30/2029	PRICE_CHANGED	N/A	+$14.00	0.00%	2026-08-27: (no price) → 2026-08-28: (no price) → 2026-09-09: $14.00
Storage Controllers	Tri-Mode MegaRAID Storage Controllers	HPE OCA > DL380 Gen11 > Storage Controllers > Tri-Mode MegaRAID Storage Controllers	Storage Controller	max 4	0	4	Selection constraint for Tri-Mode MegaRAID Storage Controllers: max 4	P47777-B21	Standard	HPE MR416i-p Gen11 x16 Lanes 8GB Cache PCI SPDM Plug-in Storage Controller	1	5999.00		5,999.00		No	11/10/2022	04/30/2029	UNCHANGED	5999.00	$0.00	0.00%	2026-08-27: $5999.00 → 2026-08-28: (no price)
Storage Controllers	Tri-Mode MegaRAID Storage Controllers	HPE OCA > DL380 Gen11 > Storage Controllers > Tri-Mode MegaRAID Storage Controllers	Storage Controller	max 4	0	4	Selection constraint for Tri-Mode MegaRAID Storage Controllers: max 4	P47789-B21	Standard	HPE MR216i-o Gen11 x16 Lanes without Cache OCP SPDM Storage Controller	0	3449.00		NA		No	11/10/2022	04/30/2029	PRICE_CHANGED	N/A	+$3449.00	0.00%	2026-08-27: (no price) → 2026-08-28: (no price) → 2026-09-09: $3449.00
Storage Controllers	Tri-Mode MegaRAID Storage Controllers	HPE OCA > DL380 Gen11 > Storage Controllers > Tri-Mode MegaRAID Storage Controllers	Storage Controller	max 4	0	4	Selection constraint for Tri-Mode MegaRAID Storage Controllers: max 4	P47785-B21	Standard	HPE MR216i-p Gen11 x16 Lanes without Cache PCI SPDM Plug-in Storage Controller	0	3499.00		NA		No	11/10/2022	04/30/2029	PRICE_CHANGED	N/A	+$3499.00	0.00%	2026-08-27: (no price) → 2026-08-28: (no price) → 2026-09-09: $3499.00
Storage Controllers	Tri-Mode MegaRAID Storage Controllers	HPE OCA > DL380 Gen11 > Storage Controllers > Tri-Mode MegaRAID Storage Controllers	Storage Controller	max 4	0	4	Selection constraint for Tri-Mode MegaRAID Storage Controllers: max 4	804398-B21	Standard	HPE Smart Array E208e-p SR Gen10 (8 External Lanes/No Cache) 12G SAS PCIe Plug-in Controller	0	1775.00		NA		No	07/11/2017	04/30/2029	PRICE_CHANGED	N/A	+$1775.00	0.00%	2026-08-27: (no price) → 2026-08-28: (no price) → 2026-09-09: $1775.00
Storage Controllers	Tri-Mode MegaRAID Storage Controllers	HPE OCA > DL380 Gen11 > Storage Controllers > Tri-Mode MegaRAID Storage Controllers	Storage Controller	max 4	0	4	Selection constraint for Tri-Mode MegaRAID Storage Controllers: max 4	P47781-B21	Standard	HPE MR416i-o Gen11 x16 Lanes 8GB Cache OCP SPDM Storage Controller	0	5699.00		NA		No	11/10/2022	04/30/2029	PRICE_CHANGED	N/A	+$5699.00	0.00%	2026-08-27: (no price) → 2026-08-28: (no price) → 2026-09-09: $5699.00
Storage Controllers	Tri-Mode MegaRAID Storage Controllers	HPE OCA > DL380 Gen11 > Storage Controllers > Tri-Mode MegaRAID Storage Controllers	Storage Controller	max 4	0	4	Selection constraint for Tri-Mode MegaRAID Storage Controllers: max 4	P58335-B21	Standard	HPE MR408i-o Gen11 x8 Lanes 4GB Cache OCP SPDM Storage Controller	0	4599.00		NA		No	11/10/2022	04/30/2029	PRICE_CHANGED	N/A	+$4599.00	0.00%	2026-08-27: (no price) → 2026-08-28: (no price) → 2026-09-09: $4599.00
Drive Enclosures / Drives	Solid State Drives (NVMe/SAS/SATA)	HPE OCA > DL380 Gen11 > Drive Enclosures / Drives > Solid State Drives (NVMe/SAS/SATA)	Network Adapter	max 24	0	24	Gen4 Re timer card is supported with 8SFF CTO Server Only.	P25527-B21	Standard	HPE DL385 Gen10 Plus 12Gb NVMe 2-port Adapter	0	633.00		NA		No	06/08/2020	05/31/2028	PRICE_CHANGED	N/A	+$633.00	0.00%	2026-08-27: (no price) → 2026-08-28: (no price) → 2026-09-09: $633.00
Accessories & Infrastructure	System Options	HPE OCA > DL380 Gen11 > Accessories & Infrastructure > System Options	PCIe Riser	Optional	0	Optional	Gen5 Re timer card is supported with 12EDSFF CTO Server Only.	P48833-B21	Standard	HPE ProLiant DL320/DL380 Gen11 PCIe Gen5 Retimer Card	0	461.00		NA		No	04/03/2023	10/31/2026	PRICE_CHANGED	N/A	+$461.00	0.00%	2026-08-27: (no price) → 2026-08-28: (no price) → 2026-09-09: $461.00
Storage Controllers	Tri-Mode SmartRAID Storage Controllers	HPE OCA > DL380 Gen11 > Storage Controllers > Tri-Mode SmartRAID Storage Controllers	Storage Controller	max 4	0	4	Mixing of SR series and MR series Tri Mode controllers not allowed	P47184-B21	Standard	HPE SR932i-p Gen11 x32 Lanes 8GB Wide Cache PCI SPDM Plug-in Storage Controller	0	11155.00		NA		No	11/10/2022	12/31/2028	PRICE_CHANGED	N/A	+$11155.00	0.00%	2026-08-27: (no price) → 2026-08-28: (no price) → 2026-09-09: $11155.00
Cables & Enablement Kits	Smart Storage Batteries	HPE OCA > DL380 Gen11 > Cables & Enablement Kits > Smart Storage Batteries	Cable Kit		0			P01366-B21	Standard	HPE 96W Smart Storage Lithium-ion Battery with 145mm Cable Kit	1	110.00		110.00		No	12/18/2017	04/30/2029	PRICE_CHANGED	N/A	+$110.00	0.00%	2026-08-27: (no price) → 2026-08-28: (no price) → 2026-09-09: $110.00
Cables & Enablement Kits	Smart Storage Batteries	HPE OCA > DL380 Gen11 > Cables & Enablement Kits > Smart Storage Batteries	Cable Kit		0			P48918-B21	Standard	HPE ProLiant Storage Controller Enablement Cable Kit	1	38.00		38.00		No	01/10/2023	06/30/2029	UNCHANGED	38.00	$0.00	0.00%	2026-08-27: $38.00 → 2026-08-28: (no price)
Accessories & Infrastructure	System Options	HPE OCA > DL380 Gen11 > Accessories & Infrastructure > System Options	Cable Kit	Optional	0	Optional	Max quantity of product limited by space available.	P02377-B21	Standard	HPE Smart Storage Hybrid Capacitor with 145mm Cable Kit	0	397.00		NA		No	04/02/2019	06/30/2027	ATTRIBUTE_CHANGED	397.00	$0.00	0.00%	2026-08-27: $397.00 → 2026-08-28: (no price) → 2026-09-09: $397.00
Accessories & Infrastructure	System Options	HPE OCA > DL380 Gen11 > Accessories & Infrastructure > System Options	Cable Kit	Optional	0	Optional	Max quantity of product limited by space available.	P65038-B21	Standard	HPE 16W Smart Hybrid Capacitor with 145mm Cable	0	397.00		NA		No	12/01/2025	06/30/2029	PRICE_CHANGED	N/A	+$397.00	0.00%	2026-08-27: (no price) → 2026-08-28: (no price) → 2026-09-09: $397.00
Accessories & Infrastructure	System Options	HPE OCA > DL380 Gen11 > Accessories & Infrastructure > System Options	Cable Kit	Optional	0	Optional	Selection constraint for System Options: optional	P52153-B21	Standard	HPE ProLiant DL380 Gen11 12EDSFF CPU1/2 Cable Kit	0	394.00		NA		No	04/03/2023	05/31/2028	PRICE_CHANGED	N/A	+$394.00	0.00%	2026-08-27: (no price) → 2026-08-28: (no price) → 2026-09-09: $394.00
Accessories & Infrastructure	System Options	HPE OCA > DL380 Gen11 > Accessories & Infrastructure > System Options	Cable Kit	Optional	0	Optional	Selection constraint for System Options: optional	P52154-B21	Standard	HPE ProLiant DL380 Gen11 PCIe Gen5 Retimer Card Cable Kit	0	1175.00		NA		No	04/03/2023	05/31/2028	PRICE_CHANGED	N/A	+$1175.00	0.00%	2026-08-27: (no price) → 2026-08-28: (no price) → 2026-09-09: $1175.00
Accessories & Infrastructure	System Options	HPE OCA > DL380 Gen11 > Accessories & Infrastructure > System Options	Cable Kit	Optional	0	Optional	Selection constraint for System Options: optional	P56995-B21	Standard	HPE ProLiant DL380 Gen11 LFF Front Tri-Mode Cable Kit	1	248.00		248.00		No	01/10/2023	05/31/2028	PRICE_CHANGED	N/A	+$248.00	0.00%	2026-08-27: (no price) → 2026-08-28: (no price) → 2026-09-09: $248.00
Drive Enclosures / Drives	Solid State Drives (NVMe/SAS/SATA)	HPE OCA > DL380 Gen11 > Drive Enclosures / Drives > Solid State Drives (NVMe/SAS/SATA)	Cable Kit	max 24	0	24	This Cable is supported with 8SFF CTO Server Only.	P48825-B21	Standard	HPE ProLiant DL380 Gen11 8SFF CPU1/2 NVMe Cable Kit	0	2127.00		NA		No	01/10/2023	05/31/2028	PRICE_CHANGED	N/A	+$2127.00	0.00%	2026-08-27: (no price) → 2026-08-28: (no price) → 2026-09-09: $2127.00
Accessories & Infrastructure	System Options	HPE OCA > DL380 Gen11 > Accessories & Infrastructure > System Options	Cable Kit	Optional	0	Optional	This Cable is supported with 8SFF CTO Server and EDSFF CTO Server Only.	P48829-B21	Standard	HPE ProLiant DL380 Gen11 8SFF OROC1/2 x2 Cable Kit	0	326.00		NA		No	01/10/2023	05/31/2028	PRICE_CHANGED	N/A	+$326.00	0.00%	2026-08-27: (no price) → 2026-08-28: (no price) → 2026-09-09: $326.00
Accessories & Infrastructure	System Options	HPE OCA > DL380 Gen11 > Accessories & Infrastructure > System Options	Cable Kit	Optional	0	Optional	This Cable is supported with 8SFF CTO Server and EDSFF CTO Server Only.	P48831-B21	Standard	HPE ProLiant DL380 Gen11 2U Tri-Mode Premium Cable Kit	0	1965.00		NA		No	01/10/2023	05/31/2028	PRICE_CHANGED	N/A	+$1965.00	0.00%	2026-08-27: (no price) → 2026-08-28: (no price) → 2026-09-09: $1965.00
Accessories & Infrastructure	System Options	HPE OCA > DL380 Gen11 > Accessories & Infrastructure > System Options	Cable Kit	Optional	0	Optional	This Cable is supported with 8SFF CTO Server and EDSFF CTO Server Only.	P48832-B21	Standard	HPE ProLiant DL380 Gen11 Tri-Mode Splitter Cable Kit	0	730.00		NA		No	01/10/2023	05/31/2028	UNCHANGED	730.00	$0.00	0.00%	2026-08-27: $730.00 → 2026-08-28: (no price)
Storage Controllers	Storage Controller Cable Kits	HPE OCA > DL380 Gen11 > Storage Controllers > Storage Controller Cable Kits	Cable Kit	max 4	0	4	This Cable is supported with 8SFF CTO Server and 24SFF CTO Server Only.	P54874-B21	Standard	HPE ProLiant DL380 Gen11 8SFF to Retimer/-P Controller Cable Kit	0	334.00		NA		No	01/10/2023	05/31/2028	PRICE_CHANGED	N/A	+$334.00	0.00%	2026-08-27: (no price) → 2026-08-28: (no price) → 2026-09-09: $334.00
Drive Enclosures / Drives	Solid State Drives (NVMe/SAS/SATA)	HPE OCA > DL380 Gen11 > Drive Enclosures / Drives > Solid State Drives (NVMe/SAS/SATA)	Cable Kit	max 24	0	24	Private Product is not valid for current customer account	P84565-B21	Standard	HPE DL380G11 E1.S SSD Spl Cable Kit	0	255.00		NA		No	06/20/2025	05/31/2028	PRICE_CHANGED	N/A	+$255.00	0.00%	2026-08-28: (no price) → 2026-09-09: $255.00
Accessories & Infrastructure	System Options	HPE OCA > DL380 Gen11 > Accessories & Infrastructure > System Options	Storage Controller	Optional	0	Optional	Selection constraint for System Options: optional	339777-B21	Standard	HPE RAID 0 Drive 1 FIO Setting	0	1.00		NA		No	08/01/2008	09/30/2043	PRICE_CHANGED	N/A	+$1.00	0.00%	2026-08-27: (no price) → 2026-08-28: (no price) → 2026-09-09: $1.00
Accessories & Infrastructure	System Options	HPE OCA > DL380 Gen11 > Accessories & Infrastructure > System Options	Storage Controller	Optional	0	Optional	Selection constraint for System Options: optional	339778-B21	Standard	HPE RAID 1 Drive 1 FIO Setting	0	1.00		NA		No	08/14/2003	07/31/2044	PRICE_CHANGED	N/A	+$1.00	0.00%	2026-08-27: (no price) → 2026-08-28: (no price) → 2026-09-09: $1.00
Accessories & Infrastructure	System Options	HPE OCA > DL380 Gen11 > Accessories & Infrastructure > System Options	Storage Controller	Optional	0	Optional	Selection constraint for System Options: optional	339779-B21	Standard	HPE RAID 5 Drive 1 FIO Setting	0	1.00		NA		No	09/07/2016	09/30/2043	PRICE_CHANGED	N/A	+$1.00	0.00%	2026-08-27: (no price) → 2026-08-28: (no price) → 2026-09-09: $1.00
Accessories & Infrastructure	System Options	HPE OCA > DL380 Gen11 > Accessories & Infrastructure > System Options	Storage Controller	Optional	0	Optional	Selection constraint for System Options: optional	339780-B21	Standard	HPE Raid 5 w/SP Drive 1 FIO Setting	0	1.00		NA		No	08/01/2008	09/30/2043	PRICE_CHANGED	N/A	+$1.00	0.00%	2026-08-27: (no price) → 2026-08-28: (no price) → 2026-09-09: $1.00
Accessories & Infrastructure	System Options	HPE OCA > DL380 Gen11 > Accessories & Infrastructure > System Options	Storage Controller	Optional	0	Optional	Selection constraint for System Options: optional	339781-B21	Standard	HPE RAID FIO Advanced Data Guarding Option	0	1.00		NA		No	08/01/2008	09/30/2043	PRICE_CHANGED	N/A	+$1.00	0.00%	2026-08-27: (no price) → 2026-08-28: (no price) → 2026-09-09: $1.00
Accessories & Infrastructure	System Options	HPE OCA > DL380 Gen11 > Accessories & Infrastructure > System Options	Storage Controller	Optional	0	Optional	Selection constraint for System Options: optional	389692-B21	Standard	HPE Customer Defined RAID Setting Service	0	1.00		NA		No	02/02/2005	12/31/2043	PRICE_CHANGED	N/A	+$1.00	0.00%	2026-08-27: (no price) → 2026-08-28: (no price) → 2026-09-09: $1.00
PCIe Risers	Secondary PCIe Risers	HPE OCA > DL380 Gen11 > PCIe Risers > Secondary PCIe Risers	PCIe Riser	max 3	0	3	Selection constraint for Secondary PCIe Risers: max 3	P48811-B21	Standard	HPE ProLiant DL380 Gen11 2SFF U.3 HDD Stacking Drive Cage Kit	0	795.00		NA		No	01/10/2023	05/31/2028	PRICE_CHANGED	N/A	+$795.00	0.00%	2026-08-27: (no price) → 2026-08-28: (no price) → 2026-09-09: $795.00
PCIe Risers	Secondary PCIe Risers	HPE OCA > DL380 Gen11 > PCIe Risers > Secondary PCIe Risers	PCIe Riser	max 3	0	3	Selection constraint for Secondary PCIe Risers: max 3	P48812-B21	Standard	HPE ProLiant DL380 Gen11 2SFF U.3 Side-by-Side Drive Cage Kit	0	530.00		NA		No	01/10/2023	05/31/2028	PRICE_CHANGED	N/A	+$530.00	0.00%	2026-08-27: (no price) → 2026-08-28: (no price) → 2026-09-09: $530.00
PCIe Risers	Secondary PCIe Risers	HPE OCA > DL380 Gen11 > PCIe Risers > Secondary PCIe Risers	PCIe Riser	max 3	0	3	Selection constraint for Secondary PCIe Risers: max 3	P48826-B21	Standard	HPE ProLiant DL380 Gen11 2LFF Tertiary Riser Cage Kit	0	994.00		NA		No	01/10/2023	05/31/2028	PRICE_CHANGED	N/A	+$994.00	0.00%	2026-08-27: (no price) → 2026-08-28: (no price) → 2026-09-09: $994.00
PCIe Risers	Secondary PCIe Risers	HPE OCA > DL380 Gen11 > PCIe Risers > Secondary PCIe Risers	PCIe Riser	max 3	0	3	Selection constraint for Secondary PCIe Risers: max 3	P51095-B21	Standard	HPE ProLiant DL380 Gen11 2LFF LP Secondary Riser Cage Kit	0	350.00		NA		No	01/10/2023	05/31/2028	PRICE_CHANGED	N/A	+$350.00	0.00%	2026-08-27: (no price) → 2026-08-28: (no price) → 2026-09-09: $350.00
Drive Enclosures / Drives	SFF Drive Cages & Enablement	HPE OCA > DL380 Gen11 > Drive Enclosures / Drives > SFF Drive Cages & Enablement	Drive Cage / Drive	max 24	0	24	Mid Tray can be selected with 205W or below Processors only.	P48816-B21	Standard	HPE ProLiant DL380 Gen11 2U 8SFF x4 U.3 Mid Tray Tri-Mode Drive Cage Kit	0	944.00		NA		No	04/03/2023	05/31/2028	PRICE_CHANGED	N/A	+$944.00	0.00%	2026-08-27: (no price) → 2026-08-28: (no price) → 2026-09-09: $944.00
Drive Enclosures / Drives	SFF Drive Cages & Enablement	HPE OCA > DL380 Gen11 > Drive Enclosures / Drives > SFF Drive Cages & Enablement	Drive Cage / Drive	max 24	0	24	Mid Tray can be selected with 205W or below Processors only.	P48809-B21	Standard	HPE ProLiant DL380 Gen11 4LFF SAS/SATA 12G LP Midplane Drive Cage Kit	0	279.00		NA		No	04/03/2023	05/31/2028	PRICE_AND_ATTRIBUTE_CHANGED	N/A	+$279.00	0.00%	2026-08-27: (no price) → 2026-08-28: (no price) → 2026-09-09: $279.00
Drive Enclosures / Drives	SFF Drive Cages & Enablement	HPE OCA > DL380 Gen11 > Drive Enclosures / Drives > SFF Drive Cages & Enablement	Drive Cage / Drive	max 24	0	24	Mid Tray can be selected with 205W or below Processors only.	P48815-B21	Standard	HPE ProLiant DL380 Gen11 8SFF x1 Tri-Mode 24G U.3 BC Midplane Drive Cage Kit	0	601.00		NA		No	04/03/2023	05/31/2028	PRICE_CHANGED	N/A	+$601.00	0.00%	2026-08-27: (no price) → 2026-08-28: (no price) → 2026-09-09: $601.00
Drive Enclosures / Drives	SFF Drive Cages & Enablement	HPE OCA > DL380 Gen11 > Drive Enclosures / Drives > SFF Drive Cages & Enablement	Drive Cage / Drive	max 24	0	24	12EDSFF Drive Cage / Drives can be selected with 12EDSFF CTO Server only.	P48808-B21	Standard	HPE ProLiant DL380 Gen11 12EDSFF Drive Cage Kit	0	470.00		NA		No	04/03/2023	05/31/2028	PRICE_CHANGED	N/A	+$470.00	0.00%	2026-08-27: (no price) → 2026-08-28: (no price) → 2026-09-09: $470.00
PCIe Risers	Secondary PCIe Risers	HPE OCA > DL380 Gen11 > PCIe Risers > Secondary PCIe Risers	PCIe Riser	max 3	0	3	This Drive cage can be selected with 8SFF CTO Server and 24SFF CTO Server Only.	P48810-B21	Standard	HPE ProLiant DL380 Gen11 2SFF U.3 Primary/Secondary Riser Cage Kit	0	485.00		NA		No	01/10/2023	05/31/2028	PRICE_CHANGED	N/A	+$485.00	0.00%	2026-08-27: (no price) → 2026-08-28: (no price) → 2026-09-09: $485.00
Drive Enclosures / Drives	SFF Drive Cages & Enablement	HPE OCA > DL380 Gen11 > Drive Enclosures / Drives > SFF Drive Cages & Enablement	Drive Cage / Drive	max 24	0	24	This Drive cage can be selected with 8SFF CTO Server and 12EDSFF CTO Server	P48813-B21	Standard	HPE ProLiant DL380 Gen11 2U 8SFF x1 Tri-Mode U.3 Drive Cage Kit	0	629.00		NA		No	01/10/2023	05/31/2028	PRICE_CHANGED	N/A	+$629.00	0.00%	2026-08-27: (no price) → 2026-08-28: (no price) → 2026-09-09: $629.00
Drive Enclosures / Drives	SFF Drive Cages & Enablement	HPE OCA > DL380 Gen11 > Drive Enclosures / Drives > SFF Drive Cages & Enablement	Drive Cage / Drive	max 24	0	24	This Drive cage can be selected with 8SFF CTO Server and 12EDSFF CTO Server	P48814-B21	Standard	HPE ProLiant DL380 Gen11 8SFF U.3 Premium Drive Cage Kit	0	416.00		NA		No	01/10/2023	05/31/2028	UNCHANGED	416.00	$0.00	0.00%	2026-08-27: $416.00 → 2026-08-28: (no price)
PCIe Risers	Primary PCIe Risers	HPE OCA > DL380 Gen11 > PCIe Risers > Primary PCIe Risers	PCIe Riser	max 3	0	3	If this Primary Riser is selected then default Primary riser is replaced with this Riser. The “PCIe Card Capacity Limits” must account for this limitation...	P48823-B21	Standard	HPE ProLiant DL380 Gen11 2LFF Primary Riser Cage Kit	0	417.00		NA		No	01/10/2023	05/31/2028	PRICE_CHANGED	N/A	+$417.00	0.00%	2026-08-27: (no price) → 2026-08-28: (no price) → 2026-09-09: $417.00
Drive Enclosures / Drives	SFF Drive Cages & Enablement	HPE OCA > DL380 Gen11 > Drive Enclosures / Drives > SFF Drive Cages & Enablement	Drive Cage / Drive	max 24	0	24	This Drive cage can be selected with 8SFF CTO Server Only.	P50728-B21	Standard	HPE ProLiant DL380 Gen11 SFF Universal Media Bay Kit	0	122.00		NA		No	01/10/2023	05/31/2028	PRICE_CHANGED	N/A	+$122.00	0.00%	2026-08-27: (no price) → 2026-08-28: (no price) → 2026-09-09: $122.00
Drive Enclosures / Drives	Solid State Drives (NVMe/SAS/SATA)	HPE OCA > DL380 Gen11 > Drive Enclosures / Drives > Solid State Drives (NVMe/SAS/SATA)	Drive Cage / Drive	max 24	0	24	Selection constraint for Solid State Drives (NVMe/SAS/SATA): max 24	P47808-B21	Standard	HPE 960GB SATA 6G Read Intensive LFF LPC Multi Vendor SSD	0	13668.00		NA	14.24	No	11/01/2021	12/31/2026	ADDED	N/A	+$13668.00	+100.00%	2026-09-09: $13668.00
Drive Enclosures / Drives	Solid State Drives (NVMe/SAS/SATA)	HPE OCA > DL380 Gen11 > Drive Enclosures / Drives > Solid State Drives (NVMe/SAS/SATA)	Drive Cage / Drive	max 24	0	24	Selection constraint for Solid State Drives (NVMe/SAS/SATA): max 24	P49040-B21	Standard	HPE 7.68TB SAS 24G Read Intensive LFF LPC Multi Vendor SSD	0	11831.00		NA	1.54	No	12/06/2021	09/15/2023	ADDED	N/A	+$11831.00	+100.00%	2026-09-09: $11831.00
Drive Enclosures / Drives	Solid State Drives (NVMe/SAS/SATA)	HPE OCA > DL380 Gen11 > Drive Enclosures / Drives > Solid State Drives (NVMe/SAS/SATA)	Drive Cage / Drive	max 24	0	24	Selection constraint for Solid State Drives (NVMe/SAS/SATA): max 24	P58232-B21	Standard	HPE 7.68TB SATA 6G Very Read Optimized LFF LPC 5400 SSD	0	6532.00		NA	0.85	No	11/01/2022	02/29/2024	ADDED	N/A	+$6532.00	+100.00%	2026-09-09: $6532.00
Drive Enclosures / Drives	Solid State Drives (NVMe/SAS/SATA)	HPE OCA > DL380 Gen11 > Drive Enclosures / Drives > Solid State Drives (NVMe/SAS/SATA)	Drive Cage / Drive	max 24	0	24	Private Product is not valid for current customer account	P69779-B21	Standard	HPE 7.68TB SAS RI LFF LPC Spl SSD	0	70465.00		NA	9.18	No	01/09/2024	06/30/2027	ADDED	N/A	+$70465.00	+100.00%	2026-09-09: $70465.00
Drive Enclosures / Drives	Solid State Drives (NVMe/SAS/SATA)	HPE OCA > DL380 Gen11 > Drive Enclosures / Drives > Solid State Drives (NVMe/SAS/SATA)	Drive Cage / Drive	max 24	0	24	Selection constraint for Solid State Drives (NVMe/SAS/SATA): max 24	P37009-B21	Standard	HPE 960GB SAS 12G Mixed Use LFF LPC Value SAS Multi Vendor SSD	0	12745.00		NA	13.28	No	12/07/2020	03/31/2027	ADDED	N/A	+$12745.00	+100.00%	2026-09-09: $12745.00
Drive Enclosures / Drives	Hard Disk Drives (SAS/SATA)	HPE OCA > DL380 Gen11 > Drive Enclosures / Drives > Hard Disk Drives (SAS/SATA)	Drive Cage / Drive	max 24	0	24	Selection constraint for Hard Disk Drives (SAS/SATA): max 24	834028-B21	Standard	HPE 8TB SATA 6G Business Critical 7.2K LFF LP 1-year Warranty 512e Multi Vendor HDD	0	1897.00		NA	0.24	No	06/06/2016	06/30/2028	ADDED	N/A	+$1897.00	+100.00%	2026-09-09: $1897.00
Drive Enclosures / Drives	Hard Disk Drives (SAS/SATA)	HPE OCA > DL380 Gen11 > Drive Enclosures / Drives > Hard Disk Drives (SAS/SATA)	Drive Cage / Drive	max 24	0	24	Selection constraint for Hard Disk Drives (SAS/SATA): max 24	834031-B21	Standard	HPE 8TB SAS 12G Business Critical 7.2K LFF LP 1-year Warranty 512e Multi Vendor HDD	0	2698.00		NA	0.34	No	06/06/2016	06/30/2028	ADDED	N/A	+$2698.00	+100.00%	2026-09-09: $2698.00
Drive Enclosures / Drives	Hard Disk Drives (SAS/SATA)	HPE OCA > DL380 Gen11 > Drive Enclosures / Drives > Hard Disk Drives (SAS/SATA)	Drive Cage / Drive	max 24	0	24	Selection constraint for Hard Disk Drives (SAS/SATA): max 24	861683-B21	Standard	HPE 4TB SATA 6G Business Critical 7.2K LFF LP 1-year Warranty Multi Vendor HDD	0	1189.00		NA	0.30	No	09/26/2016	06/30/2028	ADDED	N/A	+$1189.00	+100.00%	2026-09-09: $1189.00
Drive Enclosures / Drives	Hard Disk Drives (SAS/SATA)	HPE OCA > DL380 Gen11 > Drive Enclosures / Drives > Hard Disk Drives (SAS/SATA)	Drive Cage / Drive	max 24	0	24	Selection constraint for Hard Disk Drives (SAS/SATA): max 24	881781-B21	Standard	HPE 12TB SAS 12G Business Critical 7.2K LFF LP 1-year Warranty Helium 512e Multi Vendor HDD	0	2698.00		NA	0.22	No	02/05/2018	06/30/2028	ADDED	N/A	+$2698.00	+100.00%	2026-09-09: $2698.00
Drive Enclosures / Drives	Hard Disk Drives (SAS/SATA)	HPE OCA > DL380 Gen11 > Drive Enclosures / Drives > Hard Disk Drives (SAS/SATA)	Drive Cage / Drive	max 24	0	24	Selection constraint for Hard Disk Drives (SAS/SATA): max 24	P53553-B21	Standard	HPE 20TB SAS 12G Business Critical 7.2K LFF LP 1-year Warranty Helium 512e ISE Multi Vendor HDD	0	4257.00		NA	0.21	No	06/06/2022	06/30/2028	ADDED	N/A	+$4257.00	+100.00%	2026-09-09: $4257.00
Drive Enclosures / Drives	Hard Disk Drives (SAS/SATA)	HPE OCA > DL380 Gen11 > Drive Enclosures / Drives > Hard Disk Drives (SAS/SATA)	Drive Cage / Drive	max 24	0	24	Selection constraint for Hard Disk Drives (SAS/SATA): max 24	P53554-B21	Standard	HPE 20TB SATA 6G Business Critical 7.2K LFF LP 1-year Warranty Helium 512e ISE Multi Vendor HDD	0	4257.00		NA	0.21	No	06/06/2022	06/30/2028	ADDED	N/A	+$4257.00	+100.00%	2026-09-09: $4257.00
Drive Enclosures / Drives	Hard Disk Drives (SAS/SATA)	HPE OCA > DL380 Gen11 > Drive Enclosures / Drives > Hard Disk Drives (SAS/SATA)	Drive Cage / Drive	max 24	0	24	Selection constraint for Hard Disk Drives (SAS/SATA): max 24	833926-B21	Standard	HPE 2TB SAS 12G Business Critical 7.2K LFF LP 1-year Warranty Multi Vendor HDD	0	655.00		NA	0.33	No	02/16/2016	12/31/2025	ADDED	N/A	+$655.00	+100.00%	2026-09-09: $655.00
Drive Enclosures / Drives	Hard Disk Drives (SAS/SATA)	HPE OCA > DL380 Gen11 > Drive Enclosures / Drives > Hard Disk Drives (SAS/SATA)	Drive Cage / Drive	max 24	0	24	Selection constraint for Hard Disk Drives (SAS/SATA): max 24	833928-B21	Standard	HPE 4TB SAS 12G Business Critical 7.2K LFF LP 1-year Warranty Multi Vendor HDD	0	1368.00		NA	0.34	No	02/16/2016	06/30/2028	ADDED	N/A	+$1368.00	+100.00%	2026-09-09: $1368.00
Drive Enclosures / Drives	Hard Disk Drives (SAS/SATA)	HPE OCA > DL380 Gen11 > Drive Enclosures / Drives > Hard Disk Drives (SAS/SATA)	Drive Cage / Drive	max 24	0	24	Selection constraint for Hard Disk Drives (SAS/SATA): max 24	861681-B21	Standard	HPE 2TB SATA 6G Business Critical 7.2K LFF LP 1-year Warranty Multi Vendor HDD	0	1273.00		NA	0.64	No	09/26/2016	12/31/2026	ADDED	N/A	+$1273.00	+100.00%	2026-09-09: $1273.00
Drive Enclosures / Drives	Hard Disk Drives (SAS/SATA)	HPE OCA > DL380 Gen11 > Drive Enclosures / Drives > Hard Disk Drives (SAS/SATA)	Drive Cage / Drive	max 24	0	24	Selection constraint for Hard Disk Drives (SAS/SATA): max 24	861686-B21	Standard	HPE 1TB SATA 6G Business Critical 7.2K LFF LP 1-year Warranty Multi Vendor HDD	0	991.00		NA	0.99	No	09/26/2016	06/30/2028	ADDED	N/A	+$991.00	+100.00%	2026-09-09: $991.00
Drive Enclosures / Drives	Hard Disk Drives (SAS/SATA)	HPE OCA > DL380 Gen11 > Drive Enclosures / Drives > Hard Disk Drives (SAS/SATA)	Drive Cage / Drive	max 24	0	24	Selection constraint for Hard Disk Drives (SAS/SATA): max 24	861746-B21	Standard	HPE 6TB SAS 12G Business Critical 7.2K LFF LP 1-year Warranty 512e Multi Vendor HDD	0	1005.00		NA	0.17	No	02/13/2017	12/31/2025	ADDED	N/A	+$1005.00	+100.00%	2026-09-09: $1005.00
Drive Enclosures / Drives	Hard Disk Drives (SAS/SATA)	HPE OCA > DL380 Gen11 > Drive Enclosures / Drives > Hard Disk Drives (SAS/SATA)	Drive Cage / Drive	max 24	0	24	Selection constraint for Hard Disk Drives (SAS/SATA): max 24	881787-B21	Standard	HPE 12TB SATA 6G Business Critical 7.2K LFF LP 1-year Warranty Helium 512e Multi Vendor HDD	0	2622.00		NA	0.22	No	12/04/2017	06/30/2028	ADDED	N/A	+$2622.00	+100.00%	2026-09-09: $2622.00
Drive Enclosures / Drives	Hard Disk Drives (SAS/SATA)	HPE OCA > DL380 Gen11 > Drive Enclosures / Drives > Hard Disk Drives (SAS/SATA)	Drive Cage / Drive	max 24	0	24	Selection constraint for Hard Disk Drives (SAS/SATA): max 24	P09155-B21	Standard	HPE 14TB SAS 12G Business Critical 7.2K LFF LP 1-year Warranty Helium 512e Multi Vendor HDD	0	2405.00		NA	0.17	No	02/04/2019	12/31/2024	ADDED	N/A	+$2405.00	+100.00%	2026-09-09: $2405.00
Drive Enclosures / Drives	Hard Disk Drives (SAS/SATA)	HPE OCA > DL380 Gen11 > Drive Enclosures / Drives > Hard Disk Drives (SAS/SATA)	Drive Cage / Drive	max 24	0	24	Selection constraint for Hard Disk Drives (SAS/SATA): max 24	P09165-B21	Standard	HPE 14TB SATA 6G Business Critical 7.2K LFF LP 1-year Warranty Helium 512e Multi Vendor HDD	0	2223.00		NA	0.16	No	02/04/2019	12/31/2024	ADDED	N/A	+$2223.00	+100.00%	2026-09-09: $2223.00
Drive Enclosures / Drives	Hard Disk Drives (SAS/SATA)	HPE OCA > DL380 Gen11 > Drive Enclosures / Drives > Hard Disk Drives (SAS/SATA)	Drive Cage / Drive	max 24	0	24	Selection constraint for Hard Disk Drives (SAS/SATA): max 24	P23449-B21	Standard	HPE 16TB SATA 6G Business Critical 7.2K LFF LP 1-year Warranty Helium 512e ISE Multi Vendor HDD	0	3709.00		NA	0.23	No	02/03/2020	06/30/2028	ADDED	N/A	+$3709.00	+100.00%	2026-09-09: $3709.00
Drive Enclosures / Drives	Hard Disk Drives (SAS/SATA)	HPE OCA > DL380 Gen11 > Drive Enclosures / Drives > Hard Disk Drives (SAS/SATA)	Drive Cage / Drive	max 24	0	24	Selection constraint for Hard Disk Drives (SAS/SATA): max 24	P23608-B21	Standard	HPE 16TB SAS 12G Business Critical 7.2K LFF LP 1-year Warranty Helium 512e ISE Multi Vendor HDD	0	3709.00		NA	0.23	No	02/03/2020	06/30/2028	ADDED	N/A	+$3709.00	+100.00%	2026-09-09: $3709.00
Drive Enclosures / Drives	Hard Disk Drives (SAS/SATA)	HPE OCA > DL380 Gen11 > Drive Enclosures / Drives > Hard Disk Drives (SAS/SATA)	Drive Cage / Drive	max 24	0	24	Selection constraint for Hard Disk Drives (SAS/SATA): max 24	P37669-B21	Standard	HPE 18TB SAS 12G Business Critical 7.2K LFF LP 1-year Warranty Helium 512e ISE Multi Vendor HDD	0	3235.00		NA	0.18	No	02/01/2021	08/14/2024	ADDED	N/A	+$3235.00	+100.00%	2026-09-09: $3235.00
Drive Enclosures / Drives	Hard Disk Drives (SAS/SATA)	HPE OCA > DL380 Gen11 > Drive Enclosures / Drives > Hard Disk Drives (SAS/SATA)	Drive Cage / Drive	max 24	0	24	Selection constraint for Hard Disk Drives (SAS/SATA): max 24	P53556-B21	Standard	HPE 10TB SAS 12G Business Critical 7.2K LFF LP 1-year Warranty 512e ISE Multi Vendor HDD	0	1711.00		NA	0.17	No	06/06/2022	12/31/2023	ADDED	N/A	+$1711.00	+100.00%	2026-09-09: $1711.00
Drive Enclosures / Drives	Hard Disk Drives (SAS/SATA)	HPE OCA > DL380 Gen11 > Drive Enclosures / Drives > Hard Disk Drives (SAS/SATA)	Drive Cage / Drive	max 24	0	24	Selection constraint for Hard Disk Drives (SAS/SATA): max 24	P53557-B21	Standard	HPE 10TB SATA 6G Business Critical 7.2K LFF LP 1-year Warranty 512e ISE Multi Vendor HDD	0	1602.00		NA	0.16	No	06/06/2022	12/31/2023	ADDED	N/A	+$1602.00	+100.00%	2026-09-09: $1602.00
Drive Enclosures / Drives	Hard Disk Drives (SAS/SATA)	HPE OCA > DL380 Gen11 > Drive Enclosures / Drives > Hard Disk Drives (SAS/SATA)	Drive Cage / Drive	max 24	0	24	Selection constraint for Hard Disk Drives (SAS/SATA): max 24	P68583-B21	Standard	HPE 24TB SAS 12G Business Critical 7.2K LFF LP 1-year Warranty Helium 512e ISE Multi Vendor HDD	0	5160.00		NA	0.22	No	09/03/2024	06/30/2028	ADDED	N/A	+$5160.00	+100.00%	2026-09-09: $5160.00
Drive Enclosures / Drives	Hard Disk Drives (SAS/SATA)	HPE OCA > DL380 Gen11 > Drive Enclosures / Drives > Hard Disk Drives (SAS/SATA)	Drive Cage / Drive	max 24	0	24	Selection constraint for Hard Disk Drives (SAS/SATA): max 24	P68585-B21	Standard	HPE 24TB SATA 6G Business Critical 7.2K LFF LP 1-year Warranty Helium 512e ISE Multi Vendor HDD	0	5090.00		NA	0.21	No	09/03/2024	06/30/2028	ADDED	N/A	+$5090.00	+100.00%	2026-09-09: $5090.00
Drive Enclosures / Drives	Hard Disk Drives (SAS/SATA)	HPE OCA > DL380 Gen11 > Drive Enclosures / Drives > Hard Disk Drives (SAS/SATA)	Drive Cage / Drive	max 24	0	24	Selection constraint for Hard Disk Drives (SAS/SATA): max 24	P80577-B21	Standard	HPE 26TB SAS 12G Business Critical 7.2K LFF LP 1-year Warranty Helium 512e ISE Multi Vendor HDD	0	5985.00		NA	0.23	No	01/05/2026	06/30/2028	ADDED	N/A	+$5985.00	+100.00%	2026-09-09: $5985.00
Drive Enclosures / Drives	Hard Disk Drives (SAS/SATA)	HPE OCA > DL380 Gen11 > Drive Enclosures / Drives > Hard Disk Drives (SAS/SATA)	Drive Cage / Drive	max 24	0	24	Selection constraint for Hard Disk Drives (SAS/SATA): max 24	P80578-B21	Standard	HPE 26TB SATA 6G Business Critical 7.2K LFF LP 1-year Warranty Helium 512e ISE Multi Vendor HDD	0	5817.00		NA	0.22	No	01/05/2026	06/30/2028	ADDED	N/A	+$5817.00	+100.00%	2026-09-09: $5817.00
Drive Enclosures / Drives	Solid State Drives (NVMe/SAS/SATA)	HPE OCA > DL380 Gen11 > Drive Enclosures / Drives > Solid State Drives (NVMe/SAS/SATA)	Drive Cage / Drive	max 24	0	24	Private Product is not valid for current customer account	861742-B21	Standard	HPE 6TB SATA 6G Business Critical 7.2K LFF LP 1-year Warranty 512e Multi Vendor HDD	0	896.00		NA	0.15	No	02/13/2017	12/31/2026	ADDED	N/A	+$896.00	+100.00%	2026-09-09: $896.00
Drive Enclosures / Drives	Solid State Drives (NVMe/SAS/SATA)	HPE OCA > DL380 Gen11 > Drive Enclosures / Drives > Solid State Drives (NVMe/SAS/SATA)	Drive Cage / Drive	max 24	0	24	Private Product is not valid for current customer account	P18882-B21	Standard	HPE 1.92TB SATA MU LFF LPC DS SPL SSD	0	21304.00		NA	11.10	No	05/10/2019	10/31/2026	ADDED	N/A	+$21304.00	+100.00%	2026-09-09: $21304.00
Drive Enclosures / Drives	Solid State Drives (NVMe/SAS/SATA)	HPE OCA > DL380 Gen11 > Drive Enclosures / Drives > Solid State Drives (NVMe/SAS/SATA)	Drive Cage / Drive	max 24	0	24	Private Product is not valid for current customer account	P70069-B21	Standard	HPE 16TB SAS 7.2K LFF LP SV Spl HDD                       is obsolete: P70069-B21	0	3410.00		NA	NA	No	01/13/2024	12/31/2025	ADDED	N/A	+$3410.00	+100.00%	2026-09-09: $3410.00
Drive Enclosures / Drives	Solid State Drives (NVMe/SAS/SATA)	HPE OCA > DL380 Gen11 > Drive Enclosures / Drives > Solid State Drives (NVMe/SAS/SATA)	Drive Cage / Drive	max 24	0	24	Private Product is not valid for current customer account	P70072-B21	Standard	HPE 20TB SAS 7.2K LFF LP SV Spl HDD                       is obsolete: P70072-B21	0	4220.00		NA	NA	No	01/13/2024	12/31/2025	ADDED	N/A	+$4220.00	+100.00%	2026-09-09: $4220.00
Drive Enclosures / Drives	Solid State Drives (NVMe/SAS/SATA)	HPE OCA > DL380 Gen11 > Drive Enclosures / Drives > Solid State Drives (NVMe/SAS/SATA)	Drive Cage / Drive	max 24	0	24	Private Product is not valid for current customer account	P70587-B21	Standard	HPE 2TB SAS 12G 7.2K LFF LP Spl HDD                       is obsolete: P70587-B21	0	1379.00		NA	0.07	No	02/07/2024	06/30/2026	ADDED	N/A	+$1379.00	+100.00%	2026-09-09: $1379.00
Drive Enclosures / Drives	Solid State Drives (NVMe/SAS/SATA)	HPE OCA > DL380 Gen11 > Drive Enclosures / Drives > Solid State Drives (NVMe/SAS/SATA)	Drive Cage / Drive	max 24	0	24	Private Product is not valid for current customer account	P70591-B21	Standard	HPE 4TB SAS 12G 7.2K LFF LP Spl HDD	0	1623.00		NA	0.41	No	02/10/2024	11/30/2027	ADDED	N/A	+$1623.00	+100.00%	2026-09-09: $1623.00
Drive Enclosures / Drives	Solid State Drives (NVMe/SAS/SATA)	HPE OCA > DL380 Gen11 > Drive Enclosures / Drives > Solid State Drives (NVMe/SAS/SATA)	Drive Cage / Drive	max 24	0	24	Private Product is not valid for current customer account	P70593-B21	Standard	HPE 8TB 12G SAS 7.2K LFF LP Spl HDD	0	2558.00		NA	0.32	No	02/10/2024	11/30/2027	ADDED	N/A	+$2558.00	+100.00%	2026-09-09: $2558.00
Drive Enclosures / Drives	Solid State Drives (NVMe/SAS/SATA)	HPE OCA > DL380 Gen11 > Drive Enclosures / Drives > Solid State Drives (NVMe/SAS/SATA)	Drive Cage / Drive	max 24	0	24	Private Product is not valid for current customer account	P73631-B21	Standard	HPE 8TB SAS 12G 7.2K LFF LPC SPL HDD                       is obsolete: P73631-B21	0	1601.00		NA	NA	No	05/10/2024	12/13/2025	ADDED	N/A	+$1601.00	+100.00%	2026-09-09: $1601.00
Drive Enclosures / Drives	Solid State Drives (NVMe/SAS/SATA)	HPE OCA > DL380 Gen11 > Drive Enclosures / Drives > Solid State Drives (NVMe/SAS/SATA)	Drive Cage / Drive	max 24	0	24	Private Product is not valid for current customer account	P75863-B21	Standard	HPE 16TB SAS 7.2K LFF ISE He LP Spl HDD                       is obsolete: P75863-B21	0	0		NA	NA	No	08/07/2024	01/31/2026	ADDED	N/A	$0.00	0.00%	2026-09-09: (no price)
Accessories & Infrastructure	System Options	HPE OCA > DL380 Gen11 > Accessories & Infrastructure > System Options	Drive Cage / Drive	Optional	0	Optional	Selection constraint for System Options: optional	726536-B21	Standard	HPE 9.5mm SATA DVD-ROM Optical Drive	0	124.00		NA		No	09/09/2014	12/31/2027	PRICE_CHANGED	N/A	+$124.00	0.00%	2026-08-27: (no price) → 2026-08-28: (no price) → 2026-09-09: $124.00
Accessories & Infrastructure	System Options	HPE OCA > DL380 Gen11 > Accessories & Infrastructure > System Options	Drive Cage / Drive	Optional	0	Optional	Selection constraint for System Options: optional	726537-B21	Standard	HPE 9.5mm SATA DVD-RW Optical Drive	0	161.00		NA		No	09/09/2014	12/31/2027	PRICE_CHANGED	N/A	+$161.00	0.00%	2026-08-27: (no price) → 2026-08-28: (no price) → 2026-09-09: $161.00
Accessories & Infrastructure	System Options	HPE OCA > DL380 Gen11 > Accessories & Infrastructure > System Options	Drive Cage / Drive	Optional	0	Optional	BTO products are not allowed in CTO Base Model.	701498-B21	Standard	HPE Mobile USB DVD-RW Optical Drive	0	203.00		NA		No	08/13/2012	12/31/2027	PRICE_CHANGED	N/A	+$203.00	0.00%	2026-08-27: (no price) → 2026-08-28: (no price) → 2026-09-09: $203.00
Accessories & Infrastructure	System Options	HPE OCA > DL380 Gen11 > Accessories & Infrastructure > System Options	Cable Kit	Optional	0	Optional	Selection constraint for System Options: optional	P52150-B21	Standard	HPE ProLiant DL3XX Gen11 LFF ODD/Display Port Enablement Kit	0	179.00		NA		No	11/10/2022	05/31/2028	PRICE_CHANGED	N/A	+$179.00	0.00%	2026-08-27: (no price) → 2026-08-28: (no price) → 2026-09-09: $179.00
PCIe Risers	Secondary PCIe Risers	HPE OCA > DL380 Gen11 > PCIe Risers > Secondary PCIe Risers	PCIe Riser	max 3	0	3	Selection constraint for Secondary PCIe Risers: max 3	P48802-B21	Standard	HPE ProLiant DL380 Gen11 2U x8/x16/x8 Secondary Riser Kit	0	265.00		NA		No	01/10/2023	06/30/2029	PRICE_CHANGED	N/A	+$265.00	0.00%	2026-08-27: (no price) → 2026-08-28: (no price) → 2026-09-09: $265.00
PCIe Risers	Secondary PCIe Risers	HPE OCA > DL380 Gen11 > PCIe Risers > Secondary PCIe Risers	PCIe Riser	max 3	0	3	Selection constraint for Secondary PCIe Risers: max 3	P48804-B21	Standard	HPE ProLiant DL380 Gen11 2U x16/x16 Tertiary Riser Kit	0	718.00		NA		No	01/10/2023	05/31/2028	PRICE_CHANGED	N/A	+$718.00	0.00%	2026-08-27: (no price) → 2026-08-28: (no price) → 2026-09-09: $718.00
PCIe Risers	Secondary PCIe Risers	HPE OCA > DL380 Gen11 > PCIe Risers > Secondary PCIe Risers	PCIe Riser	max 3	0	3	Selection constraint for Secondary PCIe Risers: max 3	P48806-B21	Standard	HPE ProLiant DL380 Gen11 2U Secondary/Tertiary NEBS-compliant Riser Kit	0	974.00		NA		No	05/01/2023	05/31/2028	PRICE_CHANGED	N/A	+$974.00	0.00%	2026-08-27: (no price) → 2026-08-28: (no price) → 2026-09-09: $974.00
PCIe Risers	Secondary PCIe Risers	HPE OCA > DL380 Gen11 > PCIe Risers > Secondary PCIe Risers	PCIe Riser	max 3	0	3	Selection constraint for Secondary PCIe Risers: max 3	P51083-B21	Standard	HPE ProLiant DL380 2U x16/x16/x16 Secondary Riser Kit	0	343.00		NA		No	01/10/2023	06/30/2029	UNCHANGED	343.00	$0.00	0.00%	2026-08-27: $343.00 → 2026-08-28: (no price)
PCIe Risers	Primary PCIe Risers	HPE OCA > DL380 Gen11 > PCIe Risers > Primary PCIe Risers	PCIe Riser	max 3	0	3	If this Primary Riser is selected then default Primary riser is replaced with this Riser. The “PCIe Card Capacity Limits” must account for this limitation...	P48803-B21	Standard	HPE ProLiant DL380 2U x16/x16/x16 Primary Riser Kit	0	262.00		NA		No	01/10/2023	06/30/2029	UNCHANGED	262.00	$0.00	0.00%	2026-08-27: $262.00 → 2026-08-28: (no price)
PCIe Risers	Primary PCIe Risers	HPE OCA > DL380 Gen11 > PCIe Risers > Primary PCIe Risers	PCIe Riser	max 3	0	3	If this Primary Riser is selected then default Primary riser is replaced with this Riser. The “PCIe Card Capacity Limits” must account for this limitation...	P48805-B21	Standard	HPE ProLiant DL380 Gen11 2U Primary/Secondary NEBS-compliant Riser Kit	0	301.00		NA		No	05/01/2023	05/31/2028	PRICE_CHANGED	N/A	+$301.00	0.00%	2026-08-27: (no price) → 2026-08-28: (no price) → 2026-09-09: $301.00
PCIe Risers	Secondary PCIe Risers	HPE OCA > DL380 Gen11 > PCIe Risers > Secondary PCIe Risers	PCIe Riser	max 3	0	3	Private Product is not valid for current customer account	P69134-B21	Standard	HPE DL380G11 2U 3x16 R13 Spl Sec Riser	0	459.00		NA		No	06/25/2024	05/31/2028	PRICE_CHANGED	N/A	+$459.00	0.00%	2026-08-28: (no price) → 2026-09-09: $459.00
PCIe Risers	Secondary PCIe Risers	HPE OCA > DL380 Gen11 > PCIe Risers > Secondary PCIe Risers	PCIe Riser	max 3	0	3	Private Product is not valid for current customer account	P71078-B21	Standard	DL380 Gen11 KLA Sec Riser FIO SPL	0	0		NA		No	02/07/2024	05/31/2028	UNCHANGED	N/A	$0.00	0.00%	2026-08-28: (no price)
PCIe Risers	Tertiary PCIe Risers	HPE OCA > DL380 Gen11 > PCIe Risers > Tertiary PCIe Risers	PCIe Riser	max 3	0	3	Selection constraint for Tertiary PCIe Risers: max 3	P53632-B21	Standard	HPE ProLiant DL380 Gen11 2x16 Tertiary Riser x8 Enablement FIO Bundle Kit	0	1.00		NA		No	01/10/2023	05/31/2028	PRICE_CHANGED	N/A	+$1.00	0.00%	2026-08-27: (no price) → 2026-08-28: (no price) → 2026-09-09: $1.00
PCIe Risers	Tertiary PCIe Risers	HPE OCA > DL380 Gen11 > PCIe Risers > Tertiary PCIe Risers	Cable Kit	max 3	0	3	Selection constraint for Tertiary PCIe Risers: max 3	P56073-B21	Standard	HPE ProLiant DL380 Gen11 x16/x16/x16 Primary Cable Kit	0	409.00		NA		No	01/10/2023	05/31/2028	UNCHANGED	409.00	$0.00	0.00%	2026-08-27: $409.00 → 2026-08-28: (no price)
PCIe Risers	Tertiary PCIe Risers	HPE OCA > DL380 Gen11 > PCIe Risers > Tertiary PCIe Risers	Cable Kit	max 3	0	3	Selection constraint for Tertiary PCIe Risers: max 3	P56074-B21	Standard	HPE ProLiant DL380 Gen11 x16/x16/x16 Secondary Cable Kit	0	651.00		NA		No	01/10/2023	05/31/2028	PRICE_CHANGED	N/A	+$651.00	0.00%	2026-08-27: (no price) → 2026-08-28: (no price) → 2026-09-09: $651.00
Accessories & Infrastructure	System Options	HPE OCA > DL380 Gen11 > Accessories & Infrastructure > System Options	Cable Kit	Optional	0	Optional	Private Product is not valid for current customer account	P69136-B21	Standard	HPE DL380 Gen11 Spl Sec/Tert Cable Kit	0	475.00		NA		No	06/25/2024	05/31/2028	PRICE_CHANGED	N/A	+$475.00	0.00%	2026-08-28: (no price) → 2026-09-09: $475.00
Networking	PCIe Networking Adapters	HPE OCA > DL380 Gen11 > Networking > PCIe Networking Adapters	Network Adapter	max 8	0	8	Selection constraint for PCIe Networking Adapters: max 8	P45641-H23	Standard	HPE InfiniBand NDR/Ethernet 400Gb 1-port OSFP PCIe5 x16 MCX75310AAS-NEAT Adapter	0	6377.00		NA		No	06/03/2024	12/31/2026	PRICE_CHANGED	N/A	+$6377.00	0.00%	2026-08-27: (no price) → 2026-08-28: (no price) → 2026-09-09: $6377.00
Networking	PCIe Networking Adapters	HPE OCA > DL380 Gen11 > Networking > PCIe Networking Adapters	Network Adapter	max 8	0	8	Selection constraint for PCIe Networking Adapters: max 8	P45642-H23	Standard	HPE InfiniBand NDR200/Ethernet 200Gb 1-port OSFP PCIe5 x16 MCX75310AAS-HEAT Generic Adapter	0	4904.00		NA		No	02/02/2026	12/31/2027	PRICE_CHANGED	N/A	+$4904.00	0.00%	2026-08-27: (no price) → 2026-08-28: (no price) → 2026-09-09: $4904.00
Networking	PCIe Networking Adapters	HPE OCA > DL380 Gen11 > Networking > PCIe Networking Adapters	Transceiver	max 8	0	8	Selection constraint for PCIe Networking Adapters: max 8	829335-B21	Standard	HPE 100Gb 1-port OP101 QSFP28 x16 PCIe Gen3 with Intel Omni-Path Architecture Adapter	0	1197.00		NA		No	06/06/2016	06/30/2026	PRICE_CHANGED	N/A	+$1197.00	0.00%	2026-08-27: (no price) → 2026-08-28: (no price) → 2026-09-09: $1197.00
Networking	PCIe Networking Adapters	HPE OCA > DL380 Gen11 > Networking > PCIe Networking Adapters	Transceiver	max 8	0	8	Selection constraint for PCIe Networking Adapters: max 8	P23664-B21	Standard	HPE InfiniBand HDR/Ethernet 200Gb 1-port QSFP56 PCIe4 x16 MCX653105A-HDAT Adapter	0	2407.00		NA		No	12/02/2019	09/11/2025	PRICE_CHANGED	N/A	+$2407.00	0.00%	2026-08-27: (no price) → 2026-08-28: (no price) → 2026-09-09: $2407.00
Networking	PCIe Networking Adapters	HPE OCA > DL380 Gen11 > Networking > PCIe Networking Adapters	Transceiver	max 8	0	8	Selection constraint for PCIe Networking Adapters: max 8	P23665-B21	Standard	HPE InfiniBand HDR100/Ethernet 100Gb 1-port QSFP56 PCIe4 x16 MCX653105A-ECAT Adapter	0	1068.00		NA		No	12/02/2019	09/30/2025	PRICE_CHANGED	N/A	+$1068.00	0.00%	2026-08-27: (no price) → 2026-08-28: (no price) → 2026-09-09: $1068.00
Networking	PCIe Networking Adapters	HPE OCA > DL380 Gen11 > Networking > PCIe Networking Adapters	Transceiver	max 8	0	8	Selection constraint for PCIe Networking Adapters: max 8	P23666-B21	Standard	HPE InfiniBand HDR100/Ethernet 100Gb 2-port QSFP56 PCIe4 x16 MCX653106A-ECAT Adapter	0	1274.00		NA		No	12/02/2019	11/30/2025	PRICE_CHANGED	N/A	+$1274.00	0.00%	2026-08-27: (no price) → 2026-08-28: (no price) → 2026-09-09: $1274.00
Networking	PCIe Networking Adapters	HPE OCA > DL380 Gen11 > Networking > PCIe Networking Adapters	Transceiver	max 8	0	8	Selection constraint for PCIe Networking Adapters: max 8	P31324-B21	Standard	HPE InfiniBand HDR/Ethernet 200Gb 2-port QSFP56 PCIe4 x16 MCX653106A-HDAT Adapter	0	3439.00		NA		No	12/07/2020	09/14/2025	PRICE_CHANGED	N/A	+$3439.00	0.00%	2026-08-27: (no price) → 2026-08-28: (no price) → 2026-09-09: $3439.00
Networking	PCIe Networking Adapters	HPE OCA > DL380 Gen11 > Networking > PCIe Networking Adapters	Network Adapter	max 8	0	8	Selection constraint for PCIe Networking Adapters: max 8	P45641-B21	Standard	HPE InfiniBand NDR 1-port OSFP PCIe5 x16 MCX75310AAS-NEAT Adapter	0	2205.00		NA		No	12/19/2022	10/31/2025	PRICE_CHANGED	N/A	+$2205.00	0.00%	2026-08-27: (no price) → 2026-08-28: (no price) → 2026-09-09: $2205.00
Networking	PCIe Networking Adapters	HPE OCA > DL380 Gen11 > Networking > PCIe Networking Adapters	Network Adapter	max 8	0	8	Selection constraint for PCIe Networking Adapters: max 8	P45641-B23	Standard	HPE InfiniBand NDR/Ethernet 400Gb 1-port OSFP PCIe5 x16 MCX75310AAS-NEAT Adapter	0	6377.00		NA		No	06/03/2024	01/31/2026	PRICE_CHANGED	N/A	+$6377.00	0.00%	2026-08-27: (no price) → 2026-08-28: (no price) → 2026-09-09: $6377.00
Networking	PCIe Networking Adapters	HPE OCA > DL380 Gen11 > Networking > PCIe Networking Adapters	Network Adapter	max 8	0	8	Selection constraint for PCIe Networking Adapters: max 8	P45641-H24	Standard	HPE InfiniBand NDR/Ethernet 400Gb 1-port OSFP PCIe5 x16 MCX75310AAS-NEAT Generic Adapter	0	6517.00		NA		No	05/04/2026	06/30/2029	PRICE_CHANGED	N/A	+$6517.00	0.00%	2026-08-27: (no price) → 2026-08-28: (no price) → 2026-09-09: $6517.00
Networking	PCIe Networking Adapters	HPE OCA > DL380 Gen11 > Networking > PCIe Networking Adapters	Network Adapter	max 8	0	8	Selection constraint for PCIe Networking Adapters: max 8	P45642-B21	Standard	HPE InfiniBand NDR200 1-port OSFP PCIe5 x16 MCX75310AAS-HEAT Adapter	0	4568.00		NA		No	12/19/2022	09/20/2024	PRICE_CHANGED	N/A	+$4568.00	0.00%	2026-08-27: (no price) → 2026-08-28: (no price) → 2026-09-09: $4568.00
Networking	PCIe Networking Adapters	HPE OCA > DL380 Gen11 > Networking > PCIe Networking Adapters	Network Adapter	max 8	0	8	Selection constraint for PCIe Networking Adapters: max 8	P45642-B22	Standard	HPE InfiniBand NDR200/Ethernet 200Gb 1-port OSFP PCIe5 x16 MCX75310AAS-HEAT Adapter	0	4568.00		NA		No	06/03/2024	12/12/2025	PRICE_CHANGED	N/A	+$4568.00	0.00%	2026-08-27: (no price) → 2026-08-28: (no price) → 2026-09-09: $4568.00
Networking	PCIe Networking Adapters	HPE OCA > DL380 Gen11 > Networking > PCIe Networking Adapters	Network Adapter	max 8	0	8	Selection constraint for PCIe Networking Adapters: max 8	P45642-H22	Standard	HPE InfiniBand NDR200/Ethernet 200Gb 1-port OSFP PCIe5 x16 MCX75310AAS-HEAT Adapter	0	4568.00		NA		No	06/03/2024	12/12/2025	PRICE_CHANGED	N/A	+$4568.00	0.00%	2026-08-27: (no price) → 2026-08-28: (no price) → 2026-09-09: $4568.00
Networking	PCIe Networking Adapters	HPE OCA > DL380 Gen11 > Networking > PCIe Networking Adapters	Network Adapter	max 8	0	8	Selection constraint for PCIe Networking Adapters: max 8	P65333-B21	Standard	HPE InfiniBand NDR200/Ethernet 200GbE 2-port QSFP112 PCIe5 x16 MCX755106AC-HEAT Adapter	0	7331.00		NA		No	09/05/2023	01/31/2026	PRICE_CHANGED	N/A	+$7331.00	0.00%	2026-08-27: (no price) → 2026-08-28: (no price) → 2026-09-09: $7331.00
Networking	PCIe Networking Adapters	HPE OCA > DL380 Gen11 > Networking > PCIe Networking Adapters	Network Adapter	max 8	0	8	Selection constraint for PCIe Networking Adapters: max 8	P65333-H21	Standard	HPE InfiniBand NDR200/Ethernet 200GbE 2-port QSFP112 PCIe5 x16 MCX755106AC-HEAT Adapter	0	5425.00		NA		No	09/05/2023	12/31/2027	PRICE_CHANGED	N/A	+$5425.00	0.00%	2026-08-27: (no price) → 2026-08-28: (no price) → 2026-09-09: $5425.00
Networking	PCIe Networking Adapters	HPE OCA > DL380 Gen11 > Networking > PCIe Networking Adapters	Network Adapter	max 8	0	8	Private Product is not valid for current customer account	P31618-B21	Standard	Intel X710-T4L Ethernet 10Gb 4-port BASE-T Special Adapter for HPE                       is obsolete: P31618-B21	0	3992.00		NA		No	04/22/2020	01/31/2026	PRICE_CHANGED	N/A	+$3992.00	0.00%	2026-08-28: (no price) → 2026-09-09: $3992.00
Networking	PCIe Networking Adapters	HPE OCA > DL380 Gen11 > Networking > PCIe Networking Adapters	Network Adapter	max 8	0	8	Private Product is not valid for current customer account	P65078-B21	Standard	HPE 10/25G 2P SFP28 MCX5ADAT Spl Adp                       is obsolete: P65078-B21	0	899.00		NA		No	04/28/2023	04/30/2025	PRICE_CHANGED	N/A	+$899.00	0.00%	2026-08-28: (no price) → 2026-09-09: $899.00
Networking	PCIe Networking Adapters	HPE OCA > DL380 Gen11 > Networking > PCIe Networking Adapters	Network Adapter	max 8	0	8	Private Product is not valid for current customer account	P75398-B21	Standard	HPE DL380G11 B3220 Spl Dpu Kit                       is obsolete: P75398-B21	0	6006.00		NA		No	06/21/2024	03/27/2025	PRICE_CHANGED	N/A	+$6006.00	0.00%	2026-08-28: (no price) → 2026-09-09: $6006.00
Networking	PCIe Networking Adapters	HPE OCA > DL380 Gen11 > Networking > PCIe Networking Adapters	Transceiver	max 8	0	8	Private Product is not valid for current customer account	P80855-B21	Standard	HPE 50/25G 4PSFP56 MCX713104AS Spl Adapter	0	5459.00		NA		No	03/12/2025	06/30/2029	PRICE_AND_ATTRIBUTE_CHANGED	N/A	+$5459.00	0.00%	2026-08-28: (no price) → 2026-09-09: $5459.00
Networking	OCP3 Networking Adapters	HPE OCA > DL380 Gen11 > Networking > OCP3 Networking Adapters	Network Adapter	max 8	0	8	Selection constraint for OCP3 Networking Adapters: max 8	P10115-B21	Standard	Broadcom BCM57414 Ethernet 10/25Gb 2-port SFP28 OCP3 Adapter for HPE	0	1231.00		NA		No	11/02/2020	12/31/2028	UNCHANGED	1231.00	$0.00	0.00%	2026-08-27: $1231.00 → 2026-08-28: (no price)
Networking	OCP3 Networking Adapters	HPE OCA > DL380 Gen11 > Networking > OCP3 Networking Adapters	Network Adapter	max 8	0	8	Selection constraint for OCP3 Networking Adapters: max 8	P42041-B21	Standard	Mellanox MCX631432AS-ADAI Ethernet 10/25Gb 2-port SFP28 OCP3 Adapter for HPE	0	1398.00		NA		No	02/07/2022	12/31/2028	PRICE_CHANGED	N/A	+$1398.00	0.00%	2026-08-27: (no price) → 2026-08-28: (no price) → 2026-09-09: $1398.00
Networking	OCP3 Networking Adapters	HPE OCA > DL380 Gen11 > Networking > OCP3 Networking Adapters	Network Adapter	max 8	0	8	Selection constraint for OCP3 Networking Adapters: max 8	P51181-B21	Standard	Broadcom BCM5719 Ethernet 1Gb 4-port BASE-T OCP3 Adapter for HPE	1	485.00		485.00		No	06/06/2022	12/31/2028	UNCHANGED	485.00	$0.00	0.00%	2026-08-27: $485.00 → 2026-08-28: (no price)
Networking	OCP3 Networking Adapters	HPE OCA > DL380 Gen11 > Networking > OCP3 Networking Adapters	Transceiver	max 8	0	8	Selection constraint for OCP3 Networking Adapters: max 8	P22767-B21	Standard	Intel E810-CQDA2 Ethernet 100Gb 2-port QSFP28 OCP3 Adapter for HPE	0	3600.00		NA		No	04/06/2021	12/31/2028	PRICE_CHANGED	N/A	+$3600.00	0.00%	2026-08-27: (no price) → 2026-08-28: (no price) → 2026-09-09: $3600.00
Networking	OCP3 Networking Adapters	HPE OCA > DL380 Gen11 > Networking > OCP3 Networking Adapters	Network Adapter	max 8	0	8	Selection constraint for OCP3 Networking Adapters: max 8	P26256-B21	Standard	Broadcom BCM57412 Ethernet 10Gb 2-port SFP+ OCP3 Adapter for HPE	0	940.00		NA		No	10/05/2020	12/31/2028	PRICE_CHANGED	N/A	+$940.00	0.00%	2026-08-27: (no price) → 2026-08-28: (no price) → 2026-09-09: $940.00
Networking	OCP3 Networking Adapters	HPE OCA > DL380 Gen11 > Networking > OCP3 Networking Adapters	Network Adapter	max 8	0	8	Selection constraint for OCP3 Networking Adapters: max 8	P08449-B21	Standard	Intel I350-T4 Ethernet 1Gb 4-port BASE-T OCP3 Adapter for HPE	0	830.00		NA		No	12/16/2019	12/31/2028	PRICE_CHANGED	N/A	+$830.00	0.00%	2026-08-27: (no price) → 2026-08-28: (no price) → 2026-09-09: $830.00
Networking	OCP3 Networking Adapters	HPE OCA > DL380 Gen11 > Networking > OCP3 Networking Adapters	Network Adapter	max 8	0	8	Selection constraint for OCP3 Networking Adapters: max 8	P10097-B21	Standard	Broadcom BCM57416 Ethernet 10Gb 2-port BASE-T OCP3 Adapter for HPE	0	1105.00		NA		No	11/02/2020	12/31/2028	PRICE_CHANGED	N/A	+$1105.00	0.00%	2026-08-27: (no price) → 2026-08-28: (no price) → 2026-09-09: $1105.00
Networking	OCP3 Networking Adapters	HPE OCA > DL380 Gen11 > Networking > OCP3 Networking Adapters	Network Adapter	max 8	0	8	Selection constraint for OCP3 Networking Adapters: max 8	P10106-B21	Standard	Intel E810-XXVDA2 Ethernet 10/25Gb 2-port SFP28 OCP3 Adapter for HPE	0	1680.00		NA		No	04/06/2021	11/30/2027	PRICE_CHANGED	N/A	+$1680.00	0.00%	2026-08-27: (no price) → 2026-08-28: (no price) → 2026-09-09: $1680.00
Networking	OCP3 Networking Adapters	HPE OCA > DL380 Gen11 > Networking > OCP3 Networking Adapters	Network Adapter	max 8	0	8	Selection constraint for OCP3 Networking Adapters: max 8	P10112-B21	Standard	Mellanox MCX562A-ACAI Ethernet 10/25Gb 2-port SFP28 OCP3 Adapter for HPE	0	1040.00		NA		No	12/16/2019	10/31/2025	PRICE_CHANGED	N/A	+$1040.00	0.00%	2026-08-27: (no price) → 2026-08-28: (no price) → 2026-09-09: $1040.00
Networking	OCP3 Networking Adapters	HPE OCA > DL380 Gen11 > Networking > OCP3 Networking Adapters	Network Adapter	max 8	0	8	Selection constraint for OCP3 Networking Adapters: max 8	P26269-B21	Standard	Broadcom BCM57504 Ethernet 10/25Gb 4-port SFP28 OCP3 Adapter for HPE	0	2598.00		NA		No	09/06/2022	12/31/2028	PRICE_CHANGED	N/A	+$2598.00	0.00%	2026-08-27: (no price) → 2026-08-28: (no price) → 2026-09-09: $2598.00
Networking	OCP3 Networking Adapters	HPE OCA > DL380 Gen11 > Networking > OCP3 Networking Adapters	Network Adapter	max 8	0	8	Selection constraint for OCP3 Networking Adapters: max 8	P41614-B21	Standard	Intel E810-XXVDA4 Ethernet 10/25Gb 4-port SFP28 OCP3 Adapter for HPE	0	3770.00		NA		No	08/02/2021	12/31/2028	PRICE_CHANGED	N/A	+$3770.00	0.00%	2026-08-27: (no price) → 2026-08-28: (no price) → 2026-09-09: $3770.00
Networking	OCP3 Networking Adapters	HPE OCA > DL380 Gen11 > Networking > OCP3 Networking Adapters	Network Adapter	max 8	0	8	Selection constraint for OCP3 Networking Adapters: max 8	P73114-B21	Standard	Broadcom BCM57608 Ethernet 100Gb 2-port QSFP112 OCP3 Adapter for HPE	0	4855.00		NA		No	03/03/2025	12/31/2028	PRICE_CHANGED	N/A	+$4855.00	0.00%	2026-08-27: (no price) → 2026-08-28: (no price) → 2026-09-09: $4855.00
Networking	OCP3 Networking Adapters	HPE OCA > DL380 Gen11 > Networking > OCP3 Networking Adapters	Network Adapter	max 8	0	8	Private Product is not valid for current customer account	P72536-B21	Standard	BCM 957504-N1IB 100G 1p Spl OCP3 Adapter	0	3340.00		NA		No	03/22/2024	05/31/2027	PRICE_CHANGED	N/A	+$3340.00	0.00%	2026-08-28: (no price) → 2026-09-09: $3340.00
Accessories & Infrastructure	System Options	HPE OCA > DL380 Gen11 > Accessories & Infrastructure > System Options	Cable Kit	Optional	0	Optional	BTO products are not allowed in CTO Base Model.	AJ833A	Standard	HPE LC to LC Multi-mode OM3 2-Fiber 0.5m 1-Pack Fiber Optic Cable	0	65.00		NA		No	06/13/2008	11/30/2028	PRICE_CHANGED	N/A	+$65.00	0.00%	2026-08-27: (no price) → 2026-08-28: (no price) → 2026-09-09: $65.00
Accessories & Infrastructure	System Options	HPE OCA > DL380 Gen11 > Accessories & Infrastructure > System Options	Cable Kit	Optional	0	Optional	BTO products are not allowed in CTO Base Model.	AJ836A	Standard	HPE LC to LC Multi-mode OM3 2-Fiber 5.0m 1-Pack Fiber Optic Cable	0	115.00		NA		No	06/13/2008	11/30/2028	PRICE_CHANGED	N/A	+$115.00	0.00%	2026-08-27: (no price) → 2026-08-28: (no price) → 2026-09-09: $115.00
Accessories & Infrastructure	System Options	HPE OCA > DL380 Gen11 > Accessories & Infrastructure > System Options	Cable Kit	Optional	0	Optional	BTO products are not allowed in CTO Base Model.	AJ838A	Standard	HPE LC to LC Multi-mode OM3 2-Fiber 30.0m 1-Pack Fiber Optic Cable	0	208.00		NA		No	06/13/2008	11/30/2028	PRICE_CHANGED	N/A	+$208.00	0.00%	2026-08-27: (no price) → 2026-08-28: (no price) → 2026-09-09: $208.00
Accessories & Infrastructure	System Options	HPE OCA > DL380 Gen11 > Accessories & Infrastructure > System Options	Cable Kit	Optional	0	Optional	BTO products are not allowed in CTO Base Model.	AJ839A	Standard	HPE LC to LC Multi-mode OM3 2-Fiber 50.0m 1-Pack Fiber Optic Cable	0	253.00		NA		No	06/13/2008	11/30/2028	PRICE_CHANGED	N/A	+$253.00	0.00%	2026-08-27: (no price) → 2026-08-28: (no price) → 2026-09-09: $253.00
Accessories & Infrastructure	System Options	HPE OCA > DL380 Gen11 > Accessories & Infrastructure > System Options	Cable Kit	Optional	0	Optional	BTO products are not allowed in CTO Base Model.	AJ834A	Standard	HPE LC to LC Multi-mode OM3 2-Fiber 1.0m 1-Pack Fiber Optic Cable	0	70.00		NA		No	06/13/2008	11/30/2028	PRICE_CHANGED	N/A	+$70.00	0.00%	2026-08-27: (no price) → 2026-08-28: (no price) → 2026-09-09: $70.00
Accessories & Infrastructure	System Options	HPE OCA > DL380 Gen11 > Accessories & Infrastructure > System Options	Cable Kit	Optional	0	Optional	BTO products are not allowed in CTO Base Model.	AJ837A	Standard	HPE LC to LC Multi-mode OM3 2-Fiber 15.0m 1-Pack Fiber Optic Cable	0	162.00		NA		No	06/13/2008	11/30/2028	PRICE_CHANGED	N/A	+$162.00	0.00%	2026-08-27: (no price) → 2026-08-28: (no price) → 2026-09-09: $162.00
Networking	PCIe Networking Adapters	HPE OCA > DL380 Gen11 > Networking > PCIe Networking Adapters	Transceiver	max 8	0	8	Selection constraint for PCIe Networking Adapters: max 8	P49764-B21	Standard	HPE InfiniBand NDR/Ethernet 1x400Gb OSFP Multi-mode 50m HCA-side Transceiver	0	1866.00		NA		No	03/06/2023	12/31/2027	PRICE_CHANGED	N/A	+$1866.00	0.00%	2026-08-27: (no price) → 2026-08-28: (no price) → 2026-09-09: $1866.00
Networking	PCIe Networking Adapters	HPE OCA > DL380 Gen11 > Networking > PCIe Networking Adapters	Transceiver	max 8	0	8	Selection constraint for PCIe Networking Adapters: max 8	Q8J73A	Standard	HPE 100GbE QSFP28 500m 1310mm PSM4 Transceiver	0	3495.00		NA		No	12/18/2017	11/30/2028	PRICE_CHANGED	N/A	+$3495.00	0.00%	2026-08-27: (no price) → 2026-08-28: (no price) → 2026-09-09: $3495.00
Networking	PCIe Networking Adapters	HPE OCA > DL380 Gen11 > Networking > PCIe Networking Adapters	Transceiver	max 8	0	8	Selection constraint for PCIe Networking Adapters: max 8	Q9S71A	Standard	HPE 100GbE QSFP28 to QSFP28 5m Active Optical Cable	0	1899.00		NA		No	09/04/2018	11/30/2028	PRICE_CHANGED	N/A	+$1899.00	0.00%	2026-08-27: (no price) → 2026-08-28: (no price) → 2026-09-09: $1899.00
Networking	PCIe Networking Adapters	HPE OCA > DL380 Gen11 > Networking > PCIe Networking Adapters	Transceiver	max 8	0	8	Selection constraint for PCIe Networking Adapters: max 8	453151-B21	Standard	HPE BladeSystem c-Class Virtual Connect 1G SFP SX Transceiver	0	427.00		NA		No	10/01/2007	07/31/2027	PRICE_CHANGED	N/A	+$427.00	0.00%	2026-08-27: (no price) → 2026-08-28: (no price) → 2026-09-09: $427.00
Networking	PCIe Networking Adapters	HPE OCA > DL380 Gen11 > Networking > PCIe Networking Adapters	Transceiver	max 8	0	8	Selection constraint for PCIe Networking Adapters: max 8	453154-B21	Standard	HPE BladeSystem CClass Virtual Connect 1G SFP RJ45 Transceiver	0	426.00		NA		No	11/16/2007	07/31/2027	PRICE_CHANGED	N/A	+$426.00	0.00%	2026-08-27: (no price) → 2026-08-28: (no price) → 2026-09-09: $426.00
Networking	PCIe Networking Adapters	HPE OCA > DL380 Gen11 > Networking > PCIe Networking Adapters	Transceiver	max 8	0	8	Selection constraint for PCIe Networking Adapters: max 8	455883-B21	Standard	HPE BladeSystem c-Class 10Gb SFP+ SR Transceiver	0	842.00		NA		No	12/01/2008	11/30/2030	PRICE_CHANGED	N/A	+$842.00	0.00%	2026-08-27: (no price) → 2026-08-28: (no price) → 2026-09-09: $842.00
Networking	PCIe Networking Adapters	HPE OCA > DL380 Gen11 > Networking > PCIe Networking Adapters	Transceiver	max 8	0	8	Selection constraint for PCIe Networking Adapters: max 8	455886-B21	Standard	HPE BladeSystem c-Class 10Gb SFP+ LR Transceiver	0	1751.00		NA		No	12/01/2008	11/30/2030	PRICE_CHANGED	N/A	+$1751.00	0.00%	2026-08-27: (no price) → 2026-08-28: (no price) → 2026-09-09: $1751.00
Networking	PCIe Networking Adapters	HPE OCA > DL380 Gen11 > Networking > PCIe Networking Adapters	Transceiver	max 8	0	8	Selection constraint for PCIe Networking Adapters: max 8	845398-B21	Standard	HPE 25Gb SFP28 SR 100m Transceiver	0	2110.00		NA		No	06/06/2016	06/30/2028	UNCHANGED	2110.00	$0.00	0.00%	2026-08-27: $2110.00 → 2026-08-28: (no price)
Networking	PCIe Networking Adapters	HPE OCA > DL380 Gen11 > Networking > PCIe Networking Adapters	Transceiver	max 8	0	8	Selection constraint for PCIe Networking Adapters: max 8	845966-B21	Standard	HPE 100Gb QSFP28 MPO SR4 100m Transceiver	0	4252.00		NA		No	06/06/2016	11/30/2030	PRICE_CHANGED	N/A	+$4252.00	0.00%	2026-08-27: (no price) → 2026-08-28: (no price) → 2026-09-09: $4252.00
Networking	PCIe Networking Adapters	HPE OCA > DL380 Gen11 > Networking > PCIe Networking Adapters	Transceiver	max 8	0	8	Selection constraint for PCIe Networking Adapters: max 8	845972-B21	Standard	HPE 100Gb QSFP28 Bidirectional Transceiver	0	2585.00		NA		No	12/03/2018	07/27/2026	PRICE_CHANGED	N/A	+$2585.00	0.00%	2026-08-27: (no price) → 2026-08-28: (no price) → 2026-09-09: $2585.00
Networking	PCIe Networking Adapters	HPE OCA > DL380 Gen11 > Networking > PCIe Networking Adapters	Transceiver	max 8	0	8	Selection constraint for PCIe Networking Adapters: max 8	P65334-B21	Standard	HPE InfiniBand NDR/Ethernet 400G QSFP112 MPO12 850nm Multi-mode 50m APC Transceiver	0	3875.00		NA		No	09/05/2023	07/31/2027	PRICE_CHANGED	N/A	+$3875.00	0.00%	2026-08-27: (no price) → 2026-08-28: (no price) → 2026-09-09: $3875.00
Networking	PCIe Networking Adapters	HPE OCA > DL380 Gen11 > Networking > PCIe Networking Adapters	Transceiver	max 8	0	8	Selection constraint for PCIe Networking Adapters: max 8	P87585-B21	Standard	HPE InfiniBand NDR/Ethernet 400Gb OSFP 1-port Single-mode 100m HCA-side Flat-Top Transceiver	0	7359.00		NA		No	01/05/2026	06/30/2029	PRICE_CHANGED	N/A	+$7359.00	0.00%	2026-08-27: (no price) → 2026-08-28: (no price) → 2026-09-09: $7359.00
Networking	PCIe Networking Adapters	HPE OCA > DL380 Gen11 > Networking > PCIe Networking Adapters	Transceiver	max 8	0	8	Selection constraint for PCIe Networking Adapters: max 8	P89422-B21	Standard	HPE Ethernet 1x400Gb OSFP 1-port Multi-mode 50m NIC-side Flat-Top Transceiver	0	2400.00		NA		No	03/02/2026	06/30/2029	PRICE_CHANGED	N/A	+$2400.00	0.00%	2026-08-27: (no price) → 2026-08-28: (no price) → 2026-09-09: $2400.00
Networking	PCIe Networking Adapters	HPE OCA > DL380 Gen11 > Networking > PCIe Networking Adapters	Transceiver	max 8	0	8	Selection constraint for PCIe Networking Adapters: max 8	P89423-B21	Standard	HPE Ethernet 1x400Gb QSFP112 1-port Multi-mode 50m NIC-side Flat-Top Transceiver	0	2428.00		NA		No	03/02/2026	06/30/2029	PRICE_CHANGED	N/A	+$2428.00	0.00%	2026-08-27: (no price) → 2026-08-28: (no price) → 2026-09-09: $2428.00
Networking	PCIe Networking Adapters	HPE OCA > DL380 Gen11 > Networking > PCIe Networking Adapters	Transceiver	max 8	0	8	Selection constraint for PCIe Networking Adapters: max 8	Q2F19A	Standard	HPE 100GbE QSFP28 SR4 100m Transceiver	0	2425.00		NA		No	09/25/2017	11/30/2028	PRICE_CHANGED	N/A	+$2425.00	0.00%	2026-08-27: (no price) → 2026-08-28: (no price) → 2026-09-09: $2425.00
Networking	PCIe Networking Adapters	HPE OCA > DL380 Gen11 > Networking > PCIe Networking Adapters	Transceiver	max 8	0	8	These products are hidden due to Supply constraints	845970-B21	Standard	HPE QSFP28 to SFP28 Adapter	0	227.00		NA		No	12/03/2018	11/30/2030	PRICE_CHANGED	N/A	+$227.00	0.00%	2026-08-27: (no price) → 2026-08-28: (no price) → 2026-09-09: $227.00
Networking	OCP3 Networking Adapters	HPE OCA > DL380 Gen11 > Networking > OCP3 Networking Adapters	Cable Kit	max 8	0	8	Selection constraint for OCP3 Networking Adapters: max 8	P48827-B21	Standard	HPE ProLiant DL3XX Gen11 OCP1 x16 Enablement Kit	0	107.00		NA		No	01/10/2023	05/31/2028	PRICE_CHANGED	N/A	+$107.00	0.00%	2026-08-27: (no price) → 2026-08-28: (no price) → 2026-09-09: $107.00
Networking	OCP3 Networking Adapters	HPE OCA > DL380 Gen11 > Networking > OCP3 Networking Adapters	Cable Kit	max 8	0	8	Selection constraint for OCP3 Networking Adapters: max 8	P48830-B21	Standard	HPE ProLiant DL3XX Gen11 CPU2 to OCP2 x8 Enablement Kit	0	115.00		NA		No	01/10/2023	05/31/2028	UNCHANGED	115.00	$0.00	0.00%	2026-08-27: $115.00 → 2026-08-28: (no price)
Networking	OCP3 Networking Adapters	HPE OCA > DL380 Gen11 > Networking > OCP3 Networking Adapters	Cable Kit	max 8	0	8	Selection constraint for OCP3 Networking Adapters: max 8	P51911-B21	Standard	HPE ProLiant DL360 Gen11 CPU1 to OCP2 x8 Enablement Kit	1	120.00		120.00		No	01/10/2023	05/31/2028	PRICE_CHANGED	N/A	+$120.00	0.00%	2026-08-27: (no price) → 2026-08-28: (no price) → 2026-09-09: $120.00
Networking	OCP3 Networking Adapters	HPE OCA > DL380 Gen11 > Networking > OCP3 Networking Adapters	Cable Kit	max 8	0	8	If OCP2 x16 Enable Kit is selected then CPU2 / OCP2 x8 Enable Kit OR CPU1 / OCP2 x8 Enable Kit cannot be selected and Vice-versa.	P48828-B21	Standard	HPE ProLiant DL3XX Gen11 OCP2 x16 Enablement Kit	0	226.00		NA		No	01/10/2023	05/31/2028	PRICE_CHANGED	N/A	+$226.00	0.00%	2026-08-27: (no price) → 2026-08-28: (no price) → 2026-09-09: $226.00
Networking	OCP3 Networking Adapters	HPE OCA > DL380 Gen11 > Networking > OCP3 Networking Adapters	Transceiver	max 8	0	8	Selection constraint for OCP3 Networking Adapters: max 8	P31323-B21	Standard	HPE InfiniBand HDR/Ethernet 200Gb 1-port QSFP56 PCIe4 x16 OCP3 MCX653435A-HDAI Adapter	0	4217.00		NA		No	12/07/2020	08/24/2024	PRICE_CHANGED	N/A	+$4217.00	0.00%	2026-08-27: (no price) → 2026-08-28: (no price) → 2026-09-09: $4217.00
Networking	OCP3 Networking Adapters	HPE OCA > DL380 Gen11 > Networking > OCP3 Networking Adapters	Transceiver	max 8	0	8	Selection constraint for OCP3 Networking Adapters: max 8	P31348-B21	Standard	HPE InfiniBand HDR/Ethernet 200Gb 2-port QSFP56 PCIe4 x16 OCP3 MCX653436A-HDAI Adapter	0	3439.00		NA		No	12/07/2020	11/30/2025	PRICE_CHANGED	N/A	+$3439.00	0.00%	2026-08-27: (no price) → 2026-08-28: (no price) → 2026-09-09: $3439.00
Drive Enclosures / Drives	Solid State Drives (NVMe/SAS/SATA)	HPE OCA > DL380 Gen11 > Drive Enclosures / Drives > Solid State Drives (NVMe/SAS/SATA)	Boot Device	max 24	0	24	Selection constraint for Solid State Drives (NVMe/SAS/SATA): max 24	P48183-B21	Standard	HPE NS204i-u Gen11 NVMe Hot Plug Boot Optimized Storage Device	0	7799.00		NA		No	11/07/2022	06/30/2028	UNCHANGED	7799.00	$0.00	0.00%	2026-08-27: $7799.00 → 2026-08-28: (no price)
Drive Enclosures / Drives	Solid State Drives (NVMe/SAS/SATA)	HPE OCA > DL380 Gen11 > Drive Enclosures / Drives > Solid State Drives (NVMe/SAS/SATA)	Cable Kit	max 24	0	24	Selection constraint for Solid State Drives (NVMe/SAS/SATA): max 24	P52152-B21	Standard	HPE ProLiant DL380 Gen11 NS204i-u Internal Cable Kit	0	164.00		NA		No	01/10/2023	05/31/2028	UNCHANGED	164.00	$0.00	0.00%	2026-08-27: $164.00 → 2026-08-28: (no price)
Drive Enclosures / Drives	Solid State Drives (NVMe/SAS/SATA)	HPE OCA > DL380 Gen11 > Drive Enclosures / Drives > Solid State Drives (NVMe/SAS/SATA)	Boot Device	max 24	0	24	Selection constraint for Solid State Drives (NVMe/SAS/SATA): max 24	P81162-B21	Standard	HPE NS204i-u v2 960GB NVMe SED Hot Plug Boot Optimized Storage Device	0	14299.00		NA		No	07/07/2025	04/30/2029	PRICE_CHANGED	N/A	+$14299.00	0.00%	2026-08-27: (no price) → 2026-08-28: (no price) → 2026-09-09: $14299.00
Drive Enclosures / Drives	Solid State Drives (NVMe/SAS/SATA)	HPE OCA > DL380 Gen11 > Drive Enclosures / Drives > Solid State Drives (NVMe/SAS/SATA)	Boot Device	max 24	0	24	Selection constraint for Solid State Drives (NVMe/SAS/SATA): max 24	P81160-B21	Standard	HPE NS204i-u v2 960GB NVMe Hot Plug Boot Optimized Storage Device	0	14299.00		NA		No	07/07/2025	04/30/2029	PRICE_CHANGED	N/A	+$14299.00	0.00%	2026-08-27: (no price) → 2026-08-28: (no price) → 2026-09-09: $14299.00
Accessories & Infrastructure	System Options	HPE OCA > DL380 Gen11 > Accessories & Infrastructure > System Options	Boot Device	Optional	0	Optional	HPE DL380 Gen11 NS204i-u FIO Kit can be selected only if HPE NS204i-u Boot Dev is selected.	P54542-B21	Standard	HPE ProLiant DL380 Gen11 NS204i-u FIO Bundle Kit	0	1.00		NA		No	01/10/2023	05/31/2028	UNCHANGED	1.00	$0.00	0.00%	2026-08-27: $1.00 → 2026-08-28: (no price)
Accessories & Infrastructure	System Options	HPE OCA > DL380 Gen11 > Accessories & Infrastructure > System Options	Boot Device	Optional	0	Optional	Private Product is not valid for current customer account	P61852-B21	Standard	HPE NS204i-u Gen11 960GB Spl Boot Dev	0	15699.00		NA		No	11/12/2022	04/30/2028	PRICE_CHANGED	N/A	+$15699.00	0.00%	2026-08-28: (no price) → 2026-09-09: $15699.00
Accessories & Infrastructure	System Options	HPE OCA > DL380 Gen11 > Accessories & Infrastructure > System Options	Boot Device	Optional	0	Optional	Private Product is not valid for current customer account	P73722-B21	Standard	HPE NS204i-u SKH 960GB Spl Boot Dev                       is obsolete: P73722-B21	0	0		NA		No	05/22/2024	06/30/2026	UNCHANGED	N/A	$0.00	0.00%	2026-08-28: (no price)
Accessories & Infrastructure	System Options	HPE OCA > DL380 Gen11 > Accessories & Infrastructure > System Options	Chassis Infrastructure	Optional	0	Optional	BTO products are not allowed in CTO Base Model.	631341-B21	Standard	HPE USB US Keyboard/Mouse Kit	0	32.00		NA		No	04/06/2011	10/31/2024	PRICE_CHANGED	N/A	+$32.00	0.00%	2026-08-27: (no price) → 2026-08-28: (no price) → 2026-09-09: $32.00
Accessories & Infrastructure	System Options	HPE OCA > DL380 Gen11 > Accessories & Infrastructure > System Options	Chassis Infrastructure	Optional	0	Optional	BTO products are not allowed in CTO Base Model.	631344-B21	Standard	HPE USB UK Keyboard/Mouse Kit	0	44.00		NA		No	04/06/2011	10/31/2024	PRICE_CHANGED	N/A	+$44.00	0.00%	2026-08-27: (no price) → 2026-08-28: (no price) → 2026-09-09: $44.00
Accessories & Infrastructure	System Options	HPE OCA > DL380 Gen11 > Accessories & Infrastructure > System Options	Chassis Infrastructure	Optional	0	Optional	BTO products are not allowed in CTO Base Model.	631346-B21	Standard	HPE USB FR Keyboard/Mouse Kit	0	44.00		NA		No	04/06/2011	10/31/2024	PRICE_CHANGED	N/A	+$44.00	0.00%	2026-08-27: (no price) → 2026-08-28: (no price) → 2026-09-09: $44.00
Accessories & Infrastructure	System Options	HPE OCA > DL380 Gen11 > Accessories & Infrastructure > System Options	Chassis Infrastructure	Optional	0	Optional	BTO products are not allowed in CTO Base Model.	631348-B21	Standard	HPE USB ES Keyboard/Mouse Kit	0	66.00		NA		No	04/06/2011	10/31/2024	PRICE_CHANGED	N/A	+$66.00	0.00%	2026-08-27: (no price) → 2026-08-28: (no price) → 2026-09-09: $66.00
Accessories & Infrastructure	System Options	HPE OCA > DL380 Gen11 > Accessories & Infrastructure > System Options	Chassis Infrastructure	Optional	0	Optional	BTO products are not allowed in CTO Base Model.	631358-B21	Standard	HPE USB DE Keyboard/Mouse Kit	0	44.00		NA		No	04/06/2011	10/31/2024	PRICE_CHANGED	N/A	+$44.00	0.00%	2026-08-27: (no price) → 2026-08-28: (no price) → 2026-09-09: $44.00
Accessories & Infrastructure	System Options	HPE OCA > DL380 Gen11 > Accessories & Infrastructure > System Options	Chassis Infrastructure	Optional	0	Optional	BTO products are not allowed in CTO Base Model.	631360-B21	Standard	HPE USB JP Keyboard/Mouse Kit	0	49.00		NA		No	04/06/2011	10/31/2024	PRICE_CHANGED	N/A	+$49.00	0.00%	2026-08-27: (no price) → 2026-08-28: (no price) → 2026-09-09: $49.00
Accessories & Infrastructure	System Options	HPE OCA > DL380 Gen11 > Accessories & Infrastructure > System Options	Chassis Infrastructure	Optional	0	Optional	BTO products are not allowed in CTO Base Model.	631362-B21	Standard	HPE USB IT Keyboard/Mouse Kit	0	66.00		NA		No	04/06/2011	10/31/2024	PRICE_CHANGED	N/A	+$66.00	0.00%	2026-08-27: (no price) → 2026-08-28: (no price) → 2026-09-09: $66.00
Accessories & Infrastructure	System Options	HPE OCA > DL380 Gen11 > Accessories & Infrastructure > System Options	Chassis Infrastructure	Optional	0	Optional	BTO products are not allowed in CTO Base Model.	631364-B21	Standard	HPE USB CN Keyboard/Mouse Kit	0	123.00		NA		No	04/06/2011	12/31/2024	PRICE_CHANGED	N/A	+$123.00	0.00%	2026-08-27: (no price) → 2026-08-28: (no price) → 2026-09-09: $123.00
Accessories & Infrastructure	System Options	HPE OCA > DL380 Gen11 > Accessories & Infrastructure > System Options	Chassis Infrastructure	Optional	0	Optional	BTO products are not allowed in CTO Base Model.	638212-B21	Standard	HPE USB AE Keyboard/Mouse Kit	0	66.00		NA		No	04/06/2011	10/31/2024	PRICE_CHANGED	N/A	+$66.00	0.00%	2026-08-27: (no price) → 2026-08-28: (no price) → 2026-09-09: $66.00
Accessories & Infrastructure	System Options	HPE OCA > DL380 Gen11 > Accessories & Infrastructure > System Options	Chassis Infrastructure	Optional	0	Optional	BTO products are not allowed in CTO Base Model.	638214-B21	Standard	HPE USB RU Keyboard/Mouse Kit	0	32.00		NA		No	04/06/2011	10/31/2024	PRICE_CHANGED	N/A	+$32.00	0.00%	2026-08-27: (no price) → 2026-08-28: (no price) → 2026-09-09: $32.00
Accessories & Infrastructure	System Options	HPE OCA > DL380 Gen11 > Accessories & Infrastructure > System Options	Chassis Infrastructure	Optional	0	Optional	BTO products are not allowed in CTO Base Model.	672097-103	Standard	HPE USB SE Keyboard/Mouse Kit	0	32.00		NA		No	03/06/2012	10/31/2024	PRICE_CHANGED	N/A	+$32.00	0.00%	2026-08-27: (no price) → 2026-08-28: (no price) → 2026-09-09: $32.00
Accessories & Infrastructure	System Options	HPE OCA > DL380 Gen11 > Accessories & Infrastructure > System Options	Chassis Infrastructure	Optional	0	Optional	BTO products are not allowed in CTO Base Model.	672097-113	Standard	HPE USB CH Keyboard/Mouse Kit	0	32.00		NA		No	03/06/2012	10/31/2024	PRICE_CHANGED	N/A	+$32.00	0.00%	2026-08-27: (no price) → 2026-08-28: (no price) → 2026-09-09: $32.00
Accessories & Infrastructure	System Options	HPE OCA > DL380 Gen11 > Accessories & Infrastructure > System Options	Chassis Infrastructure	Optional	0	Optional	BTO products are not allowed in CTO Base Model.	672097-133	Standard	HPE USB PT Keyboard/Mouse Kit	0	32.00		NA		No	03/06/2012	10/31/2024	PRICE_CHANGED	N/A	+$32.00	0.00%	2026-08-27: (no price) → 2026-08-28: (no price) → 2026-09-09: $32.00
Accessories & Infrastructure	System Options	HPE OCA > DL380 Gen11 > Accessories & Infrastructure > System Options	Chassis Infrastructure	Optional	0	Optional	BTO products are not allowed in CTO Base Model.	672097-143	Standard	HPE USB TR Keyboard/Mouse Kit	0	32.00		NA		No	03/06/2012	10/31/2024	PRICE_CHANGED	N/A	+$32.00	0.00%	2026-08-27: (no price) → 2026-08-28: (no price) → 2026-09-09: $32.00
Accessories & Infrastructure	System Options	HPE OCA > DL380 Gen11 > Accessories & Infrastructure > System Options	Chassis Infrastructure	Optional	0	Optional	BTO products are not allowed in CTO Base Model.	672097-223	Standard	HPE USB CZ Keyboard/Mouse Kit	0	32.00		NA		No	03/06/2012	10/31/2024	PRICE_CHANGED	N/A	+$32.00	0.00%	2026-08-27: (no price) → 2026-08-28: (no price) → 2026-09-09: $32.00
Accessories & Infrastructure	System Options	HPE OCA > DL380 Gen11 > Accessories & Infrastructure > System Options	Chassis Infrastructure	Optional	0	Optional	BTO products are not allowed in CTO Base Model.	672097-353	Standard	HPE USB FI Keyboard/Mouse Kit	0	32.00		NA		No	03/06/2012	10/31/2024	PRICE_CHANGED	N/A	+$32.00	0.00%	2026-08-27: (no price) → 2026-08-28: (no price) → 2026-09-09: $32.00
Accessories & Infrastructure	System Options	HPE OCA > DL380 Gen11 > Accessories & Infrastructure > System Options	Chassis Infrastructure	Optional	0	Optional	BTO products are not allowed in CTO Base Model.	672097-373	Standard	HPE USB AP/INTL Keyboard/Mouse Kit	0	32.00		NA		No	03/06/2012	09/20/2024	PRICE_CHANGED	N/A	+$32.00	0.00%	2026-08-27: (no price) → 2026-08-28: (no price) → 2026-09-09: $32.00
Accessories & Infrastructure	System Options	HPE OCA > DL380 Gen11 > Accessories & Infrastructure > System Options	Chassis Infrastructure	Optional	0	Optional	BTO products are not allowed in CTO Base Model.	672097-B33	Standard	HPE USB INTL Keyboard/Mouse Kit	0	32.00		NA		No	03/06/2012	10/31/2024	PRICE_CHANGED	N/A	+$32.00	0.00%	2026-08-27: (no price) → 2026-08-28: (no price) → 2026-09-09: $32.00
Accessories & Infrastructure	System Options	HPE OCA > DL380 Gen11 > Accessories & Infrastructure > System Options	Chassis Infrastructure	Optional	0	Optional	BTO products are not allowed in CTO Base Model.	672097-D63	Standard	HPE USB IN Keyboard/Mouse Kit	0	32.00		NA		No	03/06/2012	06/13/2024	PRICE_CHANGED	N/A	+$32.00	0.00%	2026-08-27: (no price) → 2026-08-28: (no price) → 2026-09-09: $32.00
Accessories & Infrastructure	System Options	HPE OCA > DL380 Gen11 > Accessories & Infrastructure > System Options	Chassis Infrastructure	Optional	0	Optional	BTO products are not allowed in CTO Base Model.	672097-KD3	Standard	HPE USB KR Keyboard/Mouse Kit	0	32.00		NA		No	03/06/2012	12/31/2024	PRICE_CHANGED	N/A	+$32.00	0.00%	2026-08-27: (no price) → 2026-08-28: (no price) → 2026-09-09: $32.00
Accessories & Infrastructure	System Options	HPE OCA > DL380 Gen11 > Accessories & Infrastructure > System Options	Cable Kit	Optional	0	Optional	Selection constraint for System Options: optional	P48824-B21	Standard	HPE ProLiant DL380 Rear Serial Cable Kit	0	28.00		NA		No	01/10/2023	06/30/2029	PRICE_CHANGED	N/A	+$28.00	0.00%	2026-08-27: (no price) → 2026-08-28: (no price) → 2026-09-09: $28.00
Memory	DDR5 Registered Smart Memory	HPE OCA > DL380 Gen11 > Memory > DDR5 Registered Smart Memory	Memory	max 32	0	32	Selection constraint for DDR5 Registered Smart Memory: max 32	P65886-B21	Standard	HPE ProLiant DL3XX Gen11 Cache Mode for High-Bandwidth Memory FIO Trigger System Setting	0	1.00		NA	NA	No	09/05/2023	05/31/2028	PRICE_CHANGED	N/A	+$1.00	0.00%	2026-08-27: (no price) → 2026-08-28: (no price) → 2026-09-09: $1.00
Memory	DDR5 Registered Smart Memory	HPE OCA > DL380 Gen11 > Memory > DDR5 Registered Smart Memory	Memory	max 32	0	32	Selection constraint for DDR5 Registered Smart Memory: max 32	875293-B21	Standard	HPE Smart Memory Fast Fault Tolerance FIO Setting	0	1.00		NA	NA	No	07/11/2017	06/30/2029	PRICE_CHANGED	N/A	+$1.00	0.00%	2026-08-27: (no price) → 2026-08-28: (no price) → 2026-09-09: $1.00
Accessories & Infrastructure	System Options	HPE OCA > DL380 Gen11 > Accessories & Infrastructure > System Options	Cable Kit	Optional	0	Optional	Selection constraint for System Options: optional	P39102-B21	Standard	HPE ProLiant DL300 Gen10 Plus GPU 8-pin Keyed Cable Kit	0	81.00		NA		No	04/19/2021	05/31/2028	PRICE_CHANGED	N/A	+$81.00	0.00%	2026-08-27: (no price) → 2026-08-28: (no price) → 2026-09-09: $81.00
Accessories & Infrastructure	System Options	HPE OCA > DL380 Gen11 > Accessories & Infrastructure > System Options	Cable Kit	Optional	0	Optional	Selection constraint for System Options: optional	P56072-B21	Standard	HPE ProLiant Double Wide GPU Power Cable Kit	0	84.00		NA		No	06/05/2023	06/30/2029	PRICE_CHANGED	N/A	+$84.00	0.00%	2026-08-27: (no price) → 2026-08-28: (no price) → 2026-09-09: $84.00
Accessories & Infrastructure	System Options	HPE OCA > DL380 Gen11 > Accessories & Infrastructure > System Options	Cable Kit	Optional	0	Optional	Selection constraint for System Options: optional	P77896-B21	Standard	HPE ProLiant 8-pin GPU Power Cable Kit	0	115.00		NA		No	01/06/2025	06/30/2029	PRICE_CHANGED	N/A	+$115.00	0.00%	2026-08-27: (no price) → 2026-08-28: (no price) → 2026-09-09: $115.00
Accessories & Infrastructure	System Options	HPE OCA > DL380 Gen11 > Accessories & Infrastructure > System Options	Cable Kit	Optional	0	Optional	Private Product is not valid for current customer account	P39103-B21	Standard	HPE ProLiant DL300 Gen10 Plus GPU 8x 6-pin Cable Kit	0	48.00		NA		No	04/06/2021	05/31/2028	PRICE_CHANGED	N/A	+$48.00	0.00%	2026-08-28: (no price) → 2026-09-09: $48.00
Accessories & Infrastructure	System Options	HPE OCA > DL380 Gen11 > Accessories & Infrastructure > System Options	Cable Kit	Optional	0	Optional	Private Product is not valid for current customer account	P55209-B21	Standard	HPE Gen10 Plus GPU 8Pto6P Spl Cable Kit                       is obsolete: P55209-B21	0	90.00		NA		No	04/21/2022	04/30/2025	PRICE_CHANGED	N/A	+$90.00	0.00%	2026-08-28: (no price) → 2026-09-09: $90.00
Cooling / Thermal	High Performance & Standard Fan Kits	HPE OCA > DL380 Gen11 > Cooling / Thermal > High Performance & Standard Fan Kits	Cooling / Thermal	max 6	0	6	Selection constraint for High Performance & Standard Fan Kits: max 6	P48820-B21	Standard	HPE ProLiant DL380/DL560 Gen11 2U High Performance Fan Kit	1	972.00		972.00		No	01/10/2023	06/30/2029	UNCHANGED	972.00	$0.00	0.00%	2026-08-27: $972.00 → 2026-08-28: (no price)
Cooling / Thermal	High Performance & Standard Fan Kits	HPE OCA > DL380 Gen11 > Cooling / Thermal > High Performance & Standard Fan Kits	Cooling / Thermal	max 6	0	6	Selection constraint for High Performance & Standard Fan Kits: max 6	P49146-B21	Standard	HPE ProLiant DL380 2U Standard Fan Kit	0	115.00		NA		No	01/10/2023	06/30/2029	PRICE_CHANGED	N/A	+$115.00	0.00%	2026-08-27: (no price) → 2026-08-28: (no price) → 2026-09-09: $115.00
Cooling / Thermal	High Performance & Standard Fan Kits	HPE OCA > DL380 Gen11 > Cooling / Thermal > High Performance & Standard Fan Kits	Cooling / Thermal	max 6	0	6	Selection constraint for High Performance & Standard Fan Kits: max 6	P62038-B21	Standard	HPE ProLiant Compute Direct Liquid Cooling 0.65m Quick Disconnect Tube Set FIO Kit	0	1200.00		NA		No	04/03/2023	06/30/2029	PRICE_CHANGED	N/A	+$1200.00	0.00%	2026-08-27: (no price) → 2026-08-28: (no price) → 2026-09-09: $1200.00
Cooling / Thermal	High Performance & Standard Fan Kits	HPE OCA > DL380 Gen11 > Cooling / Thermal > High Performance & Standard Fan Kits	Cooling / Thermal	max 6	0	6	Selection constraint for High Performance & Standard Fan Kits: max 6	P62042-B21	Standard	HPE ProLiant DL3XX Gen11 Direct Liquid Cooling 55cm Quick Disconnect Tube Set FIO Kit	0	1213.00		NA		No	04/03/2023	06/30/2029	PRICE_CHANGED	N/A	+$1213.00	0.00%	2026-08-27: (no price) → 2026-08-28: (no price) → 2026-09-09: $1213.00
Power Supplies	Flex Slot Power Supplies	HPE OCA > DL380 Gen11 > Power Supplies > Flex Slot Power Supplies	Power Supply	min 1, max 2	1	2	Selection constraint for Flex Slot Power Supplies: min 1, max 2	P44712-B21	Standard	HPE 1800W-2200W Flex Slot Titanium Hot Plug Power Supply Kit	2	1588.00		3,176.00		No	03/06/2023	11/30/2030	UNCHANGED	1588.00	$0.00	0.00%	2026-08-27: $1588.00 → 2026-08-28: (no price)
Processor	Intel Xeon Scalable Processors	HPE OCA > DL380 Gen11 > Processor > Intel Xeon Scalable Processors	Processor	min 1, max 2	1	2	Mixing of different Power supply SKU is not allowed.	P03178-B21	Standard	HPE 1000W Flex Slot Titanium Hot Plug Power Supply Kit	0	926.00		NA		No	12/05/2022	06/30/2028	PRICE_CHANGED	N/A	+$926.00	0.00%	2026-08-27: (no price) → 2026-08-28: (no price) → 2026-09-09: $926.00
Processor	Intel Xeon Scalable Processors	HPE OCA > DL380 Gen11 > Processor > Intel Xeon Scalable Processors	Processor	min 1, max 2	1	2	Mixing of different Power supply SKU is not allowed.	P38995-B21	Standard	HPE 800W Flex Slot Platinum Hot Plug Low Halogen Power Supply Kit	0	524.00		NA		No	02/01/2021	06/30/2029	PRICE_AND_ATTRIBUTE_CHANGED	N/A	+$524.00	0.00%	2026-08-27: (no price) → 2026-08-28: (no price) → 2026-09-09: $524.00
Processor	Intel Xeon Scalable Processors	HPE OCA > DL380 Gen11 > Processor > Intel Xeon Scalable Processors	Processor	min 1, max 2	1	2	Mixing of different Power supply SKU is not allowed.	P38997-B21	Standard	HPE 1600W Flex Slot Platinum Hot Plug Low Halogen Power Supply Kit	0	890.00		NA		No	02/01/2021	06/30/2029	ATTRIBUTE_CHANGED	890.00	$0.00	0.00%	2026-08-27: $890.00 → 2026-08-28: (no price) → 2026-09-09: $890.00
Processor	Intel Xeon Scalable Processors	HPE OCA > DL380 Gen11 > Processor > Intel Xeon Scalable Processors	Processor	min 1, max 2	1	2	Mixing of different Power supply SKU is not allowed.	P17023-B21	Standard	HPE 1600W Flex Slot -48VDC Hot Plug Power Supply Kit	0	1561.00		NA		No	12/07/2020	06/30/2028	PRICE_CHANGED	N/A	+$1561.00	0.00%	2026-08-27: (no price) → 2026-08-28: (no price) → 2026-09-09: $1561.00
Power Supplies	-48VDC Power Supplies & Cable Kits	HPE OCA > DL380 Gen11 > Power Supplies > -48VDC Power Supplies & Cable Kits	Cable Kit	min 1, max 2	1	2	HPE 1600W -48VDC Pwr Cbl Lug Kit(P36877-B21) Supported only with HPE 1600W FS -48VDC Ht Plg PS Kit (P17023-B21).	P36877-B21	Standard	HPE 1600W -48VDC Power Cable Lug Kit	0	135.00		NA		No	12/07/2020	06/30/2029	PRICE_CHANGED	N/A	+$135.00	0.00%	2026-08-27: (no price) → 2026-08-28: (no price) → 2026-09-09: $135.00
Cables & Enablement Kits	Power Cords & Jumper Cables	HPE OCA > DL380 Gen11 > Cables & Enablement Kits > Power Cords & Jumper Cables	Cable Kit		0		BTO products are not allowed in CTO Base Model.	A0K02A	Standard	HPE C13 - C14 WW 250V 10Amp 2.0m Jumper Cord	0	34.00		NA		No	08/30/2011	09/30/2031	PRICE_CHANGED	N/A	+$34.00	0.00%	2026-08-27: (no price) → 2026-08-28: (no price) → 2026-09-09: $34.00
Cables & Enablement Kits	Power Cords & Jumper Cables	HPE OCA > DL380 Gen11 > Cables & Enablement Kits > Power Cords & Jumper Cables	Cable Kit		0			469774-409	Standard	HPE Remove Standard Power Cords	0	1.00		NA		No	12/17/2009	12/31/2030	UNCHANGED	1.00	$0.00	0.00%	2026-08-27: $1.00 → 2026-08-28: $1.00
Accessories & Infrastructure	Chassis Infrastructure & Rail Kits	HPE OCA > DL380 Gen11 > Accessories & Infrastructure > Chassis Infrastructure & Rail Kits	Chassis Infrastructure	Optional	0	Optional	Selection constraint for Chassis Infrastructure & Rail Kits: optional	875519-B21	Standard	HPE Bezel Lock Kit	0	89.00		NA		No	07/11/2017	06/30/2029	ADDED	N/A	+$89.00	+100.00%	2026-08-27: (no price) → 2026-08-28: (no price) → 2026-09-09: $89.00
Accessories & Infrastructure	Chassis Infrastructure & Rail Kits	HPE OCA > DL380 Gen11 > Accessories & Infrastructure > Chassis Infrastructure & Rail Kits	Cable Kit	Optional	0	Optional	Selection constraint for Chassis Infrastructure & Rail Kits: optional	P48922-B21	Standard	HPE ProLiant DL3XX Gen11 Intrusion Cable Kit	0	38.00		NA		No	11/10/2022	06/30/2029	ADDED	N/A	+$38.00	+100.00%	2026-08-27: (no price) → 2026-08-28: (no price) → 2026-09-09: $38.00
Accessories & Infrastructure	Chassis Infrastructure & Rail Kits	HPE OCA > DL380 Gen11 > Accessories & Infrastructure > Chassis Infrastructure & Rail Kits	Chassis Infrastructure	Optional	0	Optional	Selection constraint for Chassis Infrastructure & Rail Kits: optional	P50400-B21	Standard	HPE Gen11 2U Bezel Kit	0	88.00		NA		No	11/10/2022	06/30/2029	ADDED	N/A	+$88.00	+100.00%	2026-08-27: (no price) → 2026-08-28: (no price) → 2026-09-09: $88.00
Accessories & Infrastructure	Chassis Infrastructure & Rail Kits	HPE OCA > DL380 Gen11 > Accessories & Infrastructure > Chassis Infrastructure & Rail Kits	Chassis Infrastructure	Optional	0	Optional	Selection constraint for Chassis Infrastructure & Rail Kits: optional	P55441-B21	Standard	HPE OEM ProLiant Gen11 2U Bezel Kit	0	88.00		NA		No	12/10/2022	11/30/2028	ADDED	N/A	+$88.00	+100.00%	2026-08-27: (no price) → 2026-08-28: (no price) → 2026-09-09: $88.00
Accessories & Infrastructure	Chassis Infrastructure & Rail Kits	HPE OCA > DL380 Gen11 > Accessories & Infrastructure > Chassis Infrastructure & Rail Kits	Chassis Infrastructure	Optional	0	Optional	Selection constraint for Chassis Infrastructure & Rail Kits: optional	P22020-B21	Standard	HPE DL38X Gen10 Plus 2U Cable Management Arm for Rail Kit	0	89.00		NA		No	12/23/2019	05/31/2028	ADDED	N/A	+$89.00	+100.00%	2026-08-27: $89.00 → 2026-08-28: (no price) → 2026-09-09: $89.00
Accessories & Infrastructure	Chassis Infrastructure & Rail Kits	HPE OCA > DL380 Gen11 > Accessories & Infrastructure > Chassis Infrastructure & Rail Kits	Chassis Infrastructure	Optional	0	Optional	Selection constraint for Chassis Infrastructure & Rail Kits: optional	P52341-B21	Standard	HPE ProLiant DL3XX Gen11 Easy Install Rail 3 Kit	1	164.00		164.00		No	11/10/2022	05/31/2029	ADDED	N/A	+$164.00	+100.00%	2026-08-27: $164.00 → 2026-08-28: (no price) → 2026-09-09: $164.00
Accessories & Infrastructure	System Options	HPE OCA > DL380 Gen11 > Accessories & Infrastructure > System Options	Chassis Infrastructure	Optional	0	Optional	Can be selected with 8SFF CTO Server and 24SFF CTO Server only.	P48819-B21	Standard	HPE ProLiant DL380 Gen11 System Insight Display Kit	0	100.00		NA		No	01/10/2023	05/31/2028	ADDED	N/A	+$100.00	+100.00%	2026-08-27: (no price) → 2026-08-28: (no price) → 2026-09-09: $100.00
Software & Licenses	Server Management & Operating System Licenses	HPE OCA > DL380 Gen11 > Software & Licenses > Server Management & Operating System Licenses	Operating System / License	Unlimited	0	Unlimited	Selection constraint for Server Management & Operating System Licenses: no max	P46191-AA1	Standard	Microsoft Windows Server 2022 1 User CAL Chinese Simplified LTU	0	99999.00		NA		No	11/01/2021	05/31/2025	PRICE_CHANGED	N/A	+$99999.00	0.00%	2026-08-27: (no price) → 2026-08-28: (no price) → 2026-09-09: $99999.00
Software & Licenses	Server Management & Operating System Licenses	HPE OCA > DL380 Gen11 > Software & Licenses > Server Management & Operating System Licenses	Operating System / License	Unlimited	0	Unlimited	Selection constraint for Server Management & Operating System Licenses: no max	P46191-B21	Standard	Microsoft Windows Server 2022 1 User CAL en/cs/de/es/fr/it/nl/pl/pt/ru/sv/ko/ja/xc LTU	0	55.00		NA		No	11/01/2021	05/31/2025	PRICE_CHANGED	N/A	+$55.00	0.00%	2026-08-27: (no price) → 2026-08-28: (no price) → 2026-09-09: $55.00
Software & Licenses	Server Management & Operating System Licenses	HPE OCA > DL380 Gen11 > Software & Licenses > Server Management & Operating System Licenses	Operating System / License	Unlimited	0	Unlimited	Selection constraint for Server Management & Operating System Licenses: no max	P46194-B21	Standard	Microsoft Windows Server 2022 1 Device CAL en/cs/de/es/fr/it/nl/pl/pt/ru/sv/ko/ja/xc LTU	0	44.00		NA		No	11/01/2021	05/31/2025	PRICE_CHANGED	N/A	+$44.00	0.00%	2026-08-27: (no price) → 2026-08-28: (no price) → 2026-09-09: $44.00
Software & Licenses	Server Management & Operating System Licenses	HPE OCA > DL380 Gen11 > Software & Licenses > Server Management & Operating System Licenses	Operating System / License	Unlimited	0	Unlimited	Selection constraint for Server Management & Operating System Licenses: no max	P46215-AA1	Standard	Microsoft Windows Server 2022 5 Users CAL Chinese Simplified LTU	0	99999.00		NA		No	11/01/2021	05/31/2025	PRICE_CHANGED	N/A	+$99999.00	0.00%	2026-08-27: (no price) → 2026-08-28: (no price) → 2026-09-09: $99999.00
Software & Licenses	Server Management & Operating System Licenses	HPE OCA > DL380 Gen11 > Software & Licenses > Server Management & Operating System Licenses	Operating System / License	Unlimited	0	Unlimited	Selection constraint for Server Management & Operating System Licenses: no max	P46215-AB1	Standard	Microsoft Windows Server 2022 5 Users CAL Chinese Traditional LTU	0	99999.00		NA		No	11/01/2021	05/31/2025	PRICE_CHANGED	N/A	+$99999.00	0.00%	2026-08-27: (no price) → 2026-08-28: (no price) → 2026-09-09: $99999.00
Software & Licenses	Server Management & Operating System Licenses	HPE OCA > DL380 Gen11 > Software & Licenses > Server Management & Operating System Licenses	Operating System / License	Unlimited	0	Unlimited	Selection constraint for Server Management & Operating System Licenses: no max	P46215-B21	Standard	Microsoft Windows Server 2022 5 Users CAL en/cs/de/es/fr/it/nl/pl/pt/ru/sv/ko/ja/xc LTU	0	271.00		NA		No	11/01/2021	05/31/2025	PRICE_CHANGED	N/A	+$271.00	0.00%	2026-08-27: (no price) → 2026-08-28: (no price) → 2026-09-09: $271.00
Software & Licenses	Server Management & Operating System Licenses	HPE OCA > DL380 Gen11 > Software & Licenses > Server Management & Operating System Licenses	Operating System / License	Unlimited	0	Unlimited	Selection constraint for Server Management & Operating System Licenses: no max	P46216-B21	Standard	Microsoft Windows Server 2022 5 Devices CAL en/cs/de/es/fr/it/nl/pl/pt/ru/sv/ko/ja/xc LTU	0	216.00		NA		No	11/01/2021	05/31/2025	PRICE_CHANGED	N/A	+$216.00	0.00%	2026-08-27: (no price) → 2026-08-28: (no price) → 2026-09-09: $216.00
Software & Licenses	Server Management & Operating System Licenses	HPE OCA > DL380 Gen11 > Software & Licenses > Server Management & Operating System Licenses	Operating System / License	Unlimited	0	Unlimited	Selection constraint for Server Management & Operating System Licenses: no max	P46217-B21	Standard	Microsoft Windows Server 2022 10 Users CAL en/cs/de/es/fr/it/nl/pl/pt/ru/sv/ko/ja/xc LTU	0	539.00		NA		No	11/01/2021	05/31/2025	PRICE_CHANGED	N/A	+$539.00	0.00%	2026-08-27: (no price) → 2026-08-28: (no price) → 2026-09-09: $539.00
Software & Licenses	Server Management & Operating System Licenses	HPE OCA > DL380 Gen11 > Software & Licenses > Server Management & Operating System Licenses	Operating System / License	Unlimited	0	Unlimited	Selection constraint for Server Management & Operating System Licenses: no max	P46218-B21	Standard	Microsoft Windows Server 2022 10 Devices CAL en/cs/de/es/fr/it/nl/pl/pt/ru/sv/ko/ja/xc LTU	0	429.00		NA		No	11/01/2021	05/31/2025	PRICE_CHANGED	N/A	+$429.00	0.00%	2026-08-27: (no price) → 2026-08-28: (no price) → 2026-09-09: $429.00
Software & Licenses	Server Management & Operating System Licenses	HPE OCA > DL380 Gen11 > Software & Licenses > Server Management & Operating System Licenses	Operating System / License	Unlimited	0	Unlimited	Selection constraint for Server Management & Operating System Licenses: no max	P46219-B21	Standard	Microsoft Windows Server 2022 50 Users CAL en/cs/de/es/fr/it/nl/pl/pt/ru/sv/ko/ja/xc LTU	0	2695.00		NA		No	11/01/2021	05/31/2025	PRICE_CHANGED	N/A	+$2695.00	0.00%	2026-08-27: (no price) → 2026-08-28: (no price) → 2026-09-09: $2695.00
Software & Licenses	Server Management & Operating System Licenses	HPE OCA > DL380 Gen11 > Software & Licenses > Server Management & Operating System Licenses	Operating System / License	Unlimited	0	Unlimited	Selection constraint for Server Management & Operating System Licenses: no max	P46220-B21	Standard	Microsoft Windows Server 2022 50 Devices CAL en/cs/de/es/fr/it/nl/pl/pt/ru/sv/ko/ja/xc LTU	0	2145.00		NA		No	11/01/2021	05/31/2025	PRICE_CHANGED	N/A	+$2145.00	0.00%	2026-08-27: (no price) → 2026-08-28: (no price) → 2026-09-09: $2145.00
Software & Licenses	Server Management & Operating System Licenses	HPE OCA > DL380 Gen11 > Software & Licenses > Server Management & Operating System Licenses	Operating System / License	Unlimited	0	Unlimited	Selection constraint for Server Management & Operating System Licenses: no max	P46221-B21	Standard	Microsoft Windows Server 2022 RDS 5 Users CAL en/cs/de/es/fr/it/nl/pl/pt/ru/sv/ko/ja/xc LTU	0	935.00		NA		No	11/01/2021	05/31/2025	PRICE_CHANGED	N/A	+$935.00	0.00%	2026-08-27: (no price) → 2026-08-28: (no price) → 2026-09-09: $935.00
Software & Licenses	Server Management & Operating System Licenses	HPE OCA > DL380 Gen11 > Software & Licenses > Server Management & Operating System Licenses	Operating System / License	Unlimited	0	Unlimited	Selection constraint for Server Management & Operating System Licenses: no max	P46222-B21	Standard	Microsoft Windows Server 2022 RDS 5 Devices CAL en/cs/de/es/fr/it/nl/pl/pt/ru/sv/ko/ja/xc LTU	0	880.00		NA		No	11/01/2021	05/31/2025	PRICE_CHANGED	N/A	+$880.00	0.00%	2026-08-27: (no price) → 2026-08-28: (no price) → 2026-09-09: $880.00
Software & Licenses	Server Management & Operating System Licenses	HPE OCA > DL380 Gen11 > Software & Licenses > Server Management & Operating System Licenses	Operating System / License	Unlimited	0	Unlimited	Selection constraint for Server Management & Operating System Licenses: no max	P77110-AA1	Standard	Microsoft Windows Server 2025 1 User CAL Chinese Simplified LTU	0	0		NA		No	12/02/2024	11/30/2027	UNCHANGED	N/A	$0.00	0.00%	2026-08-27: (no price) → 2026-08-28: (no price)
Software & Licenses	Server Management & Operating System Licenses	HPE OCA > DL380 Gen11 > Software & Licenses > Server Management & Operating System Licenses	Operating System / License	Unlimited	0	Unlimited	Selection constraint for Server Management & Operating System Licenses: no max	P77110-B21	Standard	Microsoft Windows Server 2025 1 User CAL WW LTU	0	72.00		NA		No	12/02/2024	11/30/2027	PRICE_CHANGED	N/A	+$72.00	0.00%	2026-08-27: (no price) → 2026-08-28: (no price) → 2026-09-09: $72.00
Software & Licenses	Server Management & Operating System Licenses	HPE OCA > DL380 Gen11 > Software & Licenses > Server Management & Operating System Licenses	Operating System / License	Unlimited	0	Unlimited	Selection constraint for Server Management & Operating System Licenses: no max	P77111-B21	Standard	Microsoft Windows Server 2025 1 Device CAL WW LTU	0	52.00		NA		No	12/02/2024	11/30/2027	PRICE_CHANGED	N/A	+$52.00	0.00%	2026-08-27: (no price) → 2026-08-28: (no price) → 2026-09-09: $52.00
Software & Licenses	Server Management & Operating System Licenses	HPE OCA > DL380 Gen11 > Software & Licenses > Server Management & Operating System Licenses	Operating System / License	Unlimited	0	Unlimited	Selection constraint for Server Management & Operating System Licenses: no max	P77112-AA1	Standard	Microsoft Windows Server 2025 5 Users CAL Chinese Simplified LTU	0	0		NA		No	12/02/2024	11/30/2027	UNCHANGED	N/A	$0.00	0.00%	2026-08-27: (no price) → 2026-08-28: (no price)
Software & Licenses	Server Management & Operating System Licenses	HPE OCA > DL380 Gen11 > Software & Licenses > Server Management & Operating System Licenses	Operating System / License	Unlimited	0	Unlimited	Selection constraint for Server Management & Operating System Licenses: no max	P77112-AB1	Standard	Microsoft Windows Server 2025 5 Users CAL Chinese Traditional LTU	0	0		NA		No	12/02/2024	11/30/2027	UNCHANGED	N/A	$0.00	0.00%	2026-08-27: (no price) → 2026-08-28: (no price)
Software & Licenses	Server Management & Operating System Licenses	HPE OCA > DL380 Gen11 > Software & Licenses > Server Management & Operating System Licenses	Operating System / License	Unlimited	0	Unlimited	Selection constraint for Server Management & Operating System Licenses: no max	P77112-B21	Standard	Microsoft Windows Server 2025 5 Users CAL WW LTU	0	322.00		NA		No	12/02/2024	11/30/2027	PRICE_CHANGED	N/A	+$322.00	0.00%	2026-08-27: (no price) → 2026-08-28: (no price) → 2026-09-09: $322.00
Software & Licenses	Server Management & Operating System Licenses	HPE OCA > DL380 Gen11 > Software & Licenses > Server Management & Operating System Licenses	Operating System / License	Unlimited	0	Unlimited	Selection constraint for Server Management & Operating System Licenses: no max	P77113-B21	Standard	Microsoft Windows Server 2025 5 Devices CAL WW LTU	0	226.00		NA		No	12/02/2024	11/30/2027	PRICE_CHANGED	N/A	+$226.00	0.00%	2026-08-27: (no price) → 2026-08-28: (no price) → 2026-09-09: $226.00
Software & Licenses	Server Management & Operating System Licenses	HPE OCA > DL380 Gen11 > Software & Licenses > Server Management & Operating System Licenses	Operating System / License	Unlimited	0	Unlimited	Selection constraint for Server Management & Operating System Licenses: no max	P77114-B21	Standard	Microsoft Windows Server 2025 10 Users CAL WW LTU	0	636.00		NA		No	12/02/2024	11/30/2027	PRICE_CHANGED	N/A	+$636.00	0.00%	2026-08-27: (no price) → 2026-08-28: (no price) → 2026-09-09: $636.00
Software & Licenses	Server Management & Operating System Licenses	HPE OCA > DL380 Gen11 > Software & Licenses > Server Management & Operating System Licenses	Operating System / License	Unlimited	0	Unlimited	Selection constraint for Server Management & Operating System Licenses: no max	P77115-B21	Standard	Microsoft Windows Server 2025 10 Devices CAL WW LTU	0	444.00		NA		No	12/02/2024	11/30/2027	PRICE_CHANGED	N/A	+$444.00	0.00%	2026-08-27: (no price) → 2026-08-28: (no price) → 2026-09-09: $444.00
Software & Licenses	Server Management & Operating System Licenses	HPE OCA > DL380 Gen11 > Software & Licenses > Server Management & Operating System Licenses	Operating System / License	Unlimited	0	Unlimited	Selection constraint for Server Management & Operating System Licenses: no max	P77116-B21	Standard	Microsoft Windows Server 2025 50 Users CAL WW LTU	0	3143.00		NA		No	12/02/2024	11/30/2027	PRICE_CHANGED	N/A	+$3143.00	0.00%	2026-08-27: (no price) → 2026-08-28: (no price) → 2026-09-09: $3143.00
Software & Licenses	Server Management & Operating System Licenses	HPE OCA > DL380 Gen11 > Software & Licenses > Server Management & Operating System Licenses	Operating System / License	Unlimited	0	Unlimited	Selection constraint for Server Management & Operating System Licenses: no max	P77117-B21	Standard	Microsoft Windows Server 2025 50 Devices CAL WW LTU	0	2184.00		NA		No	12/02/2024	11/30/2027	PRICE_CHANGED	N/A	+$2184.00	0.00%	2026-08-27: (no price) → 2026-08-28: (no price) → 2026-09-09: $2184.00
Software & Licenses	Server Management & Operating System Licenses	HPE OCA > DL380 Gen11 > Software & Licenses > Server Management & Operating System Licenses	Service & Support	Unlimited	0	Unlimited	Selection constraint for Server Management & Operating System Licenses: no max	P77118-B21	Standard	Microsoft Windows Server 2025 Remote Desktop Service 1 User CAL WW LTU	0	280.00		NA		No	12/02/2024	11/30/2027	PRICE_CHANGED	N/A	+$280.00	0.00%	2026-08-27: (no price) → 2026-08-28: (no price) → 2026-09-09: $280.00
Software & Licenses	Server Management & Operating System Licenses	HPE OCA > DL380 Gen11 > Software & Licenses > Server Management & Operating System Licenses	Service & Support	Unlimited	0	Unlimited	Selection constraint for Server Management & Operating System Licenses: no max	P77119-B21	Standard	Microsoft Windows Server 2025 Remote Desktop Service 1 Device CAL WW LTU	0	201.00		NA		No	12/02/2024	11/30/2027	PRICE_CHANGED	N/A	+$201.00	0.00%	2026-08-27: (no price) → 2026-08-28: (no price) → 2026-09-09: $201.00
Software & Licenses	Server Management & Operating System Licenses	HPE OCA > DL380 Gen11 > Software & Licenses > Server Management & Operating System Licenses	Service & Support	Unlimited	0	Unlimited	Selection constraint for Server Management & Operating System Licenses: no max	P77120-B21	Standard	Microsoft Windows Server 2025 Remote Desktop Service 5 Users CAL WW LTU	0	1364.00		NA		No	12/02/2024	11/30/2027	PRICE_CHANGED	N/A	+$1364.00	0.00%	2026-08-27: (no price) → 2026-08-28: (no price) → 2026-09-09: $1364.00
Software & Licenses	Server Management & Operating System Licenses	HPE OCA > DL380 Gen11 > Software & Licenses > Server Management & Operating System Licenses	Service & Support	Unlimited	0	Unlimited	Selection constraint for Server Management & Operating System Licenses: no max	P77121-B21	Standard	Microsoft Windows Server 2025 Remote Desktop Service 5 Devices CAL WW LTU	0	974.00		NA		No	12/02/2024	11/30/2027	PRICE_CHANGED	N/A	+$974.00	0.00%	2026-08-27: (no price) → 2026-08-28: (no price) → 2026-09-09: $974.00
Software & Licenses	Server Management & Operating System Licenses	HPE OCA > DL380 Gen11 > Software & Licenses > Server Management & Operating System Licenses	Service & Support	Unlimited	0	Unlimited	Selection constraint for Server Management & Operating System Licenses: no max	P77122-B21	Standard	Microsoft Windows Server 2025 Remote Desktop Service 50 Users CAL WW LTU	0	13566.00		NA		No	12/02/2024	11/30/2027	PRICE_CHANGED	N/A	+$13566.00	0.00%	2026-08-27: (no price) → 2026-08-28: (no price) → 2026-09-09: $13566.00
Software & Licenses	Server Management & Operating System Licenses	HPE OCA > DL380 Gen11 > Software & Licenses > Server Management & Operating System Licenses	Service & Support	Unlimited	0	Unlimited	Selection constraint for Server Management & Operating System Licenses: no max	P77123-B21	Standard	Microsoft Windows Server 2025 Remote Desktop Service 50 Devices CAL WW LTU	0	9666.00		NA		No	12/02/2024	11/30/2027	PRICE_CHANGED	N/A	+$9666.00	0.00%	2026-08-27: (no price) → 2026-08-28: (no price) → 2026-09-09: $9666.00
Software & Licenses	Server Management & Operating System Licenses	HPE OCA > DL380 Gen11 > Software & Licenses > Server Management & Operating System Licenses	Operating System / License	Unlimited	0	Unlimited	Selection constraint for Server Management & Operating System Licenses: no max	P46155-291	Standard	Microsoft Windows Server 2022 16-core Standard FIO Pre-installed UEFI Japanese SW	0	99999.00		NA		No	05/02/2022	05/31/2025	PRICE_CHANGED	N/A	+$99999.00	0.00%	2026-08-27: (no price) → 2026-08-28: (no price) → 2026-09-09: $99999.00
Software & Licenses	Server Management & Operating System Licenses	HPE OCA > DL380 Gen11 > Software & Licenses > Server Management & Operating System Licenses	Operating System / License	Unlimited	0	Unlimited	Selection constraint for Server Management & Operating System Licenses: no max	P46155-B21	Standard	Microsoft Windows Server 2022 16-core Standard FIO Pre-installed UEFI en/fr/it/de/es/nl/pt SW	0	988.00		NA		No	05/02/2022	05/31/2025	PRICE_CHANGED	N/A	+$988.00	0.00%	2026-08-27: (no price) → 2026-08-28: (no price) → 2026-09-09: $988.00
Software & Licenses	Server Management & Operating System Licenses	HPE OCA > DL380 Gen11 > Software & Licenses > Server Management & Operating System Licenses	Operating System / License	Unlimited	0	Unlimited	Selection constraint for Server Management & Operating System Licenses: no max	P77096-291	Standard	Microsoft Windows Server 2025 16-core Standard FIO Pre-installed UEFI Japanese SW	0	0		NA		No	12/02/2024	01/31/2027	UNCHANGED	N/A	$0.00	0.00%	2026-08-27: (no price) → 2026-08-28: (no price)
Software & Licenses	Server Management & Operating System Licenses	HPE OCA > DL380 Gen11 > Software & Licenses > Server Management & Operating System Licenses	Operating System / License	Unlimited	0	Unlimited	Selection constraint for Server Management & Operating System Licenses: no max	P77096-B21	Standard	Microsoft Windows Server 2025 16-core Standard FIO Pre-installed UEFI en/fr/de/es/it/pt/nl SW	0	1147.00		NA		No	12/02/2024	01/31/2027	PRICE_CHANGED	N/A	+$1147.00	0.00%	2026-08-27: (no price) → 2026-08-28: (no price) → 2026-09-09: $1147.00
Software & Licenses	Server Management & Operating System Licenses	HPE OCA > DL380 Gen11 > Software & Licenses > Server Management & Operating System Licenses	Service & Support	Unlimited	0	Unlimited	Selection constraint for Server Management & Operating System Licenses: no max	512485-B21	Standard	HPE iLO Advanced 1-server License with 1yr Support on iLO Licensed Features	0	399.00		NA		No	11/18/2008	01/25/2036	PRICE_CHANGED	N/A	+$399.00	0.00%	2026-08-27: (no price) → 2026-08-28: (no price) → 2026-09-09: $399.00
Software & Licenses	Server Management & Operating System Licenses	HPE OCA > DL380 Gen11 > Software & Licenses > Server Management & Operating System Licenses	Service & Support	Unlimited	0	Unlimited	Selection constraint for Server Management & Operating System Licenses: no max	BD505A	Standard	HPE iLO Advanced 1-server License with 3yr Support on iLO Licensed Features	1	469.00		469.00		No	03/26/2012	01/25/2036	PRICE_CHANGED	N/A	+$469.00	0.00%	2026-08-27: (no price) → 2026-08-28: (no price) → 2026-09-09: $469.00
Software & Licenses	Server Management & Operating System Licenses	HPE OCA > DL380 Gen11 > Software & Licenses > Server Management & Operating System Licenses	Service & Support	Unlimited	0	Unlimited	Selection constraint for Server Management & Operating System Licenses: no max	512487-B21	Standard	HPE iLO Advanced AKA Tracking License with 1yr Support on iLO Licensed Features	0	399.00		NA		No	03/04/2015	01/25/2036	PRICE_CHANGED	N/A	+$399.00	0.00%	2026-08-27: (no price) → 2026-08-28: (no price) → 2026-09-09: $399.00
Software & Licenses	Server Management & Operating System Licenses	HPE OCA > DL380 Gen11 > Software & Licenses > Server Management & Operating System Licenses	Service & Support	Unlimited	0	Unlimited	Selection constraint for Server Management & Operating System Licenses: no max	BD507A	Standard	HPE iLO Advanced AKA Tracking License with 3yr Support on iLO Licensed Features	0	469.00		NA		No	03/26/2012	01/25/2036	PRICE_CHANGED	N/A	+$469.00	0.00%	2026-08-27: (no price) → 2026-08-28: (no price) → 2026-09-09: $469.00
Software & Licenses	Server Management & Operating System Licenses	HPE OCA > DL380 Gen11 > Software & Licenses > Server Management & Operating System Licenses	Service & Support	Unlimited	0	Unlimited	Selection constraint for Server Management & Operating System Licenses: no max	E6U59ABE	Standard	HPE iLO Advanced Electronic License with 1yr Support on iLO Licensed Features	0	399.00		NA		No	09/10/2013	01/25/2036	PRICE_CHANGED	N/A	+$399.00	0.00%	2026-08-27: (no price) → 2026-08-28: (no price) → 2026-09-09: $399.00
Software & Licenses	Server Management & Operating System Licenses	HPE OCA > DL380 Gen11 > Software & Licenses > Server Management & Operating System Licenses	Service & Support	Unlimited	0	Unlimited	Selection constraint for Server Management & Operating System Licenses: no max	E6U64ABE	Standard	HPE iLO Advanced Electronic License with 3yr Support on iLO Licensed Features	0	467.00		NA		No	09/10/2013	01/25/2036	PRICE_CHANGED	N/A	+$467.00	0.00%	2026-08-27: (no price) → 2026-08-28: (no price) → 2026-09-09: $467.00
Software & Licenses	Server Management & Operating System Licenses	HPE OCA > DL380 Gen11 > Software & Licenses > Server Management & Operating System Licenses	Service & Support	Unlimited	0	Unlimited	Selection constraint for Server Management & Operating System Licenses: no max	512486-B21	Standard	HPE iLO Advanced Flexible Quantity License with 1yr Support on iLO Licensed Features	0	399.00		NA		No	11/18/2008	10/01/2024	PRICE_CHANGED	N/A	+$399.00	0.00%	2026-08-27: (no price) → 2026-08-28: (no price) → 2026-09-09: $399.00
Software & Licenses	Server Management & Operating System Licenses	HPE OCA > DL380 Gen11 > Software & Licenses > Server Management & Operating System Licenses	Service & Support	Unlimited	0	Unlimited	Selection constraint for Server Management & Operating System Licenses: no max	BD506A	Standard	HPE iLO Advanced Flexible Quantity License with 3yr Support on iLO Licensed Features	0	469.00		NA		No	03/26/2012	10/01/2024	PRICE_CHANGED	N/A	+$469.00	0.00%	2026-08-27: (no price) → 2026-08-28: (no price) → 2026-09-09: $469.00
Software & Licenses	Server Management & Operating System Licenses	HPE OCA > DL380 Gen11 > Software & Licenses > Server Management & Operating System Licenses	Operating System / License	Unlimited	0	Unlimited	Selection constraint for Server Management & Operating System Licenses: no max	Q5T84A	Standard	SUSE Linux Enterprise High Availability Extension 1-2 Sockets 1yr Subscription Flexible LTU	0	752.00		NA		No	06/05/2017	09/30/2027	PRICE_CHANGED	N/A	+$752.00	0.00%	2026-08-27: (no price) → 2026-08-28: (no price) → 2026-09-09: $752.00
Software & Licenses	Server Management & Operating System Licenses	HPE OCA > DL380 Gen11 > Software & Licenses > Server Management & Operating System Licenses	Operating System / License	Unlimited	0	Unlimited	Selection constraint for Server Management & Operating System Licenses: no max	Q5T85A	Standard	SUSE Linux Enterprise High Availability Extension 1-2 Sockets 5yr Subscription Flexible LTU	0	3390.00		NA		No	06/05/2017	09/30/2027	PRICE_CHANGED	N/A	+$3390.00	0.00%	2026-08-27: (no price) → 2026-08-28: (no price) → 2026-09-09: $3390.00
Chassis	Variants	HPE OCA > DL380 Gen11 > Chassis > Variants	Base Chassis	Discontinued	0	Discontinued	[DISCONTINUED] SKU present in previous scrape but removed from active catalog	P52532-B21	CTO	[REMOVED SKU] HPE ProLiant DL380 Gen11 8LFF Configure-to-order Server	0	1750.00	-	0.00	-	No	2026-08-28	2026-09-09	REMOVED	1750.00	-$1750.00	-100.00%	2026-08-27: $1750.00 → 2026-08-28: $1750.00 (✕ REMOVED) → 2026-09-09: $1750.00 (✕ REMOVED)
Chassis	Variants	HPE OCA > DL380 Gen11 > Chassis > Variants	Base Chassis	Discontinued	0	Discontinued	[DISCONTINUED] SKU present in previous scrape but removed from active catalog	P52533-B21	CTO	[REMOVED SKU] HPE ProLiant DL380 Gen11 12LFF Configure-to-order Server	0	1900.00	-	0.00	-	No	2026-08-28	2026-09-09	REMOVED	1900.00	-$1900.00	-100.00%	2026-08-27: $1900.00 → 2026-08-28: $1900.00 (✕ REMOVED) → 2026-09-09: $1900.00 (✕ REMOVED)
Chassis	Variants	HPE OCA > DL380 Gen11 > Chassis > Variants	Base Chassis	Discontinued	0	Discontinued	[DISCONTINUED] SKU present in previous scrape but removed from active catalog	P52534-B21	CTO	[REMOVED SKU] HPE ProLiant DL380 Gen11 8SFF Configure-to-order Server	0	1650.00	-	0.00	-	No	2026-08-28	2026-09-09	REMOVED	1650.00	-$1650.00	-100.00%	2026-08-10: $5070.00 → 2026-08-27: $1650.00 (✕ REMOVED) → 2026-08-28: $1650.00 (✕ REMOVED) → 2026-09-09: $1650.00 (✕ REMOVED)
Chassis	Variants	HPE OCA > DL380 Gen11 > Chassis > Variants	Base Chassis	Discontinued	0	Discontinued	[DISCONTINUED] SKU present in previous scrape but removed from active catalog	P52535-B21	CTO	[REMOVED SKU] HPE ProLiant DL380 Gen11 24SFF Configure-to-order Server	0	2100.00	-	0.00	-	No	2026-08-28	2026-09-09	REMOVED	2100.00	-$2100.00	-100.00%	2026-08-10: $1900.00 → 2026-08-27: $2100.00 (▲) → 2026-08-28: $2100.00 (✕ REMOVED) → 2026-09-09: $2100.00 (✕ REMOVED)
Chassis	Variants	HPE OCA > DL380 Gen11 > Chassis > Variants	Base Chassis	Discontinued	0	Discontinued	[DISCONTINUED] SKU present in previous scrape but removed from active catalog	P52536-B21	CTO	[REMOVED SKU] HPE ProLiant DL380 Gen11 24EDSFF Configure-to-order Server	0	2250.00	-	0.00	-	No	2026-08-28	2026-09-09	REMOVED	2250.00	-$2250.00	-100.00%	2026-08-10: $2250.00 → 2026-08-27: $2250.00 (✕ REMOVED) → 2026-08-28: $2250.00 (✕ REMOVED) → 2026-09-09: $2250.00 (✕ REMOVED)
Chassis	Variants	HPE OCA > DL380 Gen11 > Chassis > Variants	Base Chassis	Discontinued	0	Discontinued	[DISCONTINUED] SKU present in previous scrape but removed from active catalog	P52537-B21	CTO	[REMOVED SKU] HPE ProLiant DL380 Gen11 8SFF NVMe Configure-to-order Server	0	2050.00	-	0.00	-	No	2026-08-28	2026-09-09	REMOVED	2050.00	-$2050.00	-100.00%	2026-08-10: $2050.00 → 2026-08-27: $2050.00 (✕ REMOVED) → 2026-08-28: $2050.00 (✕ REMOVED) → 2026-09-09: $2050.00 (✕ REMOVED)