Main Category	Sub-Category	Hierarchy Path	Component Role	Constraint Text	Subcategory Min Qty	Subcategory Max Qty	Table Rule/Note	Product #	Option Type	Description	Current Qty	Unit Price (USD)	Price Delta (USD)	Extended Price (USD)	Price per GB (USD)	HPE Recommended	Availability	Lead Time	Lead Time Source	Lifecycle Status	Start Date	Discontinued Date	Vendor Attributes (JSON)	Diff Status	Previous List Price (USD)	Price Change (USD)	Price Change (%)	Price History Trail
Storage Controllers	RAID Settings	HPE OCA > SY480 Gen12 [P68217-B21] > Storage Controllers > RAID Settings	Storage Controller	max 1	0	1	Selection constraint for RAID Settings: max 1	R7J59AAE	Service	Intel Virtual RAID on CPU Premium E-RTU for HPE	0	0	0	0		No	Available		Not published by OCA	Active	04/06/2021	02/29/2028	{"Price Delta (USD)":"0","Extended Price (USD)":"0"}	BASELINE	N/A	$0.00	0.00%	2026-09-11: (no price)
Storage Controllers	RAID Settings	HPE OCA > SY480 Gen12 [P68217-B21] > Storage Controllers > RAID Settings	Storage Controller	max 1	0	1	Selection constraint for RAID Settings: max 1	S3Q39AAE	Service	Intel Virtual RAID on CPU RAID 1 E-RTU for HPE	0	0	0	0		No	Available		Not published by OCA	Active	04/01/2024	02/29/2028	{"Price Delta (USD)":"0","Extended Price (USD)":"0"}	BASELINE	N/A	$0.00	0.00%	2026-09-11: (no price)
Storage Controllers	Intel VROC RAID Enablement	HPE OCA > SY480 Gen12 [P68217-B21] > Storage Controllers > Intel VROC RAID Enablement	Storage Controller	Unlimited	0	Unlimited	The VROC SKUs could be selected only if the NVMe drives are selected with either 4SFF Dir Conn Kit (P68219-B21) or 8EDSFF Kit (P68220-B21)	R7J57A	Service	Intel Virtual RAID on CPU Premium FIO Software for HPE	0	0	0	0		No	Not published by OCA		Not published by OCA	Active	04/06/2021	02/29/2028	{"Price Delta (USD)":"0","Extended Price (USD)":"0"}	BASELINE	N/A	$0.00	0.00%	2026-09-11: (no price)
Storage Controllers	Intel VROC RAID Enablement	HPE OCA > SY480 Gen12 [P68217-B21] > Storage Controllers > Intel VROC RAID Enablement	Storage Controller	Unlimited	0	Unlimited	The VROC SKUs could be selected only if the NVMe drives are selected with either 4SFF Dir Conn Kit (P68219-B21) or 8EDSFF Kit (P68220-B21)	S3Q19A	Service	Intel Virtual RAID on CPU RAID 1 FIO Software for HPE	0	0	0	0		No	Not published by OCA		Not published by OCA	Active	04/01/2024	02/29/2028	{"Price Delta (USD)":"0","Extended Price (USD)":"0"}	BASELINE	N/A	$0.00	0.00%	2026-09-11: (no price)
Software & Licenses	Server Management & Operating System Licenses	HPE OCA > SY480 Gen12 [P68217-B21] > Software & Licenses > Server Management & Operating System Licenses	Operating System / License	max 1	0	1	Selection constraint for Server Management & Operating System Licenses: max 1	S6K30B	Service	Microsoft Windows Server 2025 16-core Standard FIO Not Pre-installed WW ESD LTU	0	0		0		No	Available		Not published by OCA	Active	09/02/2025	11/30/2027	{"Extended Price (USD)":"0"}	BASELINE	N/A	$0.00	0.00%	2026-09-11: (no price)
Software & Licenses	Server Management & Operating System Licenses	HPE OCA > SY480 Gen12 [P68217-B21] > Software & Licenses > Server Management & Operating System Licenses	Operating System / License	max 1	0	1	Selection constraint for Server Management & Operating System Licenses: max 1	S6L35B	Service	Microsoft Windows Server 2025 16-core Datacenter FIO Not Pre-installed WW ESD LTU	0	0		0		No	Available		Not published by OCA	Active	09/02/2025	11/30/2027	{"Extended Price (USD)":"0"}	BASELINE	N/A	$0.00	0.00%	2026-09-11: (no price)
Support Services	Server Management & Operating System Licenses	HPE OCA > SY480 Gen12 [P68217-B21] > Support Services > Server Management & Operating System Licenses	Service & Support	max 1	0	1	Selection constraint for Server Management & Operating System Licenses: max 1	P46194-B21	Standard	Microsoft Windows Server 2022 1 Device CAL en/cs/de/es/fr/it/nl/pl/pt/ru/sv/ko/ja/xc LTU	0	0		0		No	Obsolete (OB)		Not published by OCA	Obsolete (OB)	11/01/2021	05/31/2025	{"Extended Price (USD)":"0"}	BASELINE	N/A	$0.00	0.00%	2026-09-11: (no price)
Support Services	Server Management & Operating System Licenses	HPE OCA > SY480 Gen12 [P68217-B21] > Support Services > Server Management & Operating System Licenses	Service & Support	max 1	0	1	Selection constraint for Server Management & Operating System Licenses: max 1	P46191-AA1	Standard	Microsoft Windows Server 2022 1 User CAL Chinese Simplified LTU	0	0		0		No	Obsolete (OB)		Not published by OCA	Obsolete (OB)	11/01/2021	05/31/2025	{"Extended Price (USD)":"0"}	BASELINE	N/A	$0.00	0.00%	2026-09-11: (no price)
Support Services	Server Management & Operating System Licenses	HPE OCA > SY480 Gen12 [P68217-B21] > Support Services > Server Management & Operating System Licenses	Service & Support	max 1	0	1	Selection constraint for Server Management & Operating System Licenses: max 1	P46191-B21	Standard	Microsoft Windows Server 2022 1 User CAL en/cs/de/es/fr/it/nl/pl/pt/ru/sv/ko/ja/xc LTU	0	0		0		No	Obsolete (OB)		Not published by OCA	Obsolete (OB)	11/01/2021	05/31/2025	{"Extended Price (USD)":"0"}	BASELINE	N/A	$0.00	0.00%	2026-09-11: (no price)
Support Services	Server Management & Operating System Licenses	HPE OCA > SY480 Gen12 [P68217-B21] > Support Services > Server Management & Operating System Licenses	Service & Support	max 1	0	1	Selection constraint for Server Management & Operating System Licenses: max 1	P46218-B21	Standard	Microsoft Windows Server 2022 10 Devices CAL en/cs/de/es/fr/it/nl/pl/pt/ru/sv/ko/ja/xc LTU	0	0		0		No	Obsolete (OB)		Not published by OCA	Obsolete (OB)	11/01/2021	05/31/2025	{"Extended Price (USD)":"0"}	BASELINE	N/A	$0.00	0.00%	2026-09-11: (no price)
Support Services	Server Management & Operating System Licenses	HPE OCA > SY480 Gen12 [P68217-B21] > Support Services > Server Management & Operating System Licenses	Service & Support	max 1	0	1	Selection constraint for Server Management & Operating System Licenses: max 1	P46217-B21	Standard	Microsoft Windows Server 2022 10 Users CAL en/cs/de/es/fr/it/nl/pl/pt/ru/sv/ko/ja/xc LTU	0	0		0		No	Obsolete (OB)		Not published by OCA	Obsolete (OB)	11/01/2021	05/31/2025	{"Extended Price (USD)":"0"}	BASELINE	N/A	$0.00	0.00%	2026-09-11: (no price)
Support Services	Server Management & Operating System Licenses	HPE OCA > SY480 Gen12 [P68217-B21] > Support Services > Server Management & Operating System Licenses	Service & Support	max 1	0	1	Selection constraint for Server Management & Operating System Licenses: max 1	P46216-B21	Standard	Microsoft Windows Server 2022 5 Devices CAL en/cs/de/es/fr/it/nl/pl/pt/ru/sv/ko/ja/xc LTU	0	0		0		No	Obsolete (OB)		Not published by OCA	Obsolete (OB)	11/01/2021	05/31/2025	{"Extended Price (USD)":"0"}	BASELINE	N/A	$0.00	0.00%	2026-09-11: (no price)
Support Services	Server Management & Operating System Licenses	HPE OCA > SY480 Gen12 [P68217-B21] > Support Services > Server Management & Operating System Licenses	Service & Support	max 1	0	1	Selection constraint for Server Management & Operating System Licenses: max 1	P46215-AA1	Standard	Microsoft Windows Server 2022 5 Users CAL Chinese Simplified LTU	0	0		0		No	Obsolete (OB)		Not published by OCA	Obsolete (OB)	11/01/2021	05/31/2025	{"Extended Price (USD)":"0"}	BASELINE	N/A	$0.00	0.00%	2026-09-11: (no price)
Support Services	Server Management & Operating System Licenses	HPE OCA > SY480 Gen12 [P68217-B21] > Support Services > Server Management & Operating System Licenses	Service & Support	max 1	0	1	Selection constraint for Server Management & Operating System Licenses: max 1	P46215-AB1	Standard	Microsoft Windows Server 2022 5 Users CAL Chinese Traditional LTU	0	0		0		No	Obsolete (OB)		Not published by OCA	Obsolete (OB)	11/01/2021	05/31/2025	{"Extended Price (USD)":"0"}	BASELINE	N/A	$0.00	0.00%	2026-09-11: (no price)
Support Services	Server Management & Operating System Licenses	HPE OCA > SY480 Gen12 [P68217-B21] > Support Services > Server Management & Operating System Licenses	Service & Support	max 1	0	1	Selection constraint for Server Management & Operating System Licenses: max 1	P46215-B21	Standard	Microsoft Windows Server 2022 5 Users CAL en/cs/de/es/fr/it/nl/pl/pt/ru/sv/ko/ja/xc LTU	0	0		0		No	Obsolete (OB)		Not published by OCA	Obsolete (OB)	11/01/2021	05/31/2025	{"Extended Price (USD)":"0"}	BASELINE	N/A	$0.00	0.00%	2026-09-11: (no price)
Support Services	Server Management & Operating System Licenses	HPE OCA > SY480 Gen12 [P68217-B21] > Support Services > Server Management & Operating System Licenses	Service & Support	max 1	0	1	Selection constraint for Server Management & Operating System Licenses: max 1	P46220-B21	Standard	Microsoft Windows Server 2022 50 Devices CAL en/cs/de/es/fr/it/nl/pl/pt/ru/sv/ko/ja/xc LTU	0	0		0		No	Obsolete (OB)		Not published by OCA	Obsolete (OB)	11/01/2021	05/31/2025	{"Extended Price (USD)":"0"}	BASELINE	N/A	$0.00	0.00%	2026-09-11: (no price)
Support Services	Server Management & Operating System Licenses	HPE OCA > SY480 Gen12 [P68217-B21] > Support Services > Server Management & Operating System Licenses	Service & Support	max 1	0	1	Selection constraint for Server Management & Operating System Licenses: max 1	P46219-B21	Standard	Microsoft Windows Server 2022 50 Users CAL en/cs/de/es/fr/it/nl/pl/pt/ru/sv/ko/ja/xc LTU	0	0		0		No	Obsolete (OB)		Not published by OCA	Obsolete (OB)	11/01/2021	05/31/2025	{"Extended Price (USD)":"0"}	BASELINE	N/A	$0.00	0.00%	2026-09-11: (no price)
Support Services	Server Management & Operating System Licenses	HPE OCA > SY480 Gen12 [P68217-B21] > Support Services > Server Management & Operating System Licenses	Service & Support	max 1	0	1	Selection constraint for Server Management & Operating System Licenses: max 1	P46222-B21	Standard	Microsoft Windows Server 2022 RDS 5 Devices CAL en/cs/de/es/fr/it/nl/pl/pt/ru/sv/ko/ja/xc LTU	0	0		0		No	Obsolete (OB)		Not published by OCA	Obsolete (OB)	11/01/2021	05/31/2025	{"Extended Price (USD)":"0"}	BASELINE	N/A	$0.00	0.00%	2026-09-11: (no price)
Support Services	Server Management & Operating System Licenses	HPE OCA > SY480 Gen12 [P68217-B21] > Support Services > Server Management & Operating System Licenses	Service & Support	max 1	0	1	Selection constraint for Server Management & Operating System Licenses: max 1	P46221-B21	Standard	Microsoft Windows Server 2022 RDS 5 Users CAL en/cs/de/es/fr/it/nl/pl/pt/ru/sv/ko/ja/xc LTU	0	0		0		No	Obsolete (OB)		Not published by OCA	Obsolete (OB)	11/01/2021	05/31/2025	{"Extended Price (USD)":"0"}	BASELINE	N/A	$0.00	0.00%	2026-09-11: (no price)
Support Services	Server Management & Operating System Licenses	HPE OCA > SY480 Gen12 [P68217-B21] > Support Services > Server Management & Operating System Licenses	Service & Support	max 1	0	1	Selection constraint for Server Management & Operating System Licenses: max 1	P77111-B21	Standard	Microsoft Windows Server 2025 1 Device CAL WW LTU	0	0		0		No	Available		Not published by OCA	Active	12/02/2024	11/30/2027	{"Extended Price (USD)":"0"}	BASELINE	N/A	$0.00	0.00%	2026-09-11: (no price)
Support Services	Server Management & Operating System Licenses	HPE OCA > SY480 Gen12 [P68217-B21] > Support Services > Server Management & Operating System Licenses	Service & Support	max 1	0	1	Selection constraint for Server Management & Operating System Licenses: max 1	P77110-AA1	Standard	Microsoft Windows Server 2025 1 User CAL Chinese Simplified LTU	0	0		0		No	Available		Not published by OCA	Active	12/02/2024	11/30/2027	{"Extended Price (USD)":"0"}	BASELINE	N/A	$0.00	0.00%	2026-09-11: (no price)
Support Services	Server Management & Operating System Licenses	HPE OCA > SY480 Gen12 [P68217-B21] > Support Services > Server Management & Operating System Licenses	Service & Support	max 1	0	1	Selection constraint for Server Management & Operating System Licenses: max 1	P77110-B21	Standard	Microsoft Windows Server 2025 1 User CAL WW LTU	0	0		0		No	Available		Not published by OCA	Active	12/02/2024	11/30/2027	{"Extended Price (USD)":"0"}	BASELINE	N/A	$0.00	0.00%	2026-09-11: (no price)
Support Services	Server Management & Operating System Licenses	HPE OCA > SY480 Gen12 [P68217-B21] > Support Services > Server Management & Operating System Licenses	Service & Support	max 1	0	1	Selection constraint for Server Management & Operating System Licenses: max 1	P77115-B21	Standard	Microsoft Windows Server 2025 10 Devices CAL WW LTU	0	0		0		No	Available		Not published by OCA	Active	12/02/2024	11/30/2027	{"Extended Price (USD)":"0"}	BASELINE	N/A	$0.00	0.00%	2026-09-11: (no price)
Support Services	Server Management & Operating System Licenses	HPE OCA > SY480 Gen12 [P68217-B21] > Support Services > Server Management & Operating System Licenses	Service & Support	max 1	0	1	Selection constraint for Server Management & Operating System Licenses: max 1	P77114-B21	Standard	Microsoft Windows Server 2025 10 Users CAL WW LTU	0	0		0		No	Available		Not published by OCA	Active	12/02/2024	11/30/2027	{"Extended Price (USD)":"0"}	BASELINE	N/A	$0.00	0.00%	2026-09-11: (no price)
Support Services	Server Management & Operating System Licenses	HPE OCA > SY480 Gen12 [P68217-B21] > Support Services > Server Management & Operating System Licenses	Service & Support	max 1	0	1	Selection constraint for Server Management & Operating System Licenses: max 1	P77113-B21	Standard	Microsoft Windows Server 2025 5 Devices CAL WW LTU	0	0		0		No	Available		Not published by OCA	Active	12/02/2024	11/30/2027	{"Extended Price (USD)":"0"}	BASELINE	N/A	$0.00	0.00%	2026-09-11: (no price)
Support Services	Server Management & Operating System Licenses	HPE OCA > SY480 Gen12 [P68217-B21] > Support Services > Server Management & Operating System Licenses	Service & Support	max 1	0	1	Selection constraint for Server Management & Operating System Licenses: max 1	P77112-AA1	Standard	Microsoft Windows Server 2025 5 Users CAL Chinese Simplified LTU	0	0		0		No	Available		Not published by OCA	Active	12/02/2024	11/30/2027	{"Extended Price (USD)":"0"}	BASELINE	N/A	$0.00	0.00%	2026-09-11: (no price)
Support Services	Server Management & Operating System Licenses	HPE OCA > SY480 Gen12 [P68217-B21] > Support Services > Server Management & Operating System Licenses	Service & Support	max 1	0	1	Selection constraint for Server Management & Operating System Licenses: max 1	P77112-AB1	Standard	Microsoft Windows Server 2025 5 Users CAL Chinese Traditional LTU	0	0		0		No	Available		Not published by OCA	Active	12/02/2024	11/30/2027	{"Extended Price (USD)":"0"}	BASELINE	N/A	$0.00	0.00%	2026-09-11: (no price)
Support Services	Server Management & Operating System Licenses	HPE OCA > SY480 Gen12 [P68217-B21] > Support Services > Server Management & Operating System Licenses	Service & Support	max 1	0	1	Selection constraint for Server Management & Operating System Licenses: max 1	P77112-B21	Standard	Microsoft Windows Server 2025 5 Users CAL WW LTU	0	0		0		No	Available		Not published by OCA	Active	12/02/2024	11/30/2027	{"Extended Price (USD)":"0"}	BASELINE	N/A	$0.00	0.00%	2026-09-11: (no price)
Support Services	Server Management & Operating System Licenses	HPE OCA > SY480 Gen12 [P68217-B21] > Support Services > Server Management & Operating System Licenses	Service & Support	max 1	0	1	Selection constraint for Server Management & Operating System Licenses: max 1	P77117-B21	Standard	Microsoft Windows Server 2025 50 Devices CAL WW LTU	0	0		0		No	Available		Not published by OCA	Active	12/02/2024	11/30/2027	{"Extended Price (USD)":"0"}	BASELINE	N/A	$0.00	0.00%	2026-09-11: (no price)
Support Services	Server Management & Operating System Licenses	HPE OCA > SY480 Gen12 [P68217-B21] > Support Services > Server Management & Operating System Licenses	Service & Support	max 1	0	1	Selection constraint for Server Management & Operating System Licenses: max 1	P77116-B21	Standard	Microsoft Windows Server 2025 50 Users CAL WW LTU	0	0		0		No	Available		Not published by OCA	Active	12/02/2024	11/30/2027	{"Extended Price (USD)":"0"}	BASELINE	N/A	$0.00	0.00%	2026-09-11: (no price)
Support Services	Server Management & Operating System Licenses	HPE OCA > SY480 Gen12 [P68217-B21] > Support Services > Server Management & Operating System Licenses	Service & Support	max 1	0	1	Selection constraint for Server Management & Operating System Licenses: max 1	P77119-B21	Standard	Microsoft Windows Server 2025 Remote Desktop Service 1 Device CAL WW LTU	0	0		0		No	Available		Not published by OCA	Active	12/02/2024	11/30/2027	{"Extended Price (USD)":"0"}	BASELINE	N/A	$0.00	0.00%	2026-09-11: (no price)
Support Services	Server Management & Operating System Licenses	HPE OCA > SY480 Gen12 [P68217-B21] > Support Services > Server Management & Operating System Licenses	Service & Support	max 1	0	1	Selection constraint for Server Management & Operating System Licenses: max 1	P77118-B21	Standard	Microsoft Windows Server 2025 Remote Desktop Service 1 User CAL WW LTU	0	0		0		No	Available		Not published by OCA	Active	12/02/2024	11/30/2027	{"Extended Price (USD)":"0"}	BASELINE	N/A	$0.00	0.00%	2026-09-11: (no price)
Support Services	Server Management & Operating System Licenses	HPE OCA > SY480 Gen12 [P68217-B21] > Support Services > Server Management & Operating System Licenses	Service & Support	max 1	0	1	Selection constraint for Server Management & Operating System Licenses: max 1	P77121-B21	Standard	Microsoft Windows Server 2025 Remote Desktop Service 5 Devices CAL WW LTU	0	0		0		No	Available		Not published by OCA	Active	12/02/2024	11/30/2027	{"Extended Price (USD)":"0"}	BASELINE	N/A	$0.00	0.00%	2026-09-11: (no price)
Support Services	Server Management & Operating System Licenses	HPE OCA > SY480 Gen12 [P68217-B21] > Support Services > Server Management & Operating System Licenses	Service & Support	max 1	0	1	Selection constraint for Server Management & Operating System Licenses: max 1	P77120-B21	Standard	Microsoft Windows Server 2025 Remote Desktop Service 5 Users CAL WW LTU	0	0		0		No	Available		Not published by OCA	Active	12/02/2024	11/30/2027	{"Extended Price (USD)":"0"}	BASELINE	N/A	$0.00	0.00%	2026-09-11: (no price)
Support Services	Server Management & Operating System Licenses	HPE OCA > SY480 Gen12 [P68217-B21] > Support Services > Server Management & Operating System Licenses	Service & Support	max 1	0	1	Selection constraint for Server Management & Operating System Licenses: max 1	P77123-B21	Standard	Microsoft Windows Server 2025 Remote Desktop Service 50 Devices CAL WW LTU	0	0		0		No	Available		Not published by OCA	Active	12/02/2024	11/30/2027	{"Extended Price (USD)":"0"}	BASELINE	N/A	$0.00	0.00%	2026-09-11: (no price)
Support Services	Server Management & Operating System Licenses	HPE OCA > SY480 Gen12 [P68217-B21] > Support Services > Server Management & Operating System Licenses	Service & Support	max 1	0	1	Selection constraint for Server Management & Operating System Licenses: max 1	P77122-B21	Standard	Microsoft Windows Server 2025 Remote Desktop Service 50 Users CAL WW LTU	0	0		0		No	Available		Not published by OCA	Active	12/02/2024	11/30/2027	{"Extended Price (USD)":"0"}	BASELINE	N/A	$0.00	0.00%	2026-09-11: (no price)
Support Services	Server Management & Operating System Licenses	HPE OCA > SY480 Gen12 [P68217-B21] > Support Services > Server Management & Operating System Licenses	Service & Support	max 1	0	1	Selection constraint for Server Management & Operating System Licenses: max 1	P45916-291	Standard	Microsoft Windows Server 2022 16-core Datacenter FIO Not Pre-installed Japanese SW	0	0		0		No	Obsolete (OB)		Not published by OCA	Obsolete (OB)	12/06/2021	05/31/2025	{"Extended Price (USD)":"0"}	BASELINE	N/A	$0.00	0.00%	2026-09-11: (no price)
Support Services	Server Management & Operating System Licenses	HPE OCA > SY480 Gen12 [P68217-B21] > Support Services > Server Management & Operating System Licenses	Service & Support	max 1	0	1	Selection constraint for Server Management & Operating System Licenses: max 1	P45916-B21	Standard	Microsoft Windows Server 2022 16-core Datacenter FIO Not Pre-installed en/fr/it/de/es/nl/pt SW	0	0		0		No	Obsolete (OB)		Not published by OCA	Obsolete (OB)	12/06/2021	05/31/2025	{"Extended Price (USD)":"0"}	BASELINE	N/A	$0.00	0.00%	2026-09-11: (no price)
Support Services	Server Management & Operating System Licenses	HPE OCA > SY480 Gen12 [P68217-B21] > Support Services > Server Management & Operating System Licenses	Service & Support	max 1	0	1	Selection constraint for Server Management & Operating System Licenses: max 1	P46005-291	Standard	Microsoft Windows Server 2022 16-core Standard FIO Not Pre-installed Japanese SW	0	0		0		No	Obsolete (OB)		Not published by OCA	Obsolete (OB)	12/06/2021	05/31/2025	{"Extended Price (USD)":"0"}	BASELINE	N/A	$0.00	0.00%	2026-09-11: (no price)
Support Services	Server Management & Operating System Licenses	HPE OCA > SY480 Gen12 [P68217-B21] > Support Services > Server Management & Operating System Licenses	Service & Support	max 1	0	1	Selection constraint for Server Management & Operating System Licenses: max 1	P46005-B21	Standard	Microsoft Windows Server 2022 16-core Standard FIO Not Pre-installed en/fr/it/de/es/nl/pt SW	0	0		0		No	Obsolete (OB)		Not published by OCA	Obsolete (OB)	12/06/2021	05/31/2025	{"Extended Price (USD)":"0"}	BASELINE	N/A	$0.00	0.00%	2026-09-11: (no price)
Support Services	Server Management & Operating System Licenses	HPE OCA > SY480 Gen12 [P68217-B21] > Support Services > Server Management & Operating System Licenses	Service & Support	max 1	0	1	Selection constraint for Server Management & Operating System Licenses: max 1	S6L28B	Service	Microsoft Windows Server 2025 10-core Essentials FIO Not Pre-installed WW ESD LTU	0	0		0		No	Available		Not published by OCA	Active	09/02/2025	11/30/2027	{"Extended Price (USD)":"0"}	BASELINE	N/A	$0.00	0.00%	2026-09-11: (no price)
Support Services	Server Management & Operating System Licenses	HPE OCA > SY480 Gen12 [P68217-B21] > Support Services > Server Management & Operating System Licenses	Service & Support	max 1	0	1	Selection constraint for Server Management & Operating System Licenses: max 1	P77097-291	Standard	Microsoft Windows Server 2025 16-core Datacenter FIO Not Pre-installed Japanese SW	0	0		0		No	Available		Not published by OCA	Active	12/02/2024	01/31/2027	{"Extended Price (USD)":"0"}	BASELINE	N/A	$0.00	0.00%	2026-09-11: (no price)
Support Services	Server Management & Operating System Licenses	HPE OCA > SY480 Gen12 [P68217-B21] > Support Services > Server Management & Operating System Licenses	Service & Support	max 1	0	1	Selection constraint for Server Management & Operating System Licenses: max 1	P77097-B21	Standard	Microsoft Windows Server 2025 16-core Datacenter FIO Not Pre-installed en/fr/de/es/it/pt/nl SW	0	0		0		No	Available		Not published by OCA	Active	12/02/2024	01/31/2027	{"Extended Price (USD)":"0"}	BASELINE	N/A	$0.00	0.00%	2026-09-11: (no price)
Support Services	Server Management & Operating System Licenses	HPE OCA > SY480 Gen12 [P68217-B21] > Support Services > Server Management & Operating System Licenses	Service & Support	max 1	0	1	Selection constraint for Server Management & Operating System Licenses: max 1	P77095-291	Standard	Microsoft Windows Server 2025 16-core Standard FIO Not Pre-installed Japanese SW	0	0		0		No	Available		Not published by OCA	Active	12/02/2024	01/31/2027	{"Extended Price (USD)":"0"}	BASELINE	N/A	$0.00	0.00%	2026-09-11: (no price)
Support Services	Server Management & Operating System Licenses	HPE OCA > SY480 Gen12 [P68217-B21] > Support Services > Server Management & Operating System Licenses	Service & Support	max 1	0	1	Selection constraint for Server Management & Operating System Licenses: max 1	P77095-B21	Standard	Microsoft Windows Server 2025 16-core Standard FIO Not Pre-installed en/fr/de/es/it/pt/nl SW	0	0		0		No	Available		Not published by OCA	Active	12/02/2024	01/31/2027	{"Extended Price (USD)":"0"}	BASELINE	N/A	$0.00	0.00%	2026-09-11: (no price)
Support Services	Server Management & Operating System Licenses	HPE OCA > SY480 Gen12 [P68217-B21] > Support Services > Server Management & Operating System Licenses	Service & Support	max 1	0	1	Selection constraint for Server Management & Operating System Licenses: max 1	M6K34AAE	Service	SUSE Linux Enterprise High Availability Extension 1-2 Sockets 3 Year Subscription E-LTU	0	0		0		No	Available		Not published by OCA	Active	06/01/2015	09/30/2027	{"Extended Price (USD)":"0"}	BASELINE	N/A	$0.00	0.00%	2026-09-11: (no price)
Support Services	Server Management & Operating System Licenses	HPE OCA > SY480 Gen12 [P68217-B21] > Support Services > Server Management & Operating System Licenses	Service & Support	max 1	0	1	Selection constraint for Server Management & Operating System Licenses: max 1	M6K34A	Standard	SUSE Linux Enterprise High Availability Extension 1-2 Sockets 3 Year Subscription Flx LTU	0	0		0		No	Available		Not published by OCA	Active	06/01/2015	09/30/2027	{"Extended Price (USD)":"0"}	BASELINE	N/A	$0.00	0.00%	2026-09-11: (no price)
Support Services	Server Management & Operating System Licenses	HPE OCA > SY480 Gen12 [P68217-B21] > Support Services > Server Management & Operating System Licenses	Service & Support	max 1	0	1	Selection constraint for Server Management & Operating System Licenses: max 1	S0E93AAE	Service	SUSE Linux Enterprise Micro 1-16 Cores 1-year Subscription 24x7 Support E-LTU	0	0		0		No	Available		Not published by OCA	Active	10/03/2022	09/30/2027	{"Extended Price (USD)":"0"}	BASELINE	N/A	$0.00	0.00%	2026-09-11: (no price)
Support Services	Server Management & Operating System Licenses	HPE OCA > SY480 Gen12 [P68217-B21] > Support Services > Server Management & Operating System Licenses	Service & Support	max 1	0	1	Selection constraint for Server Management & Operating System Licenses: max 1	S0E94AAE	Service	SUSE Linux Enterprise Micro 1-16 Cores 3-year Subscription 24x7 Support E-LTU	0	0		0		No	Available		Not published by OCA	Active	10/03/2022	09/30/2027	{"Extended Price (USD)":"0"}	BASELINE	N/A	$0.00	0.00%	2026-09-11: (no price)
Support Services	Server Management & Operating System Licenses	HPE OCA > SY480 Gen12 [P68217-B21] > Support Services > Server Management & Operating System Licenses	Service & Support	max 1	0	1	Selection constraint for Server Management & Operating System Licenses: max 1	S0E95AAE	Service	SUSE Linux Enterprise Micro 1-16 Cores 5-year Subscription 24x7 Support E-LTU	0	0		0		No	Available		Not published by OCA	Active	10/03/2022	09/30/2027	{"Extended Price (USD)":"0"}	BASELINE	N/A	$0.00	0.00%	2026-09-11: (no price)
Support Services	Server Management & Operating System Licenses	HPE OCA > SY480 Gen12 [P68217-B21] > Support Services > Server Management & Operating System Licenses	Service & Support	max 1	0	1	Selection constraint for Server Management & Operating System Licenses: max 1	S7N98AAE	Service	SUSE Linux Enterprise Server 1 VM 1-year Subscription 24x7 Support E-LTU	0	0		0		No	Available		Not published by OCA	Active	03/02/2026	04/30/2028	{"Extended Price (USD)":"0"}	BASELINE	N/A	$0.00	0.00%	2026-09-11: (no price)
Support Services	Server Management & Operating System Licenses	HPE OCA > SY480 Gen12 [P68217-B21] > Support Services > Server Management & Operating System Licenses	Service & Support	max 1	0	1	Selection constraint for Server Management & Operating System Licenses: max 1	S7N99AAE	Service	SUSE Linux Enterprise Server 1 VM 3-year Subscription 24x7 Support E-LTU	0	0		0		No	Available		Not published by OCA	Active	03/02/2026	04/30/2028	{"Extended Price (USD)":"0"}	BASELINE	N/A	$0.00	0.00%	2026-09-11: (no price)
Support Services	Server Management & Operating System Licenses	HPE OCA > SY480 Gen12 [P68217-B21] > Support Services > Server Management & Operating System Licenses	Service & Support	max 1	0	1	Selection constraint for Server Management & Operating System Licenses: max 1	S7P00AAE	Service	SUSE Linux Enterprise Server 1 VM 5-year Subscription 24x7 Support E-LTU	0	0		0		No	Available		Not published by OCA	Active	03/02/2026	04/30/2028	{"Extended Price (USD)":"0"}	BASELINE	N/A	$0.00	0.00%	2026-09-11: (no price)
Support Services	Server Management & Operating System Licenses	HPE OCA > SY480 Gen12 [P68217-B21] > Support Services > Server Management & Operating System Licenses	Service & Support	max 1	0	1	Selection constraint for Server Management & Operating System Licenses: max 1	S3R58AAE	Service	SUSE Linux Enterprise Server 1 Virtual Machine 1-year 24x7 E-LTU	0	0		0		No	Obsolete (OB)		Not published by OCA	Obsolete (OB)	05/06/2024	03/02/2026	{"Extended Price (USD)":"0"}	BASELINE	N/A	$0.00	0.00%	2026-09-11: (no price)
Support Services	Server Management & Operating System Licenses	HPE OCA > SY480 Gen12 [P68217-B21] > Support Services > Server Management & Operating System Licenses	Service & Support	max 1	0	1	Selection constraint for Server Management & Operating System Licenses: max 1	S3R57AAE	Service	SUSE Linux Enterprise Server 1 Virtual Machine 3-year 24x7 E-LTU	0	0		0		No	Obsolete (OB)		Not published by OCA	Obsolete (OB)	05/06/2024	03/02/2026	{"Extended Price (USD)":"0"}	BASELINE	N/A	$0.00	0.00%	2026-09-11: (no price)
Support Services	Server Management & Operating System Licenses	HPE OCA > SY480 Gen12 [P68217-B21] > Support Services > Server Management & Operating System Licenses	Service & Support	max 1	0	1	Selection constraint for Server Management & Operating System Licenses: max 1	S3R59AAE	Service	SUSE Linux Enterprise Server 1 Virtual Machine 5-year 24x7 E-LTU	0	0		0		No	Obsolete (OB)		Not published by OCA	Obsolete (OB)	05/06/2024	03/02/2026	{"Extended Price (USD)":"0"}	BASELINE	N/A	$0.00	0.00%	2026-09-11: (no price)
Support Services	Server Management & Operating System Licenses	HPE OCA > SY480 Gen12 [P68217-B21] > Support Services > Server Management & Operating System Licenses	Service & Support	max 1	0	1	Selection constraint for Server Management & Operating System Licenses: max 1	S3R56AAE	Service	SUSE Linux Enterprise Server 1-2 Sockets 1-year 24x7 E-LTU	0	0		0		No	Obsolete (OB)		Not published by OCA	Obsolete (OB)	05/06/2024	03/02/2026	{"Extended Price (USD)":"0"}	BASELINE	N/A	$0.00	0.00%	2026-09-11: (no price)
Support Services	Server Management & Operating System Licenses	HPE OCA > SY480 Gen12 [P68217-B21] > Support Services > Server Management & Operating System Licenses	Service & Support	max 1	0	1	Selection constraint for Server Management & Operating System Licenses: max 1	S7N95AAE	Service	SUSE Linux Enterprise Server 1-2 Sockets 1-year Subscription 24x7 Support E-LTU	0	0		0		No	Available		Not published by OCA	Active	03/02/2026	04/30/2028	{"Extended Price (USD)":"0"}	BASELINE	N/A	$0.00	0.00%	2026-09-11: (no price)
Support Services	Server Management & Operating System Licenses	HPE OCA > SY480 Gen12 [P68217-B21] > Support Services > Server Management & Operating System Licenses	Service & Support	max 1	0	1	Selection constraint for Server Management & Operating System Licenses: max 1	S3R55AAE	Service	SUSE Linux Enterprise Server 1-2 Sockets 3-year 24x7 E-LTU	0	0		0		No	Obsolete (OB)		Not published by OCA	Obsolete (OB)	05/06/2024	03/02/2026	{"Extended Price (USD)":"0"}	BASELINE	N/A	$0.00	0.00%	2026-09-11: (no price)
Support Services	Server Management & Operating System Licenses	HPE OCA > SY480 Gen12 [P68217-B21] > Support Services > Server Management & Operating System Licenses	Service & Support	max 1	0	1	Selection constraint for Server Management & Operating System Licenses: max 1	S7N96AAE	Service	SUSE Linux Enterprise Server 1-2 Sockets 3-year Subscription 24x7 Support E-LTU	0	0		0		No	Available		Not published by OCA	Active	03/02/2026	04/30/2028	{"Extended Price (USD)":"0"}	BASELINE	N/A	$0.00	0.00%	2026-09-11: (no price)
Support Services	Server Management & Operating System Licenses	HPE OCA > SY480 Gen12 [P68217-B21] > Support Services > Server Management & Operating System Licenses	Service & Support	max 1	0	1	Selection constraint for Server Management & Operating System Licenses: max 1	S3R60AAE	Service	SUSE Linux Enterprise Server 1-2 Sockets 5-year 24x7 E-LTU	0	0		0		No	Obsolete (OB)		Not published by OCA	Obsolete (OB)	05/06/2024	03/02/2026	{"Extended Price (USD)":"0"}	BASELINE	N/A	$0.00	0.00%	2026-09-11: (no price)
Support Services	Server Management & Operating System Licenses	HPE OCA > SY480 Gen12 [P68217-B21] > Support Services > Server Management & Operating System Licenses	Service & Support	max 1	0	1	Selection constraint for Server Management & Operating System Licenses: max 1	S7N97AAE	Service	SUSE Linux Enterprise Server 1-2 Sockets 5-year Subscription 24x7 Support E-LTU	0	0		0		No	Available		Not published by OCA	Active	03/02/2026	04/30/2028	{"Extended Price (USD)":"0"}	BASELINE	N/A	$0.00	0.00%	2026-09-11: (no price)
Support Services	Server Management & Operating System Licenses	HPE OCA > SY480 Gen12 [P68217-B21] > Support Services > Server Management & Operating System Licenses	Service & Support	max 1	0	1	Selection constraint for Server Management & Operating System Licenses: max 1	M6K35A	Standard	SUSE Linux Enterprise Server HPC Compute Node 1-2 Sockets 3 Year Subscription Flx LTU	0	0		0		No	Obsolete (OB)		Not published by OCA	Obsolete (OB)	06/01/2015	05/01/2018	{"Extended Price (USD)":"0"}	BASELINE	N/A	$0.00	0.00%	2026-09-11: (no price)
Support Services	Server Management & Operating System Licenses	HPE OCA > SY480 Gen12 [P68217-B21] > Support Services > Server Management & Operating System Licenses	Service & Support	max 1	0	1	Selection constraint for Server Management & Operating System Licenses: max 1	M6K36A	Standard	SUSE Linux Enterprise Server HPC Head Node 1-2 Sockets 3 Year Subscription 24x7 Support Flx LTU	0	0		0		No	Obsolete (OB)		Not published by OCA	Obsolete (OB)	06/01/2015	05/01/2018	{"Extended Price (USD)":"0"}	BASELINE	N/A	$0.00	0.00%	2026-09-11: (no price)
Support Services	Server Management & Operating System Licenses	HPE OCA > SY480 Gen12 [P68217-B21] > Support Services > Server Management & Operating System Licenses	Service & Support	max 1	0	1	Selection constraint for Server Management & Operating System Licenses: max 1	Q1X75AAE	Service	SUSE Linux Enterprise Server Live Patching x86-64 1-2Sockets Inherited Virtualization 3yr 24x7 E-LTU	0	0		0		No	Obsolete (OB)		Not published by OCA	Obsolete (OB)	05/08/2017	10/31/2025	{"Extended Price (USD)":"0"}	BASELINE	N/A	$0.00	0.00%	2026-09-11: (no price)
Support Services	Server Management & Operating System Licenses	HPE OCA > SY480 Gen12 [P68217-B21] > Support Services > Server Management & Operating System Licenses	Service & Support	max 1	0	1	Selection constraint for Server Management & Operating System Licenses: max 1	M6K30AAE	Service	SUSE Linux Enterprise Server SAP 1-2 Sockets or 1-2 VM 3 Year Subscription 24x7 Support E-LTU	0	0		0		No	Obsolete (OB)		Not published by OCA	Obsolete (OB)	06/01/2015	03/02/2026	{"Extended Price (USD)":"0"}	BASELINE	N/A	$0.00	0.00%	2026-09-11: (no price)
Support Services	Server Management & Operating System Licenses	HPE OCA > SY480 Gen12 [P68217-B21] > Support Services > Server Management & Operating System Licenses	Service & Support	max 1	0	1	Selection constraint for Server Management & Operating System Licenses: max 1	M6K30A	Standard	SUSE Linux Enterprise Server SAP 1-2 Sockets or 1-2 VM 3 Year Subscription 24x7 Support Flx LTU	0	0		0		No	Obsolete (OB)		Not published by OCA	Obsolete (OB)	06/01/2015	03/02/2026	{"Extended Price (USD)":"0"}	BASELINE	N/A	$0.00	0.00%	2026-09-11: (no price)
Support Services	Server Management & Operating System Licenses	HPE OCA > SY480 Gen12 [P68217-B21] > Support Services > Server Management & Operating System Licenses	Service & Support	max 1	0	1	Selection constraint for Server Management & Operating System Licenses: max 1	M6K32AAE	Service	SUSE Linux Enterprise Server SAP 1-2 Sockets or 1-2 VM 5 Year Subscription 24x7 Support E-LTU	0	0		0		No	Obsolete (OB)		Not published by OCA	Obsolete (OB)	06/01/2015	03/02/2026	{"Extended Price (USD)":"0"}	BASELINE	N/A	$0.00	0.00%	2026-09-11: (no price)
Support Services	Server Management & Operating System Licenses	HPE OCA > SY480 Gen12 [P68217-B21] > Support Services > Server Management & Operating System Licenses	Service & Support	max 1	0	1	Selection constraint for Server Management & Operating System Licenses: max 1	M6K32A	Standard	SUSE Linux Enterprise Server SAP 1-2 Sockets or 1-2 VM 5 Year Subscription 24x7 Support Flx LTU	0	0		0		No	Obsolete (OB)		Not published by OCA	Obsolete (OB)	06/01/2015	03/02/2026	{"Extended Price (USD)":"0"}	BASELINE	N/A	$0.00	0.00%	2026-09-11: (no price)
Support Services	Server Management & Operating System Licenses	HPE OCA > SY480 Gen12 [P68217-B21] > Support Services > Server Management & Operating System Licenses	Service & Support	max 1	0	1	Selection constraint for Server Management & Operating System Licenses: max 1	S7N75AAE	Service	SUSE Linux Enterprise Server for SAP Applications 1-2 Sockets or 1-2 VM 3-year Sub 24x7 Sup E-LTU	0	0		0		No	Available		Not published by OCA	Active	03/02/2026	04/30/2028	{"Extended Price (USD)":"0"}	BASELINE	N/A	$0.00	0.00%	2026-09-11: (no price)
Support Services	Server Management & Operating System Licenses	HPE OCA > SY480 Gen12 [P68217-B21] > Support Services > Server Management & Operating System Licenses	Service & Support	max 1	0	1	Selection constraint for Server Management & Operating System Licenses: max 1	S7N85A	Service	SUSE Linux Enterprise Server for SAP Applications 1-2 Sockets or 1-2 VM 3-year Sub 24x7 Support LTU	0	0		0		No	Available		Not published by OCA	Active	03/02/2026	04/30/2028	{"Extended Price (USD)":"0"}	BASELINE	N/A	$0.00	0.00%	2026-09-11: (no price)
Support Services	Server Management & Operating System Licenses	HPE OCA > SY480 Gen12 [P68217-B21] > Support Services > Server Management & Operating System Licenses	Service & Support	max 1	0	1	Selection constraint for Server Management & Operating System Licenses: max 1	S7N76AAE	Service	SUSE Linux Enterprise Server for SAP Applications 1-2 Sockets or 1-2 VM 5-year Sub 24x7 Sup E-LTU	0	0		0		No	Available		Not published by OCA	Active	03/02/2026	04/30/2028	{"Extended Price (USD)":"0"}	BASELINE	N/A	$0.00	0.00%	2026-09-11: (no price)
Support Services	Server Management & Operating System Licenses	HPE OCA > SY480 Gen12 [P68217-B21] > Support Services > Server Management & Operating System Licenses	Service & Support	max 1	0	1	Selection constraint for Server Management & Operating System Licenses: max 1	S7N86A	Service	SUSE Linux Enterprise Server for SAP Applications 1-2 Sockets or 1-2 VM 5-year Sub 24x7 Support LTU	0	0		0		No	Available		Not published by OCA	Active	03/02/2026	04/30/2028	{"Extended Price (USD)":"0"}	BASELINE	N/A	$0.00	0.00%	2026-09-11: (no price)
Support Services	Server Management & Operating System Licenses	HPE OCA > SY480 Gen12 [P68217-B21] > Support Services > Server Management & Operating System Licenses	Service & Support	max 1	0	1	Selection constraint for Server Management & Operating System Licenses: max 1	S3R50AAE	Service	SUSE Linux Enterprise Server w/SUSE Manager Lifecycle Management+ 1-2 Sockets/1-2 VM 1yr 24x7 E-LTU	0	0		0		No	Obsolete (OB)		Not published by OCA	Obsolete (OB)	05/06/2024	03/02/2026	{"Extended Price (USD)":"0"}	BASELINE	N/A	$0.00	0.00%	2026-09-11: (no price)
Support Services	Server Management & Operating System Licenses	HPE OCA > SY480 Gen12 [P68217-B21] > Support Services > Server Management & Operating System Licenses	Service & Support	max 1	0	1	Selection constraint for Server Management & Operating System Licenses: max 1	S3R50A	Service	SUSE Linux Enterprise Server w/SUSE Manager Lifecycle Management+ 1-2 Sockets/1-2 VM 1yr 24x7 LTU	0	0		0		No	Obsolete (OB)		Not published by OCA	Obsolete (OB)	05/06/2024	03/02/2026	{"Extended Price (USD)":"0"}	BASELINE	N/A	$0.00	0.00%	2026-09-11: (no price)
Support Services	Server Management & Operating System Licenses	HPE OCA > SY480 Gen12 [P68217-B21] > Support Services > Server Management & Operating System Licenses	Service & Support	max 1	0	1	Selection constraint for Server Management & Operating System Licenses: max 1	S3R51AAE	Service	SUSE Linux Enterprise Server w/SUSE Manager Lifecycle Management+ 1-2 Sockets/1-2 VM 1yr 9x5 E-LTU	0	0		0		No	Obsolete (OB)		Not published by OCA	Obsolete (OB)	05/06/2024	03/02/2026	{"Extended Price (USD)":"0"}	BASELINE	N/A	$0.00	0.00%	2026-09-11: (no price)
Support Services	Server Management & Operating System Licenses	HPE OCA > SY480 Gen12 [P68217-B21] > Support Services > Server Management & Operating System Licenses	Service & Support	max 1	0	1	Selection constraint for Server Management & Operating System Licenses: max 1	S3R51A	Service	SUSE Linux Enterprise Server w/SUSE Manager Lifecycle Management+ 1-2 Sockets/1-2 VM 1yr 9x5 LTU	0	0		0		No	Obsolete (OB)		Not published by OCA	Obsolete (OB)	05/06/2024	03/02/2026	{"Extended Price (USD)":"0"}	BASELINE	N/A	$0.00	0.00%	2026-09-11: (no price)
Support Services	Server Management & Operating System Licenses	HPE OCA > SY480 Gen12 [P68217-B21] > Support Services > Server Management & Operating System Licenses	Service & Support	max 1	0	1	Selection constraint for Server Management & Operating System Licenses: max 1	S3R49AAE	Service	SUSE Linux Enterprise Server w/SUSE Manager Lifecycle Management+ 1-2 Sockets/1-2 VM 3yr 24x7 E-LTU	0	0		0		No	Obsolete (OB)		Not published by OCA	Obsolete (OB)	05/06/2024	03/02/2026	{"Extended Price (USD)":"0"}	BASELINE	N/A	$0.00	0.00%	2026-09-11: (no price)
Support Services	Server Management & Operating System Licenses	HPE OCA > SY480 Gen12 [P68217-B21] > Support Services > Server Management & Operating System Licenses	Service & Support	max 1	0	1	Selection constraint for Server Management & Operating System Licenses: max 1	S3R49A	Service	SUSE Linux Enterprise Server w/SUSE Manager Lifecycle Management+ 1-2 Sockets/1-2 VM 3yr 24x7 LTU	0	0		0		No	Obsolete (OB)		Not published by OCA	Obsolete (OB)	05/06/2024	03/02/2026	{"Extended Price (USD)":"0"}	BASELINE	N/A	$0.00	0.00%	2026-09-11: (no price)
Support Services	Server Management & Operating System Licenses	HPE OCA > SY480 Gen12 [P68217-B21] > Support Services > Server Management & Operating System Licenses	Service & Support	max 1	0	1	Selection constraint for Server Management & Operating System Licenses: max 1	S3R53AAE	Service	SUSE Linux Enterprise Server w/SUSE Manager Lifecycle Management+ 1-2 Sockets/1-2 VM 3yr 9x5 E-LTU	0	0		0		No	Obsolete (OB)		Not published by OCA	Obsolete (OB)	05/06/2024	03/02/2026	{"Extended Price (USD)":"0"}	BASELINE	N/A	$0.00	0.00%	2026-09-11: (no price)
Support Services	Server Management & Operating System Licenses	HPE OCA > SY480 Gen12 [P68217-B21] > Support Services > Server Management & Operating System Licenses	Service & Support	max 1	0	1	Selection constraint for Server Management & Operating System Licenses: max 1	S3R53A	Service	SUSE Linux Enterprise Server w/SUSE Manager Lifecycle Management+ 1-2 Sockets/1-2 VM 3yr 9x5 LTU	0	0		0		No	Obsolete (OB)		Not published by OCA	Obsolete (OB)	05/06/2024	03/02/2026	{"Extended Price (USD)":"0"}	BASELINE	N/A	$0.00	0.00%	2026-09-11: (no price)
Support Services	Server Management & Operating System Licenses	HPE OCA > SY480 Gen12 [P68217-B21] > Support Services > Server Management & Operating System Licenses	Service & Support	max 1	0	1	Selection constraint for Server Management & Operating System Licenses: max 1	S3R52AAE	Service	SUSE Linux Enterprise Server w/SUSE Manager Lifecycle Management+ 1-2 Sockets/1-2 VM 5yr 24x7 E-LTU	0	0		0		No	Obsolete (OB)		Not published by OCA	Obsolete (OB)	05/06/2024	03/02/2026	{"Extended Price (USD)":"0"}	BASELINE	N/A	$0.00	0.00%	2026-09-11: (no price)
Support Services	Server Management & Operating System Licenses	HPE OCA > SY480 Gen12 [P68217-B21] > Support Services > Server Management & Operating System Licenses	Service & Support	max 1	0	1	Selection constraint for Server Management & Operating System Licenses: max 1	S3R52A	Service	SUSE Linux Enterprise Server w/SUSE Manager Lifecycle Management+ 1-2 Sockets/1-2 VM 5yr 24x7 LTU	0	0		0		No	Obsolete (OB)		Not published by OCA	Obsolete (OB)	05/06/2024	03/02/2026	{"Extended Price (USD)":"0"}	BASELINE	N/A	$0.00	0.00%	2026-09-11: (no price)
Support Services	Server Management & Operating System Licenses	HPE OCA > SY480 Gen12 [P68217-B21] > Support Services > Server Management & Operating System Licenses	Service & Support	max 1	0	1	Selection constraint for Server Management & Operating System Licenses: max 1	S3R54AAE	Service	SUSE Linux Enterprise Server w/SUSE Manager Lifecycle Management+ 1-2 Sockets/1-2 VM 5yr 9x5 E-LTU	0	0		0		No	Obsolete (OB)		Not published by OCA	Obsolete (OB)	05/06/2024	03/02/2026	{"Extended Price (USD)":"0"}	BASELINE	N/A	$0.00	0.00%	2026-09-11: (no price)
Support Services	Server Management & Operating System Licenses	HPE OCA > SY480 Gen12 [P68217-B21] > Support Services > Server Management & Operating System Licenses	Service & Support	max 1	0	1	Selection constraint for Server Management & Operating System Licenses: max 1	S3R54A	Service	SUSE Linux Enterprise Server w/SUSE Manager Lifecycle Management+ 1-2 Sockets/1-2 VM 5yr 9x5 LTU	0	0		0		No	Obsolete (OB)		Not published by OCA	Obsolete (OB)	05/06/2024	03/02/2026	{"Extended Price (USD)":"0"}	BASELINE	N/A	$0.00	0.00%	2026-09-11: (no price)
Support Services	Server Management & Operating System Licenses	HPE OCA > SY480 Gen12 [P68217-B21] > Support Services > Server Management & Operating System Licenses	Service & Support	max 1	0	1	Selection constraint for Server Management & Operating System Licenses: max 1	S7N79AAE	Service	SUSE Linux Enterprise Server w/SUSE Multi-Linux Mgr Lifecycle Mgmt+ 1-2 Skts/1-2 VM 1yr 24x7 E-LTU	0	0		0		No	Available		Not published by OCA	Active	03/02/2026	04/30/2028	{"Extended Price (USD)":"0"}	BASELINE	N/A	$0.00	0.00%	2026-09-11: (no price)
Support Services	Server Management & Operating System Licenses	HPE OCA > SY480 Gen12 [P68217-B21] > Support Services > Server Management & Operating System Licenses	Service & Support	max 1	0	1	Selection constraint for Server Management & Operating System Licenses: max 1	S7N89A	Service	SUSE Linux Enterprise Server w/SUSE Multi-Linux Mgr Lifecycle Mgmt+ 1-2 Skts/1-2 VM 1yr 24x7 LTU	0	0		0		No	Available		Not published by OCA	Active	03/02/2026	04/30/2028	{"Extended Price (USD)":"0"}	BASELINE	N/A	$0.00	0.00%	2026-09-11: (no price)
Support Services	Server Management & Operating System Licenses	HPE OCA > SY480 Gen12 [P68217-B21] > Support Services > Server Management & Operating System Licenses	Service & Support	max 1	0	1	Selection constraint for Server Management & Operating System Licenses: max 1	S7N80AAE	Service	SUSE Linux Enterprise Server w/SUSE Multi-Linux Mgr Lifecycle Mgmt+ 1-2 Skts/1-2 VM 1yr 9x5 E-LTU	0	0		0		No	Available		Not published by OCA	Active	03/02/2026	04/30/2028	{"Extended Price (USD)":"0"}	BASELINE	N/A	$0.00	0.00%	2026-09-11: (no price)
Support Services	Server Management & Operating System Licenses	HPE OCA > SY480 Gen12 [P68217-B21] > Support Services > Server Management & Operating System Licenses	Service & Support	max 1	0	1	Selection constraint for Server Management & Operating System Licenses: max 1	S7N90A	Service	SUSE Linux Enterprise Server w/SUSE Multi-Linux Mgr Lifecycle Mgmt+ 1-2 Skts/1-2 VM 1yr 9x5 LTU	0	0		0		No	Available		Not published by OCA	Active	03/02/2026	04/30/2028	{"Extended Price (USD)":"0"}	BASELINE	N/A	$0.00	0.00%	2026-09-11: (no price)
Support Services	Server Management & Operating System Licenses	HPE OCA > SY480 Gen12 [P68217-B21] > Support Services > Server Management & Operating System Licenses	Service & Support	max 1	0	1	Selection constraint for Server Management & Operating System Licenses: max 1	S7N81AAE	Service	SUSE Linux Enterprise Server w/SUSE Multi-Linux Mgr Lifecycle Mgmt+ 1-2 Skts/1-2 VM 3yr 24x7 E-LTU	0	0		0		No	Available		Not published by OCA	Active	03/02/2026	04/30/2028	{"Extended Price (USD)":"0"}	BASELINE	N/A	$0.00	0.00%	2026-09-11: (no price)
Support Services	Server Management & Operating System Licenses	HPE OCA > SY480 Gen12 [P68217-B21] > Support Services > Server Management & Operating System Licenses	Service & Support	max 1	0	1	Selection constraint for Server Management & Operating System Licenses: max 1	S7N91A	Service	SUSE Linux Enterprise Server w/SUSE Multi-Linux Mgr Lifecycle Mgmt+ 1-2 Skts/1-2 VM 3yr 24x7 LTU	0	0		0		No	Available		Not published by OCA	Active	03/02/2026	04/30/2028	{"Extended Price (USD)":"0"}	BASELINE	N/A	$0.00	0.00%	2026-09-11: (no price)
Support Services	Server Management & Operating System Licenses	HPE OCA > SY480 Gen12 [P68217-B21] > Support Services > Server Management & Operating System Licenses	Service & Support	max 1	0	1	Selection constraint for Server Management & Operating System Licenses: max 1	S7N82AAE	Service	SUSE Linux Enterprise Server w/SUSE Multi-Linux Mgr Lifecycle Mgmt+ 1-2 Skts/1-2 VM 3yr 9x5 E-LTU	0	0		0		No	Available		Not published by OCA	Active	03/02/2026	04/30/2028	{"Extended Price (USD)":"0"}	BASELINE	N/A	$0.00	0.00%	2026-09-11: (no price)
Support Services	Server Management & Operating System Licenses	HPE OCA > SY480 Gen12 [P68217-B21] > Support Services > Server Management & Operating System Licenses	Service & Support	max 1	0	1	Selection constraint for Server Management & Operating System Licenses: max 1	S7N92A	Service	SUSE Linux Enterprise Server w/SUSE Multi-Linux Mgr Lifecycle Mgmt+ 1-2 Skts/1-2 VM 3yr 9x5 LTU	0	0		0		No	Available		Not published by OCA	Active	03/02/2026	04/30/2028	{"Extended Price (USD)":"0"}	BASELINE	N/A	$0.00	0.00%	2026-09-11: (no price)
Support Services	Server Management & Operating System Licenses	HPE OCA > SY480 Gen12 [P68217-B21] > Support Services > Server Management & Operating System Licenses	Service & Support	max 1	0	1	Selection constraint for Server Management & Operating System Licenses: max 1	S7N83AAE	Service	SUSE Linux Enterprise Server w/SUSE Multi-Linux Mgr Lifecycle Mgmt+ 1-2 Skts/1-2 VM 5yr 24x7 E-LTU	0	0		0		No	Available		Not published by OCA	Active	03/02/2026	04/30/2028	{"Extended Price (USD)":"0"}	BASELINE	N/A	$0.00	0.00%	2026-09-11: (no price)
Support Services	Server Management & Operating System Licenses	HPE OCA > SY480 Gen12 [P68217-B21] > Support Services > Server Management & Operating System Licenses	Service & Support	max 1	0	1	Selection constraint for Server Management & Operating System Licenses: max 1	S7N93A	Service	SUSE Linux Enterprise Server w/SUSE Multi-Linux Mgr Lifecycle Mgmt+ 1-2 Skts/1-2 VM 5yr 24x7 LTU	0	0		0		No	Available		Not published by OCA	Active	03/02/2026	04/30/2028	{"Extended Price (USD)":"0"}	BASELINE	N/A	$0.00	0.00%	2026-09-11: (no price)
Support Services	Server Management & Operating System Licenses	HPE OCA > SY480 Gen12 [P68217-B21] > Support Services > Server Management & Operating System Licenses	Service & Support	max 1	0	1	Selection constraint for Server Management & Operating System Licenses: max 1	S7N84AAE	Service	SUSE Linux Enterprise Server w/SUSE Multi-Linux Mgr Lifecycle Mgmt+ 1-2 Skts/1-2 VM 5yr 9x5 E-LTU	0	0		0		No	Available		Not published by OCA	Active	03/02/2026	04/30/2028	{"Extended Price (USD)":"0"}	BASELINE	N/A	$0.00	0.00%	2026-09-11: (no price)
Support Services	Server Management & Operating System Licenses	HPE OCA > SY480 Gen12 [P68217-B21] > Support Services > Server Management & Operating System Licenses	Service & Support	max 1	0	1	Selection constraint for Server Management & Operating System Licenses: max 1	S7N94A	Service	SUSE Linux Enterprise Server w/SUSE Multi-Linux Mgr Lifecycle Mgmt+ 1-2 Skts/1-2 VM 5yr 9x5 LTU	0	0		0		No	Available		Not published by OCA	Active	03/02/2026	04/30/2028	{"Extended Price (USD)":"0"}	BASELINE	N/A	$0.00	0.00%	2026-09-11: (no price)
Support Services	Server Management & Operating System Licenses	HPE OCA > SY480 Gen12 [P68217-B21] > Support Services > Server Management & Operating System Licenses	Service & Support	Unlimited	0	Unlimited	Selection constraint for Server Management & Operating System Licenses: no max	G3J32AAE	Service	RHEL Server 2 Sckt/2 Gst 5yr 24x7 E-LTU	0	0		0		No	Available		Not published by OCA	Active	03/31/2014	09/30/2028	{"Extended Price (USD)":"0"}	BASELINE	N/A	$0.00	0.00%	2026-09-11: (no price)
Support Services	Server Management & Operating System Licenses	HPE OCA > SY480 Gen12 [P68217-B21] > Support Services > Server Management & Operating System Licenses	Service & Support	Unlimited	0	Unlimited	Selection constraint for Server Management & Operating System Licenses: no max	R6J26AAE	Service	Red Hat Ansible Automation Platform 100 Nodes 1yr Subscription 9x5 RH Support E-LTU	0	0		0		No	Available		Not published by OCA	Active	08/03/2020	09/30/2028	{"Extended Price (USD)":"0"}	BASELINE	N/A	$0.00	0.00%	2026-09-11: (no price)
Support Services	Server Management & Operating System Licenses	HPE OCA > SY480 Gen12 [P68217-B21] > Support Services > Server Management & Operating System Licenses	Service & Support	Unlimited	0	Unlimited	Selection constraint for Server Management & Operating System Licenses: no max	R6J29AAE	Service	Red Hat Ansible Automation Platform 100 Nodes 3yr Subscription 9x5 RH Support E-LTU	0	0		0		No	Obsolete (OB)		Not published by OCA	Obsolete (OB)	08/03/2020	03/01/2025	{"Extended Price (USD)":"0"}	BASELINE	N/A	$0.00	0.00%	2026-09-11: (no price)
Support Services	Server Management & Operating System Licenses	HPE OCA > SY480 Gen12 [P68217-B21] > Support Services > Server Management & Operating System Licenses	Service & Support	Unlimited	0	Unlimited	Selection constraint for Server Management & Operating System Licenses: no max	J8J36AAE	Service	Red Hat Enterprise Linux Server 2 Sockets 1 Guest 1 Year Subscription 24x7 Support E-LTU	0	0		0		No	Available		Not published by OCA	Active	08/18/2014	09/30/2028	{"Extended Price (USD)":"0"}	BASELINE	N/A	$0.00	0.00%	2026-09-11: (no price)
Support Services	Server Management & Operating System Licenses	HPE OCA > SY480 Gen12 [P68217-B21] > Support Services > Server Management & Operating System Licenses	Service & Support	Unlimited	0	Unlimited	Selection constraint for Server Management & Operating System Licenses: no max	J8J35AAE	Service	Red Hat Enterprise Linux Server 2 Sockets 1 Guest 1 Year Subscription 9x5 Support E-LTU	0	0		0		No	Available		Not published by OCA	Active	08/18/2014	09/30/2028	{"Extended Price (USD)":"0"}	BASELINE	N/A	$0.00	0.00%	2026-09-11: (no price)
Support Services	Server Management & Operating System Licenses	HPE OCA > SY480 Gen12 [P68217-B21] > Support Services > Server Management & Operating System Licenses	Service & Support	Unlimited	0	Unlimited	Selection constraint for Server Management & Operating System Licenses: no max	S4R43A	Service	Red Hat Enterprise Linux Server 2 Sockets 1 Guest 1-year Subscription 24x7 Support LTU	0	0		0		No	Available		Not published by OCA	Active	10/07/2024	11/03/2027	{"Extended Price (USD)":"0"}	BASELINE	N/A	$0.00	0.00%	2026-09-11: (no price)
Support Services	Server Management & Operating System Licenses	HPE OCA > SY480 Gen12 [P68217-B21] > Support Services > Server Management & Operating System Licenses	Service & Support	Unlimited	0	Unlimited	Selection constraint for Server Management & Operating System Licenses: no max	S4R44A	Service	Red Hat Enterprise Linux Server 2 Sockets 1 Guest 1-year Subscription 9x5 Support LTU	0	0		0		No	Available		Not published by OCA	Active	10/07/2024	11/03/2027	{"Extended Price (USD)":"0"}	BASELINE	N/A	$0.00	0.00%	2026-09-11: (no price)
Support Services	Server Management & Operating System Licenses	HPE OCA > SY480 Gen12 [P68217-B21] > Support Services > Server Management & Operating System Licenses	Service & Support	Unlimited	0	Unlimited	Selection constraint for Server Management & Operating System Licenses: no max	G5J62AAE	Service	Red Hat Enterprise Linux Server 2 Sockets 4 Guests 1 Year Subscription 24x7 Support E-LTU	0	0		0		No	Available		Not published by OCA	Active	03/31/2014	09/30/2028	{"Extended Price (USD)":"0"}	BASELINE	N/A	$0.00	0.00%	2026-09-11: (no price)
Support Services	Server Management & Operating System Licenses	HPE OCA > SY480 Gen12 [P68217-B21] > Support Services > Server Management & Operating System Licenses	Service & Support	Unlimited	0	Unlimited	Selection constraint for Server Management & Operating System Licenses: no max	G5J63AAE	Service	Red Hat Enterprise Linux Server 2 Sockets 4 Guests 1 Year Subscription 9x5 Support E-LTU	0	0		0		No	Available		Not published by OCA	Active	03/31/2014	09/30/2028	{"Extended Price (USD)":"0"}	BASELINE	N/A	$0.00	0.00%	2026-09-11: (no price)
Support Services	Server Management & Operating System Licenses	HPE OCA > SY480 Gen12 [P68217-B21] > Support Services > Server Management & Operating System Licenses	Service & Support	Unlimited	0	Unlimited	Selection constraint for Server Management & Operating System Licenses: no max	S4R45A	Service	Red Hat Enterprise Linux Server 2 Sockets 4 Guests 1-year Subscription 24x7 Support LTU	0	0		0		No	Available		Not published by OCA	Active	10/07/2024	11/03/2027	{"Extended Price (USD)":"0"}	BASELINE	N/A	$0.00	0.00%	2026-09-11: (no price)
Support Services	Server Management & Operating System Licenses	HPE OCA > SY480 Gen12 [P68217-B21] > Support Services > Server Management & Operating System Licenses	Service & Support	Unlimited	0	Unlimited	Selection constraint for Server Management & Operating System Licenses: no max	S4R46A	Service	Red Hat Enterprise Linux Server 2 Sockets 4 Guests 1-year Subscription 9x5 Support LTU	0	0		0		No	Available		Not published by OCA	Active	10/07/2024	11/03/2027	{"Extended Price (USD)":"0"}	BASELINE	N/A	$0.00	0.00%	2026-09-11: (no price)
Support Services	Server Management & Operating System Licenses	HPE OCA > SY480 Gen12 [P68217-B21] > Support Services > Server Management & Operating System Licenses	Service & Support	Unlimited	0	Unlimited	Selection constraint for Server Management & Operating System Licenses: no max	G5J64AAE	Service	Red Hat Enterprise Linux Server 2 Sockets 4 Guests 3 Year Subscription 24x7 Support E-LTU	0	0		0		No	Available		Not published by OCA	Active	03/31/2014	09/30/2028	{"Extended Price (USD)":"0"}	BASELINE	N/A	$0.00	0.00%	2026-09-11: (no price)
Support Services	Server Management & Operating System Licenses	HPE OCA > SY480 Gen12 [P68217-B21] > Support Services > Server Management & Operating System Licenses	Service & Support	Unlimited	0	Unlimited	Selection constraint for Server Management & Operating System Licenses: no max	G5J65AAE	Service	Red Hat Enterprise Linux Server 2 Sockets 4 Guests 3 Year Subscription 9x5 Support E-LTU	0	0		0		No	Available		Not published by OCA	Active	03/31/2014	09/30/2028	{"Extended Price (USD)":"0"}	BASELINE	N/A	$0.00	0.00%	2026-09-11: (no price)
Support Services	Server Management & Operating System Licenses	HPE OCA > SY480 Gen12 [P68217-B21] > Support Services > Server Management & Operating System Licenses	Service & Support	Unlimited	0	Unlimited	Selection constraint for Server Management & Operating System Licenses: no max	S4R47A	Service	Red Hat Enterprise Linux Server 2 Sockets 4 Guests 3-year Subscription 24x7 Support LTU	0	0		0		No	Available		Not published by OCA	Active	10/07/2024	11/03/2027	{"Extended Price (USD)":"0"}	BASELINE	N/A	$0.00	0.00%	2026-09-11: (no price)
Support Services	Server Management & Operating System Licenses	HPE OCA > SY480 Gen12 [P68217-B21] > Support Services > Server Management & Operating System Licenses	Service & Support	Unlimited	0	Unlimited	Selection constraint for Server Management & Operating System Licenses: no max	S4R48A	Service	Red Hat Enterprise Linux Server 2 Sockets 4 Guests 3-year Subscription 9x5 Support LTU	0	0		0		No	Available		Not published by OCA	Active	10/07/2024	11/03/2027	{"Extended Price (USD)":"0"}	BASELINE	N/A	$0.00	0.00%	2026-09-11: (no price)
Support Services	Server Management & Operating System Licenses	HPE OCA > SY480 Gen12 [P68217-B21] > Support Services > Server Management & Operating System Licenses	Service & Support	Unlimited	0	Unlimited	Selection constraint for Server Management & Operating System Licenses: no max	Q0D22AAE	Service	Red Hat Enterprise Linux Server 2 Sockets 4 Guests 5yr Subscription 24x7 Support E-LTU	0	0		0		No	Available		Not published by OCA	Active	08/15/2016	09/30/2028	{"Extended Price (USD)":"0"}	BASELINE	N/A	$0.00	0.00%	2026-09-11: (no price)
Support Services	Server Management & Operating System Licenses	HPE OCA > SY480 Gen12 [P68217-B21] > Support Services > Server Management & Operating System Licenses	Service & Support	Unlimited	0	Unlimited	Selection constraint for Server Management & Operating System Licenses: no max	Q0D22A	Standard	Red Hat Enterprise Linux Server 2 Sockets 4 Guests 5yr Subscription 24x7 Support Flexible LTU	0	10183.00		0		No	Available		Not published by OCA	Active	08/15/2016	09/30/2028	{"Extended Price (USD)":"0"}	BASELINE	N/A	$0.00	0.00%	2026-09-11: $10183.00
Support Services	Server Management & Operating System Licenses	HPE OCA > SY480 Gen12 [P68217-B21] > Support Services > Server Management & Operating System Licenses	Service & Support	Unlimited	0	Unlimited	Selection constraint for Server Management & Operating System Licenses: no max	Q0D23AAE	Service	Red Hat Enterprise Linux Server 2 Sockets 4 Guests 5yr Subscription 9x5 Support E-LTU	0	0		0		No	Available		Not published by OCA	Active	08/15/2016	09/30/2028	{"Extended Price (USD)":"0"}	BASELINE	N/A	$0.00	0.00%	2026-09-11: (no price)
Support Services	Server Management & Operating System Licenses	HPE OCA > SY480 Gen12 [P68217-B21] > Support Services > Server Management & Operating System Licenses	Service & Support	Unlimited	0	Unlimited	Selection constraint for Server Management & Operating System Licenses: no max	Q0D23A	Standard	Red Hat Enterprise Linux Server 2 Sockets 4 Guests 5yr Subscription 9x5 Support Flexible LTU	0	6264.00		0		No	Available		Not published by OCA	Active	08/15/2016	09/30/2028	{"Extended Price (USD)":"0"}	BASELINE	N/A	$0.00	0.00%	2026-09-11: $6264.00
Support Services	Server Management & Operating System Licenses	HPE OCA > SY480 Gen12 [P68217-B21] > Support Services > Server Management & Operating System Licenses	Service & Support	Unlimited	0	Unlimited	Selection constraint for Server Management & Operating System Licenses: no max	G3J28AAE	Service	Red Hat Enterprise Linux Server 2 Sockets or 2 Guests 1 Year Subscription 24x7 Support E-LTU	0	0		0		No	Available		Not published by OCA	Active	03/31/2014	09/30/2028	{"Extended Price (USD)":"0"}	BASELINE	N/A	$0.00	0.00%	2026-09-11: (no price)
Support Services	Server Management & Operating System Licenses	HPE OCA > SY480 Gen12 [P68217-B21] > Support Services > Server Management & Operating System Licenses	Service & Support	Unlimited	0	Unlimited	Selection constraint for Server Management & Operating System Licenses: no max	G3J29AAE	Service	Red Hat Enterprise Linux Server 2 Sockets or 2 Guests 1 Year Subscription 9x5 Support E-LTU	0	0		0		No	Available		Not published by OCA	Active	03/31/2014	09/30/2028	{"Extended Price (USD)":"0"}	BASELINE	N/A	$0.00	0.00%	2026-09-11: (no price)
Support Services	Server Management & Operating System Licenses	HPE OCA > SY480 Gen12 [P68217-B21] > Support Services > Server Management & Operating System Licenses	Service & Support	Unlimited	0	Unlimited	Selection constraint for Server Management & Operating System Licenses: no max	S4R37A	Service	Red Hat Enterprise Linux Server 2 Sockets or 2 Guests 1-year Subscription 24x7 Support LTU	0	0		0		No	Available		Not published by OCA	Active	10/07/2024	11/03/2027	{"Extended Price (USD)":"0"}	BASELINE	N/A	$0.00	0.00%	2026-09-11: (no price)
Support Services	Server Management & Operating System Licenses	HPE OCA > SY480 Gen12 [P68217-B21] > Support Services > Server Management & Operating System Licenses	Service & Support	Unlimited	0	Unlimited	Selection constraint for Server Management & Operating System Licenses: no max	S4R40A	Service	Red Hat Enterprise Linux Server 2 Sockets or 2 Guests 1-year Subscription 9x5 Support LTU	0	0		0		No	Available		Not published by OCA	Active	10/07/2024	11/03/2027	{"Extended Price (USD)":"0"}	BASELINE	N/A	$0.00	0.00%	2026-09-11: (no price)
Support Services	Server Management & Operating System Licenses	HPE OCA > SY480 Gen12 [P68217-B21] > Support Services > Server Management & Operating System Licenses	Service & Support	Unlimited	0	Unlimited	Selection constraint for Server Management & Operating System Licenses: no max	G3J30AAE	Service	Red Hat Enterprise Linux Server 2 Sockets or 2 Guests 3 Year Subscription 24x7 Support E-LTU	0	0		0		No	Available		Not published by OCA	Active	03/31/2014	09/30/2028	{"Extended Price (USD)":"0"}	BASELINE	N/A	$0.00	0.00%	2026-09-11: (no price)
Support Services	Server Management & Operating System Licenses	HPE OCA > SY480 Gen12 [P68217-B21] > Support Services > Server Management & Operating System Licenses	Service & Support	Unlimited	0	Unlimited	Selection constraint for Server Management & Operating System Licenses: no max	G3J31AAE	Service	Red Hat Enterprise Linux Server 2 Sockets or 2 Guests 3 Year Subscription 9x5 Support E-LTU	0	0		0		No	Available		Not published by OCA	Active	03/31/2014	09/30/2028	{"Extended Price (USD)":"0"}	BASELINE	N/A	$0.00	0.00%	2026-09-11: (no price)
Support Services	Server Management & Operating System Licenses	HPE OCA > SY480 Gen12 [P68217-B21] > Support Services > Server Management & Operating System Licenses	Service & Support	Unlimited	0	Unlimited	Selection constraint for Server Management & Operating System Licenses: no max	S4R38A	Service	Red Hat Enterprise Linux Server 2 Sockets or 2 Guests 3-year Subscription 24x7 Support LTU	0	0		0		No	Available		Not published by OCA	Active	10/07/2024	11/03/2027	{"Extended Price (USD)":"0"}	BASELINE	N/A	$0.00	0.00%	2026-09-11: (no price)
Support Services	Server Management & Operating System Licenses	HPE OCA > SY480 Gen12 [P68217-B21] > Support Services > Server Management & Operating System Licenses	Service & Support	Unlimited	0	Unlimited	Selection constraint for Server Management & Operating System Licenses: no max	S4R41A	Service	Red Hat Enterprise Linux Server 2 Sockets or 2 Guests 3-year Subscription 9x5 Support LTU	0	0		0		No	Available		Not published by OCA	Active	10/07/2024	11/03/2027	{"Extended Price (USD)":"0"}	BASELINE	N/A	$0.00	0.00%	2026-09-11: (no price)
Support Services	Server Management & Operating System Licenses	HPE OCA > SY480 Gen12 [P68217-B21] > Support Services > Server Management & Operating System Licenses	Service & Support	Unlimited	0	Unlimited	Selection constraint for Server Management & Operating System Licenses: no max	S4R39A	Service	Red Hat Enterprise Linux Server 2 Sockets or 2 Guests 5-year Subscription 24x7 Support LTU	0	0		0		No	Available		Not published by OCA	Active	10/07/2024	11/03/2027	{"Extended Price (USD)":"0"}	BASELINE	N/A	$0.00	0.00%	2026-09-11: (no price)
Support Services	Server Management & Operating System Licenses	HPE OCA > SY480 Gen12 [P68217-B21] > Support Services > Server Management & Operating System Licenses	Service & Support	Unlimited	0	Unlimited	Selection constraint for Server Management & Operating System Licenses: no max	S4R42A	Service	Red Hat Enterprise Linux Server 2 Sockets or 2 Guests 5-year Subscription 9x5 Support LTU	0	0		0		No	Available		Not published by OCA	Active	10/07/2024	11/03/2027	{"Extended Price (USD)":"0"}	BASELINE	N/A	$0.00	0.00%	2026-09-11: (no price)
Support Services	Server Management & Operating System Licenses	HPE OCA > SY480 Gen12 [P68217-B21] > Support Services > Server Management & Operating System Licenses	Service & Support	Unlimited	0	Unlimited	Selection constraint for Server Management & Operating System Licenses: no max	G3J33AAE	Service	Red Hat Enterprise Linux Server 2 Sockets or Guests 5 Year Subscription 9x5 Support E-LTU	0	0		0		No	Available		Not published by OCA	Active	03/31/2014	09/30/2028	{"Extended Price (USD)":"0"}	BASELINE	N/A	$0.00	0.00%	2026-09-11: (no price)
Support Services	Server Management & Operating System Licenses	HPE OCA > SY480 Gen12 [P68217-B21] > Support Services > Server Management & Operating System Licenses	Service & Support	Unlimited	0	Unlimited	Selection constraint for Server Management & Operating System Licenses: no max	S4R31A	Service	Red Hat Enterprise Linux Virtual Datacenter 2 Sockets 1-year Subscription 24x7 Support LTU	0	0		0		No	Available		Not published by OCA	Active	10/07/2024	11/03/2027	{"Extended Price (USD)":"0"}	BASELINE	N/A	$0.00	0.00%	2026-09-11: (no price)
Support Services	Server Management & Operating System Licenses	HPE OCA > SY480 Gen12 [P68217-B21] > Support Services > Server Management & Operating System Licenses	Service & Support	Unlimited	0	Unlimited	Selection constraint for Server Management & Operating System Licenses: no max	S4R34A	Service	Red Hat Enterprise Linux Virtual Datacenter 2 Sockets 1-year Subscription 9x5 Support LTU	0	0		0		No	Available		Not published by OCA	Active	10/07/2024	11/03/2027	{"Extended Price (USD)":"0"}	BASELINE	N/A	$0.00	0.00%	2026-09-11: (no price)
Support Services	Server Management & Operating System Licenses	HPE OCA > SY480 Gen12 [P68217-B21] > Support Services > Server Management & Operating System Licenses	Service & Support	Unlimited	0	Unlimited	Selection constraint for Server Management & Operating System Licenses: no max	S4R32A	Service	Red Hat Enterprise Linux Virtual Datacenter 2 Sockets 3-year Subscription 24x7 Support LTU	0	0		0		No	Available		Not published by OCA	Active	10/07/2024	11/03/2027	{"Extended Price (USD)":"0"}	BASELINE	N/A	$0.00	0.00%	2026-09-11: (no price)
Support Services	Server Management & Operating System Licenses	HPE OCA > SY480 Gen12 [P68217-B21] > Support Services > Server Management & Operating System Licenses	Service & Support	Unlimited	0	Unlimited	Selection constraint for Server Management & Operating System Licenses: no max	S4R35A	Service	Red Hat Enterprise Linux Virtual Datacenter 2 Sockets 3-year Subscription 9x5 Support LTU	0	0		0		No	Available		Not published by OCA	Active	10/07/2024	11/03/2027	{"Extended Price (USD)":"0"}	BASELINE	N/A	$0.00	0.00%	2026-09-11: (no price)
Support Services	Server Management & Operating System Licenses	HPE OCA > SY480 Gen12 [P68217-B21] > Support Services > Server Management & Operating System Licenses	Service & Support	Unlimited	0	Unlimited	Selection constraint for Server Management & Operating System Licenses: no max	S4R33A	Service	Red Hat Enterprise Linux Virtual Datacenter 2 Sockets 5-year Subscription 24x7 Support LTU	0	0		0		No	Available		Not published by OCA	Active	10/07/2024	11/03/2027	{"Extended Price (USD)":"0"}	BASELINE	N/A	$0.00	0.00%	2026-09-11: (no price)
Support Services	Server Management & Operating System Licenses	HPE OCA > SY480 Gen12 [P68217-B21] > Support Services > Server Management & Operating System Licenses	Service & Support	Unlimited	0	Unlimited	Selection constraint for Server Management & Operating System Licenses: no max	S4R36A	Service	Red Hat Enterprise Linux Virtual Datacenter 2 Sockets 5-year Subscription 9x5 Support LTU	0	0		0		No	Available		Not published by OCA	Active	10/07/2024	11/03/2027	{"Extended Price (USD)":"0"}	BASELINE	N/A	$0.00	0.00%	2026-09-11: (no price)
Support Services	Server Management & Operating System Licenses	HPE OCA > SY480 Gen12 [P68217-B21] > Support Services > Server Management & Operating System Licenses	Service & Support	Unlimited	0	Unlimited	Selection constraint for Server Management & Operating System Licenses: no max	Q5W20AAE	Service	Red Hat Enterprise Linux for SAP (Physical/Virtual Nodes) 3yr Subscription 24x7 Support E-LTU	0	0		0		No	Available		Not published by OCA	Active	06/05/2017	09/30/2028	{"Extended Price (USD)":"0"}	BASELINE	N/A	$0.00	0.00%	2026-09-11: (no price)
Support Services	Server Management & Operating System Licenses	HPE OCA > SY480 Gen12 [P68217-B21] > Support Services > Server Management & Operating System Licenses	Service & Support	Unlimited	0	Unlimited	Selection constraint for Server Management & Operating System Licenses: no max	Q5W20A	Standard	Red Hat Enterprise Linux for SAP (Physical/Virtual Nodes) 3yr Subscription 24x7 Support Flex LTU	0	4072.00		0		No	Available		Not published by OCA	Active	06/05/2017	09/30/2028	{"Extended Price (USD)":"0"}	BASELINE	N/A	$0.00	0.00%	2026-09-11: $4072.00
Support Services	Server Management & Operating System Licenses	HPE OCA > SY480 Gen12 [P68217-B21] > Support Services > Server Management & Operating System Licenses	Service & Support	Unlimited	0	Unlimited	Selection constraint for Server Management & Operating System Licenses: no max	Q5W19AAE	Service	Red Hat Enterprise Linux for SAP (Physical/Virtual Nodes) 3yr Subscription 9x5 Support E-LTU	0	0		0		No	Available		Not published by OCA	Active	06/05/2017	09/30/2028	{"Extended Price (USD)":"0"}	BASELINE	N/A	$0.00	0.00%	2026-09-11: (no price)
Support Services	Server Management & Operating System Licenses	HPE OCA > SY480 Gen12 [P68217-B21] > Support Services > Server Management & Operating System Licenses	Service & Support	Unlimited	0	Unlimited	Selection constraint for Server Management & Operating System Licenses: no max	Q5W19A	Standard	Red Hat Enterprise Linux for SAP (Physical/Virtual Nodes) 3yr Subscription 9x5 Support Flex LTU	0	2505.00		0		No	Available		Not published by OCA	Active	06/05/2017	09/30/2028	{"Extended Price (USD)":"0"}	BASELINE	N/A	$0.00	0.00%	2026-09-11: $2505.00
Support Services	Server Management & Operating System Licenses	HPE OCA > SY480 Gen12 [P68217-B21] > Support Services > Server Management & Operating System Licenses	Service & Support	Unlimited	0	Unlimited	Selection constraint for Server Management & Operating System Licenses: no max	Q5W22AAE	Service	Red Hat Enterprise Linux for SAP (Physical/Virtual Nodes) 5yr Subscription 24x7 Support E-LTU	0	0		0		No	Available		Not published by OCA	Active	06/05/2017	09/30/2028	{"Extended Price (USD)":"0"}	BASELINE	N/A	$0.00	0.00%	2026-09-11: (no price)
Support Services	Server Management & Operating System Licenses	HPE OCA > SY480 Gen12 [P68217-B21] > Support Services > Server Management & Operating System Licenses	Service & Support	Unlimited	0	Unlimited	Selection constraint for Server Management & Operating System Licenses: no max	Q5W22A	Standard	Red Hat Enterprise Linux for SAP (Physical/Virtual Nodes) 5yr Subscription 24x7 Support Flex LTU	0	6787.00		0		No	Available		Not published by OCA	Active	06/05/2017	09/30/2028	{"Extended Price (USD)":"0"}	BASELINE	N/A	$0.00	0.00%	2026-09-11: $6787.00
Support Services	Server Management & Operating System Licenses	HPE OCA > SY480 Gen12 [P68217-B21] > Support Services > Server Management & Operating System Licenses	Service & Support	Unlimited	0	Unlimited	Selection constraint for Server Management & Operating System Licenses: no max	Q5W21AAE	Service	Red Hat Enterprise Linux for SAP (Physical/Virtual Nodes) 5yr Subscription 9x5 Support E-LTU	0	0		0		No	Available		Not published by OCA	Active	06/05/2017	09/30/2028	{"Extended Price (USD)":"0"}	BASELINE	N/A	$0.00	0.00%	2026-09-11: (no price)
Support Services	Server Management & Operating System Licenses	HPE OCA > SY480 Gen12 [P68217-B21] > Support Services > Server Management & Operating System Licenses	Service & Support	Unlimited	0	Unlimited	Selection constraint for Server Management & Operating System Licenses: no max	Q5W21A	Standard	Red Hat Enterprise Linux for SAP (Physical/Virtual Nodes) 5yr Subscription 9x5 Support Flex LTU	0	4175.00		0		No	Available		Not published by OCA	Active	06/05/2017	09/30/2028	{"Extended Price (USD)":"0"}	BASELINE	N/A	$0.00	0.00%	2026-09-11: $4175.00
Support Services	Server Management & Operating System Licenses	HPE OCA > SY480 Gen12 [P68217-B21] > Support Services > Server Management & Operating System Licenses	Service & Support	Unlimited	0	Unlimited	Selection constraint for Server Management & Operating System Licenses: no max	Q8U19AAE	Service	Red Hat Enterprise Linux for SAP Solutions for Physical Nodes 3yr Subscription 24x7 Support E-LTU	0	0		0		No	Available		Not published by OCA	Active	12/04/2017	11/30/2027	{"Extended Price (USD)":"0"}	BASELINE	N/A	$0.00	0.00%	2026-09-11: (no price)
Support Services	Server Management & Operating System Licenses	HPE OCA > SY480 Gen12 [P68217-B21] > Support Services > Server Management & Operating System Licenses	Service & Support	Unlimited	0	Unlimited	Selection constraint for Server Management & Operating System Licenses: no max	Q8U19A	Standard	Red Hat Enterprise Linux for SAP Solutions for Physical Nodes 3yr Subscription 24x7 Support LTU	0	6737.00		0		No	Available		Not published by OCA	Active	12/04/2017	11/30/2027	{"Extended Price (USD)":"0"}	BASELINE	N/A	$0.00	0.00%	2026-09-11: $6737.00
Support Services	Server Management & Operating System Licenses	HPE OCA > SY480 Gen12 [P68217-B21] > Support Services > Server Management & Operating System Licenses	Service & Support	Unlimited	0	Unlimited	Selection constraint for Server Management & Operating System Licenses: no max	Q8U21AAE	Service	Red Hat Enterprise Linux for SAP Solutions for Physical Nodes 3yr Subscription 9x5 Support E-LTU	0	0		0		No	Available		Not published by OCA	Active	12/04/2017	11/30/2027	{"Extended Price (USD)":"0"}	BASELINE	N/A	$0.00	0.00%	2026-09-11: (no price)
Support Services	Server Management & Operating System Licenses	HPE OCA > SY480 Gen12 [P68217-B21] > Support Services > Server Management & Operating System Licenses	Service & Support	Unlimited	0	Unlimited	Selection constraint for Server Management & Operating System Licenses: no max	Q8U21A	Standard	Red Hat Enterprise Linux for SAP Solutions for Physical Nodes 3yr Subscription 9x5 Support LTU	0	5483.00		0		No	Available		Not published by OCA	Active	12/04/2017	11/30/2027	{"Extended Price (USD)":"0"}	BASELINE	N/A	$0.00	0.00%	2026-09-11: $5483.00
Support Services	Server Management & Operating System Licenses	HPE OCA > SY480 Gen12 [P68217-B21] > Support Services > Server Management & Operating System Licenses	Service & Support	Unlimited	0	Unlimited	Selection constraint for Server Management & Operating System Licenses: no max	Q8U20AAE	Service	Red Hat Enterprise Linux for SAP Solutions for Physical Nodes 5yr Subscription 24x7 Support E-LTU	0	0		0		No	Available		Not published by OCA	Active	12/04/2017	11/30/2027	{"Extended Price (USD)":"0"}	BASELINE	N/A	$0.00	0.00%	2026-09-11: (no price)
Support Services	Server Management & Operating System Licenses	HPE OCA > SY480 Gen12 [P68217-B21] > Support Services > Server Management & Operating System Licenses	Service & Support	Unlimited	0	Unlimited	Selection constraint for Server Management & Operating System Licenses: no max	Q8U20A	Standard	Red Hat Enterprise Linux for SAP Solutions for Physical Nodes 5yr Subscription 24x7 Support LTU	0	11229.00		0		No	Available		Not published by OCA	Active	12/04/2017	11/30/2027	{"Extended Price (USD)":"0"}	BASELINE	N/A	$0.00	0.00%	2026-09-11: $11229.00
Support Services	Server Management & Operating System Licenses	HPE OCA > SY480 Gen12 [P68217-B21] > Support Services > Server Management & Operating System Licenses	Service & Support	Unlimited	0	Unlimited	Selection constraint for Server Management & Operating System Licenses: no max	Q8U22AAE	Service	Red Hat Enterprise Linux for SAP Solutions for Physical Nodes 5yr Subscription 9x5 Support E-LTU	0	0		0		No	Available		Not published by OCA	Active	12/04/2017	11/30/2027	{"Extended Price (USD)":"0"}	BASELINE	N/A	$0.00	0.00%	2026-09-11: (no price)
Support Services	Server Management & Operating System Licenses	HPE OCA > SY480 Gen12 [P68217-B21] > Support Services > Server Management & Operating System Licenses	Service & Support	Unlimited	0	Unlimited	Selection constraint for Server Management & Operating System Licenses: no max	Q8U22A	Standard	Red Hat Enterprise Linux for SAP Solutions for Physical Nodes 5yr Subscription 9x5 Support LTU	0	9139.00		0		No	Available		Not published by OCA	Active	12/04/2017	11/30/2027	{"Extended Price (USD)":"0"}	BASELINE	N/A	$0.00	0.00%	2026-09-11: $9139.00
Support Services	Server Management & Operating System Licenses	HPE OCA > SY480 Gen12 [P68217-B21] > Support Services > Server Management & Operating System Licenses	Service & Support	Unlimited	0	Unlimited	Selection constraint for Server Management & Operating System Licenses: no max	Q8U15AAE	Service	Red Hat Enterprise Linux for SAP Solutions for Virtual DC 3yr Subscription 24x7 Support E-LTU	0	0		0		No	Available		Not published by OCA	Active	12/04/2017	11/30/2027	{"Extended Price (USD)":"0"}	BASELINE	N/A	$0.00	0.00%	2026-09-11: (no price)
Support Services	Server Management & Operating System Licenses	HPE OCA > SY480 Gen12 [P68217-B21] > Support Services > Server Management & Operating System Licenses	Service & Support	Unlimited	0	Unlimited	Selection constraint for Server Management & Operating System Licenses: no max	Q8U15A	Standard	Red Hat Enterprise Linux for SAP Solutions for Virtual DC 3yr Subscription 24x7 Support LTU	0	24680.00		0		No	Available		Not published by OCA	Active	12/04/2017	11/30/2027	{"Extended Price (USD)":"0"}	BASELINE	N/A	$0.00	0.00%	2026-09-11: $24680.00
Support Services	Server Management & Operating System Licenses	HPE OCA > SY480 Gen12 [P68217-B21] > Support Services > Server Management & Operating System Licenses	Service & Support	Unlimited	0	Unlimited	Selection constraint for Server Management & Operating System Licenses: no max	Q8U17AAE	Service	Red Hat Enterprise Linux for SAP Solutions for Virtual DC 3yr Subscription 9x5 Support E-LTU	0	0		0		No	Available		Not published by OCA	Active	12/04/2017	11/30/2027	{"Extended Price (USD)":"0"}	BASELINE	N/A	$0.00	0.00%	2026-09-11: (no price)
Support Services	Server Management & Operating System Licenses	HPE OCA > SY480 Gen12 [P68217-B21] > Support Services > Server Management & Operating System Licenses	Service & Support	Unlimited	0	Unlimited	Selection constraint for Server Management & Operating System Licenses: no max	Q8U17A	Standard	Red Hat Enterprise Linux for SAP Solutions for Virtual DC 3yr Subscription 9x5 Support LTU	0	20325.00		0		No	Available		Not published by OCA	Active	12/04/2017	11/30/2027	{"Extended Price (USD)":"0"}	BASELINE	N/A	$0.00	0.00%	2026-09-11: $20325.00
Support Services	Server Management & Operating System Licenses	HPE OCA > SY480 Gen12 [P68217-B21] > Support Services > Server Management & Operating System Licenses	Service & Support	Unlimited	0	Unlimited	Selection constraint for Server Management & Operating System Licenses: no max	Q8U16AAE	Service	Red Hat Enterprise Linux for SAP Solutions for Virtual DC 5yr Subscription 24x7 Support E-LTU	0	0		0		No	Available		Not published by OCA	Active	12/04/2017	11/30/2027	{"Extended Price (USD)":"0"}	BASELINE	N/A	$0.00	0.00%	2026-09-11: (no price)
Support Services	Server Management & Operating System Licenses	HPE OCA > SY480 Gen12 [P68217-B21] > Support Services > Server Management & Operating System Licenses	Service & Support	Unlimited	0	Unlimited	Selection constraint for Server Management & Operating System Licenses: no max	Q8U16A	Standard	Red Hat Enterprise Linux for SAP Solutions for Virtual DC 5yr Subscription 24x7 Support LTU	0	41134.00		0		No	Available		Not published by OCA	Active	12/04/2017	11/30/2027	{"Extended Price (USD)":"0"}	BASELINE	N/A	$0.00	0.00%	2026-09-11: $41134.00
Support Services	Server Management & Operating System Licenses	HPE OCA > SY480 Gen12 [P68217-B21] > Support Services > Server Management & Operating System Licenses	Service & Support	Unlimited	0	Unlimited	Selection constraint for Server Management & Operating System Licenses: no max	Q8U18AAE	Service	Red Hat Enterprise Linux for SAP Solutions for Virtual DC 5yr Subscription 9x5 Support E-LTU	0	0		0		No	Available		Not published by OCA	Active	12/04/2017	11/30/2027	{"Extended Price (USD)":"0"}	BASELINE	N/A	$0.00	0.00%	2026-09-11: (no price)
Support Services	Server Management & Operating System Licenses	HPE OCA > SY480 Gen12 [P68217-B21] > Support Services > Server Management & Operating System Licenses	Service & Support	Unlimited	0	Unlimited	Selection constraint for Server Management & Operating System Licenses: no max	Q8U18A	Standard	Red Hat Enterprise Linux for SAP Solutions for Virtual DC 5yr Subscription 9x5 Support LTU	0	33874.00		0		No	Available		Not published by OCA	Active	12/04/2017	11/30/2027	{"Extended Price (USD)":"0"}	BASELINE	N/A	$0.00	0.00%	2026-09-11: $33874.00
Support Services	Server Management & Operating System Licenses	HPE OCA > SY480 Gen12 [P68217-B21] > Support Services > Server Management & Operating System Licenses	Service & Support	Unlimited	0	Unlimited	Selection constraint for Server Management & Operating System Licenses: no max	Q5W24AAE	Service	Red Hat Enterprise Linux for SAP for Virtual Datacenters 3yr Subscription 24x7 Support E-LTU	0	0		0		No	Available		Not published by OCA	Active	06/05/2017	09/30/2028	{"Extended Price (USD)":"0"}	BASELINE	N/A	$0.00	0.00%	2026-09-11: (no price)
Support Services	Server Management & Operating System Licenses	HPE OCA > SY480 Gen12 [P68217-B21] > Support Services > Server Management & Operating System Licenses	Service & Support	Unlimited	0	Unlimited	Selection constraint for Server Management & Operating System Licenses: no max	Q5W24A	Standard	Red Hat Enterprise Linux for SAP for Virtual Datacenters 3yr Subscription 24x7 Support Flex LTU	0	14516.00		0		No	Available		Not published by OCA	Active	06/05/2017	09/30/2028	{"Extended Price (USD)":"0"}	BASELINE	N/A	$0.00	0.00%	2026-09-11: $14516.00
Support Services	Server Management & Operating System Licenses	HPE OCA > SY480 Gen12 [P68217-B21] > Support Services > Server Management & Operating System Licenses	Service & Support	Unlimited	0	Unlimited	Selection constraint for Server Management & Operating System Licenses: no max	Q5W23AAE	Service	Red Hat Enterprise Linux for SAP for Virtual Datacenters 3yr Subscription 9x5 Support E-LTU	0	0		0		No	Available		Not published by OCA	Active	06/05/2017	09/30/2028	{"Extended Price (USD)":"0"}	BASELINE	N/A	$0.00	0.00%	2026-09-11: (no price)
Support Services	Server Management & Operating System Licenses	HPE OCA > SY480 Gen12 [P68217-B21] > Support Services > Server Management & Operating System Licenses	Service & Support	Unlimited	0	Unlimited	Selection constraint for Server Management & Operating System Licenses: no max	Q5W23A	Standard	Red Hat Enterprise Linux for SAP for Virtual Datacenters 3yr Subscription 9x5 Support Flex LTU	0	9072.00		0		No	Available		Not published by OCA	Active	06/05/2017	09/30/2028	{"Extended Price (USD)":"0"}	BASELINE	N/A	$0.00	0.00%	2026-09-11: $9072.00
Support Services	Server Management & Operating System Licenses	HPE OCA > SY480 Gen12 [P68217-B21] > Support Services > Server Management & Operating System Licenses	Service & Support	Unlimited	0	Unlimited	Selection constraint for Server Management & Operating System Licenses: no max	Q5W26AAE	Service	Red Hat Enterprise Linux for SAP for Virtual Datacenters 5yr Subscription 24x7 Support E-LTU	0	0		0		No	Available		Not published by OCA	Active	06/05/2017	09/30/2028	{"Extended Price (USD)":"0"}	BASELINE	N/A	$0.00	0.00%	2026-09-11: (no price)
Support Services	Server Management & Operating System Licenses	HPE OCA > SY480 Gen12 [P68217-B21] > Support Services > Server Management & Operating System Licenses	Service & Support	Unlimited	0	Unlimited	Selection constraint for Server Management & Operating System Licenses: no max	Q5W26A	Standard	Red Hat Enterprise Linux for SAP for Virtual Datacenters 5yr Subscription 24x7 Support Flex LTU	0	24194.00		0		No	Available		Not published by OCA	Active	06/05/2017	09/30/2028	{"Extended Price (USD)":"0"}	BASELINE	N/A	$0.00	0.00%	2026-09-11: $24194.00
Support Services	Server Management & Operating System Licenses	HPE OCA > SY480 Gen12 [P68217-B21] > Support Services > Server Management & Operating System Licenses	Service & Support	Unlimited	0	Unlimited	Selection constraint for Server Management & Operating System Licenses: no max	Q5W25AAE	Service	Red Hat Enterprise Linux for SAP for Virtual Datacenters 5yr Subscription 9x5 Support E-LTU	0	0		0		No	Available		Not published by OCA	Active	06/05/2017	09/30/2028	{"Extended Price (USD)":"0"}	BASELINE	N/A	$0.00	0.00%	2026-09-11: (no price)
Support Services	Server Management & Operating System Licenses	HPE OCA > SY480 Gen12 [P68217-B21] > Support Services > Server Management & Operating System Licenses	Service & Support	Unlimited	0	Unlimited	Selection constraint for Server Management & Operating System Licenses: no max	Q5W25A	Standard	Red Hat Enterprise Linux for SAP for Virtual Datacenters 5yr Subscription 9x5 Support Flex LTU	0	15119.00		0		No	Available		Not published by OCA	Active	06/05/2017	09/30/2028	{"Extended Price (USD)":"0"}	BASELINE	N/A	$0.00	0.00%	2026-09-11: $15119.00
Support Services	Server Management & Operating System Licenses	HPE OCA > SY480 Gen12 [P68217-B21] > Support Services > Server Management & Operating System Licenses	Service & Support	Unlimited	0	Unlimited	Selection constraint for Server Management & Operating System Licenses: no max	G3J22AAE	Service	Red Hat Enterprise Linux for Virtual Datacenters 2 Sockets 1 Year Subscription 24x7 Support E-LTU	0	0		0		No	Available		Not published by OCA	Active	03/31/2014	09/30/2028	{"Extended Price (USD)":"0"}	BASELINE	N/A	$0.00	0.00%	2026-09-11: (no price)
Support Services	Server Management & Operating System Licenses	HPE OCA > SY480 Gen12 [P68217-B21] > Support Services > Server Management & Operating System Licenses	Service & Support	Unlimited	0	Unlimited	Selection constraint for Server Management & Operating System Licenses: no max	G3J23AAE	Service	Red Hat Enterprise Linux for Virtual Datacenters 2 Sockets 1 Year Subscription 9x5 Support E-LTU	0	0		0		No	Available		Not published by OCA	Active	03/31/2014	09/30/2028	{"Extended Price (USD)":"0"}	BASELINE	N/A	$0.00	0.00%	2026-09-11: (no price)
Support Services	Server Management & Operating System Licenses	HPE OCA > SY480 Gen12 [P68217-B21] > Support Services > Server Management & Operating System Licenses	Service & Support	Unlimited	0	Unlimited	Selection constraint for Server Management & Operating System Licenses: no max	G3J24AAE	Service	Red Hat Enterprise Linux for Virtual Datacenters 2 Sockets 3 Year Subscription 24x7 Support E-LTU	0	0		0		No	Available		Not published by OCA	Active	03/31/2014	09/30/2028	{"Extended Price (USD)":"0"}	BASELINE	N/A	$0.00	0.00%	2026-09-11: (no price)
Support Services	Server Management & Operating System Licenses	HPE OCA > SY480 Gen12 [P68217-B21] > Support Services > Server Management & Operating System Licenses	Service & Support	Unlimited	0	Unlimited	Selection constraint for Server Management & Operating System Licenses: no max	G3J25AAE	Service	Red Hat Enterprise Linux for Virtual Datacenters 2 Sockets 3 Year Subscription 9x5 Support E-LTU	0	0		0		No	Available		Not published by OCA	Active	03/31/2014	09/30/2028	{"Extended Price (USD)":"0"}	BASELINE	N/A	$0.00	0.00%	2026-09-11: (no price)
Support Services	Server Management & Operating System Licenses	HPE OCA > SY480 Gen12 [P68217-B21] > Support Services > Server Management & Operating System Licenses	Service & Support	Unlimited	0	Unlimited	Selection constraint for Server Management & Operating System Licenses: no max	G3J26AAE	Service	Red Hat Enterprise Linux for Virtual Datacenters 2 Sockets 5 Year Subscription 24x7 Support E-LTU	0	0		0		No	Available		Not published by OCA	Active	03/31/2014	09/30/2028	{"Extended Price (USD)":"0"}	BASELINE	N/A	$0.00	0.00%	2026-09-11: (no price)
Support Services	Server Management & Operating System Licenses	HPE OCA > SY480 Gen12 [P68217-B21] > Support Services > Server Management & Operating System Licenses	Service & Support	Unlimited	0	Unlimited	Selection constraint for Server Management & Operating System Licenses: no max	G3J27AAE	Service	Red Hat Enterprise Linux for Virtual Datacenters 2 Sockets 5 Year Subscription 9x5 Support E-LTU	0	0		0		No	Available		Not published by OCA	Active	03/31/2014	09/30/2028	{"Extended Price (USD)":"0"}	BASELINE	N/A	$0.00	0.00%	2026-09-11: (no price)
Support Services	Server Management & Operating System Licenses	HPE OCA > SY480 Gen12 [P68217-B21] > Support Services > Server Management & Operating System Licenses	Service & Support	Unlimited	0	Unlimited	Selection constraint for Server Management & Operating System Licenses: no max	Q0D26AAE	Service	Red Hat High Availability 2 Sockets Unlimited Guests 5yr Subscription E-LTU	0	0		0		No	Available		Not published by OCA	Active	08/15/2016	11/30/2027	{"Extended Price (USD)":"0"}	BASELINE	N/A	$0.00	0.00%	2026-09-11: (no price)
Support Services	Server Management & Operating System Licenses	HPE OCA > SY480 Gen12 [P68217-B21] > Support Services > Server Management & Operating System Licenses	Service & Support	Unlimited	0	Unlimited	Selection constraint for Server Management & Operating System Licenses: no max	Q0D26A	Standard	Red Hat High Availability 2 Sockets Unlimited Guests 5yr Subscription Flexible LTU	0	7532.00		0		No	Available		Not published by OCA	Active	08/15/2016	11/30/2027	{"Extended Price (USD)":"0"}	BASELINE	N/A	$0.00	0.00%	2026-09-11: $7532.00
Support Services	Server Management & Operating System Licenses	HPE OCA > SY480 Gen12 [P68217-B21] > Support Services > Server Management & Operating System Licenses	Service & Support	Unlimited	0	Unlimited	Selection constraint for Server Management & Operating System Licenses: no max	Q0D25AAE	Service	Red Hat High Availability 2 Sockets or 2 Guests 5yr Subscription E-LTU	0	0		0		No	Available		Not published by OCA	Active	08/15/2016	11/30/2027	{"Extended Price (USD)":"0"}	BASELINE	N/A	$0.00	0.00%	2026-09-11: (no price)
Support Services	Server Management & Operating System Licenses	HPE OCA > SY480 Gen12 [P68217-B21] > Support Services > Server Management & Operating System Licenses	Service & Support	Unlimited	0	Unlimited	Selection constraint for Server Management & Operating System Licenses: no max	Q0D25A	Standard	Red Hat High Availability 2 Sockets or 2 Guests 5yr Subscription Flexible LTU	0	2085.00		0		No	Available		Not published by OCA	Active	08/15/2016	11/30/2027	{"Extended Price (USD)":"0"}	BASELINE	N/A	$0.00	0.00%	2026-09-11: $2085.00
Support Services	Server Management & Operating System Licenses	HPE OCA > SY480 Gen12 [P68217-B21] > Support Services > Server Management & Operating System Licenses	Service & Support	Unlimited	0	Unlimited	Selection constraint for Server Management & Operating System Licenses: no max	R6J33AAE	Service	Red Hat OpenShift Container Platform 2 Cores or 4 vCPUs 1yr Subscription 9x5 RH Support E-LTU	0	0		0		No	Available		Not published by OCA	Active	08/03/2020	09/30/2028	{"Extended Price (USD)":"0"}	BASELINE	N/A	$0.00	0.00%	2026-09-11: (no price)
Support Services	Server Management & Operating System Licenses	HPE OCA > SY480 Gen12 [P68217-B21] > Support Services > Server Management & Operating System Licenses	Service & Support	Unlimited	0	Unlimited	Selection constraint for Server Management & Operating System Licenses: no max	R6J34AAE	Service	Red Hat OpenShift Container Platform 2 Cores or 4 vCPUs 3yr Subscription 24x7 RH Support E-LTU	0	0		0		No	Obsolete (OB)		Not published by OCA	Obsolete (OB)	08/03/2020	03/01/2025	{"Extended Price (USD)":"0"}	BASELINE	N/A	$0.00	0.00%	2026-09-11: (no price)
Support Services	Server Management & Operating System Licenses	HPE OCA > SY480 Gen12 [P68217-B21] > Support Services > Server Management & Operating System Licenses	Service & Support	Unlimited	0	Unlimited	Selection constraint for Server Management & Operating System Licenses: no max	R6J35AAE	Service	Red Hat OpenShift Container Platform 2 Cores or 4 vCPUs 3yr Subscription 9x5 RH Support E-LTU	0	0		0		No	Obsolete (OB)		Not published by OCA	Obsolete (OB)	08/03/2020	03/01/2025	{"Extended Price (USD)":"0"}	BASELINE	N/A	$0.00	0.00%	2026-09-11: (no price)
Support Services	Server Management & Operating System Licenses	HPE OCA > SY480 Gen12 [P68217-B21] > Support Services > Server Management & Operating System Licenses	Service & Support	Unlimited	0	Unlimited	Selection constraint for Server Management & Operating System Licenses: no max	Q0D30AAE	Service	Red Hat Resilient Storage 2 Sockets Unlimited Guests 5yr Subscription E-LTU	0	0		0		No	Available		Not published by OCA	Active	08/15/2016	11/30/2027	{"Extended Price (USD)":"0"}	BASELINE	N/A	$0.00	0.00%	2026-09-11: (no price)
Support Services	Server Management & Operating System Licenses	HPE OCA > SY480 Gen12 [P68217-B21] > Support Services > Server Management & Operating System Licenses	Service & Support	Unlimited	0	Unlimited	Selection constraint for Server Management & Operating System Licenses: no max	Q0D30A	Standard	Red Hat Resilient Storage 2 Sockets Unlimited Guests 5yr Subscription Flexible LTU	0	15095.00		0		No	Available		Not published by OCA	Active	08/15/2016	11/30/2027	{"Extended Price (USD)":"0"}	BASELINE	N/A	$0.00	0.00%	2026-09-11: $15095.00
Support Services	Server Management & Operating System Licenses	HPE OCA > SY480 Gen12 [P68217-B21] > Support Services > Server Management & Operating System Licenses	Service & Support	Unlimited	0	Unlimited	Selection constraint for Server Management & Operating System Licenses: no max	Q0D29AAE	Service	Red Hat Resilient Storage 2 Sockets or 2 Guests 5yr Subscription E-LTU	0	0		0		No	Available		Not published by OCA	Active	08/15/2016	11/30/2027	{"Extended Price (USD)":"0"}	BASELINE	N/A	$0.00	0.00%	2026-09-11: (no price)
Support Services	Server Management & Operating System Licenses	HPE OCA > SY480 Gen12 [P68217-B21] > Support Services > Server Management & Operating System Licenses	Service & Support	Unlimited	0	Unlimited	Selection constraint for Server Management & Operating System Licenses: no max	Q0D29A	Standard	Red Hat Resilient Storage 2 Sockets or 2 Guests 5yr Subscription Flexible LTU	0	4395.00		0		No	Available		Not published by OCA	Active	08/15/2016	11/30/2027	{"Extended Price (USD)":"0"}	BASELINE	N/A	$0.00	0.00%	2026-09-11: $4395.00
Software & Licenses	Server Management & Operating System Licenses	HPE OCA > SY480 Gen12 [P68217-B21] > Software & Licenses > Server Management & Operating System Licenses	Operating System / License	Unlimited	0	Unlimited	Selection constraint for Server Management & Operating System Licenses: no max	S5Q81AAE	Service	HPE Morpheus VM Essentials Software per Socket 1-year E-LTU	0	0		0		No	Available		Not published by OCA	Active	12/02/2024	01/31/2028	{"Extended Price (USD)":"0"}	BASELINE	N/A	$0.00	0.00%	2026-09-11: (no price)
Software & Licenses	Server Management & Operating System Licenses	HPE OCA > SY480 Gen12 [P68217-B21] > Software & Licenses > Server Management & Operating System Licenses	Operating System / License	Unlimited	0	Unlimited	Selection constraint for Server Management & Operating System Licenses: no max	S5Q82AAE	Service	HPE Morpheus VM Essentials Software per Socket 3-year E-LTU	0	0		0		No	Available		Not published by OCA	Active	12/02/2024	01/31/2028	{"Extended Price (USD)":"0"}	BASELINE	N/A	$0.00	0.00%	2026-09-11: (no price)
Software & Licenses	Server Management & Operating System Licenses	HPE OCA > SY480 Gen12 [P68217-B21] > Software & Licenses > Server Management & Operating System Licenses	Operating System / License	Unlimited	0	Unlimited	Selection constraint for Server Management & Operating System Licenses: no max	S5Q83AAE	Service	HPE Morpheus VM Essentials Software per Socket 5-year E-LTU	0	0		0		No	Available		Not published by OCA	Active	12/02/2024	01/31/2028	{"Extended Price (USD)":"0"}	BASELINE	N/A	$0.00	0.00%	2026-09-11: (no price)
Support Services	System Options	HPE OCA > SY480 Gen12 [P68217-B21] > Support Services > System Options	Service & Support		0			S2G27AAE	Service	VMware Cloud Foundation Enterprise per CPU 3-year BYOL Support Service	0	0		0		No	Obsolete (OB)		Not published by OCA	Obsolete (OB)	08/07/2023	09/30/2025	{"Extended Price (USD)":"0"}	BASELINE	N/A	$0.00	0.00%	2026-09-11: (no price)
Support Services	System Options	HPE OCA > SY480 Gen12 [P68217-B21] > Support Services > System Options	Service & Support		0			S2G28AAE	Service	VMware Cloud Foundation Enterprise per CPU 5-year BYOL Support Service	0	0		0		No	Obsolete (OB)		Not published by OCA	Obsolete (OB)	08/07/2023	09/30/2025	{"Extended Price (USD)":"0"}	BASELINE	N/A	$0.00	0.00%	2026-09-11: (no price)
Support Services	VMWare Core Editions	HPE OCA > SY480 Gen12 [P68217-B21] > Support Services > VMWare Core Editions	Service & Support	Unlimited	0	Unlimited	Private Product is not valid for current customer account	S4R76AAE	Service	VMware Cloud Foundation Term per Core 1-year 24x7 E-RTU	0	0		0		No	Not published by OCA		Not published by OCA	Active	08/05/2024	09/06/2028	{"Extended Price (USD)":"0"}	BASELINE	N/A	$0.00	0.00%	2026-09-11: (no price)
Support Services	VMWare Core Editions	HPE OCA > SY480 Gen12 [P68217-B21] > Support Services > VMWare Core Editions	Service & Support	Unlimited	0	Unlimited	Private Product is not valid for current customer account	S4F94AAE	Service	VMware Cloud Foundation Term per Core 3-year Subscription 24x7 Support E-RTU                       is obsolete: S4F94AAE	0	0		0		No	Obsolete (OB)		Not published by OCA	Obsolete (OB)	07/01/2024	11/04/2025	{"Extended Price (USD)":"0"}	BASELINE	N/A	$0.00	0.00%	2026-09-11: (no price)
Support Services	VMWare Core Editions	HPE OCA > SY480 Gen12 [P68217-B21] > Support Services > VMWare Core Editions	Service & Support	Unlimited	0	Unlimited	Private Product is not valid for current customer account	S4G00AAE	Service	VMware Cloud Foundation Term per Core 5-year Subscription 24x7 Support E-RTU                       is obsolete: S4G00AAE	0	0		0		No	Obsolete (OB)		Not published by OCA	Obsolete (OB)	07/01/2024	11/04/2025	{"Extended Price (USD)":"0"}	BASELINE	N/A	$0.00	0.00%	2026-09-11: (no price)
Software & Licenses	Server Management & Operating System Licenses	HPE OCA > SY480 Gen12 [P68217-B21] > Software & Licenses > Server Management & Operating System Licenses	Operating System / License	Unlimited	0	Unlimited	Selection constraint for Server Management & Operating System Licenses: no max	R8V76AAE	Service	SUSE Linux Enterprise Server 1-2 Sockets Unlimited VM w/Live Patching 1-year 24x7 E-LTU	0	0		0		No	Available		Not published by OCA	Active	10/04/2021	01/04/2027	{"Extended Price (USD)":"0"}	BASELINE	N/A	$0.00	0.00%	2026-09-11: (no price)
Software & Licenses	Server Management & Operating System Licenses	HPE OCA > SY480 Gen12 [P68217-B21] > Software & Licenses > Server Management & Operating System Licenses	Operating System / License	Unlimited	0	Unlimited	Selection constraint for Server Management & Operating System Licenses: no max	R8V76A	Service	SUSE Linux Enterprise Server 1-2 Sockets Unlimited VM w/Live Patching 1-year 24x7 Flexible LTU	0	0		0		No	Available		Not published by OCA	Active	10/04/2021	01/04/2027	{"Extended Price (USD)":"0"}	BASELINE	N/A	$0.00	0.00%	2026-09-11: (no price)
Software & Licenses	Server Management & Operating System Licenses	HPE OCA > SY480 Gen12 [P68217-B21] > Software & Licenses > Server Management & Operating System Licenses	Operating System / License	Unlimited	0	Unlimited	Selection constraint for Server Management & Operating System Licenses: no max	R8V74AAE	Service	SUSE Linux Enterprise Server 1-2 Sockets Unlimited VM w/Live Patching 1-year 9x5 E-LTU	0	0		0		No	Available		Not published by OCA	Active	10/04/2021	01/04/2027	{"Extended Price (USD)":"0"}	BASELINE	N/A	$0.00	0.00%	2026-09-11: (no price)
Software & Licenses	Server Management & Operating System Licenses	HPE OCA > SY480 Gen12 [P68217-B21] > Software & Licenses > Server Management & Operating System Licenses	Operating System / License	Unlimited	0	Unlimited	Selection constraint for Server Management & Operating System Licenses: no max	R8V74A	Service	SUSE Linux Enterprise Server 1-2 Sockets Unlimited VM w/Live Patching 1-year 9x5 Flexible LTU	0	0		0		No	Available		Not published by OCA	Active	10/04/2021	01/04/2027	{"Extended Price (USD)":"0"}	BASELINE	N/A	$0.00	0.00%	2026-09-11: (no price)
Software & Licenses	Server Management & Operating System Licenses	HPE OCA > SY480 Gen12 [P68217-B21] > Software & Licenses > Server Management & Operating System Licenses	Operating System / License	Unlimited	0	Unlimited	Selection constraint for Server Management & Operating System Licenses: no max	R8V77AAE	Service	SUSE Linux Enterprise Server 1-2 Sockets Unlimited VM w/Live Patching 3-year 24x7 E-LTU	0	0		0		No	Available		Not published by OCA	Active	10/04/2021	01/04/2027	{"Extended Price (USD)":"0"}	BASELINE	N/A	$0.00	0.00%	2026-09-11: (no price)
Software & Licenses	Server Management & Operating System Licenses	HPE OCA > SY480 Gen12 [P68217-B21] > Software & Licenses > Server Management & Operating System Licenses	Operating System / License	Unlimited	0	Unlimited	Selection constraint for Server Management & Operating System Licenses: no max	R8V77A	Service	SUSE Linux Enterprise Server 1-2 Sockets Unlimited VM w/Live Patching 3-year 24x7 Flexible LTU	0	0		0		No	Available		Not published by OCA	Active	10/04/2021	01/04/2027	{"Extended Price (USD)":"0"}	BASELINE	N/A	$0.00	0.00%	2026-09-11: (no price)
Software & Licenses	Server Management & Operating System Licenses	HPE OCA > SY480 Gen12 [P68217-B21] > Software & Licenses > Server Management & Operating System Licenses	Operating System / License	Unlimited	0	Unlimited	Selection constraint for Server Management & Operating System Licenses: no max	R8V75AAE	Service	SUSE Linux Enterprise Server 1-2 Sockets Unlimited VM w/Live Patching 3-year 9x5 E-LTU	0	0		0		No	Available		Not published by OCA	Active	10/04/2021	01/04/2027	{"Extended Price (USD)":"0"}	BASELINE	N/A	$0.00	0.00%	2026-09-11: (no price)
Software & Licenses	Server Management & Operating System Licenses	HPE OCA > SY480 Gen12 [P68217-B21] > Software & Licenses > Server Management & Operating System Licenses	Operating System / License	Unlimited	0	Unlimited	Selection constraint for Server Management & Operating System Licenses: no max	R8V75A	Service	SUSE Linux Enterprise Server 1-2 Sockets Unlimited VM w/Live Patching 3-year 9x5 Flexible LTU	0	0		0		No	Available		Not published by OCA	Active	10/04/2021	01/04/2027	{"Extended Price (USD)":"0"}	BASELINE	N/A	$0.00	0.00%	2026-09-11: (no price)
Software & Licenses	Server Management & Operating System Licenses	HPE OCA > SY480 Gen12 [P68217-B21] > Software & Licenses > Server Management & Operating System Licenses	Operating System / License	Unlimited	0	Unlimited	Selection constraint for Server Management & Operating System Licenses: no max	R8V78AAE	Service	SUSE Linux Enterprise Server 1-2 Sockets Unlimited VM w/Live Patching 5-year 24x7 E-LTU	0	0		0		No	Available		Not published by OCA	Active	10/04/2021	01/04/2027	{"Extended Price (USD)":"0"}	BASELINE	N/A	$0.00	0.00%	2026-09-11: (no price)
Software & Licenses	Server Management & Operating System Licenses	HPE OCA > SY480 Gen12 [P68217-B21] > Software & Licenses > Server Management & Operating System Licenses	Operating System / License	Unlimited	0	Unlimited	Selection constraint for Server Management & Operating System Licenses: no max	R8V78A	Service	SUSE Linux Enterprise Server 1-2 Sockets Unlimited VM w/Live Patching 5-year 24x7 Flexible LTU	0	0		0		No	Available		Not published by OCA	Active	10/04/2021	01/04/2027	{"Extended Price (USD)":"0"}	BASELINE	N/A	$0.00	0.00%	2026-09-11: (no price)
Software & Licenses	Server Management & Operating System Licenses	HPE OCA > SY480 Gen12 [P68217-B21] > Software & Licenses > Server Management & Operating System Licenses	Operating System / License	Unlimited	0	Unlimited	Selection constraint for Server Management & Operating System Licenses: no max	S0F24AAE	Service	SUSE Linux Enterprise Server 1-2 Sockets Unlimited VM w/Live Patching 5-year 9x5 E-LTU	0	0		0		No	Available		Not published by OCA	Active	10/03/2022	09/30/2027	{"Extended Price (USD)":"0"}	BASELINE	N/A	$0.00	0.00%	2026-09-11: (no price)
Software & Licenses	Server Management & Operating System Licenses	HPE OCA > SY480 Gen12 [P68217-B21] > Software & Licenses > Server Management & Operating System Licenses	Operating System / License	Unlimited	0	Unlimited	Selection constraint for Server Management & Operating System Licenses: no max	R8V79A	Service	SUSE Linux Enterprise Server 1-2 Sockets Unlimited VM w/Live Patching 5-year 9x5 Flexible LTU	0	0		0		No	Available		Not published by OCA	Active	10/04/2021	01/04/2027	{"Extended Price (USD)":"0"}	BASELINE	N/A	$0.00	0.00%	2026-09-11: (no price)
Software & Licenses	Server Management & Operating System Licenses	HPE OCA > SY480 Gen12 [P68217-B21] > Software & Licenses > Server Management & Operating System Licenses	Operating System / License	Unlimited	0	Unlimited	Selection constraint for Server Management & Operating System Licenses: no max	R8V72AAE	Service	SUSE Linux Enterprise Server for SAP 1-2 Sockets Unlimited VM w/Live Patching 3-year 24x7 E-LTU	0	0		0		No	Obsolete (OB)		Not published by OCA	Obsolete (OB)	10/04/2021	03/02/2026	{"Extended Price (USD)":"0"}	BASELINE	N/A	$0.00	0.00%	2026-09-11: (no price)
Software & Licenses	Server Management & Operating System Licenses	HPE OCA > SY480 Gen12 [P68217-B21] > Software & Licenses > Server Management & Operating System Licenses	Operating System / License	Unlimited	0	Unlimited	Selection constraint for Server Management & Operating System Licenses: no max	R8V72A	Service	SUSE Linux Enterprise Server for SAP 1-2 Sockets Unlimited VM w/Live Patching 3yr 24x7 Flexible LTU	0	0		0		No	Obsolete (OB)		Not published by OCA	Obsolete (OB)	10/04/2021	03/02/2026	{"Extended Price (USD)":"0"}	BASELINE	N/A	$0.00	0.00%	2026-09-11: (no price)
Software & Licenses	Server Management & Operating System Licenses	HPE OCA > SY480 Gen12 [P68217-B21] > Software & Licenses > Server Management & Operating System Licenses	Operating System / License	Unlimited	0	Unlimited	Selection constraint for Server Management & Operating System Licenses: no max	R8V73AAE	Service	SUSE Linux Enterprise Server for SAP 1-2 Sockets Unlimited VM w/Live Patching 5-year 24x7 E-LTU	0	0		0		No	Obsolete (OB)		Not published by OCA	Obsolete (OB)	10/04/2021	03/02/2026	{"Extended Price (USD)":"0"}	BASELINE	N/A	$0.00	0.00%	2026-09-11: (no price)
Software & Licenses	Server Management & Operating System Licenses	HPE OCA > SY480 Gen12 [P68217-B21] > Software & Licenses > Server Management & Operating System Licenses	Operating System / License	Unlimited	0	Unlimited	Selection constraint for Server Management & Operating System Licenses: no max	R8V73A	Service	SUSE Linux Enterprise Server for SAP 1-2 Sockets Unlimited VM w/Live Patching 5yr 24x7 Flexible LTU	0	0		0		No	Obsolete (OB)		Not published by OCA	Obsolete (OB)	10/04/2021	03/02/2026	{"Extended Price (USD)":"0"}	BASELINE	N/A	$0.00	0.00%	2026-09-11: (no price)
Software & Licenses	Server Management & Operating System Licenses	HPE OCA > SY480 Gen12 [P68217-B21] > Software & Licenses > Server Management & Operating System Licenses	Operating System / License	Unlimited	0	Unlimited	Selection constraint for Server Management & Operating System Licenses: no max	S7N77AAE	Service	SUSE Linux Enterprise Server for SAP Applications 1-2 Sockets Unlimited VM 3yr Sub 24x7 Sup E-LTU	0	0		0		No	Available		Not published by OCA	Active	03/02/2026	04/30/2028	{"Extended Price (USD)":"0"}	BASELINE	N/A	$0.00	0.00%	2026-09-11: (no price)
Software & Licenses	Server Management & Operating System Licenses	HPE OCA > SY480 Gen12 [P68217-B21] > Software & Licenses > Server Management & Operating System Licenses	Operating System / License	Unlimited	0	Unlimited	Selection constraint for Server Management & Operating System Licenses: no max	S7N87A	Service	SUSE Linux Enterprise Server for SAP Applications 1-2 Sockets Unlimited VM 3yr Sub 24x7 Sup Flex LTU	0	0		0		No	Available		Not published by OCA	Active	03/02/2026	04/30/2028	{"Extended Price (USD)":"0"}	BASELINE	N/A	$0.00	0.00%	2026-09-11: (no price)
Software & Licenses	Server Management & Operating System Licenses	HPE OCA > SY480 Gen12 [P68217-B21] > Software & Licenses > Server Management & Operating System Licenses	Operating System / License	Unlimited	0	Unlimited	Selection constraint for Server Management & Operating System Licenses: no max	S7P10A	Service	SUSE Linux Enterprise Server for SAP Applications 1-2 Sockets Unlimited VM 3yr Sub 24x7 Sup Flex LTU	0	0		0		No	Available		Not published by OCA	Active	03/02/2026	04/30/2028	{"Extended Price (USD)":"0"}	BASELINE	N/A	$0.00	0.00%	2026-09-11: (no price)
Software & Licenses	Server Management & Operating System Licenses	HPE OCA > SY480 Gen12 [P68217-B21] > Software & Licenses > Server Management & Operating System Licenses	Operating System / License	Unlimited	0	Unlimited	Selection constraint for Server Management & Operating System Licenses: no max	S7N78AAE	Service	SUSE Linux Enterprise Server for SAP Applications 1-2 Sockets Unlimited VM 5yr Sub 24x7 Sup E-LTU	0	0		0		No	Available		Not published by OCA	Active	03/02/2026	04/30/2028	{"Extended Price (USD)":"0"}	BASELINE	N/A	$0.00	0.00%	2026-09-11: (no price)
Software & Licenses	Server Management & Operating System Licenses	HPE OCA > SY480 Gen12 [P68217-B21] > Software & Licenses > Server Management & Operating System Licenses	Operating System / License	Unlimited	0	Unlimited	Selection constraint for Server Management & Operating System Licenses: no max	S7P11A	Service	SUSE Linux Enterprise Server for SAP Applications 1-2 Sockets Unlimited VM 5yr Sub 24x7 Sup Flex LTU	0	0		0		No	Available		Not published by OCA	Active	03/02/2026	04/30/2028	{"Extended Price (USD)":"0"}	BASELINE	N/A	$0.00	0.00%	2026-09-11: (no price)
Software & Licenses	Server Management & Operating System Licenses	HPE OCA > SY480 Gen12 [P68217-B21] > Software & Licenses > Server Management & Operating System Licenses	Operating System / License	Unlimited	0	Unlimited	Selection constraint for Server Management & Operating System Licenses: no max	S7N88A	Service	SUSE Linux Enterprise Server for SAP Applications 1-2 Sockets Unlimited VM 5yr Sub 24x7 Sup Flex LTU	0	0		0		No	Available		Not published by OCA	Active	03/02/2026	04/30/2028	{"Extended Price (USD)":"0"}	BASELINE	N/A	$0.00	0.00%	2026-09-11: (no price)
Software & Licenses	Server Management & Operating System Licenses	HPE OCA > SY480 Gen12 [P68217-B21] > Software & Licenses > Server Management & Operating System Licenses	Operating System / License	Unlimited	0	Unlimited	Selection constraint for Server Management & Operating System Licenses: no max	S0F26AAE	Service	SUSE Manager Lifecycle Management 1-2 Sockets Unlimited VM 1-year 24x7 E-LTU	0	0		0		No	Available		Not published by OCA	Active	10/03/2022	09/30/2027	{"Extended Price (USD)":"0"}	BASELINE	N/A	$0.00	0.00%	2026-09-11: (no price)
Software & Licenses	Server Management & Operating System Licenses	HPE OCA > SY480 Gen12 [P68217-B21] > Software & Licenses > Server Management & Operating System Licenses	Operating System / License	Unlimited	0	Unlimited	Selection constraint for Server Management & Operating System Licenses: no max	R8V87AAE	Service	SUSE Manager Lifecycle Management 1-2 Sockets Unlimited VM 1-year 24x7 E-LTU	0	0		0		No	Available		Not published by OCA	Active	10/04/2021	01/04/2027	{"Extended Price (USD)":"0"}	BASELINE	N/A	$0.00	0.00%	2026-09-11: (no price)
Software & Licenses	Server Management & Operating System Licenses	HPE OCA > SY480 Gen12 [P68217-B21] > Software & Licenses > Server Management & Operating System Licenses	Operating System / License	Unlimited	0	Unlimited	Selection constraint for Server Management & Operating System Licenses: no max	S0F28AAE	Service	SUSE Manager Lifecycle Management 1-2 Sockets Unlimited VM 3-year 24x7 E-LTU	0	0		0		No	Available		Not published by OCA	Active	10/03/2022	09/30/2027	{"Extended Price (USD)":"0"}	BASELINE	N/A	$0.00	0.00%	2026-09-11: (no price)
Software & Licenses	Server Management & Operating System Licenses	HPE OCA > SY480 Gen12 [P68217-B21] > Software & Licenses > Server Management & Operating System Licenses	Operating System / License	Unlimited	0	Unlimited	Selection constraint for Server Management & Operating System Licenses: no max	R8V89AAE	Service	SUSE Manager Lifecycle Management 1-2 Sockets Unlimited VM 3-year 24x7 E-LTU	0	0		0		No	Available		Not published by OCA	Active	10/04/2021	01/04/2027	{"Extended Price (USD)":"0"}	BASELINE	N/A	$0.00	0.00%	2026-09-11: (no price)
Software & Licenses	Server Management & Operating System Licenses	HPE OCA > SY480 Gen12 [P68217-B21] > Software & Licenses > Server Management & Operating System Licenses	Operating System / License	Unlimited	0	Unlimited	Selection constraint for Server Management & Operating System Licenses: no max	S0F30AAE	Service	SUSE Manager Lifecycle Management 1-2 Sockets Unlimited VM 5-year 24x7 E-LTU	0	0		0		No	Available		Not published by OCA	Active	10/03/2022	09/30/2027	{"Extended Price (USD)":"0"}	BASELINE	N/A	$0.00	0.00%	2026-09-11: (no price)
Software & Licenses	Server Management & Operating System Licenses	HPE OCA > SY480 Gen12 [P68217-B21] > Software & Licenses > Server Management & Operating System Licenses	Operating System / License	Unlimited	0	Unlimited	Selection constraint for Server Management & Operating System Licenses: no max	S0F22AAE	Service	SUSE Manager Lifecycle Management 1-2 Sockets Unlimited VM 5-year 24x7 E-LTU	0	0		0		No	Available		Not published by OCA	Active	10/03/2022	09/30/2027	{"Extended Price (USD)":"0"}	BASELINE	N/A	$0.00	0.00%	2026-09-11: (no price)
Software & Licenses	Server Management & Operating System Licenses	HPE OCA > SY480 Gen12 [P68217-B21] > Software & Licenses > Server Management & Operating System Licenses	Operating System / License	Unlimited	0	Unlimited	Selection constraint for Server Management & Operating System Licenses: no max	S0F25AAE	Service	SUSE Manager Lifecycle Management 1-2 Sockets or 1-2 VM 1-year 24x7 E-LTU	0	0		0		No	Available		Not published by OCA	Active	10/03/2022	09/30/2027	{"Extended Price (USD)":"0"}	BASELINE	N/A	$0.00	0.00%	2026-09-11: (no price)
Software & Licenses	Server Management & Operating System Licenses	HPE OCA > SY480 Gen12 [P68217-B21] > Software & Licenses > Server Management & Operating System Licenses	Operating System / License	Unlimited	0	Unlimited	Selection constraint for Server Management & Operating System Licenses: no max	R8V86AAE	Service	SUSE Manager Lifecycle Management 1-2 Sockets or 1-2 VM 1-year 24x7 E-LTU	0	0		0		No	Available		Not published by OCA	Active	10/04/2021	01/04/2027	{"Extended Price (USD)":"0"}	BASELINE	N/A	$0.00	0.00%	2026-09-11: (no price)
Software & Licenses	Server Management & Operating System Licenses	HPE OCA > SY480 Gen12 [P68217-B21] > Software & Licenses > Server Management & Operating System Licenses	Operating System / License	Unlimited	0	Unlimited	Selection constraint for Server Management & Operating System Licenses: no max	S0F27AAE	Service	SUSE Manager Lifecycle Management 1-2 Sockets or 1-2 VM 3-year 24x7 E-LTU	0	0		0		No	Available		Not published by OCA	Active	10/03/2022	09/30/2027	{"Extended Price (USD)":"0"}	BASELINE	N/A	$0.00	0.00%	2026-09-11: (no price)
Software & Licenses	Server Management & Operating System Licenses	HPE OCA > SY480 Gen12 [P68217-B21] > Software & Licenses > Server Management & Operating System Licenses	Operating System / License	Unlimited	0	Unlimited	Selection constraint for Server Management & Operating System Licenses: no max	R8V88AAE	Service	SUSE Manager Lifecycle Management 1-2 Sockets or 1-2 VM 3-year 24x7 E-LTU	0	0		0		No	Available		Not published by OCA	Active	10/04/2021	01/04/2027	{"Extended Price (USD)":"0"}	BASELINE	N/A	$0.00	0.00%	2026-09-11: (no price)
Software & Licenses	Server Management & Operating System Licenses	HPE OCA > SY480 Gen12 [P68217-B21] > Software & Licenses > Server Management & Operating System Licenses	Operating System / License	Unlimited	0	Unlimited	Selection constraint for Server Management & Operating System Licenses: no max	S0F21AAE	Service	SUSE Manager Lifecycle Management 1-2 Sockets or 1-2 VM 5-year 24x7 E-LTU	0	0		0		No	Available		Not published by OCA	Active	10/03/2022	09/30/2027	{"Extended Price (USD)":"0"}	BASELINE	N/A	$0.00	0.00%	2026-09-11: (no price)
Software & Licenses	Server Management & Operating System Licenses	HPE OCA > SY480 Gen12 [P68217-B21] > Software & Licenses > Server Management & Operating System Licenses	Operating System / License	Unlimited	0	Unlimited	Selection constraint for Server Management & Operating System Licenses: no max	S0F29AAE	Service	SUSE Manager Lifecycle Management 1-2 Sockets or 1-2 VM 5-year 24x7 E-LTU	0	0		0		No	Available		Not published by OCA	Active	10/03/2022	09/30/2027	{"Extended Price (USD)":"0"}	BASELINE	N/A	$0.00	0.00%	2026-09-11: (no price)
Software & Licenses	Server Management & Operating System Licenses	HPE OCA > SY480 Gen12 [P68217-B21] > Software & Licenses > Server Management & Operating System Licenses	Operating System / License	Unlimited	0	Unlimited	Selection constraint for Server Management & Operating System Licenses: no max	S6L47A	Service	Microsoft Windows Server 2019 Downgrade Datacenter FIO Not Pre-installed WW ESD LTU	0	0	0	0		No	Available		Not published by OCA	Active	09/02/2025	11/30/2027	{"Price Delta (USD)":"0","Extended Price (USD)":"0"}	BASELINE	N/A	$0.00	0.00%	2026-09-11: (no price)
Software & Licenses	Server Management & Operating System Licenses	HPE OCA > SY480 Gen12 [P68217-B21] > Software & Licenses > Server Management & Operating System Licenses	Operating System / License	Unlimited	0	Unlimited	Selection constraint for Server Management & Operating System Licenses: no max	S6L45A	Service	Microsoft Windows Server 2019 Downgrade Datacenter Reseller Option Kit Japanese ESD LTU	0	0	0	0		No	Available		Not published by OCA	Active	09/02/2025	11/30/2027	{"Price Delta (USD)":"0","Extended Price (USD)":"0"}	BASELINE	N/A	$0.00	0.00%	2026-09-11: (no price)
Software & Licenses	Server Management & Operating System Licenses	HPE OCA > SY480 Gen12 [P68217-B21] > Software & Licenses > Server Management & Operating System Licenses	Operating System / License	Unlimited	0	Unlimited	Selection constraint for Server Management & Operating System Licenses: no max	S6L46A	Service	Microsoft Windows Server 2019 Downgrade Standard FIO Not Pre-installed WW ESD LTU	0	0	0	0		No	Available		Not published by OCA	Active	09/02/2025	11/30/2027	{"Price Delta (USD)":"0","Extended Price (USD)":"0"}	BASELINE	N/A	$0.00	0.00%	2026-09-11: (no price)
Software & Licenses	Server Management & Operating System Licenses	HPE OCA > SY480 Gen12 [P68217-B21] > Software & Licenses > Server Management & Operating System Licenses	Operating System / License	Unlimited	0	Unlimited	Selection constraint for Server Management & Operating System Licenses: no max	S6L44A	Service	Microsoft Windows Server 2019 Downgrade Standard Reseller Option Kit Japanese ESD LTU	0	0	0	0		No	Available		Not published by OCA	Active	09/02/2025	11/30/2027	{"Price Delta (USD)":"0","Extended Price (USD)":"0"}	BASELINE	N/A	$0.00	0.00%	2026-09-11: (no price)
Software & Licenses	Server Management & Operating System Licenses	HPE OCA > SY480 Gen12 [P68217-B21] > Software & Licenses > Server Management & Operating System Licenses	Operating System / License	Unlimited	0	Unlimited	Selection constraint for Server Management & Operating System Licenses: no max	S6L48A	Service	Microsoft Windows Server 2022 Downgrade Datacenter FIO Not Pre-installed WW ESD LTU	0	0	0	0		No	Available		Not published by OCA	Active	09/02/2025	11/30/2027	{"Price Delta (USD)":"0","Extended Price (USD)":"0"}	BASELINE	N/A	$0.00	0.00%	2026-09-11: (no price)
Software & Licenses	Server Management & Operating System Licenses	HPE OCA > SY480 Gen12 [P68217-B21] > Software & Licenses > Server Management & Operating System Licenses	Operating System / License	Unlimited	0	Unlimited	Selection constraint for Server Management & Operating System Licenses: no max	S6L43A	Service	Microsoft Windows Server 2022 Downgrade Standard FIO Not Pre-installed WW ESD LTU	0	0	0	0		No	Available		Not published by OCA	Active	09/02/2025	11/30/2027	{"Price Delta (USD)":"0","Extended Price (USD)":"0"}	BASELINE	N/A	$0.00	0.00%	2026-09-11: (no price)
Software & Licenses	Server Management & Operating System Licenses	HPE OCA > SY480 Gen12 [P68217-B21] > Software & Licenses > Server Management & Operating System Licenses	Operating System / License	Unlimited	0	Unlimited	Selection constraint for Server Management & Operating System Licenses: no max	S6L41A	Service	Microsoft Windows Server 2022 Downgrade Standard Reseller Option Kit Japanese ESD LTU	0	0	0	0		No	Available		Not published by OCA	Active	09/02/2025	11/30/2027	{"Price Delta (USD)":"0","Extended Price (USD)":"0"}	BASELINE	N/A	$0.00	0.00%	2026-09-11: (no price)
Software & Licenses	Server Management & Operating System Licenses	HPE OCA > SY480 Gen12 [P68217-B21] > Software & Licenses > Server Management & Operating System Licenses	Operating System / License	Unlimited	0	Unlimited	Selection constraint for Server Management & Operating System Licenses: no max	G5J66AAE	Service	Red Hat High Availability 2 Sockets Unlimited Guests 1 Year Subscription E-LTU	0	0		0		No	Available		Not published by OCA	Active	03/31/2014	09/30/2028	{"Extended Price (USD)":"0"}	BASELINE	N/A	$0.00	0.00%	2026-09-11: (no price)
Software & Licenses	Server Management & Operating System Licenses	HPE OCA > SY480 Gen12 [P68217-B21] > Software & Licenses > Server Management & Operating System Licenses	Operating System / License	Unlimited	0	Unlimited	Selection constraint for Server Management & Operating System Licenses: no max	S4T26A	Service	Red Hat High Availability 2 Sockets Unlimited Guests 1-year Subscription LTU	0	0		0		No	Available		Not published by OCA	Active	10/07/2024	11/07/2027	{"Extended Price (USD)":"0"}	BASELINE	N/A	$0.00	0.00%	2026-09-11: (no price)
Software & Licenses	Server Management & Operating System Licenses	HPE OCA > SY480 Gen12 [P68217-B21] > Software & Licenses > Server Management & Operating System Licenses	Operating System / License	Unlimited	0	Unlimited	Selection constraint for Server Management & Operating System Licenses: no max	G5J67AAE	Service	Red Hat High Availability 2 Sockets Unlimited Guests 3 Year Subscription E-LTU	0	0		0		No	Available		Not published by OCA	Active	03/31/2014	09/30/2028	{"Extended Price (USD)":"0"}	BASELINE	N/A	$0.00	0.00%	2026-09-11: (no price)
Software & Licenses	Server Management & Operating System Licenses	HPE OCA > SY480 Gen12 [P68217-B21] > Software & Licenses > Server Management & Operating System Licenses	Operating System / License	Unlimited	0	Unlimited	Selection constraint for Server Management & Operating System Licenses: no max	S4T27A	Service	Red Hat High Availability 2 Sockets Unlimited Guests 3-year Subscription LTU	0	0		0		No	Available		Not published by OCA	Active	10/07/2024	11/07/2027	{"Extended Price (USD)":"0"}	BASELINE	N/A	$0.00	0.00%	2026-09-11: (no price)
Software & Licenses	Server Management & Operating System Licenses	HPE OCA > SY480 Gen12 [P68217-B21] > Software & Licenses > Server Management & Operating System Licenses	Operating System / License	Unlimited	0	Unlimited	Selection constraint for Server Management & Operating System Licenses: no max	G3J34AAE	Service	Red Hat High Availability 2 Sockets or 2 Guests 1 Year Subscription E-LTU	0	0		0		No	Available		Not published by OCA	Active	03/31/2014	09/30/2028	{"Extended Price (USD)":"0"}	BASELINE	N/A	$0.00	0.00%	2026-09-11: (no price)
Software & Licenses	Server Management & Operating System Licenses	HPE OCA > SY480 Gen12 [P68217-B21] > Software & Licenses > Server Management & Operating System Licenses	Operating System / License	Unlimited	0	Unlimited	Selection constraint for Server Management & Operating System Licenses: no max	S4T22A	Service	Red Hat High Availability 2 Sockets or 2 Guests 1-year Subscription LTU	0	0		0		No	Available		Not published by OCA	Active	10/07/2024	11/07/2027	{"Extended Price (USD)":"0"}	BASELINE	N/A	$0.00	0.00%	2026-09-11: (no price)
Software & Licenses	Server Management & Operating System Licenses	HPE OCA > SY480 Gen12 [P68217-B21] > Software & Licenses > Server Management & Operating System Licenses	Operating System / License	Unlimited	0	Unlimited	Selection constraint for Server Management & Operating System Licenses: no max	G3J35AAE	Service	Red Hat High Availability 2 Sockets or 2 Guests 3 Year Subscription E-LTU	0	0		0		No	Available		Not published by OCA	Active	03/31/2014	09/30/2028	{"Extended Price (USD)":"0"}	BASELINE	N/A	$0.00	0.00%	2026-09-11: (no price)
Software & Licenses	Server Management & Operating System Licenses	HPE OCA > SY480 Gen12 [P68217-B21] > Software & Licenses > Server Management & Operating System Licenses	Operating System / License	Unlimited	0	Unlimited	Selection constraint for Server Management & Operating System Licenses: no max	S4T23A	Service	Red Hat High Availability 2 Sockets or 2 Guests 3-year Subscription LTU	0	0		0		No	Available		Not published by OCA	Active	10/07/2024	11/07/2027	{"Extended Price (USD)":"0"}	BASELINE	N/A	$0.00	0.00%	2026-09-11: (no price)
Software & Licenses	Server Management & Operating System Licenses	HPE OCA > SY480 Gen12 [P68217-B21] > Software & Licenses > Server Management & Operating System Licenses	Operating System / License	Unlimited	0	Unlimited	Selection constraint for Server Management & Operating System Licenses: no max	G5J68AAE	Service	Red Hat Resilient Storage 2 Sockets Unlimited Guests 1 Year Subscription E-LTU	0	0		0		No	Available		Not published by OCA	Active	03/31/2014	09/30/2028	{"Extended Price (USD)":"0"}	BASELINE	N/A	$0.00	0.00%	2026-09-11: (no price)
Software & Licenses	Server Management & Operating System Licenses	HPE OCA > SY480 Gen12 [P68217-B21] > Software & Licenses > Server Management & Operating System Licenses	Operating System / License	Unlimited	0	Unlimited	Selection constraint for Server Management & Operating System Licenses: no max	G5J69AAE	Service	Red Hat Resilient Storage 2 Sockets Unlimited Guests 3 Year Subscription E-LTU	0	0		0		No	Available		Not published by OCA	Active	03/31/2014	09/30/2028	{"Extended Price (USD)":"0"}	BASELINE	N/A	$0.00	0.00%	2026-09-11: (no price)
Software & Licenses	Server Management & Operating System Licenses	HPE OCA > SY480 Gen12 [P68217-B21] > Software & Licenses > Server Management & Operating System Licenses	Operating System / License	Unlimited	0	Unlimited	Selection constraint for Server Management & Operating System Licenses: no max	G3J36AAE	Service	Red Hat Resilient Storage 2 Sockets or 2 Guests 1 Year Subscription E-LTU	0	0		0		No	Available		Not published by OCA	Active	03/31/2014	09/30/2028	{"Extended Price (USD)":"0"}	BASELINE	N/A	$0.00	0.00%	2026-09-11: (no price)
Software & Licenses	Server Management & Operating System Licenses	HPE OCA > SY480 Gen12 [P68217-B21] > Software & Licenses > Server Management & Operating System Licenses	Operating System / License	Unlimited	0	Unlimited	Selection constraint for Server Management & Operating System Licenses: no max	S4T24A	Service	Red Hat Resilient Storage 2 Sockets or 2 Guests 1-year Subscription LTU	0	0		0		No	Available		Not published by OCA	Active	10/07/2024	11/07/2027	{"Extended Price (USD)":"0"}	BASELINE	N/A	$0.00	0.00%	2026-09-11: (no price)
Software & Licenses	Server Management & Operating System Licenses	HPE OCA > SY480 Gen12 [P68217-B21] > Software & Licenses > Server Management & Operating System Licenses	Operating System / License	Unlimited	0	Unlimited	Selection constraint for Server Management & Operating System Licenses: no max	G3J37AAE	Service	Red Hat Resilient Storage 2 Sockets or 2 Guests 3 Year Subscription E-LTU	0	0		0		No	Available		Not published by OCA	Active	03/31/2014	09/30/2028	{"Extended Price (USD)":"0"}	BASELINE	N/A	$0.00	0.00%	2026-09-11: (no price)
Software & Licenses	Server Management & Operating System Licenses	HPE OCA > SY480 Gen12 [P68217-B21] > Software & Licenses > Server Management & Operating System Licenses	Operating System / License	Unlimited	0	Unlimited	Selection constraint for Server Management & Operating System Licenses: no max	S4T25A	Service	Red Hat Resilient Storage 2 Sockets or 2 Guests 3-year Subscription LTU	0	0		0		No	Available		Not published by OCA	Active	10/07/2024	11/07/2027	{"Extended Price (USD)":"0"}	BASELINE	N/A	$0.00	0.00%	2026-09-11: (no price)
Software & Licenses	Server Management & Operating System Licenses	HPE OCA > SY480 Gen12 [P68217-B21] > Software & Licenses > Server Management & Operating System Licenses	Operating System / License	Unlimited	0	Unlimited	Selection constraint for Server Management & Operating System Licenses: no max	R2A03AAE	Service	Red Hat Satellite 2 Sockets Unlimited Guests 1yr Subscription E-LTU	0	0		0		No	Available		Not published by OCA	Active	02/04/2019	09/30/2028	{"Extended Price (USD)":"0"}	BASELINE	N/A	$0.00	0.00%	2026-09-11: (no price)
Software & Licenses	Server Management & Operating System Licenses	HPE OCA > SY480 Gen12 [P68217-B21] > Software & Licenses > Server Management & Operating System Licenses	Operating System / License	Unlimited	0	Unlimited	Selection constraint for Server Management & Operating System Licenses: no max	R2A03A	Service	Red Hat Satellite 2 Sockets Unlimited Guests 1yr Subscription Flexible LTU	0	0		0		No	Available		Not published by OCA	Active	02/04/2019	09/30/2028	{"Extended Price (USD)":"0"}	BASELINE	N/A	$0.00	0.00%	2026-09-11: (no price)
Software & Licenses	Server Management & Operating System Licenses	HPE OCA > SY480 Gen12 [P68217-B21] > Software & Licenses > Server Management & Operating System Licenses	Operating System / License	Unlimited	0	Unlimited	Selection constraint for Server Management & Operating System Licenses: no max	R2A04AAE	Service	Red Hat Satellite 2 Sockets Unlimited Guests 3-year Subscription E-LTU	0	0		0		No	Available		Not published by OCA	Active	02/04/2019	09/30/2028	{"Extended Price (USD)":"0"}	BASELINE	N/A	$0.00	0.00%	2026-09-11: (no price)
Software & Licenses	Server Management & Operating System Licenses	HPE OCA > SY480 Gen12 [P68217-B21] > Software & Licenses > Server Management & Operating System Licenses	Operating System / License	Unlimited	0	Unlimited	Selection constraint for Server Management & Operating System Licenses: no max	R2A04A	Service	Red Hat Satellite 2 Sockets Unlimited Guests 3-year Subscription Flexible LTU	0	0		0		No	Available		Not published by OCA	Active	02/04/2019	09/30/2028	{"Extended Price (USD)":"0"}	BASELINE	N/A	$0.00	0.00%	2026-09-11: (no price)
Software & Licenses	Server Management & Operating System Licenses	HPE OCA > SY480 Gen12 [P68217-B21] > Software & Licenses > Server Management & Operating System Licenses	Operating System / License	Unlimited	0	Unlimited	Selection constraint for Server Management & Operating System Licenses: no max	R2A05AAE	Service	Red Hat Satellite 2 Sockets Unlimited Guests 5-year Subscription E-LTU	0	0		0		No	Available		Not published by OCA	Active	02/04/2019	09/30/2028	{"Extended Price (USD)":"0"}	BASELINE	N/A	$0.00	0.00%	2026-09-11: (no price)
Software & Licenses	Server Management & Operating System Licenses	HPE OCA > SY480 Gen12 [P68217-B21] > Software & Licenses > Server Management & Operating System Licenses	Operating System / License	Unlimited	0	Unlimited	Selection constraint for Server Management & Operating System Licenses: no max	R2A05A	Service	Red Hat Satellite 2 Sockets Unlimited Guests 5-year Subscription Flexible LTU	0	0		0		No	Available		Not published by OCA	Active	02/04/2019	09/30/2028	{"Extended Price (USD)":"0"}	BASELINE	N/A	$0.00	0.00%	2026-09-11: (no price)
Software & Licenses	Server Management & Operating System Licenses	HPE OCA > SY480 Gen12 [P68217-B21] > Software & Licenses > Server Management & Operating System Licenses	Operating System / License	Unlimited	0	Unlimited	Selection constraint for Server Management & Operating System Licenses: no max	R2A00AAE	Service	Red Hat Satellite 2 Sockets or 2 Guests 1yr Subscription E-LTU	0	0		0		No	Available		Not published by OCA	Active	02/04/2019	09/30/2028	{"Extended Price (USD)":"0"}	BASELINE	N/A	$0.00	0.00%	2026-09-11: (no price)
Software & Licenses	Server Management & Operating System Licenses	HPE OCA > SY480 Gen12 [P68217-B21] > Software & Licenses > Server Management & Operating System Licenses	Operating System / License	Unlimited	0	Unlimited	Selection constraint for Server Management & Operating System Licenses: no max	R2A00A	Service	Red Hat Satellite 2 Sockets or 2 Guests 1yr Subscription Flexible LTU	0	0		0		No	Available		Not published by OCA	Active	02/04/2019	09/30/2028	{"Extended Price (USD)":"0"}	BASELINE	N/A	$0.00	0.00%	2026-09-11: (no price)
Software & Licenses	Server Management & Operating System Licenses	HPE OCA > SY480 Gen12 [P68217-B21] > Software & Licenses > Server Management & Operating System Licenses	Operating System / License	Unlimited	0	Unlimited	Selection constraint for Server Management & Operating System Licenses: no max	R2A01AAE	Service	Red Hat Satellite 2 Sockets or 2 Guests 3-year Subscription E-LTU	0	0		0		No	Available		Not published by OCA	Active	02/04/2019	09/30/2028	{"Extended Price (USD)":"0"}	BASELINE	N/A	$0.00	0.00%	2026-09-11: (no price)
Software & Licenses	Server Management & Operating System Licenses	HPE OCA > SY480 Gen12 [P68217-B21] > Software & Licenses > Server Management & Operating System Licenses	Operating System / License	Unlimited	0	Unlimited	Selection constraint for Server Management & Operating System Licenses: no max	R2A01A	Service	Red Hat Satellite 2 Sockets or 2 Guests 3-year Subscription Flexible LTU	0	0		0		No	Available		Not published by OCA	Active	02/04/2019	09/30/2028	{"Extended Price (USD)":"0"}	BASELINE	N/A	$0.00	0.00%	2026-09-11: (no price)
Software & Licenses	Server Management & Operating System Licenses	HPE OCA > SY480 Gen12 [P68217-B21] > Software & Licenses > Server Management & Operating System Licenses	Operating System / License	Unlimited	0	Unlimited	Selection constraint for Server Management & Operating System Licenses: no max	R2A02AAE	Service	Red Hat Satellite 2 Sockets or 2 Guests 5-year Subscription E-LTU	0	0		0		No	Available		Not published by OCA	Active	02/04/2019	09/30/2028	{"Extended Price (USD)":"0"}	BASELINE	N/A	$0.00	0.00%	2026-09-11: (no price)
Software & Licenses	Server Management & Operating System Licenses	HPE OCA > SY480 Gen12 [P68217-B21] > Software & Licenses > Server Management & Operating System Licenses	Operating System / License	Unlimited	0	Unlimited	Selection constraint for Server Management & Operating System Licenses: no max	R2A02A	Service	Red Hat Satellite 2 Sockets or 2 Guests 5-year Subscription Flexible LTU	0	0		0		No	Available		Not published by OCA	Active	02/04/2019	09/30/2028	{"Extended Price (USD)":"0"}	BASELINE	N/A	$0.00	0.00%	2026-09-11: (no price)
Support Services	Server Management & Operating System Licenses	HPE OCA > SY480 Gen12 [P68217-B21] > Support Services > Server Management & Operating System Licenses	Service & Support	Unlimited	0	Unlimited	Selection constraint for Server Management & Operating System Licenses: no max	R1T30AAE	Service	HPE Serviceguard for Linux x86 Base 1yr Subscription 24x7 Support PSL E-LTU	0	0		0		No	Available		Not published by OCA	Active	03/04/2019	09/30/2028	{"Extended Price (USD)":"0"}	BASELINE	N/A	$0.00	0.00%	2026-09-11: (no price)
Support Services	Server Management & Operating System Licenses	HPE OCA > SY480 Gen12 [P68217-B21] > Support Services > Server Management & Operating System Licenses	Service & Support	Unlimited	0	Unlimited	Selection constraint for Server Management & Operating System Licenses: no max	R1T31AAE	Service	HPE Serviceguard for Linux x86 Advanced 1yr Subscription 24x7 Support PSL E-LTU	0	0		0		No	Available		Not published by OCA	Active	03/04/2019	09/30/2028	{"Extended Price (USD)":"0"}	BASELINE	N/A	$0.00	0.00%	2026-09-11: (no price)
Support Services	Server Management & Operating System Licenses	HPE OCA > SY480 Gen12 [P68217-B21] > Support Services > Server Management & Operating System Licenses	Service & Support	Unlimited	0	Unlimited	Selection constraint for Server Management & Operating System Licenses: no max	R1T32AAE	Service	HPE Serviceguard for Linux x86 Enterprise 1yr Subscription 24x7 Support PSL E-LTU	0	0		0		No	Available		Not published by OCA	Active	03/04/2019	09/30/2028	{"Extended Price (USD)":"0"}	BASELINE	N/A	$0.00	0.00%	2026-09-11: (no price)
Support Services	Server Management & Operating System Licenses	HPE OCA > SY480 Gen12 [P68217-B21] > Support Services > Server Management & Operating System Licenses	Service & Support	Unlimited	0	Unlimited	Selection constraint for Server Management & Operating System Licenses: no max	R1T36AAE	Service	HPE Serviceguard for Linux x86 Enterprise for SAP HANA 1yr Subscription 24x7 Support PSL E-LTU	0	0		0		No	Available		Not published by OCA	Active	03/04/2019	09/30/2028	{"Extended Price (USD)":"0"}	BASELINE	N/A	$0.00	0.00%	2026-09-11: (no price)
Support Services	Server Management & Operating System Licenses	HPE OCA > SY480 Gen12 [P68217-B21] > Support Services > Server Management & Operating System Licenses	Service & Support	Unlimited	0	Unlimited	Selection constraint for Server Management & Operating System Licenses: no max	R8V45AAE	Service	HPE Serviceguard for Linux x86 Flex Storage Add-On 1yr Subscription 24x7 Support per Instance E-LTU	0	0		0		No	Available		Not published by OCA	Active	10/04/2021	09/30/2028	{"Extended Price (USD)":"0"}	BASELINE	N/A	$0.00	0.00%	2026-09-11: (no price)
Support Services	Server Management & Operating System Licenses	HPE OCA > SY480 Gen12 [P68217-B21] > Support Services > Server Management & Operating System Licenses	Service & Support	Unlimited	0	Unlimited	Selection constraint for Server Management & Operating System Licenses: no max	R8V48A	Service	HPE Serviceguard for Linux x86 Flex Storage Add-On Media	0	0		0		No	Obsolete (OB)		Not published by OCA	Obsolete (OB)	10/04/2021	04/01/2025	{"Extended Price (USD)":"0"}	BASELINE	N/A	$0.00	0.00%	2026-09-11: (no price)
Support Services	Server Management & Operating System Licenses	HPE OCA > SY480 Gen12 [P68217-B21] > Support Services > Server Management & Operating System Licenses	Service & Support	Unlimited	0	Unlimited	Selection constraint for Server Management & Operating System Licenses: no max	S0W12AAE	Service	HPE Serviceguard for Linux v15 High Availability E5 2 Cores or 4 vCPUs 1yr Subscription 24x7 E-LTU	0	0		0		No	Available		Not published by OCA	Active	01/10/2023	09/30/2028	{"Extended Price (USD)":"0"}	BASELINE	N/A	$0.00	0.00%	2026-09-11: (no price)
Support Services	Server Management & Operating System Licenses	HPE OCA > SY480 Gen12 [P68217-B21] > Support Services > Server Management & Operating System Licenses	Service & Support	Unlimited	0	Unlimited	Selection constraint for Server Management & Operating System Licenses: no max	S0W15AAE	Service	HPE Serviceguard for Linux v15 HA and Disaster Recovery E7 2 Cores or 4 vCPUs 1y Sub 24x7 E-LTU	0	0		0		No	Available		Not published by OCA	Active	01/10/2023	09/30/2028	{"Extended Price (USD)":"0"}	BASELINE	N/A	$0.00	0.00%	2026-09-11: (no price)
Support Services	Server Management & Operating System Licenses	HPE OCA > SY480 Gen12 [P68217-B21] > Support Services > Server Management & Operating System Licenses	Service & Support	Unlimited	0	Unlimited	Selection constraint for Server Management & Operating System Licenses: no max	S0W18AAE	Service	HPE Serviceguard for Linux v15 SAP Add-on 2 Cores or 4 vCPUs 1-year Subscription 24x7 E-LTU	0	0		0		No	Available		Not published by OCA	Active	01/10/2023	09/30/2028	{"Extended Price (USD)":"0"}	BASELINE	N/A	$0.00	0.00%	2026-09-11: (no price)
Support Services	Server Management & Operating System Licenses	HPE OCA > SY480 Gen12 [P68217-B21] > Support Services > Server Management & Operating System Licenses	Service & Support	Unlimited	0	Unlimited	Selection constraint for Server Management & Operating System Licenses: no max	S0W21AAE	Service	HPE Serviceguard for Linux v15 Oracle Add-on 2 Cores or 4 vCPUs 1-year Subscription 24x7 E-LTU	0	0		0		No	Available		Not published by OCA	Active	01/10/2023	09/30/2028	{"Extended Price (USD)":"0"}	BASELINE	N/A	$0.00	0.00%	2026-09-11: (no price)
Support Services	Server Management & Operating System Licenses	HPE OCA > SY480 Gen12 [P68217-B21] > Support Services > Server Management & Operating System Licenses	Service & Support	Unlimited	0	Unlimited	Selection constraint for Server Management & Operating System Licenses: no max	S0W24AAE	Service	HPE Serviceguard for Linux v15 Microsoft SQL Server Add-on 2 Cores or 4 vCPUs 1y Sub 24x7 E-LTU	0	0		0		No	Available		Not published by OCA	Active	01/10/2023	09/30/2028	{"Extended Price (USD)":"0"}	BASELINE	N/A	$0.00	0.00%	2026-09-11: (no price)
Support Services	Server Management & Operating System Licenses	HPE OCA > SY480 Gen12 [P68217-B21] > Support Services > Server Management & Operating System Licenses	Service & Support	Unlimited	0	Unlimited	Selection constraint for Server Management & Operating System Licenses: no max	S0W27AAE	Service	HPE Serviceguard for Linux v15 NFS Add-on 2 Cores or 4 vCPUs 1-year Subscription 24x7 E-LTU	0	0		0		No	Available		Not published by OCA	Active	01/10/2023	09/30/2028	{"Extended Price (USD)":"0"}	BASELINE	N/A	$0.00	0.00%	2026-09-11: (no price)
Support Services	Server Management & Operating System Licenses	HPE OCA > SY480 Gen12 [P68217-B21] > Support Services > Server Management & Operating System Licenses	Service & Support	Unlimited	0	Unlimited	Selection constraint for Server Management & Operating System Licenses: no max	BC351A	Standard	Red Hat Enterprise Linux HPC Compute Node 2 Sockets 1 Year Subscription No Support No Media Lic	0	0		0		No	Obsolete (OB)		Not published by OCA	Obsolete (OB)	01/10/2011	03/01/2017	{"Extended Price (USD)":"0"}	BASELINE	N/A	$0.00	0.00%	2026-09-11: (no price)
Support Services	Server Management & Operating System Licenses	HPE OCA > SY480 Gen12 [P68217-B21] > Support Services > Server Management & Operating System Licenses	Service & Support	Unlimited	0	Unlimited	Selection constraint for Server Management & Operating System Licenses: no max	BC352A	Standard	Red Hat Enterprise Linux HPC Compute Node 2 Sockets 3 Year Subscription No Support No Media Lic	0	0		0		No	Obsolete (OB)		Not published by OCA	Obsolete (OB)	01/10/2011	03/01/2017	{"Extended Price (USD)":"0"}	BASELINE	N/A	$0.00	0.00%	2026-09-11: (no price)
Support Services	Server Management & Operating System Licenses	HPE OCA > SY480 Gen12 [P68217-B21] > Support Services > Server Management & Operating System Licenses	Service & Support	Unlimited	0	Unlimited	Selection constraint for Server Management & Operating System Licenses: no max	BD566A	Standard	Red Hat Enterprise Linux HPC Head Node 2 Sockets 1 Guest 3 Year Subscription 24x7 Support Flex Lic	0	0		0		No	Obsolete (OB)		Not published by OCA	Obsolete (OB)	05/14/2012	03/01/2017	{"Extended Price (USD)":"0"}	BASELINE	N/A	$0.00	0.00%	2026-09-11: (no price)
Support Services	Server Management & Operating System Licenses	HPE OCA > SY480 Gen12 [P68217-B21] > Support Services > Server Management & Operating System Licenses	Service & Support	Unlimited	0	Unlimited	Selection constraint for Server Management & Operating System Licenses: no max	BD565A	Standard	Red Hat Enterprise Linux HPC Head Node 2 Sockets 1 Guest 3 Year Subscription 9x5 Support Flex Lic	0	0		0		No	Obsolete (OB)		Not published by OCA	Obsolete (OB)	05/14/2012	03/01/2017	{"Extended Price (USD)":"0"}	BASELINE	N/A	$0.00	0.00%	2026-09-11: (no price)
Support Services	Server Management & Operating System Licenses	HPE OCA > SY480 Gen12 [P68217-B21] > Support Services > Server Management & Operating System Licenses	Service & Support	Unlimited	0	Unlimited	Selection constraint for Server Management & Operating System Licenses: no max	BD568A	Standard	Red Hat Enterprise Linux HPC Head Node 2 Sockets 1 Guest 5 Year Subscription 24x7 Support Flex Lic	0	0		0		No	Obsolete (OB)		Not published by OCA	Obsolete (OB)	05/14/2012	03/01/2017	{"Extended Price (USD)":"0"}	BASELINE	N/A	$0.00	0.00%	2026-09-11: (no price)
Support Services	Server Management & Operating System Licenses	HPE OCA > SY480 Gen12 [P68217-B21] > Support Services > Server Management & Operating System Licenses	Service & Support	Unlimited	0	Unlimited	Selection constraint for Server Management & Operating System Licenses: no max	BD567A	Standard	Red Hat Enterprise Linux HPC Head Node 2 Sockets 1 Guest 5 Year Subscription 9x5 Support Flex Lic	0	0		0		No	Obsolete (OB)		Not published by OCA	Obsolete (OB)	05/14/2012	03/01/2017	{"Extended Price (USD)":"0"}	BASELINE	N/A	$0.00	0.00%	2026-09-11: (no price)
Support Services	Server Management & Operating System Licenses	HPE OCA > SY480 Gen12 [P68217-B21] > Support Services > Server Management & Operating System Licenses	Service & Support	Unlimited	0	Unlimited	Selection constraint for Server Management & Operating System Licenses: no max	R1P40AAE	Service	Red Hat Enterprise Linux for HPC Compute Node 1yr Subscription E-LTU	0	0		0		No	Available		Not published by OCA	Active	12/03/2018	09/30/2028	{"Extended Price (USD)":"0"}	BASELINE	N/A	$0.00	0.00%	2026-09-11: (no price)
Support Services	Server Management & Operating System Licenses	HPE OCA > SY480 Gen12 [P68217-B21] > Support Services > Server Management & Operating System Licenses	Service & Support	Unlimited	0	Unlimited	Selection constraint for Server Management & Operating System Licenses: no max	R1P40A	Service	Red Hat Enterprise Linux for HPC Compute Node 1yr Subscription Flexible LTU	0	0		0		No	Available		Not published by OCA	Active	12/03/2018	09/30/2028	{"Extended Price (USD)":"0"}	BASELINE	N/A	$0.00	0.00%	2026-09-11: (no price)
Support Services	Server Management & Operating System Licenses	HPE OCA > SY480 Gen12 [P68217-B21] > Support Services > Server Management & Operating System Licenses	Service & Support	Unlimited	0	Unlimited	Selection constraint for Server Management & Operating System Licenses: no max	R1P41AAE	Service	Red Hat Enterprise Linux for HPC Compute Node 3yr Subscription E-LTU	0	0		0		No	Available		Not published by OCA	Active	12/03/2018	09/30/2028	{"Extended Price (USD)":"0"}	BASELINE	N/A	$0.00	0.00%	2026-09-11: (no price)
Support Services	Server Management & Operating System Licenses	HPE OCA > SY480 Gen12 [P68217-B21] > Support Services > Server Management & Operating System Licenses	Service & Support	Unlimited	0	Unlimited	Selection constraint for Server Management & Operating System Licenses: no max	R1P41A	Service	Red Hat Enterprise Linux for HPC Compute Node 3yr Subscription Flexible LTU	0	0		0		No	Available		Not published by OCA	Active	12/03/2018	09/30/2028	{"Extended Price (USD)":"0"}	BASELINE	N/A	$0.00	0.00%	2026-09-11: (no price)
Support Services	Server Management & Operating System Licenses	HPE OCA > SY480 Gen12 [P68217-B21] > Support Services > Server Management & Operating System Licenses	Service & Support	Unlimited	0	Unlimited	Selection constraint for Server Management & Operating System Licenses: no max	R1P42AAE	Service	Red Hat Enterprise Linux for HPC Compute Node 5yr Subscription E-LTU	0	0		0		No	Available		Not published by OCA	Active	12/03/2018	09/30/2028	{"Extended Price (USD)":"0"}	BASELINE	N/A	$0.00	0.00%	2026-09-11: (no price)
Support Services	Server Management & Operating System Licenses	HPE OCA > SY480 Gen12 [P68217-B21] > Support Services > Server Management & Operating System Licenses	Service & Support	Unlimited	0	Unlimited	Selection constraint for Server Management & Operating System Licenses: no max	R1P42A	Service	Red Hat Enterprise Linux for HPC Compute Node 5yr Subscription Flexible LTU	0	0		0		No	Available		Not published by OCA	Active	12/03/2018	09/30/2028	{"Extended Price (USD)":"0"}	BASELINE	N/A	$0.00	0.00%	2026-09-11: (no price)
Support Services	Server Management & Operating System Licenses	HPE OCA > SY480 Gen12 [P68217-B21] > Support Services > Server Management & Operating System Licenses	Service & Support	Unlimited	0	Unlimited	Selection constraint for Server Management & Operating System Licenses: no max	R2Z51AAE	Service	Red Hat Enterprise Linux for HPC Compute Node with Smart Management 1yr E-LTU	0	0		0		No	Available		Not published by OCA	Active	08/05/2019	09/30/2028	{"Extended Price (USD)":"0"}	BASELINE	N/A	$0.00	0.00%	2026-09-11: (no price)
Support Services	Server Management & Operating System Licenses	HPE OCA > SY480 Gen12 [P68217-B21] > Support Services > Server Management & Operating System Licenses	Service & Support	Unlimited	0	Unlimited	Selection constraint for Server Management & Operating System Licenses: no max	R2Z52AAE	Service	Red Hat Enterprise Linux for HPC Compute Node with Smart Management 3yr E-LTU	0	0		0		No	Available		Not published by OCA	Active	08/05/2019	09/30/2028	{"Extended Price (USD)":"0"}	BASELINE	N/A	$0.00	0.00%	2026-09-11: (no price)
Support Services	Server Management & Operating System Licenses	HPE OCA > SY480 Gen12 [P68217-B21] > Support Services > Server Management & Operating System Licenses	Service & Support	Unlimited	0	Unlimited	Selection constraint for Server Management & Operating System Licenses: no max	R2Z53AAE	Service	Red Hat Enterprise Linux for HPC Compute Node with Smart Management 5yr E-LTU	0	0		0		No	Available		Not published by OCA	Active	08/05/2019	09/30/2028	{"Extended Price (USD)":"0"}	BASELINE	N/A	$0.00	0.00%	2026-09-11: (no price)
Support Services	Server Management & Operating System Licenses	HPE OCA > SY480 Gen12 [P68217-B21] > Support Services > Server Management & Operating System Licenses	Service & Support	Unlimited	0	Unlimited	Selection constraint for Server Management & Operating System Licenses: no max	R1P34AAE	Service	Red Hat Enterprise Linux for HPC Head Node 1yr Subscription 24x7 Support E-LTU	0	0		0		No	Available		Not published by OCA	Active	12/03/2018	09/30/2028	{"Extended Price (USD)":"0"}	BASELINE	N/A	$0.00	0.00%	2026-09-11: (no price)
Support Services	Server Management & Operating System Licenses	HPE OCA > SY480 Gen12 [P68217-B21] > Support Services > Server Management & Operating System Licenses	Service & Support	Unlimited	0	Unlimited	Selection constraint for Server Management & Operating System Licenses: no max	R1P34A	Service	Red Hat Enterprise Linux for HPC Head Node 1yr Subscription 24x7 Support Flexible LTU	0	0		0		No	Available		Not published by OCA	Active	12/03/2018	09/30/2028	{"Extended Price (USD)":"0"}	BASELINE	N/A	$0.00	0.00%	2026-09-11: (no price)
Support Services	Server Management & Operating System Licenses	HPE OCA > SY480 Gen12 [P68217-B21] > Support Services > Server Management & Operating System Licenses	Service & Support	Unlimited	0	Unlimited	Selection constraint for Server Management & Operating System Licenses: no max	R1P37AAE	Service	Red Hat Enterprise Linux for HPC Head Node 1yr Subscription 9x5 Support E-LTU	0	0		0		No	Available		Not published by OCA	Active	12/03/2018	09/30/2028	{"Extended Price (USD)":"0"}	BASELINE	N/A	$0.00	0.00%	2026-09-11: (no price)
Support Services	Server Management & Operating System Licenses	HPE OCA > SY480 Gen12 [P68217-B21] > Support Services > Server Management & Operating System Licenses	Service & Support	Unlimited	0	Unlimited	Selection constraint for Server Management & Operating System Licenses: no max	R1P37A	Service	Red Hat Enterprise Linux for HPC Head Node 1yr Subscription 9x5 Support Flexible LTU	0	0		0		No	Available		Not published by OCA	Active	12/03/2018	09/30/2028	{"Extended Price (USD)":"0"}	BASELINE	N/A	$0.00	0.00%	2026-09-11: (no price)
Support Services	Server Management & Operating System Licenses	HPE OCA > SY480 Gen12 [P68217-B21] > Support Services > Server Management & Operating System Licenses	Service & Support	Unlimited	0	Unlimited	Selection constraint for Server Management & Operating System Licenses: no max	R1P35AAE	Service	Red Hat Enterprise Linux for HPC Head Node 3yr Subscription 24x7 Support E-LTU	0	0		0		No	Available		Not published by OCA	Active	12/03/2018	09/30/2028	{"Extended Price (USD)":"0"}	BASELINE	N/A	$0.00	0.00%	2026-09-11: (no price)
Support Services	Server Management & Operating System Licenses	HPE OCA > SY480 Gen12 [P68217-B21] > Support Services > Server Management & Operating System Licenses	Service & Support	Unlimited	0	Unlimited	Selection constraint for Server Management & Operating System Licenses: no max	R1P35A	Service	Red Hat Enterprise Linux for HPC Head Node 3yr Subscription 24x7 Support Flexible LTU	0	0		0		No	Available		Not published by OCA	Active	12/03/2018	09/30/2028	{"Extended Price (USD)":"0"}	BASELINE	N/A	$0.00	0.00%	2026-09-11: (no price)
Support Services	Server Management & Operating System Licenses	HPE OCA > SY480 Gen12 [P68217-B21] > Support Services > Server Management & Operating System Licenses	Service & Support	Unlimited	0	Unlimited	Selection constraint for Server Management & Operating System Licenses: no max	R1P38AAE	Service	Red Hat Enterprise Linux for HPC Head Node 3yr Subscription 9x5 Support E-LTU	0	0		0		No	Available		Not published by OCA	Active	12/03/2018	09/30/2028	{"Extended Price (USD)":"0"}	BASELINE	N/A	$0.00	0.00%	2026-09-11: (no price)
Support Services	Server Management & Operating System Licenses	HPE OCA > SY480 Gen12 [P68217-B21] > Support Services > Server Management & Operating System Licenses	Service & Support	Unlimited	0	Unlimited	Selection constraint for Server Management & Operating System Licenses: no max	R1P38A	Service	Red Hat Enterprise Linux for HPC Head Node 3yr Subscription 9x5 Support Flexible LTU	0	0		0		No	Available		Not published by OCA	Active	12/03/2018	09/30/2028	{"Extended Price (USD)":"0"}	BASELINE	N/A	$0.00	0.00%	2026-09-11: (no price)
Support Services	Server Management & Operating System Licenses	HPE OCA > SY480 Gen12 [P68217-B21] > Support Services > Server Management & Operating System Licenses	Service & Support	Unlimited	0	Unlimited	Selection constraint for Server Management & Operating System Licenses: no max	R1P36AAE	Service	Red Hat Enterprise Linux for HPC Head Node 5yr Subscription 24x7 Support E-LTU	0	0		0		No	Available		Not published by OCA	Active	12/03/2018	09/30/2028	{"Extended Price (USD)":"0"}	BASELINE	N/A	$0.00	0.00%	2026-09-11: (no price)
Support Services	Server Management & Operating System Licenses	HPE OCA > SY480 Gen12 [P68217-B21] > Support Services > Server Management & Operating System Licenses	Service & Support	Unlimited	0	Unlimited	Selection constraint for Server Management & Operating System Licenses: no max	R1P36A	Service	Red Hat Enterprise Linux for HPC Head Node 5yr Subscription 24x7 Support Flexible LTU	0	0		0		No	Available		Not published by OCA	Active	12/03/2018	09/30/2028	{"Extended Price (USD)":"0"}	BASELINE	N/A	$0.00	0.00%	2026-09-11: (no price)
Support Services	Server Management & Operating System Licenses	HPE OCA > SY480 Gen12 [P68217-B21] > Support Services > Server Management & Operating System Licenses	Service & Support	Unlimited	0	Unlimited	Selection constraint for Server Management & Operating System Licenses: no max	R1P39AAE	Service	Red Hat Enterprise Linux for HPC Head Node 5yr Subscription 9x5 Support E-LTU	0	0		0		No	Available		Not published by OCA	Active	12/03/2018	09/30/2028	{"Extended Price (USD)":"0"}	BASELINE	N/A	$0.00	0.00%	2026-09-11: (no price)
Support Services	Server Management & Operating System Licenses	HPE OCA > SY480 Gen12 [P68217-B21] > Support Services > Server Management & Operating System Licenses	Service & Support	Unlimited	0	Unlimited	Selection constraint for Server Management & Operating System Licenses: no max	R1P39A	Service	Red Hat Enterprise Linux for HPC Head Node 5yr Subscription 9x5 Support Flexible LTU	0	0		0		No	Available		Not published by OCA	Active	12/03/2018	09/30/2028	{"Extended Price (USD)":"0"}	BASELINE	N/A	$0.00	0.00%	2026-09-11: (no price)
Support Services	Server Management & Operating System Licenses	HPE OCA > SY480 Gen12 [P68217-B21] > Support Services > Server Management & Operating System Licenses	Service & Support	Unlimited	0	Unlimited	Selection constraint for Server Management & Operating System Licenses: no max	R2Z45AAE	Service	Red Hat Enterprise Linux for HPC Head Node with Smart Management 1yr 24x7 E-LTU	0	0		0		No	Available		Not published by OCA	Active	08/05/2019	09/30/2028	{"Extended Price (USD)":"0"}	BASELINE	N/A	$0.00	0.00%	2026-09-11: (no price)
Support Services	Server Management & Operating System Licenses	HPE OCA > SY480 Gen12 [P68217-B21] > Support Services > Server Management & Operating System Licenses	Service & Support	Unlimited	0	Unlimited	Selection constraint for Server Management & Operating System Licenses: no max	R2Z46AAE	Service	Red Hat Enterprise Linux for HPC Head Node with Smart Management 3yr 24x7 E-LTU	0	0		0		No	Available		Not published by OCA	Active	08/05/2019	09/30/2028	{"Extended Price (USD)":"0"}	BASELINE	N/A	$0.00	0.00%	2026-09-11: (no price)
Support Services	Server Management & Operating System Licenses	HPE OCA > SY480 Gen12 [P68217-B21] > Support Services > Server Management & Operating System Licenses	Service & Support	Unlimited	0	Unlimited	Selection constraint for Server Management & Operating System Licenses: no max	R2Z47AAE	Service	Red Hat Enterprise Linux for HPC Head Node with Smart Management 5yr 24x7 E-LTU	0	0		0		No	Available		Not published by OCA	Active	08/05/2019	09/30/2028	{"Extended Price (USD)":"0"}	BASELINE	N/A	$0.00	0.00%	2026-09-11: (no price)
Support Services	Server Management & Operating System Licenses	HPE OCA > SY480 Gen12 [P68217-B21] > Support Services > Server Management & Operating System Licenses	Service & Support	Unlimited	0	Unlimited	Selection constraint for Server Management & Operating System Licenses: no max	Q9S73AAE	Service	SUSE Linux Enterprise Server HPC 1-2 Sockets 1-year Subscription 9x5 Support E-LTU	0	0		0		No	Available		Not published by OCA	Active	04/02/2018	09/30/2027	{"Extended Price (USD)":"0"}	BASELINE	N/A	$0.00	0.00%	2026-09-11: (no price)
Support Services	Server Management & Operating System Licenses	HPE OCA > SY480 Gen12 [P68217-B21] > Support Services > Server Management & Operating System Licenses	Service & Support	Unlimited	0	Unlimited	Selection constraint for Server Management & Operating System Licenses: no max	Q9S76AAE	Service	SUSE Linux Enterprise Server HPC 1-2 Sockets 1yr Subscription 24x7 Support E-LTU	0	0		0		No	Available		Not published by OCA	Active	04/02/2018	09/30/2027	{"Extended Price (USD)":"0"}	BASELINE	N/A	$0.00	0.00%	2026-09-11: (no price)
Support Services	Server Management & Operating System Licenses	HPE OCA > SY480 Gen12 [P68217-B21] > Support Services > Server Management & Operating System Licenses	Service & Support	Unlimited	0	Unlimited	Selection constraint for Server Management & Operating System Licenses: no max	Q9S74AAE	Service	SUSE Linux Enterprise Server HPC 1-2 Sockets 3-year Subscription 9x5 Support E-LTU	0	0		0		No	Available		Not published by OCA	Active	04/02/2018	09/30/2027	{"Extended Price (USD)":"0"}	BASELINE	N/A	$0.00	0.00%	2026-09-11: (no price)
Support Services	Server Management & Operating System Licenses	HPE OCA > SY480 Gen12 [P68217-B21] > Support Services > Server Management & Operating System Licenses	Service & Support	Unlimited	0	Unlimited	Selection constraint for Server Management & Operating System Licenses: no max	Q9S77AAE	Service	SUSE Linux Enterprise Server HPC 1-2 Sockets 3yr Subscription 24x7 Support E-LTU	0	0		0		No	Available		Not published by OCA	Active	04/02/2018	09/30/2027	{"Extended Price (USD)":"0"}	BASELINE	N/A	$0.00	0.00%	2026-09-11: (no price)
Support Services	Server Management & Operating System Licenses	HPE OCA > SY480 Gen12 [P68217-B21] > Support Services > Server Management & Operating System Licenses	Service & Support	Unlimited	0	Unlimited	Selection constraint for Server Management & Operating System Licenses: no max	Q9S75AAE	Service	SUSE Linux Enterprise Server HPC 1-2 Sockets 5-year Subscription 9x5 Support E-LTU	0	0		0		No	Available		Not published by OCA	Active	04/02/2018	09/30/2027	{"Extended Price (USD)":"0"}	BASELINE	N/A	$0.00	0.00%	2026-09-11: (no price)
Support Services	Server Management & Operating System Licenses	HPE OCA > SY480 Gen12 [P68217-B21] > Support Services > Server Management & Operating System Licenses	Service & Support	Unlimited	0	Unlimited	Selection constraint for Server Management & Operating System Licenses: no max	Q9S78AAE	Service	SUSE Linux Enterprise Server HPC 1-2 Sockets 5yr Subscription 24x7 Support E-LTU	0	0		0		No	Available		Not published by OCA	Active	04/02/2018	09/30/2027	{"Extended Price (USD)":"0"}	BASELINE	N/A	$0.00	0.00%	2026-09-11: (no price)
Support Services	Server Management & Operating System Licenses	HPE OCA > SY480 Gen12 [P68217-B21] > Support Services > Server Management & Operating System Licenses	Service & Support	Unlimited	0	Unlimited	Selection constraint for Server Management & Operating System Licenses: no max	R7P98AAE	Service	HPE Serviceguard for Linux x86 Premium for SAP HANA 1-year Subscription 24x7 Support PSL E-LTU	0	0		0		No	Available		Not published by OCA	Active	04/06/2021	09/30/2028	{"Extended Price (USD)":"0"}	BASELINE	N/A	$0.00	0.00%	2026-09-11: (no price)
Support Services	Server Management & Operating System Licenses	HPE OCA > SY480 Gen12 [P68217-B21] > Support Services > Server Management & Operating System Licenses	Service & Support	Unlimited	0	Unlimited	Selection constraint for Server Management & Operating System Licenses: no max	R2U47AAE	Service	SUSE Linux Enterprise Server Live Patching x86-64 1-2Sockets Inherited Virtualization 5yr 24x7 E-LTU	0	0		0		No	Obsolete (OB)		Not published by OCA	Obsolete (OB)	06/01/2020	10/31/2025	{"Extended Price (USD)":"0"}	BASELINE	N/A	$0.00	0.00%	2026-09-11: (no price)
Support Services	Server Management & Operating System Licenses	HPE OCA > SY480 Gen12 [P68217-B21] > Support Services > Server Management & Operating System Licenses	Service & Support	Unlimited	0	Unlimited	Selection constraint for Server Management & Operating System Licenses: no max	N0U73A	Standard	SUSE Linux Enterprise Server SAP 1-2 Sockets or 1-2 VM 3-year Subscription 24x7 Support Flexible LTU	0	7803.00		0		No	Obsolete (OB)		Not published by OCA	Obsolete (OB)	08/17/2015	03/02/2026	{"Extended Price (USD)":"0"}	BASELINE	N/A	$0.00	0.00%	2026-09-11: $7803.00
Support Services	Server Management & Operating System Licenses	HPE OCA > SY480 Gen12 [P68217-B21] > Support Services > Server Management & Operating System Licenses	Service & Support	Unlimited	0	Unlimited	Selection constraint for Server Management & Operating System Licenses: no max	N0U75A	Standard	SUSE Linux Enterprise Server SAP 1-2 Sockets or 1-2 VM 5-year Subscription 24x7 Support Flexible LTU	0	13005.00		0		No	Obsolete (OB)		Not published by OCA	Obsolete (OB)	08/17/2015	03/02/2026	{"Extended Price (USD)":"0"}	BASELINE	N/A	$0.00	0.00%	2026-09-11: $13005.00
Support Services	Server Management & Operating System Licenses	HPE OCA > SY480 Gen12 [P68217-B21] > Support Services > Server Management & Operating System Licenses	Service & Support	Unlimited	0	Unlimited	Selection constraint for Server Management & Operating System Licenses: no max	R8V84A	Service	SUSE Linux Enterprise Server for SAP 1-2 Sockets Unlimited VM w/Live Patching 3yr 24x7 Flexible LTU	0	0		0		No	Obsolete (OB)		Not published by OCA	Obsolete (OB)	10/04/2021	03/02/2026	{"Extended Price (USD)":"0"}	BASELINE	N/A	$0.00	0.00%	2026-09-11: (no price)
Support Services	Server Management & Operating System Licenses	HPE OCA > SY480 Gen12 [P68217-B21] > Support Services > Server Management & Operating System Licenses	Service & Support	Unlimited	0	Unlimited	Selection constraint for Server Management & Operating System Licenses: no max	R8V85A	Service	SUSE Linux Enterprise Server for SAP 1-2 Sockets Unlimited VM w/Live Patching 5yr 24x7 Flexible LTU	0	0		0		No	Obsolete (OB)		Not published by OCA	Obsolete (OB)	10/04/2021	03/02/2026	{"Extended Price (USD)":"0"}	BASELINE	N/A	$0.00	0.00%	2026-09-11: (no price)
Support Services	Server Management & Operating System Licenses	HPE OCA > SY480 Gen12 [P68217-B21] > Support Services > Server Management & Operating System Licenses	Service & Support	Unlimited	0	Unlimited	Selection constraint for Server Management & Operating System Licenses: no max	S7P12A	Service	SUSE Linux Enterprise Server for SAP Applications 1-2 Sockets or 1-2 VM 3-year Sub 24x7 Sup Flex LTU	0	0		0		No	Available		Not published by OCA	Active	03/02/2026	04/30/2028	{"Extended Price (USD)":"0"}	BASELINE	N/A	$0.00	0.00%	2026-09-11: (no price)
Support Services	Server Management & Operating System Licenses	HPE OCA > SY480 Gen12 [P68217-B21] > Support Services > Server Management & Operating System Licenses	Service & Support	Unlimited	0	Unlimited	Selection constraint for Server Management & Operating System Licenses: no max	S7P13A	Service	SUSE Linux Enterprise Server for SAP Applications 1-2 Sockets or 1-2 VM 5-year Sub 24x7 Sup Flex LTU	0	0		0		No	Available		Not published by OCA	Active	03/02/2026	04/30/2028	{"Extended Price (USD)":"0"}	BASELINE	N/A	$0.00	0.00%	2026-09-11: (no price)
Software & Licenses	Server Management & Operating System Licenses	HPE OCA > SY480 Gen12 [P68217-B21] > Software & Licenses > Server Management & Operating System Licenses	Operating System / License	Unlimited	0	Unlimited	Selection constraint for Server Management & Operating System Licenses: no max	S6L39A	Service	Microsoft Windows Server 2025 10-core Essentials Reseller Option Kit WW ESD LTU	0	0		0		No	Available		Not published by OCA	Active	09/02/2025	11/30/2027	{"Extended Price (USD)":"0"}	BASELINE	N/A	$0.00	0.00%	2026-09-11: (no price)
Software & Licenses	Server Management & Operating System Licenses	HPE OCA > SY480 Gen12 [P68217-B21] > Software & Licenses > Server Management & Operating System Licenses	Operating System / License	Unlimited	0	Unlimited	Selection constraint for Server Management & Operating System Licenses: no max	S6L37A	Service	Microsoft Windows Server 2025 16-core Datacenter Reassignment Reseller Option Kit WW ESD LTU	0	0		0		No	Available		Not published by OCA	Active	09/02/2025	11/30/2027	{"Extended Price (USD)":"0"}	BASELINE	N/A	$0.00	0.00%	2026-09-11: (no price)
Software & Licenses	Server Management & Operating System Licenses	HPE OCA > SY480 Gen12 [P68217-B21] > Software & Licenses > Server Management & Operating System Licenses	Operating System / License	Unlimited	0	Unlimited	Selection constraint for Server Management & Operating System Licenses: no max	S6L36A	Service	Microsoft Windows Server 2025 16-core Datacenter Reseller Option Kit WW ESD LTU	0	0		0		No	Available		Not published by OCA	Active	09/02/2025	11/30/2027	{"Extended Price (USD)":"0"}	BASELINE	N/A	$0.00	0.00%	2026-09-11: (no price)
Software & Licenses	Server Management & Operating System Licenses	HPE OCA > SY480 Gen12 [P68217-B21] > Software & Licenses > Server Management & Operating System Licenses	Operating System / License	Unlimited	0	Unlimited	Selection constraint for Server Management & Operating System Licenses: no max	S6L38A	Service	Microsoft Windows Server 2025 16-core Standard Reseller Option Kit WW ESD LTU	0	0		0		No	Available		Not published by OCA	Active	09/02/2025	11/30/2027	{"Extended Price (USD)":"0"}	BASELINE	N/A	$0.00	0.00%	2026-09-11: (no price)
Support Services	System Options	HPE OCA > SY480 Gen12 [P68217-B21] > Support Services > System Options	Service & Support		0			HR2L4A1	Service	HPE HPC AI Custom Deployment SVC	0	0.00				No	Not published by OCA		Not published by OCA	Active			{"Product Number":"HR2L4A1","List Price (USD)":"0.00"}	BASELINE	N/A	$0.00	0.00%	2026-09-11: (no price)
Support Services	System Options	HPE OCA > SY480 Gen12 [P68217-B21] > Support Services > System Options	Service & Support		0			HA544A1	Service	HPE HPC AI Custom Deploy Support SVC	0	0.00				No	Not published by OCA		Not published by OCA	Active			{"Product Number":"HA544A1","List Price (USD)":"0.00"}	BASELINE	N/A	$0.00	0.00%	2026-09-11: (no price)
Support Services	System Options	HPE OCA > SY480 Gen12 [P68217-B21] > Support Services > System Options	Service & Support		0			HA541A1	Service	HPE HPC AI Custom Operations SVC	0	0.00				No	Not published by OCA		Not published by OCA	Active			{"Product Number":"HA541A1","List Price (USD)":"0.00"}	BASELINE	N/A	$0.00	0.00%	2026-09-11: (no price)
Support Services	System Options	HPE OCA > SY480 Gen12 [P68217-B21] > Support Services > System Options	Service & Support		0			HB242A1	Service	HPE MCS Relocation Unit of SVC	0	100.00				No	Not published by OCA		Not published by OCA	Active			{"Product Number":"HB242A1","List Price (USD)":"100.00"}	BASELINE	N/A	$0.00	0.00%	2026-09-11: $100.00
Support Services	System Options	HPE OCA > SY480 Gen12 [P68217-B21] > Support Services > System Options	Service & Support		0			HR2L5A1	Service	HPE Cray System Deployment Custom SVC	0	0.00				No	Not published by OCA		Not published by OCA	Active			{"Product Number":"HR2L5A1","List Price (USD)":"0.00"}	BASELINE	N/A	$0.00	0.00%	2026-09-11: (no price)
Support Services	System Options	HPE OCA > SY480 Gen12 [P68217-B21] > Support Services > System Options	Service & Support		0			HA334A1	Service	HPE HPC AI Team Day SVC	0	9398.00				No	Not published by OCA		Not published by OCA	Active			{"Product Number":"HA334A1","List Price (USD)":"9,398.00"}	BASELINE	N/A	$0.00	0.00%	2026-09-11: $9398.00
Support Services	System Options	HPE OCA > SY480 Gen12 [P68217-B21] > Support Services > System Options	Service & Support		0			HA545A1	Service	HPE Custom Compute Deployment SVC	0	0.00				No	Not published by OCA		Not published by OCA	Active			{"Product Number":"HA545A1","List Price (USD)":"0.00"}	BASELINE	N/A	$0.00	0.00%	2026-09-11: (no price)
Support Services	System Options	HPE OCA > SY480 Gen12 [P68217-B21] > Support Services > System Options	Service & Support		0			HK033A1	Service	HPE MCS Deployment Unit of SVC	0	100.00				No	Not published by OCA		Not published by OCA	Active			{"Product Number":"HK033A1","List Price (USD)":"100.00"}	BASELINE	N/A	$0.00	0.00%	2026-09-11: $100.00
Processor	Intel Xeon Scalable Processors	HPE OCA > SY480 Gen12 [P68217-B21] > Processor > Intel Xeon Scalable Processors	Processor	min 1, max 2	1	2	Selection constraint for Intel Xeon Scalable Processors: min 1, max 2	H33XSA1	Service	HPE Education - Learning Credits 1Yr SVC	0	100.00				No	Not published by OCA		Not published by OCA	Active			{"Product Number":"H33XSA1","List Price (USD)":"100.00"}	BASELINE	N/A	$0.00	0.00%	2026-09-11: $100.00
Processor	Intel Xeon Scalable Processors	HPE OCA > SY480 Gen12 [P68217-B21] > Processor > Intel Xeon Scalable Processors	Processor	min 1, max 2	1	2	Selection constraint for Intel Xeon Scalable Processors: min 1, max 2	H33XVA3	Service	HPE Education - Learning Credits 3Yr SVC	0	100.00				No	Not published by OCA		Not published by OCA	Active			{"Product Number":"H33XVA3","List Price (USD)":"100.00"}	BASELINE	N/A	$0.00	0.00%	2026-09-11: $100.00
Processor	Intel Xeon Scalable Processors	HPE OCA > SY480 Gen12 [P68217-B21] > Processor > Intel Xeon Scalable Processors	Processor	min 1, max 2	1	2	Selection constraint for Intel Xeon Scalable Processors: min 1, max 2	H33XWA4	Service	HPE Education - Learning Credits 4Yr SVC	0	100.00				No	Not published by OCA		Not published by OCA	Active			{"Product Number":"H33XWA4","List Price (USD)":"100.00"}	BASELINE	N/A	$0.00	0.00%	2026-09-11: $100.00
Processor	Intel Xeon Scalable Processors	HPE OCA > SY480 Gen12 [P68217-B21] > Processor > Intel Xeon Scalable Processors	Processor	min 1, max 2	1	2	Selection constraint for Intel Xeon Scalable Processors: min 1, max 2	H33XXA5	Service	HPE Education - Learning Credits 5Yr SVC	0	100.00				No	Not published by OCA		Not published by OCA	Active			{"Product Number":"H33XXA5","List Price (USD)":"100.00"}	BASELINE	N/A	$0.00	0.00%	2026-09-11: $100.00
Processor	Intel Xeon Scalable Processors	HPE OCA > SY480 Gen12 [P68217-B21] > Processor > Intel Xeon Scalable Processors	Processor	min 1, max 2	1	2	Selection constraint for Intel Xeon Scalable Processors: min 1, max 2	HA0Z0A1	Service	HPE DL 1Yr Other 1GB Content Hosted SVC	0	1620.00				No	Not published by OCA		Not published by OCA	Active			{"Product Number":"HA0Z0A1","List Price (USD)":"1,620.00"}	BASELINE	N/A	$0.00	0.00%	2026-09-11: $1620.00
Processor	Intel Xeon Scalable Processors	HPE OCA > SY480 Gen12 [P68217-B21] > Processor > Intel Xeon Scalable Processors	Processor	min 1, max 2	1	2	Selection constraint for Intel Xeon Scalable Processors: min 1, max 2	H33XTA2	Service	HPE Education - Learning Credits 2Yr SVC	0	100.00				No	Not published by OCA		Not published by OCA	Active			{"Product Number":"H33XTA2","List Price (USD)":"100.00"}	BASELINE	N/A	$0.00	0.00%	2026-09-11: $100.00
Processor	Intel Xeon Scalable Processors	HPE OCA > SY480 Gen12 [P68217-B21] > Processor > Intel Xeon Scalable Processors	Processor	min 1, max 2	1	2	Selection constraint for Intel Xeon Scalable Processors: min 1, max 2	HR2R4A1	Service	HPE Digital Learner Bronze 1Yr Subs SVC	0	4000.00				No	Not published by OCA		Not published by OCA	Active			{"Product Number":"HR2R4A1","List Price (USD)":"4,000.00"}	BASELINE	N/A	$0.00	0.00%	2026-09-11: $4000.00
Processor	Intel Xeon Scalable Processors	HPE OCA > SY480 Gen12 [P68217-B21] > Processor > Intel Xeon Scalable Processors	Processor	min 1, max 2	1	2	Selection constraint for Intel Xeon Scalable Processors: min 1, max 2	HR2R5A1	Service	HPE Digital Learner Silver 1Yr Subs SVC	0	5000.00				No	Not published by OCA		Not published by OCA	Active			{"Product Number":"HR2R5A1","List Price (USD)":"5,000.00"}	BASELINE	N/A	$0.00	0.00%	2026-09-11: $5000.00
Processor	Intel Xeon Scalable Processors	HPE OCA > SY480 Gen12 [P68217-B21] > Processor > Intel Xeon Scalable Processors	Processor	min 1, max 2	1	2	Selection constraint for Intel Xeon Scalable Processors: min 1, max 2	HR2R6A1	Service	HPE Digital Learner Gold 1Yr Subs SVC	0	8000.00				No	Not published by OCA		Not published by OCA	Active			{"Product Number":"HR2R6A1","List Price (USD)":"8,000.00"}	BASELINE	N/A	$0.00	0.00%	2026-09-11: $8000.00
Processor	Intel Xeon Scalable Processors	HPE OCA > SY480 Gen12 [P68217-B21] > Processor > Intel Xeon Scalable Processors	Processor	min 1, max 2	1	2	Selection constraint for Intel Xeon Scalable Processors: min 1, max 2	HV9V8A1	Service	HPE Digital Learner SMB 1Yr Subs SVC	0	1300.00				No	Not published by OCA		Not published by OCA	Active			{"Product Number":"HV9V8A1","List Price (USD)":"1,300.00"}	BASELINE	N/A	$0.00	0.00%	2026-09-11: $1300.00
Virtualization	HPE Virtualization	HPE OCA > SY480 Gen12 [P68217-B21] > Virtualization > HPE Virtualization	Option Component	Unlimited	0	Unlimited	Selection constraint for HPE Virtualization: no max	H36VWA1	Service	HPE Storage VM Migration 50 VM SVC	0	17520.00				No	Not published by OCA		Not published by OCA	Active			{"Product Number":"H36VWA1","List Price (USD)":"17,520.00"}	BASELINE	N/A	$0.00	0.00%	2026-09-11: $17520.00
Virtualization	HPE Virtualization	HPE OCA > SY480 Gen12 [P68217-B21] > Virtualization > HPE Virtualization	Option Component	Unlimited	0	Unlimited	Selection constraint for HPE Virtualization: no max	H36VXA1	Service	HPE Storage VM Migration 150 VM SVC	0	29760.00				No	Not published by OCA		Not published by OCA	Active			{"Product Number":"H36VXA1","List Price (USD)":"29,760.00"}	BASELINE	N/A	$0.00	0.00%	2026-09-11: $29760.00
Virtualization	HPE Virtualization	HPE OCA > SY480 Gen12 [P68217-B21] > Virtualization > HPE Virtualization	Option Component	Unlimited	0	Unlimited	Selection constraint for HPE Virtualization: no max	H36WBA1	Service	HPE Storage VM Migration 5 VM Zerto SVC	0	7140.00				No	Not published by OCA		Not published by OCA	Active			{"Product Number":"H36WBA1","List Price (USD)":"7,140.00"}	BASELINE	N/A	$0.00	0.00%	2026-09-11: $7140.00
Virtualization	HPE Virtualization	HPE OCA > SY480 Gen12 [P68217-B21] > Virtualization > HPE Virtualization	Option Component	Unlimited	0	Unlimited	Selection constraint for HPE Virtualization: no max	H36WNA1	Service	HPE AI Soltns and Platfrms 5 Day Rem SVC	0	13800.00				No	Not published by OCA		Not published by OCA	Active			{"Product Number":"H36WNA1","List Price (USD)":"13,800.00"}	BASELINE	N/A	$0.00	0.00%	2026-09-11: $13800.00
Virtualization	HPE Virtualization	HPE OCA > SY480 Gen12 [P68217-B21] > Virtualization > HPE Virtualization	Option Component	Unlimited	0	Unlimited	Selection constraint for HPE Virtualization: no max	H36WMA1	Service	HPE AI Solns and Pltfrms 5 Day Onste SVC	0	23400.00				No	Not published by OCA		Not published by OCA	Active			{"Product Number":"H36WMA1","List Price (USD)":"23,400.00"}	BASELINE	N/A	$0.00	0.00%	2026-09-11: $23400.00
Virtualization	HPE Virtualization	HPE OCA > SY480 Gen12 [P68217-B21] > Virtualization > HPE Virtualization	Option Component	Unlimited	0	Unlimited	Selection constraint for HPE Virtualization: no max	H36WQA1	Service	HPE AI Soltns and Platfrms 1 Day Rem SVC	0	2760.00				No	Not published by OCA		Not published by OCA	Active			{"Product Number":"H36WQA1","List Price (USD)":"2,760.00"}	BASELINE	N/A	$0.00	0.00%	2026-09-11: $2760.00
Virtualization	HPE Virtualization	HPE OCA > SY480 Gen12 [P68217-B21] > Virtualization > HPE Virtualization	Option Component	Unlimited	0	Unlimited	Selection constraint for HPE Virtualization: no max	H46RMA1	Service	HPE Data and AI Security 5 Day Rem SVC	0	9000.00				No	Not published by OCA		Not published by OCA	Active			{"Product Number":"H46RMA1","List Price (USD)":"9,000.00"}	BASELINE	N/A	$0.00	0.00%	2026-09-11: $9000.00
Virtualization	HPE Virtualization	HPE OCA > SY480 Gen12 [P68217-B21] > Virtualization > HPE Virtualization	Option Component	Unlimited	0	Unlimited	Selection constraint for HPE Virtualization: no max	H46RNA1	Service	HPE Data and AI Security 5 Day Onste SVC	0	18540.00				No	Not published by OCA		Not published by OCA	Active			{"Product Number":"H46RNA1","List Price (USD)":"18,540.00"}	BASELINE	N/A	$0.00	0.00%	2026-09-11: $18540.00
Virtualization	HPE Virtualization	HPE OCA > SY480 Gen12 [P68217-B21] > Virtualization > HPE Virtualization	Option Component	Unlimited	0	Unlimited	Selection constraint for HPE Virtualization: no max	H46RLA1	Service	HPE Data and AI Security 1 Day Rem SVC	0	2640.00				No	Not published by OCA		Not published by OCA	Active			{"Product Number":"H46RLA1","List Price (USD)":"2,640.00"}	BASELINE	N/A	$0.00	0.00%	2026-09-11: $2640.00
Virtualization	HPE Virtualization	HPE OCA > SY480 Gen12 [P68217-B21] > Virtualization > HPE Virtualization	Option Component	Unlimited	0	Unlimited	Selection constraint for HPE Virtualization: no max	H57FDA1	Service	HPE Data Sltn and Pltfrms 5 Day Rem SVC	0	13800.00				No	Not published by OCA		Not published by OCA	Active			{"Product Number":"H57FDA1","List Price (USD)":"13,800.00"}	BASELINE	N/A	$0.00	0.00%	2026-09-11: $13800.00
Accessories & Infrastructure	System Options	HPE OCA > SY480 Gen12 [P68217-B21] > Accessories & Infrastructure > System Options	Chassis Infrastructure	Optional	0	Optional	Selection constraint for System Options: optional	H4F41A1	Service	HPE Factory Express Standard Unit of SVC	0	19.00				No	Not published by OCA		Not published by OCA	Active			{"Product Number":"H4F41A1","List Price (USD)":"19.00"}	BASELINE	N/A	$0.00	0.00%	2026-09-11: $19.00
Accessories & Infrastructure	System Options	HPE OCA > SY480 Gen12 [P68217-B21] > Accessories & Infrastructure > System Options	Chassis Infrastructure	Optional	0	Optional	Selection constraint for System Options: optional	H4F42A1	Service	HPE Factory Express Complex Unit of SVC	0	1850.00				No	Not published by OCA		Not published by OCA	Active			{"Product Number":"H4F42A1","List Price (USD)":"1,850.00"}	BASELINE	N/A	$0.00	0.00%	2026-09-11: $1850.00
Accessories & Infrastructure	System Options	HPE OCA > SY480 Gen12 [P68217-B21] > Accessories & Infrastructure > System Options	Service & Support	Optional	0	Optional	Selection constraint for System Options: optional	HA838A1	Service	HPE Hardware Customization Service	0	29.00				No	Not published by OCA		Not published by OCA	Active			{"Product Number":"HA838A1","List Price (USD)":"29.00"}	BASELINE	N/A	$0.00	0.00%	2026-09-11: $29.00
Accessories & Infrastructure	System Options	HPE OCA > SY480 Gen12 [P68217-B21] > Accessories & Infrastructure > System Options	Service & Support	Optional	0	Optional	Selection constraint for System Options: optional	HA839A1	Service	HPE System Settings Customization Service	0	35.00				No	Not published by OCA		Not published by OCA	Active			{"Product Number":"HA839A1","List Price (USD)":"35.00"}	BASELINE	N/A	$0.00	0.00%	2026-09-11: $35.00
Accessories & Infrastructure	System Options	HPE OCA > SY480 Gen12 [P68217-B21] > Accessories & Infrastructure > System Options	Service & Support	Optional	0	Optional	Selection constraint for System Options: optional	HA840A1	Service	HPE Supplied Asset Tag Service	0	15.00				No	Not published by OCA		Not published by OCA	Active			{"Product Number":"HA840A1","List Price (USD)":"15.00"}	BASELINE	N/A	$0.00	0.00%	2026-09-11: $15.00
Accessories & Infrastructure	System Options	HPE OCA > SY480 Gen12 [P68217-B21] > Accessories & Infrastructure > System Options	Service & Support	Optional	0	Optional	Selection constraint for System Options: optional	HA841A1	Service	HPE Customer Supplied Asset Tag Service	0	26.00				No	Not published by OCA		Not published by OCA	Active			{"Product Number":"HA841A1","List Price (USD)":"26.00"}	BASELINE	N/A	$0.00	0.00%	2026-09-11: $26.00
Accessories & Infrastructure	System Options	HPE OCA > SY480 Gen12 [P68217-B21] > Accessories & Infrastructure > System Options	Service & Support	Optional	0	Optional	Selection constraint for System Options: optional	HA843A1	Service	HPE Customer Supplied Image Load Service	0	118.00				No	Not published by OCA		Not published by OCA	Active			{"Product Number":"HA843A1","List Price (USD)":"118.00"}	BASELINE	N/A	$0.00	0.00%	2026-09-11: $118.00
Accessories & Infrastructure	System Options	HPE OCA > SY480 Gen12 [P68217-B21] > Accessories & Infrastructure > System Options	Service & Support	Optional	0	Optional	Selection constraint for System Options: optional	HA844A1	Service	HPE 3rd Party Hardware Install Service	0	28.00				No	Not published by OCA		Not published by OCA	Active			{"Product Number":"HA844A1","List Price (USD)":"28.00"}	BASELINE	N/A	$0.00	0.00%	2026-09-11: $28.00
Accessories & Infrastructure	System Options	HPE OCA > SY480 Gen12 [P68217-B21] > Accessories & Infrastructure > System Options	Service & Support	Optional	0	Optional	Selection constraint for System Options: optional	HA846A1	Service	HPE VPN Access Service	0	275.00				No	Not published by OCA		Not published by OCA	Active			{"Product Number":"HA846A1","List Price (USD)":"275.00"}	BASELINE	N/A	$0.00	0.00%	2026-09-11: $275.00
Accessories & Infrastructure	System Options	HPE OCA > SY480 Gen12 [P68217-B21] > Accessories & Infrastructure > System Options	Service & Support	Optional	0	Optional	Selection constraint for System Options: optional	HA848A1	Service	HPE Firmware Revision Service	0	26.00				No	Not published by OCA		Not published by OCA	Active			{"Product Number":"HA848A1","List Price (USD)":"26.00"}	BASELINE	N/A	$0.00	0.00%	2026-09-11: $26.00
Accessories & Infrastructure	System Options	HPE OCA > SY480 Gen12 [P68217-B21] > Accessories & Infrastructure > System Options	Service & Support	Optional	0	Optional	Selection constraint for System Options: optional	HA849A1	Service	HPE Product and Package Labeling Service	0	25.00				No	Not published by OCA		Not published by OCA	Active			{"Product Number":"HA849A1","List Price (USD)":"25.00"}	BASELINE	N/A	$0.00	0.00%	2026-09-11: $25.00
Accessories & Infrastructure	System Options	HPE OCA > SY480 Gen12 [P68217-B21] > Accessories & Infrastructure > System Options	Service & Support	Optional	0	Optional	Selection constraint for System Options: optional	HA851A1	Service	HPE Customer Furnished Equipment Handling Service	0	94.00				No	Not published by OCA		Not published by OCA	Active			{"Product Number":"HA851A1","List Price (USD)":"94.00"}	BASELINE	N/A	$0.00	0.00%	2026-09-11: $94.00
Accessories & Infrastructure	System Options	HPE OCA > SY480 Gen12 [P68217-B21] > Accessories & Infrastructure > System Options	Chassis Infrastructure	Optional	0	Optional	Selection constraint for System Options: optional	HA854A1	Service	HPE Fctry Exp Virtualization Enable SVC	0	2134.00				No	Not published by OCA		Not published by OCA	Active			{"Product Number":"HA854A1","List Price (USD)":"2,134.00"}	BASELINE	N/A	$0.00	0.00%	2026-09-11: $2134.00
Accessories & Infrastructure	System Options	HPE OCA > SY480 Gen12 [P68217-B21] > Accessories & Infrastructure > System Options	Chassis Infrastructure	Optional	0	Optional	Selection constraint for System Options: optional	HA861A1	Service	HPE FE Personalized Install SVC	0	2105.00				No	Not published by OCA		Not published by OCA	Active			{"Product Number":"HA861A1","List Price (USD)":"2,105.00"}	BASELINE	N/A	$0.00	0.00%	2026-09-11: $2105.00
Accessories & Infrastructure	System Options	HPE OCA > SY480 Gen12 [P68217-B21] > Accessories & Infrastructure > System Options	Service & Support	Optional	0	Optional	Selection constraint for System Options: optional	HA867A1	Service	HPE Standard Product Reporting Service	0	13.00				No	Not published by OCA		Not published by OCA	Active			{"Product Number":"HA867A1","List Price (USD)":"13.00"}	BASELINE	N/A	$0.00	0.00%	2026-09-11: $13.00
Accessories & Infrastructure	System Options	HPE OCA > SY480 Gen12 [P68217-B21] > Accessories & Infrastructure > System Options	Service & Support	Optional	0	Optional	Selection constraint for System Options: optional	HA868A1	Service	HPE Enhanced Product Reporting Service	0	38.00				No	Not published by OCA		Not published by OCA	Active			{"Product Number":"HA868A1","List Price (USD)":"38.00"}	BASELINE	N/A	$0.00	0.00%	2026-09-11: $38.00
Accessories & Infrastructure	System Options	HPE OCA > SY480 Gen12 [P68217-B21] > Accessories & Infrastructure > System Options	Service & Support	Optional	0	Optional	Selection constraint for System Options: optional	HA875A1	Service	HPE Special Factory Service	0	1.00				No	Not published by OCA		Not published by OCA	Active			{"Product Number":"HA875A1","List Price (USD)":"1.00"}	BASELINE	N/A	$0.00	0.00%	2026-09-11: $1.00
Accessories & Infrastructure	System Options	HPE OCA > SY480 Gen12 [P68217-B21] > Accessories & Infrastructure > System Options	Service & Support	Optional	0	Optional	Selection constraint for System Options: optional	HC790A	Service	HPE Integration Center Routing Service	0	0.00				No	Not published by OCA		Not published by OCA	Active			{"Product Number":"HC790A","List Price (USD)":"0.00"}	BASELINE	N/A	$0.00	0.00%	2026-09-11: (no price)
Accessories & Infrastructure	System Options	HPE OCA > SY480 Gen12 [P68217-B21] > Accessories & Infrastructure > System Options	Chassis Infrastructure	Optional	0	Optional	Selection constraint for System Options: optional	HF481A1	Service	HPE Factory Express Standard Custom SVC	0	0.00				No	Not published by OCA		Not published by OCA	Active			{"Product Number":"HF481A1","List Price (USD)":"0.00"}	BASELINE	N/A	$0.00	0.00%	2026-09-11: (no price)
Accessories & Infrastructure	System Options	HPE OCA > SY480 Gen12 [P68217-B21] > Accessories & Infrastructure > System Options	Chassis Infrastructure	Optional	0	Optional	Selection constraint for System Options: optional	HU7D3A1	Service	HPE FE OEM Customization UOS SVC	0	65.00				No	Not published by OCA		Not published by OCA	Active			{"Product Number":"HU7D3A1","List Price (USD)":"65.00"}	BASELINE	N/A	$0.00	0.00%	2026-09-11: $65.00
Support Services	HPE Virtualization	HPE OCA > SY480 Gen12 [P68217-B21] > Support Services > HPE Virtualization	Service & Support	Unlimited	0	Unlimited	Selection constraint for HPE Virtualization: no max	AC120A	Standard	HPE Pallet Size Customization Service	0	7.00				No	Not published by OCA		Not published by OCA	Active			{"Product Number":"AC120A","List Price (USD)":"7.00"}	BASELINE	N/A	$0.00	0.00%	2026-09-11: $7.00
Support Services	HPE Virtualization	HPE OCA > SY480 Gen12 [P68217-B21] > Support Services > HPE Virtualization	Service & Support	Unlimited	0	Unlimited	Selection constraint for HPE Virtualization: no max	AC129A	Standard	HPE Consolidation Logistic Service	0	26.00				No	Not published by OCA		Not published by OCA	Active			{"Product Number":"AC129A","List Price (USD)":"26.00"}	BASELINE	N/A	$0.00	0.00%	2026-09-11: $26.00
Support Services	HPE Virtualization	HPE OCA > SY480 Gen12 [P68217-B21] > Support Services > HPE Virtualization	Service & Support	Unlimited	0	Unlimited	Selection constraint for HPE Virtualization: no max	P1F69A	Standard	HPE Delivery Site Above Ground Floor Service	0	289.00				No	Not published by OCA		Not published by OCA	Active			{"Product Number":"P1F69A","List Price (USD)":"289.00"}	BASELINE	N/A	$0.00	0.00%	2026-09-11: $289.00
Support Services	HPE Virtualization	HPE OCA > SY480 Gen12 [P68217-B21] > Support Services > HPE Virtualization	Service & Support	Unlimited	0	Unlimited	Selection constraint for HPE Virtualization: no max	P1F70A	Standard	HPE Forklift at Delivery Service	0	1399.00				No	Not published by OCA		Not published by OCA	Active			{"Product Number":"P1F70A","List Price (USD)":"1,399.00"}	BASELINE	N/A	$0.00	0.00%	2026-09-11: $1399.00
Support Services	HPE Virtualization	HPE OCA > SY480 Gen12 [P68217-B21] > Support Services > HPE Virtualization	Service & Support	Unlimited	0	Unlimited	Selection constraint for HPE Virtualization: no max	P1F71A	Standard	HPE Special Delivery Truck Size Service	0	292.00				No	Not published by OCA		Not published by OCA	Active			{"Product Number":"P1F71A","List Price (USD)":"292.00"}	BASELINE	N/A	$0.00	0.00%	2026-09-11: $292.00
Support Services	HPE Virtualization	HPE OCA > SY480 Gen12 [P68217-B21] > Support Services > HPE Virtualization	Service & Support	Unlimited	0	Unlimited	Selection constraint for HPE Virtualization: no max	P1F72A	Standard	HPE Two People at Delivery SVC	0	466.00				No	Not published by OCA		Not published by OCA	Active			{"Product Number":"P1F72A","List Price (USD)":"466.00"}	BASELINE	N/A	$0.00	0.00%	2026-09-11: $466.00
Support Services	HPE Virtualization	HPE OCA > SY480 Gen12 [P68217-B21] > Support Services > HPE Virtualization	Service & Support	Unlimited	0	Unlimited	Selection constraint for HPE Virtualization: no max	P1F73A	Standard	HPE Campus Delivery Service	0	104.00				No	Not published by OCA		Not published by OCA	Active			{"Product Number":"P1F73A","List Price (USD)":"104.00"}	BASELINE	N/A	$0.00	0.00%	2026-09-11: $104.00
Support Services	HPE Virtualization	HPE OCA > SY480 Gen12 [P68217-B21] > Support Services > HPE Virtualization	Service & Support	Unlimited	0	Unlimited	Selection constraint for HPE Virtualization: no max	P1F74A	Standard	HPE Unloading Logistic Service	0	350.00				No	Not published by OCA		Not published by OCA	Active			{"Product Number":"P1F74A","List Price (USD)":"350.00"}	BASELINE	N/A	$0.00	0.00%	2026-09-11: $350.00
Support Services	HPE Virtualization	HPE OCA > SY480 Gen12 [P68217-B21] > Support Services > HPE Virtualization	Service & Support	Unlimited	0	Unlimited	Selection constraint for HPE Virtualization: no max	P1F75A	Standard	HPE Fixed Delivery Appointment Service	0	466.00				No	Not published by OCA		Not published by OCA	Active			{"Product Number":"P1F75A","List Price (USD)":"466.00"}	BASELINE	N/A	$0.00	0.00%	2026-09-11: $466.00
Support Services	HPE Virtualization	HPE OCA > SY480 Gen12 [P68217-B21] > Support Services > HPE Virtualization	Service & Support	Unlimited	0	Unlimited	Selection constraint for HPE Virtualization: no max	P1F76A	Standard	HPE Pre-Delivery Site Survey SVC	0	758.00				No	Not published by OCA		Not published by OCA	Active			{"Product Number":"P1F76A","List Price (USD)":"758.00"}	BASELINE	N/A	$0.00	0.00%	2026-09-11: $758.00
Support Services	HPE Virtualization	HPE OCA > SY480 Gen12 [P68217-B21] > Support Services > HPE Virtualization	Service & Support	Unlimited	0	Unlimited	Selection constraint for HPE Virtualization: no max	AC123A	Standard	HPE Special Request/ Equipment Logistic Service	0	816.00				No	Not published by OCA		Not published by OCA	Active			{"Product Number":"AC123A","List Price (USD)":"816.00"}	BASELINE	N/A	$0.00	0.00%	2026-09-11: $816.00
Support Services	HPE Virtualization	HPE OCA > SY480 Gen12 [P68217-B21] > Support Services > HPE Virtualization	Service & Support	Unlimited	0	Unlimited	Selection constraint for HPE Virtualization: no max	BQ335A	Standard	HPE Expedite Shipment Small Logistic Service	0	44.00				No	Not published by OCA		Not published by OCA	Active			{"Product Number":"BQ335A","List Price (USD)":"44.00"}	BASELINE	N/A	$0.00	0.00%	2026-09-11: $44.00
Support Services	HPE Virtualization	HPE OCA > SY480 Gen12 [P68217-B21] > Support Services > HPE Virtualization	Service & Support	Unlimited	0	Unlimited	Selection constraint for HPE Virtualization: no max	BQ337A	Standard	HPE Expedite Shipment Large Logistic Service	0	100.00				No	Not published by OCA		Not published by OCA	Active			{"Product Number":"BQ337A","List Price (USD)":"100.00"}	BASELINE	N/A	$0.00	0.00%	2026-09-11: $100.00
Support Services	HPE Virtualization	HPE OCA > SY480 Gen12 [P68217-B21] > Support Services > HPE Virtualization	Service & Support	Unlimited	0	Unlimited	Selection constraint for HPE Virtualization: no max	AC068A	Standard	HPE FE Cluster Hig Den-Base HW Intg SVC	0	4601.00				No	Not published by OCA		Not published by OCA	Active			{"Product Number":"AC068A","List Price (USD)":"4,601.00"}	BASELINE	N/A	$0.00	0.00%	2026-09-11: $4601.00
Support Services	HPE Virtualization	HPE OCA > SY480 Gen12 [P68217-B21] > Support Services > HPE Virtualization	Service & Support	Unlimited	0	Unlimited	Selection constraint for HPE Virtualization: no max	AC069A	Standard	HPE FE Cluster Hig Den-Node HW Intg SVC	0	92.00				No	Not published by OCA		Not published by OCA	Active			{"Product Number":"AC069A","List Price (USD)":"92.00"}	BASELINE	N/A	$0.00	0.00%	2026-09-11: $92.00
Support Services	HPE Virtualization	HPE OCA > SY480 Gen12 [P68217-B21] > Support Services > HPE Virtualization	Service & Support	Unlimited	0	Unlimited	Selection constraint for HPE Virtualization: no max	HB480A1	Service	HPE ClusterPlatform 4-8 Factory SW SVC	0	1616.00				No	Not published by OCA		Not published by OCA	Active			{"Product Number":"HB480A1","List Price (USD)":"1,616.00"}	BASELINE	N/A	$0.00	0.00%	2026-09-11: $1616.00
Support Services	HPE Virtualization	HPE OCA > SY480 Gen12 [P68217-B21] > Support Services > HPE Virtualization	Service & Support	Unlimited	0	Unlimited	Selection constraint for HPE Virtualization: no max	HB481A1	Service	HPE ClusterPlatform 9-17 Factory SW SVC	0	4074.00				No	Not published by OCA		Not published by OCA	Active			{"Product Number":"HB481A1","List Price (USD)":"4,074.00"}	BASELINE	N/A	$0.00	0.00%	2026-09-11: $4074.00
Support Services	HPE Virtualization	HPE OCA > SY480 Gen12 [P68217-B21] > Support Services > HPE Virtualization	Service & Support	Unlimited	0	Unlimited	Selection constraint for HPE Virtualization: no max	HB482A1	Service	HPE ClusterPlatform 18-33 Factory SW SVC	0	9769.00				No	Not published by OCA		Not published by OCA	Active			{"Product Number":"HB482A1","List Price (USD)":"9,769.00"}	BASELINE	N/A	$0.00	0.00%	2026-09-11: $9769.00
Support Services	HPE Virtualization	HPE OCA > SY480 Gen12 [P68217-B21] > Support Services > HPE Virtualization	Service & Support	Unlimited	0	Unlimited	Selection constraint for HPE Virtualization: no max	HB483A1	Service	HPE ClusterPlatform 34-65 Factory SW SVC	0	18463.00				No	Not published by OCA		Not published by OCA	Active			{"Product Number":"HB483A1","List Price (USD)":"18,463.00"}	BASELINE	N/A	$0.00	0.00%	2026-09-11: $18463.00
Support Services	HPE Virtualization	HPE OCA > SY480 Gen12 [P68217-B21] > Support Services > HPE Virtualization	Service & Support	Unlimited	0	Unlimited	Selection constraint for HPE Virtualization: no max	HB484A1	Service	HPE ClustrPlatform 66-129 Factory SW SVC	0	31831.00				No	Not published by OCA		Not published by OCA	Active			{"Product Number":"HB484A1","List Price (USD)":"31,831.00"}	BASELINE	N/A	$0.00	0.00%	2026-09-11: $31831.00
Support Services	HPE Virtualization	HPE OCA > SY480 Gen12 [P68217-B21] > Support Services > HPE Virtualization	Service & Support	Unlimited	0	Unlimited	Selection constraint for HPE Virtualization: no max	HB485A1	Service	HPE ClusterPlatform 130-257 Fact SW SVC	0	57508.00				No	Not published by OCA		Not published by OCA	Active			{"Product Number":"HB485A1","List Price (USD)":"57,508.00"}	BASELINE	N/A	$0.00	0.00%	2026-09-11: $57508.00
Support Services	HPE Virtualization	HPE OCA > SY480 Gen12 [P68217-B21] > Support Services > HPE Virtualization	Service & Support	Unlimited	0	Unlimited	Selection constraint for HPE Virtualization: no max	S1J77A	Service	HPE AMS HPC FIO Rack Config Service	0	0.00				No	Not published by OCA		Not published by OCA	Active			{"Product Number":"S1J77A","List Price (USD)":"0.00"}	BASELINE	N/A	$0.00	0.00%	2026-09-11: (no price)
Support Services	HPE Virtualization	HPE OCA > SY480 Gen12 [P68217-B21] > Support Services > HPE Virtualization	Service & Support	Unlimited	0	Unlimited	Selection constraint for HPE Virtualization: no max	S1J78A	Service	HPE AMS HPC FIO Value Added LG Service	0	0.00				No	Not published by OCA		Not published by OCA	Active			{"Product Number":"S1J78A","List Price (USD)":"0.00"}	BASELINE	N/A	$0.00	0.00%	2026-09-11: (no price)
Support Services	HPE Virtualization	HPE OCA > SY480 Gen12 [P68217-B21] > Support Services > HPE Virtualization	Service & Support	Unlimited	0	Unlimited	Selection constraint for HPE Virtualization: no max	S1J79A	Service	HPE AMS HPC FIO Value Added SM Service	0	0.00				No	Not published by OCA		Not published by OCA	Active			{"Product Number":"S1J79A","List Price (USD)":"0.00"}	BASELINE	N/A	$0.00	0.00%	2026-09-11: (no price)
Support Services	HPE Virtualization	HPE OCA > SY480 Gen12 [P68217-B21] > Support Services > HPE Virtualization	Service & Support	Unlimited	0	Unlimited	Selection constraint for HPE Virtualization: no max	SB000DL	Service	HPE AMS HPC Rack Config Service	0	1.00				No	Not published by OCA		Not published by OCA	Active			{"Product Number":"SB000DL","List Price (USD)":"1.00"}	BASELINE	N/A	$0.00	0.00%	2026-09-11: $1.00
Support Services	HPE Virtualization	HPE OCA > SY480 Gen12 [P68217-B21] > Support Services > HPE Virtualization	Service & Support	Unlimited	0	Unlimited	Selection constraint for HPE Virtualization: no max	SB228DL	Service	HPE AMS HPC Value Added Service	0	0.00				No	Not published by OCA		Not published by OCA	Active			{"Product Number":"SB228DL","List Price (USD)":"0.00"}	BASELINE	N/A	$0.00	0.00%	2026-09-11: (no price)
Support Services	HPE Virtualization	HPE OCA > SY480 Gen12 [P68217-B21] > Support Services > HPE Virtualization	Service & Support	Unlimited	0	Unlimited	Selection constraint for HPE Virtualization: no max	SB228EL	Service	HPE AMS HPC Value Added Service	0	0.00				No	Not published by OCA		Not published by OCA	Active			{"Product Number":"SB228EL","List Price (USD)":"0.00"}	BASELINE	N/A	$0.00	0.00%	2026-09-11: (no price)
Support Services	OEM Software	HPE OCA > SY480 Gen12 [P68217-B21] > Support Services > OEM Software	Service & Support	Unlimited	0	Unlimited	Selection constraint for OEM Software: no max	H0JT2A1	Service	HPE NSS Implementation Unit of Service	0	0.00				No	Not published by OCA		Not published by OCA	Active			{"Product Number":"H0JT2A1"}	BASELINE	N/A	$0.00	0.00%	2026-09-11: (no price)
Support Services	OEM Software	HPE OCA > SY480 Gen12 [P68217-B21] > Support Services > OEM Software	Service & Support	Unlimited	0	Unlimited	Selection constraint for OEM Software: no max	H29BRA1	Service	HPE Cray Team Day SVC	0	0.00				No	Not published by OCA		Not published by OCA	Active			{"Product Number":"H29BRA1"}	BASELINE	N/A	$0.00	0.00%	2026-09-11: (no price)
Support Services	OEM Software	HPE OCA > SY480 Gen12 [P68217-B21] > Support Services > OEM Software	Service & Support	Unlimited	0	Unlimited	Selection constraint for OEM Software: no max	H29BSA1	Service	HPE Storage Servers Install Hourly SVC	0	0.00				No	Not published by OCA		Not published by OCA	Active			{"Product Number":"H29BSA1"}	BASELINE	N/A	$0.00	0.00%	2026-09-11: (no price)
Support Services	OEM Software	HPE OCA > SY480 Gen12 [P68217-B21] > Support Services > OEM Software	Service & Support	Unlimited	0	Unlimited	Selection constraint for OEM Software: no max	H36NLA1	Service	HPE Zerto Quick Cloud Remote SVC	0	0.00				No	Not published by OCA		Not published by OCA	Active			{"Product Number":"H36NLA1"}	BASELINE	N/A	$0.00	0.00%	2026-09-11: (no price)
Support Services	OEM Software	HPE OCA > SY480 Gen12 [P68217-B21] > Support Services > OEM Software	Service & Support	Unlimited	0	Unlimited	Selection constraint for OEM Software: no max	H36NMA1	Service	HPE Zerto Quick Start Remote SVC	0	0.00				No	Not published by OCA		Not published by OCA	Active			{"Product Number":"H36NMA1"}	BASELINE	N/A	$0.00	0.00%	2026-09-11: (no price)
Support Services	OEM Software	HPE OCA > SY480 Gen12 [P68217-B21] > Support Services > OEM Software	Service & Support	Unlimited	0	Unlimited	Selection constraint for OEM Software: no max	H36NNA1	Service	HPE Zerto Quick Migration Remote SVC	0	0.00				No	Not published by OCA		Not published by OCA	Active			{"Product Number":"H36NNA1"}	BASELINE	N/A	$0.00	0.00%	2026-09-11: (no price)
Support Services	OEM Software	HPE OCA > SY480 Gen12 [P68217-B21] > Support Services > OEM Software	Service & Support	Unlimited	0	Unlimited	Selection constraint for OEM Software: no max	H36NPA1	Service	HPE Zerto Quick Advisor Remote SVC	0	0.00				No	Not published by OCA		Not published by OCA	Active			{"Product Number":"H36NPA1"}	BASELINE	N/A	$0.00	0.00%	2026-09-11: (no price)
Support Services	OEM Software	HPE OCA > SY480 Gen12 [P68217-B21] > Support Services > OEM Software	Service & Support	Unlimited	0	Unlimited	Selection constraint for OEM Software: no max	H36NQA1	Service	HPE Zerto Strutd TAM 1yr 12x5 Remote SVC	0	0.00				No	Not published by OCA		Not published by OCA	Active			{"Product Number":"H36NQA1"}	BASELINE	N/A	$0.00	0.00%	2026-09-11: (no price)
Support Services	OEM Software	HPE OCA > SY480 Gen12 [P68217-B21] > Support Services > OEM Software	Service & Support	Unlimited	0	Unlimited	Selection constraint for OEM Software: no max	H36NQA3	Service	HPE Zerto Strutd TAM 3yr 12x5 Remote SVC	0	0.00				No	Not published by OCA		Not published by OCA	Active			{"Product Number":"H36NQA3"}	BASELINE	N/A	$0.00	0.00%	2026-09-11: (no price)
Support Services	OEM Software	HPE OCA > SY480 Gen12 [P68217-B21] > Support Services > OEM Software	Service & Support	Unlimited	0	Unlimited	Selection constraint for OEM Software: no max	H0JD4A1008E	Service	HPE 1Y Service Credits Qty 10 SVC	0	0.00				No	Not published by OCA		Not published by OCA	Active			{"Product Number":"H0JD4A1008E"}	BASELINE	N/A	$0.00	0.00%	2026-09-11: (no price)
Support Services	OEM Software	HPE OCA > SY480 Gen12 [P68217-B21] > Support Services > OEM Software	Service & Support	Unlimited	0	Unlimited	Selection constraint for OEM Software: no max	H0JD4A10BK5	Service	HPE 1Y Service Credits Qty 10 SVC	0	0.00				No	Not published by OCA		Not published by OCA	Active			{"Product Number":"H0JD4A10BK5"}	BASELINE	N/A	$0.00	0.00%	2026-09-11: (no price)