Main Category	Sub-Category	Hierarchy Path	Component Role	Constraint Text	Subcategory Min Qty	Subcategory Max Qty	Table Rule/Note	Product #	Option Type	Description	Current Qty	Unit Price (USD)	Price Delta (USD)	Extended Price (USD)	Price per GB (USD)	HPE Recommended	Availability	Lead Time	Lead Time Source	Lifecycle Status	Start Date	Discontinued Date	Vendor Attributes (JSON)	Diff Status	Previous List Price (USD)	Price Change (USD)	Price Change (%)	Price History Trail
Chassis	Variants	HPE OCA > OCA Solution > Chassis > Variants	Base Chassis	min 1, max 1	1	1	Base chassis captured from the active OCA configuration summary	P75399-B21	CTO	HPE ProLiant Compute DL580 Gen12 SFF Configure-to-order Server	1	9950.00				Yes				Active				ATTRIBUTE_CHANGED	9950.00	$0.00	0.00%	2026-09-09: $9950.00
Accessories & Infrastructure	Energy Star Configuration Presets	HPE OCA > OCA Solution > Accessories & Infrastructure > Energy Star Configuration Presets	Chassis Infrastructure	Optional	0	Optional	Selection constraint for Energy Star Configuration Presets: optional	P68503-B21	Standard	ENERGY STAR 4.0 FIO Trigger Configuration Kit for HPE	0	1.00		NA		No				Active	12/04/2023	05/31/2028		ATTRIBUTE_CHANGED	1.00	$0.00	0.00%	2026-09-09: $1.00
Processor	Intel Xeon 6th Gen Scalable Processors	HPE OCA > OCA Solution > Processor > Intel Xeon 6th Gen Scalable Processors	Processor	min 1, max 2	1	2	Selection constraint for Intel Xeon 6th Gen Scalable Processors: min 1, max 2	P74508-B21	Standard	Intel Xeon 6714P 4.0GHz 8-core 165W Processor for HPE	0	8941.00	-2,133.00	17,882.00		No				Active	06/02/2025	06/30/2029		ATTRIBUTE_CHANGED	8941.00	$0.00	0.00%	2026-09-09: $8941.00
Processor	Intel Xeon 6th Gen Scalable Processors	HPE OCA > OCA Solution > Processor > Intel Xeon 6th Gen Scalable Processors	Processor	min 1, max 2	1	2	Selection constraint for Intel Xeon 6th Gen Scalable Processors: min 1, max 2	P74509-B21	Standard	Intel Xeon 6724P 3.6GHz 16-core 210W Processor for HPE	2	11074.00	Selected	22,148.00		No				Active	06/02/2025	06/30/2029		ATTRIBUTE_CHANGED	11074.00	$0.00	0.00%	2026-09-09: $11074.00
Processor	Intel Xeon 6th Gen Scalable Processors	HPE OCA > OCA Solution > Processor > Intel Xeon 6th Gen Scalable Processors	Processor	min 1, max 2	1	2	Selection constraint for Intel Xeon 6th Gen Scalable Processors: min 1, max 2	P73835-B21	Standard	Intel Xeon 6768P 2.4GHz 64-core 330W Processor for HPE	0	48922.00	+37,848.00	97,844.00		No				Active	06/02/2025	06/30/2029		ATTRIBUTE_CHANGED	48922.00	$0.00	0.00%	2026-09-09: $48922.00
Processor	Intel Xeon 6th Gen Scalable Processors	HPE OCA > OCA Solution > Processor > Intel Xeon 6th Gen Scalable Processors	Processor	min 1, max 2	1	2	Selection constraint for Intel Xeon 6th Gen Scalable Processors: min 1, max 2	P73838-B21	Standard	Intel Xeon 6788P 2.0GHz 86-core 350W Processor for HPE	0	58094.00	+47,020.00	116,188.00		No				Active	06/02/2025	06/30/2029		ATTRIBUTE_CHANGED	58094.00	$0.00	0.00%	2026-09-09: $58094.00
Processor	Intel Xeon 6th Gen Scalable Processors	HPE OCA > OCA Solution > Processor > Intel Xeon 6th Gen Scalable Processors	Processor	min 1, max 2	1	2	Selection constraint for Intel Xeon 6th Gen Scalable Processors: min 1, max 2	P74572-B21	Standard	Intel Xeon 6728P 2.7GHz 24-core 210W Processor for HPE	0	7493.00	-3,581.00	14,986.00		No				Active	06/02/2025	06/30/2029		ATTRIBUTE_CHANGED	7493.00	$0.00	0.00%	2026-09-09: $7493.00
Processor	Intel Xeon 6th Gen Scalable Processors	HPE OCA > OCA Solution > Processor > Intel Xeon 6th Gen Scalable Processors	Processor	min 1, max 2	1	2	Selection constraint for Intel Xeon 6th Gen Scalable Processors: min 1, max 2	P74577-B21	Standard	Intel Xeon 6738P 2.9GHz 32-core 270W Processor for HPE	0	17305.00	+6,231.00	34,610.00		No				Active	06/02/2025	06/30/2029		ATTRIBUTE_CHANGED	17305.00	$0.00	0.00%	2026-09-09: $17305.00
Processor	Intel Xeon 6th Gen Scalable Processors	HPE OCA > OCA Solution > Processor > Intel Xeon 6th Gen Scalable Processors	Processor	min 1, max 2	1	2	Selection constraint for Intel Xeon 6th Gen Scalable Processors: min 1, max 2	P74579-B21	Standard	Intel Xeon 6748P 2.5GHz 48-core 300W Processor for HPE	0	38913.00	+27,839.00	77,826.00		No				Active	06/02/2025	06/30/2029		ATTRIBUTE_CHANGED	38913.00	$0.00	0.00%	2026-09-09: $38913.00
Cooling / Thermal	Standard & Performance Heat Sinks	HPE OCA > OCA Solution > Cooling / Thermal > Standard & Performance Heat Sinks	Cable Kit	max 6	0	6	Selection constraint for Standard & Performance Heat Sinks: max 6	P80383-B21	CTO	HPE ProLiant Compute DL580 Gen12 UPI 2P FIO Cable Kit	1	710.00		710.00		Yes				Active	06/02/2025	10/31/2028		ATTRIBUTE_CHANGED	710.00	$0.00	0.00%	2026-09-09: $710.00
Cooling / Thermal	Standard & Performance Heat Sinks	HPE OCA > OCA Solution > Cooling / Thermal > Standard & Performance Heat Sinks	Base Chassis	max 6	0	6	Selection constraint for Standard & Performance Heat Sinks: max 6	P78016-B21	CTO	HPE ProLiant Compute DL580 Gen12 Direct Liquid Cooling Configure-to-order FIO Kit	0	3893.00		NA		Yes				Active	04/06/2026	10/31/2028		ATTRIBUTE_CHANGED	3893.00	$0.00	0.00%	2026-09-09: $3893.00
Cooling / Thermal	Standard & Performance Heat Sinks	HPE OCA > OCA Solution > Cooling / Thermal > Standard & Performance Heat Sinks	Cooling / Thermal	max 6	0	6	Selection constraint for Standard & Performance Heat Sinks: max 6	P80382-B21	CTO	HPE ProLiant Compute DL580 Gen12 2U High Performance Heat Sink Kit	2	431.00		862.00		Yes				Active	06/02/2025	10/31/2028		ATTRIBUTE_CHANGED	431.00	$0.00	0.00%	2026-09-09: $431.00
Cooling / Thermal	Standard & Performance Heat Sinks	HPE OCA > OCA Solution > Cooling / Thermal > Standard & Performance Heat Sinks	Cooling / Thermal	max 6	0	6	Selection constraint for Standard & Performance Heat Sinks: max 6	P80441-B21	CTO	HPE ProLiant Compute DL580 Gen12 2P FIO Air Baffle Kit	1	73.00		73.00		Yes				Active	06/02/2025	10/31/2028		ATTRIBUTE_CHANGED	73.00	$0.00	0.00%	2026-09-09: $73.00
Accessories & Infrastructure	System Options	HPE OCA > OCA Solution > Accessories & Infrastructure > System Options	Cable Kit	Optional	0	Optional	4P Mezz Enable kit cannot be selected with either UPI 2P FIO Cbl kit or 2P Air Baffle kit.	P80445-B21	Standard	HPE ProLiant Compute DL580 Gen12 4P Mezzanine Enablement Kit	0	5962.00		NA		No				Active	06/02/2025	10/31/2028		ATTRIBUTE_CHANGED	5962.00	$0.00	0.00%	2026-09-09: $5962.00
Memory	DDR5 Registered Smart Memory	HPE OCA > OCA Solution > Memory > DDR5 Registered Smart Memory	Memory	max 32	0	32	Selection constraint for DDR5 Registered Smart Memory: max 32	P69728-F21	Standard	HPE 64GB (1x64GB) Dual Rank x4 DDR5-6400 CAS-52-52-52 EC8 Registered Smart FIO Memory Kit	2	28532.00		57,064.00	445.81	No				Active	04/06/2026	03/31/2028		ATTRIBUTE_CHANGED	28532.00	$0.00	0.00%	2026-09-09: $28532.00
Memory	DDR5 Registered Smart Memory	HPE OCA > OCA Solution > Memory > DDR5 Registered Smart Memory	Memory	max 32	0	32	These products are hidden due to Supply constraints	P69728-B21	Standard	HPE 64GB (1x64GB) Dual Rank x4 DDR5-6400 CAS-52-52-52 EC8 Registered Smart Memory Kit	0	28532.00		NA	445.81	No				Active	09/24/2024	03/31/2028		ATTRIBUTE_CHANGED	28532.00	$0.00	0.00%	2026-09-09: $28532.00
Memory	DDR5 Registered Smart Memory	HPE OCA > OCA Solution > Memory > DDR5 Registered Smart Memory	Memory	max 32	0	32	These products are hidden due to Supply constraints	P69729-B21	Standard	HPE 96GB (1x96GB) Dual Rank x4 DDR5-6400 CAS-52-52-52 EC8 Registered Smart Memory Kit	0	47056.00		NA	490.17	No				Active	11/04/2024	03/31/2028		ATTRIBUTE_CHANGED	47056.00	$0.00	0.00%	2026-09-09: $47056.00
Memory	DDR5 Registered Smart Memory	HPE OCA > OCA Solution > Memory > DDR5 Registered Smart Memory	Memory	max 32	0	32	These products are hidden due to Supply constraints	P69730-B21	Standard	HPE 128GB (1x128GB) Dual Rank x4 DDR5-6400 CAS-52-52-52 EC8 Registered Smart Memory Kit	0	60190.00		NA	470.23	No				Active	09/24/2024	03/31/2028		ATTRIBUTE_CHANGED	60190.00	$0.00	0.00%	2026-09-09: $60190.00
Memory	DDR5 Registered Smart Memory	HPE OCA > OCA Solution > Memory > DDR5 Registered Smart Memory	Memory	max 32	0	32	These products are hidden due to Supply constraints	P73447-B21	Standard	HPE 256GB (1x256GB) Quad Rank x4 DDR5-6400 CAS-60-52-52 EC8 Registered 3DS Smart Memory Kit	0	133186.00		NA	520.26	No				Active	02/24/2025	03/31/2028		ATTRIBUTE_CHANGED	133186.00	$0.00	0.00%	2026-09-09: $133186.00
Memory	DDR5 Registered Smart Memory	HPE OCA > OCA Solution > Memory > DDR5 Registered Smart Memory	Memory	max 32	0	32	Mixing of memory DIMMs of different capacities is not allowed.	P69729-F21	Standard	HPE 96GB (1x96GB) Dual Rank x4 DDR5-6400 CAS-52-52-52 EC8 Registered Smart FIO Memory Kit	0	47056.00		NA	490.17	No				Active	04/06/2026	03/31/2028		ATTRIBUTE_CHANGED	47056.00	$0.00	0.00%	2026-09-09: $47056.00
Memory	DDR5 Registered Smart Memory	HPE OCA > OCA Solution > Memory > DDR5 Registered Smart Memory	Memory	max 32	0	32	Mixing of memory DIMMs of different capacities is not allowed.	P69730-F21	Standard	HPE 128GB (1x128GB) Dual Rank x4 DDR5-6400 CAS-52-52-52 EC8 Registered Smart FIO Memory Kit	0	60190.00		NA	470.23	No				Active	04/06/2026	03/31/2028		ATTRIBUTE_CHANGED	60190.00	$0.00	0.00%	2026-09-09: $60190.00
Memory	DDR5 Registered Smart Memory	HPE OCA > OCA Solution > Memory > DDR5 Registered Smart Memory	Memory	max 32	0	32	Mixing of memory DIMMs of different capacities is not allowed.	P73447-F21	Standard	HPE 256GB (1x256GB) Quad Rank x4 DDR5-6400 CAS-60-52-52 EC8 Registered 3DS Smart FIO Memory Kit	0	133186.00		NA	520.26	No				Active	04/06/2026	03/31/2028		ATTRIBUTE_CHANGED	133186.00	$0.00	0.00%	2026-09-09: $133186.00
Drive Enclosures / Drives	SFF Drive Cages & Enablement	HPE OCA > OCA Solution > Drive Enclosures / Drives > SFF Drive Cages & Enablement	Drive Cage / Drive	max 24	0	24	Selection constraint for SFF Drive Cages & Enablement: max 24	P80429-B21	Standard	HPE ProLiant Compute DL580 Gen12 8SFF x1 U.3 Tri-Mode Drive Cage Kit	0	390.00		NA		No				Active	06/02/2025	10/31/2028		ATTRIBUTE_CHANGED	390.00	$0.00	0.00%	2026-09-09: $390.00
Drive Enclosures / Drives	SFF Drive Cages & Enablement	HPE OCA > OCA Solution > Drive Enclosures / Drives > SFF Drive Cages & Enablement	Drive Cage / Drive	max 24	0	24	Selection constraint for SFF Drive Cages & Enablement: max 24	P80430-B21	Standard	HPE ProLiant Compute DL580 Gen12 8SFF x4 U.3 Tri-Mode Drive Cage Kit	0	513.00		NA		No				Active	06/02/2025	10/31/2028		ATTRIBUTE_CHANGED	513.00	$0.00	0.00%	2026-09-09: $513.00
Drive Enclosures / Drives	SFF Drive Cages & Enablement	HPE OCA > OCA Solution > Drive Enclosures / Drives > SFF Drive Cages & Enablement	Drive Cage / Drive	max 24	0	24	Selection constraint for SFF Drive Cages & Enablement: max 24	P80431-B21	Standard	HPE ProLiant Compute DL580 Gen12 8EDSFF Drive Cage Kit	0	0		NA		No				Active	06/02/2025	10/31/2028		ATTRIBUTE_CHANGED	N/A	$0.00	0.00%	2026-09-09: (no price)
Drive Enclosures / Drives	SFF Drive Cages & Enablement	HPE OCA > OCA Solution > Drive Enclosures / Drives > SFF Drive Cages & Enablement	Drive Cage / Drive	max 24	0	24	Selection constraint for SFF Drive Cages & Enablement: max 24	P80432-B21	Standard	HPE ProLiant Compute DL580 Gen12 2SFF U.3 Drive Cage Kit	0	0		NA		No				Active	06/02/2025	10/31/2028		ATTRIBUTE_CHANGED	N/A	$0.00	0.00%	2026-09-09: (no price)
Drive Enclosures / Drives	SFF Drive Cages & Enablement	HPE OCA > OCA Solution > Drive Enclosures / Drives > SFF Drive Cages & Enablement	Drive Cage / Drive	max 24	0	24	Selection constraint for SFF Drive Cages & Enablement: max 24	P80447-B21	Standard	HPE ProLiant Compute DL580 Gen12 Universal Media Bay Kit	0	0		NA		No				Active	06/02/2025	10/31/2028		ATTRIBUTE_CHANGED	N/A	$0.00	0.00%	2026-09-09: (no price)
Storage Controllers	Tri-Mode MegaRAID Storage Controllers	HPE OCA > OCA Solution > Storage Controllers > Tri-Mode MegaRAID Storage Controllers	Storage Controller	max 4	0	4	Selection constraint for Tri-Mode MegaRAID Storage Controllers: max 4	P75697-B21	Standard	HPE MR932i-p x32 Lanes PCIe Gen5 SPDM Plug-in Storage Controller	0	11399.00		NA		No				Active	02/02/2026	06/30/2029		ATTRIBUTE_CHANGED	11399.00	$0.00	0.00%	2026-09-09: $11399.00
Storage Controllers	Tri-Mode MegaRAID Storage Controllers	HPE OCA > OCA Solution > Storage Controllers > Tri-Mode MegaRAID Storage Controllers	Storage Controller	max 4	0	4	Selection constraint for Tri-Mode MegaRAID Storage Controllers: max 4	P47777-B21	Standard	HPE MR416i-p Gen11 x16 Lanes 8GB Cache PCI SPDM Plug-in Storage Controller	0	5999.00		NA		No				Active	11/10/2022	04/30/2029		ATTRIBUTE_CHANGED	5999.00	$0.00	0.00%	2026-09-09: $5999.00
Storage Controllers	Tri-Mode MegaRAID Storage Controllers	HPE OCA > OCA Solution > Storage Controllers > Tri-Mode MegaRAID Storage Controllers	Storage Controller	max 4	0	4	Selection constraint for Tri-Mode MegaRAID Storage Controllers: max 4	P47789-B21	Standard	HPE MR216i-o Gen11 x16 Lanes without Cache OCP SPDM Storage Controller	0	3449.00		NA		No				Active	11/10/2022	04/30/2029		ATTRIBUTE_CHANGED	3449.00	$0.00	0.00%	2026-09-09: $3449.00
Storage Controllers	Tri-Mode MegaRAID Storage Controllers	HPE OCA > OCA Solution > Storage Controllers > Tri-Mode MegaRAID Storage Controllers	Storage Controller	max 4	0	4	Selection constraint for Tri-Mode MegaRAID Storage Controllers: max 4	P47785-B21	Standard	HPE MR216i-p Gen11 x16 Lanes without Cache PCI SPDM Plug-in Storage Controller	0	3499.00		NA		No				Active	11/10/2022	04/30/2029		ATTRIBUTE_CHANGED	3499.00	$0.00	0.00%	2026-09-09: $3499.00
Storage Controllers	Tri-Mode MegaRAID Storage Controllers	HPE OCA > OCA Solution > Storage Controllers > Tri-Mode MegaRAID Storage Controllers	Storage Controller	max 4	0	4	Selection constraint for Tri-Mode MegaRAID Storage Controllers: max 4	804398-B21	Standard	HPE Smart Array E208e-p SR Gen10 (8 External Lanes/No Cache) 12G SAS PCIe Plug-in Controller	0	1775.00		NA		No				Active	07/11/2017	04/30/2029		ATTRIBUTE_CHANGED	1775.00	$0.00	0.00%	2026-09-09: $1775.00
Storage Controllers	Tri-Mode MegaRAID Storage Controllers	HPE OCA > OCA Solution > Storage Controllers > Tri-Mode MegaRAID Storage Controllers	Storage Controller	max 4	0	4	Selection constraint for Tri-Mode MegaRAID Storage Controllers: max 4	P47781-B21	Standard	HPE MR416i-o Gen11 x16 Lanes 8GB Cache OCP SPDM Storage Controller	0	5699.00		NA		No				Active	11/10/2022	04/30/2029		ATTRIBUTE_CHANGED	5699.00	$0.00	0.00%	2026-09-09: $5699.00
Storage Controllers	Tri-Mode MegaRAID Storage Controllers	HPE OCA > OCA Solution > Storage Controllers > Tri-Mode MegaRAID Storage Controllers	Storage Controller	max 4	0	4	Selection constraint for Tri-Mode MegaRAID Storage Controllers: max 4	P95072-B21	Standard	HPE Smart Array E208e-p SR Gen12 x8 Lanes without Cache SAS 12G PCIe Plug-in Controller	0	1775.00		NA		No				Active	09/08/2026	04/30/2029		ATTRIBUTE_CHANGED	1775.00	$0.00	0.00%	2026-09-09: $1775.00
Storage Controllers	Tri-Mode MegaRAID Storage Controllers	HPE OCA > OCA Solution > Storage Controllers > Tri-Mode MegaRAID Storage Controllers	Storage Controller	max 4	0	4	Selection constraint for Tri-Mode MegaRAID Storage Controllers: max 4	P74775-B21	Standard	HPE MR408i-p Gen11 x8 Lanes 4GB Cache PCI SPDM Plug-in Storage Controller	0	4699.00		NA		No				Active	04/07/2025	04/30/2029		ATTRIBUTE_CHANGED	4699.00	$0.00	0.00%	2026-09-09: $4699.00
Storage Controllers	Tri-Mode MegaRAID Storage Controllers	HPE OCA > OCA Solution > Storage Controllers > Tri-Mode MegaRAID Storage Controllers	Storage Controller	max 4	0	4	Selection constraint for Tri-Mode MegaRAID Storage Controllers: max 4	P58335-B21	Standard	HPE MR408i-o Gen11 x8 Lanes 4GB Cache OCP SPDM Storage Controller	0	4599.00		NA		No				Active	11/10/2022	04/30/2029		ATTRIBUTE_CHANGED	4599.00	$0.00	0.00%	2026-09-09: $4599.00
Storage Controllers	Tri-Mode MegaRAID Storage Controllers	HPE OCA > OCA Solution > Storage Controllers > Tri-Mode MegaRAID Storage Controllers	Cable Kit	max 4	0	4	Selection constraint for Tri-Mode MegaRAID Storage Controllers: max 4	P80426-B21	Standard	HPE ProLiant Compute DL580 Gen12 MR416 Controller Data Retention Power Cable Kit	0	74.00		NA		No				Active	06/02/2025	10/31/2028		ATTRIBUTE_CHANGED	74.00	$0.00	0.00%	2026-09-09: $74.00
Storage Controllers	Tri-Mode MegaRAID Storage Controllers	HPE OCA > OCA Solution > Storage Controllers > Tri-Mode MegaRAID Storage Controllers	Cable Kit	max 4	0	4	12W Smart Hybrid Capacitor OR 16W Smart Hybrid Capacitor OR 96W Smart Storage Battery can be selected only if  MR416i/ MR408i controller is selected. | There are no "HPE Recommended products" available. Please use the toggle to show potential alternatives.	P02381-B21	Standard	HPE Smart Storage Hybrid Capacitor with 260mm Cable Kit	0	422.00		NA		No				Active	04/02/2019	06/30/2027		ATTRIBUTE_CHANGED	422.00	$0.00	0.00%	2026-09-09: $422.00
Storage Controllers	Tri-Mode MegaRAID Storage Controllers	HPE OCA > OCA Solution > Storage Controllers > Tri-Mode MegaRAID Storage Controllers	Cable Kit	max 4	0	4	12W Smart Hybrid Capacitor OR 16W Smart Hybrid Capacitor OR 96W Smart Storage Battery can be selected only if  MR416i/ MR408i controller is selected. | There are no "HPE Recommended products" available. Please use the toggle to show potential alternatives.	P01367-B21	Standard	HPE 96W Smart Storage Lithium-ion Battery with 260mm Cable Kit	0	140.00		NA		No				Active	12/18/2017	04/30/2029		ATTRIBUTE_CHANGED	140.00	$0.00	0.00%	2026-09-09: $140.00
Storage Controllers	Tri-Mode MegaRAID Storage Controllers	HPE OCA > OCA Solution > Storage Controllers > Tri-Mode MegaRAID Storage Controllers	Cable Kit	max 4	0	4	Selection constraint for Tri-Mode MegaRAID Storage Controllers: max 4	P80384-B21	Standard	HPE ProLiant Compute DL580 Gen12 2P 8SFF x4 Direct Attach Cable Kit	0	0		NA		No				Active	06/02/2025	10/31/2028		ATTRIBUTE_CHANGED	N/A	$0.00	0.00%	2026-09-09: (no price)
Storage Controllers	Tri-Mode MegaRAID Storage Controllers	HPE OCA > OCA Solution > Storage Controllers > Tri-Mode MegaRAID Storage Controllers	Cable Kit	max 4	0	4	Selection constraint for Tri-Mode MegaRAID Storage Controllers: max 4	P80385-B21	Standard	HPE ProLiant Compute DL580 Gen12 2P 16SFF x4 Direct Attach Cable Kit	0	0		NA		No				Active	06/02/2025	10/31/2028		ATTRIBUTE_CHANGED	N/A	$0.00	0.00%	2026-09-09: (no price)
Storage Controllers	Tri-Mode MegaRAID Storage Controllers	HPE OCA > OCA Solution > Storage Controllers > Tri-Mode MegaRAID Storage Controllers	Cable Kit	max 4	0	4	Selection constraint for Tri-Mode MegaRAID Storage Controllers: max 4	P80386-B21	Standard	HPE ProLiant Compute DL580 Gen12 2P 16EDSFF x4 Direct Attach Cable Kit	0	0		NA		No				Active	06/02/2025	10/31/2028		ATTRIBUTE_CHANGED	N/A	$0.00	0.00%	2026-09-09: (no price)
Storage Controllers	Tri-Mode MegaRAID Storage Controllers	HPE OCA > OCA Solution > Storage Controllers > Tri-Mode MegaRAID Storage Controllers	Cable Kit	max 4	0	4	Selection constraint for Tri-Mode MegaRAID Storage Controllers: max 4	P80387-B21	Standard	HPE ProLiant Compute DL580 Gen12 2P/4P 8SFF x1 Tri-Mode Cable Kit	0	102.00		NA		No				Active	06/02/2025	10/31/2028		ATTRIBUTE_CHANGED	102.00	$0.00	0.00%	2026-09-09: $102.00
Storage Controllers	Tri-Mode MegaRAID Storage Controllers	HPE OCA > OCA Solution > Storage Controllers > Tri-Mode MegaRAID Storage Controllers	Cable Kit	max 4	0	4	Selection constraint for Tri-Mode MegaRAID Storage Controllers: max 4	P80388-B21	Standard	HPE ProLiant Compute DL580 Gen12 2P/4P 16SFF x1 Tri-Mode Cable Kit	0	0		NA		No				Active	06/02/2025	10/31/2028		ATTRIBUTE_CHANGED	N/A	$0.00	0.00%	2026-09-09: (no price)
Storage Controllers	Tri-Mode MegaRAID Storage Controllers	HPE OCA > OCA Solution > Storage Controllers > Tri-Mode MegaRAID Storage Controllers	Cable Kit	max 4	0	4	Selection constraint for Tri-Mode MegaRAID Storage Controllers: max 4	P80389-B21	Standard	HPE ProLiant Compute DL580 Gen12 2P/4P 24SFF x1 Tri-Mode Cable Kit	0	0		NA		No				Active	06/02/2025	10/31/2028		ATTRIBUTE_CHANGED	N/A	$0.00	0.00%	2026-09-09: (no price)
Storage Controllers	Tri-Mode MegaRAID Storage Controllers	HPE OCA > OCA Solution > Storage Controllers > Tri-Mode MegaRAID Storage Controllers	Cable Kit	max 4	0	4	Selection constraint for Tri-Mode MegaRAID Storage Controllers: max 4	P80390-B21	Standard	HPE ProLiant Compute DL580 Gen12 MR 2P/4P 32SFF x1 Tri-Mode Cable Kit	0	0		NA		No				Active	06/02/2025	10/31/2028		ATTRIBUTE_CHANGED	N/A	$0.00	0.00%	2026-09-09: (no price)
Storage Controllers	Tri-Mode MegaRAID Storage Controllers	HPE OCA > OCA Solution > Storage Controllers > Tri-Mode MegaRAID Storage Controllers	Cable Kit	max 4	0	4	Selection constraint for Tri-Mode MegaRAID Storage Controllers: max 4	P80391-B21	Standard	HPE ProLiant Compute DL580 Gen12 2P/4P 8SFF x1 OCP Cable Kit	0	0		NA		No				Active	06/02/2025	10/31/2028		ATTRIBUTE_CHANGED	N/A	$0.00	0.00%	2026-09-09: (no price)
Storage Controllers	Tri-Mode MegaRAID Storage Controllers	HPE OCA > OCA Solution > Storage Controllers > Tri-Mode MegaRAID Storage Controllers	Cable Kit	max 4	0	4	Selection constraint for Tri-Mode MegaRAID Storage Controllers: max 4	P80393-B21	Standard	HPE ProLiant Compute DL580 Gen12 2P/4P 16SFF x1 OCP Cable Kit	0	0		NA		No				Active	06/02/2025	10/31/2028		ATTRIBUTE_CHANGED	N/A	$0.00	0.00%	2026-09-09: (no price)
Storage Controllers	Tri-Mode MegaRAID Storage Controllers	HPE OCA > OCA Solution > Storage Controllers > Tri-Mode MegaRAID Storage Controllers	Cable Kit	max 4	0	4	Selection constraint for Tri-Mode MegaRAID Storage Controllers: max 4	P80394-B21	Standard	HPE ProLiant Compute DL580 Gen12 2P/4P 24SFF x1 OCP Cable Kit	0	0		NA		No				Active	06/02/2025	10/31/2028		ATTRIBUTE_CHANGED	N/A	$0.00	0.00%	2026-09-09: (no price)
Storage Controllers	Tri-Mode MegaRAID Storage Controllers	HPE OCA > OCA Solution > Storage Controllers > Tri-Mode MegaRAID Storage Controllers	Cable Kit	max 4	0	4	Selection constraint for Tri-Mode MegaRAID Storage Controllers: max 4	P80395-B21	Standard	HPE ProLiant Compute DL580 Gen12 2P/4P 32SFF x1 OCP Cable Kit	0	0		NA		No				Active	06/02/2025	10/31/2028		ATTRIBUTE_CHANGED	N/A	$0.00	0.00%	2026-09-09: (no price)
Storage Controllers	Tri-Mode MegaRAID Storage Controllers	HPE OCA > OCA Solution > Storage Controllers > Tri-Mode MegaRAID Storage Controllers	Cable Kit	max 4	0	4	Selection constraint for Tri-Mode MegaRAID Storage Controllers: max 4	P80396-B21	Standard	HPE ProLiant Compute DL580 Gen12 4P 8SFF x4 Direct Attach Cable Kit	0	0		NA		No				Active	06/02/2025	10/31/2028		ATTRIBUTE_CHANGED	N/A	$0.00	0.00%	2026-09-09: (no price)
Storage Controllers	Tri-Mode MegaRAID Storage Controllers	HPE OCA > OCA Solution > Storage Controllers > Tri-Mode MegaRAID Storage Controllers	Cable Kit	max 4	0	4	Selection constraint for Tri-Mode MegaRAID Storage Controllers: max 4	P80397-B21	Standard	HPE ProLiant Compute DL580 Gen12 4P 16SFF x4 Direct Attach Cable Kit	0	0		NA		No				Active	06/02/2025	10/31/2028		ATTRIBUTE_CHANGED	N/A	$0.00	0.00%	2026-09-09: (no price)
Storage Controllers	Tri-Mode MegaRAID Storage Controllers	HPE OCA > OCA Solution > Storage Controllers > Tri-Mode MegaRAID Storage Controllers	Cable Kit	max 4	0	4	Selection constraint for Tri-Mode MegaRAID Storage Controllers: max 4	P80398-B21	Standard	HPE ProLiant Compute DL580 Gen12 4P 24SFF x4 Direct Attach Cable Kit	0	0		NA		No				Active	06/02/2025	10/31/2028		ATTRIBUTE_CHANGED	N/A	$0.00	0.00%	2026-09-09: (no price)
Storage Controllers	Tri-Mode MegaRAID Storage Controllers	HPE OCA > OCA Solution > Storage Controllers > Tri-Mode MegaRAID Storage Controllers	Cable Kit	max 4	0	4	Selection constraint for Tri-Mode MegaRAID Storage Controllers: max 4	P80399-B21	Standard	HPE ProLiant Compute DL580 Gen12 4P 32SFF x4 Direct Attach Cable Kit	0	0		NA		No				Active	06/02/2025	10/31/2028		ATTRIBUTE_CHANGED	N/A	$0.00	0.00%	2026-09-09: (no price)
Storage Controllers	Tri-Mode MegaRAID Storage Controllers	HPE OCA > OCA Solution > Storage Controllers > Tri-Mode MegaRAID Storage Controllers	Cable Kit	max 4	0	4	Selection constraint for Tri-Mode MegaRAID Storage Controllers: max 4	P80400-B21	Standard	HPE ProLiant Compute DL580 Gen12 4P 8EDSFF x4 Direct Attach Cable Kit	0	0		NA		No				Active	06/02/2025	10/31/2028		ATTRIBUTE_CHANGED	N/A	$0.00	0.00%	2026-09-09: (no price)
Storage Controllers	Tri-Mode MegaRAID Storage Controllers	HPE OCA > OCA Solution > Storage Controllers > Tri-Mode MegaRAID Storage Controllers	Cable Kit	max 4	0	4	Selection constraint for Tri-Mode MegaRAID Storage Controllers: max 4	P80401-B21	Standard	HPE ProLiant Compute DL580 Gen12 4P 16EDSFF x4 Direct Attach Cable Kit	0	0		NA		No				Active	06/02/2025	10/31/2028		ATTRIBUTE_CHANGED	N/A	$0.00	0.00%	2026-09-09: (no price)
Storage Controllers	Tri-Mode MegaRAID Storage Controllers	HPE OCA > OCA Solution > Storage Controllers > Tri-Mode MegaRAID Storage Controllers	Cable Kit	max 4	0	4	Selection constraint for Tri-Mode MegaRAID Storage Controllers: max 4	P80402-B21	Standard	HPE ProLiant Compute DL580 Gen12 4P 24EDSFF x4 Direct Attach Cable Kit	0	0		NA		No				Active	06/02/2025	10/31/2028		ATTRIBUTE_CHANGED	N/A	$0.00	0.00%	2026-09-09: (no price)
Storage Controllers	Tri-Mode MegaRAID Storage Controllers	HPE OCA > OCA Solution > Storage Controllers > Tri-Mode MegaRAID Storage Controllers	Cable Kit	max 4	0	4	Selection constraint for Tri-Mode MegaRAID Storage Controllers: max 4	P80403-B21	Standard	HPE ProLiant Compute DL580 Gen12 4P 32EDSFF x4 Direct Attach Cable Kit	0	0		NA		No				Active	06/02/2025	10/31/2028		ATTRIBUTE_CHANGED	N/A	$0.00	0.00%	2026-09-09: (no price)
Storage Controllers	Tri-Mode MegaRAID Storage Controllers	HPE OCA > OCA Solution > Storage Controllers > Tri-Mode MegaRAID Storage Controllers	Cable Kit	max 4	0	4	Selection constraint for Tri-Mode MegaRAID Storage Controllers: max 4	P80408-B21	Standard	HPE ProLiant Compute DL580 Gen12 2P/4P 8SFF x4 OCP Cable Kit	0	363.00		NA		No				Active	06/02/2025	10/31/2028		ATTRIBUTE_CHANGED	363.00	$0.00	0.00%	2026-09-09: $363.00
Storage Controllers	Tri-Mode MegaRAID Storage Controllers	HPE OCA > OCA Solution > Storage Controllers > Tri-Mode MegaRAID Storage Controllers	Cable Kit	max 4	0	4	Selection constraint for Tri-Mode MegaRAID Storage Controllers: max 4	P80409-B21	Standard	HPE ProLiant Compute DL580 Gen12 2P/4P 16SFF x2 OCP Cable Kit	0	0		NA		No				Active	06/02/2025	10/31/2028		ATTRIBUTE_CHANGED	N/A	$0.00	0.00%	2026-09-09: (no price)
Storage Controllers	Tri-Mode MegaRAID Storage Controllers	HPE OCA > OCA Solution > Storage Controllers > Tri-Mode MegaRAID Storage Controllers	Cable Kit	max 4	0	4	Selection constraint for Tri-Mode MegaRAID Storage Controllers: max 4	P80411-B21	Standard	HPE ProLiant Compute DL580 Gen12 4P 24EDSFF x4 Tri-Mode FIO Cable Kit	0	1833.00		NA		No				Active	05/08/2026	10/31/2028		ATTRIBUTE_CHANGED	1833.00	$0.00	0.00%	2026-09-09: $1833.00
Storage Controllers	Tri-Mode MegaRAID Storage Controllers	HPE OCA > OCA Solution > Storage Controllers > Tri-Mode MegaRAID Storage Controllers	Cable Kit	max 4	0	4	Selection constraint for Tri-Mode MegaRAID Storage Controllers: max 4	P80412-B21	Standard	HPE ProLiant Compute DL580 Gen12 4P 32EDSFF x4 Tri-Mode FIO Cable Kit	0	2431.00		NA		No				Active	05/08/2026	10/31/2028		ATTRIBUTE_CHANGED	2431.00	$0.00	0.00%	2026-09-09: $2431.00
Storage Controllers	Tri-Mode MegaRAID Storage Controllers	HPE OCA > OCA Solution > Storage Controllers > Tri-Mode MegaRAID Storage Controllers	Cable Kit	max 4	0	4	Selection constraint for Tri-Mode MegaRAID Storage Controllers: max 4	P80413-B21	Standard	HPE ProLiant Compute DL580 Gen12 2P 8SFF/8EDSFF Hybrid x4 Direct Attach Cable Kit	0	0		NA		No				Active	06/02/2025	10/31/2028		ATTRIBUTE_CHANGED	N/A	$0.00	0.00%	2026-09-09: (no price)
Storage Controllers	Tri-Mode MegaRAID Storage Controllers	HPE OCA > OCA Solution > Storage Controllers > Tri-Mode MegaRAID Storage Controllers	Cable Kit	max 4	0	4	Selection constraint for Tri-Mode MegaRAID Storage Controllers: max 4	P80414-B21	Standard	HPE ProLiant Compute DL580 Gen12 4P 8SFF/8EDSFF Hybrid x4 Direct Attach Cable Kit	0	0		NA		No				Active	06/02/2025	10/31/2028		ATTRIBUTE_CHANGED	N/A	$0.00	0.00%	2026-09-09: (no price)
Storage Controllers	Tri-Mode MegaRAID Storage Controllers	HPE OCA > OCA Solution > Storage Controllers > Tri-Mode MegaRAID Storage Controllers	Cable Kit	max 4	0	4	Selection constraint for Tri-Mode MegaRAID Storage Controllers: max 4	P80415-B21	Standard	HPE ProLiant Compute DL580 Gen12 4P 16SFF/16EDSFF Hybrid x4 Direct Attach Cable Kit	0	0		NA		No				Active	06/02/2025	10/31/2028		ATTRIBUTE_CHANGED	N/A	$0.00	0.00%	2026-09-09: (no price)
Storage Controllers	Tri-Mode MegaRAID Storage Controllers	HPE OCA > OCA Solution > Storage Controllers > Tri-Mode MegaRAID Storage Controllers	Cable Kit	max 4	0	4	Selection constraint for Tri-Mode MegaRAID Storage Controllers: max 4	P80416-B21	Standard	HPE ProLiant Compute DL580 Gen12 4P Tri-Mode FIO Cable Kit	0	2024.00		NA		No				Active	05/08/2026	10/31/2028		ATTRIBUTE_CHANGED	2024.00	$0.00	0.00%	2026-09-09: $2024.00
Storage Controllers	Tri-Mode MegaRAID Storage Controllers	HPE OCA > OCA Solution > Storage Controllers > Tri-Mode MegaRAID Storage Controllers	Cable Kit	max 4	0	4	Selection constraint for Tri-Mode MegaRAID Storage Controllers: max 4	P80417-B21	Standard	HPE ProLiant Compute DL580 Gen12 4P 8SFF x2 Tri-Mode Cable Kit	0	0		NA		No				Active	06/02/2025	10/31/2028		ATTRIBUTE_CHANGED	N/A	$0.00	0.00%	2026-09-09: (no price)
Storage Controllers	Tri-Mode MegaRAID Storage Controllers	HPE OCA > OCA Solution > Storage Controllers > Tri-Mode MegaRAID Storage Controllers	Cable Kit	max 4	0	4	Selection constraint for Tri-Mode MegaRAID Storage Controllers: max 4	P80418-B21	Standard	HPE ProLiant Compute DL580 Gen12 4P 16SFF x2 Tri-Mode Cable Kit	0	0		NA		No				Active	06/02/2025	10/31/2028		ATTRIBUTE_CHANGED	N/A	$0.00	0.00%	2026-09-09: (no price)
Storage Controllers	Tri-Mode MegaRAID Storage Controllers	HPE OCA > OCA Solution > Storage Controllers > Tri-Mode MegaRAID Storage Controllers	Cable Kit	max 4	0	4	Selection constraint for Tri-Mode MegaRAID Storage Controllers: max 4	P80419-B21	Standard	HPE ProLiant Compute DL580 Gen12 MR416 4P 24SFF x2 Tri-Mode Cable Kit	0	0		NA		No				Active	06/02/2025	10/31/2028		ATTRIBUTE_CHANGED	N/A	$0.00	0.00%	2026-09-09: (no price)
Storage Controllers	Tri-Mode MegaRAID Storage Controllers	HPE OCA > OCA Solution > Storage Controllers > Tri-Mode MegaRAID Storage Controllers	Cable Kit	max 4	0	4	Selection constraint for Tri-Mode MegaRAID Storage Controllers: max 4	P80420-B21	Standard	HPE ProLiant Compute DL580 Gen12 4P 24SFF x4 X2BW FIO Tri-Mode Cable Kit	0	866.00		NA		No				Active	05/08/2026	10/31/2028		ATTRIBUTE_CHANGED	866.00	$0.00	0.00%	2026-09-09: $866.00
Storage Controllers	Tri-Mode MegaRAID Storage Controllers	HPE OCA > OCA Solution > Storage Controllers > Tri-Mode MegaRAID Storage Controllers	Cable Kit	max 4	0	4	Selection constraint for Tri-Mode MegaRAID Storage Controllers: max 4	P80421-B21	Standard	HPE ProLiant Compute DL580 Gen12 MR416 4P 32SFF x2 Tri-Mode Cable Kit	0	0		NA		No				Active	06/02/2025	10/31/2028		ATTRIBUTE_CHANGED	N/A	$0.00	0.00%	2026-09-09: (no price)
Storage Controllers	Tri-Mode MegaRAID Storage Controllers	HPE OCA > OCA Solution > Storage Controllers > Tri-Mode MegaRAID Storage Controllers	Cable Kit	max 4	0	4	Selection constraint for Tri-Mode MegaRAID Storage Controllers: max 4	P80745-B21	Standard	HPE ProLiant Compute DL580 Gen12 2P 32SFF x1 Tri-Mode 32i FIO Cable Kit	0	448.00		NA		No				Active	05/08/2026	10/31/2028		ATTRIBUTE_CHANGED	448.00	$0.00	0.00%	2026-09-09: $448.00
Storage Controllers	Tri-Mode MegaRAID Storage Controllers	HPE OCA > OCA Solution > Storage Controllers > Tri-Mode MegaRAID Storage Controllers	Cable Kit	max 4	0	4	Selection constraint for Tri-Mode MegaRAID Storage Controllers: max 4	P80746-B21	Standard	HPE ProLiant Compute DL580 Gen12 2P/4P 8SFF x4 Tri-Mode FIO Cable Kit	0	431.00		NA		No				Active	05/08/2026	10/31/2028		ATTRIBUTE_CHANGED	431.00	$0.00	0.00%	2026-09-09: $431.00
Storage Controllers	Tri-Mode MegaRAID Storage Controllers	HPE OCA > OCA Solution > Storage Controllers > Tri-Mode MegaRAID Storage Controllers	Cable Kit	max 4	0	4	Selection constraint for Tri-Mode MegaRAID Storage Controllers: max 4	P80747-B21	Standard	HPE ProLiant Compute DL580 Gen12 2P/4P 16SFF x4 Tri-Mode 32i FIO Cable Kit	0	829.00		NA		No				Active	05/08/2026	10/31/2028		ATTRIBUTE_CHANGED	829.00	$0.00	0.00%	2026-09-09: $829.00
Storage Controllers	Tri-Mode MegaRAID Storage Controllers	HPE OCA > OCA Solution > Storage Controllers > Tri-Mode MegaRAID Storage Controllers	Cable Kit	max 4	0	4	Selection constraint for Tri-Mode MegaRAID Storage Controllers: max 4	P80748-B21	Standard	HPE ProLiant Compute DL580 4P 24SFF x4 Tri-Mode 32i FIO Cable Kit	0	1172.00		NA		No				Active	05/08/2026	10/31/2028		ATTRIBUTE_CHANGED	1172.00	$0.00	0.00%	2026-09-09: $1172.00
Storage Controllers	Tri-Mode MegaRAID Storage Controllers	HPE OCA > OCA Solution > Storage Controllers > Tri-Mode MegaRAID Storage Controllers	Cable Kit	max 4	0	4	Selection constraint for Tri-Mode MegaRAID Storage Controllers: max 4	P80749-B21	Standard	HPE ProLiant Compute DL580 Gen12 4P 32SFF x4 Tri-Mode 32i FIO Cable Kit	0	1516.00		NA		No				Active	05/08/2026	10/31/2028		ATTRIBUTE_CHANGED	1516.00	$0.00	0.00%	2026-09-09: $1516.00
Storage Controllers	Tri-Mode MegaRAID Storage Controllers	HPE OCA > OCA Solution > Storage Controllers > Tri-Mode MegaRAID Storage Controllers	Cable Kit	max 4	0	4	Selection constraint for Tri-Mode MegaRAID Storage Controllers: max 4	P80751-B21	Standard	HPE ProLiant Compute DL580 Gen12 2SFF Direct Attach Cable Kit	0	0		NA		No				Active	06/02/2025	10/31/2028		ATTRIBUTE_CHANGED	N/A	$0.00	0.00%	2026-09-09: (no price)
Storage Controllers	Tri-Mode MegaRAID Storage Controllers	HPE OCA > OCA Solution > Storage Controllers > Tri-Mode MegaRAID Storage Controllers	Cable Kit	max 4	0	4	Selection constraint for Tri-Mode MegaRAID Storage Controllers: max 4	P81000-B21	Standard	HPE ProLiant Compute DL580 Gen12 2P 8SFF x4 Tri-Mode Cable Kit	0	0		NA		No				Active	06/02/2025	10/31/2028		ATTRIBUTE_CHANGED	N/A	$0.00	0.00%	2026-09-09: (no price)
Storage Controllers	Tri-Mode MegaRAID Storage Controllers	HPE OCA > OCA Solution > Storage Controllers > Tri-Mode MegaRAID Storage Controllers	Cable Kit	max 4	0	4	Selection constraint for Tri-Mode MegaRAID Storage Controllers: max 4	P81001-B21	Standard	HPE ProLiant Compute DL580 Gen12 4P 8SFF x4 Tri-Mode Cable Kit	0	0		NA		No				Active	06/02/2025	10/31/2028		ATTRIBUTE_CHANGED	N/A	$0.00	0.00%	2026-09-09: (no price)
Storage Controllers	Tri-Mode MegaRAID Storage Controllers	HPE OCA > OCA Solution > Storage Controllers > Tri-Mode MegaRAID Storage Controllers	Cable Kit	max 4	0	4	Selection constraint for Tri-Mode MegaRAID Storage Controllers: max 4	P81002-B21	Standard	HPE ProLiant Compute DL580 Gen12 2P 16SFF x4 Tri-Mode Cable Kit	0	0		NA		No				Active	06/02/2025	10/31/2028		ATTRIBUTE_CHANGED	N/A	$0.00	0.00%	2026-09-09: (no price)
Storage Controllers	Tri-Mode MegaRAID Storage Controllers	HPE OCA > OCA Solution > Storage Controllers > Tri-Mode MegaRAID Storage Controllers	Cable Kit	max 4	0	4	Selection constraint for Tri-Mode MegaRAID Storage Controllers: max 4	P81003-B21	Standard	HPE ProLiant Compute DL580 Gen12 4P 16SFF x4 Tri-Mode Cable Kit	0	0		NA		No				Active	06/02/2025	10/31/2028		ATTRIBUTE_CHANGED	N/A	$0.00	0.00%	2026-09-09: (no price)
Storage Controllers	Tri-Mode MegaRAID Storage Controllers	HPE OCA > OCA Solution > Storage Controllers > Tri-Mode MegaRAID Storage Controllers	Cable Kit	max 4	0	4	Selection constraint for Tri-Mode MegaRAID Storage Controllers: max 4	P89800-B21	Standard	HPE ProLiant Compute DL580 Gen12 2P 16SFF x4 WM FIO Direct Attached Cable Kit	0	797.00		NA		No				Active	05/08/2026	10/31/2028		ATTRIBUTE_CHANGED	797.00	$0.00	0.00%	2026-09-09: $797.00
Storage Controllers	Tri-Mode MegaRAID Storage Controllers	HPE OCA > OCA Solution > Storage Controllers > Tri-Mode MegaRAID Storage Controllers	Cable Kit	max 4	0	4	Selection constraint for Tri-Mode MegaRAID Storage Controllers: max 4	P89801-B21	Standard	HPE ProLiant Compute DL580 Gen12 2P 16EDSFF x4 WM FIO Cable Kit	0	984.00		NA		No				Active	05/08/2026	10/31/2028		ATTRIBUTE_CHANGED	984.00	$0.00	0.00%	2026-09-09: $984.00
Storage Controllers	Tri-Mode MegaRAID Storage Controllers	HPE OCA > OCA Solution > Storage Controllers > Tri-Mode MegaRAID Storage Controllers	Cable Kit	max 4	0	4	Selection constraint for Tri-Mode MegaRAID Storage Controllers: max 4	P89802-B21	Standard	HPE ProLiant Compute DL580 Gen12 2P/4P 16SFF x1 WM FIO Cable Kit	0	205.00		NA		No				Active	05/08/2026	10/31/2028		ATTRIBUTE_CHANGED	205.00	$0.00	0.00%	2026-09-09: $205.00
Storage Controllers	Tri-Mode MegaRAID Storage Controllers	HPE OCA > OCA Solution > Storage Controllers > Tri-Mode MegaRAID Storage Controllers	Cable Kit	max 4	0	4	Selection constraint for Tri-Mode MegaRAID Storage Controllers: max 4	P89803-B21	Standard	HPE ProLiant Compute DL580 Gen12 2P/4P 24SFF x1 WM FIO Cable Kit	0	325.00		NA		No				Active	05/08/2026	10/31/2028		ATTRIBUTE_CHANGED	325.00	$0.00	0.00%	2026-09-09: $325.00
Storage Controllers	Tri-Mode MegaRAID Storage Controllers	HPE OCA > OCA Solution > Storage Controllers > Tri-Mode MegaRAID Storage Controllers	Cable Kit	max 4	0	4	Selection constraint for Tri-Mode MegaRAID Storage Controllers: max 4	P89804-B21	Standard	HPE ProLiant Compute DL580 Gen12 2P/4P 16SFF x1 OCP WM FIO Cable Kit	0	207.00		NA		No				Active	05/08/2026	10/31/2028		ATTRIBUTE_CHANGED	207.00	$0.00	0.00%	2026-09-09: $207.00
Storage Controllers	Tri-Mode MegaRAID Storage Controllers	HPE OCA > OCA Solution > Storage Controllers > Tri-Mode MegaRAID Storage Controllers	Cable Kit	max 4	0	4	Selection constraint for Tri-Mode MegaRAID Storage Controllers: max 4	P89805-B21	Standard	HPE ProLiant Compute DL580 Gen12 2P/4P 24SFF x1 OCP WM FIO Cable Kit	0	307.00		NA		No				Active	05/08/2026	10/31/2028		ATTRIBUTE_CHANGED	307.00	$0.00	0.00%	2026-09-09: $307.00
Storage Controllers	Tri-Mode MegaRAID Storage Controllers	HPE OCA > OCA Solution > Storage Controllers > Tri-Mode MegaRAID Storage Controllers	Cable Kit	max 4	0	4	Selection constraint for Tri-Mode MegaRAID Storage Controllers: max 4	P89806-B21	Standard	HPE ProLiant Compute DL580 Gen12 4P 16SFF x4 WM FIO Direct Attached Cable Kit	0	741.00		NA		No				Active	05/08/2026	10/31/2028		ATTRIBUTE_CHANGED	741.00	$0.00	0.00%	2026-09-09: $741.00
Storage Controllers	Tri-Mode MegaRAID Storage Controllers	HPE OCA > OCA Solution > Storage Controllers > Tri-Mode MegaRAID Storage Controllers	Cable Kit	max 4	0	4	Selection constraint for Tri-Mode MegaRAID Storage Controllers: max 4	P89807-B21	Standard	HPE ProLiant Compute DL580 Gen12 4P 24SFF x4 WM FIO Direct Attached Cable Kit	0	1183.00		NA		No				Active	05/08/2026	10/31/2028		ATTRIBUTE_CHANGED	1183.00	$0.00	0.00%	2026-09-09: $1183.00
Storage Controllers	Tri-Mode MegaRAID Storage Controllers	HPE OCA > OCA Solution > Storage Controllers > Tri-Mode MegaRAID Storage Controllers	Cable Kit	max 4	0	4	Selection constraint for Tri-Mode MegaRAID Storage Controllers: max 4	P89808-B21	Standard	HPE ProLiant Compute DL580 Gen12 4P 16EDSFF x4 WM FIO Cable Kit	0	917.00		NA		No				Active	05/08/2026	10/31/2028		ATTRIBUTE_CHANGED	917.00	$0.00	0.00%	2026-09-09: $917.00
Storage Controllers	Tri-Mode MegaRAID Storage Controllers	HPE OCA > OCA Solution > Storage Controllers > Tri-Mode MegaRAID Storage Controllers	Cable Kit	max 4	0	4	Selection constraint for Tri-Mode MegaRAID Storage Controllers: max 4	P89809-B21	Standard	HPE ProLiant Compute DL580 Gen12 4P 24EDSFF x4 WM FIO Cable Kit	0	1431.00		NA		No				Active	05/08/2026	10/31/2028		ATTRIBUTE_CHANGED	1431.00	$0.00	0.00%	2026-09-09: $1431.00
Storage Controllers	Tri-Mode MegaRAID Storage Controllers	HPE OCA > OCA Solution > Storage Controllers > Tri-Mode MegaRAID Storage Controllers	Cable Kit	max 4	0	4	Selection constraint for Tri-Mode MegaRAID Storage Controllers: max 4	P89810-B21	Standard	HPE ProLiant Compute DL580 Gen12 4P 24SFF x4 32i FIO Cable Kit	0	1118.00		NA		No				Active	05/08/2026	10/31/2028		ATTRIBUTE_CHANGED	1118.00	$0.00	0.00%	2026-09-09: $1118.00
Storage Controllers	Tri-Mode MegaRAID Storage Controllers	HPE OCA > OCA Solution > Storage Controllers > Tri-Mode MegaRAID Storage Controllers	Cable Kit	max 4	0	4	Selection constraint for Tri-Mode MegaRAID Storage Controllers: max 4	P89811-B21	Standard	HPE ProLiant Compute DL580 Gen12 2P/4P 16SFF x2 OCP WM FIO Cable Kit	0	504.00		NA		No				Active	05/08/2026	10/31/2028		ATTRIBUTE_CHANGED	504.00	$0.00	0.00%	2026-09-09: $504.00
Storage Controllers	Tri-Mode MegaRAID Storage Controllers	HPE OCA > OCA Solution > Storage Controllers > Tri-Mode MegaRAID Storage Controllers	Cable Kit	max 4	0	4	Selection constraint for Tri-Mode MegaRAID Storage Controllers: max 4	P89813-B21	Standard	HPE ProLiant Compute DL580 Gen12 2P 8SFF 8EDSFF FIO Cable Kit	0	868.00		NA		No				Active	05/08/2026	10/31/2028		ATTRIBUTE_CHANGED	868.00	$0.00	0.00%	2026-09-09: $868.00
Storage Controllers	Tri-Mode MegaRAID Storage Controllers	HPE OCA > OCA Solution > Storage Controllers > Tri-Mode MegaRAID Storage Controllers	Cable Kit	max 4	0	4	Selection constraint for Tri-Mode MegaRAID Storage Controllers: max 4	P89814-B21	Standard	HPE ProLiant Compute DL580 Gen12 4P 8SFF 8EDSFF FIO Cable Kit	0	852.00		NA		No				Active	05/08/2026	10/31/2028		ATTRIBUTE_CHANGED	852.00	$0.00	0.00%	2026-09-09: $852.00
Storage Controllers	Tri-Mode MegaRAID Storage Controllers	HPE OCA > OCA Solution > Storage Controllers > Tri-Mode MegaRAID Storage Controllers	Cable Kit	max 4	0	4	Selection constraint for Tri-Mode MegaRAID Storage Controllers: max 4	P89815-B21	Standard	HPE ProLiant Compute DL580 Gen12 4P 16SFF x2 WM FIO Cable Kit	0	544.00		NA		No				Active	05/08/2026	10/31/2028		ATTRIBUTE_CHANGED	544.00	$0.00	0.00%	2026-09-09: $544.00
Storage Controllers	Tri-Mode MegaRAID Storage Controllers	HPE OCA > OCA Solution > Storage Controllers > Tri-Mode MegaRAID Storage Controllers	Cable Kit	max 4	0	4	Selection constraint for Tri-Mode MegaRAID Storage Controllers: max 4	P89816-B21	Standard	HPE ProLiant Compute DL580 Gen12 MR416 4P 24SFF WM FIO Cable Kit	0	820.00		NA		No				Active	05/08/2026	10/31/2028		ATTRIBUTE_CHANGED	820.00	$0.00	0.00%	2026-09-09: $820.00
Storage Controllers	Tri-Mode MegaRAID Storage Controllers	HPE OCA > OCA Solution > Storage Controllers > Tri-Mode MegaRAID Storage Controllers	Cable Kit	max 4	0	4	Selection constraint for Tri-Mode MegaRAID Storage Controllers: max 4	P89817-B21	Standard	HPE ProLiant Compute DL580 Gen12 4P 24SFF x4 X2BW FIO Cable Kit	0	846.00		NA		No				Active	05/08/2026	10/31/2028		ATTRIBUTE_CHANGED	846.00	$0.00	0.00%	2026-09-09: $846.00
Storage Controllers	Tri-Mode MegaRAID Storage Controllers	HPE OCA > OCA Solution > Storage Controllers > Tri-Mode MegaRAID Storage Controllers	Cable Kit	max 4	0	4	Selection constraint for Tri-Mode MegaRAID Storage Controllers: max 4	P89909-B21	Standard	HPE ProLiant Compute DL580 Gen12 2P/4P 16SFF x4 WM FIO Cable Kit	0	829.00		NA		No				Active	05/08/2026	10/31/2028		ATTRIBUTE_CHANGED	829.00	$0.00	0.00%	2026-09-09: $829.00
Storage Controllers	Tri-Mode MegaRAID Storage Controllers	HPE OCA > OCA Solution > Storage Controllers > Tri-Mode MegaRAID Storage Controllers	Cable Kit	max 4	0	4	Selection constraint for Tri-Mode MegaRAID Storage Controllers: max 4	P80410-B21	Standard	HPE ProLiant Compute DL580 Gen12 2P 16EDSFF x4 Tri-Mode FIO Cable Kit	0	1236.00		NA		No				Active	05/08/2026	10/31/2028		ATTRIBUTE_CHANGED	1236.00	$0.00	0.00%	2026-09-09: $1236.00
Storage Controllers	Tri-Mode MegaRAID Storage Controllers	HPE OCA > OCA Solution > Storage Controllers > Tri-Mode MegaRAID Storage Controllers	Cable Kit	max 4	0	4	Selection constraint for Tri-Mode MegaRAID Storage Controllers: max 4	P80423-B21	Standard	HPE ProLiant Compute DL580 Gen12 4P 16EDSFF X2BW FIO Tri-Mode Cable Kit	0	828.00		NA		No				Active	05/08/2026	10/31/2028		ATTRIBUTE_CHANGED	828.00	$0.00	0.00%	2026-09-09: $828.00
Storage Controllers	Tri-Mode MegaRAID Storage Controllers	HPE OCA > OCA Solution > Storage Controllers > Tri-Mode MegaRAID Storage Controllers	Cable Kit	max 4	0	4	Selection constraint for Tri-Mode MegaRAID Storage Controllers: max 4	P80424-B21	Standard	HPE ProLiant Compute DL580 Gen12 4P 24EDSFF X2BW FIO Tri-Mode Cable Kit	0	1244.00		NA		No				Active	05/08/2026	10/31/2028		ATTRIBUTE_CHANGED	1244.00	$0.00	0.00%	2026-09-09: $1244.00
Storage Controllers	Tri-Mode MegaRAID Storage Controllers	HPE OCA > OCA Solution > Storage Controllers > Tri-Mode MegaRAID Storage Controllers	Cable Kit	max 4	0	4	Selection constraint for Tri-Mode MegaRAID Storage Controllers: max 4	P80425-B21	Standard	HPE ProLiant Compute DL580 Gen12 4P 32EDSFF X2BW FIO Cable Kit	0	1622.00		NA		No				Active	05/08/2026	10/31/2028		ATTRIBUTE_CHANGED	1622.00	$0.00	0.00%	2026-09-09: $1622.00
Storage Controllers	Tri-Mode MegaRAID Storage Controllers	HPE OCA > OCA Solution > Storage Controllers > Tri-Mode MegaRAID Storage Controllers	Cable Kit	max 4	0	4	Selection constraint for Tri-Mode MegaRAID Storage Controllers: max 4	P80750-B21	Standard	HPE ProLiant Compute DL580 Gen12 4P 32SFF x2 Tri-Mode 32i FIO Cable Kit	0	1148.00		NA		No				Active	05/08/2026	10/31/2028		ATTRIBUTE_CHANGED	1148.00	$0.00	0.00%	2026-09-09: $1148.00
Storage Controllers	Tri-Mode MegaRAID Storage Controllers	HPE OCA > OCA Solution > Storage Controllers > Tri-Mode MegaRAID Storage Controllers	Cable Kit	max 4	0	4	Selection constraint for Tri-Mode MegaRAID Storage Controllers: max 4	P89812-B21	Standard	HPE ProLiant Compute DL580 Gen12 2P 16EDSFF x4 M2 FIO Cable Kit	0	1235.00		NA		No				Active	05/08/2026	10/31/2028		ATTRIBUTE_CHANGED	1235.00	$0.00	0.00%	2026-09-09: $1235.00
Storage Controllers	Tri-Mode MegaRAID Storage Controllers	HPE OCA > OCA Solution > Storage Controllers > Tri-Mode MegaRAID Storage Controllers	Cable Kit	max 4	0	4	Selection constraint for Tri-Mode MegaRAID Storage Controllers: max 4	P89818-B21	Standard	HPE ProLiant Compute DL580 Gen12 4P 16EDSFF X2BW FIO Cable Kit	0	789.00		NA		No				Active	05/08/2026	10/31/2028		ATTRIBUTE_CHANGED	789.00	$0.00	0.00%	2026-09-09: $789.00
Accessories & Infrastructure	System Options	HPE OCA > OCA Solution > Accessories & Infrastructure > System Options	Storage Controller	Optional	0	Optional	Selection constraint for System Options: optional	339777-B21	Standard	HPE RAID 0 Drive 1 FIO Setting	0	1.00		NA		No				Active	08/01/2008	09/30/2043		ATTRIBUTE_CHANGED	1.00	$0.00	0.00%	2026-09-09: $1.00
Accessories & Infrastructure	System Options	HPE OCA > OCA Solution > Accessories & Infrastructure > System Options	Storage Controller	Optional	0	Optional	Selection constraint for System Options: optional	339778-B21	Standard	HPE RAID 1 Drive 1 FIO Setting	0	1.00		NA		No				Active	08/14/2003	07/31/2044		ATTRIBUTE_CHANGED	1.00	$0.00	0.00%	2026-09-09: $1.00
Accessories & Infrastructure	System Options	HPE OCA > OCA Solution > Accessories & Infrastructure > System Options	Storage Controller	Optional	0	Optional	Selection constraint for System Options: optional	339779-B21	Standard	HPE RAID 5 Drive 1 FIO Setting	0	1.00		NA		No				Active	09/07/2016	09/30/2043		ATTRIBUTE_CHANGED	1.00	$0.00	0.00%	2026-09-09: $1.00
Accessories & Infrastructure	System Options	HPE OCA > OCA Solution > Accessories & Infrastructure > System Options	Storage Controller	Optional	0	Optional	Selection constraint for System Options: optional	339780-B21	Standard	HPE Raid 5 w/SP Drive 1 FIO Setting	0	1.00		NA		No				Active	08/01/2008	09/30/2043		ATTRIBUTE_CHANGED	1.00	$0.00	0.00%	2026-09-09: $1.00
Accessories & Infrastructure	System Options	HPE OCA > OCA Solution > Accessories & Infrastructure > System Options	Storage Controller	Optional	0	Optional	Selection constraint for System Options: optional	339781-B21	Standard	HPE RAID FIO Advanced Data Guarding Option	0	1.00		NA		No				Active	08/01/2008	09/30/2043		ATTRIBUTE_CHANGED	1.00	$0.00	0.00%	2026-09-09: $1.00
Accessories & Infrastructure	System Options	HPE OCA > OCA Solution > Accessories & Infrastructure > System Options	Storage Controller	Optional	0	Optional	Selection constraint for System Options: optional	389692-B21	Standard	HPE Customer Defined RAID Setting Service	0	1.00		NA		No				Active	02/02/2005	12/31/2043		ATTRIBUTE_CHANGED	1.00	$0.00	0.00%	2026-09-09: $1.00
Accessories & Infrastructure	System Options	HPE OCA > OCA Solution > Accessories & Infrastructure > System Options	Drive Cage / Drive	Optional	0	Optional	Selection constraint for System Options: optional	726536-B21	Standard	HPE 9.5mm SATA DVD-ROM Optical Drive	0	124.00		NA		No				Active	09/09/2014	12/31/2027		ATTRIBUTE_CHANGED	124.00	$0.00	0.00%	2026-09-09: $124.00
Accessories & Infrastructure	System Options	HPE OCA > OCA Solution > Accessories & Infrastructure > System Options	Drive Cage / Drive	Optional	0	Optional	Selection constraint for System Options: optional	726537-B21	Standard	HPE 9.5mm SATA DVD-RW Optical Drive	0	161.00		NA		No				Active	09/09/2014	12/31/2027		ATTRIBUTE_CHANGED	161.00	$0.00	0.00%	2026-09-09: $161.00
Accessories & Infrastructure	System Options	HPE OCA > OCA Solution > Accessories & Infrastructure > System Options	Drive Cage / Drive	Optional	0	Optional	BTO products are not allowed in CTO Base Model.	701498-B21	Standard	HPE Mobile USB DVD-RW Optical Drive	0	203.00		NA		No				Active	08/13/2012	12/31/2027		ATTRIBUTE_CHANGED	203.00	$0.00	0.00%	2026-09-09: $203.00
Drive Enclosures / Drives	Drive Blank & FIO Enablement Kits	HPE OCA > OCA Solution > Drive Enclosures / Drives > Drive Blank & FIO Enablement Kits	Chassis Infrastructure	max 24	0	24	BTO products are not allowed in CTO Base Model.	666987-B21	Standard	HPE Small Form Factor Hard Drive Blank Kit	0	18.00		NA		No				Active	03/06/2012	06/30/2029		ATTRIBUTE_CHANGED	18.00	$0.00	0.00%	2026-09-09: $18.00
Software & Licenses	Server Management & Operating System Licenses	HPE OCA > OCA Solution > Software & Licenses > Server Management & Operating System Licenses	Operating System / License	Unlimited	0	Unlimited	Selection constraint for Server Management & Operating System Licenses: no max	P08040-B21	Standard	HPE iLO Common Password FIO Setting	0	1.00		NA		No				Active	12/02/2019	06/30/2028		ATTRIBUTE_CHANGED	1.00	$0.00	0.00%	2026-09-09: $1.00
Accessories & Infrastructure	System Options	HPE OCA > OCA Solution > Accessories & Infrastructure > System Options	Chassis Infrastructure	Optional	0	Optional	Selection constraint for System Options: optional	P36394-B21	Standard	HPE Trusted Supply Chain for HPE ProLiant	0	1839.00		NA		No				Active	09/08/2020	05/31/2028		ATTRIBUTE_CHANGED	1839.00	$0.00	0.00%	2026-09-09: $1839.00
Software & Licenses	Server Management & Operating System Licenses	HPE OCA > OCA Solution > Software & Licenses > Server Management & Operating System Licenses	Operating System / License	Unlimited	0	Unlimited	Selection constraint for Server Management & Operating System Licenses: no max	P42104-B21	Standard	HPE ProLiant Platform Certificate and IDevID iLO FIO Setting	0	1.00		NA		No				Active	06/21/2021	06/30/2031		ATTRIBUTE_CHANGED	1.00	$0.00	0.00%	2026-09-09: $1.00
PCIe Risers	PCIe Riser Kits	HPE OCA > OCA Solution > PCIe Risers > PCIe Riser Kits	PCIe Riser	max 3	0	3	Selection constraint for PCIe Riser Kits: max 3	P80379-B21	Standard	HPE ProLiant Compute DL580 Gen12 2x16 Riser Kit	0	175.00		NA		No				Active	06/02/2025	10/31/2028		ATTRIBUTE_CHANGED	175.00	$0.00	0.00%	2026-09-09: $175.00
PCIe Risers	PCIe Riser Kits	HPE OCA > OCA Solution > PCIe Risers > PCIe Riser Kits	Cable Kit	max 3	0	3	Selection constraint for PCIe Riser Kits: max 3	P80380-B21	Standard	HPE ProLiant Compute DL580 Gen12 4P Riser 2/5 Upgrade Cable Kit	0	1323.00		NA		No				Active	06/02/2025	10/31/2028		ATTRIBUTE_CHANGED	1323.00	$0.00	0.00%	2026-09-09: $1323.00
PCIe Risers	PCIe Riser Kits	HPE OCA > OCA Solution > PCIe Risers > PCIe Riser Kits	Cable Kit	max 3	0	3	Selection constraint for PCIe Riser Kits: max 3	P80381-B21	Standard	HPE ProLiant Compute DL580 Gen12 2P Riser Upgrade Cable Kit	0	466.00		NA		No				Active	06/02/2025	10/31/2028		ATTRIBUTE_CHANGED	466.00	$0.00	0.00%	2026-09-09: $466.00
PCIe Risers	PCIe Riser Kits	HPE OCA > OCA Solution > PCIe Risers > PCIe Riser Kits	Cable Kit	max 3	0	3	Selection constraint for PCIe Riser Kits: max 3	P81004-B21	Standard	HPE ProLiant Compute DL580 Gen12 4P Riser 1/6 Upgrade Cable Kit	0	0		NA		No				Active	06/02/2025	10/31/2028		ATTRIBUTE_CHANGED	N/A	$0.00	0.00%	2026-09-09: (no price)
Networking	PCIe Networking Adapters	HPE OCA > OCA Solution > Networking > PCIe Networking Adapters	Network Adapter	max 8	0	8	Selection constraint for PCIe Networking Adapters: max 8	P08443-B21	Standard	Intel E810-XXVDA2 Ethernet 10/25Gb 2-port SFP28 Adapter for HPE	0	1680.00		NA		No				Active	04/06/2021	11/30/2027		ATTRIBUTE_CHANGED	1680.00	$0.00	0.00%	2026-09-09: $1680.00
Networking	PCIe Networking Adapters	HPE OCA > OCA Solution > Networking > PCIe Networking Adapters	Transceiver	max 8	0	8	Selection constraint for PCIe Networking Adapters: max 8	P25960-B21	Standard	Mellanox MCX623106AS-CDAT Ethernet 100Gb 2-port QSFP56 Adapter for HPE	0	4373.00		NA		No				Active	09/28/2020	12/31/2028		ATTRIBUTE_CHANGED	4373.00	$0.00	0.00%	2026-09-09: $4373.00
Networking	PCIe Networking Adapters	HPE OCA > OCA Solution > Networking > PCIe Networking Adapters	Network Adapter	max 8	0	8	Selection constraint for PCIe Networking Adapters: max 8	P26253-B21	Standard	Broadcom BCM57416 Ethernet 10Gb 2-port BASE-T Adapter for HPE	0	1105.00		NA		No				Active	11/02/2020	12/31/2028		ATTRIBUTE_CHANGED	1105.00	$0.00	0.00%	2026-09-09: $1105.00
Networking	PCIe Networking Adapters	HPE OCA > OCA Solution > Networking > PCIe Networking Adapters	Network Adapter	max 8	0	8	Selection constraint for PCIe Networking Adapters: max 8	P26259-B21	Standard	Broadcom BCM57412 Ethernet 10Gb 2-port SFP+ Adapter for HPE	0	940.00		NA		No				Active	10/05/2020	12/31/2028		ATTRIBUTE_CHANGED	940.00	$0.00	0.00%	2026-09-09: $940.00
Networking	PCIe Networking Adapters	HPE OCA > OCA Solution > Networking > PCIe Networking Adapters	Network Adapter	max 8	0	8	Selection constraint for PCIe Networking Adapters: max 8	P26262-B21	Standard	Broadcom BCM57414 Ethernet 10/25Gb 2-port SFP28 Adapter for HPE	0	1184.00		NA		No				Active	10/05/2020	12/31/2028		ATTRIBUTE_CHANGED	1184.00	$0.00	0.00%	2026-09-09: $1184.00
Networking	PCIe Networking Adapters	HPE OCA > OCA Solution > Networking > PCIe Networking Adapters	Network Adapter	max 8	0	8	Selection constraint for PCIe Networking Adapters: max 8	P42044-B21	Standard	Mellanox MCX631102AS-ADAT Ethernet 10/25Gb 2-port SFP28 Adapter for HPE	0	1500.00		NA		No				Active	02/07/2022	12/31/2028		ATTRIBUTE_CHANGED	1500.00	$0.00	0.00%	2026-09-09: $1500.00
Networking	PCIe Networking Adapters	HPE OCA > OCA Solution > Networking > PCIe Networking Adapters	Network Adapter	max 8	0	8	Selection constraint for PCIe Networking Adapters: max 8	P51178-B21	Standard	Broadcom BCM5719 Ethernet 1Gb 4-port BASE-T Adapter for HPE	0	485.00		NA		No				Active	06/06/2022	12/31/2028		ATTRIBUTE_CHANGED	485.00	$0.00	0.00%	2026-09-09: $485.00
Networking	PCIe Networking Adapters	HPE OCA > OCA Solution > Networking > PCIe Networking Adapters	Transceiver	max 8	0	8	Selection constraint for PCIe Networking Adapters: max 8	P21112-B21	Standard	Intel E810-CQDA2 Ethernet 100Gb 2-port QSFP28 Adapter for HPE	0	3600.00		NA		No				Active	04/06/2021	12/31/2028		ATTRIBUTE_CHANGED	3600.00	$0.00	0.00%	2026-09-09: $3600.00
Networking	PCIe Networking Adapters	HPE OCA > OCA Solution > Networking > PCIe Networking Adapters	Network Adapter	max 8	0	8	Selection constraint for PCIe Networking Adapters: max 8	P08458-B21	Standard	Intel E810-XXVDA4 Ethernet 10/25Gb 4-port SFP28 Adapter for HPE	0	3770.00		NA		No				Active	04/06/2021	12/31/2028		ATTRIBUTE_CHANGED	3770.00	$0.00	0.00%	2026-09-09: $3770.00
Networking	PCIe Networking Adapters	HPE OCA > OCA Solution > Networking > PCIe Networking Adapters	Network Adapter	max 8	0	8	Selection constraint for PCIe Networking Adapters: max 8	P26264-B21	Standard	Broadcom BCM57504 Ethernet 10/25Gb 4-port SFP28 Adapter for HPE	0	2598.00		NA		No				Active	09/06/2022	12/31/2028		ATTRIBUTE_CHANGED	2598.00	$0.00	0.00%	2026-09-09: $2598.00
Networking	PCIe Networking Adapters	HPE OCA > OCA Solution > Networking > PCIe Networking Adapters	Network Adapter	max 8	0	8	Selection constraint for PCIe Networking Adapters: max 8	P73111-B21	Standard	Broadcom BCM57608 Ethernet 100Gb 2-port QSFP112 Adapter for HPE	0	4855.00		NA		No				Active	03/03/2025	12/31/2028		ATTRIBUTE_CHANGED	4855.00	$0.00	0.00%	2026-09-09: $4855.00
Networking	PCIe Networking Adapters	HPE OCA > OCA Solution > Networking > PCIe Networking Adapters	Network Adapter	max 8	0	8	Selection constraint for PCIe Networking Adapters: max 8	P45641-H23	Standard	HPE InfiniBand NDR/Ethernet 400Gb 1-port OSFP PCIe5 x16 MCX75310AAS-NEAT Adapter	0	6377.00		NA		No				Active	06/03/2024	12/31/2026		ATTRIBUTE_CHANGED	6377.00	$0.00	0.00%	2026-09-09: $6377.00
Networking	PCIe Networking Adapters	HPE OCA > OCA Solution > Networking > PCIe Networking Adapters	Network Adapter	max 8	0	8	Selection constraint for PCIe Networking Adapters: max 8	P45642-H23	Standard	HPE InfiniBand NDR200/Ethernet 200Gb 1-port OSFP PCIe5 x16 MCX75310AAS-HEAT Generic Adapter	0	4904.00		NA		No				Active	02/02/2026	12/31/2027		ATTRIBUTE_CHANGED	4904.00	$0.00	0.00%	2026-09-09: $4904.00
Networking	PCIe Networking Adapters	HPE OCA > OCA Solution > Networking > PCIe Networking Adapters	Network Adapter	max 8	0	8	Selection constraint for PCIe Networking Adapters: max 8	P66386-H21	Standard	HPE Data Processing Unit InfiniBand NDR200/Ethernet 200Gb 2-port QSFP112 FHHL B3220 Adapter	0	15334.00		NA		No				Active	05/06/2024	12/31/2027		ATTRIBUTE_CHANGED	15334.00	$0.00	0.00%	2026-09-09: $15334.00
Networking	PCIe Networking Adapters	HPE OCA > OCA Solution > Networking > PCIe Networking Adapters	Network Adapter	max 8	0	8	Selection constraint for PCIe Networking Adapters: max 8	P79115-H21	Standard	HPE InfiniBand XDR400/Ethernet 400GbE 2-port QSFP112 PCIe6 x16 HHHL CX8 Crypto Adapter	0	8910.00		NA		No				Active	11/03/2025	06/30/2029		ATTRIBUTE_CHANGED	8910.00	$0.00	0.00%	2026-09-09: $8910.00
Networking	PCIe Networking Adapters	HPE OCA > OCA Solution > Networking > PCIe Networking Adapters	Network Adapter	max 8	0	8	Selection constraint for PCIe Networking Adapters: max 8	P45641-B23	Standard	HPE InfiniBand NDR/Ethernet 400Gb 1-port OSFP PCIe5 x16 MCX75310AAS-NEAT Adapter	0	6377.00		NA		No				Obsolete (OB)	06/03/2024	01/31/2026		ATTRIBUTE_CHANGED	6377.00	$0.00	0.00%	2026-09-09: $6377.00
Networking	PCIe Networking Adapters	HPE OCA > OCA Solution > Networking > PCIe Networking Adapters	Network Adapter	max 8	0	8	Selection constraint for PCIe Networking Adapters: max 8	P45641-H24	Standard	HPE InfiniBand NDR/Ethernet 400Gb 1-port OSFP PCIe5 x16 MCX75310AAS-NEAT Generic Adapter	0	6517.00		NA		No				Active	05/04/2026	06/30/2029		ATTRIBUTE_CHANGED	6517.00	$0.00	0.00%	2026-09-09: $6517.00
Networking	PCIe Networking Adapters	HPE OCA > OCA Solution > Networking > PCIe Networking Adapters	Network Adapter	max 8	0	8	Selection constraint for PCIe Networking Adapters: max 8	P45642-B22	Standard	HPE InfiniBand NDR200/Ethernet 200Gb 1-port OSFP PCIe5 x16 MCX75310AAS-HEAT Adapter	0	4568.00		NA		No				Obsolete (OB)	06/03/2024	12/12/2025		ATTRIBUTE_CHANGED	4568.00	$0.00	0.00%	2026-09-09: $4568.00
Networking	PCIe Networking Adapters	HPE OCA > OCA Solution > Networking > PCIe Networking Adapters	Network Adapter	max 8	0	8	Selection constraint for PCIe Networking Adapters: max 8	P45642-H22	Standard	HPE InfiniBand NDR200/Ethernet 200Gb 1-port OSFP PCIe5 x16 MCX75310AAS-HEAT Adapter	0	4568.00		NA		No				Obsolete (OB)	06/03/2024	12/12/2025		ATTRIBUTE_CHANGED	4568.00	$0.00	0.00%	2026-09-09: $4568.00
Networking	PCIe Networking Adapters	HPE OCA > OCA Solution > Networking > PCIe Networking Adapters	Network Adapter	max 8	0	8	Selection constraint for PCIe Networking Adapters: max 8	P65333-B21	Standard	HPE InfiniBand NDR200/Ethernet 200GbE 2-port QSFP112 PCIe5 x16 MCX755106AC-HEAT Adapter	0	7331.00		NA		No				Obsolete (OB)	09/05/2023	01/31/2026		ATTRIBUTE_CHANGED	7331.00	$0.00	0.00%	2026-09-09: $7331.00
Networking	PCIe Networking Adapters	HPE OCA > OCA Solution > Networking > PCIe Networking Adapters	Network Adapter	max 8	0	8	Selection constraint for PCIe Networking Adapters: max 8	P65333-H21	Standard	HPE InfiniBand NDR200/Ethernet 200GbE 2-port QSFP112 PCIe5 x16 MCX755106AC-HEAT Adapter	0	5425.00		NA		No				Active	09/05/2023	12/31/2027		ATTRIBUTE_CHANGED	5425.00	$0.00	0.00%	2026-09-09: $5425.00
Networking	PCIe Networking Adapters	HPE OCA > OCA Solution > Networking > PCIe Networking Adapters	Network Adapter	max 8	0	8	Selection constraint for PCIe Networking Adapters: max 8	P66387-H21	Standard	HPE Data Processing Unit InfiniBand NDR/Ethernet 400Gb 1-port QSFP112 HHHL B3140H Adapter	0	14399.00		NA		No				Active	05/06/2024	12/31/2027		ATTRIBUTE_CHANGED	14399.00	$0.00	0.00%	2026-09-09: $14399.00
Networking	PCIe Networking Adapters	HPE OCA > OCA Solution > Networking > PCIe Networking Adapters	Network Adapter	max 8	0	8	Selection constraint for PCIe Networking Adapters: max 8	P79114-H21	Standard	HPE InfiniBand XDR/Ethernet 2x400GbE 1-port OSFP PCIe6 x16 HHHL CX8 Crypto Adapter	0	8910.00		NA		No				Active	11/03/2025	06/30/2029		ATTRIBUTE_CHANGED	8910.00	$0.00	0.00%	2026-09-09: $8910.00
Networking	PCIe Networking Adapters	HPE OCA > OCA Solution > Networking > PCIe Networking Adapters	Cable Kit	max 8	0	8	Selection constraint for PCIe Networking Adapters: max 8	P81264-H21	Standard	HPE InfiniBand XDR PCIe Gen6 x16 Multi Host/Socket Direct Auxiliary Card with 250mm MCIO Cable Kit	0	734.00		NA		No				Active	11/03/2025	06/30/2027		ATTRIBUTE_CHANGED	734.00	$0.00	0.00%	2026-09-09: $734.00
Accessories & Infrastructure	System Options	HPE OCA > OCA Solution > Accessories & Infrastructure > System Options	Cable Kit	Optional	0	Optional	BTO products are not allowed in CTO Base Model.	487655-B21	Standard	HPE BladeSystem c-Class 10GbE SFP+ to SFP+ 3m Direct Attach Copper Cable	0	285.00		NA		No				Active	12/01/2008	07/31/2027		ATTRIBUTE_CHANGED	285.00	$0.00	0.00%	2026-09-09: $285.00
Networking	OCP3 Networking Adapters	HPE OCA > OCA Solution > Networking > OCP3 Networking Adapters	Network Adapter	max 8	0	8	Selection constraint for OCP3 Networking Adapters: max 8	P10115-B21	Standard	Broadcom BCM57414 Ethernet 10/25Gb 2-port SFP28 OCP3 Adapter for HPE	0	1231.00		NA		No				Active	11/02/2020	12/31/2028		ATTRIBUTE_CHANGED	1231.00	$0.00	0.00%	2026-09-09: $1231.00
Networking	OCP3 Networking Adapters	HPE OCA > OCA Solution > Networking > OCP3 Networking Adapters	Network Adapter	max 8	0	8	Selection constraint for OCP3 Networking Adapters: max 8	P42041-B21	Standard	Mellanox MCX631432AS-ADAI Ethernet 10/25Gb 2-port SFP28 OCP3 Adapter for HPE	0	1398.00		NA		No				Active	02/07/2022	12/31/2028		ATTRIBUTE_CHANGED	1398.00	$0.00	0.00%	2026-09-09: $1398.00
Networking	OCP3 Networking Adapters	HPE OCA > OCA Solution > Networking > OCP3 Networking Adapters	Network Adapter	max 8	0	8	Selection constraint for OCP3 Networking Adapters: max 8	P51181-B21	Standard	Broadcom BCM5719 Ethernet 1Gb 4-port BASE-T OCP3 Adapter for HPE	1	485.00		485.00		No				Active	06/06/2022	12/31/2028		ATTRIBUTE_CHANGED	485.00	$0.00	0.00%	2026-09-09: $485.00
Networking	OCP3 Networking Adapters	HPE OCA > OCA Solution > Networking > OCP3 Networking Adapters	Transceiver	max 8	0	8	Selection constraint for OCP3 Networking Adapters: max 8	P22767-B21	Standard	Intel E810-CQDA2 Ethernet 100Gb 2-port QSFP28 OCP3 Adapter for HPE	0	3600.00		NA		No				Active	04/06/2021	12/31/2028		ATTRIBUTE_CHANGED	3600.00	$0.00	0.00%	2026-09-09: $3600.00
Networking	OCP3 Networking Adapters	HPE OCA > OCA Solution > Networking > OCP3 Networking Adapters	Network Adapter	max 8	0	8	Selection constraint for OCP3 Networking Adapters: max 8	P26256-B21	Standard	Broadcom BCM57412 Ethernet 10Gb 2-port SFP+ OCP3 Adapter for HPE	0	940.00		NA		No				Active	10/05/2020	12/31/2028		ATTRIBUTE_CHANGED	940.00	$0.00	0.00%	2026-09-09: $940.00
Networking	OCP3 Networking Adapters	HPE OCA > OCA Solution > Networking > OCP3 Networking Adapters	Network Adapter	max 8	0	8	Selection constraint for OCP3 Networking Adapters: max 8	P79833-B21	Standard	Intel E610-IT4 Ethernet 1Gb 4-port BASE-T OCP3 Adapter for HPE	0	1580.00		NA		No				Active	09/02/2025	12/31/2028		ATTRIBUTE_CHANGED	1580.00	$0.00	0.00%	2026-09-09: $1580.00
Networking	OCP3 Networking Adapters	HPE OCA > OCA Solution > Networking > OCP3 Networking Adapters	Network Adapter	max 8	0	8	Selection constraint for OCP3 Networking Adapters: max 8	P10097-B21	Standard	Broadcom BCM57416 Ethernet 10Gb 2-port BASE-T OCP3 Adapter for HPE	0	1105.00		NA		No				Active	11/02/2020	12/31/2028		ATTRIBUTE_CHANGED	1105.00	$0.00	0.00%	2026-09-09: $1105.00
Networking	OCP3 Networking Adapters	HPE OCA > OCA Solution > Networking > OCP3 Networking Adapters	Network Adapter	max 8	0	8	Selection constraint for OCP3 Networking Adapters: max 8	P10106-B21	Standard	Intel E810-XXVDA2 Ethernet 10/25Gb 2-port SFP28 OCP3 Adapter for HPE	0	1680.00		NA		No				Active	04/06/2021	11/30/2027		ATTRIBUTE_CHANGED	1680.00	$0.00	0.00%	2026-09-09: $1680.00
Networking	OCP3 Networking Adapters	HPE OCA > OCA Solution > Networking > OCP3 Networking Adapters	Network Adapter	max 8	0	8	Selection constraint for OCP3 Networking Adapters: max 8	P26269-B21	Standard	Broadcom BCM57504 Ethernet 10/25Gb 4-port SFP28 OCP3 Adapter for HPE	0	2598.00		NA		No				Active	09/06/2022	12/31/2028		ATTRIBUTE_CHANGED	2598.00	$0.00	0.00%	2026-09-09: $2598.00
Networking	OCP3 Networking Adapters	HPE OCA > OCA Solution > Networking > OCP3 Networking Adapters	Network Adapter	max 8	0	8	Selection constraint for OCP3 Networking Adapters: max 8	P41614-B21	Standard	Intel E810-XXVDA4 Ethernet 10/25Gb 4-port SFP28 OCP3 Adapter for HPE	0	3770.00		NA		No				Active	08/02/2021	12/31/2028		ATTRIBUTE_CHANGED	3770.00	$0.00	0.00%	2026-09-09: $3770.00
Networking	OCP3 Networking Adapters	HPE OCA > OCA Solution > Networking > OCP3 Networking Adapters	Network Adapter	max 8	0	8	Selection constraint for OCP3 Networking Adapters: max 8	P73114-B21	Standard	Broadcom BCM57608 Ethernet 100Gb 2-port QSFP112 OCP3 Adapter for HPE	0	4855.00		NA		No				Active	03/03/2025	12/31/2028		ATTRIBUTE_CHANGED	4855.00	$0.00	0.00%	2026-09-09: $4855.00
Networking	OCP3 Networking Adapters	HPE OCA > OCA Solution > Networking > OCP3 Networking Adapters	Cable Kit	max 8	0	8	Selection constraint for OCP3 Networking Adapters: max 8	P80427-B21	Standard	HPE ProLiant Compute DL580 Gen12 OCP SlotA x16 Enablement Kit	0	154.00		NA		No				Active	06/02/2025	10/31/2028		ATTRIBUTE_CHANGED	154.00	$0.00	0.00%	2026-09-09: $154.00
Networking	OCP3 Networking Adapters	HPE OCA > OCA Solution > Networking > OCP3 Networking Adapters	Cable Kit	max 8	0	8	Selection constraint for OCP3 Networking Adapters: max 8	P80428-B21	Standard	HPE ProLiant Compute DL580 Gen12 OCP SlotB x16 Enablement Kit	0	0		NA		No				Active	06/02/2025	10/31/2028		ATTRIBUTE_CHANGED	N/A	$0.00	0.00%	2026-09-09: (no price)
Networking	OCP3 Networking Adapters	HPE OCA > OCA Solution > Networking > OCP3 Networking Adapters	Cable Kit	max 8	0	8	Selection constraint for OCP3 Networking Adapters: max 8	P85004-B21	Standard	HPE ProLiant Compute DL580 Gen12 InfiniBand DPU Cable Kit	0	94.00		NA		No				Active	11/17/2025	10/31/2028		ATTRIBUTE_CHANGED	94.00	$0.00	0.00%	2026-09-09: $94.00
Networking	PCIe Networking Adapters	HPE OCA > OCA Solution > Networking > PCIe Networking Adapters	Transceiver	max 8	0	8	Selection constraint for PCIe Networking Adapters: max 8	P49764-B21	Standard	HPE InfiniBand NDR/Ethernet 1x400Gb OSFP Multi-mode 50m HCA-side Transceiver	0	1866.00		NA		No				Active	03/06/2023	12/31/2027		ATTRIBUTE_CHANGED	1866.00	$0.00	0.00%	2026-09-09: $1866.00
Networking	PCIe Networking Adapters	HPE OCA > OCA Solution > Networking > PCIe Networking Adapters	Transceiver	max 8	0	8	Selection constraint for PCIe Networking Adapters: max 8	453151-B21	Standard	HPE BladeSystem c-Class Virtual Connect 1G SFP SX Transceiver	0	427.00		NA		No				Active	10/01/2007	07/31/2027		ATTRIBUTE_CHANGED	427.00	$0.00	0.00%	2026-09-09: $427.00
Networking	PCIe Networking Adapters	HPE OCA > OCA Solution > Networking > PCIe Networking Adapters	Transceiver	max 8	0	8	Selection constraint for PCIe Networking Adapters: max 8	453154-B21	Standard	HPE BladeSystem CClass Virtual Connect 1G SFP RJ45 Transceiver	0	426.00		NA		No				Active	11/16/2007	07/31/2027		ATTRIBUTE_CHANGED	426.00	$0.00	0.00%	2026-09-09: $426.00
Networking	PCIe Networking Adapters	HPE OCA > OCA Solution > Networking > PCIe Networking Adapters	Transceiver	max 8	0	8	Selection constraint for PCIe Networking Adapters: max 8	455883-B21	Standard	HPE BladeSystem c-Class 10Gb SFP+ SR Transceiver	0	842.00		NA		No				Active	12/01/2008	11/30/2030		ATTRIBUTE_CHANGED	842.00	$0.00	0.00%	2026-09-09: $842.00
Networking	PCIe Networking Adapters	HPE OCA > OCA Solution > Networking > PCIe Networking Adapters	Transceiver	max 8	0	8	Selection constraint for PCIe Networking Adapters: max 8	455886-B21	Standard	HPE BladeSystem c-Class 10Gb SFP+ LR Transceiver	0	1751.00		NA		No				Active	12/01/2008	11/30/2030		ATTRIBUTE_CHANGED	1751.00	$0.00	0.00%	2026-09-09: $1751.00
Networking	PCIe Networking Adapters	HPE OCA > OCA Solution > Networking > PCIe Networking Adapters	Transceiver	max 8	0	8	Selection constraint for PCIe Networking Adapters: max 8	845398-B21	Standard	HPE 25Gb SFP28 SR 100m Transceiver	0	2110.00		NA		No				Active	06/06/2016	06/30/2028		ATTRIBUTE_CHANGED	2110.00	$0.00	0.00%	2026-09-09: $2110.00
Networking	PCIe Networking Adapters	HPE OCA > OCA Solution > Networking > PCIe Networking Adapters	Transceiver	max 8	0	8	Selection constraint for PCIe Networking Adapters: max 8	845966-B21	Standard	HPE 100Gb QSFP28 MPO SR4 100m Transceiver	0	4252.00		NA		No				Active	06/06/2016	11/30/2030		ATTRIBUTE_CHANGED	4252.00	$0.00	0.00%	2026-09-09: $4252.00
Networking	PCIe Networking Adapters	HPE OCA > OCA Solution > Networking > PCIe Networking Adapters	Transceiver	max 8	0	8	Selection constraint for PCIe Networking Adapters: max 8	845972-B21	Standard	HPE 100Gb QSFP28 Bidirectional Transceiver	0	2585.00		NA		No				Obsolete (OB)	12/03/2018	07/27/2026		ATTRIBUTE_CHANGED	2585.00	$0.00	0.00%	2026-09-09: $2585.00
Networking	PCIe Networking Adapters	HPE OCA > OCA Solution > Networking > PCIe Networking Adapters	Transceiver	max 8	0	8	Selection constraint for PCIe Networking Adapters: max 8	P65334-B21	Standard	HPE InfiniBand NDR/Ethernet 400G QSFP112 MPO12 850nm Multi-mode 50m APC Transceiver	0	3875.00		NA		No				Active	09/05/2023	07/31/2027		ATTRIBUTE_CHANGED	3875.00	$0.00	0.00%	2026-09-09: $3875.00
Networking	PCIe Networking Adapters	HPE OCA > OCA Solution > Networking > PCIe Networking Adapters	Transceiver	max 8	0	8	Selection constraint for PCIe Networking Adapters: max 8	P82314-B21	Standard	HPE InfiniBand XDR 800GbE OSFP 1-port Single-mode 500m HCA-side Transceiver	0	4939.00		NA		No				Active	10/06/2025	06/30/2029		ATTRIBUTE_CHANGED	4939.00	$0.00	0.00%	2026-09-09: $4939.00
Networking	PCIe Networking Adapters	HPE OCA > OCA Solution > Networking > PCIe Networking Adapters	Transceiver	max 8	0	8	Selection constraint for PCIe Networking Adapters: max 8	P86377-B21	Standard	HPE InfiniBand/Ethernet 2x400GbE OSFP 2-port Multi-mode 50m Flat-Top Transceiver	0	3682.00		NA		No				Active	11/03/2025	06/30/2029		ATTRIBUTE_CHANGED	3682.00	$0.00	0.00%	2026-09-09: $3682.00
Networking	PCIe Networking Adapters	HPE OCA > OCA Solution > Networking > PCIe Networking Adapters	Transceiver	max 8	0	8	Selection constraint for PCIe Networking Adapters: max 8	P87585-B21	Standard	HPE InfiniBand NDR/Ethernet 400Gb OSFP 1-port Single-mode 100m HCA-side Flat-Top Transceiver	0	7359.00		NA		No				Active	01/05/2026	06/30/2029		ATTRIBUTE_CHANGED	7359.00	$0.00	0.00%	2026-09-09: $7359.00
Networking	PCIe Networking Adapters	HPE OCA > OCA Solution > Networking > PCIe Networking Adapters	Transceiver	max 8	0	8	Selection constraint for PCIe Networking Adapters: max 8	P89422-B21	Standard	HPE Ethernet 1x400Gb OSFP 1-port Multi-mode 50m NIC-side Flat-Top Transceiver	0	2400.00		NA		No				Active	03/02/2026	06/30/2029		ATTRIBUTE_CHANGED	2400.00	$0.00	0.00%	2026-09-09: $2400.00
Networking	PCIe Networking Adapters	HPE OCA > OCA Solution > Networking > PCIe Networking Adapters	Transceiver	max 8	0	8	Selection constraint for PCIe Networking Adapters: max 8	P89423-B21	Standard	HPE Ethernet 1x400Gb QSFP112 1-port Multi-mode 50m NIC-side Flat-Top Transceiver	0	2428.00		NA		No				Active	03/02/2026	06/30/2029		ATTRIBUTE_CHANGED	2428.00	$0.00	0.00%	2026-09-09: $2428.00
Networking	PCIe Networking Adapters	HPE OCA > OCA Solution > Networking > PCIe Networking Adapters	Transceiver	max 8	0	8	These products are hidden due to Supply constraints	845970-B21	Standard	HPE QSFP28 to SFP28 Adapter	0	227.00		NA		No				Active	12/03/2018	11/30/2030		ATTRIBUTE_CHANGED	227.00	$0.00	0.00%	2026-09-09: $227.00
Drive Enclosures / Drives	Solid State Drives (NVMe/SAS/SATA)	HPE OCA > OCA Solution > Drive Enclosures / Drives > Solid State Drives (NVMe/SAS/SATA)	Boot Device	max 24	0	24	Selection constraint for Solid State Drives (NVMe/SAS/SATA): max 24	P78279-B21	Standard	HPE NS204i-u v2 480GB NVMe Hot Plug Boot Optimized Storage Device	0	9199.00		NA		No				Active	12/02/2024	04/30/2029		ATTRIBUTE_CHANGED	9199.00	$0.00	0.00%	2026-09-09: $9199.00
Drive Enclosures / Drives	Solid State Drives (NVMe/SAS/SATA)	HPE OCA > OCA Solution > Drive Enclosures / Drives > Solid State Drives (NVMe/SAS/SATA)	Cable Kit	max 24	0	24	Selection constraint for Solid State Drives (NVMe/SAS/SATA): max 24	P79031-B21	Standard	HPE ProLiant Compute DL580 Gen12 Front NS204i-u Boot Device Enablement Kit	0	154.00		NA		No				Active	06/02/2025	10/31/2028		ATTRIBUTE_CHANGED	154.00	$0.00	0.00%	2026-09-09: $154.00
Drive Enclosures / Drives	Solid State Drives (NVMe/SAS/SATA)	HPE OCA > OCA Solution > Drive Enclosures / Drives > Solid State Drives (NVMe/SAS/SATA)	Boot Device	max 24	0	24	Selection constraint for Solid State Drives (NVMe/SAS/SATA): max 24	P81162-B21	Standard	HPE NS204i-u v2 960GB NVMe SED Hot Plug Boot Optimized Storage Device	0	14299.00		NA		No				Active	07/07/2025	04/30/2029		ATTRIBUTE_CHANGED	14299.00	$0.00	0.00%	2026-09-09: $14299.00
Drive Enclosures / Drives	Solid State Drives (NVMe/SAS/SATA)	HPE OCA > OCA Solution > Drive Enclosures / Drives > Solid State Drives (NVMe/SAS/SATA)	Cable Kit	max 24	0	24	Selection constraint for Solid State Drives (NVMe/SAS/SATA): max 24	P80440-B21	Standard	HPE ProLiant Compute DL580 Gen12 Rear NS204i-u Boot Device Enablement Kit	0	0		NA		No				Active	06/02/2025	10/31/2028		ATTRIBUTE_CHANGED	N/A	$0.00	0.00%	2026-09-09: (no price)
Drive Enclosures / Drives	Solid State Drives (NVMe/SAS/SATA)	HPE OCA > OCA Solution > Drive Enclosures / Drives > Solid State Drives (NVMe/SAS/SATA)	Boot Device	max 24	0	24	Selection constraint for Solid State Drives (NVMe/SAS/SATA): max 24	P81160-B21	Standard	HPE NS204i-u v2 960GB NVMe Hot Plug Boot Optimized Storage Device	0	14299.00		NA		No				Active	07/07/2025	04/30/2029		ATTRIBUTE_CHANGED	14299.00	$0.00	0.00%	2026-09-09: $14299.00
Accessories & Infrastructure	System Options	HPE OCA > OCA Solution > Accessories & Infrastructure > System Options	Chassis Infrastructure	Optional	0	Optional	Selection constraint for System Options: optional	P80446-B21	Standard	HPE ProLiant Compute DL580 Gen12 System Insight Display Module Kit	0	167.00		NA		No				Active	06/02/2025	10/31/2028		ATTRIBUTE_CHANGED	167.00	$0.00	0.00%	2026-09-09: $167.00
Accessories & Infrastructure	Chassis Infrastructure & Rail Kits	HPE OCA > OCA Solution > Accessories & Infrastructure > Chassis Infrastructure & Rail Kits	Chassis Infrastructure	Optional	0	Optional	Selection constraint for Chassis Infrastructure & Rail Kits: optional	P74911-B21	Standard	HPE ProLiant Compute DL380a Gen12 4U Bezel Kit	0	146.00		NA		No				Active	11/04/2024	02/29/2028		ATTRIBUTE_CHANGED	146.00	$0.00	0.00%	2026-09-09: $146.00
Accessories & Infrastructure	System Options	HPE OCA > OCA Solution > Accessories & Infrastructure > System Options	Chassis Infrastructure	Optional	0	Optional	Selection constraint for System Options: optional	P73325-B21	Standard	HPE ProLiant Compute Localization FIO Kit	1	4.00		4.00		No				Active	02/24/2025	02/28/2028		ATTRIBUTE_CHANGED	4.00	$0.00	0.00%	2026-09-09: $4.00
Cables & Enablement Kits	Power Cords & Jumper Cables	HPE OCA > OCA Solution > Cables & Enablement Kits > Power Cords & Jumper Cables	Cable Kit		0		Power cord cannot be selected if HPE Remove Standard Power Cords(469774-409) is in the configuration.	469774-409	Standard	HPE Remove Standard Power Cords	0	1.00		NA		No				Active	12/17/2009	12/31/2030		ATTRIBUTE_CHANGED	1.00	$0.00	0.00%	2026-09-09: $1.00
Accessories & Infrastructure	Chassis Infrastructure & Rail Kits	HPE OCA > OCA Solution > Accessories & Infrastructure > Chassis Infrastructure & Rail Kits	Chassis Infrastructure	Optional	0	Optional	Selection constraint for Chassis Infrastructure & Rail Kits: optional	P28726-B21	Standard	HPE Apollo 4200 Gen10 Plus Cable Management Arm	0	175.00		NA		No				Active	06/07/2021	04/30/2027		ATTRIBUTE_CHANGED	175.00	$0.00	0.00%	2026-09-09: $175.00
Accessories & Infrastructure	Chassis Infrastructure & Rail Kits	HPE OCA > OCA Solution > Accessories & Infrastructure > Chassis Infrastructure & Rail Kits	Chassis Infrastructure	Optional	0	Optional	Selection constraint for Chassis Infrastructure & Rail Kits: optional	P69770-B21	Standard	HPE ProLiant Compute DL380a Gen12 Ball Bearing Rail Kit	1	950.00		950.00		No				Active	11/04/2024	02/29/2028		ATTRIBUTE_CHANGED	950.00	$0.00	0.00%	2026-09-09: $950.00
Power Supplies	Flex Slot Power Supplies	HPE OCA > OCA Solution > Power Supplies > Flex Slot Power Supplies	Power Supply	min 1, max 2	1	2	Selection constraint for Flex Slot Power Supplies: min 1, max 2	P67252-B21	Standard	HPE 2400W M-CRPS Titanium Hot Plug Power Supply Kit	1	2509.00		2,509.00		No				Active	11/04/2024	07/31/2028		ATTRIBUTE_CHANGED	2509.00	$0.00	0.00%	2026-09-09: $2509.00
Power Supplies	-48VDC Power Supplies & Cable Kits	HPE OCA > OCA Solution > Power Supplies > -48VDC Power Supplies & Cable Kits	Power Supply	min 1, max 2	1	2	Mixing of Power Supplies is not allowed.	P67244-B21	Standard	HPE 1500W M-CRPS Titanium Hot Plug Power Supply Kit	0	1485.00		NA		No				Active	11/04/2024	07/31/2028		ATTRIBUTE_CHANGED	1485.00	$0.00	0.00%	2026-09-09: $1485.00
Power Supplies	-48VDC Power Supplies & Cable Kits	HPE OCA > OCA Solution > Power Supplies > -48VDC Power Supplies & Cable Kits	Power Supply	min 1, max 2	1	2	Mixing of Power Supplies is not allowed.	P67248-B21	Standard	HPE 3200W M-CRPS Titanium Hot Plug Power Supply Kit	0	2723.00		NA		No				Active	02/24/2025	07/31/2028		ATTRIBUTE_CHANGED	2723.00	$0.00	0.00%	2026-09-09: $2723.00
Power Supplies	-48VDC Power Supplies & Cable Kits	HPE OCA > OCA Solution > Power Supplies > -48VDC Power Supplies & Cable Kits	Power Supply	min 1, max 2	1	2	Mixing of Power Supplies is not allowed.	P73210-B21	Standard	HPE 2200W M-CRPS -48VDC Hot Plug Power Supply Kit	0	2540.00		NA		No				Active	03/02/2026	12/31/2028		ATTRIBUTE_CHANGED	2540.00	$0.00	0.00%	2026-09-09: $2540.00
Power Supplies	-48VDC Power Supplies & Cable Kits	HPE OCA > OCA Solution > Power Supplies > -48VDC Power Supplies & Cable Kits	Discontinued Hardware	min 1, max 2	1	2	Mixing of Power Supplies is not allowed.	AF556A	Standard	[REMOVED SKU] HPE C13 - Nema 5-15P US/CA 110V 10Amp 1.83m Power Cord	0	55.00	-	0.00	-	No					03/26/2007	2026-09-09		REMOVED	55.00	-$55.00	-100.00%	2026-09-09: $55.00 (✕ REMOVED)
Power Supplies	-48VDC Power Supplies & Cable Kits	HPE OCA > OCA Solution > Power Supplies > -48VDC Power Supplies & Cable Kits	Discontinued Hardware	min 1, max 2	1	2	Mixing of Power Supplies is not allowed.	AF557A	Standard	[REMOVED SKU] HPE C13 - GB-1002 CN 250V 10Amp 1.83m Power Cord	0	156.00	-	0.00	-	No					05/29/2006	2026-09-09		REMOVED	156.00	-$156.00	-100.00%	2026-09-09: $156.00 (✕ REMOVED)
Power Supplies	-48VDC Power Supplies & Cable Kits	HPE OCA > OCA Solution > Power Supplies > -48VDC Power Supplies & Cable Kits	Discontinued Hardware	min 1, max 2	1	2	Mixing of Power Supplies is not allowed.	AF568A	Standard	[REMOVED SKU] HPE C13 - CEE-VII EU 250V 10Amp 1.83m Power Cord	0	71.00	-	0.00	-	No					11/13/2006	2026-09-09		REMOVED	71.00	-$71.00	-100.00%	2026-09-09: $71.00 (✕ REMOVED)
Power Supplies	-48VDC Power Supplies & Cable Kits	HPE OCA > OCA Solution > Power Supplies > -48VDC Power Supplies & Cable Kits	Discontinued Hardware	min 1, max 2	1	2	Mixing of Power Supplies is not allowed.	AF570A	Standard	[REMOVED SKU] HPE C13 - BS-1363A UK/HK/SG 250V 10Amp 1.83m Power Cord	0	55.00	-	0.00	-	No					04/06/2011	2026-09-09		REMOVED	55.00	-$55.00	-100.00%	2026-09-09: $55.00 (✕ REMOVED)
Power Supplies	-48VDC Power Supplies & Cable Kits	HPE OCA > OCA Solution > Power Supplies > -48VDC Power Supplies & Cable Kits	Discontinued Hardware	min 1, max 2	1	2	Mixing of Power Supplies is not allowed.	AF573A	Standard	[REMOVED SKU] HPE C13 - C14 WW 250V 10Amp Flint Gray 2.0m Jumper Cord	0	38.00	-	0.00	-	No					07/09/2007	2026-09-09		REMOVED	38.00	-$38.00	-100.00%	2026-09-09: $38.00 (✕ REMOVED)
Power Supplies	-48VDC Power Supplies & Cable Kits	HPE OCA > OCA Solution > Power Supplies > -48VDC Power Supplies & Cable Kits	Discontinued Hardware	min 1, max 2	1	2	Mixing of Power Supplies is not allowed.	P73874-B21	Standard	[REMOVED SKU] HPE Hardwire -48VDC 3.5m 2000-2200W Power Cord	0	660.00	-	0.00	-	No					03/02/2026	2026-09-09		REMOVED	660.00	-$660.00	-100.00%	2026-09-09: $660.00 (✕ REMOVED)
Power Supplies	-48VDC Power Supplies & Cable Kits	HPE OCA > OCA Solution > Power Supplies > -48VDC Power Supplies & Cable Kits	Discontinued Hardware	min 1, max 2	1	2	Mixing of Power Supplies is not allowed.	P78130-B21	Standard	[REMOVED SKU] HPE C13 - NEMA 5-15P 125V 10Amp 1.83m FIO Power Cord	0	10.00	-	0.00	-	No					02/03/2025	2026-09-09		REMOVED	10.00	-$10.00	-100.00%	2026-09-09: $10.00 (✕ REMOVED)
Power Supplies	-48VDC Power Supplies & Cable Kits	HPE OCA > OCA Solution > Power Supplies > -48VDC Power Supplies & Cable Kits	Discontinued Hardware	min 1, max 2	1	2	Mixing of Power Supplies is not allowed.	AF558A	Standard	[REMOVED SKU] HPE C13 - IRAM -2073 AR 250V 10A 2.5m Power Cord	0	65.00	-	0.00	-	No					05/29/2006	2026-09-09		REMOVED	65.00	-$65.00	-100.00%	2026-09-09: $65.00 (✕ REMOVED)
Power Supplies	-48VDC Power Supplies & Cable Kits	HPE OCA > OCA Solution > Power Supplies > -48VDC Power Supplies & Cable Kits	Discontinued Hardware	min 1, max 2	1	2	Mixing of Power Supplies is not allowed.	AF559A	Standard	[REMOVED SKU] HPE C13 - Nema 5-15P TH/PH 250V 10Amp 1.83m Power Cord	0	55.00	-	0.00	-	No					05/29/2006	2026-09-09		REMOVED	55.00	-$55.00	-100.00%	2026-09-09: $55.00 (✕ REMOVED)
Power Supplies	-48VDC Power Supplies & Cable Kits	HPE OCA > OCA Solution > Power Supplies > -48VDC Power Supplies & Cable Kits	Discontinued Hardware	min 1, max 2	1	2	Mixing of Power Supplies is not allowed.	AF560A	Standard	[REMOVED SKU] HPE C13 - KSC- 8305 KR 250V 10Amp 1.83m Power Cord	0	55.00	-	0.00	-	No					05/29/2006	2026-09-09		REMOVED	55.00	-$55.00	-100.00%	2026-09-09: $55.00 (✕ REMOVED)
Power Supplies	-48VDC Power Supplies & Cable Kits	HPE OCA > OCA Solution > Power Supplies > -48VDC Power Supplies & Cable Kits	Discontinued Hardware	min 1, max 2	1	2	Mixing of Power Supplies is not allowed.	AF561A	Standard	[REMOVED SKU] HPE C13 - CNS-690 TW 110V 13Amp 1.83m Power Cord	0	55.00	-	0.00	-	No					05/29/2006	2026-09-09		REMOVED	55.00	-$55.00	-100.00%	2026-09-09: $55.00 (✕ REMOVED)
Power Supplies	-48VDC Power Supplies & Cable Kits	HPE OCA > OCA Solution > Power Supplies > -48VDC Power Supplies & Cable Kits	Discontinued Hardware	min 1, max 2	1	2	Mixing of Power Supplies is not allowed.	AF562A	Standard	[REMOVED SKU] HPE C13 - IS-1293 IN 240V 6Amp LV 2.0m Power Cord	0	194.00	-	0.00	-	No					05/29/2006	2026-09-09		REMOVED	194.00	-$194.00	-100.00%	2026-09-09: $194.00 (✕ REMOVED)
Power Supplies	-48VDC Power Supplies & Cable Kits	HPE OCA > OCA Solution > Power Supplies > -48VDC Power Supplies & Cable Kits	Discontinued Hardware	min 1, max 2	1	2	Mixing of Power Supplies is not allowed.	AF564A	Standard	[REMOVED SKU] HPE C13 - SI-32 IL 250V 10Amp 1.83m Power Cord	0	55.00	-	0.00	-	No					12/15/2006	2026-09-09		REMOVED	55.00	-$55.00	-100.00%	2026-09-09: $55.00 (✕ REMOVED)
Power Supplies	-48VDC Power Supplies & Cable Kits	HPE OCA > OCA Solution > Power Supplies > -48VDC Power Supplies & Cable Kits	Discontinued Hardware	min 1, max 2	1	2	Mixing of Power Supplies is not allowed.	AF565A	Standard	[REMOVED SKU] HPE C13 - SEV 1011 CH 250V 10Amp 1.83m Power Cord	0	55.00	-	0.00	-	No					12/15/2006	2026-09-09		REMOVED	55.00	-$55.00	-100.00%	2026-09-09: $55.00 (✕ REMOVED)
Power Supplies	-48VDC Power Supplies & Cable Kits	HPE OCA > OCA Solution > Power Supplies > -48VDC Power Supplies & Cable Kits	Discontinued Hardware	min 1, max 2	1	2	Mixing of Power Supplies is not allowed.	AF566A	Standard	[REMOVED SKU] HPE C13 - DK-2.5A DK 250V 10Amp 1.83m Power Cord	0	55.00	-	0.00	-	No					11/13/2006	2026-09-09		REMOVED	55.00	-$55.00	-100.00%	2026-09-09: $55.00 (✕ REMOVED)
Power Supplies	-48VDC Power Supplies & Cable Kits	HPE OCA > OCA Solution > Power Supplies > -48VDC Power Supplies & Cable Kits	Discontinued Hardware	min 1, max 2	1	2	Mixing of Power Supplies is not allowed.	AF567A	Standard	[REMOVED SKU] HPE C13 - SABS-164 ZA 250V 10Amp 2.5m Power Cord	0	65.00	-	0.00	-	No					11/13/2006	2026-09-09		REMOVED	65.00	-$65.00	-100.00%	2026-09-09: $65.00 (✕ REMOVED)
Power Supplies	-48VDC Power Supplies & Cable Kits	HPE OCA > OCA Solution > Power Supplies > -48VDC Power Supplies & Cable Kits	Discontinued Hardware	min 1, max 2	1	2	Mixing of Power Supplies is not allowed.	AF569A	Standard	[REMOVED SKU] HPE C13 - AS3112-3 AU 250V 10Amp 2.5m Power Cord	0	65.00	-	0.00	-	No					11/13/2006	2026-09-09		REMOVED	65.00	-$65.00	-100.00%	2026-09-09: $65.00 (✕ REMOVED)
Power Supplies	-48VDC Power Supplies & Cable Kits	HPE OCA > OCA Solution > Power Supplies > -48VDC Power Supplies & Cable Kits	Discontinued Hardware	min 1, max 2	1	2	Mixing of Power Supplies is not allowed.	AF572A	Standard	[REMOVED SKU] HPE C13 - JIS C8303 JP 100V 12Amp 2.0m Power Cord	0	60.00	-	0.00	-	No					04/06/2011	2026-09-09		REMOVED	60.00	-$60.00	-100.00%	2026-09-09: $60.00 (✕ REMOVED)
Power Supplies	-48VDC Power Supplies & Cable Kits	HPE OCA > OCA Solution > Power Supplies > -48VDC Power Supplies & Cable Kits	Discontinued Hardware	min 1, max 2	1	2	Mixing of Power Supplies is not allowed.	AF591A	Standard	[REMOVED SKU] HPE C13 - NBR-14136 BR 250V 10Amp 1.83m Power Cord	0	49.00	-	0.00	-	No					07/14/2008	2026-09-09		REMOVED	49.00	-$49.00	-100.00%	2026-09-09: $49.00 (✕ REMOVED)
Power Supplies	-48VDC Power Supplies & Cable Kits	HPE OCA > OCA Solution > Power Supplies > -48VDC Power Supplies & Cable Kits	Discontinued Hardware	min 1, max 2	1	2	Mixing of Power Supplies is not allowed.	P78131-B21	Standard	[REMOVED SKU] HPE C13 - GB1002 250V 10Amp 1.83m FIO Power Cord	0	10.00	-	0.00	-	No					02/03/2025	2026-09-09		REMOVED	10.00	-$10.00	-100.00%	2026-09-09: $10.00 (✕ REMOVED)
Power Supplies	-48VDC Power Supplies & Cable Kits	HPE OCA > OCA Solution > Power Supplies > -48VDC Power Supplies & Cable Kits	Discontinued Hardware	min 1, max 2	1	2	Mixing of Power Supplies is not allowed.	P78144-B21	Standard	[REMOVED SKU] HPE C13 - JIS C8303 100V 12Amp 2m FIO Power Cord	0	46.00	-	0.00	-	No					02/03/2025	2026-09-09		REMOVED	46.00	-$46.00	-100.00%	2026-09-09: $46.00 (✕ REMOVED)
Power Supplies	-48VDC Power Supplies & Cable Kits	HPE OCA > OCA Solution > Power Supplies > -48VDC Power Supplies & Cable Kits	Discontinued Hardware	min 1, max 2	1	2	Mixing of Power Supplies is not allowed.	P78145-B21	Standard	[REMOVED SKU] HPE C13 - C14 250V 10Amp 2m FIO Power Cord	0	11.00	-	0.00	-	No					02/03/2025	2026-09-09		REMOVED	11.00	-$11.00	-100.00%	2026-09-09: $11.00 (✕ REMOVED)
Power Supplies	-48VDC Power Supplies & Cable Kits	HPE OCA > OCA Solution > Power Supplies > -48VDC Power Supplies & Cable Kits	Discontinued Hardware	min 1, max 2	1	2	Mixing of Power Supplies is not allowed.	P78147-B21	Standard	[REMOVED SKU] HPE C13 - C14 250V 10Amp 2m IN FIO Power Cord	0	77.00	-	0.00	-	No					02/03/2025	2026-09-09		REMOVED	77.00	-$77.00	-100.00%	2026-09-09: $77.00 (✕ REMOVED)
Power Supplies	-48VDC Power Supplies & Cable Kits	HPE OCA > OCA Solution > Power Supplies > -48VDC Power Supplies & Cable Kits	Discontinued Hardware	min 1, max 2	1	2	Mixing of Power Supplies is not allowed.	P78156-B21	Standard	[REMOVED SKU] HPE C13 - C14 250V 10Amp 3m FIO Power Cord	0	14.00	-	0.00	-	No					02/03/2025	2026-09-09		REMOVED	14.00	-$14.00	-100.00%	2026-09-09: $14.00 (✕ REMOVED)
Power Supplies	-48VDC Power Supplies & Cable Kits	HPE OCA > OCA Solution > Power Supplies > -48VDC Power Supplies & Cable Kits	Discontinued Hardware	min 1, max 2	1	2	Mixing of Power Supplies is not allowed.	P78940-B21	Standard	[REMOVED SKU] HPE C13 - C14 250V 10Amp 3m IN FIO Power Cord	0	130.00	-	0.00	-	No					02/03/2025	2026-09-09		REMOVED	130.00	-$130.00	-100.00%	2026-09-09: $130.00 (✕ REMOVED)
Power Supplies	-48VDC Power Supplies & Cable Kits	HPE OCA > OCA Solution > Power Supplies > -48VDC Power Supplies & Cable Kits	Discontinued Hardware	min 1, max 2	1	2	Mixing of Power Supplies is not allowed.	P78941-B21	Standard	[REMOVED SKU] HPE C13 - C14 250V 10Amp 0.7m IN FIO Power Cord	0	110.00	-	0.00	-	No					02/03/2025	2026-09-09		REMOVED	110.00	-$110.00	-100.00%	2026-09-09: $110.00 (✕ REMOVED)
Power Supplies	-48VDC Power Supplies & Cable Kits	HPE OCA > OCA Solution > Power Supplies > -48VDC Power Supplies & Cable Kits	Discontinued Hardware	min 1, max 2	1	2	Mixing of Power Supplies is not allowed.	R1C65A	Standard	[REMOVED SKU] HPE C13-C14 IN 250V 10Amp 2m Black Jumper Cord	0	119.00	-	0.00	-	No					12/03/2018	2026-09-09		REMOVED	119.00	-$119.00	-100.00%	2026-09-09: $119.00 (✕ REMOVED)
Power Supplies	-48VDC Power Supplies & Cable Kits	HPE OCA > OCA Solution > Power Supplies > -48VDC Power Supplies & Cable Kits	Cable Kit	min 1, max 2	1	2	Selection constraint for -48VDC Power Supplies & Cable Kits: min 1, max 2	P79839-B21	Standard	HPE 2000-2200W -48VDC Power Lug Kit	0	175.00		NA		No				Active	03/02/2026	12/31/2028		ATTRIBUTE_CHANGED	175.00	$0.00	0.00%	2026-09-09: $175.00
Cables & Enablement Kits	Power Cords & Jumper Cables	HPE OCA > OCA Solution > Cables & Enablement Kits > Power Cords & Jumper Cables	Cable Kit		0			P78384-B21	Standard	HPE C19 - C20 250V 16Amp 2.5m FIO Power Cord	1	20.00		20.00		No				Active	02/03/2025	07/31/2028		ATTRIBUTE_CHANGED	20.00	$0.00	0.00%	2026-09-09: $20.00
Cables & Enablement Kits	Power Cords & Jumper Cables	HPE OCA > OCA Solution > Cables & Enablement Kits > Power Cords & Jumper Cables	Cable Kit		0		Mixing of Power cords is not allowed	P78148-B21	Standard	HPE C19 - NEMA L6-20P 250V 20Amp 3.6m FIO Power Cord	0	135.00		NA		No				Active	02/03/2025	07/31/2028		ATTRIBUTE_CHANGED	135.00	$0.00	0.00%	2026-09-09: $135.00
Cables & Enablement Kits	Power Cords & Jumper Cables	HPE OCA > OCA Solution > Cables & Enablement Kits > Power Cords & Jumper Cables	Cable Kit		0		Mixing of Power cords is not allowed	P78155-B21	Standard	HPE C19 - C20 250V 16Amp 2.5m IN FIO Power Cord	0	114.00		NA		No				Active	02/03/2025	07/31/2028		ATTRIBUTE_CHANGED	114.00	$0.00	0.00%	2026-09-09: $114.00
Cables & Enablement Kits	Power Cords & Jumper Cables	HPE OCA > OCA Solution > Cables & Enablement Kits > Power Cords & Jumper Cables	Cable Kit		0		Mixing of Power cords is not allowed	P78164-B21	Standard	HPE C19 - JIS C8303 110V 15Amp 3.6m FIO Power Cord	0	174.00		NA		No				Active	02/03/2025	07/31/2028		ATTRIBUTE_CHANGED	174.00	$0.00	0.00%	2026-09-09: $174.00
Cables & Enablement Kits	Power Cords & Jumper Cables	HPE OCA > OCA Solution > Cables & Enablement Kits > Power Cords & Jumper Cables	Cable Kit		0		Mixing of Power cords is not allowed	P78157-B21	Standard	HPE C19 - GB1002 250V 16Amp 2.5m FIO Power Cord	0	72.00		NA		No				Active	02/03/2025	07/31/2028		ATTRIBUTE_CHANGED	72.00	$0.00	0.00%	2026-09-09: $72.00
Cables & Enablement Kits	Power Cords & Jumper Cables	HPE OCA > OCA Solution > Cables & Enablement Kits > Power Cords & Jumper Cables	Cable Kit		0		BTO products are not allowed in CTO Base Model.	A0K02A	Standard	HPE C13 - C14 WW 250V 10Amp 2.0m Jumper Cord	0	34.00		NA		No				Active	08/30/2011	09/30/2031		ATTRIBUTE_CHANGED	34.00	$0.00	0.00%	2026-09-09: $34.00
Cables & Enablement Kits	Power Cords & Jumper Cables	HPE OCA > OCA Solution > Cables & Enablement Kits > Power Cords & Jumper Cables	Cable Kit		0		BTO products are not allowed in CTO Base Model.	A0N33A	Standard	HPE C13-NEMA 6-15P 10A/250V 3.6m Black Power Cord	0	78.00		NA		No				Active	08/30/2011	09/30/2031		ATTRIBUTE_CHANGED	78.00	$0.00	0.00%	2026-09-09: $78.00
Networking	OCP3 Networking Adapters	HPE OCA > OCA Solution > Networking > OCP3 Networking Adapters	Network Adapter	max 8	0	8	Selection constraint for OCP3 Networking Adapters: max 8	P28727-B21	Standard	HPE OCP Thermal Enhancement Kit	0	199.00		NA		No				Active	06/07/2021	04/30/2028		ATTRIBUTE_CHANGED	199.00	$0.00	0.00%	2026-09-09: $199.00
Networking	OCP3 Networking Adapters	HPE OCA > OCA Solution > Networking > OCP3 Networking Adapters	Network Adapter	max 8	0	8	Selection constraint for OCP3 Networking Adapters: max 8	P62042-B21	Standard	HPE ProLiant DL3XX Gen11 Direct Liquid Cooling 55cm Quick Disconnect Tube Set FIO Kit	0	1213.00		NA		No				Active	04/03/2023	06/30/2029		ATTRIBUTE_CHANGED	1213.00	$0.00	0.00%	2026-09-09: $1213.00
Software & Licenses	Server Management & Operating System Licenses	HPE OCA > OCA Solution > Software & Licenses > Server Management & Operating System Licenses	Operating System / License	Unlimited	0	Unlimited	Selection constraint for Server Management & Operating System Licenses: no max	Q5T84A	Standard	SUSE Linux Enterprise High Availability Extension 1-2 Sockets 1yr Subscription Flexible LTU	0	752.00		NA		No				Active	06/05/2017	09/30/2027		ATTRIBUTE_CHANGED	752.00	$0.00	0.00%	2026-09-09: $752.00
Software & Licenses	Server Management & Operating System Licenses	HPE OCA > OCA Solution > Software & Licenses > Server Management & Operating System Licenses	Operating System / License	Unlimited	0	Unlimited	Selection constraint for Server Management & Operating System Licenses: no max	Q5T85A	Standard	SUSE Linux Enterprise High Availability Extension 1-2 Sockets 5yr Subscription Flexible LTU	0	3390.00		NA		No				Active	06/05/2017	09/30/2027		ATTRIBUTE_CHANGED	3390.00	$0.00	0.00%	2026-09-09: $3390.00
Software & Licenses	Server Management & Operating System Licenses	HPE OCA > OCA Solution > Software & Licenses > Server Management & Operating System Licenses	Service & Support	Unlimited	0	Unlimited	Selection constraint for Server Management & Operating System Licenses: no max	512485-B21	Standard	HPE iLO Advanced 1-server License with 1yr Support on iLO Licensed Features	0	399.00		NA		No				Active	11/18/2008	01/25/2036		ATTRIBUTE_CHANGED	399.00	$0.00	0.00%	2026-09-09: $399.00
Software & Licenses	Server Management & Operating System Licenses	HPE OCA > OCA Solution > Software & Licenses > Server Management & Operating System Licenses	Service & Support	Unlimited	0	Unlimited	Selection constraint for Server Management & Operating System Licenses: no max	BD505A	Standard	HPE iLO Advanced 1-server License with 3yr Support on iLO Licensed Features	1	469.00		469.00		No				Active	03/26/2012	01/25/2036		ATTRIBUTE_CHANGED	469.00	$0.00	0.00%	2026-09-09: $469.00
Software & Licenses	Server Management & Operating System Licenses	HPE OCA > OCA Solution > Software & Licenses > Server Management & Operating System Licenses	Service & Support	Unlimited	0	Unlimited	Selection constraint for Server Management & Operating System Licenses: no max	512487-B21	Standard	HPE iLO Advanced AKA Tracking License with 1yr Support on iLO Licensed Features	0	399.00		NA		No				Active	03/04/2015	01/25/2036		ATTRIBUTE_CHANGED	399.00	$0.00	0.00%	2026-09-09: $399.00
Software & Licenses	Server Management & Operating System Licenses	HPE OCA > OCA Solution > Software & Licenses > Server Management & Operating System Licenses	Service & Support	Unlimited	0	Unlimited	Selection constraint for Server Management & Operating System Licenses: no max	BD507A	Standard	HPE iLO Advanced AKA Tracking License with 3yr Support on iLO Licensed Features	0	469.00		NA		No				Active	03/26/2012	01/25/2036		ATTRIBUTE_CHANGED	469.00	$0.00	0.00%	2026-09-09: $469.00
Software & Licenses	Server Management & Operating System Licenses	HPE OCA > OCA Solution > Software & Licenses > Server Management & Operating System Licenses	Service & Support	Unlimited	0	Unlimited	Selection constraint for Server Management & Operating System Licenses: no max	E6U59ABE	Standard	HPE iLO Advanced Electronic License with 1yr Support on iLO Licensed Features	0	399.00		NA		No				Active	09/10/2013	01/25/2036		ATTRIBUTE_CHANGED	399.00	$0.00	0.00%	2026-09-09: $399.00
Software & Licenses	Server Management & Operating System Licenses	HPE OCA > OCA Solution > Software & Licenses > Server Management & Operating System Licenses	Service & Support	Unlimited	0	Unlimited	Selection constraint for Server Management & Operating System Licenses: no max	E6U64ABE	Standard	HPE iLO Advanced Electronic License with 3yr Support on iLO Licensed Features	0	467.00		NA		No				Active	09/10/2013	01/25/2036		ATTRIBUTE_CHANGED	467.00	$0.00	0.00%	2026-09-09: $467.00
Software & Licenses	Server Management & Operating System Licenses	HPE OCA > OCA Solution > Software & Licenses > Server Management & Operating System Licenses	Service & Support	Unlimited	0	Unlimited	Selection constraint for Server Management & Operating System Licenses: no max	512486-B21	Standard	HPE iLO Advanced Flexible Quantity License with 1yr Support on iLO Licensed Features	0	399.00		NA		No				Obsolete (OB)	11/18/2008	10/01/2024		ATTRIBUTE_CHANGED	399.00	$0.00	0.00%	2026-09-09: $399.00
Software & Licenses	Server Management & Operating System Licenses	HPE OCA > OCA Solution > Software & Licenses > Server Management & Operating System Licenses	Service & Support	Unlimited	0	Unlimited	Selection constraint for Server Management & Operating System Licenses: no max	BD506A	Standard	HPE iLO Advanced Flexible Quantity License with 3yr Support on iLO Licensed Features	0	469.00		NA		No				Obsolete (OB)	03/26/2012	10/01/2024		ATTRIBUTE_CHANGED	469.00	$0.00	0.00%	2026-09-09: $469.00
Software & Licenses	Server Management & Operating System Licenses	HPE OCA > OCA Solution > Software & Licenses > Server Management & Operating System Licenses	Operating System / License	Unlimited	0	Unlimited	Selection constraint for Server Management & Operating System Licenses: no max	P46191-AA1	Standard	Microsoft Windows Server 2022 1 User CAL Chinese Simplified LTU	0	99999.00		NA		No				Obsolete (OB)	11/01/2021	05/31/2025		ATTRIBUTE_CHANGED	99999.00	$0.00	0.00%	2026-09-09: $99999.00
Software & Licenses	Server Management & Operating System Licenses	HPE OCA > OCA Solution > Software & Licenses > Server Management & Operating System Licenses	Operating System / License	Unlimited	0	Unlimited	Selection constraint for Server Management & Operating System Licenses: no max	P46191-B21	Standard	Microsoft Windows Server 2022 1 User CAL en/cs/de/es/fr/it/nl/pl/pt/ru/sv/ko/ja/xc LTU	0	55.00		NA		No				Obsolete (OB)	11/01/2021	05/31/2025		ATTRIBUTE_CHANGED	55.00	$0.00	0.00%	2026-09-09: $55.00
Software & Licenses	Server Management & Operating System Licenses	HPE OCA > OCA Solution > Software & Licenses > Server Management & Operating System Licenses	Operating System / License	Unlimited	0	Unlimited	Selection constraint for Server Management & Operating System Licenses: no max	P46194-B21	Standard	Microsoft Windows Server 2022 1 Device CAL en/cs/de/es/fr/it/nl/pl/pt/ru/sv/ko/ja/xc LTU	0	44.00		NA		No				Obsolete (OB)	11/01/2021	05/31/2025		ATTRIBUTE_CHANGED	44.00	$0.00	0.00%	2026-09-09: $44.00
Software & Licenses	Server Management & Operating System Licenses	HPE OCA > OCA Solution > Software & Licenses > Server Management & Operating System Licenses	Operating System / License	Unlimited	0	Unlimited	Selection constraint for Server Management & Operating System Licenses: no max	P46215-AA1	Standard	Microsoft Windows Server 2022 5 Users CAL Chinese Simplified LTU	0	99999.00		NA		No				Obsolete (OB)	11/01/2021	05/31/2025		ATTRIBUTE_CHANGED	99999.00	$0.00	0.00%	2026-09-09: $99999.00
Software & Licenses	Server Management & Operating System Licenses	HPE OCA > OCA Solution > Software & Licenses > Server Management & Operating System Licenses	Operating System / License	Unlimited	0	Unlimited	Selection constraint for Server Management & Operating System Licenses: no max	P46215-AB1	Standard	Microsoft Windows Server 2022 5 Users CAL Chinese Traditional LTU	0	99999.00		NA		No				Obsolete (OB)	11/01/2021	05/31/2025		ATTRIBUTE_CHANGED	99999.00	$0.00	0.00%	2026-09-09: $99999.00
Software & Licenses	Server Management & Operating System Licenses	HPE OCA > OCA Solution > Software & Licenses > Server Management & Operating System Licenses	Operating System / License	Unlimited	0	Unlimited	Selection constraint for Server Management & Operating System Licenses: no max	P46215-B21	Standard	Microsoft Windows Server 2022 5 Users CAL en/cs/de/es/fr/it/nl/pl/pt/ru/sv/ko/ja/xc LTU	0	271.00		NA		No				Obsolete (OB)	11/01/2021	05/31/2025		ATTRIBUTE_CHANGED	271.00	$0.00	0.00%	2026-09-09: $271.00
Software & Licenses	Server Management & Operating System Licenses	HPE OCA > OCA Solution > Software & Licenses > Server Management & Operating System Licenses	Operating System / License	Unlimited	0	Unlimited	Selection constraint for Server Management & Operating System Licenses: no max	P46216-B21	Standard	Microsoft Windows Server 2022 5 Devices CAL en/cs/de/es/fr/it/nl/pl/pt/ru/sv/ko/ja/xc LTU	0	216.00		NA		No				Obsolete (OB)	11/01/2021	05/31/2025		ATTRIBUTE_CHANGED	216.00	$0.00	0.00%	2026-09-09: $216.00
Software & Licenses	Server Management & Operating System Licenses	HPE OCA > OCA Solution > Software & Licenses > Server Management & Operating System Licenses	Operating System / License	Unlimited	0	Unlimited	Selection constraint for Server Management & Operating System Licenses: no max	P46217-B21	Standard	Microsoft Windows Server 2022 10 Users CAL en/cs/de/es/fr/it/nl/pl/pt/ru/sv/ko/ja/xc LTU	0	539.00		NA		No				Obsolete (OB)	11/01/2021	05/31/2025		ATTRIBUTE_CHANGED	539.00	$0.00	0.00%	2026-09-09: $539.00
Software & Licenses	Server Management & Operating System Licenses	HPE OCA > OCA Solution > Software & Licenses > Server Management & Operating System Licenses	Operating System / License	Unlimited	0	Unlimited	Selection constraint for Server Management & Operating System Licenses: no max	P46218-B21	Standard	Microsoft Windows Server 2022 10 Devices CAL en/cs/de/es/fr/it/nl/pl/pt/ru/sv/ko/ja/xc LTU	0	429.00		NA		No				Obsolete (OB)	11/01/2021	05/31/2025		ATTRIBUTE_CHANGED	429.00	$0.00	0.00%	2026-09-09: $429.00
Software & Licenses	Server Management & Operating System Licenses	HPE OCA > OCA Solution > Software & Licenses > Server Management & Operating System Licenses	Operating System / License	Unlimited	0	Unlimited	Selection constraint for Server Management & Operating System Licenses: no max	P46219-B21	Standard	Microsoft Windows Server 2022 50 Users CAL en/cs/de/es/fr/it/nl/pl/pt/ru/sv/ko/ja/xc LTU	0	2695.00		NA		No				Obsolete (OB)	11/01/2021	05/31/2025		ATTRIBUTE_CHANGED	2695.00	$0.00	0.00%	2026-09-09: $2695.00
Software & Licenses	Server Management & Operating System Licenses	HPE OCA > OCA Solution > Software & Licenses > Server Management & Operating System Licenses	Operating System / License	Unlimited	0	Unlimited	Selection constraint for Server Management & Operating System Licenses: no max	P46220-B21	Standard	Microsoft Windows Server 2022 50 Devices CAL en/cs/de/es/fr/it/nl/pl/pt/ru/sv/ko/ja/xc LTU	0	2145.00		NA		No				Obsolete (OB)	11/01/2021	05/31/2025		ATTRIBUTE_CHANGED	2145.00	$0.00	0.00%	2026-09-09: $2145.00
Software & Licenses	Server Management & Operating System Licenses	HPE OCA > OCA Solution > Software & Licenses > Server Management & Operating System Licenses	Operating System / License	Unlimited	0	Unlimited	Selection constraint for Server Management & Operating System Licenses: no max	P46221-B21	Standard	Microsoft Windows Server 2022 RDS 5 Users CAL en/cs/de/es/fr/it/nl/pl/pt/ru/sv/ko/ja/xc LTU	0	935.00		NA		No				Obsolete (OB)	11/01/2021	05/31/2025		ATTRIBUTE_CHANGED	935.00	$0.00	0.00%	2026-09-09: $935.00
Software & Licenses	Server Management & Operating System Licenses	HPE OCA > OCA Solution > Software & Licenses > Server Management & Operating System Licenses	Operating System / License	Unlimited	0	Unlimited	Selection constraint for Server Management & Operating System Licenses: no max	P46222-B21	Standard	Microsoft Windows Server 2022 RDS 5 Devices CAL en/cs/de/es/fr/it/nl/pl/pt/ru/sv/ko/ja/xc LTU	0	880.00		NA		No				Obsolete (OB)	11/01/2021	05/31/2025		ATTRIBUTE_CHANGED	880.00	$0.00	0.00%	2026-09-09: $880.00
Software & Licenses	Server Management & Operating System Licenses	HPE OCA > OCA Solution > Software & Licenses > Server Management & Operating System Licenses	Operating System / License	Unlimited	0	Unlimited	Selection constraint for Server Management & Operating System Licenses: no max	P77110-AA1	Standard	Microsoft Windows Server 2025 1 User CAL Chinese Simplified LTU	0	0		NA		No				Active	12/02/2024	11/30/2027		ATTRIBUTE_CHANGED	N/A	$0.00	0.00%	2026-09-09: (no price)
Software & Licenses	Server Management & Operating System Licenses	HPE OCA > OCA Solution > Software & Licenses > Server Management & Operating System Licenses	Operating System / License	Unlimited	0	Unlimited	Selection constraint for Server Management & Operating System Licenses: no max	P77110-B21	Standard	Microsoft Windows Server 2025 1 User CAL WW LTU	0	72.00		NA		No				Active	12/02/2024	11/30/2027		ATTRIBUTE_CHANGED	72.00	$0.00	0.00%	2026-09-09: $72.00
Software & Licenses	Server Management & Operating System Licenses	HPE OCA > OCA Solution > Software & Licenses > Server Management & Operating System Licenses	Operating System / License	Unlimited	0	Unlimited	Selection constraint for Server Management & Operating System Licenses: no max	P77111-B21	Standard	Microsoft Windows Server 2025 1 Device CAL WW LTU	0	52.00		NA		No				Active	12/02/2024	11/30/2027		ATTRIBUTE_CHANGED	52.00	$0.00	0.00%	2026-09-09: $52.00
Software & Licenses	Server Management & Operating System Licenses	HPE OCA > OCA Solution > Software & Licenses > Server Management & Operating System Licenses	Operating System / License	Unlimited	0	Unlimited	Selection constraint for Server Management & Operating System Licenses: no max	P77112-AA1	Standard	Microsoft Windows Server 2025 5 Users CAL Chinese Simplified LTU	0	0		NA		No				Active	12/02/2024	11/30/2027		ATTRIBUTE_CHANGED	N/A	$0.00	0.00%	2026-09-09: (no price)
Software & Licenses	Server Management & Operating System Licenses	HPE OCA > OCA Solution > Software & Licenses > Server Management & Operating System Licenses	Operating System / License	Unlimited	0	Unlimited	Selection constraint for Server Management & Operating System Licenses: no max	P77112-AB1	Standard	Microsoft Windows Server 2025 5 Users CAL Chinese Traditional LTU	0	0		NA		No				Active	12/02/2024	11/30/2027		ATTRIBUTE_CHANGED	N/A	$0.00	0.00%	2026-09-09: (no price)
Software & Licenses	Server Management & Operating System Licenses	HPE OCA > OCA Solution > Software & Licenses > Server Management & Operating System Licenses	Operating System / License	Unlimited	0	Unlimited	Selection constraint for Server Management & Operating System Licenses: no max	P77112-B21	Standard	Microsoft Windows Server 2025 5 Users CAL WW LTU	0	322.00		NA		No				Active	12/02/2024	11/30/2027		ATTRIBUTE_CHANGED	322.00	$0.00	0.00%	2026-09-09: $322.00
Software & Licenses	Server Management & Operating System Licenses	HPE OCA > OCA Solution > Software & Licenses > Server Management & Operating System Licenses	Operating System / License	Unlimited	0	Unlimited	Selection constraint for Server Management & Operating System Licenses: no max	P77113-B21	Standard	Microsoft Windows Server 2025 5 Devices CAL WW LTU	0	226.00		NA		No				Active	12/02/2024	11/30/2027		ATTRIBUTE_CHANGED	226.00	$0.00	0.00%	2026-09-09: $226.00
Software & Licenses	Server Management & Operating System Licenses	HPE OCA > OCA Solution > Software & Licenses > Server Management & Operating System Licenses	Operating System / License	Unlimited	0	Unlimited	Selection constraint for Server Management & Operating System Licenses: no max	P77114-B21	Standard	Microsoft Windows Server 2025 10 Users CAL WW LTU	0	636.00		NA		No				Active	12/02/2024	11/30/2027		ATTRIBUTE_CHANGED	636.00	$0.00	0.00%	2026-09-09: $636.00
Software & Licenses	Server Management & Operating System Licenses	HPE OCA > OCA Solution > Software & Licenses > Server Management & Operating System Licenses	Operating System / License	Unlimited	0	Unlimited	Selection constraint for Server Management & Operating System Licenses: no max	P77115-B21	Standard	Microsoft Windows Server 2025 10 Devices CAL WW LTU	0	444.00		NA		No				Active	12/02/2024	11/30/2027		ATTRIBUTE_CHANGED	444.00	$0.00	0.00%	2026-09-09: $444.00
Software & Licenses	Server Management & Operating System Licenses	HPE OCA > OCA Solution > Software & Licenses > Server Management & Operating System Licenses	Operating System / License	Unlimited	0	Unlimited	Selection constraint for Server Management & Operating System Licenses: no max	P77116-B21	Standard	Microsoft Windows Server 2025 50 Users CAL WW LTU	0	3143.00		NA		No				Active	12/02/2024	11/30/2027		ATTRIBUTE_CHANGED	3143.00	$0.00	0.00%	2026-09-09: $3143.00
Software & Licenses	Server Management & Operating System Licenses	HPE OCA > OCA Solution > Software & Licenses > Server Management & Operating System Licenses	Operating System / License	Unlimited	0	Unlimited	Selection constraint for Server Management & Operating System Licenses: no max	P77117-B21	Standard	Microsoft Windows Server 2025 50 Devices CAL WW LTU	0	2184.00		NA		No				Active	12/02/2024	11/30/2027		ATTRIBUTE_CHANGED	2184.00	$0.00	0.00%	2026-09-09: $2184.00
Software & Licenses	Server Management & Operating System Licenses	HPE OCA > OCA Solution > Software & Licenses > Server Management & Operating System Licenses	Service & Support	Unlimited	0	Unlimited	Selection constraint for Server Management & Operating System Licenses: no max	P77118-B21	Standard	Microsoft Windows Server 2025 Remote Desktop Service 1 User CAL WW LTU	0	280.00		NA		No				Active	12/02/2024	11/30/2027		ATTRIBUTE_CHANGED	280.00	$0.00	0.00%	2026-09-09: $280.00
Software & Licenses	Server Management & Operating System Licenses	HPE OCA > OCA Solution > Software & Licenses > Server Management & Operating System Licenses	Service & Support	Unlimited	0	Unlimited	Selection constraint for Server Management & Operating System Licenses: no max	P77119-B21	Standard	Microsoft Windows Server 2025 Remote Desktop Service 1 Device CAL WW LTU	0	201.00		NA		No				Active	12/02/2024	11/30/2027		ATTRIBUTE_CHANGED	201.00	$0.00	0.00%	2026-09-09: $201.00
Software & Licenses	Server Management & Operating System Licenses	HPE OCA > OCA Solution > Software & Licenses > Server Management & Operating System Licenses	Service & Support	Unlimited	0	Unlimited	Selection constraint for Server Management & Operating System Licenses: no max	P77120-B21	Standard	Microsoft Windows Server 2025 Remote Desktop Service 5 Users CAL WW LTU	0	1364.00		NA		No				Active	12/02/2024	11/30/2027		ATTRIBUTE_CHANGED	1364.00	$0.00	0.00%	2026-09-09: $1364.00
Software & Licenses	Server Management & Operating System Licenses	HPE OCA > OCA Solution > Software & Licenses > Server Management & Operating System Licenses	Service & Support	Unlimited	0	Unlimited	Selection constraint for Server Management & Operating System Licenses: no max	P77121-B21	Standard	Microsoft Windows Server 2025 Remote Desktop Service 5 Devices CAL WW LTU	0	974.00		NA		No				Active	12/02/2024	11/30/2027		ATTRIBUTE_CHANGED	974.00	$0.00	0.00%	2026-09-09: $974.00
Software & Licenses	Server Management & Operating System Licenses	HPE OCA > OCA Solution > Software & Licenses > Server Management & Operating System Licenses	Service & Support	Unlimited	0	Unlimited	Selection constraint for Server Management & Operating System Licenses: no max	P77122-B21	Standard	Microsoft Windows Server 2025 Remote Desktop Service 50 Users CAL WW LTU	0	13566.00		NA		No				Active	12/02/2024	11/30/2027		ATTRIBUTE_CHANGED	13566.00	$0.00	0.00%	2026-09-09: $13566.00
Software & Licenses	Server Management & Operating System Licenses	HPE OCA > OCA Solution > Software & Licenses > Server Management & Operating System Licenses	Service & Support	Unlimited	0	Unlimited	Selection constraint for Server Management & Operating System Licenses: no max	P77123-B21	Standard	Microsoft Windows Server 2025 Remote Desktop Service 50 Devices CAL WW LTU	0	9666.00		NA		No				Active	12/02/2024	11/30/2027		ATTRIBUTE_CHANGED	9666.00	$0.00	0.00%	2026-09-09: $9666.00
Networking	Fibre Channel Host Bus Adapters	HPE OCA > OCA Solution > Networking > Fibre Channel Host Bus Adapters	Discontinued Hardware	Discontinued	0	Discontinued	[DISCONTINUED] SKU present in previous scrape but removed from active catalog	S4T09A	Standard	[REMOVED SKU] HPE SN1720E 64Gb 2p FC SecureHBA	0	9999.00	-	0.00	-	No					02/24/2025	2026-09-09		REMOVED	9999.00	-$9999.00	-100.00%	2026-09-09: $9999.00 (✕ REMOVED)
Networking	Fibre Channel Host Bus Adapters	HPE OCA > OCA Solution > Networking > Fibre Channel Host Bus Adapters	Discontinued Hardware	Discontinued	0	Discontinued	[DISCONTINUED] SKU present in previous scrape but removed from active catalog	S4S01A	Standard	[REMOVED SKU] HPE SN1620E 32Gb 2p FC SecureHBA	0	5499.00	-	0.00	-	No					02/24/2025	2026-09-09		REMOVED	5499.00	-$5499.00	-100.00%	2026-09-09: $5499.00 (✕ REMOVED)
Networking	Fibre Channel HBA	HPE OCA > OCA Solution > Networking > Fibre Channel HBA	Discontinued Hardware	Discontinued	0	Discontinued	[DISCONTINUED] SKU present in previous scrape but removed from active catalog	R2E08A	Standard	[REMOVED SKU] HPE SN1610Q 32Gb 1-port Fibre Channel Host Bus Adapter	0	4675.00	-	0.00	-	No					10/07/2019	2026-09-09		REMOVED	4675.00	-$4675.00	-100.00%	2026-09-09: $4675.00 (✕ REMOVED)
Networking	Fibre Channel HBA	HPE OCA > OCA Solution > Networking > Fibre Channel HBA	Discontinued Hardware	Discontinued	0	Discontinued	[DISCONTINUED] SKU present in previous scrape but removed from active catalog	R2E09A	Standard	[REMOVED SKU] HPE SN1610Q 32Gb 2-port Fibre Channel Host Bus Adapter	0	7410.00	-	0.00	-	No					10/07/2019	2026-09-09		REMOVED	7410.00	-$7410.00	-100.00%	2026-09-09: $7410.00 (✕ REMOVED)
Networking	Fibre Channel HBA	HPE OCA > OCA Solution > Networking > Fibre Channel HBA	Discontinued Hardware	Discontinued	0	Discontinued	[DISCONTINUED] SKU present in previous scrape but removed from active catalog	R7N86A	Standard	[REMOVED SKU] HPE SN1700Q 64Gb 1-port Fibre Channel Host Bus Adapter	0	9688.00	-	0.00	-	No					02/06/2023	2026-09-09		REMOVED	9688.00	-$9688.00	-100.00%	2026-09-09: $9688.00 (✕ REMOVED)
Networking	Fibre Channel HBA	HPE OCA > OCA Solution > Networking > Fibre Channel HBA	Discontinued Hardware	Discontinued	0	Discontinued	[DISCONTINUED] SKU present in previous scrape but removed from active catalog	R7N87A	Standard	[REMOVED SKU] HPE SN1700Q 64Gb 2-port Fibre Channel Host Bus Adapter	0	12800.00	-	0.00	-	No					02/06/2023	2026-09-09		REMOVED	12800.00	-$12800.00	-100.00%	2026-09-09: $12800.00 (✕ REMOVED)
Software & Licenses	SUSE Linux Enterprise Server	HPE OCA > OCA Solution > Software & Licenses > SUSE Linux Enterprise Server	Discontinued Hardware	Discontinued	0	Discontinued	[DISCONTINUED] SKU present in previous scrape but removed from active catalog	R8V48A	Standard	[REMOVED SKU] HPE Serviceguard for Linux x86 Flex Storage Add-On Media	0	50.00	-	0.00	-	No					10/04/2021	2026-09-09		REMOVED	50.00	-$50.00	-100.00%	2026-09-09: $50.00 (✕ REMOVED)
Software & Licenses	SUSE Linux Enterprise Server	HPE OCA > OCA Solution > Software & Licenses > SUSE Linux Enterprise Server	Discontinued Hardware	Discontinued	0	Discontinued	[DISCONTINUED] SKU present in previous scrape but removed from active catalog	Q9R65A	Standard	[REMOVED SKU] Red Hat Enterprise Linux for SAP Solutions for Physical Nodes 3yr Subscription 24x7 Support LTU	0	6737.00	-	0.00	-	No					03/05/2018	2026-09-09		REMOVED	6737.00	-$6737.00	-100.00%	2026-09-09: $6737.00 (✕ REMOVED)
Software & Licenses	SUSE Linux Enterprise Server	HPE OCA > OCA Solution > Software & Licenses > SUSE Linux Enterprise Server	Discontinued Hardware	Discontinued	0	Discontinued	[DISCONTINUED] SKU present in previous scrape but removed from active catalog	Q9R66A	Standard	[REMOVED SKU] Red Hat Enterprise Linux for SAP Solutions for Physical Nodes 5yr Subscription 24x7 Support LTU	0	11229.00	-	0.00	-	No					03/05/2018	2026-09-09		REMOVED	11229.00	-$11229.00	-100.00%	2026-09-09: $11229.00 (✕ REMOVED)
Software & Licenses	SUSE Linux Enterprise Server	HPE OCA > OCA Solution > Software & Licenses > SUSE Linux Enterprise Server	Discontinued Hardware	Discontinued	0	Discontinued	[DISCONTINUED] SKU present in previous scrape but removed from active catalog	Q9R67A	Standard	[REMOVED SKU] Red Hat Enterprise Linux for SAP Solutions for Virtual DC 3yr Subscription 24x7 Support LTU	0	24680.00	-	0.00	-	No					03/05/2018	2026-09-09		REMOVED	24680.00	-$24680.00	-100.00%	2026-09-09: $24680.00 (✕ REMOVED)
Software & Licenses	SUSE Linux Enterprise Server	HPE OCA > OCA Solution > Software & Licenses > SUSE Linux Enterprise Server	Discontinued Hardware	Discontinued	0	Discontinued	[DISCONTINUED] SKU present in previous scrape but removed from active catalog	Q9R68A	Standard	[REMOVED SKU] Red Hat Enterprise Linux for SAP Solutions for Virtual DC 5yr Subscription 24x7 Support LTU	0	41134.00	-	0.00	-	No					03/05/2018	2026-09-09		REMOVED	41134.00	-$41134.00	-100.00%	2026-09-09: $41134.00 (✕ REMOVED)
Software & Licenses	SUSE Linux Enterprise Server	HPE OCA > OCA Solution > Software & Licenses > SUSE Linux Enterprise Server	Discontinued Hardware	Discontinued	0	Discontinued	[DISCONTINUED] SKU present in previous scrape but removed from active catalog	M6K34A	Standard	[REMOVED SKU] SUSE Linux Enterprise High Availability Extension 1-2 Sockets 3 Year Subscription Flx LTU	0	2040.00	-	0.00	-	No					06/01/2015	2026-09-09		REMOVED	2040.00	-$2040.00	-100.00%	2026-09-09: $2040.00 (✕ REMOVED)
Software & Licenses	SUSE Linux Enterprise Server	HPE OCA > OCA Solution > Software & Licenses > SUSE Linux Enterprise Server	Discontinued Hardware	Discontinued	0	Discontinued	[DISCONTINUED] SKU present in previous scrape but removed from active catalog	M6K30A	Standard	[REMOVED SKU] SUSE Linux Enterprise Server SAP 1-2 Sockets or 1-2 VM 3 Year Subscription 24x7 Support Flx LTU	0	7803.00	-	0.00	-	No					06/01/2015	2026-09-09		REMOVED	7803.00	-$7803.00	-100.00%	2026-09-09: $7803.00 (✕ REMOVED)
Software & Licenses	SUSE Linux Enterprise Server	HPE OCA > OCA Solution > Software & Licenses > SUSE Linux Enterprise Server	Discontinued Hardware	Discontinued	0	Discontinued	[DISCONTINUED] SKU present in previous scrape but removed from active catalog	M6K32A	Standard	[REMOVED SKU] SUSE Linux Enterprise Server SAP 1-2 Sockets or 1-2 VM 5 Year Subscription 24x7 Support Flx LTU	0	13005.00	-	0.00	-	No					06/01/2015	2026-09-09		REMOVED	13005.00	-$13005.00	-100.00%	2026-09-09: $13005.00 (✕ REMOVED)
Software & Licenses	SUSE Linux Enterprise Server	HPE OCA > OCA Solution > Software & Licenses > SUSE Linux Enterprise Server	Discontinued Hardware	Discontinued	0	Discontinued	[DISCONTINUED] SKU present in previous scrape but removed from active catalog	S3R49A	Standard	[REMOVED SKU] SUSE Linux Enterprise Server w/SUSE Manager Lifecycle Management+ 1-2 Sockets/1-2 VM 3yr 24x7 LTU	0	4399.00	-	0.00	-	No					05/06/2024	2026-09-09		REMOVED	4399.00	-$4399.00	-100.00%	2026-09-09: $4399.00 (✕ REMOVED)
Software & Licenses	SUSE Linux Enterprise Server	HPE OCA > OCA Solution > Software & Licenses > SUSE Linux Enterprise Server	Discontinued Hardware	Discontinued	0	Discontinued	[DISCONTINUED] SKU present in previous scrape but removed from active catalog	S3R50A	Standard	[REMOVED SKU] SUSE Linux Enterprise Server w/SUSE Manager Lifecycle Management+ 1-2 Sockets/1-2 VM 1yr 24x7 LTU	0	1599.00	-	0.00	-	No					05/06/2024	2026-09-09		REMOVED	1599.00	-$1599.00	-100.00%	2026-09-09: $1599.00 (✕ REMOVED)
Software & Licenses	SUSE Linux Enterprise Server	HPE OCA > OCA Solution > Software & Licenses > SUSE Linux Enterprise Server	Discontinued Hardware	Discontinued	0	Discontinued	[DISCONTINUED] SKU present in previous scrape but removed from active catalog	S3R51A	Standard	[REMOVED SKU] SUSE Linux Enterprise Server w/SUSE Manager Lifecycle Management+ 1-2 Sockets/1-2 VM 1yr 9x5 LTU	0	1099.00	-	0.00	-	No					05/06/2024	2026-09-09		REMOVED	1099.00	-$1099.00	-100.00%	2026-09-09: $1099.00 (✕ REMOVED)
Software & Licenses	SUSE Linux Enterprise Server	HPE OCA > OCA Solution > Software & Licenses > SUSE Linux Enterprise Server	Discontinued Hardware	Discontinued	0	Discontinued	[DISCONTINUED] SKU present in previous scrape but removed from active catalog	S3R52A	Standard	[REMOVED SKU] SUSE Linux Enterprise Server w/SUSE Manager Lifecycle Management+ 1-2 Sockets/1-2 VM 5yr 24x7 LTU	0	7196.00	-	0.00	-	No					05/06/2024	2026-09-09		REMOVED	7196.00	-$7196.00	-100.00%	2026-09-09: $7196.00 (✕ REMOVED)
Software & Licenses	SUSE Linux Enterprise Server	HPE OCA > OCA Solution > Software & Licenses > SUSE Linux Enterprise Server	Discontinued Hardware	Discontinued	0	Discontinued	[DISCONTINUED] SKU present in previous scrape but removed from active catalog	S3R53A	Standard	[REMOVED SKU] SUSE Linux Enterprise Server w/SUSE Manager Lifecycle Management+ 1-2 Sockets/1-2 VM 3yr 9x5 LTU	0	2990.00	-	0.00	-	No					05/06/2024	2026-09-09		REMOVED	2990.00	-$2990.00	-100.00%	2026-09-09: $2990.00 (✕ REMOVED)
Software & Licenses	SUSE Linux Enterprise Server	HPE OCA > OCA Solution > Software & Licenses > SUSE Linux Enterprise Server	Discontinued Hardware	Discontinued	0	Discontinued	[DISCONTINUED] SKU present in previous scrape but removed from active catalog	S3R54A	Standard	[REMOVED SKU] SUSE Linux Enterprise Server w/SUSE Manager Lifecycle Management+ 1-2 Sockets/1-2 VM 5yr 9x5 LTU	0	4946.00	-	0.00	-	No					05/06/2024	2026-09-09		REMOVED	4946.00	-$4946.00	-100.00%	2026-09-09: $4946.00 (✕ REMOVED)
Software & Licenses	SUSE Linux Enterprise Server	HPE OCA > OCA Solution > Software & Licenses > SUSE Linux Enterprise Server	Discontinued Hardware	Discontinued	0	Discontinued	[DISCONTINUED] SKU present in previous scrape but removed from active catalog	S7N85A	Standard	[REMOVED SKU] SUSE Linux Enterprise Server for SAP Applications 1-2 Sockets or 1-2 VM 3-year Sub 24x7 Support LTU	0	7803.00	-	0.00	-	No					03/02/2026	2026-09-09		REMOVED	7803.00	-$7803.00	-100.00%	2026-09-09: $7803.00 (✕ REMOVED)
Software & Licenses	SUSE Linux Enterprise Server	HPE OCA > OCA Solution > Software & Licenses > SUSE Linux Enterprise Server	Discontinued Hardware	Discontinued	0	Discontinued	[DISCONTINUED] SKU present in previous scrape but removed from active catalog	S7N86A	Standard	[REMOVED SKU] SUSE Linux Enterprise Server for SAP Applications 1-2 Sockets or 1-2 VM 5-year Sub 24x7 Support LTU	0	13005.00	-	0.00	-	No					03/02/2026	2026-09-09		REMOVED	13005.00	-$13005.00	-100.00%	2026-09-09: $13005.00 (✕ REMOVED)
Software & Licenses	SUSE Linux Enterprise Server	HPE OCA > OCA Solution > Software & Licenses > SUSE Linux Enterprise Server	Discontinued Hardware	Discontinued	0	Discontinued	[DISCONTINUED] SKU present in previous scrape but removed from active catalog	S7N89A	Standard	[REMOVED SKU] SUSE Linux Enterprise Server w/SUSE Multi-Linux Mgr Lifecycle Mgmt+ 1-2 Skts/1-2 VM 1yr 24x7 LTU	0	1599.00	-	0.00	-	No					03/02/2026	2026-09-09		REMOVED	1599.00	-$1599.00	-100.00%	2026-09-09: $1599.00 (✕ REMOVED)
Software & Licenses	SUSE Linux Enterprise Server	HPE OCA > OCA Solution > Software & Licenses > SUSE Linux Enterprise Server	Discontinued Hardware	Discontinued	0	Discontinued	[DISCONTINUED] SKU present in previous scrape but removed from active catalog	S7N90A	Standard	[REMOVED SKU] SUSE Linux Enterprise Server w/SUSE Multi-Linux Mgr Lifecycle Mgmt+ 1-2 Skts/1-2 VM 1yr 9x5 LTU	0	1099.00	-	0.00	-	No					03/02/2026	2026-09-09		REMOVED	1099.00	-$1099.00	-100.00%	2026-09-09: $1099.00 (✕ REMOVED)
Software & Licenses	SUSE Linux Enterprise Server	HPE OCA > OCA Solution > Software & Licenses > SUSE Linux Enterprise Server	Discontinued Hardware	Discontinued	0	Discontinued	[DISCONTINUED] SKU present in previous scrape but removed from active catalog	S7N91A	Standard	[REMOVED SKU] SUSE Linux Enterprise Server w/SUSE Multi-Linux Mgr Lifecycle Mgmt+ 1-2 Skts/1-2 VM 3yr 24x7 LTU	0	4399.00	-	0.00	-	No					03/02/2026	2026-09-09		REMOVED	4399.00	-$4399.00	-100.00%	2026-09-09: $4399.00 (✕ REMOVED)
Software & Licenses	SUSE Linux Enterprise Server	HPE OCA > OCA Solution > Software & Licenses > SUSE Linux Enterprise Server	Discontinued Hardware	Discontinued	0	Discontinued	[DISCONTINUED] SKU present in previous scrape but removed from active catalog	S7N92A	Standard	[REMOVED SKU] SUSE Linux Enterprise Server w/SUSE Multi-Linux Mgr Lifecycle Mgmt+ 1-2 Skts/1-2 VM 3yr 9x5 LTU	0	2990.00	-	0.00	-	No					03/02/2026	2026-09-09		REMOVED	2990.00	-$2990.00	-100.00%	2026-09-09: $2990.00 (✕ REMOVED)
Software & Licenses	SUSE Linux Enterprise Server	HPE OCA > OCA Solution > Software & Licenses > SUSE Linux Enterprise Server	Discontinued Hardware	Discontinued	0	Discontinued	[DISCONTINUED] SKU present in previous scrape but removed from active catalog	S7N93A	Standard	[REMOVED SKU] SUSE Linux Enterprise Server w/SUSE Multi-Linux Mgr Lifecycle Mgmt+ 1-2 Skts/1-2 VM 5yr 24x7 LTU	0	7196.00	-	0.00	-	No					03/02/2026	2026-09-09		REMOVED	7196.00	-$7196.00	-100.00%	2026-09-09: $7196.00 (✕ REMOVED)
Software & Licenses	SUSE Linux Enterprise Server	HPE OCA > OCA Solution > Software & Licenses > SUSE Linux Enterprise Server	Discontinued Hardware	Discontinued	0	Discontinued	[DISCONTINUED] SKU present in previous scrape but removed from active catalog	S7N94A	Standard	[REMOVED SKU] SUSE Linux Enterprise Server w/SUSE Multi-Linux Mgr Lifecycle Mgmt+ 1-2 Skts/1-2 VM 5yr 9x5 LTU	0	4946.00	-	0.00	-	No					03/02/2026	2026-09-09		REMOVED	4946.00	-$4946.00	-100.00%	2026-09-09: $4946.00 (✕ REMOVED)
Software & Licenses	Red Hat Enterprise Linux Server-Virtualization	HPE OCA > OCA Solution > Software & Licenses > Red Hat Enterprise Linux Server-Virtualization	Discontinued Hardware	Discontinued	0	Discontinued	[DISCONTINUED] SKU present in previous scrape but removed from active catalog	R1P40A	Standard	[REMOVED SKU] Red Hat Enterprise Linux for HPC Compute Node 1yr Subscription Flexible LTU	0	87.00	-	0.00	-	No					12/03/2018	2026-09-09		REMOVED	87.00	-$87.00	-100.00%	2026-09-09: $87.00 (✕ REMOVED)
Software & Licenses	Red Hat Enterprise Linux Server-Virtualization	HPE OCA > OCA Solution > Software & Licenses > Red Hat Enterprise Linux Server-Virtualization	Discontinued Hardware	Discontinued	0	Discontinued	[DISCONTINUED] SKU present in previous scrape but removed from active catalog	R1P41A	Standard	[REMOVED SKU] Red Hat Enterprise Linux for HPC Compute Node 3yr Subscription Flexible LTU	0	248.00	-	0.00	-	No					12/03/2018	2026-09-09		REMOVED	248.00	-$248.00	-100.00%	2026-09-09: $248.00 (✕ REMOVED)
Software & Licenses	Red Hat Enterprise Linux Server-Virtualization	HPE OCA > OCA Solution > Software & Licenses > Red Hat Enterprise Linux Server-Virtualization	Discontinued Hardware	Discontinued	0	Discontinued	[DISCONTINUED] SKU present in previous scrape but removed from active catalog	R1P42A	Standard	[REMOVED SKU] Red Hat Enterprise Linux for HPC Compute Node 5yr Subscription Flexible LTU	0	413.00	-	0.00	-	No					12/03/2018	2026-09-09		REMOVED	413.00	-$413.00	-100.00%	2026-09-09: $413.00 (✕ REMOVED)
Software & Licenses	Red Hat Enterprise Linux Server-Virtualization	HPE OCA > OCA Solution > Software & Licenses > Red Hat Enterprise Linux Server-Virtualization	Discontinued Hardware	Discontinued	0	Discontinued	[DISCONTINUED] SKU present in previous scrape but removed from active catalog	R1P34A	Standard	[REMOVED SKU] Red Hat Enterprise Linux for HPC Head Node 1yr Subscription 24x7 Support Flexible LTU	0	2858.00	-	0.00	-	No					12/03/2018	2026-09-09		REMOVED	2858.00	-$2858.00	-100.00%	2026-09-09: $2858.00 (✕ REMOVED)
Software & Licenses	Red Hat Enterprise Linux Server-Virtualization	HPE OCA > OCA Solution > Software & Licenses > Red Hat Enterprise Linux Server-Virtualization	Discontinued Hardware	Discontinued	0	Discontinued	[DISCONTINUED] SKU present in previous scrape but removed from active catalog	R1P37A	Standard	[REMOVED SKU] Red Hat Enterprise Linux for HPC Head Node 1yr Subscription 9x5 Support Flexible LTU	0	1758.00	-	0.00	-	No					12/03/2018	2026-09-09		REMOVED	1758.00	-$1758.00	-100.00%	2026-09-09: $1758.00 (✕ REMOVED)
Software & Licenses	Red Hat Enterprise Linux Server-Virtualization	HPE OCA > OCA Solution > Software & Licenses > Red Hat Enterprise Linux Server-Virtualization	Discontinued Hardware	Discontinued	0	Discontinued	[DISCONTINUED] SKU present in previous scrape but removed from active catalog	R1P35A	Standard	[REMOVED SKU] Red Hat Enterprise Linux for HPC Head Node 3yr Subscription 24x7 Support Flexible LTU	0	8145.00	-	0.00	-	No					12/03/2018	2026-09-09		REMOVED	8145.00	-$8145.00	-100.00%	2026-09-09: $8145.00 (✕ REMOVED)
Software & Licenses	Red Hat Enterprise Linux Server-Virtualization	HPE OCA > OCA Solution > Software & Licenses > Red Hat Enterprise Linux Server-Virtualization	Discontinued Hardware	Discontinued	0	Discontinued	[DISCONTINUED] SKU present in previous scrape but removed from active catalog	R1P38A	Standard	[REMOVED SKU] Red Hat Enterprise Linux for HPC Head Node 3yr Subscription 9x5 Support Flexible LTU	0	5010.00	-	0.00	-	No					12/03/2018	2026-09-09		REMOVED	5010.00	-$5010.00	-100.00%	2026-09-09: $5010.00 (✕ REMOVED)
Software & Licenses	Red Hat Enterprise Linux Server-Virtualization	HPE OCA > OCA Solution > Software & Licenses > Red Hat Enterprise Linux Server-Virtualization	Discontinued Hardware	Discontinued	0	Discontinued	[DISCONTINUED] SKU present in previous scrape but removed from active catalog	R1P36A	Standard	[REMOVED SKU] Red Hat Enterprise Linux for HPC Head Node 5yr Subscription 24x7 Support Flexible LTU	0	13575.00	-	0.00	-	No					12/03/2018	2026-09-09		REMOVED	13575.00	-$13575.00	-100.00%	2026-09-09: $13575.00 (✕ REMOVED)
Software & Licenses	Red Hat Enterprise Linux Server-Virtualization	HPE OCA > OCA Solution > Software & Licenses > Red Hat Enterprise Linux Server-Virtualization	Discontinued Hardware	Discontinued	0	Discontinued	[DISCONTINUED] SKU present in previous scrape but removed from active catalog	R1P39A	Standard	[REMOVED SKU] Red Hat Enterprise Linux for HPC Head Node 5yr Subscription 9x5 Support Flexible LTU	0	8350.00	-	0.00	-	No					12/03/2018	2026-09-09		REMOVED	8350.00	-$8350.00	-100.00%	2026-09-09: $8350.00 (✕ REMOVED)
Software & Licenses	Red Hat Enterprise Linux Server-Virtualization	HPE OCA > OCA Solution > Software & Licenses > Red Hat Enterprise Linux Server-Virtualization	Discontinued Hardware	Discontinued	0	Discontinued	[DISCONTINUED] SKU present in previous scrape but removed from active catalog	R8R77A	Standard	[REMOVED SKU] SUSE Linux Enterprise Server HPC 1-2 Sockets 3-year Subscription 24x7 Support LTU	0	408.00	-	0.00	-	No					08/04/2021	2026-09-09		REMOVED	408.00	-$408.00	-100.00%	2026-09-09: $408.00 (✕ REMOVED)
Software & Licenses	Red Hat Enterprise Linux Server-Virtualization	HPE OCA > OCA Solution > Software & Licenses > Red Hat Enterprise Linux Server-Virtualization	Discontinued Hardware	Discontinued	0	Discontinued	[DISCONTINUED] SKU present in previous scrape but removed from active catalog	Q0D22A	Standard	[REMOVED SKU] Red Hat Enterprise Linux Server 2 Sockets 4 Guests 5yr Subscription 24x7 Support Flexible LTU	0	10183.00	-	0.00	-	No					08/15/2016	2026-09-09		REMOVED	10183.00	-$10183.00	-100.00%	2026-09-09: $10183.00 (✕ REMOVED)
Software & Licenses	Red Hat Enterprise Linux Server-Virtualization	HPE OCA > OCA Solution > Software & Licenses > Red Hat Enterprise Linux Server-Virtualization	Discontinued Hardware	Discontinued	0	Discontinued	[DISCONTINUED] SKU present in previous scrape but removed from active catalog	Q0D23A	Standard	[REMOVED SKU] Red Hat Enterprise Linux Server 2 Sockets 4 Guests 5yr Subscription 9x5 Support Flexible LTU	0	6264.00	-	0.00	-	No					08/15/2016	2026-09-09		REMOVED	6264.00	-$6264.00	-100.00%	2026-09-09: $6264.00 (✕ REMOVED)
Software & Licenses	Red Hat Enterprise Linux Server-Virtualization	HPE OCA > OCA Solution > Software & Licenses > Red Hat Enterprise Linux Server-Virtualization	Discontinued Hardware	Discontinued	0	Discontinued	[DISCONTINUED] SKU present in previous scrape but removed from active catalog	Q0D25A	Standard	[REMOVED SKU] Red Hat High Availability 2 Sockets or 2 Guests 5yr Subscription Flexible LTU	0	2085.00	-	0.00	-	No					08/15/2016	2026-09-09		REMOVED	2085.00	-$2085.00	-100.00%	2026-09-09: $2085.00 (✕ REMOVED)
Software & Licenses	Red Hat Enterprise Linux Server-Virtualization	HPE OCA > OCA Solution > Software & Licenses > Red Hat Enterprise Linux Server-Virtualization	Discontinued Hardware	Discontinued	0	Discontinued	[DISCONTINUED] SKU present in previous scrape but removed from active catalog	Q0D26A	Standard	[REMOVED SKU] Red Hat High Availability 2 Sockets Unlimited Guests 5yr Subscription Flexible LTU	0	7532.00	-	0.00	-	No					08/15/2016	2026-09-09		REMOVED	7532.00	-$7532.00	-100.00%	2026-09-09: $7532.00 (✕ REMOVED)
Software & Licenses	Red Hat Enterprise Linux Server-Virtualization	HPE OCA > OCA Solution > Software & Licenses > Red Hat Enterprise Linux Server-Virtualization	Discontinued Hardware	Discontinued	0	Discontinued	[DISCONTINUED] SKU present in previous scrape but removed from active catalog	Q0D29A	Standard	[REMOVED SKU] Red Hat Resilient Storage 2 Sockets or 2 Guests 5yr Subscription Flexible LTU	0	4395.00	-	0.00	-	No					08/15/2016	2026-09-09		REMOVED	4395.00	-$4395.00	-100.00%	2026-09-09: $4395.00 (✕ REMOVED)
Software & Licenses	Red Hat Enterprise Linux Server-Virtualization	HPE OCA > OCA Solution > Software & Licenses > Red Hat Enterprise Linux Server-Virtualization	Discontinued Hardware	Discontinued	0	Discontinued	[DISCONTINUED] SKU present in previous scrape but removed from active catalog	Q0D30A	Standard	[REMOVED SKU] Red Hat Resilient Storage 2 Sockets Unlimited Guests 5yr Subscription Flexible LTU	0	15095.00	-	0.00	-	No					08/15/2016	2026-09-09		REMOVED	15095.00	-$15095.00	-100.00%	2026-09-09: $15095.00 (✕ REMOVED)
Software & Licenses	Red Hat Enterprise Linux Server-Virtualization	HPE OCA > OCA Solution > Software & Licenses > Red Hat Enterprise Linux Server-Virtualization	Discontinued Hardware	Discontinued	0	Discontinued	[DISCONTINUED] SKU present in previous scrape but removed from active catalog	Q5W19A	Standard	[REMOVED SKU] Red Hat Enterprise Linux for SAP (Physical/Virtual Nodes) 3yr Subscription 9x5 Support Flex LTU	0	2505.00	-	0.00	-	No					06/05/2017	2026-09-09		REMOVED	2505.00	-$2505.00	-100.00%	2026-09-09: $2505.00 (✕ REMOVED)
Software & Licenses	Red Hat Enterprise Linux Server-Virtualization	HPE OCA > OCA Solution > Software & Licenses > Red Hat Enterprise Linux Server-Virtualization	Discontinued Hardware	Discontinued	0	Discontinued	[DISCONTINUED] SKU present in previous scrape but removed from active catalog	Q5W20A	Standard	[REMOVED SKU] Red Hat Enterprise Linux for SAP (Physical/Virtual Nodes) 3yr Subscription 24x7 Support Flex LTU	0	4072.00	-	0.00	-	No					06/05/2017	2026-09-09		REMOVED	4072.00	-$4072.00	-100.00%	2026-09-09: $4072.00 (✕ REMOVED)
Software & Licenses	Red Hat Enterprise Linux Server-Virtualization	HPE OCA > OCA Solution > Software & Licenses > Red Hat Enterprise Linux Server-Virtualization	Discontinued Hardware	Discontinued	0	Discontinued	[DISCONTINUED] SKU present in previous scrape but removed from active catalog	Q5W21A	Standard	[REMOVED SKU] Red Hat Enterprise Linux for SAP (Physical/Virtual Nodes) 5yr Subscription 9x5 Support Flex LTU	0	4175.00	-	0.00	-	No					06/05/2017	2026-09-09		REMOVED	4175.00	-$4175.00	-100.00%	2026-09-09: $4175.00 (✕ REMOVED)
Software & Licenses	Red Hat Enterprise Linux Server-Virtualization	HPE OCA > OCA Solution > Software & Licenses > Red Hat Enterprise Linux Server-Virtualization	Discontinued Hardware	Discontinued	0	Discontinued	[DISCONTINUED] SKU present in previous scrape but removed from active catalog	Q5W22A	Standard	[REMOVED SKU] Red Hat Enterprise Linux for SAP (Physical/Virtual Nodes) 5yr Subscription 24x7 Support Flex LTU	0	6787.00	-	0.00	-	No					06/05/2017	2026-09-09		REMOVED	6787.00	-$6787.00	-100.00%	2026-09-09: $6787.00 (✕ REMOVED)
Software & Licenses	Red Hat Enterprise Linux Server-Virtualization	HPE OCA > OCA Solution > Software & Licenses > Red Hat Enterprise Linux Server-Virtualization	Discontinued Hardware	Discontinued	0	Discontinued	[DISCONTINUED] SKU present in previous scrape but removed from active catalog	Q5W23A	Standard	[REMOVED SKU] Red Hat Enterprise Linux for SAP for Virtual Datacenters 3yr Subscription 9x5 Support Flex LTU	0	9072.00	-	0.00	-	No					06/05/2017	2026-09-09		REMOVED	9072.00	-$9072.00	-100.00%	2026-09-09: $9072.00 (✕ REMOVED)
Software & Licenses	Red Hat Enterprise Linux Server-Virtualization	HPE OCA > OCA Solution > Software & Licenses > Red Hat Enterprise Linux Server-Virtualization	Discontinued Hardware	Discontinued	0	Discontinued	[DISCONTINUED] SKU present in previous scrape but removed from active catalog	Q5W24A	Standard	[REMOVED SKU] Red Hat Enterprise Linux for SAP for Virtual Datacenters 3yr Subscription 24x7 Support Flex LTU	0	14516.00	-	0.00	-	No					06/05/2017	2026-09-09		REMOVED	14516.00	-$14516.00	-100.00%	2026-09-09: $14516.00 (✕ REMOVED)
Software & Licenses	Red Hat Enterprise Linux Server-Virtualization	HPE OCA > OCA Solution > Software & Licenses > Red Hat Enterprise Linux Server-Virtualization	Discontinued Hardware	Discontinued	0	Discontinued	[DISCONTINUED] SKU present in previous scrape but removed from active catalog	Q5W25A	Standard	[REMOVED SKU] Red Hat Enterprise Linux for SAP for Virtual Datacenters 5yr Subscription 9x5 Support Flex LTU	0	15119.00	-	0.00	-	No					06/05/2017	2026-09-09		REMOVED	15119.00	-$15119.00	-100.00%	2026-09-09: $15119.00 (✕ REMOVED)
Software & Licenses	Red Hat Enterprise Linux Server-Virtualization	HPE OCA > OCA Solution > Software & Licenses > Red Hat Enterprise Linux Server-Virtualization	Discontinued Hardware	Discontinued	0	Discontinued	[DISCONTINUED] SKU present in previous scrape but removed from active catalog	Q5W26A	Standard	[REMOVED SKU] Red Hat Enterprise Linux for SAP for Virtual Datacenters 5yr Subscription 24x7 Support Flex LTU	0	24194.00	-	0.00	-	No					06/05/2017	2026-09-09		REMOVED	24194.00	-$24194.00	-100.00%	2026-09-09: $24194.00 (✕ REMOVED)
Software & Licenses	Red Hat Enterprise Linux Server-Virtualization	HPE OCA > OCA Solution > Software & Licenses > Red Hat Enterprise Linux Server-Virtualization	Discontinued Hardware	Discontinued	0	Discontinued	[DISCONTINUED] SKU present in previous scrape but removed from active catalog	Q8U15A	Standard	[REMOVED SKU] Red Hat Enterprise Linux for SAP Solutions for Virtual DC 3yr Subscription 24x7 Support LTU	0	24680.00	-	0.00	-	No					12/04/2017	2026-09-09		REMOVED	24680.00	-$24680.00	-100.00%	2026-09-09: $24680.00 (✕ REMOVED)
Software & Licenses	Red Hat Enterprise Linux Server-Virtualization	HPE OCA > OCA Solution > Software & Licenses > Red Hat Enterprise Linux Server-Virtualization	Discontinued Hardware	Discontinued	0	Discontinued	[DISCONTINUED] SKU present in previous scrape but removed from active catalog	Q8U16A	Standard	[REMOVED SKU] Red Hat Enterprise Linux for SAP Solutions for Virtual DC 5yr Subscription 24x7 Support LTU	0	41134.00	-	0.00	-	No					12/04/2017	2026-09-09		REMOVED	41134.00	-$41134.00	-100.00%	2026-09-09: $41134.00 (✕ REMOVED)
Software & Licenses	Red Hat Enterprise Linux Server-Virtualization	HPE OCA > OCA Solution > Software & Licenses > Red Hat Enterprise Linux Server-Virtualization	Discontinued Hardware	Discontinued	0	Discontinued	[DISCONTINUED] SKU present in previous scrape but removed from active catalog	Q8U17A	Standard	[REMOVED SKU] Red Hat Enterprise Linux for SAP Solutions for Virtual DC 3yr Subscription 9x5 Support LTU	0	20325.00	-	0.00	-	No					12/04/2017	2026-09-09		REMOVED	20325.00	-$20325.00	-100.00%	2026-09-09: $20325.00 (✕ REMOVED)
Software & Licenses	Red Hat Enterprise Linux Server-Virtualization	HPE OCA > OCA Solution > Software & Licenses > Red Hat Enterprise Linux Server-Virtualization	Discontinued Hardware	Discontinued	0	Discontinued	[DISCONTINUED] SKU present in previous scrape but removed from active catalog	Q8U18A	Standard	[REMOVED SKU] Red Hat Enterprise Linux for SAP Solutions for Virtual DC 5yr Subscription 9x5 Support LTU	0	33874.00	-	0.00	-	No					12/04/2017	2026-09-09		REMOVED	33874.00	-$33874.00	-100.00%	2026-09-09: $33874.00 (✕ REMOVED)
Software & Licenses	Red Hat Enterprise Linux Server-Virtualization	HPE OCA > OCA Solution > Software & Licenses > Red Hat Enterprise Linux Server-Virtualization	Discontinued Hardware	Discontinued	0	Discontinued	[DISCONTINUED] SKU present in previous scrape but removed from active catalog	Q8U19A	Standard	[REMOVED SKU] Red Hat Enterprise Linux for SAP Solutions for Physical Nodes 3yr Subscription 24x7 Support LTU	0	6737.00	-	0.00	-	No					12/04/2017	2026-09-09		REMOVED	6737.00	-$6737.00	-100.00%	2026-09-09: $6737.00 (✕ REMOVED)
Software & Licenses	Red Hat Enterprise Linux Server-Virtualization	HPE OCA > OCA Solution > Software & Licenses > Red Hat Enterprise Linux Server-Virtualization	Discontinued Hardware	Discontinued	0	Discontinued	[DISCONTINUED] SKU present in previous scrape but removed from active catalog	Q8U20A	Standard	[REMOVED SKU] Red Hat Enterprise Linux for SAP Solutions for Physical Nodes 5yr Subscription 24x7 Support LTU	0	11229.00	-	0.00	-	No					12/04/2017	2026-09-09		REMOVED	11229.00	-$11229.00	-100.00%	2026-09-09: $11229.00 (✕ REMOVED)
Software & Licenses	Red Hat Enterprise Linux Server-Virtualization	HPE OCA > OCA Solution > Software & Licenses > Red Hat Enterprise Linux Server-Virtualization	Discontinued Hardware	Discontinued	0	Discontinued	[DISCONTINUED] SKU present in previous scrape but removed from active catalog	Q8U21A	Standard	[REMOVED SKU] Red Hat Enterprise Linux for SAP Solutions for Physical Nodes 3yr Subscription 9x5 Support LTU	0	5483.00	-	0.00	-	No					12/04/2017	2026-09-09		REMOVED	5483.00	-$5483.00	-100.00%	2026-09-09: $5483.00 (✕ REMOVED)
Software & Licenses	Red Hat Enterprise Linux Server-Virtualization	HPE OCA > OCA Solution > Software & Licenses > Red Hat Enterprise Linux Server-Virtualization	Discontinued Hardware	Discontinued	0	Discontinued	[DISCONTINUED] SKU present in previous scrape but removed from active catalog	Q8U22A	Standard	[REMOVED SKU] Red Hat Enterprise Linux for SAP Solutions for Physical Nodes 5yr Subscription 9x5 Support LTU	0	9139.00	-	0.00	-	No					12/04/2017	2026-09-09		REMOVED	9139.00	-$9139.00	-100.00%	2026-09-09: $9139.00 (✕ REMOVED)
Software & Licenses	Red Hat Enterprise Linux Server-Virtualization	HPE OCA > OCA Solution > Software & Licenses > Red Hat Enterprise Linux Server-Virtualization	Discontinued Hardware	Discontinued	0	Discontinued	[DISCONTINUED] SKU present in previous scrape but removed from active catalog	R8V72A	Standard	[REMOVED SKU] SUSE Linux Enterprise Server for SAP 1-2 Sockets Unlimited VM w/Live Patching 3yr 24x7 Flexible LTU	0	18873.00	-	0.00	-	No					10/04/2021	2026-09-09		REMOVED	18873.00	-$18873.00	-100.00%	2026-09-09: $18873.00 (✕ REMOVED)
Software & Licenses	Red Hat Enterprise Linux Server-Virtualization	HPE OCA > OCA Solution > Software & Licenses > Red Hat Enterprise Linux Server-Virtualization	Discontinued Hardware	Discontinued	0	Discontinued	[DISCONTINUED] SKU present in previous scrape but removed from active catalog	R8V73A	Standard	[REMOVED SKU] SUSE Linux Enterprise Server for SAP 1-2 Sockets Unlimited VM w/Live Patching 5yr 24x7 Flexible LTU	0	31455.00	-	0.00	-	No					10/04/2021	2026-09-09		REMOVED	31455.00	-$31455.00	-100.00%	2026-09-09: $31455.00 (✕ REMOVED)
Software & Licenses	Red Hat Enterprise Linux Server-Virtualization	HPE OCA > OCA Solution > Software & Licenses > Red Hat Enterprise Linux Server-Virtualization	Discontinued Hardware	Discontinued	0	Discontinued	[DISCONTINUED] SKU present in previous scrape but removed from active catalog	R8V74A	Standard	[REMOVED SKU] SUSE Linux Enterprise Server 1-2 Sockets Unlimited VM w/Live Patching 1-year 9x5 Flexible LTU	0	2260.00	-	0.00	-	No					10/04/2021	2026-09-09		REMOVED	2260.00	-$2260.00	-100.00%	2026-09-09: $2260.00 (✕ REMOVED)
Software & Licenses	Red Hat Enterprise Linux Server-Virtualization	HPE OCA > OCA Solution > Software & Licenses > Red Hat Enterprise Linux Server-Virtualization	Discontinued Hardware	Discontinued	0	Discontinued	[DISCONTINUED] SKU present in previous scrape but removed from active catalog	R8V75A	Standard	[REMOVED SKU] SUSE Linux Enterprise Server 1-2 Sockets Unlimited VM w/Live Patching 3-year 9x5 Flexible LTU	0	6110.00	-	0.00	-	No					10/04/2021	2026-09-09		REMOVED	6110.00	-$6110.00	-100.00%	2026-09-09: $6110.00 (✕ REMOVED)
Software & Licenses	Red Hat Enterprise Linux Server-Virtualization	HPE OCA > OCA Solution > Software & Licenses > Red Hat Enterprise Linux Server-Virtualization	Discontinued Hardware	Discontinued	0	Discontinued	[DISCONTINUED] SKU present in previous scrape but removed from active catalog	R8V76A	Standard	[REMOVED SKU] SUSE Linux Enterprise Server 1-2 Sockets Unlimited VM w/Live Patching 1-year 24x7 Flexible LTU	0	3980.00	-	0.00	-	No					10/04/2021	2026-09-09		REMOVED	3980.00	-$3980.00	-100.00%	2026-09-09: $3980.00 (✕ REMOVED)
Software & Licenses	Red Hat Enterprise Linux Server-Virtualization	HPE OCA > OCA Solution > Software & Licenses > Red Hat Enterprise Linux Server-Virtualization	Discontinued Hardware	Discontinued	0	Discontinued	[DISCONTINUED] SKU present in previous scrape but removed from active catalog	R8V77A	Standard	[REMOVED SKU] SUSE Linux Enterprise Server 1-2 Sockets Unlimited VM w/Live Patching 3-year 24x7 Flexible LTU	0	10800.00	-	0.00	-	No					10/04/2021	2026-09-09		REMOVED	10800.00	-$10800.00	-100.00%	2026-09-09: $10800.00 (✕ REMOVED)
Software & Licenses	Red Hat Enterprise Linux Server-Virtualization	HPE OCA > OCA Solution > Software & Licenses > Red Hat Enterprise Linux Server-Virtualization	Discontinued Hardware	Discontinued	0	Discontinued	[DISCONTINUED] SKU present in previous scrape but removed from active catalog	R8V78A	Standard	[REMOVED SKU] SUSE Linux Enterprise Server 1-2 Sockets Unlimited VM w/Live Patching 5-year 24x7 Flexible LTU	0	18000.00	-	0.00	-	No					10/04/2021	2026-09-09		REMOVED	18000.00	-$18000.00	-100.00%	2026-09-09: $18000.00 (✕ REMOVED)
Software & Licenses	Red Hat Enterprise Linux Server-Virtualization	HPE OCA > OCA Solution > Software & Licenses > Red Hat Enterprise Linux Server-Virtualization	Discontinued Hardware	Discontinued	0	Discontinued	[DISCONTINUED] SKU present in previous scrape but removed from active catalog	R8V79A	Standard	[REMOVED SKU] SUSE Linux Enterprise Server 1-2 Sockets Unlimited VM w/Live Patching 5-year 9x5 Flexible LTU	0	10200.00	-	0.00	-	No					10/04/2021	2026-09-09		REMOVED	10200.00	-$10200.00	-100.00%	2026-09-09: $10200.00 (✕ REMOVED)
Software & Licenses	Red Hat Enterprise Linux Server-Virtualization	HPE OCA > OCA Solution > Software & Licenses > Red Hat Enterprise Linux Server-Virtualization	Discontinued Hardware	Discontinued	0	Discontinued	[DISCONTINUED] SKU present in previous scrape but removed from active catalog	R8V84A	Standard	[REMOVED SKU] SUSE Linux Enterprise Server for SAP 1-2 Sockets Unlimited VM w/Live Patching 3yr 24x7 Flexible LTU	0	18873.00	-	0.00	-	No					10/04/2021	2026-09-09		REMOVED	18873.00	-$18873.00	-100.00%	2026-09-09: $18873.00 (✕ REMOVED)
Software & Licenses	Red Hat Enterprise Linux Server-Virtualization	HPE OCA > OCA Solution > Software & Licenses > Red Hat Enterprise Linux Server-Virtualization	Discontinued Hardware	Discontinued	0	Discontinued	[DISCONTINUED] SKU present in previous scrape but removed from active catalog	R8V85A	Standard	[REMOVED SKU] SUSE Linux Enterprise Server for SAP 1-2 Sockets Unlimited VM w/Live Patching 5yr 24x7 Flexible LTU	0	31455.00	-	0.00	-	No					10/04/2021	2026-09-09		REMOVED	31455.00	-$31455.00	-100.00%	2026-09-09: $31455.00 (✕ REMOVED)
Software & Licenses	Red Hat Enterprise Linux Server-Virtualization	HPE OCA > OCA Solution > Software & Licenses > Red Hat Enterprise Linux Server-Virtualization	Discontinued Hardware	Discontinued	0	Discontinued	[DISCONTINUED] SKU present in previous scrape but removed from active catalog	S7N87A	Standard	[REMOVED SKU] SUSE Linux Enterprise Server for SAP Applications 1-2 Sockets Unlimited VM 3yr Sub 24x7 Sup Flex LTU	0	18873.00	-	0.00	-	No					03/02/2026	2026-09-09		REMOVED	18873.00	-$18873.00	-100.00%	2026-09-09: $18873.00 (✕ REMOVED)
Software & Licenses	Red Hat Enterprise Linux Server-Virtualization	HPE OCA > OCA Solution > Software & Licenses > Red Hat Enterprise Linux Server-Virtualization	Discontinued Hardware	Discontinued	0	Discontinued	[DISCONTINUED] SKU present in previous scrape but removed from active catalog	S7N88A	Standard	[REMOVED SKU] SUSE Linux Enterprise Server for SAP Applications 1-2 Sockets Unlimited VM 5yr Sub 24x7 Sup Flex LTU	0	31455.00	-	0.00	-	No					03/02/2026	2026-09-09		REMOVED	31455.00	-$31455.00	-100.00%	2026-09-09: $31455.00 (✕ REMOVED)
Software & Licenses	Red Hat Enterprise Linux Server-Virtualization	HPE OCA > OCA Solution > Software & Licenses > Red Hat Enterprise Linux Server-Virtualization	Discontinued Hardware	Discontinued	0	Discontinued	[DISCONTINUED] SKU present in previous scrape but removed from active catalog	S7P10A	Standard	[REMOVED SKU] SUSE Linux Enterprise Server for SAP Applications 1-2 Sockets Unlimited VM 3yr Sub 24x7 Sup Flex LTU	0	18873.00	-	0.00	-	No					03/02/2026	2026-09-09		REMOVED	18873.00	-$18873.00	-100.00%	2026-09-09: $18873.00 (✕ REMOVED)
Software & Licenses	Red Hat Enterprise Linux Server-Virtualization	HPE OCA > OCA Solution > Software & Licenses > Red Hat Enterprise Linux Server-Virtualization	Discontinued Hardware	Discontinued	0	Discontinued	[DISCONTINUED] SKU present in previous scrape but removed from active catalog	S7P11A	Standard	[REMOVED SKU] SUSE Linux Enterprise Server for SAP Applications 1-2 Sockets Unlimited VM 5yr Sub 24x7 Sup Flex LTU	0	31455.00	-	0.00	-	No					03/02/2026	2026-09-09		REMOVED	31455.00	-$31455.00	-100.00%	2026-09-09: $31455.00 (✕ REMOVED)
Software & Licenses	Red Hat Enterprise Linux Server-Virtualization	HPE OCA > OCA Solution > Software & Licenses > Red Hat Enterprise Linux Server-Virtualization	Discontinued Hardware	Discontinued	0	Discontinued	[DISCONTINUED] SKU present in previous scrape but removed from active catalog	S7P12A	Standard	[REMOVED SKU] SUSE Linux Enterprise Server for SAP Applications 1-2 Sockets or 1-2 VM 3-year Sub 24x7 Sup Flex LTU	0	7803.00	-	0.00	-	No					03/02/2026	2026-09-09		REMOVED	7803.00	-$7803.00	-100.00%	2026-09-09: $7803.00 (✕ REMOVED)
Software & Licenses	Red Hat Enterprise Linux Server-Virtualization	HPE OCA > OCA Solution > Software & Licenses > Red Hat Enterprise Linux Server-Virtualization	Discontinued Hardware	Discontinued	0	Discontinued	[DISCONTINUED] SKU present in previous scrape but removed from active catalog	S7P13A	Standard	[REMOVED SKU] SUSE Linux Enterprise Server for SAP Applications 1-2 Sockets or 1-2 VM 5-year Sub 24x7 Sup Flex LTU	0	13005.00	-	0.00	-	No					03/02/2026	2026-09-09		REMOVED	13005.00	-$13005.00	-100.00%	2026-09-09: $13005.00 (✕ REMOVED)
Software & Licenses	Red Hat Enterprise Linux Server-Virtualization	HPE OCA > OCA Solution > Software & Licenses > Red Hat Enterprise Linux Server-Virtualization	Discontinued Hardware	Discontinued	0	Discontinued	[DISCONTINUED] SKU present in previous scrape but removed from active catalog	S4R31A	Standard	[REMOVED SKU] Red Hat Enterprise Linux Virtual Datacenter 2 Sockets 1-year Subscription 24x7 Support LTU	0	4839.00	-	0.00	-	No					10/07/2024	2026-09-09		REMOVED	4839.00	-$4839.00	-100.00%	2026-09-09: $4839.00 (✕ REMOVED)
Software & Licenses	Red Hat Enterprise Linux Server-Virtualization	HPE OCA > OCA Solution > Software & Licenses > Red Hat Enterprise Linux Server-Virtualization	Discontinued Hardware	Discontinued	0	Discontinued	[DISCONTINUED] SKU present in previous scrape but removed from active catalog	S4R32A	Standard	[REMOVED SKU] Red Hat Enterprise Linux Virtual Datacenter 2 Sockets 3-year Subscription 24x7 Support LTU	0	14516.00	-	0.00	-	No					10/07/2024	2026-09-09		REMOVED	14516.00	-$14516.00	-100.00%	2026-09-09: $14516.00 (✕ REMOVED)
Software & Licenses	Red Hat Enterprise Linux Server-Virtualization	HPE OCA > OCA Solution > Software & Licenses > Red Hat Enterprise Linux Server-Virtualization	Discontinued Hardware	Discontinued	0	Discontinued	[DISCONTINUED] SKU present in previous scrape but removed from active catalog	S4R33A	Standard	[REMOVED SKU] Red Hat Enterprise Linux Virtual Datacenter 2 Sockets 5-year Subscription 24x7 Support LTU	0	24194.00	-	0.00	-	No					10/07/2024	2026-09-09		REMOVED	24194.00	-$24194.00	-100.00%	2026-09-09: $24194.00 (✕ REMOVED)
Software & Licenses	Red Hat Enterprise Linux Server-Virtualization	HPE OCA > OCA Solution > Software & Licenses > Red Hat Enterprise Linux Server-Virtualization	Discontinued Hardware	Discontinued	0	Discontinued	[DISCONTINUED] SKU present in previous scrape but removed from active catalog	S4R34A	Standard	[REMOVED SKU] Red Hat Enterprise Linux Virtual Datacenter 2 Sockets 1-year Subscription 9x5 Support LTU	0	3024.00	-	0.00	-	No					10/07/2024	2026-09-09		REMOVED	3024.00	-$3024.00	-100.00%	2026-09-09: $3024.00 (✕ REMOVED)
Software & Licenses	Red Hat Enterprise Linux Server-Virtualization	HPE OCA > OCA Solution > Software & Licenses > Red Hat Enterprise Linux Server-Virtualization	Discontinued Hardware	Discontinued	0	Discontinued	[DISCONTINUED] SKU present in previous scrape but removed from active catalog	S4R35A	Standard	[REMOVED SKU] Red Hat Enterprise Linux Virtual Datacenter 2 Sockets 3-year Subscription 9x5 Support LTU	0	9072.00	-	0.00	-	No					10/07/2024	2026-09-09		REMOVED	9072.00	-$9072.00	-100.00%	2026-09-09: $9072.00 (✕ REMOVED)
Software & Licenses	Red Hat Enterprise Linux Server-Virtualization	HPE OCA > OCA Solution > Software & Licenses > Red Hat Enterprise Linux Server-Virtualization	Discontinued Hardware	Discontinued	0	Discontinued	[DISCONTINUED] SKU present in previous scrape but removed from active catalog	S4R36A	Standard	[REMOVED SKU] Red Hat Enterprise Linux Virtual Datacenter 2 Sockets 5-year Subscription 9x5 Support LTU	0	15119.00	-	0.00	-	No					10/07/2024	2026-09-09		REMOVED	15119.00	-$15119.00	-100.00%	2026-09-09: $15119.00 (✕ REMOVED)
Software & Licenses	Red Hat Enterprise Linux Server-Virtualization	HPE OCA > OCA Solution > Software & Licenses > Red Hat Enterprise Linux Server-Virtualization	Discontinued Hardware	Discontinued	0	Discontinued	[DISCONTINUED] SKU present in previous scrape but removed from active catalog	S4R37A	Standard	[REMOVED SKU] Red Hat Enterprise Linux Server 2 Sockets or 2 Guests 1-year Subscription 24x7 Support LTU	0	1429.00	-	0.00	-	No					10/07/2024	2026-09-09		REMOVED	1429.00	-$1429.00	-100.00%	2026-09-09: $1429.00 (✕ REMOVED)
Software & Licenses	Red Hat Enterprise Linux Server-Virtualization	HPE OCA > OCA Solution > Software & Licenses > Red Hat Enterprise Linux Server-Virtualization	Discontinued Hardware	Discontinued	0	Discontinued	[DISCONTINUED] SKU present in previous scrape but removed from active catalog	S4R38A	Standard	[REMOVED SKU] Red Hat Enterprise Linux Server 2 Sockets or 2 Guests 3-year Subscription 24x7 Support LTU	0	4072.00	-	0.00	-	No					10/07/2024	2026-09-09		REMOVED	4072.00	-$4072.00	-100.00%	2026-09-09: $4072.00 (✕ REMOVED)
Software & Licenses	Red Hat Enterprise Linux Server-Virtualization	HPE OCA > OCA Solution > Software & Licenses > Red Hat Enterprise Linux Server-Virtualization	Discontinued Hardware	Discontinued	0	Discontinued	[DISCONTINUED] SKU present in previous scrape but removed from active catalog	S4R39A	Standard	[REMOVED SKU] Red Hat Enterprise Linux Server 2 Sockets or 2 Guests 5-year Subscription 24x7 Support LTU	0	6787.00	-	0.00	-	No					10/07/2024	2026-09-09		REMOVED	6787.00	-$6787.00	-100.00%	2026-09-09: $6787.00 (✕ REMOVED)
Software & Licenses	Red Hat Enterprise Linux Server-Virtualization	HPE OCA > OCA Solution > Software & Licenses > Red Hat Enterprise Linux Server-Virtualization	Discontinued Hardware	Discontinued	0	Discontinued	[DISCONTINUED] SKU present in previous scrape but removed from active catalog	S4R40A	Standard	[REMOVED SKU] Red Hat Enterprise Linux Server 2 Sockets or 2 Guests 1-year Subscription 9x5 Support LTU	0	879.00	-	0.00	-	No					10/07/2024	2026-09-09		REMOVED	879.00	-$879.00	-100.00%	2026-09-09: $879.00 (✕ REMOVED)
Software & Licenses	Red Hat Enterprise Linux Server-Virtualization	HPE OCA > OCA Solution > Software & Licenses > Red Hat Enterprise Linux Server-Virtualization	Discontinued Hardware	Discontinued	0	Discontinued	[DISCONTINUED] SKU present in previous scrape but removed from active catalog	S4R41A	Standard	[REMOVED SKU] Red Hat Enterprise Linux Server 2 Sockets or 2 Guests 3-year Subscription 9x5 Support LTU	0	2505.00	-	0.00	-	No					10/07/2024	2026-09-09		REMOVED	2505.00	-$2505.00	-100.00%	2026-09-09: $2505.00 (✕ REMOVED)
Software & Licenses	Red Hat Enterprise Linux Server-Virtualization	HPE OCA > OCA Solution > Software & Licenses > Red Hat Enterprise Linux Server-Virtualization	Discontinued Hardware	Discontinued	0	Discontinued	[DISCONTINUED] SKU present in previous scrape but removed from active catalog	S4R42A	Standard	[REMOVED SKU] Red Hat Enterprise Linux Server 2 Sockets or 2 Guests 5-year Subscription 9x5 Support LTU	0	4175.00	-	0.00	-	No					10/07/2024	2026-09-09		REMOVED	4175.00	-$4175.00	-100.00%	2026-09-09: $4175.00 (✕ REMOVED)
Software & Licenses	Red Hat Enterprise Linux Server-Virtualization	HPE OCA > OCA Solution > Software & Licenses > Red Hat Enterprise Linux Server-Virtualization	Discontinued Hardware	Discontinued	0	Discontinued	[DISCONTINUED] SKU present in previous scrape but removed from active catalog	S4R43A	Standard	[REMOVED SKU] Red Hat Enterprise Linux Server 2 Sockets 1 Guest 1-year Subscription 24x7 Support LTU	0	1429.00	-	0.00	-	No					10/07/2024	2026-09-09		REMOVED	1429.00	-$1429.00	-100.00%	2026-09-09: $1429.00 (✕ REMOVED)
Software & Licenses	Red Hat Enterprise Linux Server-Virtualization	HPE OCA > OCA Solution > Software & Licenses > Red Hat Enterprise Linux Server-Virtualization	Discontinued Hardware	Discontinued	0	Discontinued	[DISCONTINUED] SKU present in previous scrape but removed from active catalog	S4R44A	Standard	[REMOVED SKU] Red Hat Enterprise Linux Server 2 Sockets 1 Guest 1-year Subscription 9x5 Support LTU	0	879.00	-	0.00	-	No					10/07/2024	2026-09-09		REMOVED	879.00	-$879.00	-100.00%	2026-09-09: $879.00 (✕ REMOVED)
Software & Licenses	Red Hat Enterprise Linux Server-Virtualization	HPE OCA > OCA Solution > Software & Licenses > Red Hat Enterprise Linux Server-Virtualization	Discontinued Hardware	Discontinued	0	Discontinued	[DISCONTINUED] SKU present in previous scrape but removed from active catalog	S4R45A	Standard	[REMOVED SKU] Red Hat Enterprise Linux Server 2 Sockets 4 Guests 1-year Subscription 24x7 Support LTU	0	2144.00	-	0.00	-	No					10/07/2024	2026-09-09		REMOVED	2144.00	-$2144.00	-100.00%	2026-09-09: $2144.00 (✕ REMOVED)
Software & Licenses	Red Hat Enterprise Linux Server-Virtualization	HPE OCA > OCA Solution > Software & Licenses > Red Hat Enterprise Linux Server-Virtualization	Discontinued Hardware	Discontinued	0	Discontinued	[DISCONTINUED] SKU present in previous scrape but removed from active catalog	S4R46A	Standard	[REMOVED SKU] Red Hat Enterprise Linux Server 2 Sockets 4 Guests 1-year Subscription 9x5 Support LTU	0	1319.00	-	0.00	-	No					10/07/2024	2026-09-09		REMOVED	1319.00	-$1319.00	-100.00%	2026-09-09: $1319.00 (✕ REMOVED)
Software & Licenses	Red Hat Enterprise Linux Server-Virtualization	HPE OCA > OCA Solution > Software & Licenses > Red Hat Enterprise Linux Server-Virtualization	Discontinued Hardware	Discontinued	0	Discontinued	[DISCONTINUED] SKU present in previous scrape but removed from active catalog	S4R47A	Standard	[REMOVED SKU] Red Hat Enterprise Linux Server 2 Sockets 4 Guests 3-year Subscription 24x7 Support LTU	0	6110.00	-	0.00	-	No					10/07/2024	2026-09-09		REMOVED	6110.00	-$6110.00	-100.00%	2026-09-09: $6110.00 (✕ REMOVED)
Software & Licenses	Red Hat Enterprise Linux Server-Virtualization	HPE OCA > OCA Solution > Software & Licenses > Red Hat Enterprise Linux Server-Virtualization	Discontinued Hardware	Discontinued	0	Discontinued	[DISCONTINUED] SKU present in previous scrape but removed from active catalog	S4R48A	Standard	[REMOVED SKU] Red Hat Enterprise Linux Server 2 Sockets 4 Guests 3-year Subscription 9x5 Support LTU	0	3759.00	-	0.00	-	No					10/07/2024	2026-09-09		REMOVED	3759.00	-$3759.00	-100.00%	2026-09-09: $3759.00 (✕ REMOVED)
Accessories & Infrastructure	Compute Ops Management Enablement SKUs	HPE OCA > OCA Solution > Accessories & Infrastructure > Compute Ops Management Enablement SKUs	Discontinued Hardware	Discontinued	0	Discontinued	[DISCONTINUED] SKU present in previous scrape but removed from active catalog	S1A05A	Standard	[REMOVED SKU] HPE Compute Cloud Management Server FIO Enablement	0	1.00	-	0.00	-	No					04/01/2024	2026-09-09		REMOVED	1.00	-$1.00	-100.00%	2026-09-09: $1.00 (✕ REMOVED)
Software & Licenses	High Availability Computing - Cluster Software	HPE OCA > OCA Solution > Software & Licenses > High Availability Computing - Cluster Software	Discontinued Hardware	Discontinued	0	Discontinued	[DISCONTINUED] SKU present in previous scrape but removed from active catalog	S4T26A	Standard	[REMOVED SKU] Red Hat High Availability 2 Sockets Unlimited Guests 1-year Subscription LTU	0	1506.00	-	0.00	-	No					10/07/2024	2026-09-09		REMOVED	1506.00	-$1506.00	-100.00%	2026-09-09: $1506.00 (✕ REMOVED)
Software & Licenses	High Availability Computing - Cluster Software	HPE OCA > OCA Solution > Software & Licenses > High Availability Computing - Cluster Software	Discontinued Hardware	Discontinued	0	Discontinued	[DISCONTINUED] SKU present in previous scrape but removed from active catalog	S4T27A	Standard	[REMOVED SKU] Red Hat High Availability 2 Sockets Unlimited Guests 3-year Subscription LTU	0	4519.00	-	0.00	-	No					10/07/2024	2026-09-09		REMOVED	4519.00	-$4519.00	-100.00%	2026-09-09: $4519.00 (✕ REMOVED)
Software & Licenses	High Availability Computing - Cluster Software	HPE OCA > OCA Solution > Software & Licenses > High Availability Computing - Cluster Software	Discontinued Hardware	Discontinued	0	Discontinued	[DISCONTINUED] SKU present in previous scrape but removed from active catalog	S4T22A	Standard	[REMOVED SKU] Red Hat High Availability 2 Sockets or 2 Guests 1-year Subscription LTU	0	439.00	-	0.00	-	No					10/07/2024	2026-09-09		REMOVED	439.00	-$439.00	-100.00%	2026-09-09: $439.00 (✕ REMOVED)
Software & Licenses	High Availability Computing - Cluster Software	HPE OCA > OCA Solution > Software & Licenses > High Availability Computing - Cluster Software	Discontinued Hardware	Discontinued	0	Discontinued	[DISCONTINUED] SKU present in previous scrape but removed from active catalog	S4T23A	Standard	[REMOVED SKU] Red Hat High Availability 2 Sockets or 2 Guests 3-year Subscription LTU	0	1251.00	-	0.00	-	No					10/07/2024	2026-09-09		REMOVED	1251.00	-$1251.00	-100.00%	2026-09-09: $1251.00 (✕ REMOVED)
Software & Licenses	High Availability Computing - Cluster Software	HPE OCA > OCA Solution > Software & Licenses > High Availability Computing - Cluster Software	Discontinued Hardware	Discontinued	0	Discontinued	[DISCONTINUED] SKU present in previous scrape but removed from active catalog	S4T24A	Standard	[REMOVED SKU] Red Hat Resilient Storage 2 Sockets or 2 Guests 1-year Subscription LTU	0	879.00	-	0.00	-	No					10/07/2024	2026-09-09		REMOVED	879.00	-$879.00	-100.00%	2026-09-09: $879.00 (✕ REMOVED)
Software & Licenses	High Availability Computing - Cluster Software	HPE OCA > OCA Solution > Software & Licenses > High Availability Computing - Cluster Software	Discontinued Hardware	Discontinued	0	Discontinued	[DISCONTINUED] SKU present in previous scrape but removed from active catalog	S4T25A	Standard	[REMOVED SKU] Red Hat Resilient Storage 2 Sockets or 2 Guests 3-year Subscription LTU	0	2637.00	-	0.00	-	No					10/07/2024	2026-09-09		REMOVED	2637.00	-$2637.00	-100.00%	2026-09-09: $2637.00 (✕ REMOVED)
Software & Licenses	High Availability Computing - Cluster Software	HPE OCA > OCA Solution > Software & Licenses > High Availability Computing - Cluster Software	Discontinued Hardware	Discontinued	0	Discontinued	[DISCONTINUED] SKU present in previous scrape but removed from active catalog	R2A03A	Standard	[REMOVED SKU] Red Hat Satellite 2 Sockets Unlimited Guests 1yr Subscription Flexible LTU	0	1482.00	-	0.00	-	No					02/04/2019	2026-09-09		REMOVED	1482.00	-$1482.00	-100.00%	2026-09-09: $1482.00 (✕ REMOVED)
Software & Licenses	High Availability Computing - Cluster Software	HPE OCA > OCA Solution > Software & Licenses > High Availability Computing - Cluster Software	Discontinued Hardware	Discontinued	0	Discontinued	[DISCONTINUED] SKU present in previous scrape but removed from active catalog	R2A04A	Standard	[REMOVED SKU] Red Hat Satellite 2 Sockets Unlimited Guests 3-year Subscription Flexible LTU	0	4447.00	-	0.00	-	No					02/04/2019	2026-09-09		REMOVED	4447.00	-$4447.00	-100.00%	2026-09-09: $4447.00 (✕ REMOVED)
Software & Licenses	High Availability Computing - Cluster Software	HPE OCA > OCA Solution > Software & Licenses > High Availability Computing - Cluster Software	Discontinued Hardware	Discontinued	0	Discontinued	[DISCONTINUED] SKU present in previous scrape but removed from active catalog	R2A05A	Standard	[REMOVED SKU] Red Hat Satellite 2 Sockets Unlimited Guests 5-year Subscription Flexible LTU	0	7411.00	-	0.00	-	No					02/04/2019	2026-09-09		REMOVED	7411.00	-$7411.00	-100.00%	2026-09-09: $7411.00 (✕ REMOVED)
Software & Licenses	High Availability Computing - Cluster Software	HPE OCA > OCA Solution > Software & Licenses > High Availability Computing - Cluster Software	Discontinued Hardware	Discontinued	0	Discontinued	[DISCONTINUED] SKU present in previous scrape but removed from active catalog	R2A00A	Standard	[REMOVED SKU] Red Hat Satellite 2 Sockets or 2 Guests 1yr Subscription Flexible LTU	0	385.00	-	0.00	-	No					02/04/2019	2026-09-09		REMOVED	385.00	-$385.00	-100.00%	2026-09-09: $385.00 (✕ REMOVED)
Software & Licenses	High Availability Computing - Cluster Software	HPE OCA > OCA Solution > Software & Licenses > High Availability Computing - Cluster Software	Discontinued Hardware	Discontinued	0	Discontinued	[DISCONTINUED] SKU present in previous scrape but removed from active catalog	R2A01A	Standard	[REMOVED SKU] Red Hat Satellite 2 Sockets or 2 Guests 3-year Subscription Flexible LTU	0	1097.00	-	0.00	-	No					02/04/2019	2026-09-09		REMOVED	1097.00	-$1097.00	-100.00%	2026-09-09: $1097.00 (✕ REMOVED)
Software & Licenses	High Availability Computing - Cluster Software	HPE OCA > OCA Solution > Software & Licenses > High Availability Computing - Cluster Software	Discontinued Hardware	Discontinued	0	Discontinued	[DISCONTINUED] SKU present in previous scrape but removed from active catalog	R2A02A	Standard	[REMOVED SKU] Red Hat Satellite 2 Sockets or 2 Guests 5-year Subscription Flexible LTU	0	1828.00	-	0.00	-	No					02/04/2019	2026-09-09		REMOVED	1828.00	-$1828.00	-100.00%	2026-09-09: $1828.00 (✕ REMOVED)
Software & Licenses	iLO	HPE OCA > OCA Solution > Software & Licenses > iLO	Discontinued Hardware	Discontinued	0	Discontinued	[DISCONTINUED] SKU present in previous scrape but removed from active catalog	E5Y44A	Standard	[REMOVED SKU] HPE OneView for ProLiant DL Server including 3yr 24x7 Support Bundle Track 1-server LTU	0	799.00	-	0.00	-	No					11/01/2013	2026-09-09		REMOVED	799.00	-$799.00	-100.00%	2026-09-09: $799.00 (✕ REMOVED)
Software & Licenses	iLO	HPE OCA > OCA Solution > Software & Licenses > iLO	Discontinued Hardware	Discontinued	0	Discontinued	[DISCONTINUED] SKU present in previous scrape but removed from active catalog	E5Y43A	Standard	[REMOVED SKU] HPE OneView for ProLiant DL Server including 3yr 24x7 Support FIO Bundle Physical 1-server LTU	0	849.00	-	0.00	-	No					11/01/2013	2026-09-09		REMOVED	849.00	-$849.00	-100.00%	2026-09-09: $849.00 (✕ REMOVED)
Software & Licenses	iLO	HPE OCA > OCA Solution > Software & Licenses > iLO	Discontinued Hardware	Discontinued	0	Discontinued	[DISCONTINUED] SKU present in previous scrape but removed from active catalog	E5Y36A	Standard	[REMOVED SKU] HPE OneView including 3yr 24x7 Support Track 1-server LTU	0	999.00	-	0.00	-	No					11/01/2013	2026-09-09		REMOVED	999.00	-$999.00	-100.00%	2026-09-09: $999.00 (✕ REMOVED)
Software & Licenses	iLO	HPE OCA > OCA Solution > Software & Licenses > iLO	Discontinued Hardware	Discontinued	0	Discontinued	[DISCONTINUED] SKU present in previous scrape but removed from active catalog	P8B31A	Standard	[REMOVED SKU] HPE OneView w/o iLO including 3yr 24x7 Support 1-server FIO LTU	0	480.00	-	0.00	-	No					10/09/2015	2026-09-09		REMOVED	480.00	-$480.00	-100.00%	2026-09-09: $480.00 (✕ REMOVED)
Software & Licenses	iLO	HPE OCA > OCA Solution > Software & Licenses > iLO	Discontinued Hardware	Discontinued	0	Discontinued	[DISCONTINUED] SKU present in previous scrape but removed from active catalog	P8B25A	Standard	[REMOVED SKU] HPE OneView w/o iLO including 3yr 24x7 Support Track 1-server LTU	0	499.00	-	0.00	-	No					10/09/2015	2026-09-09		REMOVED	499.00	-$499.00	-100.00%	2026-09-09: $499.00 (✕ REMOVED)
Storage Controllers	Energy Star	HPE OCA > OCA Solution > Storage Controllers > Energy Star	Discontinued Hardware	Discontinued	0	Discontinued	[DISCONTINUED] SKU present in previous scrape but removed from active catalog	R7J57A	Standard	[REMOVED SKU] Intel Virtual RAID on CPU Premium FIO Software for HPE	0	371.00	-	0.00	-	No					04/06/2021	2026-09-09		REMOVED	371.00	-$371.00	-100.00%	2026-09-09: $371.00 (✕ REMOVED)
Storage Controllers	Energy Star	HPE OCA > OCA Solution > Storage Controllers > Energy Star	Discontinued Hardware	Discontinued	0	Discontinued	[DISCONTINUED] SKU present in previous scrape but removed from active catalog	S3Q19A	Standard	[REMOVED SKU] Intel Virtual RAID on CPU RAID 1 FIO Software for HPE	0	229.00	-	0.00	-	No					04/01/2024	2026-09-09		REMOVED	229.00	-$229.00	-100.00%	2026-09-09: $229.00 (✕ REMOVED)
Software & Licenses	MS Windows Server	HPE OCA > OCA Solution > Software & Licenses > MS Windows Server	Discontinued Hardware	Discontinued	0	Discontinued	[DISCONTINUED] SKU present in previous scrape but removed from active catalog	P45916-291	Standard	[REMOVED SKU] Microsoft Windows Server 2022 16-core Datacenter FIO Not Pre-installed Japanese SW	0	99999.00	-	0.00	-	No					12/06/2021	2026-09-09		REMOVED	99999.00	-$99999.00	-100.00%	2026-09-09: $99999.00 (✕ REMOVED)
Software & Licenses	MS Windows Server	HPE OCA > OCA Solution > Software & Licenses > MS Windows Server	Discontinued Hardware	Discontinued	0	Discontinued	[DISCONTINUED] SKU present in previous scrape but removed from active catalog	P45916-B21	Standard	[REMOVED SKU] Microsoft Windows Server 2022 16-core Datacenter FIO Not Pre-installed en/fr/it/de/es/nl/pt SW	0	4946.00	-	0.00	-	No					12/06/2021	2026-09-09		REMOVED	4946.00	-$4946.00	-100.00%	2026-09-09: $4946.00 (✕ REMOVED)
Software & Licenses	MS Windows Server	HPE OCA > OCA Solution > Software & Licenses > MS Windows Server	Discontinued Hardware	Discontinued	0	Discontinued	[DISCONTINUED] SKU present in previous scrape but removed from active catalog	P46005-291	Standard	[REMOVED SKU] Microsoft Windows Server 2022 16-core Standard FIO Not Pre-installed Japanese SW	0	99999.00	-	0.00	-	No					12/06/2021	2026-09-09		REMOVED	99999.00	-$99999.00	-100.00%	2026-09-09: $99999.00 (✕ REMOVED)
Software & Licenses	MS Windows Server	HPE OCA > OCA Solution > Software & Licenses > MS Windows Server	Discontinued Hardware	Discontinued	0	Discontinued	[DISCONTINUED] SKU present in previous scrape but removed from active catalog	P46005-B21	Standard	[REMOVED SKU] Microsoft Windows Server 2022 16-core Standard FIO Not Pre-installed en/fr/it/de/es/nl/pt SW	0	988.00	-	0.00	-	No					12/06/2021	2026-09-09		REMOVED	988.00	-$988.00	-100.00%	2026-09-09: $988.00 (✕ REMOVED)
Software & Licenses	MS Windows Server	HPE OCA > OCA Solution > Software & Licenses > MS Windows Server	Discontinued Hardware	Discontinued	0	Discontinued	[DISCONTINUED] SKU present in previous scrape but removed from active catalog	P46155-291	Standard	[REMOVED SKU] Microsoft Windows Server 2022 16-core Standard FIO Pre-installed UEFI Japanese SW	0	99999.00	-	0.00	-	No					05/02/2022	2026-09-09		REMOVED	99999.00	-$99999.00	-100.00%	2026-09-09: $99999.00 (✕ REMOVED)
Software & Licenses	MS Windows Server	HPE OCA > OCA Solution > Software & Licenses > MS Windows Server	Discontinued Hardware	Discontinued	0	Discontinued	[DISCONTINUED] SKU present in previous scrape but removed from active catalog	P46155-B21	Standard	[REMOVED SKU] Microsoft Windows Server 2022 16-core Standard FIO Pre-installed UEFI en/fr/it/de/es/nl/pt SW	0	988.00	-	0.00	-	No					05/02/2022	2026-09-09		REMOVED	988.00	-$988.00	-100.00%	2026-09-09: $988.00 (✕ REMOVED)
Software & Licenses	MS Windows Server	HPE OCA > OCA Solution > Software & Licenses > MS Windows Server	Discontinued Hardware	Discontinued	0	Discontinued	[DISCONTINUED] SKU present in previous scrape but removed from active catalog	P46195-B21	Standard	[REMOVED SKU] Microsoft Windows Server 2022 16-core Std Add Lic en/cs/de/es/fr/it/nl/pl/pt/ru/sv/ko/ja/xc SW	0	1087.00	-	0.00	-	No					11/01/2021	2026-09-09		REMOVED	1087.00	-$1087.00	-100.00%	2026-09-09: $1087.00 (✕ REMOVED)
Software & Licenses	MS Windows Server	HPE OCA > OCA Solution > Software & Licenses > MS Windows Server	Discontinued Hardware	Discontinued	0	Discontinued	[DISCONTINUED] SKU present in previous scrape but removed from active catalog	P46196-B21	Standard	[REMOVED SKU] Microsoft Windows Server 2022 4-core Std Add Lic en/cs/de/es/fr/it/nl/pl/pt/ru/sv/ko/ja/xc SW	0	272.00	-	0.00	-	No					11/01/2021	2026-09-09		REMOVED	272.00	-$272.00	-100.00%	2026-09-09: $272.00 (✕ REMOVED)
Software & Licenses	MS Windows Server	HPE OCA > OCA Solution > Software & Licenses > MS Windows Server	Discontinued Hardware	Discontinued	0	Discontinued	[DISCONTINUED] SKU present in previous scrape but removed from active catalog	P46199-AA1	Standard	[REMOVED SKU] Microsoft Windows Server 2022 2-core Standard Additional License Chinese Simplified SW	0	99999.00	-	0.00	-	No					11/01/2021	2026-09-09		REMOVED	99999.00	-$99999.00	-100.00%	2026-09-09: $99999.00 (✕ REMOVED)
Software & Licenses	MS Windows Server	HPE OCA > OCA Solution > Software & Licenses > MS Windows Server	Discontinued Hardware	Discontinued	0	Discontinued	[DISCONTINUED] SKU present in previous scrape but removed from active catalog	P46199-AB1	Standard	[REMOVED SKU] Microsoft Windows Server 2022 2-core Standard Additional License Chinese Traditional SW	0	99999.00	-	0.00	-	No					11/01/2021	2026-09-09		REMOVED	99999.00	-$99999.00	-100.00%	2026-09-09: $99999.00 (✕ REMOVED)
Software & Licenses	MS Windows Server	HPE OCA > OCA Solution > Software & Licenses > MS Windows Server	Discontinued Hardware	Discontinued	0	Discontinued	[DISCONTINUED] SKU present in previous scrape but removed from active catalog	P46199-B21	Standard	[REMOVED SKU] Microsoft Windows Server 2022 2-core Std Add Lic en/cs/de/es/fr/it/nl/pl/pt/ru/sv/ko/ja/xc SW	0	136.00	-	0.00	-	No					10/04/2021	2026-09-09		REMOVED	136.00	-$136.00	-100.00%	2026-09-09: $136.00 (✕ REMOVED)
Software & Licenses	MS Windows Server	HPE OCA > OCA Solution > Software & Licenses > MS Windows Server	Discontinued Hardware	Discontinued	0	Discontinued	[DISCONTINUED] SKU present in previous scrape but removed from active catalog	P46212-B21	Standard	[REMOVED SKU] Microsoft Windows Server 2022 16-core DC Add Lic en/cs/de/es/fr/it/nl/pl/pt/ru/sv/ko/ja/xc SW	0	4946.00	-	0.00	-	No					11/01/2021	2026-09-09		REMOVED	4946.00	-$4946.00	-100.00%	2026-09-09: $4946.00 (✕ REMOVED)
Software & Licenses	MS Windows Server	HPE OCA > OCA Solution > Software & Licenses > MS Windows Server	Discontinued Hardware	Discontinued	0	Discontinued	[DISCONTINUED] SKU present in previous scrape but removed from active catalog	P46213-B21	Standard	[REMOVED SKU] Microsoft Windows Server 2022 4-core DC Add Lic en/cs/de/es/fr/it/nl/pl/pt/ru/sv/ko/ja/xc SW	0	1238.00	-	0.00	-	No					11/01/2021	2026-09-09		REMOVED	1238.00	-$1238.00	-100.00%	2026-09-09: $1238.00 (✕ REMOVED)
Software & Licenses	MS Windows Server	HPE OCA > OCA Solution > Software & Licenses > MS Windows Server	Discontinued Hardware	Discontinued	0	Discontinued	[DISCONTINUED] SKU present in previous scrape but removed from active catalog	P46214-B21	Standard	[REMOVED SKU] Microsoft Windows Server 2022 2-core DC Add Lic en/cs/de/es/fr/it/nl/pl/pt/ru/sv/ko/ja/xc SW	0	619.00	-	0.00	-	No					10/04/2021	2026-09-09		REMOVED	619.00	-$619.00	-100.00%	2026-09-09: $619.00 (✕ REMOVED)
Software & Licenses	MS Windows Server	HPE OCA > OCA Solution > Software & Licenses > MS Windows Server	Discontinued Hardware	Discontinued	0	Discontinued	[DISCONTINUED] SKU present in previous scrape but removed from active catalog	P77095-B21	Standard	[REMOVED SKU] Microsoft Windows Server 2025 16-core Standard FIO Not Pre-installed en/fr/de/es/it/pt/nl SW	0	1147.00	-	0.00	-	No					12/02/2024	2026-09-09		REMOVED	1147.00	-$1147.00	-100.00%	2026-09-09: $1147.00 (✕ REMOVED)
Software & Licenses	MS Windows Server	HPE OCA > OCA Solution > Software & Licenses > MS Windows Server	Discontinued Hardware	Discontinued	0	Discontinued	[DISCONTINUED] SKU present in previous scrape but removed from active catalog	P77096-B21	Standard	[REMOVED SKU] Microsoft Windows Server 2025 16-core Standard FIO Pre-installed UEFI en/fr/de/es/it/pt/nl SW	0	1147.00	-	0.00	-	No					12/02/2024	2026-09-09		REMOVED	1147.00	-$1147.00	-100.00%	2026-09-09: $1147.00 (✕ REMOVED)
Software & Licenses	MS Windows Server	HPE OCA > OCA Solution > Software & Licenses > MS Windows Server	Discontinued Hardware	Discontinued	0	Discontinued	[DISCONTINUED] SKU present in previous scrape but removed from active catalog	P77097-B21	Standard	[REMOVED SKU] Microsoft Windows Server 2025 16-core Datacenter FIO Not Pre-installed en/fr/de/es/it/pt/nl SW	0	5712.00	-	0.00	-	No					12/02/2024	2026-09-09		REMOVED	5712.00	-$5712.00	-100.00%	2026-09-09: $5712.00 (✕ REMOVED)
Software & Licenses	MS Windows Server	HPE OCA > OCA Solution > Software & Licenses > MS Windows Server	Discontinued Hardware	Discontinued	0	Discontinued	[DISCONTINUED] SKU present in previous scrape but removed from active catalog	P77104-B21	Standard	[REMOVED SKU] Microsoft Windows Server 2025 16-core Standard Additional License WW SW	0	1258.00	-	0.00	-	No					12/02/2024	2026-09-09		REMOVED	1258.00	-$1258.00	-100.00%	2026-09-09: $1258.00 (✕ REMOVED)
Software & Licenses	MS Windows Server	HPE OCA > OCA Solution > Software & Licenses > MS Windows Server	Discontinued Hardware	Discontinued	0	Discontinued	[DISCONTINUED] SKU present in previous scrape but removed from active catalog	P77105-B21	Standard	[REMOVED SKU] Microsoft Windows Server 2025 4-core Standard Additional License WW SW	0	320.00	-	0.00	-	No					12/02/2024	2026-09-09		REMOVED	320.00	-$320.00	-100.00%	2026-09-09: $320.00 (✕ REMOVED)
Software & Licenses	MS Windows Server	HPE OCA > OCA Solution > Software & Licenses > MS Windows Server	Discontinued Hardware	Discontinued	0	Discontinued	[DISCONTINUED] SKU present in previous scrape but removed from active catalog	P77106-B21	Standard	[REMOVED SKU] Microsoft Windows Server 2025 2-core Standard Additional License WW SW	0	164.00	-	0.00	-	No					12/02/2024	2026-09-09		REMOVED	164.00	-$164.00	-100.00%	2026-09-09: $164.00 (✕ REMOVED)
Software & Licenses	MS Windows Server	HPE OCA > OCA Solution > Software & Licenses > MS Windows Server	Discontinued Hardware	Discontinued	0	Discontinued	[DISCONTINUED] SKU present in previous scrape but removed from active catalog	P77107-B21	Standard	[REMOVED SKU] Microsoft Windows Server 2025 16-core Datacenter Additional License WW SW	0	5712.00	-	0.00	-	No					12/02/2024	2026-09-09		REMOVED	5712.00	-$5712.00	-100.00%	2026-09-09: $5712.00 (✕ REMOVED)
Software & Licenses	MS Windows Server	HPE OCA > OCA Solution > Software & Licenses > MS Windows Server	Discontinued Hardware	Discontinued	0	Discontinued	[DISCONTINUED] SKU present in previous scrape but removed from active catalog	P77108-B21	Standard	[REMOVED SKU] Microsoft Windows Server 2025 4-core Datacenter Additional License WW SW	0	1434.00	-	0.00	-	No					12/02/2024	2026-09-09		REMOVED	1434.00	-$1434.00	-100.00%	2026-09-09: $1434.00 (✕ REMOVED)
Software & Licenses	MS Windows Server	HPE OCA > OCA Solution > Software & Licenses > MS Windows Server	Discontinued Hardware	Discontinued	0	Discontinued	[DISCONTINUED] SKU present in previous scrape but removed from active catalog	P77109-B21	Standard	[REMOVED SKU] Microsoft Windows Server 2025 2-core Datacenter Additional License WW SW	0	721.00	-	0.00	-	No					12/02/2024	2026-09-09		REMOVED	721.00	-$721.00	-100.00%	2026-09-09: $721.00 (✕ REMOVED)
Software & Licenses	MS Windows Server	HPE OCA > OCA Solution > Software & Licenses > MS Windows Server	Discontinued Hardware	Discontinued	0	Discontinued	[DISCONTINUED] SKU present in previous scrape but removed from active catalog	S6K30B	Standard	[REMOVED SKU] Microsoft Windows Server 2025 16-core Standard FIO Not Pre-installed WW ESD LTU	0	1147.00	-	0.00	-	No					09/02/2025	2026-09-09		REMOVED	1147.00	-$1147.00	-100.00%	2026-09-09: $1147.00 (✕ REMOVED)
Software & Licenses	MS Windows Server	HPE OCA > OCA Solution > Software & Licenses > MS Windows Server	Discontinued Hardware	Discontinued	0	Discontinued	[DISCONTINUED] SKU present in previous scrape but removed from active catalog	S6L35B	Standard	[REMOVED SKU] Microsoft Windows Server 2025 16-core Datacenter FIO Not Pre-installed WW ESD LTU	0	5712.00	-	0.00	-	No					09/02/2025	2026-09-09		REMOVED	5712.00	-$5712.00	-100.00%	2026-09-09: $5712.00 (✕ REMOVED)
Software & Licenses	MS Windows Server	HPE OCA > OCA Solution > Software & Licenses > MS Windows Server	Discontinued Hardware	Discontinued	0	Discontinued	[DISCONTINUED] SKU present in previous scrape but removed from active catalog	P11086-B21	Standard	[REMOVED SKU] Microsoft Windows Server 2016 Downgrade Datacenter FIO Not Pre-installed English SW	0	20.00	-	0.00	-	No					04/02/2019	2026-09-09		REMOVED	20.00	-$20.00	-100.00%	2026-09-09: $20.00 (✕ REMOVED)
Software & Licenses	MS Windows Server	HPE OCA > OCA Solution > Software & Licenses > MS Windows Server	Discontinued Hardware	Discontinued	0	Discontinued	[DISCONTINUED] SKU present in previous scrape but removed from active catalog	P11086-051	Standard	[REMOVED SKU] Microsoft Windows Server 2016 Downgrade Datacenter FIO Not Pre-installed French SW	0	20.00	-	0.00	-	No					04/02/2019	2026-09-09		REMOVED	20.00	-$20.00	-100.00%	2026-09-09: $20.00 (✕ REMOVED)
Software & Licenses	MS Windows Server	HPE OCA > OCA Solution > Software & Licenses > MS Windows Server	Discontinued Hardware	Discontinued	0	Discontinued	[DISCONTINUED] SKU present in previous scrape but removed from active catalog	P11086-041	Standard	[REMOVED SKU] Microsoft Windows Server 2016 Downgrade Datacenter FIO Not Pre-installed German SW	0	20.00	-	0.00	-	No					04/02/2019	2026-09-09		REMOVED	20.00	-$20.00	-100.00%	2026-09-09: $20.00 (✕ REMOVED)
Software & Licenses	MS Windows Server	HPE OCA > OCA Solution > Software & Licenses > MS Windows Server	Discontinued Hardware	Discontinued	0	Discontinued	[DISCONTINUED] SKU present in previous scrape but removed from active catalog	P11086-061	Standard	[REMOVED SKU] Microsoft Windows Server 2016 Downgrade Datacenter FIO Not Pre-installed Italian SW	0	20.00	-	0.00	-	No					04/02/2019	2026-09-09		REMOVED	20.00	-$20.00	-100.00%	2026-09-09: $20.00 (✕ REMOVED)
Software & Licenses	MS Windows Server	HPE OCA > OCA Solution > Software & Licenses > MS Windows Server	Discontinued Hardware	Discontinued	0	Discontinued	[DISCONTINUED] SKU present in previous scrape but removed from active catalog	P11086-071	Standard	[REMOVED SKU] Microsoft Windows Server 2016 Downgrade Datacenter FIO Not Pre-installed Spanish SW	0	20.00	-	0.00	-	No					04/02/2019	2026-09-09		REMOVED	20.00	-$20.00	-100.00%	2026-09-09: $20.00 (✕ REMOVED)
Software & Licenses	MS Windows Server	HPE OCA > OCA Solution > Software & Licenses > MS Windows Server	Discontinued Hardware	Discontinued	0	Discontinued	[DISCONTINUED] SKU present in previous scrape but removed from active catalog	P11083-B21	Standard	[REMOVED SKU] Microsoft Windows Server 2016 Downgrade Standard FIO Not Pre-installed English SW	0	20.00	-	0.00	-	No					04/02/2019	2026-09-09		REMOVED	20.00	-$20.00	-100.00%	2026-09-09: $20.00 (✕ REMOVED)
Software & Licenses	MS Windows Server	HPE OCA > OCA Solution > Software & Licenses > MS Windows Server	Discontinued Hardware	Discontinued	0	Discontinued	[DISCONTINUED] SKU present in previous scrape but removed from active catalog	P11083-051	Standard	[REMOVED SKU] Microsoft Windows Server 2016 Downgrade Standard FIO Not Pre-installed French SW	0	20.00	-	0.00	-	No					04/02/2019	2026-09-09		REMOVED	20.00	-$20.00	-100.00%	2026-09-09: $20.00 (✕ REMOVED)
Software & Licenses	MS Windows Server	HPE OCA > OCA Solution > Software & Licenses > MS Windows Server	Discontinued Hardware	Discontinued	0	Discontinued	[DISCONTINUED] SKU present in previous scrape but removed from active catalog	P11083-041	Standard	[REMOVED SKU] Microsoft Windows Server 2016 Downgrade Standard FIO Not Pre-installed German SW	0	20.00	-	0.00	-	No					04/02/2019	2026-09-09		REMOVED	20.00	-$20.00	-100.00%	2026-09-09: $20.00 (✕ REMOVED)
Software & Licenses	MS Windows Server	HPE OCA > OCA Solution > Software & Licenses > MS Windows Server	Discontinued Hardware	Discontinued	0	Discontinued	[DISCONTINUED] SKU present in previous scrape but removed from active catalog	P11083-061	Standard	[REMOVED SKU] Microsoft Windows Server 2016 Downgrade Standard FIO Not Pre-installed Italian SW	0	20.00	-	0.00	-	No					04/02/2019	2026-09-09		REMOVED	20.00	-$20.00	-100.00%	2026-09-09: $20.00 (✕ REMOVED)
Software & Licenses	MS Windows Server	HPE OCA > OCA Solution > Software & Licenses > MS Windows Server	Discontinued Hardware	Discontinued	0	Discontinued	[DISCONTINUED] SKU present in previous scrape but removed from active catalog	P11083-071	Standard	[REMOVED SKU] Microsoft Windows Server 2016 Downgrade Standard FIO Not Pre-installed Spanish SW	0	20.00	-	0.00	-	No					04/02/2019	2026-09-09		REMOVED	20.00	-$20.00	-100.00%	2026-09-09: $20.00 (✕ REMOVED)
Software & Licenses	MS Windows Server	HPE OCA > OCA Solution > Software & Licenses > MS Windows Server	Discontinued Hardware	Discontinued	0	Discontinued	[DISCONTINUED] SKU present in previous scrape but removed from active catalog	P45879-B21	Standard	[REMOVED SKU] Microsoft Windows Server 2019 16-core Downgrade Datacenter FIO Not Pre-installed English SW	0	20.00	-	0.00	-	No					12/06/2021	2026-09-09		REMOVED	20.00	-$20.00	-100.00%	2026-09-09: $20.00 (✕ REMOVED)
Software & Licenses	MS Windows Server	HPE OCA > OCA Solution > Software & Licenses > MS Windows Server	Discontinued Hardware	Discontinued	0	Discontinued	[DISCONTINUED] SKU present in previous scrape but removed from active catalog	P45879-051	Standard	[REMOVED SKU] Microsoft Windows Server 2019 16-core Downgrade Datacenter FIO Not Pre-installed French SW	0	28.00	-	0.00	-	No					12/06/2021	2026-09-09		REMOVED	28.00	-$28.00	-100.00%	2026-09-09: $28.00 (✕ REMOVED)
Software & Licenses	MS Windows Server	HPE OCA > OCA Solution > Software & Licenses > MS Windows Server	Discontinued Hardware	Discontinued	0	Discontinued	[DISCONTINUED] SKU present in previous scrape but removed from active catalog	P45879-041	Standard	[REMOVED SKU] Microsoft Windows Server 2019 16-core Downgrade Datacenter FIO Not Pre-installed German SW	0	20.00	-	0.00	-	No					12/06/2021	2026-09-09		REMOVED	20.00	-$20.00	-100.00%	2026-09-09: $20.00 (✕ REMOVED)
Software & Licenses	MS Windows Server	HPE OCA > OCA Solution > Software & Licenses > MS Windows Server	Discontinued Hardware	Discontinued	0	Discontinued	[DISCONTINUED] SKU present in previous scrape but removed from active catalog	P45879-061	Standard	[REMOVED SKU] Microsoft Windows Server 2019 16-core Downgrade Datacenter FIO Not Pre-installed Italian SW	0	20.00	-	0.00	-	No					12/06/2021	2026-09-09		REMOVED	20.00	-$20.00	-100.00%	2026-09-09: $20.00 (✕ REMOVED)
Software & Licenses	MS Windows Server	HPE OCA > OCA Solution > Software & Licenses > MS Windows Server	Discontinued Hardware	Discontinued	0	Discontinued	[DISCONTINUED] SKU present in previous scrape but removed from active catalog	P45879-291	Standard	[REMOVED SKU] Microsoft Windows Server 2019 16-core Downgrade Datacenter FIO Not Pre-installed Japanese SW	0	99999.00	-	0.00	-	No					12/06/2021	2026-09-09		REMOVED	99999.00	-$99999.00	-100.00%	2026-09-09: $99999.00 (✕ REMOVED)
Software & Licenses	MS Windows Server	HPE OCA > OCA Solution > Software & Licenses > MS Windows Server	Discontinued Hardware	Discontinued	0	Discontinued	[DISCONTINUED] SKU present in previous scrape but removed from active catalog	P45879-071	Standard	[REMOVED SKU] Microsoft Windows Server 2019 16-core Downgrade Datacenter FIO Not Pre-installed Spanish SW	0	20.00	-	0.00	-	No					12/06/2021	2026-09-09		REMOVED	20.00	-$20.00	-100.00%	2026-09-09: $20.00 (✕ REMOVED)
Software & Licenses	MS Windows Server	HPE OCA > OCA Solution > Software & Licenses > MS Windows Server	Discontinued Hardware	Discontinued	0	Discontinued	[DISCONTINUED] SKU present in previous scrape but removed from active catalog	P45862-B21	Standard	[REMOVED SKU] Microsoft Windows Server 2019 16-core Downgrade Standard FIO Not Pre-installed English SW	0	28.00	-	0.00	-	No					12/06/2021	2026-09-09		REMOVED	28.00	-$28.00	-100.00%	2026-09-09: $28.00 (✕ REMOVED)
Software & Licenses	MS Windows Server	HPE OCA > OCA Solution > Software & Licenses > MS Windows Server	Discontinued Hardware	Discontinued	0	Discontinued	[DISCONTINUED] SKU present in previous scrape but removed from active catalog	P45862-051	Standard	[REMOVED SKU] Microsoft Windows Server 2019 16-core Downgrade Standard FIO Not Pre-installed French SW	0	20.00	-	0.00	-	No					12/06/2021	2026-09-09		REMOVED	20.00	-$20.00	-100.00%	2026-09-09: $20.00 (✕ REMOVED)
Software & Licenses	MS Windows Server	HPE OCA > OCA Solution > Software & Licenses > MS Windows Server	Discontinued Hardware	Discontinued	0	Discontinued	[DISCONTINUED] SKU present in previous scrape but removed from active catalog	P45862-041	Standard	[REMOVED SKU] Microsoft Windows Server 2019 16-core Downgrade Standard FIO Not Pre-installed German SW	0	28.00	-	0.00	-	No					12/06/2021	2026-09-09		REMOVED	28.00	-$28.00	-100.00%	2026-09-09: $28.00 (✕ REMOVED)
Software & Licenses	MS Windows Server	HPE OCA > OCA Solution > Software & Licenses > MS Windows Server	Discontinued Hardware	Discontinued	0	Discontinued	[DISCONTINUED] SKU present in previous scrape but removed from active catalog	P45862-061	Standard	[REMOVED SKU] Microsoft Windows Server 2019 16-core Downgrade Standard FIO Not Pre-installed Italian SW	0	28.00	-	0.00	-	No					12/06/2021	2026-09-09		REMOVED	28.00	-$28.00	-100.00%	2026-09-09: $28.00 (✕ REMOVED)
Software & Licenses	MS Windows Server	HPE OCA > OCA Solution > Software & Licenses > MS Windows Server	Discontinued Hardware	Discontinued	0	Discontinued	[DISCONTINUED] SKU present in previous scrape but removed from active catalog	P45862-291	Standard	[REMOVED SKU] Microsoft Windows Server 2019 16-core Downgrade Standard FIO Not Pre-installed Japanese SW	0	99999.00	-	0.00	-	No					12/06/2021	2026-09-09		REMOVED	99999.00	-$99999.00	-100.00%	2026-09-09: $99999.00 (✕ REMOVED)
Software & Licenses	MS Windows Server	HPE OCA > OCA Solution > Software & Licenses > MS Windows Server	Discontinued Hardware	Discontinued	0	Discontinued	[DISCONTINUED] SKU present in previous scrape but removed from active catalog	P45862-071	Standard	[REMOVED SKU] Microsoft Windows Server 2019 16-core Downgrade Standard FIO Not Pre-installed Spanish SW	0	28.00	-	0.00	-	No					12/06/2021	2026-09-09		REMOVED	28.00	-$28.00	-100.00%	2026-09-09: $28.00 (✕ REMOVED)
Software & Licenses	MS Windows Server	HPE OCA > OCA Solution > Software & Licenses > MS Windows Server	Discontinued Hardware	Discontinued	0	Discontinued	[DISCONTINUED] SKU present in previous scrape but removed from active catalog	S6L47A	Standard	[REMOVED SKU] Microsoft Windows Server 2019 Downgrade Datacenter FIO Not Pre-installed WW ESD LTU	0	20.00	-	0.00	-	No					09/02/2025	2026-09-09		REMOVED	20.00	-$20.00	-100.00%	2026-09-09: $20.00 (✕ REMOVED)
Software & Licenses	MS Windows Server	HPE OCA > OCA Solution > Software & Licenses > MS Windows Server	Discontinued Hardware	Discontinued	0	Discontinued	[DISCONTINUED] SKU present in previous scrape but removed from active catalog	S6L45A	Standard	[REMOVED SKU] Microsoft Windows Server 2019 Downgrade Datacenter Reseller Option Kit Japanese ESD LTU	0	20.00	-	0.00	-	No					09/02/2025	2026-09-09		REMOVED	20.00	-$20.00	-100.00%	2026-09-09: $20.00 (✕ REMOVED)
Software & Licenses	MS Windows Server	HPE OCA > OCA Solution > Software & Licenses > MS Windows Server	Discontinued Hardware	Discontinued	0	Discontinued	[DISCONTINUED] SKU present in previous scrape but removed from active catalog	S6L46A	Standard	[REMOVED SKU] Microsoft Windows Server 2019 Downgrade Standard FIO Not Pre-installed WW ESD LTU	0	20.00	-	0.00	-	No					09/02/2025	2026-09-09		REMOVED	20.00	-$20.00	-100.00%	2026-09-09: $20.00 (✕ REMOVED)
Software & Licenses	MS Windows Server	HPE OCA > OCA Solution > Software & Licenses > MS Windows Server	Discontinued Hardware	Discontinued	0	Discontinued	[DISCONTINUED] SKU present in previous scrape but removed from active catalog	S6L44A	Standard	[REMOVED SKU] Microsoft Windows Server 2019 Downgrade Standard Reseller Option Kit Japanese ESD LTU	0	20.00	-	0.00	-	No					09/02/2025	2026-09-09		REMOVED	20.00	-$20.00	-100.00%	2026-09-09: $20.00 (✕ REMOVED)
Software & Licenses	MS Windows Server	HPE OCA > OCA Solution > Software & Licenses > MS Windows Server	Discontinued Hardware	Discontinued	0	Discontinued	[DISCONTINUED] SKU present in previous scrape but removed from active catalog	S6L48A	Standard	[REMOVED SKU] Microsoft Windows Server 2022 Downgrade Datacenter FIO Not Pre-installed WW ESD LTU	0	33.00	-	0.00	-	No					09/02/2025	2026-09-09		REMOVED	33.00	-$33.00	-100.00%	2026-09-09: $33.00 (✕ REMOVED)
Software & Licenses	MS Windows Server	HPE OCA > OCA Solution > Software & Licenses > MS Windows Server	Discontinued Hardware	Discontinued	0	Discontinued	[DISCONTINUED] SKU present in previous scrape but removed from active catalog	P77125-B21	Standard	[REMOVED SKU] Microsoft Windows Server 2022 Downgrade Datacenter FIO Not Pre-installed WW SW	0	33.00	-	0.00	-	No					12/02/2024	2026-09-09		REMOVED	33.00	-$33.00	-100.00%	2026-09-09: $33.00 (✕ REMOVED)
Software & Licenses	MS Windows Server	HPE OCA > OCA Solution > Software & Licenses > MS Windows Server	Discontinued Hardware	Discontinued	0	Discontinued	[DISCONTINUED] SKU present in previous scrape but removed from active catalog	S6L43A	Standard	[REMOVED SKU] Microsoft Windows Server 2022 Downgrade Standard FIO Not Pre-installed WW ESD LTU	0	33.00	-	0.00	-	No					09/02/2025	2026-09-09		REMOVED	33.00	-$33.00	-100.00%	2026-09-09: $33.00 (✕ REMOVED)
Software & Licenses	MS Windows Server	HPE OCA > OCA Solution > Software & Licenses > MS Windows Server	Discontinued Hardware	Discontinued	0	Discontinued	[DISCONTINUED] SKU present in previous scrape but removed from active catalog	P77124-B21	Standard	[REMOVED SKU] Microsoft Windows Server 2022 Downgrade Standard FIO Not Pre-installed WW SW	0	33.00	-	0.00	-	No					12/02/2024	2026-09-09		REMOVED	33.00	-$33.00	-100.00%	2026-09-09: $33.00 (✕ REMOVED)
Software & Licenses	MS Windows Server	HPE OCA > OCA Solution > Software & Licenses > MS Windows Server	Discontinued Hardware	Discontinued	0	Discontinued	[DISCONTINUED] SKU present in previous scrape but removed from active catalog	S6L41A	Standard	[REMOVED SKU] Microsoft Windows Server 2022 Downgrade Standard Reseller Option Kit Japanese ESD LTU	0	33.00	-	0.00	-	No					09/02/2025	2026-09-09		REMOVED	33.00	-$33.00	-100.00%	2026-09-09: $33.00 (✕ REMOVED)
Software & Licenses	MS Windows Server	HPE OCA > OCA Solution > Software & Licenses > MS Windows Server	Discontinued Hardware	Discontinued	0	Discontinued	[DISCONTINUED] SKU present in previous scrape but removed from active catalog	P46172-AA1	Standard	[REMOVED SKU] Microsoft Windows Server 2022 10-core Essentials Reseller Option Kit Chinese Simplified SW	0	99999.00	-	0.00	-	No					11/01/2021	2026-09-09		REMOVED	99999.00	-$99999.00	-100.00%	2026-09-09: $99999.00 (✕ REMOVED)
Software & Licenses	MS Windows Server	HPE OCA > OCA Solution > Software & Licenses > MS Windows Server	Discontinued Hardware	Discontinued	0	Discontinued	[DISCONTINUED] SKU present in previous scrape but removed from active catalog	P46172-AB1	Standard	[REMOVED SKU] Microsoft Windows Server 2022 10-core Essentials Reseller Option Kit Chinese Traditional SW	0	99999.00	-	0.00	-	No					11/01/2021	2026-09-09		REMOVED	99999.00	-$99999.00	-100.00%	2026-09-09: $99999.00 (✕ REMOVED)
Software & Licenses	MS Windows Server	HPE OCA > OCA Solution > Software & Licenses > MS Windows Server	Discontinued Hardware	Discontinued	0	Discontinued	[DISCONTINUED] SKU present in previous scrape but removed from active catalog	P46172-371	Standard	[REMOVED SKU] Microsoft Windows Server 2022 10-core Essentials Reseller Option Kit English/Korean/Japanese SW	0	99999.00	-	0.00	-	No					11/01/2021	2026-09-09		REMOVED	99999.00	-$99999.00	-100.00%	2026-09-09: $99999.00 (✕ REMOVED)
Software & Licenses	MS Windows Server	HPE OCA > OCA Solution > Software & Licenses > MS Windows Server	Discontinued Hardware	Discontinued	0	Discontinued	[DISCONTINUED] SKU present in previous scrape but removed from active catalog	P46172-021	Standard	[REMOVED SKU] Microsoft Windows Server 2022 10-core Essentials Reseller Option Kit en/cs/pl/ru/sv SW	0	394.00	-	0.00	-	No					11/01/2021	2026-09-09		REMOVED	394.00	-$394.00	-100.00%	2026-09-09: $394.00 (✕ REMOVED)
Software & Licenses	MS Windows Server	HPE OCA > OCA Solution > Software & Licenses > MS Windows Server	Discontinued Hardware	Discontinued	0	Discontinued	[DISCONTINUED] SKU present in previous scrape but removed from active catalog	P46172-A21	Standard	[REMOVED SKU] Microsoft Windows Server 2022 10-core Essentials Reseller Option Kit en/fr/it/de/es/nl/pt SW	0	407.00	-	0.00	-	No					11/01/2021	2026-09-09		REMOVED	407.00	-$407.00	-100.00%	2026-09-09: $407.00 (✕ REMOVED)
Software & Licenses	MS Windows Server	HPE OCA > OCA Solution > Software & Licenses > MS Windows Server	Discontinued Hardware	Discontinued	0	Discontinued	[DISCONTINUED] SKU present in previous scrape but removed from active catalog	P46123-AA1	Standard	[REMOVED SKU] Microsoft Windows Server 2022 16-core Datacenter Reseller Option Kit Chinese Simplified SW	0	99999.00	-	0.00	-	No					11/01/2021	2026-09-09		REMOVED	99999.00	-$99999.00	-100.00%	2026-09-09: $99999.00 (✕ REMOVED)
Software & Licenses	MS Windows Server	HPE OCA > OCA Solution > Software & Licenses > MS Windows Server	Discontinued Hardware	Discontinued	0	Discontinued	[DISCONTINUED] SKU present in previous scrape but removed from active catalog	P46123-AB1	Standard	[REMOVED SKU] Microsoft Windows Server 2022 16-core Datacenter Reseller Option Kit Chinese Traditional SW	0	99999.00	-	0.00	-	No					11/01/2021	2026-09-09		REMOVED	99999.00	-$99999.00	-100.00%	2026-09-09: $99999.00 (✕ REMOVED)
Software & Licenses	MS Windows Server	HPE OCA > OCA Solution > Software & Licenses > MS Windows Server	Discontinued Hardware	Discontinued	0	Discontinued	[DISCONTINUED] SKU present in previous scrape but removed from active catalog	P46123-371	Standard	[REMOVED SKU] Microsoft Windows Server 2022 16-core Datacenter Reseller Option Kit English/Korean/Japanese SW	0	99999.00	-	0.00	-	No					10/04/2021	2026-09-09		REMOVED	99999.00	-$99999.00	-100.00%	2026-09-09: $99999.00 (✕ REMOVED)
Software & Licenses	MS Windows Server	HPE OCA > OCA Solution > Software & Licenses > MS Windows Server	Discontinued Hardware	Discontinued	0	Discontinued	[DISCONTINUED] SKU present in previous scrape but removed from active catalog	P46123-021	Standard	[REMOVED SKU] Microsoft Windows Server 2022 16-core Datacenter Reseller Option Kit en/cs/pl/ru/sv SW	0	5105.00	-	0.00	-	No					11/01/2021	2026-09-09		REMOVED	5105.00	-$5105.00	-100.00%	2026-09-09: $5105.00 (✕ REMOVED)
Software & Licenses	MS Windows Server	HPE OCA > OCA Solution > Software & Licenses > MS Windows Server	Discontinued Hardware	Discontinued	0	Discontinued	[DISCONTINUED] SKU present in previous scrape but removed from active catalog	P46123-A21	Standard	[REMOVED SKU] Microsoft Windows Server 2022 16-core Datacenter Reseller Option Kit en/fr/it/de/es/nl/pt SW	0	4946.00	-	0.00	-	No					10/04/2021	2026-09-09		REMOVED	4946.00	-$4946.00	-100.00%	2026-09-09: $4946.00 (✕ REMOVED)
Software & Licenses	MS Windows Server	HPE OCA > OCA Solution > Software & Licenses > MS Windows Server	Discontinued Hardware	Discontinued	0	Discontinued	[DISCONTINUED] SKU present in previous scrape but removed from active catalog	P46128-B21	Standard	[REMOVED SKU] Microsoft Windows Server 2022 16-core Datacenter w/Reassignment Reseller Option Kit en/fr/de/es SW	0	7260.00	-	0.00	-	No					11/01/2021	2026-09-09		REMOVED	7260.00	-$7260.00	-100.00%	2026-09-09: $7260.00 (✕ REMOVED)
Software & Licenses	MS Windows Server	HPE OCA > OCA Solution > Software & Licenses > MS Windows Server	Discontinued Hardware	Discontinued	0	Discontinued	[DISCONTINUED] SKU present in previous scrape but removed from active catalog	P46128-291	Standard	[REMOVED SKU] Microsoft Windows Server 2022 16-core Datacenter with Reassignment Reseller Option Kit Japanese SW	0	99999.00	-	0.00	-	No					11/01/2021	2026-09-09		REMOVED	99999.00	-$99999.00	-100.00%	2026-09-09: $99999.00 (✕ REMOVED)
Software & Licenses	MS Windows Server	HPE OCA > OCA Solution > Software & Licenses > MS Windows Server	Discontinued Hardware	Discontinued	0	Discontinued	[DISCONTINUED] SKU present in previous scrape but removed from active catalog	P46171-AA1	Standard	[REMOVED SKU] Microsoft Windows Server 2022 16-core Standard Reseller Option Kit Chinese Simplified SW	0	99999.00	-	0.00	-	No					11/01/2021	2026-09-09		REMOVED	99999.00	-$99999.00	-100.00%	2026-09-09: $99999.00 (✕ REMOVED)
Software & Licenses	MS Windows Server	HPE OCA > OCA Solution > Software & Licenses > MS Windows Server	Discontinued Hardware	Discontinued	0	Discontinued	[DISCONTINUED] SKU present in previous scrape but removed from active catalog	P46171-AB1	Standard	[REMOVED SKU] Microsoft Windows Server 2022 16-core Standard Reseller Option Kit Chinese Traditional SW	0	99999.00	-	0.00	-	No					11/01/2021	2026-09-09		REMOVED	99999.00	-$99999.00	-100.00%	2026-09-09: $99999.00 (✕ REMOVED)
Software & Licenses	MS Windows Server	HPE OCA > OCA Solution > Software & Licenses > MS Windows Server	Discontinued Hardware	Discontinued	0	Discontinued	[DISCONTINUED] SKU present in previous scrape but removed from active catalog	P46171-371	Standard	[REMOVED SKU] Microsoft Windows Server 2022 16-core Standard Reseller Option Kit English/Korean/Japanese SW	0	99999.00	-	0.00	-	No					10/04/2021	2026-09-09		REMOVED	99999.00	-$99999.00	-100.00%	2026-09-09: $99999.00 (✕ REMOVED)
Software & Licenses	MS Windows Server	HPE OCA > OCA Solution > Software & Licenses > MS Windows Server	Discontinued Hardware	Discontinued	0	Discontinued	[DISCONTINUED] SKU present in previous scrape but removed from active catalog	P46171-021	Standard	[REMOVED SKU] Microsoft Windows Server 2022 16-core Standard Reseller Option Kit en/cs/pl/ru/sv SW	0	988.00	-	0.00	-	No					11/01/2021	2026-09-09		REMOVED	988.00	-$988.00	-100.00%	2026-09-09: $988.00 (✕ REMOVED)
Software & Licenses	MS Windows Server	HPE OCA > OCA Solution > Software & Licenses > MS Windows Server	Discontinued Hardware	Discontinued	0	Discontinued	[DISCONTINUED] SKU present in previous scrape but removed from active catalog	P46171-A21	Standard	[REMOVED SKU] Microsoft Windows Server 2022 16-core Standard Reseller Option Kit en/fr/it/de/es/nl/pt SW	0	948.00	-	0.00	-	No					10/04/2021	2026-09-09		REMOVED	948.00	-$948.00	-100.00%	2026-09-09: $948.00 (✕ REMOVED)
Software & Licenses	MS Windows Server	HPE OCA > OCA Solution > Software & Licenses > MS Windows Server	Discontinued Hardware	Discontinued	0	Discontinued	[DISCONTINUED] SKU present in previous scrape but removed from active catalog	S6L39A	Standard	[REMOVED SKU] Microsoft Windows Server 2025 10-core Essentials Reseller Option Kit WW ESD LTU	0	445.00	-	0.00	-	No					09/02/2025	2026-09-09		REMOVED	445.00	-$445.00	-100.00%	2026-09-09: $445.00 (✕ REMOVED)
Software & Licenses	MS Windows Server	HPE OCA > OCA Solution > Software & Licenses > MS Windows Server	Discontinued Hardware	Discontinued	0	Discontinued	[DISCONTINUED] SKU present in previous scrape but removed from active catalog	S6L37A	Standard	[REMOVED SKU] Microsoft Windows Server 2025 16-core Datacenter Reassignment Reseller Option Kit WW ESD LTU	0	7733.00	-	0.00	-	No					09/02/2025	2026-09-09		REMOVED	7733.00	-$7733.00	-100.00%	2026-09-09: $7733.00 (✕ REMOVED)
Software & Licenses	MS Windows Server	HPE OCA > OCA Solution > Software & Licenses > MS Windows Server	Discontinued Hardware	Discontinued	0	Discontinued	[DISCONTINUED] SKU present in previous scrape but removed from active catalog	P77102-B21	Standard	[REMOVED SKU] Microsoft Windows Server 2025 16-core Datacenter Reassignment Reseller Option Kit en/fr/de/es SW	0	7733.00	-	0.00	-	No					12/02/2024	2026-09-09		REMOVED	7733.00	-$7733.00	-100.00%	2026-09-09: $7733.00 (✕ REMOVED)
Software & Licenses	MS Windows Server	HPE OCA > OCA Solution > Software & Licenses > MS Windows Server	Discontinued Hardware	Discontinued	0	Discontinued	[DISCONTINUED] SKU present in previous scrape but removed from active catalog	S6L36A	Standard	[REMOVED SKU] Microsoft Windows Server 2025 16-core Datacenter Reseller Option Kit WW ESD LTU	0	5712.00	-	0.00	-	No					09/02/2025	2026-09-09		REMOVED	5712.00	-$5712.00	-100.00%	2026-09-09: $5712.00 (✕ REMOVED)
Software & Licenses	MS Windows Server	HPE OCA > OCA Solution > Software & Licenses > MS Windows Server	Discontinued Hardware	Discontinued	0	Discontinued	[DISCONTINUED] SKU present in previous scrape but removed from active catalog	P77101-021	Standard	[REMOVED SKU] Microsoft Windows Server 2025 16-core Datacenter Reseller Option Kit en/cs/pl/ru/sv SW	0	5712.00	-	0.00	-	No					12/02/2024	2026-09-09		REMOVED	5712.00	-$5712.00	-100.00%	2026-09-09: $5712.00 (✕ REMOVED)
Software & Licenses	MS Windows Server	HPE OCA > OCA Solution > Software & Licenses > MS Windows Server	Discontinued Hardware	Discontinued	0	Discontinued	[DISCONTINUED] SKU present in previous scrape but removed from active catalog	P77101-A21	Standard	[REMOVED SKU] Microsoft Windows Server 2025 16-core Datacenter Reseller Option Kit en/fr/de/es/it/pt/nl SW	0	5712.00	-	0.00	-	No					12/02/2024	2026-09-09		REMOVED	5712.00	-$5712.00	-100.00%	2026-09-09: $5712.00 (✕ REMOVED)
Software & Licenses	MS Windows Server	HPE OCA > OCA Solution > Software & Licenses > MS Windows Server	Discontinued Hardware	Discontinued	0	Discontinued	[DISCONTINUED] SKU present in previous scrape but removed from active catalog	S6L38A	Standard	[REMOVED SKU] Microsoft Windows Server 2025 16-core Standard Reseller Option Kit WW ESD LTU	0	1147.00	-	0.00	-	No					09/02/2025	2026-09-09		REMOVED	1147.00	-$1147.00	-100.00%	2026-09-09: $1147.00 (✕ REMOVED)
Software & Licenses	MS Windows Server	HPE OCA > OCA Solution > Software & Licenses > MS Windows Server	Discontinued Hardware	Discontinued	0	Discontinued	[DISCONTINUED] SKU present in previous scrape but removed from active catalog	P77100-021	Standard	[REMOVED SKU] Microsoft Windows Server 2025 16-core Standard Reseller Option Kit en/cs/pl/ru/sv SW	0	1147.00	-	0.00	-	No					12/02/2024	2026-09-09		REMOVED	1147.00	-$1147.00	-100.00%	2026-09-09: $1147.00 (✕ REMOVED)
Software & Licenses	MS Windows Server	HPE OCA > OCA Solution > Software & Licenses > MS Windows Server	Discontinued Hardware	Discontinued	0	Discontinued	[DISCONTINUED] SKU present in previous scrape but removed from active catalog	P77100-A21	Standard	[REMOVED SKU] Microsoft Windows Server 2025 16-core Standard Reseller Option Kit en/fr/de/es/it/pt/nl SW	0	1147.00	-	0.00	-	No					12/02/2024	2026-09-09		REMOVED	1147.00	-$1147.00	-100.00%	2026-09-09: $1147.00 (✕ REMOVED)