Main Category	Sub-Category	Hierarchy Path	Component Role	Constraint Text	Subcategory Min Qty	Subcategory Max Qty	Table Rule/Note	Product #	Option Type	Description	Current Qty	Unit Price (USD)	Price Delta (USD)	Extended Price (USD)	Price per GB (USD)	HPE Recommended	Availability	Lead Time	Lead Time Source	Lifecycle Status	Start Date	Discontinued Date	Vendor Attributes (JSON)	Diff Status	Previous List Price (USD)	Price Change (USD)	Price Change (%)	Price History Trail
Support Services	Energy Star	HPE OCA > DL580 Gen12 [P75399-B21] > Support Services > Energy Star	Service & Support	max 1	0	1	Selection constraint for Energy Star: max 1	R6A06AAE	Service	Pensando Distributed Services Platform Enterprise 1-year Renewal Subscription 24x7 Support E-RTU	0	399.00		NA		No	Available		Not published by OCA	Active	06/29/2020	06/30/2027	{"Extended Price (USD)":"NA"}	ATTRIBUTE_CHANGED	399.00	$0.00	0.00%	2026-09-09: $399.00 → 2026-09-13: $399.00
Support Services	Energy Star	HPE OCA > DL580 Gen12 [P75399-B21] > Support Services > Energy Star	Service & Support	max 1	0	1	Selection constraint for Energy Star: max 1	R6A07AAE	Service	Pensando Distributed Services Platform Enterprise 3-year Subscription 24x7 Support E-RTU	0	1199.00		NA		No	Available		Not published by OCA	Active	06/29/2020	06/30/2027	{"Extended Price (USD)":"NA"}	ATTRIBUTE_CHANGED	1199.00	$0.00	0.00%	2026-09-09: $1199.00 → 2026-09-13: $1199.00
Support Services	Energy Star	HPE OCA > DL580 Gen12 [P75399-B21] > Support Services > Energy Star	Service & Support	max 1	0	1	Selection constraint for Energy Star: max 1	R6A08AAE	Service	Pensando Distributed Services Platform Enterprise 5-year Subscription 24x7 Support E-RTU	0	1799.00		NA		No	Available		Not published by OCA	Active	06/29/2020	06/30/2027	{"Extended Price (USD)":"NA"}	ATTRIBUTE_CHANGED	1799.00	$0.00	0.00%	2026-09-09: $1799.00 → 2026-09-13: $1799.00
Support Services	Energy Star	HPE OCA > DL580 Gen12 [P75399-B21] > Support Services > Energy Star	Service & Support	max 1	0	1	Selection constraint for Energy Star: max 1	R6A09AAE	Service	Pensando Distributed Services Platform Enterprise Pro 1-year Renewal Subscription 24x7 Support E-RTU	0	949.00		NA		No	Available		Not published by OCA	Active	08/03/2020	06/30/2027	{"Extended Price (USD)":"NA"}	ATTRIBUTE_CHANGED	949.00	$0.00	0.00%	2026-09-09: $949.00 → 2026-09-13: $949.00
Support Services	Energy Star	HPE OCA > DL580 Gen12 [P75399-B21] > Support Services > Energy Star	Service & Support	max 1	0	1	Selection constraint for Energy Star: max 1	R6A10AAE	Service	Pensando Distributed Services Platform Enterprise Pro 3-year Subscription 24x7 Support E-RTU	0	2799.00		NA		No	Available		Not published by OCA	Active	08/03/2020	06/30/2027	{"Extended Price (USD)":"NA"}	ATTRIBUTE_CHANGED	2799.00	$0.00	0.00%	2026-09-09: $2799.00 → 2026-09-13: $2799.00
Support Services	Energy Star	HPE OCA > DL580 Gen12 [P75399-B21] > Support Services > Energy Star	Service & Support	max 1	0	1	Selection constraint for Energy Star: max 1	R6A11AAE	Service	Pensando Distributed Services Platform Enterprise Pro 5-year Subscription 24x7 Support E-RTU	0	4299.00		NA		No	Available		Not published by OCA	Active	08/03/2020	06/30/2027	{"Extended Price (USD)":"NA"}	ATTRIBUTE_CHANGED	4299.00	$0.00	0.00%	2026-09-09: $4299.00 → 2026-09-13: $4299.00
Support Services	Energy Star	HPE OCA > DL580 Gen12 [P75399-B21] > Support Services > Energy Star	Service & Support	max 1	0	1	Selection constraint for Energy Star: max 1	R6F68AAE	Service	Pensando Distributed Services Platform Enterprise 4-year Subscription 24x7 Support E-RTU	0	1499.00		NA		No	Available		Not published by OCA	Active	06/29/2020	06/30/2027	{"Extended Price (USD)":"NA"}	ATTRIBUTE_CHANGED	1499.00	$0.00	0.00%	2026-09-09: $1499.00 → 2026-09-13: $1499.00
Support Services	Energy Star	HPE OCA > DL580 Gen12 [P75399-B21] > Support Services > Energy Star	Service & Support	max 1	0	1	Selection constraint for Energy Star: max 1	R6F69AAE	Service	Pensando Distributed Services Platform Enterprise Pro 4-year Subscription 24x7 Support E-RTU	0	3499.00		NA		No	Available		Not published by OCA	Active	08/03/2020	06/30/2027	{"Extended Price (USD)":"NA"}	ATTRIBUTE_CHANGED	3499.00	$0.00	0.00%	2026-09-09: $3499.00 → 2026-09-13: $3499.00
Software & Licenses	Partner Software - Interconnect Management Array	HPE OCA > DL580 Gen12 [P75399-B21] > Software & Licenses > Partner Software - Interconnect Management Array	Operating System / License	Unlimited	0	Unlimited	Selection constraint for Partner Software - Interconnect Management Array: no max	S1S86AAE	Service	HPE Machine Learning Data Management Software 1-year Subscription E-LTU	0	270270.00		NA		No	Obsolete (OB)		Not published by OCA	Obsolete (OB)	05/01/2023	12/18/2024	{"Extended Price (USD)":"NA"}	ATTRIBUTE_CHANGED	270270.00	$0.00	0.00%	2026-09-09: $270270.00 → 2026-09-13: $270270.00
Software & Licenses	Partner Software - Interconnect Management Array	HPE OCA > DL580 Gen12 [P75399-B21] > Software & Licenses > Partner Software - Interconnect Management Array	Operating System / License	Unlimited	0	Unlimited	Selection constraint for Partner Software - Interconnect Management Array: no max	S1S87AAE	Service	HPE Machine Learning Data Management Software Additional User E-RTU	0	27027.00		NA		No	Obsolete (OB)		Not published by OCA	Obsolete (OB)	05/01/2023	12/18/2024	{"Extended Price (USD)":"NA"}	ATTRIBUTE_CHANGED	27027.00	$0.00	0.00%	2026-09-09: $27027.00 → 2026-09-13: $27027.00
Software & Licenses	Partner Software - Interconnect Management Array	HPE OCA > DL580 Gen12 [P75399-B21] > Software & Licenses > Partner Software - Interconnect Management Array	Operating System / License	Unlimited	0	Unlimited	Selection constraint for Partner Software - Interconnect Management Array: no max	S2R35AAE	Service	HPE Machine Learning Data Management Software 3-year Subscription E-LTU	0	770270.00		NA		No	Obsolete (OB)		Not published by OCA	Obsolete (OB)	11/06/2023	12/18/2024	{"Extended Price (USD)":"NA"}	ATTRIBUTE_CHANGED	770270.00	$0.00	0.00%	2026-09-09: $770270.00 → 2026-09-13: $770270.00
Software & Licenses	Partner Software - Interconnect Management Array	HPE OCA > DL580 Gen12 [P75399-B21] > Software & Licenses > Partner Software - Interconnect Management Array	Operating System / License	Unlimited	0	Unlimited	Selection constraint for Partner Software - Interconnect Management Array: no max	S3P91AAE	Service	HPE Machine Learning Data Management Software Additional User 3-year E-RTU	0	77027.00		NA		No	Obsolete (OB)		Not published by OCA	Obsolete (OB)	04/01/2024	12/18/2024	{"Extended Price (USD)":"NA"}	ATTRIBUTE_CHANGED	77027.00	$0.00	0.00%	2026-09-09: $77027.00 → 2026-09-13: $77027.00
Software & Licenses	Partner Software - Interconnect Management Array	HPE OCA > DL580 Gen12 [P75399-B21] > Software & Licenses > Partner Software - Interconnect Management Array	Operating System / License	Unlimited	0	Unlimited	Selection constraint for Partner Software - Interconnect Management Array: no max	S3P92AAE	Service	HPE Machine Learning Data Management Software 4-year Subscription E-LTU	0	1027028.00		NA		No	Obsolete (OB)		Not published by OCA	Obsolete (OB)	04/01/2024	12/18/2024	{"Extended Price (USD)":"NA"}	ATTRIBUTE_CHANGED	1027028.00	$0.00	0.00%	2026-09-09: $1027028.00 → 2026-09-13: $1027028.00
Software & Licenses	Partner Software - Interconnect Management Array	HPE OCA > DL580 Gen12 [P75399-B21] > Software & Licenses > Partner Software - Interconnect Management Array	Operating System / License	Unlimited	0	Unlimited	Selection constraint for Partner Software - Interconnect Management Array: no max	S3P93AAE	Service	HPE Machine Learning Data Management Software Additional User 4-year E-RTU	0	102702.00		NA		No	Obsolete (OB)		Not published by OCA	Obsolete (OB)	04/01/2024	12/18/2024	{"Extended Price (USD)":"NA"}	ATTRIBUTE_CHANGED	102702.00	$0.00	0.00%	2026-09-09: $102702.00 → 2026-09-13: $102702.00
Software & Licenses	Partner Software - Interconnect Management Array	HPE OCA > DL580 Gen12 [P75399-B21] > Software & Licenses > Partner Software - Interconnect Management Array	Operating System / License	Unlimited	0	Unlimited	Selection constraint for Partner Software - Interconnect Management Array: no max	S3P94AAE	Service	HPE Machine Learning Data Management Software 5-year Subscription E-LTU	0	1283784.00		NA		No	Obsolete (OB)		Not published by OCA	Obsolete (OB)	04/01/2024	12/18/2024	{"Extended Price (USD)":"NA"}	ATTRIBUTE_CHANGED	1283784.00	$0.00	0.00%	2026-09-09: $1283784.00 → 2026-09-13: $1283784.00
Software & Licenses	Partner Software - Interconnect Management Array	HPE OCA > DL580 Gen12 [P75399-B21] > Software & Licenses > Partner Software - Interconnect Management Array	Operating System / License	Unlimited	0	Unlimited	Selection constraint for Partner Software - Interconnect Management Array: no max	S3P95AAE	Service	HPE Machine Learning Data Management Software Additional User 5-year E-RTU	0	128378.00		NA		No	Obsolete (OB)		Not published by OCA	Obsolete (OB)	04/01/2024	12/18/2024	{"Extended Price (USD)":"NA"}	ATTRIBUTE_CHANGED	128378.00	$0.00	0.00%	2026-09-09: $128378.00 → 2026-09-13: $128378.00
Software & Licenses	Partner Software - Interconnect Management Array	HPE OCA > DL580 Gen12 [P75399-B21] > Software & Licenses > Partner Software - Interconnect Management Array	Operating System / License	Unlimited	0	Unlimited	Selection constraint for Partner Software - Interconnect Management Array: no max	S3R04AAE	Service	HPE Machine Learning Inference Software Base 1-year E-RTU	0	8316.00		NA		No	Available		Not published by OCA	Active	06/18/2024	07/31/2027	{"Extended Price (USD)":"NA"}	ATTRIBUTE_CHANGED	8316.00	$0.00	0.00%	2026-09-09: $8316.00 → 2026-09-13: $8316.00
Software & Licenses	Partner Software - Interconnect Management Array	HPE OCA > DL580 Gen12 [P75399-B21] > Software & Licenses > Partner Software - Interconnect Management Array	Operating System / License	Unlimited	0	Unlimited	Selection constraint for Partner Software - Interconnect Management Array: no max	S3R05AAE	Service	HPE Machine Learning Inference Software Performance 1-year E-RTU	0	2078.00		NA		No	Available		Not published by OCA	Active	06/18/2024	07/31/2027	{"Extended Price (USD)":"NA"}	ATTRIBUTE_CHANGED	2078.00	$0.00	0.00%	2026-09-09: $2078.00 → 2026-09-13: $2078.00
Software & Licenses	Partner Software - Interconnect Management Array	HPE OCA > DL580 Gen12 [P75399-B21] > Software & Licenses > Partner Software - Interconnect Management Array	Operating System / License	Unlimited	0	Unlimited	Selection constraint for Partner Software - Interconnect Management Array: no max	S3R06AAE	Service	HPE Machine Learning Inference Software Base 3-year E-RTU	0	23700.00		NA		No	Available		Not published by OCA	Active	06/18/2024	07/31/2027	{"Extended Price (USD)":"NA"}	ATTRIBUTE_CHANGED	23700.00	$0.00	0.00%	2026-09-09: $23700.00 → 2026-09-13: $23700.00
Software & Licenses	Partner Software - Interconnect Management Array	HPE OCA > DL580 Gen12 [P75399-B21] > Software & Licenses > Partner Software - Interconnect Management Array	Operating System / License	Unlimited	0	Unlimited	Selection constraint for Partner Software - Interconnect Management Array: no max	S3R07AAE	Service	HPE Machine Learning Inference Software Performance 3-year E-RTU	0	5922.00		NA		No	Available		Not published by OCA	Active	06/18/2024	07/31/2027	{"Extended Price (USD)":"NA"}	ATTRIBUTE_CHANGED	5922.00	$0.00	0.00%	2026-09-09: $5922.00 → 2026-09-13: $5922.00
Software & Licenses	Partner Software - Interconnect Management Array	HPE OCA > DL580 Gen12 [P75399-B21] > Software & Licenses > Partner Software - Interconnect Management Array	Operating System / License	Unlimited	0	Unlimited	Selection constraint for Partner Software - Interconnect Management Array: no max	S3W26AAE	Service	HPE Machine Learning Inference Software Base 4-year E-RTU	0	31602.00		NA		No	Available		Not published by OCA	Active	06/18/2024	07/31/2027	{"Extended Price (USD)":"NA"}	ATTRIBUTE_CHANGED	31602.00	$0.00	0.00%	2026-09-09: $31602.00 → 2026-09-13: $31602.00
Software & Licenses	Partner Software - Interconnect Management Array	HPE OCA > DL580 Gen12 [P75399-B21] > Software & Licenses > Partner Software - Interconnect Management Array	Operating System / License	Unlimited	0	Unlimited	Selection constraint for Partner Software - Interconnect Management Array: no max	S3W27AAE	Service	HPE Machine Learning Inference Software Performance 4-year E-RTU	0	7896.00		NA		No	Available		Not published by OCA	Active	06/18/2024	07/31/2027	{"Extended Price (USD)":"NA"}	ATTRIBUTE_CHANGED	7896.00	$0.00	0.00%	2026-09-09: $7896.00 → 2026-09-13: $7896.00
Software & Licenses	Partner Software - Interconnect Management Array	HPE OCA > DL580 Gen12 [P75399-B21] > Software & Licenses > Partner Software - Interconnect Management Array	Operating System / License	Unlimited	0	Unlimited	Selection constraint for Partner Software - Interconnect Management Array: no max	S3W28AAE	Service	HPE Machine Learning Inference Software Base 5-year E-RTU	0	39501.00		NA		No	Available		Not published by OCA	Active	06/18/2024	07/31/2027	{"Extended Price (USD)":"NA"}	ATTRIBUTE_CHANGED	39501.00	$0.00	0.00%	2026-09-09: $39501.00 → 2026-09-13: $39501.00
Software & Licenses	Partner Software - Interconnect Management Array	HPE OCA > DL580 Gen12 [P75399-B21] > Software & Licenses > Partner Software - Interconnect Management Array	Operating System / License	Unlimited	0	Unlimited	Selection constraint for Partner Software - Interconnect Management Array: no max	S3W29AAE	Service	HPE Machine Learning Inference Software Performance 5-year E-RTU	0	9871.00		NA		No	Available		Not published by OCA	Active	06/18/2024	07/31/2027	{"Extended Price (USD)":"NA"}	ATTRIBUTE_CHANGED	9871.00	$0.00	0.00%	2026-09-09: $9871.00 → 2026-09-13: $9871.00
Support Services	Server Management & Operating System Licenses	HPE OCA > DL580 Gen12 [P75399-B21] > Support Services > Server Management & Operating System Licenses	Service & Support	max 1	0	1	Selection constraint for Server Management & Operating System Licenses: max 1	S1R63AAE	Service	SchedMD SLURM 1-100 Sockets 3-year Support	0	46200.00		NA		No	Available		Not published by OCA	Active	05/01/2023	06/01/2028	{"Extended Price (USD)":"NA"}	ATTRIBUTE_CHANGED	46200.00	$0.00	0.00%	2026-09-09: $46200.00 → 2026-09-13: $46200.00
Support Services	Server Management & Operating System Licenses	HPE OCA > DL580 Gen12 [P75399-B21] > Support Services > Server Management & Operating System Licenses	Service & Support	max 1	0	1	Selection constraint for Server Management & Operating System Licenses: max 1	S1R64AAE	Service	SchedMD SLURM 1-100 Sockets 4-year Support	0	58520.00		NA		No	Available		Not published by OCA	Active	05/01/2023	06/01/2028	{"Extended Price (USD)":"NA"}	ATTRIBUTE_CHANGED	58520.00	$0.00	0.00%	2026-09-09: $58520.00 → 2026-09-13: $58520.00
Support Services	Server Management & Operating System Licenses	HPE OCA > DL580 Gen12 [P75399-B21] > Support Services > Server Management & Operating System Licenses	Service & Support	max 1	0	1	Selection constraint for Server Management & Operating System Licenses: max 1	S1R65AAE	Service	SchedMD SLURM 1-100 Sockets 5-year Support	0	69300.00		NA		No	Available		Not published by OCA	Active	05/01/2023	06/01/2028	{"Extended Price (USD)":"NA"}	ATTRIBUTE_CHANGED	69300.00	$0.00	0.00%	2026-09-09: $69300.00 → 2026-09-13: $69300.00
Support Services	Server Management & Operating System Licenses	HPE OCA > DL580 Gen12 [P75399-B21] > Support Services > Server Management & Operating System Licenses	Service & Support	max 1	0	1	Selection constraint for Server Management & Operating System Licenses: max 1	S1R66AAE	Service	SchedMD SLURM 101-1000 Sockets 3-year Support	0	363.00		NA		No	Available		Not published by OCA	Active	05/01/2023	06/01/2028	{"Extended Price (USD)":"NA"}	ATTRIBUTE_CHANGED	363.00	$0.00	0.00%	2026-09-09: $363.00 → 2026-09-13: $363.00
Support Services	Server Management & Operating System Licenses	HPE OCA > DL580 Gen12 [P75399-B21] > Support Services > Server Management & Operating System Licenses	Service & Support	max 1	0	1	Selection constraint for Server Management & Operating System Licenses: max 1	S1R67AAE	Service	SchedMD SLURM 101-1000 Sockets 4-year Support	0	460.00		NA		No	Available		Not published by OCA	Active	05/01/2023	06/01/2028	{"Extended Price (USD)":"NA"}	ATTRIBUTE_CHANGED	460.00	$0.00	0.00%	2026-09-09: $460.00 → 2026-09-13: $460.00
Support Services	Server Management & Operating System Licenses	HPE OCA > DL580 Gen12 [P75399-B21] > Support Services > Server Management & Operating System Licenses	Service & Support	max 1	0	1	Selection constraint for Server Management & Operating System Licenses: max 1	S1R68AAE	Service	SchedMD SLURM 101-1000 Sockets 5-year Support	0	545.00		NA		No	Available		Not published by OCA	Active	05/01/2023	06/01/2028	{"Extended Price (USD)":"NA"}	ATTRIBUTE_CHANGED	545.00	$0.00	0.00%	2026-09-09: $545.00 → 2026-09-13: $545.00
Support Services	Server Management & Operating System Licenses	HPE OCA > DL580 Gen12 [P75399-B21] > Support Services > Server Management & Operating System Licenses	Service & Support	max 1	0	1	Selection constraint for Server Management & Operating System Licenses: max 1	S1R69AAE	Service	SchedMD SLURM 1001-5000 Sockets 3-year Support	0	288.00		NA		No	Available		Not published by OCA	Active	05/01/2023	06/01/2028	{"Extended Price (USD)":"NA"}	ATTRIBUTE_CHANGED	288.00	$0.00	0.00%	2026-09-09: $288.00 → 2026-09-13: $288.00
Support Services	Server Management & Operating System Licenses	HPE OCA > DL580 Gen12 [P75399-B21] > Support Services > Server Management & Operating System Licenses	Service & Support	max 1	0	1	Selection constraint for Server Management & Operating System Licenses: max 1	S1R70AAE	Service	SchedMD SLURM 1001-5000 Sockets 4-year Support	0	366.00		NA		No	Available		Not published by OCA	Active	05/01/2023	06/01/2028	{"Extended Price (USD)":"NA"}	ATTRIBUTE_CHANGED	366.00	$0.00	0.00%	2026-09-09: $366.00 → 2026-09-13: $366.00
Support Services	Server Management & Operating System Licenses	HPE OCA > DL580 Gen12 [P75399-B21] > Support Services > Server Management & Operating System Licenses	Service & Support	max 1	0	1	Selection constraint for Server Management & Operating System Licenses: max 1	S1R71AAE	Service	SchedMD SLURM 1001-5000 Sockets 5-year Support	0	433.00		NA		No	Available		Not published by OCA	Active	05/01/2023	06/01/2028	{"Extended Price (USD)":"NA"}	ATTRIBUTE_CHANGED	433.00	$0.00	0.00%	2026-09-09: $433.00 → 2026-09-13: $433.00
Support Services	Server Management & Operating System Licenses	HPE OCA > DL580 Gen12 [P75399-B21] > Support Services > Server Management & Operating System Licenses	Service & Support	max 1	0	1	Selection constraint for Server Management & Operating System Licenses: max 1	S1R72AAE	Service	SchedMD SLURM 5000+ Sockets 3-year Support	0	213.00		NA		No	Available		Not published by OCA	Active	05/01/2023	06/01/2028	{"Extended Price (USD)":"NA"}	ATTRIBUTE_CHANGED	213.00	$0.00	0.00%	2026-09-09: $213.00 → 2026-09-13: $213.00
Support Services	Server Management & Operating System Licenses	HPE OCA > DL580 Gen12 [P75399-B21] > Support Services > Server Management & Operating System Licenses	Service & Support	max 1	0	1	Selection constraint for Server Management & Operating System Licenses: max 1	S1R73AAE	Service	SchedMD SLURM 5000+ Sockets 4-year Support	0	269.00		NA		No	Available		Not published by OCA	Active	05/01/2023	06/01/2028	{"Extended Price (USD)":"NA"}	ATTRIBUTE_CHANGED	269.00	$0.00	0.00%	2026-09-09: $269.00 → 2026-09-13: $269.00
Support Services	Server Management & Operating System Licenses	HPE OCA > DL580 Gen12 [P75399-B21] > Support Services > Server Management & Operating System Licenses	Service & Support	max 1	0	1	Selection constraint for Server Management & Operating System Licenses: max 1	S1R74AAE	Service	SchedMD SLURM 5000+ Sockets 5-year Support	0	319.00		NA		No	Available		Not published by OCA	Active	05/01/2023	06/01/2028	{"Extended Price (USD)":"NA"}	ATTRIBUTE_CHANGED	319.00	$0.00	0.00%	2026-09-09: $319.00 → 2026-09-13: $319.00
Support Services	Server Management & Operating System Licenses	HPE OCA > DL580 Gen12 [P75399-B21] > Support Services > Server Management & Operating System Licenses	Service & Support	max 1	0	1	Selection constraint for Server Management & Operating System Licenses: max 1	S1R75AAE	Service	SchedMD SLURM 5000+ Sockets 1-year Extension Support	0	71.00		NA		No	Available		Not published by OCA	Active	05/01/2023	06/01/2028	{"Extended Price (USD)":"NA"}	ATTRIBUTE_CHANGED	71.00	$0.00	0.00%	2026-09-09: $71.00 → 2026-09-13: $71.00
Support Services	Server Management & Operating System Licenses	HPE OCA > DL580 Gen12 [P75399-B21] > Support Services > Server Management & Operating System Licenses	Service & Support	max 1	0	1	Selection constraint for Server Management & Operating System Licenses: max 1	S1R76AAE	Service	SchedMD SLURM 1001-5000 Sockets 1-year Extension Support	0	96.00		NA		No	Available		Not published by OCA	Active	05/01/2023	06/01/2028	{"Extended Price (USD)":"NA"}	ATTRIBUTE_CHANGED	96.00	$0.00	0.00%	2026-09-09: $96.00 → 2026-09-13: $96.00
Support Services	Server Management & Operating System Licenses	HPE OCA > DL580 Gen12 [P75399-B21] > Support Services > Server Management & Operating System Licenses	Service & Support	max 1	0	1	Selection constraint for Server Management & Operating System Licenses: max 1	S1R77AAE	Service	SchedMD SLURM 101-1000 Sockets 1-year Extension Support	0	122.00		NA		No	Available		Not published by OCA	Active	05/01/2023	06/01/2028	{"Extended Price (USD)":"NA"}	ATTRIBUTE_CHANGED	122.00	$0.00	0.00%	2026-09-09: $122.00 → 2026-09-13: $122.00
Support Services	Server Management & Operating System Licenses	HPE OCA > DL580 Gen12 [P75399-B21] > Support Services > Server Management & Operating System Licenses	Service & Support	max 1	0	1	Selection constraint for Server Management & Operating System Licenses: max 1	S1R78AAE	Service	SchedMD SLURM 1-100 Sockets 1-year Extension Support	0	15400.00		NA		No	Available		Not published by OCA	Active	05/01/2023	06/01/2028	{"Extended Price (USD)":"NA"}	ATTRIBUTE_CHANGED	15400.00	$0.00	0.00%	2026-09-09: $15400.00 → 2026-09-13: $15400.00
Support Services	Server Management & Operating System Licenses	HPE OCA > DL580 Gen12 [P75399-B21] > Support Services > Server Management & Operating System Licenses	Service & Support	max 1	0	1	Selection constraint for Server Management & Operating System Licenses: max 1	S2H96AAE	Service	Linaro Forge Ultimate 32 Processes 1-year Support E-LTU	0	31332.00		NA		No	Available		Not published by OCA	Active	10/02/2023	10/31/2027	{"Extended Price (USD)":"NA"}	ATTRIBUTE_CHANGED	31332.00	$0.00	0.00%	2026-09-09: $31332.00 → 2026-09-13: $31332.00
Support Services	Server Management & Operating System Licenses	HPE OCA > DL580 Gen12 [P75399-B21] > Support Services > Server Management & Operating System Licenses	Service & Support	max 1	0	1	Selection constraint for Server Management & Operating System Licenses: max 1	S2H97AAE	Service	Linaro Forge Ultimate 64 Processes 1-year Support E-LTU	0	46289.00		NA		No	Available		Not published by OCA	Active	10/02/2023	10/31/2027	{"Extended Price (USD)":"NA"}	ATTRIBUTE_CHANGED	46289.00	$0.00	0.00%	2026-09-09: $46289.00 → 2026-09-13: $46289.00
Support Services	Server Management & Operating System Licenses	HPE OCA > DL580 Gen12 [P75399-B21] > Support Services > Server Management & Operating System Licenses	Service & Support	max 1	0	1	Selection constraint for Server Management & Operating System Licenses: max 1	S2H98AAE	Service	Linaro Forge Ultimate 256 Processes 1-year Support E-LTU	0	98172.00		NA		No	Available		Not published by OCA	Active	10/02/2023	10/31/2027	{"Extended Price (USD)":"NA"}	ATTRIBUTE_CHANGED	98172.00	$0.00	0.00%	2026-09-09: $98172.00 → 2026-09-13: $98172.00
Support Services	Server Management & Operating System Licenses	HPE OCA > DL580 Gen12 [P75399-B21] > Support Services > Server Management & Operating System Licenses	Service & Support	max 1	0	1	Selection constraint for Server Management & Operating System Licenses: max 1	S2H99AAE	Service	Linaro Forge Ultimate 1024 Processes 1-year Support E-LTU	0	196328.00		NA		No	Available		Not published by OCA	Active	10/02/2023	10/31/2027	{"Extended Price (USD)":"NA"}	ATTRIBUTE_CHANGED	196328.00	$0.00	0.00%	2026-09-09: $196328.00 → 2026-09-13: $196328.00
Support Services	Server Management & Operating System Licenses	HPE OCA > DL580 Gen12 [P75399-B21] > Support Services > Server Management & Operating System Licenses	Service & Support	max 1	0	1	Selection constraint for Server Management & Operating System Licenses: max 1	S2J00AAE	Service	Linaro Forge Ultimate Unlimited Processes 1-year Support E-LTU	0	1245749.00		NA		No	Available		Not published by OCA	Active	10/02/2023	10/31/2027	{"Extended Price (USD)":"NA"}	ATTRIBUTE_CHANGED	1245749.00	$0.00	0.00%	2026-09-09: $1245749.00 → 2026-09-13: $1245749.00
Support Services	Server Management & Operating System Licenses	HPE OCA > DL580 Gen12 [P75399-B21] > Support Services > Server Management & Operating System Licenses	Service & Support	max 1	0	1	Selection constraint for Server Management & Operating System Licenses: max 1	S2J01AAE	Service	Linaro Forge Ultimate 32 Processes 3-year Support E-LTU	0	93965.00		NA		No	Available		Not published by OCA	Active	10/02/2023	10/31/2027	{"Extended Price (USD)":"NA"}	ATTRIBUTE_CHANGED	93965.00	$0.00	0.00%	2026-09-09: $93965.00 → 2026-09-13: $93965.00
Support Services	Server Management & Operating System Licenses	HPE OCA > DL580 Gen12 [P75399-B21] > Support Services > Server Management & Operating System Licenses	Service & Support	max 1	0	1	Selection constraint for Server Management & Operating System Licenses: max 1	S2J02AAE	Service	Linaro Forge Ultimate 64 Processes 3-year Support E-LTU	0	138836.00		NA		No	Available		Not published by OCA	Active	10/02/2023	10/31/2027	{"Extended Price (USD)":"NA"}	ATTRIBUTE_CHANGED	138836.00	$0.00	0.00%	2026-09-09: $138836.00 → 2026-09-13: $138836.00
Support Services	Server Management & Operating System Licenses	HPE OCA > DL580 Gen12 [P75399-B21] > Support Services > Server Management & Operating System Licenses	Service & Support	max 1	0	1	Selection constraint for Server Management & Operating System Licenses: max 1	S2J03AAE	Service	Linaro Forge Ultimate 256 Processes 3-year Support E-LTU	0	294483.00		NA		No	Available		Not published by OCA	Active	10/02/2023	10/31/2027	{"Extended Price (USD)":"NA"}	ATTRIBUTE_CHANGED	294483.00	$0.00	0.00%	2026-09-09: $294483.00 → 2026-09-13: $294483.00
Support Services	Server Management & Operating System Licenses	HPE OCA > DL580 Gen12 [P75399-B21] > Support Services > Server Management & Operating System Licenses	Service & Support	max 1	0	1	Selection constraint for Server Management & Operating System Licenses: max 1	S2J04AAE	Service	Linaro Forge Ultimate 1024 Processes 3-year Support E-LTU	0	588951.00		NA		No	Available		Not published by OCA	Active	10/02/2023	10/31/2027	{"Extended Price (USD)":"NA"}	ATTRIBUTE_CHANGED	588951.00	$0.00	0.00%	2026-09-09: $588951.00 → 2026-09-13: $588951.00
Support Services	Server Management & Operating System Licenses	HPE OCA > DL580 Gen12 [P75399-B21] > Support Services > Server Management & Operating System Licenses	Service & Support	max 1	0	1	Selection constraint for Server Management & Operating System Licenses: max 1	S2J05AAE	Service	Linaro Forge Ultimate Unlimited Processes 3-year Support E-LTU	0	3737215.00		NA		No	Available		Not published by OCA	Active	10/02/2023	10/31/2027	{"Extended Price (USD)":"NA"}	ATTRIBUTE_CHANGED	3737215.00	$0.00	0.00%	2026-09-09: $3737215.00 → 2026-09-13: $3737215.00
Support Services	Server Management & Operating System Licenses	HPE OCA > DL580 Gen12 [P75399-B21] > Support Services > Server Management & Operating System Licenses	Service & Support	max 1	0	1	Selection constraint for Server Management & Operating System Licenses: max 1	S2J06AAE	Service	Linaro Forge Ultimate 32 Processes 4-year Support E-LTU	0	125281.00		NA		No	Available		Not published by OCA	Active	10/02/2023	10/31/2027	{"Extended Price (USD)":"NA"}	ATTRIBUTE_CHANGED	125281.00	$0.00	0.00%	2026-09-09: $125281.00 → 2026-09-13: $125281.00
Support Services	Server Management & Operating System Licenses	HPE OCA > DL580 Gen12 [P75399-B21] > Support Services > Server Management & Operating System Licenses	Service & Support	max 1	0	1	Selection constraint for Server Management & Operating System Licenses: max 1	S2J07AAE	Service	Linaro Forge Ultimate 64 Processes 4-year Support E-LTU	0	185110.00		NA		No	Available		Not published by OCA	Active	10/02/2023	10/31/2027	{"Extended Price (USD)":"NA"}	ATTRIBUTE_CHANGED	185110.00	$0.00	0.00%	2026-09-09: $185110.00 → 2026-09-13: $185110.00
Support Services	Server Management & Operating System Licenses	HPE OCA > DL580 Gen12 [P75399-B21] > Support Services > Server Management & Operating System Licenses	Service & Support	max 1	0	1	Selection constraint for Server Management & Operating System Licenses: max 1	S2J08AAE	Service	Linaro Forge Ultimate 256 Processes 4-year Support E-LTU	0	392639.00		NA		No	Available		Not published by OCA	Active	10/02/2023	10/31/2027	{"Extended Price (USD)":"NA"}	ATTRIBUTE_CHANGED	392639.00	$0.00	0.00%	2026-09-09: $392639.00 → 2026-09-13: $392639.00
Support Services	Server Management & Operating System Licenses	HPE OCA > DL580 Gen12 [P75399-B21] > Support Services > Server Management & Operating System Licenses	Service & Support	max 1	0	1	Selection constraint for Server Management & Operating System Licenses: max 1	S2J09AAE	Service	Linaro Forge Ultimate 1024 Processes 4-year Support E-LTU	0	785262.00		NA		No	Available		Not published by OCA	Active	10/02/2023	10/31/2027	{"Extended Price (USD)":"NA"}	ATTRIBUTE_CHANGED	785262.00	$0.00	0.00%	2026-09-09: $785262.00 → 2026-09-13: $785262.00
Support Services	Server Management & Operating System Licenses	HPE OCA > DL580 Gen12 [P75399-B21] > Support Services > Server Management & Operating System Licenses	Service & Support	max 1	0	1	Selection constraint for Server Management & Operating System Licenses: max 1	S2J10AAE	Service	Linaro Forge Ultimate Unlimited Processes 4-year Support E-LTU	0	4982948.00		NA		No	Available		Not published by OCA	Active	10/02/2023	10/31/2027	{"Extended Price (USD)":"NA"}	ATTRIBUTE_CHANGED	4982948.00	$0.00	0.00%	2026-09-09: $4982948.00 → 2026-09-13: $4982948.00
Support Services	Server Management & Operating System Licenses	HPE OCA > DL580 Gen12 [P75399-B21] > Support Services > Server Management & Operating System Licenses	Service & Support	max 1	0	1	Selection constraint for Server Management & Operating System Licenses: max 1	S2J11AAE	Service	Linaro Forge Ultimate 32 Processes 5-year Support E-LTU	0	156598.00		NA		No	Available		Not published by OCA	Active	10/02/2023	10/31/2027	{"Extended Price (USD)":"NA"}	ATTRIBUTE_CHANGED	156598.00	$0.00	0.00%	2026-09-09: $156598.00 → 2026-09-13: $156598.00
Support Services	Server Management & Operating System Licenses	HPE OCA > DL580 Gen12 [P75399-B21] > Support Services > Server Management & Operating System Licenses	Service & Support	max 1	0	1	Selection constraint for Server Management & Operating System Licenses: max 1	S2J12AAE	Service	Linaro Forge Ultimate 64 Processes 5-year Support E-LTU	0	231383.00		NA		No	Available		Not published by OCA	Active	10/02/2023	10/31/2027	{"Extended Price (USD)":"NA"}	ATTRIBUTE_CHANGED	231383.00	$0.00	0.00%	2026-09-09: $231383.00 → 2026-09-13: $231383.00
Support Services	Server Management & Operating System Licenses	HPE OCA > DL580 Gen12 [P75399-B21] > Support Services > Server Management & Operating System Licenses	Service & Support	max 1	0	1	Selection constraint for Server Management & Operating System Licenses: max 1	S2J13AAE	Service	Linaro Forge Ultimate 256 Processes 5-year Support E-LTU	0	490795.00		NA		No	Available		Not published by OCA	Active	10/02/2023	10/31/2027	{"Extended Price (USD)":"NA"}	ATTRIBUTE_CHANGED	490795.00	$0.00	0.00%	2026-09-09: $490795.00 → 2026-09-13: $490795.00
Support Services	Server Management & Operating System Licenses	HPE OCA > DL580 Gen12 [P75399-B21] > Support Services > Server Management & Operating System Licenses	Service & Support	max 1	0	1	Selection constraint for Server Management & Operating System Licenses: max 1	S2J14AAE	Service	Linaro Forge Ultimate 1024 Processes 5-year Support E-LTU	0	981574.00		NA		No	Available		Not published by OCA	Active	10/02/2023	10/31/2027	{"Extended Price (USD)":"NA"}	ATTRIBUTE_CHANGED	981574.00	$0.00	0.00%	2026-09-09: $981574.00 → 2026-09-13: $981574.00
Support Services	Server Management & Operating System Licenses	HPE OCA > DL580 Gen12 [P75399-B21] > Support Services > Server Management & Operating System Licenses	Service & Support	max 1	0	1	Selection constraint for Server Management & Operating System Licenses: max 1	S2J15AAE	Service	Linaro Forge Ultimate Unlimited Processes 5-year Support E-LTU	0	6228680.00		NA		No	Available		Not published by OCA	Active	10/02/2023	10/31/2027	{"Extended Price (USD)":"NA"}	ATTRIBUTE_CHANGED	6228680.00	$0.00	0.00%	2026-09-09: $6228680.00 → 2026-09-13: $6228680.00
Support Services	Server Management & Operating System Licenses	HPE OCA > DL580 Gen12 [P75399-B21] > Support Services > Server Management & Operating System Licenses	Service & Support	max 1	0	1	Selection constraint for Server Management & Operating System Licenses: max 1	S2J16AAE	Service	Linaro DDT 32 Processes 1-year Support E-LTU	0	14928.00		NA		No	Available		Not published by OCA	Active	10/02/2023	10/31/2027	{"Extended Price (USD)":"NA"}	ATTRIBUTE_CHANGED	14928.00	$0.00	0.00%	2026-09-09: $14928.00 → 2026-09-13: $14928.00
Support Services	Server Management & Operating System Licenses	HPE OCA > DL580 Gen12 [P75399-B21] > Support Services > Server Management & Operating System Licenses	Service & Support	max 1	0	1	Selection constraint for Server Management & Operating System Licenses: max 1	S2J17AAE	Service	Linaro DDT 64 Processes 1-year Support E-LTU	0	22051.00		NA		No	Available		Not published by OCA	Active	10/02/2023	10/31/2027	{"Extended Price (USD)":"NA"}	ATTRIBUTE_CHANGED	22051.00	$0.00	0.00%	2026-09-09: $22051.00 → 2026-09-13: $22051.00
Support Services	Server Management & Operating System Licenses	HPE OCA > DL580 Gen12 [P75399-B21] > Support Services > Server Management & Operating System Licenses	Service & Support	max 1	0	1	Selection constraint for Server Management & Operating System Licenses: max 1	S2J18AAE	Service	Linaro DDT 256 Processes 1-year Support E-LTU	0	46757.00		NA		No	Available		Not published by OCA	Active	10/02/2023	10/31/2027	{"Extended Price (USD)":"NA"}	ATTRIBUTE_CHANGED	46757.00	$0.00	0.00%	2026-09-09: $46757.00 → 2026-09-13: $46757.00
Support Services	Server Management & Operating System Licenses	HPE OCA > DL580 Gen12 [P75399-B21] > Support Services > Server Management & Operating System Licenses	Service & Support	max 1	0	1	Selection constraint for Server Management & Operating System Licenses: max 1	S2J19AAE	Service	Linaro DDT 1024 Processes 1-year Support E-LTU	0	93498.00		NA		No	Available		Not published by OCA	Active	10/02/2023	10/31/2027	{"Extended Price (USD)":"NA"}	ATTRIBUTE_CHANGED	93498.00	$0.00	0.00%	2026-09-09: $93498.00 → 2026-09-13: $93498.00
Support Services	Server Management & Operating System Licenses	HPE OCA > DL580 Gen12 [P75399-B21] > Support Services > Server Management & Operating System Licenses	Service & Support	max 1	0	1	Selection constraint for Server Management & Operating System Licenses: max 1	S2J20AAE	Service	Linaro DDT Unlimited Processes 1-year Support E-LTU	0	593224.00		NA		No	Available		Not published by OCA	Active	10/02/2023	10/31/2027	{"Extended Price (USD)":"NA"}	ATTRIBUTE_CHANGED	593224.00	$0.00	0.00%	2026-09-09: $593224.00 → 2026-09-13: $593224.00
Support Services	Server Management & Operating System Licenses	HPE OCA > DL580 Gen12 [P75399-B21] > Support Services > Server Management & Operating System Licenses	Service & Support	max 1	0	1	Selection constraint for Server Management & Operating System Licenses: max 1	S2J21AAE	Service	Linaro DDT 32 Processes 3-year Support E-LTU	0	44754.00		NA		No	Available		Not published by OCA	Active	10/02/2023	10/31/2027	{"Extended Price (USD)":"NA"}	ATTRIBUTE_CHANGED	44754.00	$0.00	0.00%	2026-09-09: $44754.00 → 2026-09-13: $44754.00
Support Services	Server Management & Operating System Licenses	HPE OCA > DL580 Gen12 [P75399-B21] > Support Services > Server Management & Operating System Licenses	Service & Support	max 1	0	1	Selection constraint for Server Management & Operating System Licenses: max 1	S2J22AAE	Service	Linaro DDT 64 Processes 3-year Support E-LTU	0	66121.00		NA		No	Available		Not published by OCA	Active	10/02/2023	10/31/2027	{"Extended Price (USD)":"NA"}	ATTRIBUTE_CHANGED	66121.00	$0.00	0.00%	2026-09-09: $66121.00 → 2026-09-13: $66121.00
Support Services	Server Management & Operating System Licenses	HPE OCA > DL580 Gen12 [P75399-B21] > Support Services > Server Management & Operating System Licenses	Service & Support	max 1	0	1	Selection constraint for Server Management & Operating System Licenses: max 1	S2J23AAE	Service	Linaro DDT 256 Processes 3-year Support E-LTU	0	140239.00		NA		No	Available		Not published by OCA	Active	10/02/2023	10/31/2027	{"Extended Price (USD)":"NA"}	ATTRIBUTE_CHANGED	140239.00	$0.00	0.00%	2026-09-09: $140239.00 → 2026-09-13: $140239.00
Support Services	Server Management & Operating System Licenses	HPE OCA > DL580 Gen12 [P75399-B21] > Support Services > Server Management & Operating System Licenses	Service & Support	max 1	0	1	Selection constraint for Server Management & Operating System Licenses: max 1	S2J24AAE	Service	Linaro DDT 1024 Processes 3-year Support E-LTU	0	280461.00		NA		No	Available		Not published by OCA	Active	10/02/2023	10/31/2027	{"Extended Price (USD)":"NA"}	ATTRIBUTE_CHANGED	280461.00	$0.00	0.00%	2026-09-09: $280461.00 → 2026-09-13: $280461.00
Support Services	Server Management & Operating System Licenses	HPE OCA > DL580 Gen12 [P75399-B21] > Support Services > Server Management & Operating System Licenses	Service & Support	max 1	0	1	Selection constraint for Server Management & Operating System Licenses: max 1	S2J25AAE	Service	Linaro DDT Unlimited Processes 3-year Support E-LTU	0	1779641.00		NA		No	Available		Not published by OCA	Active	10/02/2023	10/31/2027	{"Extended Price (USD)":"NA"}	ATTRIBUTE_CHANGED	1779641.00	$0.00	0.00%	2026-09-09: $1779641.00 → 2026-09-13: $1779641.00
Support Services	Server Management & Operating System Licenses	HPE OCA > DL580 Gen12 [P75399-B21] > Support Services > Server Management & Operating System Licenses	Service & Support	max 1	0	1	Selection constraint for Server Management & Operating System Licenses: max 1	S2J26AAE	Service	Linaro DDT 32 Processes 4-year Support E-LTU	0	59666.00		NA		No	Available		Not published by OCA	Active	10/02/2023	10/31/2027	{"Extended Price (USD)":"NA"}	ATTRIBUTE_CHANGED	59666.00	$0.00	0.00%	2026-09-09: $59666.00 → 2026-09-13: $59666.00
Support Services	Server Management & Operating System Licenses	HPE OCA > DL580 Gen12 [P75399-B21] > Support Services > Server Management & Operating System Licenses	Service & Support	max 1	0	1	Selection constraint for Server Management & Operating System Licenses: max 1	S2J27AAE	Service	Linaro DDT 64 Processes 4-year Support E-LTU	0	88156.00		NA		No	Available		Not published by OCA	Active	10/02/2023	10/31/2027	{"Extended Price (USD)":"NA"}	ATTRIBUTE_CHANGED	88156.00	$0.00	0.00%	2026-09-09: $88156.00 → 2026-09-13: $88156.00
Support Services	Server Management & Operating System Licenses	HPE OCA > DL580 Gen12 [P75399-B21] > Support Services > Server Management & Operating System Licenses	Service & Support	max 1	0	1	Selection constraint for Server Management & Operating System Licenses: max 1	S2J28AAE	Service	Linaro DDT 256 Processes 4-year Support E-LTU	0	186979.00		NA		No	Available		Not published by OCA	Active	10/02/2023	10/31/2027	{"Extended Price (USD)":"NA"}	ATTRIBUTE_CHANGED	186979.00	$0.00	0.00%	2026-09-09: $186979.00 → 2026-09-13: $186979.00
Support Services	Server Management & Operating System Licenses	HPE OCA > DL580 Gen12 [P75399-B21] > Support Services > Server Management & Operating System Licenses	Service & Support	max 1	0	1	Selection constraint for Server Management & Operating System Licenses: max 1	S2J29AAE	Service	Linaro DDT 1024 Processes 4-year Support E-LTU	0	373943.00		NA		No	Available		Not published by OCA	Active	10/02/2023	10/31/2027	{"Extended Price (USD)":"NA"}	ATTRIBUTE_CHANGED	373943.00	$0.00	0.00%	2026-09-09: $373943.00 → 2026-09-13: $373943.00
Support Services	Server Management & Operating System Licenses	HPE OCA > DL580 Gen12 [P75399-B21] > Support Services > Server Management & Operating System Licenses	Service & Support	max 1	0	1	Selection constraint for Server Management & Operating System Licenses: max 1	S2J30AAE	Service	Linaro DDT Unlimited Processes 4-year Support E-LTU	0	2372849.00		NA		No	Available		Not published by OCA	Active	10/02/2023	10/31/2027	{"Extended Price (USD)":"NA"}	ATTRIBUTE_CHANGED	2372849.00	$0.00	0.00%	2026-09-09: $2372849.00 → 2026-09-13: $2372849.00
Support Services	Server Management & Operating System Licenses	HPE OCA > DL580 Gen12 [P75399-B21] > Support Services > Server Management & Operating System Licenses	Service & Support	max 1	0	1	Selection constraint for Server Management & Operating System Licenses: max 1	S2J31AAE	Service	Linaro DDT 32 Processes 5-year Support E-LTU	0	74579.00		NA		No	Available		Not published by OCA	Active	10/02/2023	10/31/2027	{"Extended Price (USD)":"NA"}	ATTRIBUTE_CHANGED	74579.00	$0.00	0.00%	2026-09-09: $74579.00 → 2026-09-13: $74579.00
Support Services	Server Management & Operating System Licenses	HPE OCA > DL580 Gen12 [P75399-B21] > Support Services > Server Management & Operating System Licenses	Service & Support	max 1	0	1	Selection constraint for Server Management & Operating System Licenses: max 1	S2J32AAE	Service	Linaro DDT 64 Processes 5-year Support E-LTU	0	110191.00		NA		No	Available		Not published by OCA	Active	10/02/2023	10/31/2027	{"Extended Price (USD)":"NA"}	ATTRIBUTE_CHANGED	110191.00	$0.00	0.00%	2026-09-09: $110191.00 → 2026-09-13: $110191.00
Support Services	Server Management & Operating System Licenses	HPE OCA > DL580 Gen12 [P75399-B21] > Support Services > Server Management & Operating System Licenses	Service & Support	max 1	0	1	Selection constraint for Server Management & Operating System Licenses: max 1	S2J33AAE	Service	Linaro DDT 256 Processes 5-year Support E-LTU	0	233720.00		NA		No	Available		Not published by OCA	Active	10/02/2023	10/31/2027	{"Extended Price (USD)":"NA"}	ATTRIBUTE_CHANGED	233720.00	$0.00	0.00%	2026-09-09: $233720.00 → 2026-09-13: $233720.00
Support Services	Server Management & Operating System Licenses	HPE OCA > DL580 Gen12 [P75399-B21] > Support Services > Server Management & Operating System Licenses	Service & Support	max 1	0	1	Selection constraint for Server Management & Operating System Licenses: max 1	S2J34AAE	Service	Linaro DDT 1024 Processes 5-year Support E-LTU	0	467425.00		NA		No	Available		Not published by OCA	Active	10/02/2023	10/31/2027	{"Extended Price (USD)":"NA"}	ATTRIBUTE_CHANGED	467425.00	$0.00	0.00%	2026-09-09: $467425.00 → 2026-09-13: $467425.00
Support Services	Server Management & Operating System Licenses	HPE OCA > DL580 Gen12 [P75399-B21] > Support Services > Server Management & Operating System Licenses	Service & Support	max 1	0	1	Selection constraint for Server Management & Operating System Licenses: max 1	S2J35AAE	Service	Linaro DDT Unlimited Processes 5-year Support E-LTU	0	2966057.00		NA		No	Available		Not published by OCA	Active	10/02/2023	10/31/2027	{"Extended Price (USD)":"NA"}	ATTRIBUTE_CHANGED	2966057.00	$0.00	0.00%	2026-09-09: $2966057.00 → 2026-09-13: $2966057.00
Support Services	Server Management & Operating System Licenses	HPE OCA > DL580 Gen12 [P75399-B21] > Support Services > Server Management & Operating System Licenses	Service & Support	max 1	0	1	Selection constraint for Server Management & Operating System Licenses: max 1	S2L38AAE	Service	TotalView 32 Processes 1-year Support E-LTU	0	9228.00		NA		No	EOL Warning (90-Day)		Not published by OCA	EOL Warning (90-Day)	11/06/2023	12/06/2026	{"Extended Price (USD)":"NA"}	ATTRIBUTE_CHANGED	9228.00	$0.00	0.00%	2026-09-09: $9228.00 → 2026-09-13: $9228.00
Support Services	Server Management & Operating System Licenses	HPE OCA > DL580 Gen12 [P75399-B21] > Support Services > Server Management & Operating System Licenses	Service & Support	max 1	0	1	Selection constraint for Server Management & Operating System Licenses: max 1	S2L39AAE	Service	TotalView 64 Processes 1-year Support E-LTU	0	12894.00		NA		No	EOL Warning (90-Day)		Not published by OCA	EOL Warning (90-Day)	11/06/2023	12/06/2026	{"Extended Price (USD)":"NA"}	ATTRIBUTE_CHANGED	12894.00	$0.00	0.00%	2026-09-09: $12894.00 → 2026-09-13: $12894.00
Support Services	Server Management & Operating System Licenses	HPE OCA > DL580 Gen12 [P75399-B21] > Support Services > Server Management & Operating System Licenses	Service & Support	max 1	0	1	Selection constraint for Server Management & Operating System Licenses: max 1	S2L40AAE	Service	TotalView 128 Processes 1-year Support E-LTU	0	16672.00		NA		No	EOL Warning (90-Day)		Not published by OCA	EOL Warning (90-Day)	11/06/2023	12/06/2026	{"Extended Price (USD)":"NA"}	ATTRIBUTE_CHANGED	16672.00	$0.00	0.00%	2026-09-09: $16672.00 → 2026-09-13: $16672.00
Support Services	Server Management & Operating System Licenses	HPE OCA > DL580 Gen12 [P75399-B21] > Support Services > Server Management & Operating System Licenses	Service & Support	max 1	0	1	Selection constraint for Server Management & Operating System Licenses: max 1	S2L41AAE	Service	TotalView 256 Processes 1-year Support E-LTU	0	22228.00		NA		No	EOL Warning (90-Day)		Not published by OCA	EOL Warning (90-Day)	11/06/2023	12/06/2026	{"Extended Price (USD)":"NA"}	ATTRIBUTE_CHANGED	22228.00	$0.00	0.00%	2026-09-09: $22228.00 → 2026-09-13: $22228.00
Support Services	Server Management & Operating System Licenses	HPE OCA > DL580 Gen12 [P75399-B21] > Support Services > Server Management & Operating System Licenses	Service & Support	max 1	0	1	Selection constraint for Server Management & Operating System Licenses: max 1	S2L42AAE	Service	TotalView 512 Processes 1-year Support E-LTU	0	26672.00		NA		No	EOL Warning (90-Day)		Not published by OCA	EOL Warning (90-Day)	11/06/2023	12/06/2026	{"Extended Price (USD)":"NA"}	ATTRIBUTE_CHANGED	26672.00	$0.00	0.00%	2026-09-09: $26672.00 → 2026-09-13: $26672.00
Support Services	Server Management & Operating System Licenses	HPE OCA > DL580 Gen12 [P75399-B21] > Support Services > Server Management & Operating System Licenses	Service & Support	max 1	0	1	Selection constraint for Server Management & Operating System Licenses: max 1	S2L43AAE	Service	TotalView 32 Processes 3-year Support E-LTU	0	26672.00		NA		No	EOL Warning (90-Day)		Not published by OCA	EOL Warning (90-Day)	11/06/2023	12/06/2026	{"Extended Price (USD)":"NA"}	ATTRIBUTE_CHANGED	26672.00	$0.00	0.00%	2026-09-09: $26672.00 → 2026-09-13: $26672.00
Support Services	Server Management & Operating System Licenses	HPE OCA > DL580 Gen12 [P75399-B21] > Support Services > Server Management & Operating System Licenses	Service & Support	max 1	0	1	Selection constraint for Server Management & Operating System Licenses: max 1	S2L44AAE	Service	TotalView 64 Processes 3-year Support E-LTU	0	36117.00		NA		No	EOL Warning (90-Day)		Not published by OCA	EOL Warning (90-Day)	11/06/2023	12/06/2026	{"Extended Price (USD)":"NA"}	ATTRIBUTE_CHANGED	36117.00	$0.00	0.00%	2026-09-09: $36117.00 → 2026-09-13: $36117.00
Support Services	Server Management & Operating System Licenses	HPE OCA > DL580 Gen12 [P75399-B21] > Support Services > Server Management & Operating System Licenses	Service & Support	max 1	0	1	Selection constraint for Server Management & Operating System Licenses: max 1	S2L45AAE	Service	TotalView 128 Processes 3-year Support E-LTU	0	46672.00		NA		No	EOL Warning (90-Day)		Not published by OCA	EOL Warning (90-Day)	11/06/2023	12/06/2026	{"Extended Price (USD)":"NA"}	ATTRIBUTE_CHANGED	46672.00	$0.00	0.00%	2026-09-09: $46672.00 → 2026-09-13: $46672.00
Support Services	Server Management & Operating System Licenses	HPE OCA > DL580 Gen12 [P75399-B21] > Support Services > Server Management & Operating System Licenses	Service & Support	max 1	0	1	Selection constraint for Server Management & Operating System Licenses: max 1	S2L46AAE	Service	TotalView 256 Processes 3-year Support E-LTU	0	61117.00		NA		No	EOL Warning (90-Day)		Not published by OCA	EOL Warning (90-Day)	11/06/2023	12/06/2026	{"Extended Price (USD)":"NA"}	ATTRIBUTE_CHANGED	61117.00	$0.00	0.00%	2026-09-09: $61117.00 → 2026-09-13: $61117.00
Support Services	Server Management & Operating System Licenses	HPE OCA > DL580 Gen12 [P75399-B21] > Support Services > Server Management & Operating System Licenses	Service & Support	max 1	0	1	Selection constraint for Server Management & Operating System Licenses: max 1	S2L47AAE	Service	TotalView 512 Processes 3-year Support E-LTU	0	73339.00		NA		No	EOL Warning (90-Day)		Not published by OCA	EOL Warning (90-Day)	11/06/2023	12/06/2026	{"Extended Price (USD)":"NA"}	ATTRIBUTE_CHANGED	73339.00	$0.00	0.00%	2026-09-09: $73339.00 → 2026-09-13: $73339.00
Support Services	Server Management & Operating System Licenses	HPE OCA > DL580 Gen12 [P75399-B21] > Support Services > Server Management & Operating System Licenses	Service & Support	max 1	0	1	Selection constraint for Server Management & Operating System Licenses: max 1	S2L48AAE	Service	TotalView 32 Processes 4-year Support E-LTU	0	33339.00		NA		No	EOL Warning (90-Day)		Not published by OCA	EOL Warning (90-Day)	11/06/2023	12/06/2026	{"Extended Price (USD)":"NA"}	ATTRIBUTE_CHANGED	33339.00	$0.00	0.00%	2026-09-09: $33339.00 → 2026-09-13: $33339.00
Support Services	Server Management & Operating System Licenses	HPE OCA > DL580 Gen12 [P75399-B21] > Support Services > Server Management & Operating System Licenses	Service & Support	max 1	0	1	Selection constraint for Server Management & Operating System Licenses: max 1	S2L49AAE	Service	TotalView 64 Processes 4-year Support E-LTU	0	46672.00		NA		No	EOL Warning (90-Day)		Not published by OCA	EOL Warning (90-Day)	11/06/2023	12/06/2026	{"Extended Price (USD)":"NA"}	ATTRIBUTE_CHANGED	46672.00	$0.00	0.00%	2026-09-09: $46672.00 → 2026-09-13: $46672.00
Support Services	Server Management & Operating System Licenses	HPE OCA > DL580 Gen12 [P75399-B21] > Support Services > Server Management & Operating System Licenses	Service & Support	max 1	0	1	Selection constraint for Server Management & Operating System Licenses: max 1	S2L50AAE	Service	TotalView 128 Processes 4-year Support E-LTU	0	60006.00		NA		No	EOL Warning (90-Day)		Not published by OCA	EOL Warning (90-Day)	11/06/2023	12/06/2026	{"Extended Price (USD)":"NA"}	ATTRIBUTE_CHANGED	60006.00	$0.00	0.00%	2026-09-09: $60006.00 → 2026-09-13: $60006.00
Support Services	Server Management & Operating System Licenses	HPE OCA > DL580 Gen12 [P75399-B21] > Support Services > Server Management & Operating System Licenses	Service & Support	max 1	0	1	Selection constraint for Server Management & Operating System Licenses: max 1	S2L51AAE	Service	TotalView 256 Processes 4-year Support E-LTU	0	78894.00		NA		No	EOL Warning (90-Day)		Not published by OCA	EOL Warning (90-Day)	11/06/2023	12/06/2026	{"Extended Price (USD)":"NA"}	ATTRIBUTE_CHANGED	78894.00	$0.00	0.00%	2026-09-09: $78894.00 → 2026-09-13: $78894.00
Support Services	Server Management & Operating System Licenses	HPE OCA > DL580 Gen12 [P75399-B21] > Support Services > Server Management & Operating System Licenses	Service & Support	max 1	0	1	Selection constraint for Server Management & Operating System Licenses: max 1	S2L52AAE	Service	TotalView 512 Processes 4-year Support E-LTU	0	95006.00		NA		No	EOL Warning (90-Day)		Not published by OCA	EOL Warning (90-Day)	11/06/2023	12/06/2026	{"Extended Price (USD)":"NA"}	ATTRIBUTE_CHANGED	95006.00	$0.00	0.00%	2026-09-09: $95006.00 → 2026-09-13: $95006.00
Support Services	Server Management & Operating System Licenses	HPE OCA > DL580 Gen12 [P75399-B21] > Support Services > Server Management & Operating System Licenses	Service & Support	max 1	0	1	Selection constraint for Server Management & Operating System Licenses: max 1	S2L53AAE	Service	TotalView 32 Processes 5-year Support E-LTU	0	39450.00		NA		No	EOL Warning (90-Day)		Not published by OCA	EOL Warning (90-Day)	11/06/2023	12/06/2026	{"Extended Price (USD)":"NA"}	ATTRIBUTE_CHANGED	39450.00	$0.00	0.00%	2026-09-09: $39450.00 → 2026-09-13: $39450.00
Support Services	Server Management & Operating System Licenses	HPE OCA > DL580 Gen12 [P75399-B21] > Support Services > Server Management & Operating System Licenses	Service & Support	max 1	0	1	Selection constraint for Server Management & Operating System Licenses: max 1	S2L54AAE	Service	TotalView 64 Processes 5-year Support E-LTU	0	55006.00		NA		No	EOL Warning (90-Day)		Not published by OCA	EOL Warning (90-Day)	11/06/2023	12/06/2026	{"Extended Price (USD)":"NA"}	ATTRIBUTE_CHANGED	55006.00	$0.00	0.00%	2026-09-09: $55006.00 → 2026-09-13: $55006.00
Support Services	Server Management & Operating System Licenses	HPE OCA > DL580 Gen12 [P75399-B21] > Support Services > Server Management & Operating System Licenses	Service & Support	max 1	0	1	Selection constraint for Server Management & Operating System Licenses: max 1	S2L55AAE	Service	TotalView 128 Processes 5-year Support E-LTU	0	70561.00		NA		No	EOL Warning (90-Day)		Not published by OCA	EOL Warning (90-Day)	11/06/2023	12/06/2026	{"Extended Price (USD)":"NA"}	ATTRIBUTE_CHANGED	70561.00	$0.00	0.00%	2026-09-09: $70561.00 → 2026-09-13: $70561.00
Support Services	Server Management & Operating System Licenses	HPE OCA > DL580 Gen12 [P75399-B21] > Support Services > Server Management & Operating System Licenses	Service & Support	max 1	0	1	Selection constraint for Server Management & Operating System Licenses: max 1	S2L56AAE	Service	TotalView 256 Processes 5-year Support E-LTU	0	93339.00		NA		No	EOL Warning (90-Day)		Not published by OCA	EOL Warning (90-Day)	11/06/2023	12/06/2026	{"Extended Price (USD)":"NA"}	ATTRIBUTE_CHANGED	93339.00	$0.00	0.00%	2026-09-09: $93339.00 → 2026-09-13: $93339.00
Support Services	Server Management & Operating System Licenses	HPE OCA > DL580 Gen12 [P75399-B21] > Support Services > Server Management & Operating System Licenses	Service & Support	max 1	0	1	Selection constraint for Server Management & Operating System Licenses: max 1	S2L57AAE	Service	TotalView 512 Processes 5-year Support E-LTU	0	112228.00		NA		No	EOL Warning (90-Day)		Not published by OCA	EOL Warning (90-Day)	11/06/2023	12/06/2026	{"Extended Price (USD)":"NA"}	ATTRIBUTE_CHANGED	112228.00	$0.00	0.00%	2026-09-09: $112228.00 → 2026-09-13: $112228.00
Support Services	Server Management & Operating System Licenses	HPE OCA > DL580 Gen12 [P75399-B21] > Support Services > Server Management & Operating System Licenses	Service & Support	max 1	0	1	Selection constraint for Server Management & Operating System Licenses: max 1	S2M19A	Standard	Intel oneAPI Base and HPC Premium Support Maximum 63 Nodes up to 10 Developers 1-year LTU	0	23466.00		NA		No	Obsolete (OB)		Not published by OCA	Obsolete (OB)	10/02/2023	06/26/2025	{"Extended Price (USD)":"NA"}	ATTRIBUTE_CHANGED	23466.00	$0.00	0.00%	2026-09-09: $23466.00 → 2026-09-13: $23466.00
Support Services	Server Management & Operating System Licenses	HPE OCA > DL580 Gen12 [P75399-B21] > Support Services > Server Management & Operating System Licenses	Service & Support	max 1	0	1	Selection constraint for Server Management & Operating System Licenses: max 1	S2M21A	Standard	Intel oneAPI Base and HPC Premium Support Maximum 63 Nodes up to 25 Developers 1-year LTU	0	46916.00		NA		No	Obsolete (OB)		Not published by OCA	Obsolete (OB)	10/02/2023	06/25/2025	{"Extended Price (USD)":"NA"}	ATTRIBUTE_CHANGED	46916.00	$0.00	0.00%	2026-09-09: $46916.00 → 2026-09-13: $46916.00
Support Services	Server Management & Operating System Licenses	HPE OCA > DL580 Gen12 [P75399-B21] > Support Services > Server Management & Operating System Licenses	Service & Support	max 1	0	1	Selection constraint for Server Management & Operating System Licenses: max 1	S2M23A	Standard	Intel oneAPI Base and HPC Premium Support Maximum 63 Nodes up to 50 Developers 1-year LTU	0	70366.00		NA		No	Obsolete (OB)		Not published by OCA	Obsolete (OB)	10/02/2023	06/25/2025	{"Extended Price (USD)":"NA"}	ATTRIBUTE_CHANGED	70366.00	$0.00	0.00%	2026-09-09: $70366.00 → 2026-09-13: $70366.00
Support Services	Server Management & Operating System Licenses	HPE OCA > DL580 Gen12 [P75399-B21] > Support Services > Server Management & Operating System Licenses	Service & Support	max 1	0	1	Selection constraint for Server Management & Operating System Licenses: max 1	S2M25A	Standard	Intel oneAPI Base and HPC Premium Support Maximum 63 Nodes up to 10 Developers 3-year LTU	0	39921.00		NA		No	Obsolete (OB)		Not published by OCA	Obsolete (OB)	10/02/2023	06/26/2025	{"Extended Price (USD)":"NA"}	ATTRIBUTE_CHANGED	39921.00	$0.00	0.00%	2026-09-09: $39921.00 → 2026-09-13: $39921.00
Support Services	Server Management & Operating System Licenses	HPE OCA > DL580 Gen12 [P75399-B21] > Support Services > Server Management & Operating System Licenses	Service & Support	max 1	0	1	Selection constraint for Server Management & Operating System Licenses: max 1	S2M27A	Standard	Intel oneAPI Base and HPC Premium Support Maximum 63 Nodes up to 25 Developers 3-year LTU	0	79746.00		NA		No	Obsolete (OB)		Not published by OCA	Obsolete (OB)	10/02/2023	06/26/2025	{"Extended Price (USD)":"NA"}	ATTRIBUTE_CHANGED	79746.00	$0.00	0.00%	2026-09-09: $79746.00 → 2026-09-13: $79746.00
Support Services	Server Management & Operating System Licenses	HPE OCA > DL580 Gen12 [P75399-B21] > Support Services > Server Management & Operating System Licenses	Service & Support	max 1	0	1	Selection constraint for Server Management & Operating System Licenses: max 1	S2M29A	Standard	Intel oneAPI Base and HPC Premium Support Maximum 63 Nodes up to 50 Developers 3-year LTU	0	119571.00		NA		No	Obsolete (OB)		Not published by OCA	Obsolete (OB)	10/02/2023	06/25/2025	{"Extended Price (USD)":"NA"}	ATTRIBUTE_CHANGED	119571.00	$0.00	0.00%	2026-09-09: $119571.00 → 2026-09-13: $119571.00
Support Services	Server Management & Operating System Licenses	HPE OCA > DL580 Gen12 [P75399-B21] > Support Services > Server Management & Operating System Licenses	Service & Support	max 1	0	1	Selection constraint for Server Management & Operating System Licenses: max 1	S2M31A	Standard	Intel oneAPI Base and HPC Support Max 63 Nodes up to 10 Developers 1yr Renewal Pre-expiration LTU	0	14884.00		NA		No	Obsolete (OB)		Not published by OCA	Obsolete (OB)	10/02/2023	06/26/2025	{"Extended Price (USD)":"NA"}	ATTRIBUTE_CHANGED	14884.00	$0.00	0.00%	2026-09-09: $14884.00 → 2026-09-13: $14884.00
Support Services	Server Management & Operating System Licenses	HPE OCA > DL580 Gen12 [P75399-B21] > Support Services > Server Management & Operating System Licenses	Service & Support	max 1	0	1	Selection constraint for Server Management & Operating System Licenses: max 1	S2M32A	Standard	Intel oneAPI Base and HPC Support Max 63 Nodes up to 10 Developers 1yr Renewal Post-expiration LTU	0	29615.00		NA		No	Obsolete (OB)		Not published by OCA	Obsolete (OB)	10/02/2023	06/26/2025	{"Extended Price (USD)":"NA"}	ATTRIBUTE_CHANGED	29615.00	$0.00	0.00%	2026-09-09: $29615.00 → 2026-09-13: $29615.00
Support Services	Server Management & Operating System Licenses	HPE OCA > DL580 Gen12 [P75399-B21] > Support Services > Server Management & Operating System Licenses	Service & Support	max 1	0	1	Selection constraint for Server Management & Operating System Licenses: max 1	S2M33A	Standard	Intel oneAPI Base and HPC Support Max 63 Nodes up to 25 Developers 1yr Renewal Pre-expiration LTU	0	29615.00		NA		No	Obsolete (OB)		Not published by OCA	Obsolete (OB)	10/02/2023	06/26/2025	{"Extended Price (USD)":"NA"}	ATTRIBUTE_CHANGED	29615.00	$0.00	0.00%	2026-09-09: $29615.00 → 2026-09-13: $29615.00
Support Services	Server Management & Operating System Licenses	HPE OCA > DL580 Gen12 [P75399-B21] > Support Services > Server Management & Operating System Licenses	Service & Support	max 1	0	1	Selection constraint for Server Management & Operating System Licenses: max 1	S2M34A	Standard	Intel oneAPI Base and HPC Support Max 63 Nodes up to 25 Developers 1yr Renewal Post-expiration LTU	0	59072.00		NA		No	Obsolete (OB)		Not published by OCA	Obsolete (OB)	10/02/2023	06/25/2025	{"Extended Price (USD)":"NA"}	ATTRIBUTE_CHANGED	59072.00	$0.00	0.00%	2026-09-09: $59072.00 → 2026-09-13: $59072.00
Support Services	Server Management & Operating System Licenses	HPE OCA > DL580 Gen12 [P75399-B21] > Support Services > Server Management & Operating System Licenses	Service & Support	max 1	0	1	Selection constraint for Server Management & Operating System Licenses: max 1	S2M35A	Standard	Intel oneAPI Base and HPC Support Max 63 Nodes up to 50 Developers 1yr Renewal Pre-expiration LTU	0	44343.00		NA		No	Obsolete (OB)		Not published by OCA	Obsolete (OB)	10/02/2023	06/25/2025	{"Extended Price (USD)":"NA"}	ATTRIBUTE_CHANGED	44343.00	$0.00	0.00%	2026-09-09: $44343.00 → 2026-09-13: $44343.00
Support Services	Server Management & Operating System Licenses	HPE OCA > DL580 Gen12 [P75399-B21] > Support Services > Server Management & Operating System Licenses	Service & Support	max 1	0	1	Selection constraint for Server Management & Operating System Licenses: max 1	S2M36A	Standard	Intel oneAPI Base and HPC Support Max 63 Nodes up to 50 Developers 1yr Renewal Post-expiration LTU	0	88674.00		NA		No	Obsolete (OB)		Not published by OCA	Obsolete (OB)	10/02/2023	06/25/2025	{"Extended Price (USD)":"NA"}	ATTRIBUTE_CHANGED	88674.00	$0.00	0.00%	2026-09-09: $88674.00 → 2026-09-13: $88674.00
Support Services	Server Management & Operating System Licenses	HPE OCA > DL580 Gen12 [P75399-B21] > Support Services > Server Management & Operating System Licenses	Service & Support	max 1	0	1	Selection constraint for Server Management & Operating System Licenses: max 1	S2M37A	Standard	Intel oneAPI Base and HPC Premium Support 64-256 Nodes 1-year LTU	0	119609.00		NA		No	Obsolete (OB)		Not published by OCA	Obsolete (OB)	10/02/2023	06/25/2025	{"Extended Price (USD)":"NA"}	ATTRIBUTE_CHANGED	119609.00	$0.00	0.00%	2026-09-09: $119609.00 → 2026-09-13: $119609.00
Support Services	Server Management & Operating System Licenses	HPE OCA > DL580 Gen12 [P75399-B21] > Support Services > Server Management & Operating System Licenses	Service & Support	max 1	0	1	Selection constraint for Server Management & Operating System Licenses: max 1	S2M39A	Standard	Intel oneAPI Base and HPC Premium Support 64-256 Nodes 3-year LTU	0	203256.00		NA		No	Obsolete (OB)		Not published by OCA	Obsolete (OB)	10/02/2023	06/25/2025	{"Extended Price (USD)":"NA"}	ATTRIBUTE_CHANGED	203256.00	$0.00	0.00%	2026-09-09: $203256.00 → 2026-09-13: $203256.00
Support Services	Server Management & Operating System Licenses	HPE OCA > DL580 Gen12 [P75399-B21] > Support Services > Server Management & Operating System Licenses	Service & Support	max 1	0	1	Selection constraint for Server Management & Operating System Licenses: max 1	S2M41A	Standard	Intel oneAPI Base and HPC Premium Support 64-256 Nodes 4-year LTU	0	243905.00		NA		No	Obsolete (OB)		Not published by OCA	Obsolete (OB)	10/02/2023	06/25/2025	{"Extended Price (USD)":"NA"}	ATTRIBUTE_CHANGED	243905.00	$0.00	0.00%	2026-09-09: $243905.00 → 2026-09-13: $243905.00
Support Services	Server Management & Operating System Licenses	HPE OCA > DL580 Gen12 [P75399-B21] > Support Services > Server Management & Operating System Licenses	Service & Support	max 1	0	1	Selection constraint for Server Management & Operating System Licenses: max 1	S2M43A	Standard	Intel oneAPI Base and HPC Premium Support 64-256 Nodes 5-year LTU	0	264229.00		NA		No	Obsolete (OB)		Not published by OCA	Obsolete (OB)	10/02/2023	06/25/2025	{"Extended Price (USD)":"NA"}	ATTRIBUTE_CHANGED	264229.00	$0.00	0.00%	2026-09-09: $264229.00 → 2026-09-13: $264229.00
Support Services	Server Management & Operating System Licenses	HPE OCA > DL580 Gen12 [P75399-B21] > Support Services > Server Management & Operating System Licenses	Service & Support	max 1	0	1	Selection constraint for Server Management & Operating System Licenses: max 1	S2M45A	Standard	Intel oneAPI Base and HPC Premium Support 257-512 Nodes 1-year LTU	0	158299.00		NA		No	Obsolete (OB)		Not published by OCA	Obsolete (OB)	10/02/2023	06/26/2025	{"Extended Price (USD)":"NA"}	ATTRIBUTE_CHANGED	158299.00	$0.00	0.00%	2026-09-09: $158299.00 → 2026-09-13: $158299.00
Support Services	Server Management & Operating System Licenses	HPE OCA > DL580 Gen12 [P75399-B21] > Support Services > Server Management & Operating System Licenses	Service & Support	max 1	0	1	Selection constraint for Server Management & Operating System Licenses: max 1	S2M47A	Standard	Intel oneAPI Base and HPC Premium Support 257-512 Nodes 3-year LTU	0	269011.00		NA		No	Obsolete (OB)		Not published by OCA	Obsolete (OB)	10/02/2023	06/25/2025	{"Extended Price (USD)":"NA"}	ATTRIBUTE_CHANGED	269011.00	$0.00	0.00%	2026-09-09: $269011.00 → 2026-09-13: $269011.00
Support Services	Server Management & Operating System Licenses	HPE OCA > DL580 Gen12 [P75399-B21] > Support Services > Server Management & Operating System Licenses	Service & Support	max 1	0	1	Selection constraint for Server Management & Operating System Licenses: max 1	S2M49A	Standard	Intel oneAPI Base and HPC Premium Support 257-512 Nodes 4-year LTU	0	322811.00		NA		No	Obsolete (OB)		Not published by OCA	Obsolete (OB)	10/02/2023	06/25/2025	{"Extended Price (USD)":"NA"}	ATTRIBUTE_CHANGED	322811.00	$0.00	0.00%	2026-09-09: $322811.00 → 2026-09-13: $322811.00
Support Services	Server Management & Operating System Licenses	HPE OCA > DL580 Gen12 [P75399-B21] > Support Services > Server Management & Operating System Licenses	Service & Support	max 1	0	1	Selection constraint for Server Management & Operating System Licenses: max 1	S2M51A	Standard	Intel oneAPI Base and HPC Premium Support 257-512 Nodes 5-year LTU	0	349711.00		NA		No	Obsolete (OB)		Not published by OCA	Obsolete (OB)	10/02/2023	06/25/2025	{"Extended Price (USD)":"NA"}	ATTRIBUTE_CHANGED	349711.00	$0.00	0.00%	2026-09-09: $349711.00 → 2026-09-13: $349711.00
Support Services	Server Management & Operating System Licenses	HPE OCA > DL580 Gen12 [P75399-B21] > Support Services > Server Management & Operating System Licenses	Service & Support	max 1	0	1	Selection constraint for Server Management & Operating System Licenses: max 1	S2M53A	Standard	Intel oneAPI Base and HPC Premium Support 512+ Nodes 1-year LTU	0	246235.00		NA		No	Obsolete (OB)		Not published by OCA	Obsolete (OB)	10/02/2023	06/26/2025	{"Extended Price (USD)":"NA"}	ATTRIBUTE_CHANGED	246235.00	$0.00	0.00%	2026-09-09: $246235.00 → 2026-09-13: $246235.00
Support Services	Server Management & Operating System Licenses	HPE OCA > DL580 Gen12 [P75399-B21] > Support Services > Server Management & Operating System Licenses	Service & Support	max 1	0	1	Selection constraint for Server Management & Operating System Licenses: max 1	S2M55A	Standard	Intel oneAPI Base and HPC Premium Support 512+ Nodes 3-year LTU	0	418455.00		NA		No	Obsolete (OB)		Not published by OCA	Obsolete (OB)	10/02/2023	06/25/2025	{"Extended Price (USD)":"NA"}	ATTRIBUTE_CHANGED	418455.00	$0.00	0.00%	2026-09-09: $418455.00 → 2026-09-13: $418455.00
Support Services	Server Management & Operating System Licenses	HPE OCA > DL580 Gen12 [P75399-B21] > Support Services > Server Management & Operating System Licenses	Service & Support	max 1	0	1	Selection constraint for Server Management & Operating System Licenses: max 1	S2M57A	Standard	Intel oneAPI Base and HPC Premium Support 512+ Nodes 4-year LTU	0	502140.00		NA		No	Obsolete (OB)		Not published by OCA	Obsolete (OB)	10/02/2023	06/25/2025	{"Extended Price (USD)":"NA"}	ATTRIBUTE_CHANGED	502140.00	$0.00	0.00%	2026-09-09: $502140.00 → 2026-09-13: $502140.00
Support Services	Server Management & Operating System Licenses	HPE OCA > DL580 Gen12 [P75399-B21] > Support Services > Server Management & Operating System Licenses	Service & Support	max 1	0	1	Selection constraint for Server Management & Operating System Licenses: max 1	S2M59A	Standard	Intel oneAPI Base and HPC Premium Support 512+ Nodes 5-year LTU	0	543984.00		NA		No	Obsolete (OB)		Not published by OCA	Obsolete (OB)	10/02/2023	06/25/2025	{"Extended Price (USD)":"NA"}	ATTRIBUTE_CHANGED	543984.00	$0.00	0.00%	2026-09-09: $543984.00 → 2026-09-13: $543984.00
Support Services	Server Management & Operating System Licenses	HPE OCA > DL580 Gen12 [P75399-B21] > Support Services > Server Management & Operating System Licenses	Service & Support	max 1	0	1	Selection constraint for Server Management & Operating System Licenses: max 1	S2M61A	Standard	Intel oneAPI Base and HPC Support 64-256 Nodes 1-year Renewal Pre-expiration LTU	0	79803.00		NA		No	Obsolete (OB)		Not published by OCA	Obsolete (OB)	10/02/2023	06/25/2025	{"Extended Price (USD)":"NA"}	ATTRIBUTE_CHANGED	79803.00	$0.00	0.00%	2026-09-09: $79803.00 → 2026-09-13: $79803.00
Support Services	Server Management & Operating System Licenses	HPE OCA > DL580 Gen12 [P75399-B21] > Support Services > Server Management & Operating System Licenses	Service & Support	max 1	0	1	Selection constraint for Server Management & Operating System Licenses: max 1	S2M62A	Standard	Intel oneAPI Base and HPC Support 257-512 Nodes 1-year Renewal Pre-expiration LTU	0	104184.00		NA		No	Obsolete (OB)		Not published by OCA	Obsolete (OB)	10/02/2023	06/25/2025	{"Extended Price (USD)":"NA"}	ATTRIBUTE_CHANGED	104184.00	$0.00	0.00%	2026-09-09: $104184.00 → 2026-09-13: $104184.00
Support Services	Server Management & Operating System Licenses	HPE OCA > DL580 Gen12 [P75399-B21] > Support Services > Server Management & Operating System Licenses	Service & Support	max 1	0	1	Selection constraint for Server Management & Operating System Licenses: max 1	S2M63A	Standard	Intel oneAPI Base and HPC Support 512+ Nodes 1-year Renewal Pre-expiration LTU	0	159593.00		NA		No	Obsolete (OB)		Not published by OCA	Obsolete (OB)	10/02/2023	06/25/2025	{"Extended Price (USD)":"NA"}	ATTRIBUTE_CHANGED	159593.00	$0.00	0.00%	2026-09-09: $159593.00 → 2026-09-13: $159593.00
Support Services	Server Management & Operating System Licenses	HPE OCA > DL580 Gen12 [P75399-B21] > Support Services > Server Management & Operating System Licenses	Service & Support	max 1	0	1	Selection constraint for Server Management & Operating System Licenses: max 1	S4J06AAE	Service	Intel oneAPI Base and HPC 257-512 Nodes 3-year Support	0	484219.00		NA		No	Available		Not published by OCA	Active	07/01/2024	08/01/2027	{"Extended Price (USD)":"NA"}	ATTRIBUTE_CHANGED	484219.00	$0.00	0.00%	2026-09-09: $484219.00 → 2026-09-13: $484219.00
Support Services	Server Management & Operating System Licenses	HPE OCA > DL580 Gen12 [P75399-B21] > Support Services > Server Management & Operating System Licenses	Service & Support	max 1	0	1	Selection constraint for Server Management & Operating System Licenses: max 1	S4J25AAE	Service	Intel oneAPI Base and HPC Maximum 63 Nodes up to 10 Concurrent Users 3-year Support	0	215227.00		NA		No	Available		Not published by OCA	Active	07/01/2024	08/01/2027	{"Extended Price (USD)":"NA"}	ATTRIBUTE_CHANGED	215227.00	$0.00	0.00%	2026-09-09: $215227.00 → 2026-09-13: $215227.00
Software & Licenses	SUSE Linux Enterprise Server	HPE OCA > DL580 Gen12 [P75399-B21] > Software & Licenses > SUSE Linux Enterprise Server	Service & Support	Unlimited	0	Unlimited	Selection constraint for SUSE Linux Enterprise Server: no max	R1T30AAE	Service	HPE Serviceguard for Linux x86 Base 1yr Subscription 24x7 Support PSL E-LTU	0	1074.00		NA		No	Available		Not published by OCA	Active	03/04/2019	09/30/2028	{"Extended Price (USD)":"NA"}	ATTRIBUTE_CHANGED	1074.00	$0.00	0.00%	2026-09-09: $1074.00 → 2026-09-13: $1074.00
Software & Licenses	SUSE Linux Enterprise Server	HPE OCA > DL580 Gen12 [P75399-B21] > Software & Licenses > SUSE Linux Enterprise Server	Service & Support	Unlimited	0	Unlimited	Selection constraint for SUSE Linux Enterprise Server: no max	R1T31AAE	Service	HPE Serviceguard for Linux x86 Advanced 1yr Subscription 24x7 Support PSL E-LTU	0	1511.00		NA		No	Available		Not published by OCA	Active	03/04/2019	09/30/2028	{"Extended Price (USD)":"NA"}	ATTRIBUTE_CHANGED	1511.00	$0.00	0.00%	2026-09-09: $1511.00 → 2026-09-13: $1511.00
Software & Licenses	SUSE Linux Enterprise Server	HPE OCA > DL580 Gen12 [P75399-B21] > Software & Licenses > SUSE Linux Enterprise Server	Service & Support	Unlimited	0	Unlimited	Selection constraint for SUSE Linux Enterprise Server: no max	R1T32AAE	Service	HPE Serviceguard for Linux x86 Enterprise 1yr Subscription 24x7 Support PSL E-LTU	0	1984.00		NA		No	Available		Not published by OCA	Active	03/04/2019	09/30/2028	{"Extended Price (USD)":"NA"}	ATTRIBUTE_CHANGED	1984.00	$0.00	0.00%	2026-09-09: $1984.00 → 2026-09-13: $1984.00
Software & Licenses	SUSE Linux Enterprise Server	HPE OCA > DL580 Gen12 [P75399-B21] > Software & Licenses > SUSE Linux Enterprise Server	Service & Support	Unlimited	0	Unlimited	Selection constraint for SUSE Linux Enterprise Server: no max	R1T36AAE	Service	HPE Serviceguard for Linux x86 Enterprise for SAP HANA 1yr Subscription 24x7 Support PSL E-LTU	0	1984.00		NA		No	Available		Not published by OCA	Active	03/04/2019	09/30/2028	{"Extended Price (USD)":"NA"}	ATTRIBUTE_CHANGED	1984.00	$0.00	0.00%	2026-09-09: $1984.00 → 2026-09-13: $1984.00
Software & Licenses	SUSE Linux Enterprise Server	HPE OCA > DL580 Gen12 [P75399-B21] > Software & Licenses > SUSE Linux Enterprise Server	Service & Support	Unlimited	0	Unlimited	Selection constraint for SUSE Linux Enterprise Server: no max	R7P98AAE	Service	HPE Serviceguard for Linux x86 Premium for SAP HANA 1-year Subscription 24x7 Support PSL E-LTU	0	2630.00		NA		No	Available		Not published by OCA	Active	04/06/2021	09/30/2028	{"Extended Price (USD)":"NA"}	ATTRIBUTE_CHANGED	2630.00	$0.00	0.00%	2026-09-09: $2630.00 → 2026-09-13: $2630.00
Software & Licenses	SUSE Linux Enterprise Server	HPE OCA > DL580 Gen12 [P75399-B21] > Software & Licenses > SUSE Linux Enterprise Server	Service & Support	Unlimited	0	Unlimited	Selection constraint for SUSE Linux Enterprise Server: no max	R8V45AAE	Service	HPE Serviceguard for Linux x86 Flex Storage Add-On 1yr Subscription 24x7 Support per Instance E-LTU	0	4725.00		NA		No	Available		Not published by OCA	Active	10/04/2021	09/30/2028	{"Extended Price (USD)":"NA"}	ATTRIBUTE_CHANGED	4725.00	$0.00	0.00%	2026-09-09: $4725.00 → 2026-09-13: $4725.00
Software & Licenses	SUSE Linux Enterprise Server	HPE OCA > DL580 Gen12 [P75399-B21] > Software & Licenses > SUSE Linux Enterprise Server	Service & Support	Unlimited	0	Unlimited	Selection constraint for SUSE Linux Enterprise Server: no max	S0W12AAE	Service	HPE Serviceguard for Linux v15 High Availability E5 2 Cores or 4 vCPUs 1yr Subscription 24x7 E-LTU	0	69.00		NA		No	Available		Not published by OCA	Active	01/10/2023	09/30/2028	{"Extended Price (USD)":"NA"}	ATTRIBUTE_CHANGED	69.00	$0.00	0.00%	2026-09-09: $69.00 → 2026-09-13: $69.00
Software & Licenses	SUSE Linux Enterprise Server	HPE OCA > DL580 Gen12 [P75399-B21] > Software & Licenses > SUSE Linux Enterprise Server	Service & Support	Unlimited	0	Unlimited	Selection constraint for SUSE Linux Enterprise Server: no max	S0W14AAE	Service	HPE Serviceguard for Linux v15 High Availability E5 2 Cores or 4 vCPUs 5yr Subscription 24x7 E-LTU	0	276.00		NA		No	Available		Not published by OCA	Active	01/10/2023	12/27/2027	{"Extended Price (USD)":"NA"}	ATTRIBUTE_CHANGED	276.00	$0.00	0.00%	2026-09-09: $276.00 → 2026-09-13: $276.00
Software & Licenses	SUSE Linux Enterprise Server	HPE OCA > DL580 Gen12 [P75399-B21] > Software & Licenses > SUSE Linux Enterprise Server	Service & Support	Unlimited	0	Unlimited	Selection constraint for SUSE Linux Enterprise Server: no max	S0W15AAE	Service	HPE Serviceguard for Linux v15 HA and Disaster Recovery E7 2 Cores or 4 vCPUs 1y Sub 24x7 E-LTU	0	124.00		NA		No	Available		Not published by OCA	Active	01/10/2023	09/30/2028	{"Extended Price (USD)":"NA"}	ATTRIBUTE_CHANGED	124.00	$0.00	0.00%	2026-09-09: $124.00 → 2026-09-13: $124.00
Software & Licenses	SUSE Linux Enterprise Server	HPE OCA > DL580 Gen12 [P75399-B21] > Software & Licenses > SUSE Linux Enterprise Server	Service & Support	Unlimited	0	Unlimited	Selection constraint for SUSE Linux Enterprise Server: no max	S0W17AAE	Service	HPE Serviceguard for Linux v15 HA and Disaster Recovery E7 2 Cores or 4 vCPUs 5y Sub 24x7 E-LTU	0	496.00		NA		No	Available		Not published by OCA	Active	01/10/2023	12/27/2027	{"Extended Price (USD)":"NA"}	ATTRIBUTE_CHANGED	496.00	$0.00	0.00%	2026-09-09: $496.00 → 2026-09-13: $496.00
Software & Licenses	SUSE Linux Enterprise Server	HPE OCA > DL580 Gen12 [P75399-B21] > Software & Licenses > SUSE Linux Enterprise Server	Service & Support	Unlimited	0	Unlimited	Selection constraint for SUSE Linux Enterprise Server: no max	S0W18AAE	Service	HPE Serviceguard for Linux v15 SAP Add-on 2 Cores or 4 vCPUs 1-year Subscription 24x7 E-LTU	0	42.00		NA		No	Available		Not published by OCA	Active	01/10/2023	09/30/2028	{"Extended Price (USD)":"NA"}	ATTRIBUTE_CHANGED	42.00	$0.00	0.00%	2026-09-09: $42.00 → 2026-09-13: $42.00
Software & Licenses	SUSE Linux Enterprise Server	HPE OCA > DL580 Gen12 [P75399-B21] > Software & Licenses > SUSE Linux Enterprise Server	Service & Support	Unlimited	0	Unlimited	Selection constraint for SUSE Linux Enterprise Server: no max	S0W20AAE	Service	HPE Serviceguard for Linux v15 SAP Add-on 2 Cores or 4 vCPUs 5-year Subscription 24x7 E-LTU	0	168.00		NA		No	Available		Not published by OCA	Active	01/10/2023	12/27/2027	{"Extended Price (USD)":"NA"}	ATTRIBUTE_CHANGED	168.00	$0.00	0.00%	2026-09-09: $168.00 → 2026-09-13: $168.00
Software & Licenses	SUSE Linux Enterprise Server	HPE OCA > DL580 Gen12 [P75399-B21] > Software & Licenses > SUSE Linux Enterprise Server	Service & Support	Unlimited	0	Unlimited	Selection constraint for SUSE Linux Enterprise Server: no max	S0W21AAE	Service	HPE Serviceguard for Linux v15 Oracle Add-on 2 Cores or 4 vCPUs 1-year Subscription 24x7 E-LTU	0	150.00		NA		No	Available		Not published by OCA	Active	01/10/2023	09/30/2028	{"Extended Price (USD)":"NA"}	ATTRIBUTE_CHANGED	150.00	$0.00	0.00%	2026-09-09: $150.00 → 2026-09-13: $150.00
Software & Licenses	SUSE Linux Enterprise Server	HPE OCA > DL580 Gen12 [P75399-B21] > Software & Licenses > SUSE Linux Enterprise Server	Service & Support	Unlimited	0	Unlimited	Selection constraint for SUSE Linux Enterprise Server: no max	S0W23AAE	Service	HPE Serviceguard for Linux v15 Oracle Add-on 2 Cores or 4 vCPUs 5-year Subscription 24x7 E-LTU	0	600.00		NA		No	Available		Not published by OCA	Active	01/10/2023	12/27/2027	{"Extended Price (USD)":"NA"}	ATTRIBUTE_CHANGED	600.00	$0.00	0.00%	2026-09-09: $600.00 → 2026-09-13: $600.00
Software & Licenses	SUSE Linux Enterprise Server	HPE OCA > DL580 Gen12 [P75399-B21] > Software & Licenses > SUSE Linux Enterprise Server	Service & Support	Unlimited	0	Unlimited	Selection constraint for SUSE Linux Enterprise Server: no max	S0W24AAE	Service	HPE Serviceguard for Linux v15 Microsoft SQL Server Add-on 2 Cores or 4 vCPUs 1y Sub 24x7 E-LTU	0	57.00		NA		No	Available		Not published by OCA	Active	01/10/2023	09/30/2028	{"Extended Price (USD)":"NA"}	ATTRIBUTE_CHANGED	57.00	$0.00	0.00%	2026-09-09: $57.00 → 2026-09-13: $57.00
Software & Licenses	SUSE Linux Enterprise Server	HPE OCA > DL580 Gen12 [P75399-B21] > Software & Licenses > SUSE Linux Enterprise Server	Service & Support	Unlimited	0	Unlimited	Selection constraint for SUSE Linux Enterprise Server: no max	S0W26AAE	Service	HPE Serviceguard for Linux v15 Microsoft SQL Server Add-on 2 Cores or 4 vCPUs 5y Sub 24x7 E-LTU	0	228.00		NA		No	Available		Not published by OCA	Active	01/10/2023	12/27/2027	{"Extended Price (USD)":"NA"}	ATTRIBUTE_CHANGED	228.00	$0.00	0.00%	2026-09-09: $228.00 → 2026-09-13: $228.00
Software & Licenses	SUSE Linux Enterprise Server	HPE OCA > DL580 Gen12 [P75399-B21] > Software & Licenses > SUSE Linux Enterprise Server	Service & Support	Unlimited	0	Unlimited	Selection constraint for SUSE Linux Enterprise Server: no max	S0W27AAE	Service	HPE Serviceguard for Linux v15 NFS Add-on 2 Cores or 4 vCPUs 1-year Subscription 24x7 E-LTU	0	25.00		NA		No	Available		Not published by OCA	Active	01/10/2023	09/30/2028	{"Extended Price (USD)":"NA"}	ATTRIBUTE_CHANGED	25.00	$0.00	0.00%	2026-09-09: $25.00 → 2026-09-13: $25.00
Software & Licenses	SUSE Linux Enterprise Server	HPE OCA > DL580 Gen12 [P75399-B21] > Software & Licenses > SUSE Linux Enterprise Server	Service & Support	Unlimited	0	Unlimited	Selection constraint for SUSE Linux Enterprise Server: no max	S0W29AAE	Service	HPE Serviceguard for Linux v15 NFS Add-on 2 Cores or 4 vCPUs 5-year Subscription 24x7 E-LTU	0	100.00		NA		No	Available		Not published by OCA	Active	01/10/2023	12/27/2027	{"Extended Price (USD)":"NA"}	ATTRIBUTE_CHANGED	100.00	$0.00	0.00%	2026-09-09: $100.00 → 2026-09-13: $100.00
Graphics & GPU	GPU Accelerators	HPE OCA > DL580 Gen12 [P75399-B21] > Graphics & GPU > GPU Accelerators	GPU / Accelerator	max 1	0	1	Selection constraint for GPU Accelerators: max 1	S1D73AAE	Service	NVIDIA UFM Enterprise with Business Standard per HCA 1-year Subscription E-LTU	0	289.00		NA		No	Available		Not published by OCA	Active	02/06/2023	11/30/2027	{"Extended Price (USD)":"NA"}	ATTRIBUTE_CHANGED	289.00	$0.00	0.00%	2026-09-09: $289.00 → 2026-09-13: $289.00
Graphics & GPU	GPU Accelerators	HPE OCA > DL580 Gen12 [P75399-B21] > Graphics & GPU > GPU Accelerators	GPU / Accelerator	max 1	0	1	Selection constraint for GPU Accelerators: max 1	S1D74AAE	Service	NVIDIA UFM Enterprise with Business Standard per HCA 3-year Subscription E-LTU	0	824.00		NA		No	Available		Not published by OCA	Active	02/06/2023	11/30/2027	{"Extended Price (USD)":"NA"}	ATTRIBUTE_CHANGED	824.00	$0.00	0.00%	2026-09-09: $824.00 → 2026-09-13: $824.00
Graphics & GPU	GPU Accelerators	HPE OCA > DL580 Gen12 [P75399-B21] > Graphics & GPU > GPU Accelerators	GPU / Accelerator	max 1	0	1	Selection constraint for GPU Accelerators: max 1	S1D75AAE	Service	NVIDIA UFM Enterprise with Business Standard per HCA 5-year Subscription E-LTU	0	1287.00		NA		No	Available		Not published by OCA	Active	02/06/2023	11/30/2027	{"Extended Price (USD)":"NA"}	ATTRIBUTE_CHANGED	1287.00	$0.00	0.00%	2026-09-09: $1287.00 → 2026-09-13: $1287.00
Graphics & GPU	GPU Accelerators	HPE OCA > DL580 Gen12 [P75399-B21] > Graphics & GPU > GPU Accelerators	GPU / Accelerator	max 1	0	1	Selection constraint for GPU Accelerators: max 1	R3Q35AAE	Service	NVIDIA RTX Virtual Workstation 1 Concurrent User 1-year Subscription E-LTU	0	305.00		NA		No	Available		Not published by OCA	Active	06/01/2020	10/31/2027	{"Extended Price (USD)":"NA"}	ATTRIBUTE_CHANGED	305.00	$0.00	0.00%	2026-09-09: $305.00 → 2026-09-13: $305.00
Graphics & GPU	GPU Accelerators	HPE OCA > DL580 Gen12 [P75399-B21] > Graphics & GPU > GPU Accelerators	GPU / Accelerator	max 1	0	1	Selection constraint for GPU Accelerators: max 1	R3Q37AAE	Service	NVIDIA RTX Virtual Workstation 1 Concurrent User 3-year Subscription E-LTU	0	867.00		NA		No	Available		Not published by OCA	Active	06/01/2020	10/31/2027	{"Extended Price (USD)":"NA"}	ATTRIBUTE_CHANGED	867.00	$0.00	0.00%	2026-09-09: $867.00 → 2026-09-13: $867.00
Graphics & GPU	GPU Accelerators	HPE OCA > DL580 Gen12 [P75399-B21] > Graphics & GPU > GPU Accelerators	GPU / Accelerator	max 1	0	1	Selection constraint for GPU Accelerators: max 1	R3Q38AAE	Service	NVIDIA RTX Virtual Workstation 1 Concurrent User 4-year Subscription E-LTU	0	1149.00		NA		No	Available		Not published by OCA	Active	06/01/2020	10/31/2027	{"Extended Price (USD)":"NA"}	ATTRIBUTE_CHANGED	1149.00	$0.00	0.00%	2026-09-09: $1149.00 → 2026-09-13: $1149.00
Graphics & GPU	GPU Accelerators	HPE OCA > DL580 Gen12 [P75399-B21] > Graphics & GPU > GPU Accelerators	GPU / Accelerator	max 1	0	1	Selection constraint for GPU Accelerators: max 1	R3Q39AAE	Service	NVIDIA RTX Virtual Workstation 1 Concurrent User 5-year Subscription E-LTU	0	1429.00		NA		No	Available		Not published by OCA	Active	06/01/2020	10/31/2027	{"Extended Price (USD)":"NA"}	ATTRIBUTE_CHANGED	1429.00	$0.00	0.00%	2026-09-09: $1429.00 → 2026-09-13: $1429.00
Graphics & GPU	GPU Accelerators	HPE OCA > DL580 Gen12 [P75399-B21] > Graphics & GPU > GPU Accelerators	GPU / Accelerator	max 1	0	1	Selection constraint for GPU Accelerators: max 1	R3Q40AAE	Service	NVIDIA RTX Virtual Workstation 1 Concurrent User Education 1-year Subscription Renewal E-LTU	0	96.00		NA		No	Available		Not published by OCA	Active	06/01/2020	10/31/2027	{"Extended Price (USD)":"NA"}	ATTRIBUTE_CHANGED	96.00	$0.00	0.00%	2026-09-09: $96.00 → 2026-09-13: $96.00
Graphics & GPU	GPU Accelerators	HPE OCA > DL580 Gen12 [P75399-B21] > Graphics & GPU > GPU Accelerators	GPU / Accelerator	max 1	0	1	Selection constraint for GPU Accelerators: max 1	R3Q42AAE	Service	NVIDIA RTX Virtual Workstation 1 Concurrent User Education 3-year Subscription Renewal E-LTU	0	241.00		NA		No	Available		Not published by OCA	Active	06/01/2020	10/31/2027	{"Extended Price (USD)":"NA"}	ATTRIBUTE_CHANGED	241.00	$0.00	0.00%	2026-09-09: $241.00 → 2026-09-13: $241.00
Graphics & GPU	GPU Accelerators	HPE OCA > DL580 Gen12 [P75399-B21] > Graphics & GPU > GPU Accelerators	GPU / Accelerator	max 1	0	1	Selection constraint for GPU Accelerators: max 1	R3Q44AAE	Service	NVIDIA Virtual Applications 1 Concurrent User 1-year Subscription E-LTU	0	37.00		NA		No	Available		Not published by OCA	Active	06/01/2020	10/31/2027	{"Extended Price (USD)":"NA"}	ATTRIBUTE_CHANGED	37.00	$0.00	0.00%	2026-09-09: $37.00 → 2026-09-13: $37.00
Graphics & GPU	GPU Accelerators	HPE OCA > DL580 Gen12 [P75399-B21] > Graphics & GPU > GPU Accelerators	GPU / Accelerator	max 1	0	1	Selection constraint for GPU Accelerators: max 1	R3Q46AAE	Service	NVIDIA Virtual Applications 1 Concurrent User 3-year Subscription E-LTU	0	63.00		NA		No	Available		Not published by OCA	Active	06/01/2020	10/31/2027	{"Extended Price (USD)":"NA"}	ATTRIBUTE_CHANGED	63.00	$0.00	0.00%	2026-09-09: $63.00 → 2026-09-13: $63.00
Graphics & GPU	GPU Accelerators	HPE OCA > DL580 Gen12 [P75399-B21] > Graphics & GPU > GPU Accelerators	GPU / Accelerator	max 1	0	1	Selection constraint for GPU Accelerators: max 1	R3Q47AAE	Service	NVIDIA Virtual Applications 1 Concurrent User 4-year Subscription E-LTU	0	75.00		NA		No	Available		Not published by OCA	Active	06/01/2020	10/31/2027	{"Extended Price (USD)":"NA"}	ATTRIBUTE_CHANGED	75.00	$0.00	0.00%	2026-09-09: $75.00 → 2026-09-13: $75.00
Graphics & GPU	GPU Accelerators	HPE OCA > DL580 Gen12 [P75399-B21] > Graphics & GPU > GPU Accelerators	GPU / Accelerator	max 1	0	1	Selection constraint for GPU Accelerators: max 1	R3Q48AAE	Service	NVIDIA Virtual Applications 1 Concurrent User 5-year Subscription E-LTU	0	89.00		NA		No	Available		Not published by OCA	Active	06/01/2020	10/31/2027	{"Extended Price (USD)":"NA"}	ATTRIBUTE_CHANGED	89.00	$0.00	0.00%	2026-09-09: $89.00 → 2026-09-13: $89.00
Graphics & GPU	GPU Accelerators	HPE OCA > DL580 Gen12 [P75399-B21] > Graphics & GPU > GPU Accelerators	GPU / Accelerator	max 1	0	1	Selection constraint for GPU Accelerators: max 1	R3Q49AAE	Service	NVIDIA Virtual PC 1 Concurrent User 1-year Subscription E-LTU	0	89.00		NA		No	Available		Not published by OCA	Active	06/01/2020	10/31/2027	{"Extended Price (USD)":"NA"}	ATTRIBUTE_CHANGED	89.00	$0.00	0.00%	2026-09-09: $89.00 → 2026-09-13: $89.00
Graphics & GPU	GPU Accelerators	HPE OCA > DL580 Gen12 [P75399-B21] > Graphics & GPU > GPU Accelerators	GPU / Accelerator	max 1	0	1	Selection constraint for GPU Accelerators: max 1	R3Q51AAE	Service	NVIDIA Virtual PC 1 Concurrent User 3-year Subscription E-LTU	0	213.00		NA		No	Available		Not published by OCA	Active	06/01/2020	10/31/2027	{"Extended Price (USD)":"NA"}	ATTRIBUTE_CHANGED	213.00	$0.00	0.00%	2026-09-09: $213.00 → 2026-09-13: $213.00
Graphics & GPU	GPU Accelerators	HPE OCA > DL580 Gen12 [P75399-B21] > Graphics & GPU > GPU Accelerators	GPU / Accelerator	max 1	0	1	Selection constraint for GPU Accelerators: max 1	R3Q52AAE	Service	NVIDIA Virtual PC 1 Concurrent User 4-year Subscription E-LTU	0	242.00		NA		No	Available		Not published by OCA	Active	06/01/2020	10/31/2027	{"Extended Price (USD)":"NA"}	ATTRIBUTE_CHANGED	242.00	$0.00	0.00%	2026-09-09: $242.00 → 2026-09-13: $242.00
Graphics & GPU	GPU Accelerators	HPE OCA > DL580 Gen12 [P75399-B21] > Graphics & GPU > GPU Accelerators	GPU / Accelerator	max 1	0	1	Selection constraint for GPU Accelerators: max 1	R3Q53AAE	Service	NVIDIA Virtual PC 1 Concurrent User 5-year Subscription E-LTU	0	274.00		NA		No	Available		Not published by OCA	Active	06/01/2020	10/31/2027	{"Extended Price (USD)":"NA"}	ATTRIBUTE_CHANGED	274.00	$0.00	0.00%	2026-09-09: $274.00 → 2026-09-13: $274.00
Graphics & GPU	GPU Accelerators	HPE OCA > DL580 Gen12 [P75399-B21] > Graphics & GPU > GPU Accelerators	GPU / Accelerator	max 1	0	1	Selection constraint for GPU Accelerators: max 1	R3Q63AAE	Service	NVIDIA RTX Virtual Workstation SUMS 1 Concurrent User 1-year Subscription Renewal E-LTU	0	184.00		NA		No	Available		Not published by OCA	Active	06/01/2020	10/31/2027	{"Extended Price (USD)":"NA"}	ATTRIBUTE_CHANGED	184.00	$0.00	0.00%	2026-09-09: $184.00 → 2026-09-13: $184.00
Graphics & GPU	GPU Accelerators	HPE OCA > DL580 Gen12 [P75399-B21] > Graphics & GPU > GPU Accelerators	GPU / Accelerator	max 1	0	1	Selection constraint for GPU Accelerators: max 1	R3Q67AAE	Service	NVIDIA RTX Virtual Workstation SUMS 1 Concurrent User 5-year Subscription E-LTU	0	647.00		NA		No	Available		Not published by OCA	Active	06/01/2020	10/31/2027	{"Extended Price (USD)":"NA"}	ATTRIBUTE_CHANGED	647.00	$0.00	0.00%	2026-09-09: $647.00 → 2026-09-13: $647.00
Graphics & GPU	GPU Accelerators	HPE OCA > DL580 Gen12 [P75399-B21] > Graphics & GPU > GPU Accelerators	GPU / Accelerator	max 1	0	1	Selection constraint for GPU Accelerators: max 1	R3Q68AAE	Service	NVIDIA RTX Virtual Workstation SUMS 1 Concurrent User Education 1-year Subscription Renewal E-LTU	0	64.00		NA		No	Available		Not published by OCA	Active	06/01/2020	10/31/2027	{"Extended Price (USD)":"NA"}	ATTRIBUTE_CHANGED	64.00	$0.00	0.00%	2026-09-09: $64.00 → 2026-09-13: $64.00
Graphics & GPU	GPU Accelerators	HPE OCA > DL580 Gen12 [P75399-B21] > Graphics & GPU > GPU Accelerators	GPU / Accelerator	max 1	0	1	Selection constraint for GPU Accelerators: max 1	R3Q72AAE	Service	NVIDIA RTX Virtual Workstation SUMS 1 Concurrent User Education 5-year Subscription E-LTU	0	180.00		NA		No	Available		Not published by OCA	Active	06/01/2020	10/31/2027	{"Extended Price (USD)":"NA"}	ATTRIBUTE_CHANGED	180.00	$0.00	0.00%	2026-09-09: $180.00 → 2026-09-13: $180.00
Graphics & GPU	GPU Accelerators	HPE OCA > DL580 Gen12 [P75399-B21] > Graphics & GPU > GPU Accelerators	GPU / Accelerator	max 1	0	1	Selection constraint for GPU Accelerators: max 1	R3Q73AAE	Service	NVIDIA Virtual Applications SUMS 1 Concurrent User 1-year Subscription Renewal E-LTU	0	35.00		NA		No	Available		Not published by OCA	Active	06/01/2020	10/31/2027	{"Extended Price (USD)":"NA"}	ATTRIBUTE_CHANGED	35.00	$0.00	0.00%	2026-09-09: $35.00 → 2026-09-13: $35.00
Graphics & GPU	GPU Accelerators	HPE OCA > DL580 Gen12 [P75399-B21] > Graphics & GPU > GPU Accelerators	GPU / Accelerator	max 1	0	1	Selection constraint for GPU Accelerators: max 1	R3Q77AAE	Service	NVIDIA Virtual Applications SUMS 1 Concurrent User 5-year Subscription E-LTU	0	61.00		NA		No	Available		Not published by OCA	Active	06/01/2020	10/31/2027	{"Extended Price (USD)":"NA"}	ATTRIBUTE_CHANGED	61.00	$0.00	0.00%	2026-09-09: $61.00 → 2026-09-13: $61.00
Graphics & GPU	GPU Accelerators	HPE OCA > DL580 Gen12 [P75399-B21] > Graphics & GPU > GPU Accelerators	GPU / Accelerator	max 1	0	1	Selection constraint for GPU Accelerators: max 1	R3Q79AAE	Service	NVIDIA Virtual PC 1 Concurrent User 1-year Subscription Renewal E-LTU	0	106.00		NA		No	Available		Not published by OCA	Active	06/01/2020	10/31/2027	{"Extended Price (USD)":"NA"}	ATTRIBUTE_CHANGED	106.00	$0.00	0.00%	2026-09-09: $106.00 → 2026-09-13: $106.00
Graphics & GPU	GPU Accelerators	HPE OCA > DL580 Gen12 [P75399-B21] > Graphics & GPU > GPU Accelerators	GPU / Accelerator	max 1	0	1	Selection constraint for GPU Accelerators: max 1	R3Q81AAE	Service	NVIDIA Virtual PC 1 Concurrent User 3-year Subscription Renewal E-LTU	0	266.00		NA		No	Available		Not published by OCA	Active	06/01/2020	10/31/2027	{"Extended Price (USD)":"NA"}	ATTRIBUTE_CHANGED	266.00	$0.00	0.00%	2026-09-09: $266.00 → 2026-09-13: $266.00
Graphics & GPU	GPU Accelerators	HPE OCA > DL580 Gen12 [P75399-B21] > Graphics & GPU > GPU Accelerators	GPU / Accelerator	max 1	0	1	Selection constraint for GPU Accelerators: max 1	R3Q93AAE	Service	NVIDIA RTX Virtual Workstation 1 Concurrent User Perpetual E-LTU	0	530.00		NA		No	Available		Not published by OCA	Active	06/01/2020	10/31/2027	{"Extended Price (USD)":"NA"}	ATTRIBUTE_CHANGED	530.00	$0.00	0.00%	2026-09-09: $530.00 → 2026-09-13: $530.00
Graphics & GPU	GPU Accelerators	HPE OCA > DL580 Gen12 [P75399-B21] > Graphics & GPU > GPU Accelerators	GPU / Accelerator	max 1	0	1	Selection constraint for GPU Accelerators: max 1	R3Q94AAE	Service	NVIDIA RTX Virtual Workstation 1 Concurrent User Education Perpetual E-LTU	0	134.00		NA		No	Available		Not published by OCA	Active	06/01/2020	10/31/2027	{"Extended Price (USD)":"NA"}	ATTRIBUTE_CHANGED	134.00	$0.00	0.00%	2026-09-09: $134.00 → 2026-09-13: $134.00
Graphics & GPU	GPU Accelerators	HPE OCA > DL580 Gen12 [P75399-B21] > Graphics & GPU > GPU Accelerators	GPU / Accelerator	max 1	0	1	Selection constraint for GPU Accelerators: max 1	R3Q95AAE	Service	NVIDIA RTX Virtual Workstation 1 Concurrent User 1-year Subscription Renewal E-LTU	0	385.00		NA		No	Available		Not published by OCA	Active	06/01/2020	10/31/2027	{"Extended Price (USD)":"NA"}	ATTRIBUTE_CHANGED	385.00	$0.00	0.00%	2026-09-09: $385.00 → 2026-09-13: $385.00
Graphics & GPU	GPU Accelerators	HPE OCA > DL580 Gen12 [P75399-B21] > Graphics & GPU > GPU Accelerators	GPU / Accelerator	max 1	0	1	Selection constraint for GPU Accelerators: max 1	R3R01AAE	Service	NVIDIA Virtual Applications 1 Concurrent User Perpetual E-LTU	0	51.00		NA		No	Available		Not published by OCA	Active	06/01/2020	10/31/2027	{"Extended Price (USD)":"NA"}	ATTRIBUTE_CHANGED	51.00	$0.00	0.00%	2026-09-09: $51.00 → 2026-09-13: $51.00
Graphics & GPU	GPU Accelerators	HPE OCA > DL580 Gen12 [P75399-B21] > Graphics & GPU > GPU Accelerators	GPU / Accelerator	max 1	0	1	Selection constraint for GPU Accelerators: max 1	R3R02AAE	Service	NVIDIA Virtual Applications 1 Concurrent User 1-year Subscription Renewal E-LTU	0	41.00		NA		No	Available		Not published by OCA	Active	06/01/2020	10/31/2027	{"Extended Price (USD)":"NA"}	ATTRIBUTE_CHANGED	41.00	$0.00	0.00%	2026-09-09: $41.00 → 2026-09-13: $41.00
Graphics & GPU	GPU Accelerators	HPE OCA > DL580 Gen12 [P75399-B21] > Graphics & GPU > GPU Accelerators	GPU / Accelerator	max 1	0	1	Selection constraint for GPU Accelerators: max 1	R3R03AAE	Service	NVIDIA Virtual Applications 1 Concurrent User 3-year Subscription Renewal E-LTU	0	73.00		NA		No	Available		Not published by OCA	Active	06/01/2020	10/31/2027	{"Extended Price (USD)":"NA"}	ATTRIBUTE_CHANGED	73.00	$0.00	0.00%	2026-09-09: $73.00 → 2026-09-13: $73.00
Graphics & GPU	GPU Accelerators	HPE OCA > DL580 Gen12 [P75399-B21] > Graphics & GPU > GPU Accelerators	GPU / Accelerator	max 1	0	1	Selection constraint for GPU Accelerators: max 1	R3R06AAE	Service	NVIDIA Virtual PC 1 Concurrent User Perpetual E-LTU	0	150.00		NA		No	Available		Not published by OCA	Active	06/01/2020	10/31/2027	{"Extended Price (USD)":"NA"}	ATTRIBUTE_CHANGED	150.00	$0.00	0.00%	2026-09-09: $150.00 → 2026-09-13: $150.00
Graphics & GPU	GPU Accelerators	HPE OCA > DL580 Gen12 [P75399-B21] > Graphics & GPU > GPU Accelerators	GPU / Accelerator	max 1	0	1	Selection constraint for GPU Accelerators: max 1	R3R07AAE	Service	NVIDIA Virtual PC SUMS 1 Concurrent User 1-year Subscription Renewal E-LTU	0	71.00		NA		No	Available		Not published by OCA	Active	06/01/2020	10/31/2027	{"Extended Price (USD)":"NA"}	ATTRIBUTE_CHANGED	71.00	$0.00	0.00%	2026-09-09: $71.00 → 2026-09-13: $71.00
Graphics & GPU	GPU Accelerators	HPE OCA > DL580 Gen12 [P75399-B21] > Graphics & GPU > GPU Accelerators	GPU / Accelerator	max 1	0	1	Selection constraint for GPU Accelerators: max 1	R3R12AAE	Service	NVIDIA RTX Virtual Workstation 1 Concurrent User 3-year Subscription Renewal E-LTU	0	1108.00		NA		No	Available		Not published by OCA	Active	06/01/2020	10/31/2027	{"Extended Price (USD)":"NA"}	ATTRIBUTE_CHANGED	1108.00	$0.00	0.00%	2026-09-09: $1108.00 → 2026-09-13: $1108.00
Graphics & GPU	GPU Accelerators	HPE OCA > DL580 Gen12 [P75399-B21] > Graphics & GPU > GPU Accelerators	GPU / Accelerator	max 1	0	1	Selection constraint for GPU Accelerators: max 1	R3R21AAE	Service	NVIDIA Virtual PC SUMS 1 Concurrent User 5-year Subscription E-LTU	0	199.00		NA		No	Available		Not published by OCA	Active	06/01/2020	10/31/2027	{"Extended Price (USD)":"NA"}	ATTRIBUTE_CHANGED	199.00	$0.00	0.00%	2026-09-09: $199.00 → 2026-09-13: $199.00
Graphics & GPU	GPU Accelerators	HPE OCA > DL580 Gen12 [P75399-B21] > Graphics & GPU > GPU Accelerators	GPU / Accelerator	max 1	0	1	Selection constraint for GPU Accelerators: max 1	R3R26AAE	Service	NVIDIA RTX Virtual Workstation 1 Concurrent User Education 1-year Subscription E-LTU	0	86.00		NA		No	Available		Not published by OCA	Active	06/01/2020	10/31/2027	{"Extended Price (USD)":"NA"}	ATTRIBUTE_CHANGED	86.00	$0.00	0.00%	2026-09-09: $86.00 → 2026-09-13: $86.00
Graphics & GPU	GPU Accelerators	HPE OCA > DL580 Gen12 [P75399-B21] > Graphics & GPU > GPU Accelerators	GPU / Accelerator	max 1	0	1	Selection constraint for GPU Accelerators: max 1	R3R27AAE	Service	NVIDIA RTX Virtual Workstation 1 Concurrent User Education 3-year Subscription E-LTU	0	210.00		NA		No	Available		Not published by OCA	Active	06/01/2020	10/31/2027	{"Extended Price (USD)":"NA"}	ATTRIBUTE_CHANGED	210.00	$0.00	0.00%	2026-09-09: $210.00 → 2026-09-13: $210.00
Graphics & GPU	GPU Accelerators	HPE OCA > DL580 Gen12 [P75399-B21] > Graphics & GPU > GPU Accelerators	GPU / Accelerator	max 1	0	1	Selection constraint for GPU Accelerators: max 1	S2S16AAE	Service	NVIDIA AI Enterprise per GPU 1-year Subscription 9x5 Support E-LTU	0	5252.00		NA		No	Available		Not published by OCA	Active	10/02/2023	10/31/2028	{"Extended Price (USD)":"NA"}	ATTRIBUTE_CHANGED	5252.00	$0.00	0.00%	2026-09-09: $5252.00 → 2026-09-13: $5252.00
Graphics & GPU	GPU Accelerators	HPE OCA > DL580 Gen12 [P75399-B21] > Graphics & GPU > GPU Accelerators	GPU / Accelerator	max 1	0	1	Selection constraint for GPU Accelerators: max 1	S2S17AAE	Service	NVIDIA AI Enterprise per GPU 3-year Subscription 9x5 Support E-LTU	0	15755.00		NA		No	Available		Not published by OCA	Active	10/02/2023	10/31/2028	{"Extended Price (USD)":"NA"}	ATTRIBUTE_CHANGED	15755.00	$0.00	0.00%	2026-09-09: $15755.00 → 2026-09-13: $15755.00
Graphics & GPU	GPU Accelerators	HPE OCA > DL580 Gen12 [P75399-B21] > Graphics & GPU > GPU Accelerators	GPU / Accelerator	max 1	0	1	Selection constraint for GPU Accelerators: max 1	S2S18AAE	Service	NVIDIA AI Enterprise per GPU 5-year Subscription 9x5 Support E-LTU	0	21006.00		NA		No	Available		Not published by OCA	Active	10/02/2023	10/31/2028	{"Extended Price (USD)":"NA"}	ATTRIBUTE_CHANGED	21006.00	$0.00	0.00%	2026-09-09: $21006.00 → 2026-09-13: $21006.00
Graphics & GPU	GPU Accelerators	HPE OCA > DL580 Gen12 [P75399-B21] > Graphics & GPU > GPU Accelerators	GPU / Accelerator	max 1	0	1	Selection constraint for GPU Accelerators: max 1	S2S19AAE	Service	NVIDIA AI Enterprise per GPU 1-year Subscription 9x5 Support Renewal E-LTU	0	5252.00		NA		No	Available		Not published by OCA	Active	11/06/2023	10/31/2028	{"Extended Price (USD)":"NA"}	ATTRIBUTE_CHANGED	5252.00	$0.00	0.00%	2026-09-09: $5252.00 → 2026-09-13: $5252.00
Graphics & GPU	GPU Accelerators	HPE OCA > DL580 Gen12 [P75399-B21] > Graphics & GPU > GPU Accelerators	GPU / Accelerator	max 1	0	1	Selection constraint for GPU Accelerators: max 1	S2S20AAE	Service	NVIDIA AI Enterprise per GPU 3-year Subscription 9x5 Support Renewal E-LTU	0	15755.00		NA		No	Available		Not published by OCA	Active	11/06/2023	10/31/2028	{"Extended Price (USD)":"NA"}	ATTRIBUTE_CHANGED	15755.00	$0.00	0.00%	2026-09-09: $15755.00 → 2026-09-13: $15755.00
Graphics & GPU	GPU Accelerators	HPE OCA > DL580 Gen12 [P75399-B21] > Graphics & GPU > GPU Accelerators	GPU / Accelerator	max 1	0	1	Selection constraint for GPU Accelerators: max 1	S2S21AAE	Service	NVIDIA AI Enterprise per GPU 5-year Subscription 9x5 Support Renewal E-LTU	0	26258.00		NA		No	Available		Not published by OCA	Active	11/06/2023	10/31/2028	{"Extended Price (USD)":"NA"}	ATTRIBUTE_CHANGED	26258.00	$0.00	0.00%	2026-09-09: $26258.00 → 2026-09-13: $26258.00
Graphics & GPU	GPU Accelerators	HPE OCA > DL580 Gen12 [P75399-B21] > Graphics & GPU > GPU Accelerators	GPU / Accelerator	max 1	0	1	Selection constraint for GPU Accelerators: max 1	S2S22AAE	Service	NVIDIA AI Enterprise Educational per GPU 1-year Subscription 9x5 Support E-LTU	0	1313.00		NA		No	Available		Not published by OCA	Active	10/02/2023	10/31/2028	{"Extended Price (USD)":"NA"}	ATTRIBUTE_CHANGED	1313.00	$0.00	0.00%	2026-09-09: $1313.00 → 2026-09-13: $1313.00
Graphics & GPU	GPU Accelerators	HPE OCA > DL580 Gen12 [P75399-B21] > Graphics & GPU > GPU Accelerators	GPU / Accelerator	max 1	0	1	Selection constraint for GPU Accelerators: max 1	S2S23AAE	Service	NVIDIA AI Enterprise Educational per GPU 3-year Subscription 9x5 Support E-LTU	0	3939.00		NA		No	Available		Not published by OCA	Active	10/02/2023	10/31/2028	{"Extended Price (USD)":"NA"}	ATTRIBUTE_CHANGED	3939.00	$0.00	0.00%	2026-09-09: $3939.00 → 2026-09-13: $3939.00
Graphics & GPU	GPU Accelerators	HPE OCA > DL580 Gen12 [P75399-B21] > Graphics & GPU > GPU Accelerators	GPU / Accelerator	max 1	0	1	Selection constraint for GPU Accelerators: max 1	S2S24AAE	Service	NVIDIA AI Enterprise Educational per GPU 5-year Subscription 9x5 Support E-LTU	0	5252.00		NA		No	Available		Not published by OCA	Active	10/02/2023	10/31/2028	{"Extended Price (USD)":"NA"}	ATTRIBUTE_CHANGED	5252.00	$0.00	0.00%	2026-09-09: $5252.00 → 2026-09-13: $5252.00
Graphics & GPU	GPU Accelerators	HPE OCA > DL580 Gen12 [P75399-B21] > Graphics & GPU > GPU Accelerators	GPU / Accelerator	max 1	0	1	Selection constraint for GPU Accelerators: max 1	S2S25AAE	Service	NVIDIA AI Enterprise Educational per GPU 1-year Subscription 9x5 Support Renewal E-LTU	0	1313.00		NA		No	Available		Not published by OCA	Active	11/06/2023	10/31/2028	{"Extended Price (USD)":"NA"}	ATTRIBUTE_CHANGED	1313.00	$0.00	0.00%	2026-09-09: $1313.00 → 2026-09-13: $1313.00
Graphics & GPU	GPU Accelerators	HPE OCA > DL580 Gen12 [P75399-B21] > Graphics & GPU > GPU Accelerators	GPU / Accelerator	max 1	0	1	Selection constraint for GPU Accelerators: max 1	S2S26AAE	Service	NVIDIA AI Enterprise Educational per GPU 3-year Subscription 9x5 Support Renewal E-LTU	0	3939.00		NA		No	Available		Not published by OCA	Active	11/06/2023	10/31/2028	{"Extended Price (USD)":"NA"}	ATTRIBUTE_CHANGED	3939.00	$0.00	0.00%	2026-09-09: $3939.00 → 2026-09-13: $3939.00
Graphics & GPU	GPU Accelerators	HPE OCA > DL580 Gen12 [P75399-B21] > Graphics & GPU > GPU Accelerators	GPU / Accelerator	max 1	0	1	Selection constraint for GPU Accelerators: max 1	S2S27AAE	Service	NVIDIA AI Enterprise Educational per GPU 5-year Subscription 9x5 Support Renewal E-LTU	0	6564.00		NA		No	Available		Not published by OCA	Active	11/06/2023	10/31/2028	{"Extended Price (USD)":"NA"}	ATTRIBUTE_CHANGED	6564.00	$0.00	0.00%	2026-09-09: $6564.00 → 2026-09-13: $6564.00
Graphics & GPU	GPU Accelerators	HPE OCA > DL580 Gen12 [P75399-B21] > Graphics & GPU > GPU Accelerators	GPU / Accelerator	max 1	0	1	Selection constraint for GPU Accelerators: max 1	S2S28AAE	Service	NVIDIA AI Enterprise per GPU 1-year 24x7 Support E-LTU	0	1284.00		NA		No	Available		Not published by OCA	Active	10/02/2023	10/31/2028	{"Extended Price (USD)":"NA"}	ATTRIBUTE_CHANGED	1284.00	$0.00	0.00%	2026-09-09: $1284.00 → 2026-09-13: $1284.00
Graphics & GPU	GPU Accelerators	HPE OCA > DL580 Gen12 [P75399-B21] > Graphics & GPU > GPU Accelerators	GPU / Accelerator	max 1	0	1	Selection constraint for GPU Accelerators: max 1	S2S29AAE	Service	NVIDIA AI Enterprise per GPU 3-year 24x7 Support E-LTU	0	3851.00		NA		No	Available		Not published by OCA	Active	10/02/2023	10/31/2028	{"Extended Price (USD)":"NA"}	ATTRIBUTE_CHANGED	3851.00	$0.00	0.00%	2026-09-09: $3851.00 → 2026-09-13: $3851.00
Graphics & GPU	GPU Accelerators	HPE OCA > DL580 Gen12 [P75399-B21] > Graphics & GPU > GPU Accelerators	GPU / Accelerator	max 1	0	1	Selection constraint for GPU Accelerators: max 1	S2S30AAE	Service	NVIDIA AI Enterprise per GPU 5-year 24x7 Support E-LTU	0	6419.00		NA		No	Available		Not published by OCA	Active	10/02/2023	10/31/2028	{"Extended Price (USD)":"NA"}	ATTRIBUTE_CHANGED	6419.00	$0.00	0.00%	2026-09-09: $6419.00 → 2026-09-13: $6419.00
Graphics & GPU	GPU Accelerators	HPE OCA > DL580 Gen12 [P75399-B21] > Graphics & GPU > GPU Accelerators	GPU / Accelerator	max 1	0	1	Selection constraint for GPU Accelerators: max 1	S2S31AAE	Service	NVIDIA AI Enterprise Educational per GPU 1-year 24x7 Support E-LTU	0	899.00		NA		No	Available		Not published by OCA	Active	10/02/2023	10/31/2028	{"Extended Price (USD)":"NA"}	ATTRIBUTE_CHANGED	899.00	$0.00	0.00%	2026-09-09: $899.00 → 2026-09-13: $899.00
Graphics & GPU	GPU Accelerators	HPE OCA > DL580 Gen12 [P75399-B21] > Graphics & GPU > GPU Accelerators	GPU / Accelerator	max 1	0	1	Selection constraint for GPU Accelerators: max 1	S2S32AAE	Service	NVIDIA AI Enterprise Educational per GPU 3-year 24x7 Support E-LTU	0	2696.00		NA		No	Available		Not published by OCA	Active	10/02/2023	10/31/2028	{"Extended Price (USD)":"NA"}	ATTRIBUTE_CHANGED	2696.00	$0.00	0.00%	2026-09-09: $2696.00 → 2026-09-13: $2696.00
Graphics & GPU	GPU Accelerators	HPE OCA > DL580 Gen12 [P75399-B21] > Graphics & GPU > GPU Accelerators	GPU / Accelerator	max 1	0	1	Selection constraint for GPU Accelerators: max 1	S2S33AAE	Service	NVIDIA AI Enterprise Educational per GPU 5-year 24x7 Support E-LTU	0	4494.00		NA		No	Available		Not published by OCA	Active	10/02/2023	10/31/2028	{"Extended Price (USD)":"NA"}	ATTRIBUTE_CHANGED	4494.00	$0.00	0.00%	2026-09-09: $4494.00 → 2026-09-13: $4494.00
Graphics & GPU	GPU Accelerators	HPE OCA > DL580 Gen12 [P75399-B21] > Graphics & GPU > GPU Accelerators	GPU / Accelerator	max 1	0	1	Selection constraint for GPU Accelerators: max 1	S2S34AAE	Service	NVIDIA AI Enterprise per GPU 1-year 24x7 Support Renewal E-LTU	0	1284.00		NA		No	Available		Not published by OCA	Active	11/06/2023	10/31/2028	{"Extended Price (USD)":"NA"}	ATTRIBUTE_CHANGED	1284.00	$0.00	0.00%	2026-09-09: $1284.00 → 2026-09-13: $1284.00
Graphics & GPU	GPU Accelerators	HPE OCA > DL580 Gen12 [P75399-B21] > Graphics & GPU > GPU Accelerators	GPU / Accelerator	max 1	0	1	Selection constraint for GPU Accelerators: max 1	S2S35AAE	Service	NVIDIA AI Enterprise per GPU 3-year 24x7 Support Renewal E-LTU	0	3851.00		NA		No	Available		Not published by OCA	Active	11/06/2023	10/31/2028	{"Extended Price (USD)":"NA"}	ATTRIBUTE_CHANGED	3851.00	$0.00	0.00%	2026-09-09: $3851.00 → 2026-09-13: $3851.00
Graphics & GPU	GPU Accelerators	HPE OCA > DL580 Gen12 [P75399-B21] > Graphics & GPU > GPU Accelerators	GPU / Accelerator	max 1	0	1	Selection constraint for GPU Accelerators: max 1	S2S36AAE	Service	NVIDIA AI Enterprise per GPU 5-year 24x7 Support Renewal E-LTU	0	6419.00		NA		No	Available		Not published by OCA	Active	11/06/2023	10/31/2028	{"Extended Price (USD)":"NA"}	ATTRIBUTE_CHANGED	6419.00	$0.00	0.00%	2026-09-09: $6419.00 → 2026-09-13: $6419.00
Graphics & GPU	GPU Accelerators	HPE OCA > DL580 Gen12 [P75399-B21] > Graphics & GPU > GPU Accelerators	GPU / Accelerator	max 1	0	1	Selection constraint for GPU Accelerators: max 1	S2S37AAE	Service	NVIDIA AI Enterprise Educational per GPU 1-year 24x7 Support Renewal E-LTU	0	899.00		NA		No	Available		Not published by OCA	Active	11/06/2023	10/31/2028	{"Extended Price (USD)":"NA"}	ATTRIBUTE_CHANGED	899.00	$0.00	0.00%	2026-09-09: $899.00 → 2026-09-13: $899.00
Graphics & GPU	GPU Accelerators	HPE OCA > DL580 Gen12 [P75399-B21] > Graphics & GPU > GPU Accelerators	GPU / Accelerator	max 1	0	1	Selection constraint for GPU Accelerators: max 1	S2S38AAE	Service	NVIDIA AI Enterprise Educational per GPU 3-year 24x7 Support Renewal E-LTU	0	2696.00		NA		No	Available		Not published by OCA	Active	11/06/2023	10/31/2028	{"Extended Price (USD)":"NA"}	ATTRIBUTE_CHANGED	2696.00	$0.00	0.00%	2026-09-09: $2696.00 → 2026-09-13: $2696.00
Graphics & GPU	GPU Accelerators	HPE OCA > DL580 Gen12 [P75399-B21] > Graphics & GPU > GPU Accelerators	GPU / Accelerator	max 1	0	1	Selection constraint for GPU Accelerators: max 1	S2S39AAE	Service	NVIDIA AI Enterprise Educational per GPU 5-year 24x7 Support Renewal E-LTU	0	4493.00		NA		No	Available		Not published by OCA	Active	11/06/2023	10/31/2028	{"Extended Price (USD)":"NA"}	ATTRIBUTE_CHANGED	4493.00	$0.00	0.00%	2026-09-09: $4493.00 → 2026-09-13: $4493.00
Software & Licenses	Red Hat Enterprise Linux Server-Virtualization	HPE OCA > DL580 Gen12 [P75399-B21] > Software & Licenses > Red Hat Enterprise Linux Server-Virtualization	Operating System / License	Unlimited	0	Unlimited	Selection constraint for Red Hat Enterprise Linux Server-Virtualization: no max	R1P40AAE	Service	Red Hat Enterprise Linux for HPC Compute Node 1yr Subscription E-LTU	0	87.00		NA		No	Available		Not published by OCA	Active	12/03/2018	09/30/2028	{"Extended Price (USD)":"NA"}	ATTRIBUTE_CHANGED	87.00	$0.00	0.00%	2026-09-09: $87.00 → 2026-09-13: $87.00
Software & Licenses	Red Hat Enterprise Linux Server-Virtualization	HPE OCA > DL580 Gen12 [P75399-B21] > Software & Licenses > Red Hat Enterprise Linux Server-Virtualization	Operating System / License	Unlimited	0	Unlimited	Selection constraint for Red Hat Enterprise Linux Server-Virtualization: no max	R1P41AAE	Service	Red Hat Enterprise Linux for HPC Compute Node 3yr Subscription E-LTU	0	248.00		NA		No	Available		Not published by OCA	Active	12/03/2018	09/30/2028	{"Extended Price (USD)":"NA"}	ATTRIBUTE_CHANGED	248.00	$0.00	0.00%	2026-09-09: $248.00 → 2026-09-13: $248.00
Software & Licenses	Red Hat Enterprise Linux Server-Virtualization	HPE OCA > DL580 Gen12 [P75399-B21] > Software & Licenses > Red Hat Enterprise Linux Server-Virtualization	Operating System / License	Unlimited	0	Unlimited	Selection constraint for Red Hat Enterprise Linux Server-Virtualization: no max	R1P42AAE	Service	Red Hat Enterprise Linux for HPC Compute Node 5yr Subscription E-LTU	0	413.00		NA		No	Available		Not published by OCA	Active	12/03/2018	09/30/2028	{"Extended Price (USD)":"NA"}	ATTRIBUTE_CHANGED	413.00	$0.00	0.00%	2026-09-09: $413.00 → 2026-09-13: $413.00
Software & Licenses	Red Hat Enterprise Linux Server-Virtualization	HPE OCA > DL580 Gen12 [P75399-B21] > Software & Licenses > Red Hat Enterprise Linux Server-Virtualization	Operating System / License	Unlimited	0	Unlimited	Selection constraint for Red Hat Enterprise Linux Server-Virtualization: no max	R2Z51AAE	Service	Red Hat Enterprise Linux for HPC Compute Node with Smart Management 1yr E-LTU	0	138.00		NA		No	Available		Not published by OCA	Active	08/05/2019	09/30/2028	{"Extended Price (USD)":"NA"}	ATTRIBUTE_CHANGED	138.00	$0.00	0.00%	2026-09-09: $138.00 → 2026-09-13: $138.00
Software & Licenses	Red Hat Enterprise Linux Server-Virtualization	HPE OCA > DL580 Gen12 [P75399-B21] > Software & Licenses > Red Hat Enterprise Linux Server-Virtualization	Operating System / License	Unlimited	0	Unlimited	Selection constraint for Red Hat Enterprise Linux Server-Virtualization: no max	R2Z52AAE	Service	Red Hat Enterprise Linux for HPC Compute Node with Smart Management 3yr E-LTU	0	392.00		NA		No	Available		Not published by OCA	Active	08/05/2019	09/30/2028	{"Extended Price (USD)":"NA"}	ATTRIBUTE_CHANGED	392.00	$0.00	0.00%	2026-09-09: $392.00 → 2026-09-13: $392.00
Software & Licenses	Red Hat Enterprise Linux Server-Virtualization	HPE OCA > DL580 Gen12 [P75399-B21] > Software & Licenses > Red Hat Enterprise Linux Server-Virtualization	Operating System / License	Unlimited	0	Unlimited	Selection constraint for Red Hat Enterprise Linux Server-Virtualization: no max	R2Z53AAE	Service	Red Hat Enterprise Linux for HPC Compute Node with Smart Management 5yr E-LTU	0	653.00		NA		No	Available		Not published by OCA	Active	08/05/2019	09/30/2028	{"Extended Price (USD)":"NA"}	ATTRIBUTE_CHANGED	653.00	$0.00	0.00%	2026-09-09: $653.00 → 2026-09-13: $653.00
Software & Licenses	Red Hat Enterprise Linux Server-Virtualization	HPE OCA > DL580 Gen12 [P75399-B21] > Software & Licenses > Red Hat Enterprise Linux Server-Virtualization	Service & Support	Unlimited	0	Unlimited	Selection constraint for Red Hat Enterprise Linux Server-Virtualization: no max	R1P34AAE	Service	Red Hat Enterprise Linux for HPC Head Node 1yr Subscription 24x7 Support E-LTU	0	2858.00		NA		No	Available		Not published by OCA	Active	12/03/2018	09/30/2028	{"Extended Price (USD)":"NA"}	ATTRIBUTE_CHANGED	2858.00	$0.00	0.00%	2026-09-09: $2858.00 → 2026-09-13: $2858.00
Software & Licenses	Red Hat Enterprise Linux Server-Virtualization	HPE OCA > DL580 Gen12 [P75399-B21] > Software & Licenses > Red Hat Enterprise Linux Server-Virtualization	Service & Support	Unlimited	0	Unlimited	Selection constraint for Red Hat Enterprise Linux Server-Virtualization: no max	R1P37AAE	Service	Red Hat Enterprise Linux for HPC Head Node 1yr Subscription 9x5 Support E-LTU	0	1758.00		NA		No	Available		Not published by OCA	Active	12/03/2018	09/30/2028	{"Extended Price (USD)":"NA"}	ATTRIBUTE_CHANGED	1758.00	$0.00	0.00%	2026-09-09: $1758.00 → 2026-09-13: $1758.00
Software & Licenses	Red Hat Enterprise Linux Server-Virtualization	HPE OCA > DL580 Gen12 [P75399-B21] > Software & Licenses > Red Hat Enterprise Linux Server-Virtualization	Service & Support	Unlimited	0	Unlimited	Selection constraint for Red Hat Enterprise Linux Server-Virtualization: no max	R1P35AAE	Service	Red Hat Enterprise Linux for HPC Head Node 3yr Subscription 24x7 Support E-LTU	0	8145.00		NA		No	Available		Not published by OCA	Active	12/03/2018	09/30/2028	{"Extended Price (USD)":"NA"}	ATTRIBUTE_CHANGED	8145.00	$0.00	0.00%	2026-09-09: $8145.00 → 2026-09-13: $8145.00
Software & Licenses	Red Hat Enterprise Linux Server-Virtualization	HPE OCA > DL580 Gen12 [P75399-B21] > Software & Licenses > Red Hat Enterprise Linux Server-Virtualization	Service & Support	Unlimited	0	Unlimited	Selection constraint for Red Hat Enterprise Linux Server-Virtualization: no max	R1P38AAE	Service	Red Hat Enterprise Linux for HPC Head Node 3yr Subscription 9x5 Support E-LTU	0	5010.00		NA		No	Available		Not published by OCA	Active	12/03/2018	09/30/2028	{"Extended Price (USD)":"NA"}	ATTRIBUTE_CHANGED	5010.00	$0.00	0.00%	2026-09-09: $5010.00 → 2026-09-13: $5010.00
Software & Licenses	Red Hat Enterprise Linux Server-Virtualization	HPE OCA > DL580 Gen12 [P75399-B21] > Software & Licenses > Red Hat Enterprise Linux Server-Virtualization	Service & Support	Unlimited	0	Unlimited	Selection constraint for Red Hat Enterprise Linux Server-Virtualization: no max	R1P36AAE	Service	Red Hat Enterprise Linux for HPC Head Node 5yr Subscription 24x7 Support E-LTU	0	13575.00		NA		No	Available		Not published by OCA	Active	12/03/2018	09/30/2028	{"Extended Price (USD)":"NA"}	ATTRIBUTE_CHANGED	13575.00	$0.00	0.00%	2026-09-09: $13575.00 → 2026-09-13: $13575.00
Software & Licenses	Red Hat Enterprise Linux Server-Virtualization	HPE OCA > DL580 Gen12 [P75399-B21] > Software & Licenses > Red Hat Enterprise Linux Server-Virtualization	Service & Support	Unlimited	0	Unlimited	Selection constraint for Red Hat Enterprise Linux Server-Virtualization: no max	R1P39AAE	Service	Red Hat Enterprise Linux for HPC Head Node 5yr Subscription 9x5 Support E-LTU	0	8350.00		NA		No	Available		Not published by OCA	Active	12/03/2018	09/30/2028	{"Extended Price (USD)":"NA"}	ATTRIBUTE_CHANGED	8350.00	$0.00	0.00%	2026-09-09: $8350.00 → 2026-09-13: $8350.00
Software & Licenses	Red Hat Enterprise Linux Server-Virtualization	HPE OCA > DL580 Gen12 [P75399-B21] > Software & Licenses > Red Hat Enterprise Linux Server-Virtualization	Operating System / License	Unlimited	0	Unlimited	Selection constraint for Red Hat Enterprise Linux Server-Virtualization: no max	R2Z45AAE	Service	Red Hat Enterprise Linux for HPC Head Node with Smart Management 1yr 24x7 E-LTU	0	3243.00		NA		No	Available		Not published by OCA	Active	08/05/2019	09/30/2028	{"Extended Price (USD)":"NA"}	ATTRIBUTE_CHANGED	3243.00	$0.00	0.00%	2026-09-09: $3243.00 → 2026-09-13: $3243.00
Software & Licenses	Red Hat Enterprise Linux Server-Virtualization	HPE OCA > DL580 Gen12 [P75399-B21] > Software & Licenses > Red Hat Enterprise Linux Server-Virtualization	Operating System / License	Unlimited	0	Unlimited	Selection constraint for Red Hat Enterprise Linux Server-Virtualization: no max	R2Z46AAE	Service	Red Hat Enterprise Linux for HPC Head Node with Smart Management 3yr 24x7 E-LTU	0	9242.00		NA		No	Available		Not published by OCA	Active	08/05/2019	09/30/2028	{"Extended Price (USD)":"NA"}	ATTRIBUTE_CHANGED	9242.00	$0.00	0.00%	2026-09-09: $9242.00 → 2026-09-13: $9242.00
Software & Licenses	Red Hat Enterprise Linux Server-Virtualization	HPE OCA > DL580 Gen12 [P75399-B21] > Software & Licenses > Red Hat Enterprise Linux Server-Virtualization	Operating System / License	Unlimited	0	Unlimited	Selection constraint for Red Hat Enterprise Linux Server-Virtualization: no max	R2Z47AAE	Service	Red Hat Enterprise Linux for HPC Head Node with Smart Management 5yr 24x7 E-LTU	0	15403.00		NA		No	Available		Not published by OCA	Active	08/05/2019	09/30/2028	{"Extended Price (USD)":"NA"}	ATTRIBUTE_CHANGED	15403.00	$0.00	0.00%	2026-09-09: $15403.00 → 2026-09-13: $15403.00
Software & Licenses	Red Hat Enterprise Linux Server-Virtualization	HPE OCA > DL580 Gen12 [P75399-B21] > Software & Licenses > Red Hat Enterprise Linux Server-Virtualization	Service & Support	Unlimited	0	Unlimited	Selection constraint for Red Hat Enterprise Linux Server-Virtualization: no max	Q9S73AAE	Service	SUSE Linux Enterprise Server HPC 1-2 Sockets 1-year Subscription 9x5 Support E-LTU	0	108.00		NA		No	Available		Not published by OCA	Active	04/02/2018	09/30/2027	{"Extended Price (USD)":"NA"}	ATTRIBUTE_CHANGED	108.00	$0.00	0.00%	2026-09-09: $108.00 → 2026-09-13: $108.00
Software & Licenses	Red Hat Enterprise Linux Server-Virtualization	HPE OCA > DL580 Gen12 [P75399-B21] > Software & Licenses > Red Hat Enterprise Linux Server-Virtualization	Service & Support	Unlimited	0	Unlimited	Selection constraint for Red Hat Enterprise Linux Server-Virtualization: no max	Q9S76AAE	Service	SUSE Linux Enterprise Server HPC 1-2 Sockets 1yr Subscription 24x7 Support E-LTU	0	151.00		NA		No	Available		Not published by OCA	Active	04/02/2018	09/30/2027	{"Extended Price (USD)":"NA"}	ATTRIBUTE_CHANGED	151.00	$0.00	0.00%	2026-09-09: $151.00 → 2026-09-13: $151.00
Software & Licenses	Red Hat Enterprise Linux Server-Virtualization	HPE OCA > DL580 Gen12 [P75399-B21] > Software & Licenses > Red Hat Enterprise Linux Server-Virtualization	Service & Support	Unlimited	0	Unlimited	Selection constraint for Red Hat Enterprise Linux Server-Virtualization: no max	Q9S74AAE	Service	SUSE Linux Enterprise Server HPC 1-2 Sockets 3-year Subscription 9x5 Support E-LTU	0	292.00		NA		No	Available		Not published by OCA	Active	04/02/2018	09/30/2027	{"Extended Price (USD)":"NA"}	ATTRIBUTE_CHANGED	292.00	$0.00	0.00%	2026-09-09: $292.00 → 2026-09-13: $292.00
Software & Licenses	Red Hat Enterprise Linux Server-Virtualization	HPE OCA > DL580 Gen12 [P75399-B21] > Software & Licenses > Red Hat Enterprise Linux Server-Virtualization	Service & Support	Unlimited	0	Unlimited	Selection constraint for Red Hat Enterprise Linux Server-Virtualization: no max	Q9S77AAE	Service	SUSE Linux Enterprise Server HPC 1-2 Sockets 3yr Subscription 24x7 Support E-LTU	0	408.00		NA		No	Available		Not published by OCA	Active	04/02/2018	09/30/2027	{"Extended Price (USD)":"NA"}	ATTRIBUTE_CHANGED	408.00	$0.00	0.00%	2026-09-09: $408.00 → 2026-09-13: $408.00
Software & Licenses	Red Hat Enterprise Linux Server-Virtualization	HPE OCA > DL580 Gen12 [P75399-B21] > Software & Licenses > Red Hat Enterprise Linux Server-Virtualization	Service & Support	Unlimited	0	Unlimited	Selection constraint for Red Hat Enterprise Linux Server-Virtualization: no max	Q9S75AAE	Service	SUSE Linux Enterprise Server HPC 1-2 Sockets 5-year Subscription 9x5 Support E-LTU	0	486.00		NA		No	Available		Not published by OCA	Active	04/02/2018	09/30/2027	{"Extended Price (USD)":"NA"}	ATTRIBUTE_CHANGED	486.00	$0.00	0.00%	2026-09-09: $486.00 → 2026-09-13: $486.00
Software & Licenses	Red Hat Enterprise Linux Server-Virtualization	HPE OCA > DL580 Gen12 [P75399-B21] > Software & Licenses > Red Hat Enterprise Linux Server-Virtualization	Service & Support	Unlimited	0	Unlimited	Selection constraint for Red Hat Enterprise Linux Server-Virtualization: no max	Q9S78AAE	Service	SUSE Linux Enterprise Server HPC 1-2 Sockets 5yr Subscription 24x7 Support E-LTU	0	680.00		NA		No	Available		Not published by OCA	Active	04/02/2018	09/30/2027	{"Extended Price (USD)":"NA"}	ATTRIBUTE_CHANGED	680.00	$0.00	0.00%	2026-09-09: $680.00 → 2026-09-13: $680.00
Accessories & Infrastructure	Compute Ops Management Enablement SKUs	HPE OCA > DL580 Gen12 [P75399-B21] > Accessories & Infrastructure > Compute Ops Management Enablement SKUs	Chassis Infrastructure	max 1	0	1	Selection constraint for Compute Ops Management Enablement SKUs: max 1	R7A11AAE	Service	HPE Compute Ops Management Standard 3-year Upfront ProLiant SaaS	0	450.00		NA		No	Available		Not published by OCA	Active	06/06/2022	02/29/2028	{"Extended Price (USD)":"NA"}	ATTRIBUTE_CHANGED	450.00	$0.00	0.00%	2026-09-09: $450.00 → 2026-09-13: $450.00
Accessories & Infrastructure	Compute Ops Management Enablement SKUs	HPE OCA > DL580 Gen12 [P75399-B21] > Accessories & Infrastructure > Compute Ops Management Enablement SKUs	Chassis Infrastructure	max 1	0	1	Selection constraint for Compute Ops Management Enablement SKUs: max 1	R7A12AAE	Service	HPE Compute Ops Management Standard 5-year Upfront ProLiant SaaS	1	750.00		750.00		No	Available		Not published by OCA	Active	06/06/2022	02/29/2028	{"Extended Price (USD)":"750.00"}	ATTRIBUTE_CHANGED	750.00	$0.00	0.00%	2026-09-09: $750.00 → 2026-09-13: $750.00
Accessories & Infrastructure	Compute Ops Management Enablement SKUs	HPE OCA > DL580 Gen12 [P75399-B21] > Accessories & Infrastructure > Compute Ops Management Enablement SKUs	Chassis Infrastructure	max 1	0	1	Selection constraint for Compute Ops Management Enablement SKUs: max 1	S2E10AAE	Service	HPE Compute Ops Management Standard 7-year Upfront ProLiant SaaS	0	1050.00		NA		No	Available		Not published by OCA	Active	09/03/2024	02/29/2028	{"Extended Price (USD)":"NA"}	ATTRIBUTE_CHANGED	1050.00	$0.00	0.00%	2026-09-09: $1050.00 → 2026-09-13: $1050.00
Accessories & Infrastructure	Compute Ops Management Enablement SKUs	HPE OCA > DL580 Gen12 [P75399-B21] > Accessories & Infrastructure > Compute Ops Management Enablement SKUs	Chassis Infrastructure	max 1	0	1	Selection constraint for Compute Ops Management Enablement SKUs: max 1	S5E59AAE	Service	HPE Compute Ops Management Advanced 3-year Upfront ProLiant SaaS	0	919.08		NA		No	Available		Not published by OCA	Active	04/07/2025	02/29/2028	{"Extended Price (USD)":"NA"}	ATTRIBUTE_CHANGED	919.08	$0.00	0.00%	2026-09-09: $919.08 → 2026-09-13: $919.08
Accessories & Infrastructure	Compute Ops Management Enablement SKUs	HPE OCA > DL580 Gen12 [P75399-B21] > Accessories & Infrastructure > Compute Ops Management Enablement SKUs	Chassis Infrastructure	max 1	0	1	Selection constraint for Compute Ops Management Enablement SKUs: max 1	S5E60AAE	Service	HPE Compute Ops Management Advanced 5-year Upfront ProLiant SaaS	0	1531.80		NA		No	Available		Not published by OCA	Active	04/07/2025	02/29/2028	{"Extended Price (USD)":"NA"}	ATTRIBUTE_CHANGED	1531.80	$0.00	0.00%	2026-09-09: $1531.80 → 2026-09-13: $1531.80
Accessories & Infrastructure	Compute Ops Management Enablement SKUs	HPE OCA > DL580 Gen12 [P75399-B21] > Accessories & Infrastructure > Compute Ops Management Enablement SKUs	Chassis Infrastructure	max 1	0	1	Selection constraint for Compute Ops Management Enablement SKUs: max 1	S5E61AAE	Service	HPE Compute Ops Management Advanced 7-year Upfront ProLiant SaaS	0	2144.52		NA		No	Available		Not published by OCA	Active	04/07/2025	02/29/2028	{"Extended Price (USD)":"NA"}	ATTRIBUTE_CHANGED	2144.52	$0.00	0.00%	2026-09-09: $2144.52 → 2026-09-13: $2144.52
Accessories & Infrastructure	Compute Ops Management Enablement SKUs	HPE OCA > DL580 Gen12 [P75399-B21] > Accessories & Infrastructure > Compute Ops Management Enablement SKUs	Chassis Infrastructure	max 1	0	1	Selection constraint for Compute Ops Management Enablement SKUs: max 1	S2R34AAE	Service	HPE Compute Ops Management Standard with ProLiant Enablement	0	1.00		NA		No	Available		Not published by OCA	Active	11/06/2023	02/29/2028	{"Extended Price (USD)":"NA"}	ATTRIBUTE_CHANGED	1.00	$0.00	0.00%	2026-09-09: $1.00 → 2026-09-13: $1.00
Accessories & Infrastructure	Compute Ops Management Enablement SKUs	HPE OCA > DL580 Gen12 [P75399-B21] > Accessories & Infrastructure > Compute Ops Management Enablement SKUs	Chassis Infrastructure	max 1	0	1	Selection constraint for Compute Ops Management Enablement SKUs: max 1	S6C28AAE	Service	HPE Compute Ops Management Advanced Flex with ProLiant Enablement	0	0		NA		No	Available		Not published by OCA	Active	05/05/2025	06/30/2028	{"Extended Price (USD)":"NA"}	ATTRIBUTE_CHANGED	N/A	$0.00	0.00%	2026-09-09: (no price) → 2026-09-13: (no price)
Software & Licenses	Server Management & Operating System Licenses	HPE OCA > DL580 Gen12 [P75399-B21] > Software & Licenses > Server Management & Operating System Licenses	Operating System / License	max 1	0	1	Selection constraint for Server Management & Operating System Licenses: max 1	R6X85AAE	Service	HPE Trusted Supply Chain E-LTU	0	1.00	NA	NA		No	Available		Not published by OCA	Active	09/08/2020	04/30/2028	{"Price Delta (USD)":"NA","Extended Price (USD)":"NA"}	ATTRIBUTE_CHANGED	1.00	$0.00	0.00%	2026-09-09: $1.00 → 2026-09-13: $1.00
Software & Licenses	SUSE Linux Enterprise Server	HPE OCA > DL580 Gen12 [P75399-B21] > Software & Licenses > SUSE Linux Enterprise Server	Operating System / License	Unlimited	0	Unlimited	Selection constraint for SUSE Linux Enterprise Server: no max	R2U47AAE	Service	SUSE Linux Enterprise Server Live Patching x86-64 1-2Sockets Inherited Virtualization 5yr 24x7 E-LTU	0	3390.00		NA		No	Obsolete (OB)		Not published by OCA	Obsolete (OB)	06/01/2020	10/31/2025	{"Extended Price (USD)":"NA"}	ATTRIBUTE_CHANGED	3390.00	$0.00	0.00%	2026-09-09: $3390.00 → 2026-09-13: $3390.00
Software & Licenses	High Availability Computing - Cluster Software	HPE OCA > DL580 Gen12 [P75399-B21] > Software & Licenses > High Availability Computing - Cluster Software	Operating System / License	Unlimited	0	Unlimited	Selection constraint for High Availability Computing - Cluster Software: no max	G5J66AAE	Service	Red Hat High Availability 2 Sockets Unlimited Guests 1 Year Subscription E-LTU	0	1506.00		NA		No	Available		Not published by OCA	Active	03/31/2014	09/30/2028	{"Extended Price (USD)":"NA"}	ATTRIBUTE_CHANGED	1506.00	$0.00	0.00%	2026-09-09: $1506.00 → 2026-09-13: $1506.00
Software & Licenses	High Availability Computing - Cluster Software	HPE OCA > DL580 Gen12 [P75399-B21] > Software & Licenses > High Availability Computing - Cluster Software	Operating System / License	Unlimited	0	Unlimited	Selection constraint for High Availability Computing - Cluster Software: no max	G5J67AAE	Service	Red Hat High Availability 2 Sockets Unlimited Guests 3 Year Subscription E-LTU	0	4519.00		NA		No	Available		Not published by OCA	Active	03/31/2014	09/30/2028	{"Extended Price (USD)":"NA"}	ATTRIBUTE_CHANGED	4519.00	$0.00	0.00%	2026-09-09: $4519.00 → 2026-09-13: $4519.00
Software & Licenses	High Availability Computing - Cluster Software	HPE OCA > DL580 Gen12 [P75399-B21] > Software & Licenses > High Availability Computing - Cluster Software	Operating System / License	Unlimited	0	Unlimited	Selection constraint for High Availability Computing - Cluster Software: no max	G3J34AAE	Service	Red Hat High Availability 2 Sockets or 2 Guests 1 Year Subscription E-LTU	0	439.00		NA		No	Available		Not published by OCA	Active	03/31/2014	09/30/2028	{"Extended Price (USD)":"NA"}	ATTRIBUTE_CHANGED	439.00	$0.00	0.00%	2026-09-09: $439.00 → 2026-09-13: $439.00
Software & Licenses	High Availability Computing - Cluster Software	HPE OCA > DL580 Gen12 [P75399-B21] > Software & Licenses > High Availability Computing - Cluster Software	Operating System / License	Unlimited	0	Unlimited	Selection constraint for High Availability Computing - Cluster Software: no max	G3J35AAE	Service	Red Hat High Availability 2 Sockets or 2 Guests 3 Year Subscription E-LTU	0	1317.00		NA		No	Available		Not published by OCA	Active	03/31/2014	09/30/2028	{"Extended Price (USD)":"NA"}	ATTRIBUTE_CHANGED	1317.00	$0.00	0.00%	2026-09-09: $1317.00 → 2026-09-13: $1317.00
Software & Licenses	High Availability Computing - Cluster Software	HPE OCA > DL580 Gen12 [P75399-B21] > Software & Licenses > High Availability Computing - Cluster Software	Operating System / License	Unlimited	0	Unlimited	Selection constraint for High Availability Computing - Cluster Software: no max	G5J68AAE	Service	Red Hat Resilient Storage 2 Sockets Unlimited Guests 1 Year Subscription E-LTU	0	3019.00		NA		No	Available		Not published by OCA	Active	03/31/2014	09/30/2028	{"Extended Price (USD)":"NA"}	ATTRIBUTE_CHANGED	3019.00	$0.00	0.00%	2026-09-09: $3019.00 → 2026-09-13: $3019.00
Software & Licenses	High Availability Computing - Cluster Software	HPE OCA > DL580 Gen12 [P75399-B21] > Software & Licenses > High Availability Computing - Cluster Software	Operating System / License	Unlimited	0	Unlimited	Selection constraint for High Availability Computing - Cluster Software: no max	G5J69AAE	Service	Red Hat Resilient Storage 2 Sockets Unlimited Guests 3 Year Subscription E-LTU	0	9057.00		NA		No	Available		Not published by OCA	Active	03/31/2014	09/30/2028	{"Extended Price (USD)":"NA"}	ATTRIBUTE_CHANGED	9057.00	$0.00	0.00%	2026-09-09: $9057.00 → 2026-09-13: $9057.00
Software & Licenses	High Availability Computing - Cluster Software	HPE OCA > DL580 Gen12 [P75399-B21] > Software & Licenses > High Availability Computing - Cluster Software	Operating System / License	Unlimited	0	Unlimited	Selection constraint for High Availability Computing - Cluster Software: no max	G3J36AAE	Service	Red Hat Resilient Storage 2 Sockets or 2 Guests 1 Year Subscription E-LTU	0	879.00		NA		No	Available		Not published by OCA	Active	03/31/2014	09/30/2028	{"Extended Price (USD)":"NA"}	ATTRIBUTE_CHANGED	879.00	$0.00	0.00%	2026-09-09: $879.00 → 2026-09-13: $879.00
Software & Licenses	High Availability Computing - Cluster Software	HPE OCA > DL580 Gen12 [P75399-B21] > Software & Licenses > High Availability Computing - Cluster Software	Operating System / License	Unlimited	0	Unlimited	Selection constraint for High Availability Computing - Cluster Software: no max	G3J37AAE	Service	Red Hat Resilient Storage 2 Sockets or 2 Guests 3 Year Subscription E-LTU	0	2637.00		NA		No	Available		Not published by OCA	Active	03/31/2014	09/30/2028	{"Extended Price (USD)":"NA"}	ATTRIBUTE_CHANGED	2637.00	$0.00	0.00%	2026-09-09: $2637.00 → 2026-09-13: $2637.00
Software & Licenses	High Availability Computing - Cluster Software	HPE OCA > DL580 Gen12 [P75399-B21] > Software & Licenses > High Availability Computing - Cluster Software	Operating System / License	Unlimited	0	Unlimited	Selection constraint for High Availability Computing - Cluster Software: no max	R2A03AAE	Service	Red Hat Satellite 2 Sockets Unlimited Guests 1yr Subscription E-LTU	0	1482.00		NA		No	Available		Not published by OCA	Active	02/04/2019	09/30/2028	{"Extended Price (USD)":"NA"}	ATTRIBUTE_CHANGED	1482.00	$0.00	0.00%	2026-09-09: $1482.00 → 2026-09-13: $1482.00
Software & Licenses	High Availability Computing - Cluster Software	HPE OCA > DL580 Gen12 [P75399-B21] > Software & Licenses > High Availability Computing - Cluster Software	Operating System / License	Unlimited	0	Unlimited	Selection constraint for High Availability Computing - Cluster Software: no max	R2A04AAE	Service	Red Hat Satellite 2 Sockets Unlimited Guests 3-year Subscription E-LTU	0	4447.00		NA		No	Available		Not published by OCA	Active	02/04/2019	09/30/2028	{"Extended Price (USD)":"NA"}	ATTRIBUTE_CHANGED	4447.00	$0.00	0.00%	2026-09-09: $4447.00 → 2026-09-13: $4447.00
Software & Licenses	High Availability Computing - Cluster Software	HPE OCA > DL580 Gen12 [P75399-B21] > Software & Licenses > High Availability Computing - Cluster Software	Operating System / License	Unlimited	0	Unlimited	Selection constraint for High Availability Computing - Cluster Software: no max	R2A05AAE	Service	Red Hat Satellite 2 Sockets Unlimited Guests 5-year Subscription E-LTU	0	7411.00		NA		No	Available		Not published by OCA	Active	02/04/2019	09/30/2028	{"Extended Price (USD)":"NA"}	ATTRIBUTE_CHANGED	7411.00	$0.00	0.00%	2026-09-09: $7411.00 → 2026-09-13: $7411.00
Software & Licenses	High Availability Computing - Cluster Software	HPE OCA > DL580 Gen12 [P75399-B21] > Software & Licenses > High Availability Computing - Cluster Software	Operating System / License	Unlimited	0	Unlimited	Selection constraint for High Availability Computing - Cluster Software: no max	R2A00AAE	Service	Red Hat Satellite 2 Sockets or 2 Guests 1yr Subscription E-LTU	0	385.00		NA		No	Available		Not published by OCA	Active	02/04/2019	09/30/2028	{"Extended Price (USD)":"NA"}	ATTRIBUTE_CHANGED	385.00	$0.00	0.00%	2026-09-09: $385.00 → 2026-09-13: $385.00
Software & Licenses	High Availability Computing - Cluster Software	HPE OCA > DL580 Gen12 [P75399-B21] > Software & Licenses > High Availability Computing - Cluster Software	Operating System / License	Unlimited	0	Unlimited	Selection constraint for High Availability Computing - Cluster Software: no max	R2A01AAE	Service	Red Hat Satellite 2 Sockets or 2 Guests 3-year Subscription E-LTU	0	1097.00		NA		No	Available		Not published by OCA	Active	02/04/2019	09/30/2028	{"Extended Price (USD)":"NA"}	ATTRIBUTE_CHANGED	1097.00	$0.00	0.00%	2026-09-09: $1097.00 → 2026-09-13: $1097.00
Software & Licenses	High Availability Computing - Cluster Software	HPE OCA > DL580 Gen12 [P75399-B21] > Software & Licenses > High Availability Computing - Cluster Software	Operating System / License	Unlimited	0	Unlimited	Selection constraint for High Availability Computing - Cluster Software: no max	R2A02AAE	Service	Red Hat Satellite 2 Sockets or 2 Guests 5-year Subscription E-LTU	0	1828.00		NA		No	Available		Not published by OCA	Active	02/04/2019	09/30/2028	{"Extended Price (USD)":"NA"}	ATTRIBUTE_CHANGED	1828.00	$0.00	0.00%	2026-09-09: $1828.00 → 2026-09-13: $1828.00
Software & Licenses	SUSE Linux Enterprise Server	HPE OCA > DL580 Gen12 [P75399-B21] > Software & Licenses > SUSE Linux Enterprise Server	Operating System / License	Unlimited	0	Unlimited	Selection constraint for SUSE Linux Enterprise Server: no max	M6K34AAE	Service	SUSE Linux Enterprise High Availability Extension 1-2 Sockets 3 Year Subscription E-LTU	0	2040.00		NA		No	Available		Not published by OCA	Active	06/01/2015	09/30/2027	{"Extended Price (USD)":"NA"}	ATTRIBUTE_CHANGED	2040.00	$0.00	0.00%	2026-09-09: $2040.00 → 2026-09-13: $2040.00
Software & Licenses	iLO	HPE OCA > DL580 Gen12 [P75399-B21] > Software & Licenses > iLO	Service & Support	Unlimited	0	Unlimited	Selection constraint for iLO: no max	E5Y35AAE	Service	HPE OneView including 3yr 24x7 Support Flexible Quantity E-LTU	0	999.00		NA		No	Available		Not published by OCA	Active	12/09/2013	07/31/2030	{"Extended Price (USD)":"NA"}	ATTRIBUTE_CHANGED	999.00	$0.00	0.00%	2026-09-09: $999.00 → 2026-09-13: $999.00
Software & Licenses	iLO	HPE OCA > DL580 Gen12 [P75399-B21] > Software & Licenses > iLO	Service & Support	Unlimited	0	Unlimited	Selection constraint for iLO: no max	P8B26AAE	Service	HPE OneView w/o iLO including 3yr 24x7 Support Flexible Quantity E-LTU	0	499.00		NA		No	Available		Not published by OCA	Active	10/09/2015	07/31/2030	{"Extended Price (USD)":"NA"}	ATTRIBUTE_CHANGED	499.00	$0.00	0.00%	2026-09-09: $499.00 → 2026-09-13: $499.00
Storage Controllers	Energy Star	HPE OCA > DL580 Gen12 [P75399-B21] > Storage Controllers > Energy Star	Storage Controller	max 1	0	1	Selection constraint for Energy Star: max 1	R7J59AAE	Service	Intel Virtual RAID on CPU Premium E-RTU for HPE	0	371.00		NA		No	Available		Not published by OCA	Active	04/06/2021	02/29/2028	{"Extended Price (USD)":"NA"}	ATTRIBUTE_CHANGED	371.00	$0.00	0.00%	2026-09-09: $371.00 → 2026-09-13: $371.00
Storage Controllers	Energy Star	HPE OCA > DL580 Gen12 [P75399-B21] > Storage Controllers > Energy Star	Storage Controller	max 1	0	1	Selection constraint for Energy Star: max 1	S3Q39AAE	Service	Intel Virtual RAID on CPU RAID 1 E-RTU for HPE	0	229.00		NA		No	Available		Not published by OCA	Active	04/01/2024	02/29/2028	{"Extended Price (USD)":"NA"}	ATTRIBUTE_CHANGED	229.00	$0.00	0.00%	2026-09-09: $229.00 → 2026-09-13: $229.00
Software & Licenses	Red Hat Enterprise Linux Server-Virtualization	HPE OCA > DL580 Gen12 [P75399-B21] > Software & Licenses > Red Hat Enterprise Linux Server-Virtualization	Service & Support	Unlimited	0	Unlimited	Selection constraint for Red Hat Enterprise Linux Server-Virtualization: no max	Q0D22AAE	Service	Red Hat Enterprise Linux Server 2 Sockets 4 Guests 5yr Subscription 24x7 Support E-LTU	0	10183.00		NA		No	Available		Not published by OCA	Active	08/15/2016	09/30/2028	{"Extended Price (USD)":"NA"}	ATTRIBUTE_CHANGED	10183.00	$0.00	0.00%	2026-09-09: $10183.00 → 2026-09-13: $10183.00
Software & Licenses	Red Hat Enterprise Linux Server-Virtualization	HPE OCA > DL580 Gen12 [P75399-B21] > Software & Licenses > Red Hat Enterprise Linux Server-Virtualization	Service & Support	Unlimited	0	Unlimited	Selection constraint for Red Hat Enterprise Linux Server-Virtualization: no max	Q0D23AAE	Service	Red Hat Enterprise Linux Server 2 Sockets 4 Guests 5yr Subscription 9x5 Support E-LTU	0	6264.00		NA		No	Available		Not published by OCA	Active	08/15/2016	09/30/2028	{"Extended Price (USD)":"NA"}	ATTRIBUTE_CHANGED	6264.00	$0.00	0.00%	2026-09-09: $6264.00 → 2026-09-13: $6264.00
Software & Licenses	Red Hat Enterprise Linux Server-Virtualization	HPE OCA > DL580 Gen12 [P75399-B21] > Software & Licenses > Red Hat Enterprise Linux Server-Virtualization	Operating System / License	Unlimited	0	Unlimited	Selection constraint for Red Hat Enterprise Linux Server-Virtualization: no max	Q0D25AAE	Service	Red Hat High Availability 2 Sockets or 2 Guests 5yr Subscription E-LTU	0	2085.00		NA		No	Available		Not published by OCA	Active	08/15/2016	11/30/2027	{"Extended Price (USD)":"NA"}	ATTRIBUTE_CHANGED	2085.00	$0.00	0.00%	2026-09-09: $2085.00 → 2026-09-13: $2085.00
Software & Licenses	Red Hat Enterprise Linux Server-Virtualization	HPE OCA > DL580 Gen12 [P75399-B21] > Software & Licenses > Red Hat Enterprise Linux Server-Virtualization	Operating System / License	Unlimited	0	Unlimited	Selection constraint for Red Hat Enterprise Linux Server-Virtualization: no max	Q0D26AAE	Service	Red Hat High Availability 2 Sockets Unlimited Guests 5yr Subscription E-LTU	0	7532.00		NA		No	Available		Not published by OCA	Active	08/15/2016	11/30/2027	{"Extended Price (USD)":"NA"}	ATTRIBUTE_CHANGED	7532.00	$0.00	0.00%	2026-09-09: $7532.00 → 2026-09-13: $7532.00
Software & Licenses	Red Hat Enterprise Linux Server-Virtualization	HPE OCA > DL580 Gen12 [P75399-B21] > Software & Licenses > Red Hat Enterprise Linux Server-Virtualization	Operating System / License	Unlimited	0	Unlimited	Selection constraint for Red Hat Enterprise Linux Server-Virtualization: no max	Q0D29AAE	Service	Red Hat Resilient Storage 2 Sockets or 2 Guests 5yr Subscription E-LTU	0	4395.00		NA		No	Available		Not published by OCA	Active	08/15/2016	11/30/2027	{"Extended Price (USD)":"NA"}	ATTRIBUTE_CHANGED	4395.00	$0.00	0.00%	2026-09-09: $4395.00 → 2026-09-13: $4395.00
Software & Licenses	Red Hat Enterprise Linux Server-Virtualization	HPE OCA > DL580 Gen12 [P75399-B21] > Software & Licenses > Red Hat Enterprise Linux Server-Virtualization	Operating System / License	Unlimited	0	Unlimited	Selection constraint for Red Hat Enterprise Linux Server-Virtualization: no max	Q0D30AAE	Service	Red Hat Resilient Storage 2 Sockets Unlimited Guests 5yr Subscription E-LTU	0	15095.00		NA		No	Available		Not published by OCA	Active	08/15/2016	11/30/2027	{"Extended Price (USD)":"NA"}	ATTRIBUTE_CHANGED	15095.00	$0.00	0.00%	2026-09-09: $15095.00 → 2026-09-13: $15095.00
Software & Licenses	Red Hat Enterprise Linux Server-Virtualization	HPE OCA > DL580 Gen12 [P75399-B21] > Software & Licenses > Red Hat Enterprise Linux Server-Virtualization	Operating System / License	Unlimited	0	Unlimited	Selection constraint for Red Hat Enterprise Linux Server-Virtualization: no max	Q1X74AAE	Service	SUSE Linux Enterprise Server Live Patching x86-64 1-2Sockets Inherited Virtualization 1yr 24x7 E-LTU	0	752.00		NA		No	Obsolete (OB)		Not published by OCA	Obsolete (OB)	05/08/2017	10/31/2025	{"Extended Price (USD)":"NA"}	ATTRIBUTE_CHANGED	752.00	$0.00	0.00%	2026-09-09: $752.00 → 2026-09-13: $752.00
Software & Licenses	Red Hat Enterprise Linux Server-Virtualization	HPE OCA > DL580 Gen12 [P75399-B21] > Software & Licenses > Red Hat Enterprise Linux Server-Virtualization	Operating System / License	Unlimited	0	Unlimited	Selection constraint for Red Hat Enterprise Linux Server-Virtualization: no max	Q1X75AAE	Service	SUSE Linux Enterprise Server Live Patching x86-64 1-2Sockets Inherited Virtualization 3yr 24x7 E-LTU	0	2040.00		NA		No	Obsolete (OB)		Not published by OCA	Obsolete (OB)	05/08/2017	10/31/2025	{"Extended Price (USD)":"NA"}	ATTRIBUTE_CHANGED	2040.00	$0.00	0.00%	2026-09-09: $2040.00 → 2026-09-13: $2040.00
Software & Licenses	Red Hat Enterprise Linux Server-Virtualization	HPE OCA > DL580 Gen12 [P75399-B21] > Software & Licenses > Red Hat Enterprise Linux Server-Virtualization	Service & Support	Unlimited	0	Unlimited	Selection constraint for Red Hat Enterprise Linux Server-Virtualization: no max	Q5W19AAE	Service	Red Hat Enterprise Linux for SAP (Physical/Virtual Nodes) 3yr Subscription 9x5 Support E-LTU	0	2505.00		NA		No	Available		Not published by OCA	Active	06/05/2017	09/30/2028	{"Extended Price (USD)":"NA"}	ATTRIBUTE_CHANGED	2505.00	$0.00	0.00%	2026-09-09: $2505.00 → 2026-09-13: $2505.00
Software & Licenses	Red Hat Enterprise Linux Server-Virtualization	HPE OCA > DL580 Gen12 [P75399-B21] > Software & Licenses > Red Hat Enterprise Linux Server-Virtualization	Service & Support	Unlimited	0	Unlimited	Selection constraint for Red Hat Enterprise Linux Server-Virtualization: no max	Q5W20AAE	Service	Red Hat Enterprise Linux for SAP (Physical/Virtual Nodes) 3yr Subscription 24x7 Support E-LTU	0	4072.00		NA		No	Available		Not published by OCA	Active	06/05/2017	09/30/2028	{"Extended Price (USD)":"NA"}	ATTRIBUTE_CHANGED	4072.00	$0.00	0.00%	2026-09-09: $4072.00 → 2026-09-13: $4072.00
Software & Licenses	Red Hat Enterprise Linux Server-Virtualization	HPE OCA > DL580 Gen12 [P75399-B21] > Software & Licenses > Red Hat Enterprise Linux Server-Virtualization	Service & Support	Unlimited	0	Unlimited	Selection constraint for Red Hat Enterprise Linux Server-Virtualization: no max	Q5W21AAE	Service	Red Hat Enterprise Linux for SAP (Physical/Virtual Nodes) 5yr Subscription 9x5 Support E-LTU	0	4175.00		NA		No	Available		Not published by OCA	Active	06/05/2017	09/30/2028	{"Extended Price (USD)":"NA"}	ATTRIBUTE_CHANGED	4175.00	$0.00	0.00%	2026-09-09: $4175.00 → 2026-09-13: $4175.00
Software & Licenses	Red Hat Enterprise Linux Server-Virtualization	HPE OCA > DL580 Gen12 [P75399-B21] > Software & Licenses > Red Hat Enterprise Linux Server-Virtualization	Service & Support	Unlimited	0	Unlimited	Selection constraint for Red Hat Enterprise Linux Server-Virtualization: no max	Q5W22AAE	Service	Red Hat Enterprise Linux for SAP (Physical/Virtual Nodes) 5yr Subscription 24x7 Support E-LTU	0	6787.00		NA		No	Available		Not published by OCA	Active	06/05/2017	09/30/2028	{"Extended Price (USD)":"NA"}	ATTRIBUTE_CHANGED	6787.00	$0.00	0.00%	2026-09-09: $6787.00 → 2026-09-13: $6787.00
Software & Licenses	Red Hat Enterprise Linux Server-Virtualization	HPE OCA > DL580 Gen12 [P75399-B21] > Software & Licenses > Red Hat Enterprise Linux Server-Virtualization	Service & Support	Unlimited	0	Unlimited	Selection constraint for Red Hat Enterprise Linux Server-Virtualization: no max	Q5W23AAE	Service	Red Hat Enterprise Linux for SAP for Virtual Datacenters 3yr Subscription 9x5 Support E-LTU	0	9072.00		NA		No	Available		Not published by OCA	Active	06/05/2017	09/30/2028	{"Extended Price (USD)":"NA"}	ATTRIBUTE_CHANGED	9072.00	$0.00	0.00%	2026-09-09: $9072.00 → 2026-09-13: $9072.00
Software & Licenses	Red Hat Enterprise Linux Server-Virtualization	HPE OCA > DL580 Gen12 [P75399-B21] > Software & Licenses > Red Hat Enterprise Linux Server-Virtualization	Service & Support	Unlimited	0	Unlimited	Selection constraint for Red Hat Enterprise Linux Server-Virtualization: no max	Q5W24AAE	Service	Red Hat Enterprise Linux for SAP for Virtual Datacenters 3yr Subscription 24x7 Support E-LTU	0	14516.00		NA		No	Available		Not published by OCA	Active	06/05/2017	09/30/2028	{"Extended Price (USD)":"NA"}	ATTRIBUTE_CHANGED	14516.00	$0.00	0.00%	2026-09-09: $14516.00 → 2026-09-13: $14516.00
Software & Licenses	Red Hat Enterprise Linux Server-Virtualization	HPE OCA > DL580 Gen12 [P75399-B21] > Software & Licenses > Red Hat Enterprise Linux Server-Virtualization	Service & Support	Unlimited	0	Unlimited	Selection constraint for Red Hat Enterprise Linux Server-Virtualization: no max	Q5W25AAE	Service	Red Hat Enterprise Linux for SAP for Virtual Datacenters 5yr Subscription 9x5 Support E-LTU	0	15119.00		NA		No	Available		Not published by OCA	Active	06/05/2017	09/30/2028	{"Extended Price (USD)":"NA"}	ATTRIBUTE_CHANGED	15119.00	$0.00	0.00%	2026-09-09: $15119.00 → 2026-09-13: $15119.00
Software & Licenses	Red Hat Enterprise Linux Server-Virtualization	HPE OCA > DL580 Gen12 [P75399-B21] > Software & Licenses > Red Hat Enterprise Linux Server-Virtualization	Service & Support	Unlimited	0	Unlimited	Selection constraint for Red Hat Enterprise Linux Server-Virtualization: no max	Q5W26AAE	Service	Red Hat Enterprise Linux for SAP for Virtual Datacenters 5yr Subscription 24x7 Support E-LTU	0	24194.00		NA		No	Available		Not published by OCA	Active	06/05/2017	09/30/2028	{"Extended Price (USD)":"NA"}	ATTRIBUTE_CHANGED	24194.00	$0.00	0.00%	2026-09-09: $24194.00 → 2026-09-13: $24194.00
Software & Licenses	Red Hat Enterprise Linux Server-Virtualization	HPE OCA > DL580 Gen12 [P75399-B21] > Software & Licenses > Red Hat Enterprise Linux Server-Virtualization	Service & Support	Unlimited	0	Unlimited	Selection constraint for Red Hat Enterprise Linux Server-Virtualization: no max	Q8U15AAE	Service	Red Hat Enterprise Linux for SAP Solutions for Virtual DC 3yr Subscription 24x7 Support E-LTU	0	24680.00		NA		No	Available		Not published by OCA	Active	12/04/2017	11/30/2027	{"Extended Price (USD)":"NA"}	ATTRIBUTE_CHANGED	24680.00	$0.00	0.00%	2026-09-09: $24680.00 → 2026-09-13: $24680.00
Software & Licenses	Red Hat Enterprise Linux Server-Virtualization	HPE OCA > DL580 Gen12 [P75399-B21] > Software & Licenses > Red Hat Enterprise Linux Server-Virtualization	Service & Support	Unlimited	0	Unlimited	Selection constraint for Red Hat Enterprise Linux Server-Virtualization: no max	Q8U16AAE	Service	Red Hat Enterprise Linux for SAP Solutions for Virtual DC 5yr Subscription 24x7 Support E-LTU	0	41134.00		NA		No	Available		Not published by OCA	Active	12/04/2017	11/30/2027	{"Extended Price (USD)":"NA"}	ATTRIBUTE_CHANGED	41134.00	$0.00	0.00%	2026-09-09: $41134.00 → 2026-09-13: $41134.00
Software & Licenses	Red Hat Enterprise Linux Server-Virtualization	HPE OCA > DL580 Gen12 [P75399-B21] > Software & Licenses > Red Hat Enterprise Linux Server-Virtualization	Service & Support	Unlimited	0	Unlimited	Selection constraint for Red Hat Enterprise Linux Server-Virtualization: no max	Q8U17AAE	Service	Red Hat Enterprise Linux for SAP Solutions for Virtual DC 3yr Subscription 9x5 Support E-LTU	0	20325.00		NA		No	Available		Not published by OCA	Active	12/04/2017	11/30/2027	{"Extended Price (USD)":"NA"}	ATTRIBUTE_CHANGED	20325.00	$0.00	0.00%	2026-09-09: $20325.00 → 2026-09-13: $20325.00
Software & Licenses	Red Hat Enterprise Linux Server-Virtualization	HPE OCA > DL580 Gen12 [P75399-B21] > Software & Licenses > Red Hat Enterprise Linux Server-Virtualization	Service & Support	Unlimited	0	Unlimited	Selection constraint for Red Hat Enterprise Linux Server-Virtualization: no max	Q8U18AAE	Service	Red Hat Enterprise Linux for SAP Solutions for Virtual DC 5yr Subscription 9x5 Support E-LTU	0	33874.00		NA		No	Available		Not published by OCA	Active	12/04/2017	11/30/2027	{"Extended Price (USD)":"NA"}	ATTRIBUTE_CHANGED	33874.00	$0.00	0.00%	2026-09-09: $33874.00 → 2026-09-13: $33874.00
Software & Licenses	Red Hat Enterprise Linux Server-Virtualization	HPE OCA > DL580 Gen12 [P75399-B21] > Software & Licenses > Red Hat Enterprise Linux Server-Virtualization	Service & Support	Unlimited	0	Unlimited	Selection constraint for Red Hat Enterprise Linux Server-Virtualization: no max	Q8U19AAE	Service	Red Hat Enterprise Linux for SAP Solutions for Physical Nodes 3yr Subscription 24x7 Support E-LTU	0	6737.00		NA		No	Available		Not published by OCA	Active	12/04/2017	11/30/2027	{"Extended Price (USD)":"NA"}	ATTRIBUTE_CHANGED	6737.00	$0.00	0.00%	2026-09-09: $6737.00 → 2026-09-13: $6737.00
Software & Licenses	Red Hat Enterprise Linux Server-Virtualization	HPE OCA > DL580 Gen12 [P75399-B21] > Software & Licenses > Red Hat Enterprise Linux Server-Virtualization	Service & Support	Unlimited	0	Unlimited	Selection constraint for Red Hat Enterprise Linux Server-Virtualization: no max	Q8U20AAE	Service	Red Hat Enterprise Linux for SAP Solutions for Physical Nodes 5yr Subscription 24x7 Support E-LTU	0	11229.00		NA		No	Available		Not published by OCA	Active	12/04/2017	11/30/2027	{"Extended Price (USD)":"NA"}	ATTRIBUTE_CHANGED	11229.00	$0.00	0.00%	2026-09-09: $11229.00 → 2026-09-13: $11229.00
Software & Licenses	Red Hat Enterprise Linux Server-Virtualization	HPE OCA > DL580 Gen12 [P75399-B21] > Software & Licenses > Red Hat Enterprise Linux Server-Virtualization	Service & Support	Unlimited	0	Unlimited	Selection constraint for Red Hat Enterprise Linux Server-Virtualization: no max	Q8U21AAE	Service	Red Hat Enterprise Linux for SAP Solutions for Physical Nodes 3yr Subscription 9x5 Support E-LTU	0	5483.00		NA		No	Available		Not published by OCA	Active	12/04/2017	11/30/2027	{"Extended Price (USD)":"NA"}	ATTRIBUTE_CHANGED	5483.00	$0.00	0.00%	2026-09-09: $5483.00 → 2026-09-13: $5483.00
Software & Licenses	Red Hat Enterprise Linux Server-Virtualization	HPE OCA > DL580 Gen12 [P75399-B21] > Software & Licenses > Red Hat Enterprise Linux Server-Virtualization	Service & Support	Unlimited	0	Unlimited	Selection constraint for Red Hat Enterprise Linux Server-Virtualization: no max	Q8U22AAE	Service	Red Hat Enterprise Linux for SAP Solutions for Physical Nodes 5yr Subscription 9x5 Support E-LTU	0	9139.00		NA		No	Available		Not published by OCA	Active	12/04/2017	11/30/2027	{"Extended Price (USD)":"NA"}	ATTRIBUTE_CHANGED	9139.00	$0.00	0.00%	2026-09-09: $9139.00 → 2026-09-13: $9139.00
Software & Licenses	Red Hat Enterprise Linux Server-Virtualization	HPE OCA > DL580 Gen12 [P75399-B21] > Software & Licenses > Red Hat Enterprise Linux Server-Virtualization	Operating System / License	Unlimited	0	Unlimited	Selection constraint for Red Hat Enterprise Linux Server-Virtualization: no max	R8V72AAE	Service	SUSE Linux Enterprise Server for SAP 1-2 Sockets Unlimited VM w/Live Patching 3-year 24x7 E-LTU	0	18873.00		NA		No	Obsolete (OB)		Not published by OCA	Obsolete (OB)	10/04/2021	03/02/2026	{"Extended Price (USD)":"NA"}	ATTRIBUTE_CHANGED	18873.00	$0.00	0.00%	2026-09-09: $18873.00 → 2026-09-13: $18873.00
Software & Licenses	Red Hat Enterprise Linux Server-Virtualization	HPE OCA > DL580 Gen12 [P75399-B21] > Software & Licenses > Red Hat Enterprise Linux Server-Virtualization	Operating System / License	Unlimited	0	Unlimited	Selection constraint for Red Hat Enterprise Linux Server-Virtualization: no max	R8V73AAE	Service	SUSE Linux Enterprise Server for SAP 1-2 Sockets Unlimited VM w/Live Patching 5-year 24x7 E-LTU	0	31455.00		NA		No	Obsolete (OB)		Not published by OCA	Obsolete (OB)	10/04/2021	03/02/2026	{"Extended Price (USD)":"NA"}	ATTRIBUTE_CHANGED	31455.00	$0.00	0.00%	2026-09-09: $31455.00 → 2026-09-13: $31455.00
Software & Licenses	Red Hat Enterprise Linux Server-Virtualization	HPE OCA > DL580 Gen12 [P75399-B21] > Software & Licenses > Red Hat Enterprise Linux Server-Virtualization	Operating System / License	Unlimited	0	Unlimited	Selection constraint for Red Hat Enterprise Linux Server-Virtualization: no max	R8V74AAE	Service	SUSE Linux Enterprise Server 1-2 Sockets Unlimited VM w/Live Patching 1-year 9x5 E-LTU	0	2260.00		NA		No	Available		Not published by OCA	Active	10/04/2021	01/04/2027	{"Extended Price (USD)":"NA"}	ATTRIBUTE_CHANGED	2260.00	$0.00	0.00%	2026-09-09: $2260.00 → 2026-09-13: $2260.00
Software & Licenses	Red Hat Enterprise Linux Server-Virtualization	HPE OCA > DL580 Gen12 [P75399-B21] > Software & Licenses > Red Hat Enterprise Linux Server-Virtualization	Operating System / License	Unlimited	0	Unlimited	Selection constraint for Red Hat Enterprise Linux Server-Virtualization: no max	R8V75AAE	Service	SUSE Linux Enterprise Server 1-2 Sockets Unlimited VM w/Live Patching 3-year 9x5 E-LTU	0	6110.00		NA		No	Available		Not published by OCA	Active	10/04/2021	01/04/2027	{"Extended Price (USD)":"NA"}	ATTRIBUTE_CHANGED	6110.00	$0.00	0.00%	2026-09-09: $6110.00 → 2026-09-13: $6110.00
Software & Licenses	Red Hat Enterprise Linux Server-Virtualization	HPE OCA > DL580 Gen12 [P75399-B21] > Software & Licenses > Red Hat Enterprise Linux Server-Virtualization	Operating System / License	Unlimited	0	Unlimited	Selection constraint for Red Hat Enterprise Linux Server-Virtualization: no max	R8V76AAE	Service	SUSE Linux Enterprise Server 1-2 Sockets Unlimited VM w/Live Patching 1-year 24x7 E-LTU	0	3980.00		NA		No	Available		Not published by OCA	Active	10/04/2021	01/04/2027	{"Extended Price (USD)":"NA"}	ATTRIBUTE_CHANGED	3980.00	$0.00	0.00%	2026-09-09: $3980.00 → 2026-09-13: $3980.00
Software & Licenses	Red Hat Enterprise Linux Server-Virtualization	HPE OCA > DL580 Gen12 [P75399-B21] > Software & Licenses > Red Hat Enterprise Linux Server-Virtualization	Operating System / License	Unlimited	0	Unlimited	Selection constraint for Red Hat Enterprise Linux Server-Virtualization: no max	R8V77AAE	Service	SUSE Linux Enterprise Server 1-2 Sockets Unlimited VM w/Live Patching 3-year 24x7 E-LTU	0	10800.00		NA		No	Available		Not published by OCA	Active	10/04/2021	01/04/2027	{"Extended Price (USD)":"NA"}	ATTRIBUTE_CHANGED	10800.00	$0.00	0.00%	2026-09-09: $10800.00 → 2026-09-13: $10800.00
Software & Licenses	Red Hat Enterprise Linux Server-Virtualization	HPE OCA > DL580 Gen12 [P75399-B21] > Software & Licenses > Red Hat Enterprise Linux Server-Virtualization	Operating System / License	Unlimited	0	Unlimited	Selection constraint for Red Hat Enterprise Linux Server-Virtualization: no max	R8V78AAE	Service	SUSE Linux Enterprise Server 1-2 Sockets Unlimited VM w/Live Patching 5-year 24x7 E-LTU	0	18000.00		NA		No	Available		Not published by OCA	Active	10/04/2021	01/04/2027	{"Extended Price (USD)":"NA"}	ATTRIBUTE_CHANGED	18000.00	$0.00	0.00%	2026-09-09: $18000.00 → 2026-09-13: $18000.00
Software & Licenses	Red Hat Enterprise Linux Server-Virtualization	HPE OCA > DL580 Gen12 [P75399-B21] > Software & Licenses > Red Hat Enterprise Linux Server-Virtualization	Operating System / License	Unlimited	0	Unlimited	Selection constraint for Red Hat Enterprise Linux Server-Virtualization: no max	R8V86AAE	Service	SUSE Manager Lifecycle Management 1-2 Sockets or 1-2 VM 1-year 24x7 E-LTU	0	268.00		NA		No	Available		Not published by OCA	Active	10/04/2021	01/04/2027	{"Extended Price (USD)":"NA"}	ATTRIBUTE_CHANGED	268.00	$0.00	0.00%	2026-09-09: $268.00 → 2026-09-13: $268.00
Software & Licenses	Red Hat Enterprise Linux Server-Virtualization	HPE OCA > DL580 Gen12 [P75399-B21] > Software & Licenses > Red Hat Enterprise Linux Server-Virtualization	Operating System / License	Unlimited	0	Unlimited	Selection constraint for Red Hat Enterprise Linux Server-Virtualization: no max	R8V87AAE	Service	SUSE Manager Lifecycle Management 1-2 Sockets Unlimited VM 1-year 24x7 E-LTU	0	806.00		NA		No	Available		Not published by OCA	Active	10/04/2021	01/04/2027	{"Extended Price (USD)":"NA"}	ATTRIBUTE_CHANGED	806.00	$0.00	0.00%	2026-09-09: $806.00 → 2026-09-13: $806.00
Software & Licenses	Red Hat Enterprise Linux Server-Virtualization	HPE OCA > DL580 Gen12 [P75399-B21] > Software & Licenses > Red Hat Enterprise Linux Server-Virtualization	Operating System / License	Unlimited	0	Unlimited	Selection constraint for Red Hat Enterprise Linux Server-Virtualization: no max	R8V88AAE	Service	SUSE Manager Lifecycle Management 1-2 Sockets or 1-2 VM 3-year 24x7 E-LTU	0	724.00		NA		No	Available		Not published by OCA	Active	10/04/2021	01/04/2027	{"Extended Price (USD)":"NA"}	ATTRIBUTE_CHANGED	724.00	$0.00	0.00%	2026-09-09: $724.00 → 2026-09-13: $724.00
Software & Licenses	Red Hat Enterprise Linux Server-Virtualization	HPE OCA > DL580 Gen12 [P75399-B21] > Software & Licenses > Red Hat Enterprise Linux Server-Virtualization	Operating System / License	Unlimited	0	Unlimited	Selection constraint for Red Hat Enterprise Linux Server-Virtualization: no max	R8V89AAE	Service	SUSE Manager Lifecycle Management 1-2 Sockets Unlimited VM 3-year 24x7 E-LTU	0	2180.00		NA		No	Available		Not published by OCA	Active	10/04/2021	01/04/2027	{"Extended Price (USD)":"NA"}	ATTRIBUTE_CHANGED	2180.00	$0.00	0.00%	2026-09-09: $2180.00 → 2026-09-13: $2180.00
Software & Licenses	Red Hat Enterprise Linux Server-Virtualization	HPE OCA > DL580 Gen12 [P75399-B21] > Software & Licenses > Red Hat Enterprise Linux Server-Virtualization	Operating System / License	Unlimited	0	Unlimited	Selection constraint for Red Hat Enterprise Linux Server-Virtualization: no max	S0F21AAE	Service	SUSE Manager Lifecycle Management 1-2 Sockets or 1-2 VM 5-year 24x7 E-LTU	0	1210.00		NA		No	Available		Not published by OCA	Active	10/03/2022	09/30/2027	{"Extended Price (USD)":"NA"}	ATTRIBUTE_CHANGED	1210.00	$0.00	0.00%	2026-09-09: $1210.00 → 2026-09-13: $1210.00
Software & Licenses	Red Hat Enterprise Linux Server-Virtualization	HPE OCA > DL580 Gen12 [P75399-B21] > Software & Licenses > Red Hat Enterprise Linux Server-Virtualization	Operating System / License	Unlimited	0	Unlimited	Selection constraint for Red Hat Enterprise Linux Server-Virtualization: no max	S0F22AAE	Service	SUSE Manager Lifecycle Management 1-2 Sockets Unlimited VM 5-year 24x7 E-LTU	0	3630.00		NA		No	Available		Not published by OCA	Active	10/03/2022	09/30/2027	{"Extended Price (USD)":"NA"}	ATTRIBUTE_CHANGED	3630.00	$0.00	0.00%	2026-09-09: $3630.00 → 2026-09-13: $3630.00
Software & Licenses	Red Hat Enterprise Linux Server-Virtualization	HPE OCA > DL580 Gen12 [P75399-B21] > Software & Licenses > Red Hat Enterprise Linux Server-Virtualization	Operating System / License	Unlimited	0	Unlimited	Selection constraint for Red Hat Enterprise Linux Server-Virtualization: no max	S0F24AAE	Service	SUSE Linux Enterprise Server 1-2 Sockets Unlimited VM w/Live Patching 5-year 9x5 E-LTU	0	10200.00		NA		No	Available		Not published by OCA	Active	10/03/2022	09/30/2027	{"Extended Price (USD)":"NA"}	ATTRIBUTE_CHANGED	10200.00	$0.00	0.00%	2026-09-09: $10200.00 → 2026-09-13: $10200.00
Software & Licenses	Red Hat Enterprise Linux Server-Virtualization	HPE OCA > DL580 Gen12 [P75399-B21] > Software & Licenses > Red Hat Enterprise Linux Server-Virtualization	Operating System / License	Unlimited	0	Unlimited	Selection constraint for Red Hat Enterprise Linux Server-Virtualization: no max	S0F25AAE	Service	SUSE Manager Lifecycle Management 1-2 Sockets or 1-2 VM 1-year 24x7 E-LTU	0	268.00		NA		No	Available		Not published by OCA	Active	10/03/2022	09/30/2027	{"Extended Price (USD)":"NA"}	ATTRIBUTE_CHANGED	268.00	$0.00	0.00%	2026-09-09: $268.00 → 2026-09-13: $268.00
Software & Licenses	Red Hat Enterprise Linux Server-Virtualization	HPE OCA > DL580 Gen12 [P75399-B21] > Software & Licenses > Red Hat Enterprise Linux Server-Virtualization	Operating System / License	Unlimited	0	Unlimited	Selection constraint for Red Hat Enterprise Linux Server-Virtualization: no max	S0F26AAE	Service	SUSE Manager Lifecycle Management 1-2 Sockets Unlimited VM 1-year 24x7 E-LTU	0	806.00		NA		No	Available		Not published by OCA	Active	10/03/2022	09/30/2027	{"Extended Price (USD)":"NA"}	ATTRIBUTE_CHANGED	806.00	$0.00	0.00%	2026-09-09: $806.00 → 2026-09-13: $806.00
Software & Licenses	Red Hat Enterprise Linux Server-Virtualization	HPE OCA > DL580 Gen12 [P75399-B21] > Software & Licenses > Red Hat Enterprise Linux Server-Virtualization	Operating System / License	Unlimited	0	Unlimited	Selection constraint for Red Hat Enterprise Linux Server-Virtualization: no max	S0F27AAE	Service	SUSE Manager Lifecycle Management 1-2 Sockets or 1-2 VM 3-year 24x7 E-LTU	0	724.00		NA		No	Available		Not published by OCA	Active	10/03/2022	09/30/2027	{"Extended Price (USD)":"NA"}	ATTRIBUTE_CHANGED	724.00	$0.00	0.00%	2026-09-09: $724.00 → 2026-09-13: $724.00
Software & Licenses	Red Hat Enterprise Linux Server-Virtualization	HPE OCA > DL580 Gen12 [P75399-B21] > Software & Licenses > Red Hat Enterprise Linux Server-Virtualization	Operating System / License	Unlimited	0	Unlimited	Selection constraint for Red Hat Enterprise Linux Server-Virtualization: no max	S0F28AAE	Service	SUSE Manager Lifecycle Management 1-2 Sockets Unlimited VM 3-year 24x7 E-LTU	0	2180.00		NA		No	Available		Not published by OCA	Active	10/03/2022	09/30/2027	{"Extended Price (USD)":"NA"}	ATTRIBUTE_CHANGED	2180.00	$0.00	0.00%	2026-09-09: $2180.00 → 2026-09-13: $2180.00
Software & Licenses	Red Hat Enterprise Linux Server-Virtualization	HPE OCA > DL580 Gen12 [P75399-B21] > Software & Licenses > Red Hat Enterprise Linux Server-Virtualization	Operating System / License	Unlimited	0	Unlimited	Selection constraint for Red Hat Enterprise Linux Server-Virtualization: no max	S0F29AAE	Service	SUSE Manager Lifecycle Management 1-2 Sockets or 1-2 VM 5-year 24x7 E-LTU	0	1210.00		NA		No	Available		Not published by OCA	Active	10/03/2022	09/30/2027	{"Extended Price (USD)":"NA"}	ATTRIBUTE_CHANGED	1210.00	$0.00	0.00%	2026-09-09: $1210.00 → 2026-09-13: $1210.00
Software & Licenses	Red Hat Enterprise Linux Server-Virtualization	HPE OCA > DL580 Gen12 [P75399-B21] > Software & Licenses > Red Hat Enterprise Linux Server-Virtualization	Operating System / License	Unlimited	0	Unlimited	Selection constraint for Red Hat Enterprise Linux Server-Virtualization: no max	S0F30AAE	Service	SUSE Manager Lifecycle Management 1-2 Sockets Unlimited VM 5-year 24x7 E-LTU	0	3630.00		NA		No	Available		Not published by OCA	Active	10/03/2022	09/30/2027	{"Extended Price (USD)":"NA"}	ATTRIBUTE_CHANGED	3630.00	$0.00	0.00%	2026-09-09: $3630.00 → 2026-09-13: $3630.00
Software & Licenses	Red Hat Enterprise Linux Server-Virtualization	HPE OCA > DL580 Gen12 [P75399-B21] > Software & Licenses > Red Hat Enterprise Linux Server-Virtualization	Service & Support	Unlimited	0	Unlimited	Selection constraint for Red Hat Enterprise Linux Server-Virtualization: no max	S3B60AAE	Service	SUSE Storage per Node Add-on 5-15 Nodes 1-year Subscription 24x7 Support E-LTU	0	1980.00		NA		No	Obsolete (OB)		Not published by OCA	Obsolete (OB)	03/04/2024	12/31/2024	{"Extended Price (USD)":"NA"}	ATTRIBUTE_CHANGED	1980.00	$0.00	0.00%	2026-09-09: $1980.00 → 2026-09-13: $1980.00
Software & Licenses	Red Hat Enterprise Linux Server-Virtualization	HPE OCA > DL580 Gen12 [P75399-B21] > Software & Licenses > Red Hat Enterprise Linux Server-Virtualization	Service & Support	Unlimited	0	Unlimited	Selection constraint for Red Hat Enterprise Linux Server-Virtualization: no max	S3B61AAE	Service	SUSE Storage per Node Add-on 16-50 Nodes 1-year Subscription 24x7 Support E-LTU	0	1860.00		NA		No	Obsolete (OB)		Not published by OCA	Obsolete (OB)	03/04/2024	12/31/2024	{"Extended Price (USD)":"NA"}	ATTRIBUTE_CHANGED	1860.00	$0.00	0.00%	2026-09-09: $1860.00 → 2026-09-13: $1860.00
Software & Licenses	Red Hat Enterprise Linux Server-Virtualization	HPE OCA > DL580 Gen12 [P75399-B21] > Software & Licenses > Red Hat Enterprise Linux Server-Virtualization	Service & Support	Unlimited	0	Unlimited	Selection constraint for Red Hat Enterprise Linux Server-Virtualization: no max	S3B62AAE	Service	SUSE Storage per Node Add-on 5-15 Nodes 3-year Subscription 24x7 Support E-LTU	0	5346.00		NA		No	Obsolete (OB)		Not published by OCA	Obsolete (OB)	03/04/2024	12/31/2024	{"Extended Price (USD)":"NA"}	ATTRIBUTE_CHANGED	5346.00	$0.00	0.00%	2026-09-09: $5346.00 → 2026-09-13: $5346.00
Software & Licenses	Red Hat Enterprise Linux Server-Virtualization	HPE OCA > DL580 Gen12 [P75399-B21] > Software & Licenses > Red Hat Enterprise Linux Server-Virtualization	Service & Support	Unlimited	0	Unlimited	Selection constraint for Red Hat Enterprise Linux Server-Virtualization: no max	S3B63AAE	Service	SUSE Storage per Node Add-on 16-50 Nodes 3-year Subscription 24x7 Support E-LTU	0	5022.00		NA		No	Obsolete (OB)		Not published by OCA	Obsolete (OB)	03/04/2024	12/31/2024	{"Extended Price (USD)":"NA"}	ATTRIBUTE_CHANGED	5022.00	$0.00	0.00%	2026-09-09: $5022.00 → 2026-09-13: $5022.00
Software & Licenses	Red Hat Enterprise Linux Server-Virtualization	HPE OCA > DL580 Gen12 [P75399-B21] > Software & Licenses > Red Hat Enterprise Linux Server-Virtualization	Service & Support	Unlimited	0	Unlimited	Selection constraint for Red Hat Enterprise Linux Server-Virtualization: no max	S3B64AAE	Service	SUSE Storage per Node Add-on 5-15 Nodes 5-year Subscription 24x7 Support E-LTU	0	8910.00		NA		No	Obsolete (OB)		Not published by OCA	Obsolete (OB)	03/04/2024	12/31/2024	{"Extended Price (USD)":"NA"}	ATTRIBUTE_CHANGED	8910.00	$0.00	0.00%	2026-09-09: $8910.00 → 2026-09-13: $8910.00
Software & Licenses	Red Hat Enterprise Linux Server-Virtualization	HPE OCA > DL580 Gen12 [P75399-B21] > Software & Licenses > Red Hat Enterprise Linux Server-Virtualization	Service & Support	Unlimited	0	Unlimited	Selection constraint for Red Hat Enterprise Linux Server-Virtualization: no max	S3B65AAE	Service	SUSE Storage per Node Add-on 16-50 Nodes 5-year Subscription 24x7 Support E-LTU	0	8370.00		NA		No	Obsolete (OB)		Not published by OCA	Obsolete (OB)	03/04/2024	12/31/2024	{"Extended Price (USD)":"NA"}	ATTRIBUTE_CHANGED	8370.00	$0.00	0.00%	2026-09-09: $8370.00 → 2026-09-13: $8370.00
Software & Licenses	Red Hat Enterprise Linux Server-Virtualization	HPE OCA > DL580 Gen12 [P75399-B21] > Software & Licenses > Red Hat Enterprise Linux Server-Virtualization	Operating System / License	Unlimited	0	Unlimited	Selection constraint for Red Hat Enterprise Linux Server-Virtualization: no max	S3B66AAE	Service	SUSE Rancher Prime with Rancher Prime Management Server per Node 5-15 Nodes 1yr Sub 24x7 Sup E-LTU	0	5400.00		NA		No	Obsolete (OB)		Not published by OCA	Obsolete (OB)	03/04/2024	12/31/2024	{"Extended Price (USD)":"NA"}	ATTRIBUTE_CHANGED	5400.00	$0.00	0.00%	2026-09-09: $5400.00 → 2026-09-13: $5400.00
Software & Licenses	Red Hat Enterprise Linux Server-Virtualization	HPE OCA > DL580 Gen12 [P75399-B21] > Software & Licenses > Red Hat Enterprise Linux Server-Virtualization	Operating System / License	Unlimited	0	Unlimited	Selection constraint for Red Hat Enterprise Linux Server-Virtualization: no max	S3B67AAE	Service	SUSE Rancher Prime w/2x Rancher Prime Management Server per Node 16-50 Nodes 1yr Sub 24x7 Sup E-LTU	0	3851.00		NA		No	Obsolete (OB)		Not published by OCA	Obsolete (OB)	03/04/2024	12/31/2024	{"Extended Price (USD)":"NA"}	ATTRIBUTE_CHANGED	3851.00	$0.00	0.00%	2026-09-09: $3851.00 → 2026-09-13: $3851.00
Software & Licenses	Red Hat Enterprise Linux Server-Virtualization	HPE OCA > DL580 Gen12 [P75399-B21] > Software & Licenses > Red Hat Enterprise Linux Server-Virtualization	Operating System / License	Unlimited	0	Unlimited	Selection constraint for Red Hat Enterprise Linux Server-Virtualization: no max	S3B68AAE	Service	SUSE Rancher Prime with Rancher Prime Management Server per Node 5-15 Nodes 3yr Sub 24x7 Sup E-LTU	0	14580.00		NA		No	Obsolete (OB)		Not published by OCA	Obsolete (OB)	03/04/2024	12/31/2024	{"Extended Price (USD)":"NA"}	ATTRIBUTE_CHANGED	14580.00	$0.00	0.00%	2026-09-09: $14580.00 → 2026-09-13: $14580.00
Software & Licenses	Red Hat Enterprise Linux Server-Virtualization	HPE OCA > DL580 Gen12 [P75399-B21] > Software & Licenses > Red Hat Enterprise Linux Server-Virtualization	Operating System / License	Unlimited	0	Unlimited	Selection constraint for Red Hat Enterprise Linux Server-Virtualization: no max	S3B69AAE	Service	SUSE Rancher Prime w/2x Rancher Prime Management Server per Node 16-50 Nodes 3yr Sub 24x7 Sup E-LTU	0	10395.00		NA		No	Obsolete (OB)		Not published by OCA	Obsolete (OB)	03/04/2024	12/31/2024	{"Extended Price (USD)":"NA"}	ATTRIBUTE_CHANGED	10395.00	$0.00	0.00%	2026-09-09: $10395.00 → 2026-09-13: $10395.00
Software & Licenses	Red Hat Enterprise Linux Server-Virtualization	HPE OCA > DL580 Gen12 [P75399-B21] > Software & Licenses > Red Hat Enterprise Linux Server-Virtualization	Operating System / License	Unlimited	0	Unlimited	Selection constraint for Red Hat Enterprise Linux Server-Virtualization: no max	S3B70AAE	Service	SUSE Rancher Prime with Rancher Prime Management Server per Node 5-15 Nodes 5yr Sub 24x7 Sup E-LTU	0	24300.00		NA		No	Obsolete (OB)		Not published by OCA	Obsolete (OB)	03/04/2024	12/31/2024	{"Extended Price (USD)":"NA"}	ATTRIBUTE_CHANGED	24300.00	$0.00	0.00%	2026-09-09: $24300.00 → 2026-09-13: $24300.00
Software & Licenses	Red Hat Enterprise Linux Server-Virtualization	HPE OCA > DL580 Gen12 [P75399-B21] > Software & Licenses > Red Hat Enterprise Linux Server-Virtualization	Operating System / License	Unlimited	0	Unlimited	Selection constraint for Red Hat Enterprise Linux Server-Virtualization: no max	S3B71AAE	Service	SUSE Rancher Prime w/2x Rancher Prime Management Server per Node 16-50 Nodes 5yr Sub 24x7 Sup E-LTU	0	17325.00		NA		No	Obsolete (OB)		Not published by OCA	Obsolete (OB)	03/04/2024	12/31/2024	{"Extended Price (USD)":"NA"}	ATTRIBUTE_CHANGED	17325.00	$0.00	0.00%	2026-09-09: $17325.00 → 2026-09-13: $17325.00
Software & Licenses	Red Hat Enterprise Linux Server-Virtualization	HPE OCA > DL580 Gen12 [P75399-B21] > Software & Licenses > Red Hat Enterprise Linux Server-Virtualization	Operating System / License	Unlimited	0	Unlimited	Selection constraint for Red Hat Enterprise Linux Server-Virtualization: no max	S7N77AAE	Service	SUSE Linux Enterprise Server for SAP Applications 1-2 Sockets Unlimited VM 3yr Sub 24x7 Sup E-LTU	0	18873.00		NA		No	Available		Not published by OCA	Active	03/02/2026	04/30/2028	{"Extended Price (USD)":"NA"}	ATTRIBUTE_CHANGED	18873.00	$0.00	0.00%	2026-09-09: $18873.00 → 2026-09-13: $18873.00
Software & Licenses	Red Hat Enterprise Linux Server-Virtualization	HPE OCA > DL580 Gen12 [P75399-B21] > Software & Licenses > Red Hat Enterprise Linux Server-Virtualization	Operating System / License	Unlimited	0	Unlimited	Selection constraint for Red Hat Enterprise Linux Server-Virtualization: no max	S7N78AAE	Service	SUSE Linux Enterprise Server for SAP Applications 1-2 Sockets Unlimited VM 5yr Sub 24x7 Sup E-LTU	0	31455.00		NA		No	Available		Not published by OCA	Active	03/02/2026	04/30/2028	{"Extended Price (USD)":"NA"}	ATTRIBUTE_CHANGED	31455.00	$0.00	0.00%	2026-09-09: $31455.00 → 2026-09-13: $31455.00
Software & Licenses	Red Hat OpenShift Platform Container	HPE OCA > DL580 Gen12 [P75399-B21] > Software & Licenses > Red Hat OpenShift Platform Container	Service & Support	Unlimited	0	Unlimited	Selection constraint for Red Hat OpenShift Platform Container: no max	R6J26AAE	Service	Red Hat Ansible Automation Platform 100 Nodes 1yr Subscription 9x5 RH Support E-LTU	0	21544.00		NA		No	Available		Not published by OCA	Active	08/03/2020	09/30/2028	{"Extended Price (USD)":"NA"}	ATTRIBUTE_CHANGED	21544.00	$0.00	0.00%	2026-09-09: $21544.00 → 2026-09-13: $21544.00
Software & Licenses	Red Hat OpenShift Platform Container	HPE OCA > DL580 Gen12 [P75399-B21] > Software & Licenses > Red Hat OpenShift Platform Container	Service & Support	Unlimited	0	Unlimited	Selection constraint for Red Hat OpenShift Platform Container: no max	R6J29AAE	Service	Red Hat Ansible Automation Platform 100 Nodes 3yr Subscription 9x5 RH Support E-LTU	0	86513.00		NA		No	Obsolete (OB)		Not published by OCA	Obsolete (OB)	08/03/2020	03/01/2025	{"Extended Price (USD)":"NA"}	ATTRIBUTE_CHANGED	86513.00	$0.00	0.00%	2026-09-09: $86513.00 → 2026-09-13: $86513.00
Software & Licenses	Red Hat OpenShift Platform Container	HPE OCA > DL580 Gen12 [P75399-B21] > Software & Licenses > Red Hat OpenShift Platform Container	Service & Support	Unlimited	0	Unlimited	Selection constraint for Red Hat OpenShift Platform Container: no max	R6J33AAE	Service	Red Hat OpenShift Container Platform 2 Cores or 4 vCPUs 1yr Subscription 9x5 RH Support E-LTU	0	4475.00		NA		No	Available		Not published by OCA	Active	08/03/2020	09/30/2028	{"Extended Price (USD)":"NA"}	ATTRIBUTE_CHANGED	4475.00	$0.00	0.00%	2026-09-09: $4475.00 → 2026-09-13: $4475.00
Software & Licenses	Red Hat OpenShift Platform Container	HPE OCA > DL580 Gen12 [P75399-B21] > Software & Licenses > Red Hat OpenShift Platform Container	Service & Support	Unlimited	0	Unlimited	Selection constraint for Red Hat OpenShift Platform Container: no max	R6J34AAE	Service	Red Hat OpenShift Container Platform 2 Cores or 4 vCPUs 3yr Subscription 24x7 RH Support E-LTU	0	26642.00		NA		No	Obsolete (OB)		Not published by OCA	Obsolete (OB)	08/03/2020	03/01/2025	{"Extended Price (USD)":"NA"}	ATTRIBUTE_CHANGED	26642.00	$0.00	0.00%	2026-09-09: $26642.00 → 2026-09-13: $26642.00
Software & Licenses	Red Hat OpenShift Platform Container	HPE OCA > DL580 Gen12 [P75399-B21] > Software & Licenses > Red Hat OpenShift Platform Container	Service & Support	Unlimited	0	Unlimited	Selection constraint for Red Hat OpenShift Platform Container: no max	R6J35AAE	Service	Red Hat OpenShift Container Platform 2 Cores or 4 vCPUs 3yr Subscription 9x5 RH Support E-LTU	0	17987.00		NA		No	Obsolete (OB)		Not published by OCA	Obsolete (OB)	08/03/2020	03/01/2025	{"Extended Price (USD)":"NA"}	ATTRIBUTE_CHANGED	17987.00	$0.00	0.00%	2026-09-09: $17987.00 → 2026-09-13: $17987.00
Software & Licenses	Red Hat OpenShift Platform Container	HPE OCA > DL580 Gen12 [P75399-B21] > Software & Licenses > Red Hat OpenShift Platform Container	Service & Support	Unlimited	0	Unlimited	Selection constraint for Red Hat OpenShift Platform Container: no max	S3Z84AAE	Service	Red Hat OpenShift Container Platform Bare Metal 1 Physical Node 1yr Subscription 24x7 Support E-LTU	0	53719.00		NA		No	Available		Not published by OCA	Active	06/03/2024	07/03/2027	{"Extended Price (USD)":"NA"}	ATTRIBUTE_CHANGED	53719.00	$0.00	0.00%	2026-09-09: $53719.00 → 2026-09-13: $53719.00
Software & Licenses	Red Hat OpenShift Platform Container	HPE OCA > DL580 Gen12 [P75399-B21] > Software & Licenses > Red Hat OpenShift Platform Container	Operating System / License	Unlimited	0	Unlimited	Selection constraint for Red Hat OpenShift Platform Container: no max	S3Z85AAE	Service	Red Hat OpenShift Container Platform Bare Metal 1-2 Sockets up to 64 Cores 3yr Sub 24x7 Sup E-LTU	0	51040.00		NA		No	Obsolete (OB)		Not published by OCA	Obsolete (OB)	06/03/2024	03/01/2025	{"Extended Price (USD)":"NA"}	ATTRIBUTE_CHANGED	51040.00	$0.00	0.00%	2026-09-09: $51040.00 → 2026-09-13: $51040.00
Software & Licenses	Red Hat OpenShift Platform Container	HPE OCA > DL580 Gen12 [P75399-B21] > Software & Licenses > Red Hat OpenShift Platform Container	Service & Support	Unlimited	0	Unlimited	Selection constraint for Red Hat OpenShift Platform Container: no max	S3Z86AAE	Service	Red Hat OpenShift Container Platform Bare Metal 1 Physical Node 1yr Subscription 9x5 Support E-LTU	0	35808.00		NA		No	Available		Not published by OCA	Active	06/03/2024	07/03/2027	{"Extended Price (USD)":"NA"}	ATTRIBUTE_CHANGED	35808.00	$0.00	0.00%	2026-09-09: $35808.00 → 2026-09-13: $35808.00
Software & Licenses	Red Hat OpenShift Platform Container	HPE OCA > DL580 Gen12 [P75399-B21] > Software & Licenses > Red Hat OpenShift Platform Container	Operating System / License	Unlimited	0	Unlimited	Selection constraint for Red Hat OpenShift Platform Container: no max	S3Z87AAE	Service	Red Hat OpenShift Container Platform Bare Metal 1-2 Sockets up to 64 Cores 3yr Sub 9x5 Sup E-LTU	0	34030.00		NA		No	Obsolete (OB)		Not published by OCA	Obsolete (OB)	06/03/2024	03/01/2025	{"Extended Price (USD)":"NA"}	ATTRIBUTE_CHANGED	34030.00	$0.00	0.00%	2026-09-09: $34030.00 → 2026-09-13: $34030.00
Software & Licenses	Red Hat OpenShift Platform Container	HPE OCA > DL580 Gen12 [P75399-B21] > Software & Licenses > Red Hat OpenShift Platform Container	Operating System / License	Unlimited	0	Unlimited	Selection constraint for Red Hat OpenShift Platform Container: no max	S3Z88AAE	Service	Red Hat OpenShift Container Platform Plus Bare Metal 1 Physical Node 1yr Subscription 24x7 Sup E-LTU	0	22385.00		NA		No	Available		Not published by OCA	Active	06/03/2024	07/03/2027	{"Extended Price (USD)":"NA"}	ATTRIBUTE_CHANGED	22385.00	$0.00	0.00%	2026-09-09: $22385.00 → 2026-09-13: $22385.00
Software & Licenses	Red Hat OpenShift Platform Container	HPE OCA > DL580 Gen12 [P75399-B21] > Software & Licenses > Red Hat OpenShift Platform Container	Operating System / License	Unlimited	0	Unlimited	Selection constraint for Red Hat OpenShift Platform Container: no max	S3Z89AAE	Service	Red Hat OpenShift Container Platform Plus Bare Metal 1-2Skt up to 64 Cores 3yr Sub 24x7 Sup E-LTU	0	63798.00		NA		No	Obsolete (OB)		Not published by OCA	Obsolete (OB)	06/03/2024	03/01/2025	{"Extended Price (USD)":"NA"}	ATTRIBUTE_CHANGED	63798.00	$0.00	0.00%	2026-09-09: $63798.00 → 2026-09-13: $63798.00
Software & Licenses	Red Hat OpenShift Platform Container	HPE OCA > DL580 Gen12 [P75399-B21] > Software & Licenses > Red Hat OpenShift Platform Container	Operating System / License	Unlimited	0	Unlimited	Selection constraint for Red Hat OpenShift Platform Container: no max	S3Z90AAE	Service	Red Hat OpenShift Container Platform Plus Bare Metal 1 Physical Node 1yr Subscription 9x5 Sup E-LTU	0	14999.00		NA		No	Available		Not published by OCA	Active	06/03/2024	07/03/2027	{"Extended Price (USD)":"NA"}	ATTRIBUTE_CHANGED	14999.00	$0.00	0.00%	2026-09-09: $14999.00 → 2026-09-13: $14999.00
Software & Licenses	Red Hat OpenShift Platform Container	HPE OCA > DL580 Gen12 [P75399-B21] > Software & Licenses > Red Hat OpenShift Platform Container	Operating System / License	Unlimited	0	Unlimited	Selection constraint for Red Hat OpenShift Platform Container: no max	S3Z91AAE	Service	Red Hat OpenShift Container Platform Plus Bare Metal 1-2Skt up to 64 Cores 3yr Sub 9x5 Sup E-LTU	0	42748.00		NA		No	Obsolete (OB)		Not published by OCA	Obsolete (OB)	06/03/2024	03/01/2025	{"Extended Price (USD)":"NA"}	ATTRIBUTE_CHANGED	42748.00	$0.00	0.00%	2026-09-09: $42748.00 → 2026-09-13: $42748.00
Software & Licenses	SUSE Linux Enterprise Server	HPE OCA > DL580 Gen12 [P75399-B21] > Software & Licenses > SUSE Linux Enterprise Server	Service & Support	Unlimited	0	Unlimited	Selection constraint for SUSE Linux Enterprise Server: no max	S0E93AAE	Service	SUSE Linux Enterprise Micro 1-16 Cores 1-year Subscription 24x7 Support E-LTU	0	322.00		NA		No	Available		Not published by OCA	Active	10/03/2022	09/30/2027	{"Extended Price (USD)":"NA"}	ATTRIBUTE_CHANGED	322.00	$0.00	0.00%	2026-09-09: $322.00 → 2026-09-13: $322.00
Software & Licenses	SUSE Linux Enterprise Server	HPE OCA > DL580 Gen12 [P75399-B21] > Software & Licenses > SUSE Linux Enterprise Server	Service & Support	Unlimited	0	Unlimited	Selection constraint for SUSE Linux Enterprise Server: no max	S0E94AAE	Service	SUSE Linux Enterprise Micro 1-16 Cores 3-year Subscription 24x7 Support E-LTU	0	870.00		NA		No	Available		Not published by OCA	Active	10/03/2022	09/30/2027	{"Extended Price (USD)":"NA"}	ATTRIBUTE_CHANGED	870.00	$0.00	0.00%	2026-09-09: $870.00 → 2026-09-13: $870.00
Software & Licenses	SUSE Linux Enterprise Server	HPE OCA > DL580 Gen12 [P75399-B21] > Software & Licenses > SUSE Linux Enterprise Server	Service & Support	Unlimited	0	Unlimited	Selection constraint for SUSE Linux Enterprise Server: no max	S0E95AAE	Service	SUSE Linux Enterprise Micro 1-16 Cores 5-year Subscription 24x7 Support E-LTU	0	1451.00		NA		No	Available		Not published by OCA	Active	10/03/2022	09/30/2027	{"Extended Price (USD)":"NA"}	ATTRIBUTE_CHANGED	1451.00	$0.00	0.00%	2026-09-09: $1451.00 → 2026-09-13: $1451.00
Software & Licenses	SUSE Linux Enterprise Server	HPE OCA > DL580 Gen12 [P75399-B21] > Software & Licenses > SUSE Linux Enterprise Server	Service & Support	Unlimited	0	Unlimited	Selection constraint for SUSE Linux Enterprise Server: no max	M6K30AAE	Service	SUSE Linux Enterprise Server SAP 1-2 Sockets or 1-2 VM 3 Year Subscription 24x7 Support E-LTU	0	7803.00		NA		No	Obsolete (OB)		Not published by OCA	Obsolete (OB)	06/01/2015	03/02/2026	{"Extended Price (USD)":"NA"}	ATTRIBUTE_CHANGED	7803.00	$0.00	0.00%	2026-09-09: $7803.00 → 2026-09-13: $7803.00
Software & Licenses	SUSE Linux Enterprise Server	HPE OCA > DL580 Gen12 [P75399-B21] > Software & Licenses > SUSE Linux Enterprise Server	Service & Support	Unlimited	0	Unlimited	Selection constraint for SUSE Linux Enterprise Server: no max	M6K32AAE	Service	SUSE Linux Enterprise Server SAP 1-2 Sockets or 1-2 VM 5 Year Subscription 24x7 Support E-LTU	0	13005.00		NA		No	Obsolete (OB)		Not published by OCA	Obsolete (OB)	06/01/2015	03/02/2026	{"Extended Price (USD)":"NA"}	ATTRIBUTE_CHANGED	13005.00	$0.00	0.00%	2026-09-09: $13005.00 → 2026-09-13: $13005.00
Software & Licenses	SUSE Linux Enterprise Server	HPE OCA > DL580 Gen12 [P75399-B21] > Software & Licenses > SUSE Linux Enterprise Server	Operating System / License	Unlimited	0	Unlimited	Selection constraint for SUSE Linux Enterprise Server: no max	S3R49AAE	Service	SUSE Linux Enterprise Server w/SUSE Manager Lifecycle Management+ 1-2 Sockets/1-2 VM 3yr 24x7 E-LTU	0	4399.00		NA		No	Obsolete (OB)		Not published by OCA	Obsolete (OB)	05/06/2024	03/02/2026	{"Extended Price (USD)":"NA"}	ATTRIBUTE_CHANGED	4399.00	$0.00	0.00%	2026-09-09: $4399.00 → 2026-09-13: $4399.00
Software & Licenses	SUSE Linux Enterprise Server	HPE OCA > DL580 Gen12 [P75399-B21] > Software & Licenses > SUSE Linux Enterprise Server	Operating System / License	Unlimited	0	Unlimited	Selection constraint for SUSE Linux Enterprise Server: no max	S3R50AAE	Service	SUSE Linux Enterprise Server w/SUSE Manager Lifecycle Management+ 1-2 Sockets/1-2 VM 1yr 24x7 E-LTU	0	1599.00		NA		No	Obsolete (OB)		Not published by OCA	Obsolete (OB)	05/06/2024	03/02/2026	{"Extended Price (USD)":"NA"}	ATTRIBUTE_CHANGED	1599.00	$0.00	0.00%	2026-09-09: $1599.00 → 2026-09-13: $1599.00
Software & Licenses	SUSE Linux Enterprise Server	HPE OCA > DL580 Gen12 [P75399-B21] > Software & Licenses > SUSE Linux Enterprise Server	Operating System / License	Unlimited	0	Unlimited	Selection constraint for SUSE Linux Enterprise Server: no max	S3R51AAE	Service	SUSE Linux Enterprise Server w/SUSE Manager Lifecycle Management+ 1-2 Sockets/1-2 VM 1yr 9x5 E-LTU	0	1099.00		NA		No	Obsolete (OB)		Not published by OCA	Obsolete (OB)	05/06/2024	03/02/2026	{"Extended Price (USD)":"NA"}	ATTRIBUTE_CHANGED	1099.00	$0.00	0.00%	2026-09-09: $1099.00 → 2026-09-13: $1099.00
Software & Licenses	SUSE Linux Enterprise Server	HPE OCA > DL580 Gen12 [P75399-B21] > Software & Licenses > SUSE Linux Enterprise Server	Operating System / License	Unlimited	0	Unlimited	Selection constraint for SUSE Linux Enterprise Server: no max	S3R52AAE	Service	SUSE Linux Enterprise Server w/SUSE Manager Lifecycle Management+ 1-2 Sockets/1-2 VM 5yr 24x7 E-LTU	0	7196.00		NA		No	Obsolete (OB)		Not published by OCA	Obsolete (OB)	05/06/2024	03/02/2026	{"Extended Price (USD)":"NA"}	ATTRIBUTE_CHANGED	7196.00	$0.00	0.00%	2026-09-09: $7196.00 → 2026-09-13: $7196.00
Software & Licenses	SUSE Linux Enterprise Server	HPE OCA > DL580 Gen12 [P75399-B21] > Software & Licenses > SUSE Linux Enterprise Server	Operating System / License	Unlimited	0	Unlimited	Selection constraint for SUSE Linux Enterprise Server: no max	S3R53AAE	Service	SUSE Linux Enterprise Server w/SUSE Manager Lifecycle Management+ 1-2 Sockets/1-2 VM 3yr 9x5 E-LTU	0	2990.00		NA		No	Obsolete (OB)		Not published by OCA	Obsolete (OB)	05/06/2024	03/02/2026	{"Extended Price (USD)":"NA"}	ATTRIBUTE_CHANGED	2990.00	$0.00	0.00%	2026-09-09: $2990.00 → 2026-09-13: $2990.00
Software & Licenses	SUSE Linux Enterprise Server	HPE OCA > DL580 Gen12 [P75399-B21] > Software & Licenses > SUSE Linux Enterprise Server	Operating System / License	Unlimited	0	Unlimited	Selection constraint for SUSE Linux Enterprise Server: no max	S3R54AAE	Service	SUSE Linux Enterprise Server w/SUSE Manager Lifecycle Management+ 1-2 Sockets/1-2 VM 5yr 9x5 E-LTU	0	4946.00		NA		No	Obsolete (OB)		Not published by OCA	Obsolete (OB)	05/06/2024	03/02/2026	{"Extended Price (USD)":"NA"}	ATTRIBUTE_CHANGED	4946.00	$0.00	0.00%	2026-09-09: $4946.00 → 2026-09-13: $4946.00
Software & Licenses	SUSE Linux Enterprise Server	HPE OCA > DL580 Gen12 [P75399-B21] > Software & Licenses > SUSE Linux Enterprise Server	Operating System / License	Unlimited	0	Unlimited	Selection constraint for SUSE Linux Enterprise Server: no max	S3R55AAE	Service	SUSE Linux Enterprise Server 1-2 Sockets 3-year 24x7 E-LTU	0	3507.00		NA		No	Obsolete (OB)		Not published by OCA	Obsolete (OB)	05/06/2024	03/02/2026	{"Extended Price (USD)":"NA"}	ATTRIBUTE_CHANGED	3507.00	$0.00	0.00%	2026-09-09: $3507.00 → 2026-09-13: $3507.00
Software & Licenses	SUSE Linux Enterprise Server	HPE OCA > DL580 Gen12 [P75399-B21] > Software & Licenses > SUSE Linux Enterprise Server	Operating System / License	Unlimited	0	Unlimited	Selection constraint for SUSE Linux Enterprise Server: no max	S3R56AAE	Service	SUSE Linux Enterprise Server 1-2 Sockets 1-year 24x7 E-LTU	0	1299.00		NA		No	Obsolete (OB)		Not published by OCA	Obsolete (OB)	05/06/2024	03/02/2026	{"Extended Price (USD)":"NA"}	ATTRIBUTE_CHANGED	1299.00	$0.00	0.00%	2026-09-09: $1299.00 → 2026-09-13: $1299.00
Software & Licenses	SUSE Linux Enterprise Server	HPE OCA > DL580 Gen12 [P75399-B21] > Software & Licenses > SUSE Linux Enterprise Server	Operating System / License	Unlimited	0	Unlimited	Selection constraint for SUSE Linux Enterprise Server: no max	S3R57AAE	Service	SUSE Linux Enterprise Server 1 Virtual Machine 3-year 24x7 E-LTU	0	1887.00		NA		No	Obsolete (OB)		Not published by OCA	Obsolete (OB)	05/06/2024	03/02/2026	{"Extended Price (USD)":"NA"}	ATTRIBUTE_CHANGED	1887.00	$0.00	0.00%	2026-09-09: $1887.00 → 2026-09-13: $1887.00
Software & Licenses	SUSE Linux Enterprise Server	HPE OCA > DL580 Gen12 [P75399-B21] > Software & Licenses > SUSE Linux Enterprise Server	Operating System / License	Unlimited	0	Unlimited	Selection constraint for SUSE Linux Enterprise Server: no max	S3R58AAE	Service	SUSE Linux Enterprise Server 1 Virtual Machine 1-year 24x7 E-LTU	0	699.00		NA		No	Obsolete (OB)		Not published by OCA	Obsolete (OB)	05/06/2024	03/02/2026	{"Extended Price (USD)":"NA"}	ATTRIBUTE_CHANGED	699.00	$0.00	0.00%	2026-09-09: $699.00 → 2026-09-13: $699.00
Software & Licenses	SUSE Linux Enterprise Server	HPE OCA > DL580 Gen12 [P75399-B21] > Software & Licenses > SUSE Linux Enterprise Server	Operating System / License	Unlimited	0	Unlimited	Selection constraint for SUSE Linux Enterprise Server: no max	S3R59AAE	Service	SUSE Linux Enterprise Server 1 Virtual Machine 5-year 24x7 E-LTU	0	3146.00		NA		No	Obsolete (OB)		Not published by OCA	Obsolete (OB)	05/06/2024	03/02/2026	{"Extended Price (USD)":"NA"}	ATTRIBUTE_CHANGED	3146.00	$0.00	0.00%	2026-09-09: $3146.00 → 2026-09-13: $3146.00
Software & Licenses	SUSE Linux Enterprise Server	HPE OCA > DL580 Gen12 [P75399-B21] > Software & Licenses > SUSE Linux Enterprise Server	Operating System / License	Unlimited	0	Unlimited	Selection constraint for SUSE Linux Enterprise Server: no max	S3R60AAE	Service	SUSE Linux Enterprise Server 1-2 Sockets 5-year 24x7 E-LTU	0	5846.00		NA		No	Obsolete (OB)		Not published by OCA	Obsolete (OB)	05/06/2024	03/02/2026	{"Extended Price (USD)":"NA"}	ATTRIBUTE_CHANGED	5846.00	$0.00	0.00%	2026-09-09: $5846.00 → 2026-09-13: $5846.00
Software & Licenses	SUSE Linux Enterprise Server	HPE OCA > DL580 Gen12 [P75399-B21] > Software & Licenses > SUSE Linux Enterprise Server	Operating System / License	Unlimited	0	Unlimited	Selection constraint for SUSE Linux Enterprise Server: no max	S7N75AAE	Service	SUSE Linux Enterprise Server for SAP Applications 1-2 Sockets or 1-2 VM 3-year Sub 24x7 Sup E-LTU	0	7803.00		NA		No	Available		Not published by OCA	Active	03/02/2026	04/30/2028	{"Extended Price (USD)":"NA"}	ATTRIBUTE_CHANGED	7803.00	$0.00	0.00%	2026-09-09: $7803.00 → 2026-09-13: $7803.00
Software & Licenses	SUSE Linux Enterprise Server	HPE OCA > DL580 Gen12 [P75399-B21] > Software & Licenses > SUSE Linux Enterprise Server	Operating System / License	Unlimited	0	Unlimited	Selection constraint for SUSE Linux Enterprise Server: no max	S7N76AAE	Service	SUSE Linux Enterprise Server for SAP Applications 1-2 Sockets or 1-2 VM 5-year Sub 24x7 Sup E-LTU	0	13005.00		NA		No	Available		Not published by OCA	Active	03/02/2026	04/30/2028	{"Extended Price (USD)":"NA"}	ATTRIBUTE_CHANGED	13005.00	$0.00	0.00%	2026-09-09: $13005.00 → 2026-09-13: $13005.00
Software & Licenses	SUSE Linux Enterprise Server	HPE OCA > DL580 Gen12 [P75399-B21] > Software & Licenses > SUSE Linux Enterprise Server	Operating System / License	Unlimited	0	Unlimited	Selection constraint for SUSE Linux Enterprise Server: no max	S7N79AAE	Service	SUSE Linux Enterprise Server w/SUSE Multi-Linux Mgr Lifecycle Mgmt+ 1-2 Skts/1-2 VM 1yr 24x7 E-LTU	0	1599.00		NA		No	Available		Not published by OCA	Active	03/02/2026	04/30/2028	{"Extended Price (USD)":"NA"}	ATTRIBUTE_CHANGED	1599.00	$0.00	0.00%	2026-09-09: $1599.00 → 2026-09-13: $1599.00
Software & Licenses	SUSE Linux Enterprise Server	HPE OCA > DL580 Gen12 [P75399-B21] > Software & Licenses > SUSE Linux Enterprise Server	Operating System / License	Unlimited	0	Unlimited	Selection constraint for SUSE Linux Enterprise Server: no max	S7N80AAE	Service	SUSE Linux Enterprise Server w/SUSE Multi-Linux Mgr Lifecycle Mgmt+ 1-2 Skts/1-2 VM 1yr 9x5 E-LTU	0	1099.00		NA		No	Available		Not published by OCA	Active	03/02/2026	04/30/2028	{"Extended Price (USD)":"NA"}	ATTRIBUTE_CHANGED	1099.00	$0.00	0.00%	2026-09-09: $1099.00 → 2026-09-13: $1099.00
Software & Licenses	SUSE Linux Enterprise Server	HPE OCA > DL580 Gen12 [P75399-B21] > Software & Licenses > SUSE Linux Enterprise Server	Operating System / License	Unlimited	0	Unlimited	Selection constraint for SUSE Linux Enterprise Server: no max	S7N81AAE	Service	SUSE Linux Enterprise Server w/SUSE Multi-Linux Mgr Lifecycle Mgmt+ 1-2 Skts/1-2 VM 3yr 24x7 E-LTU	0	4399.00		NA		No	Available		Not published by OCA	Active	03/02/2026	04/30/2028	{"Extended Price (USD)":"NA"}	ATTRIBUTE_CHANGED	4399.00	$0.00	0.00%	2026-09-09: $4399.00 → 2026-09-13: $4399.00
Software & Licenses	SUSE Linux Enterprise Server	HPE OCA > DL580 Gen12 [P75399-B21] > Software & Licenses > SUSE Linux Enterprise Server	Operating System / License	Unlimited	0	Unlimited	Selection constraint for SUSE Linux Enterprise Server: no max	S7N82AAE	Service	SUSE Linux Enterprise Server w/SUSE Multi-Linux Mgr Lifecycle Mgmt+ 1-2 Skts/1-2 VM 3yr 9x5 E-LTU	0	2990.00		NA		No	Available		Not published by OCA	Active	03/02/2026	04/30/2028	{"Extended Price (USD)":"NA"}	ATTRIBUTE_CHANGED	2990.00	$0.00	0.00%	2026-09-09: $2990.00 → 2026-09-13: $2990.00
Software & Licenses	SUSE Linux Enterprise Server	HPE OCA > DL580 Gen12 [P75399-B21] > Software & Licenses > SUSE Linux Enterprise Server	Operating System / License	Unlimited	0	Unlimited	Selection constraint for SUSE Linux Enterprise Server: no max	S7N83AAE	Service	SUSE Linux Enterprise Server w/SUSE Multi-Linux Mgr Lifecycle Mgmt+ 1-2 Skts/1-2 VM 5yr 24x7 E-LTU	0	7196.00		NA		No	Available		Not published by OCA	Active	03/02/2026	04/30/2028	{"Extended Price (USD)":"NA"}	ATTRIBUTE_CHANGED	7196.00	$0.00	0.00%	2026-09-09: $7196.00 → 2026-09-13: $7196.00
Software & Licenses	SUSE Linux Enterprise Server	HPE OCA > DL580 Gen12 [P75399-B21] > Software & Licenses > SUSE Linux Enterprise Server	Operating System / License	Unlimited	0	Unlimited	Selection constraint for SUSE Linux Enterprise Server: no max	S7N84AAE	Service	SUSE Linux Enterprise Server w/SUSE Multi-Linux Mgr Lifecycle Mgmt+ 1-2 Skts/1-2 VM 5yr 9x5 E-LTU	0	4946.00		NA		No	Available		Not published by OCA	Active	03/02/2026	04/30/2028	{"Extended Price (USD)":"NA"}	ATTRIBUTE_CHANGED	4946.00	$0.00	0.00%	2026-09-09: $4946.00 → 2026-09-13: $4946.00
Software & Licenses	SUSE Linux Enterprise Server	HPE OCA > DL580 Gen12 [P75399-B21] > Software & Licenses > SUSE Linux Enterprise Server	Service & Support	Unlimited	0	Unlimited	Selection constraint for SUSE Linux Enterprise Server: no max	S7N95AAE	Service	SUSE Linux Enterprise Server 1-2 Sockets 1-year Subscription 24x7 Support E-LTU	0	1299.00		NA		No	Available		Not published by OCA	Active	03/02/2026	04/30/2028	{"Extended Price (USD)":"NA"}	ATTRIBUTE_CHANGED	1299.00	$0.00	0.00%	2026-09-09: $1299.00 → 2026-09-13: $1299.00
Software & Licenses	SUSE Linux Enterprise Server	HPE OCA > DL580 Gen12 [P75399-B21] > Software & Licenses > SUSE Linux Enterprise Server	Service & Support	Unlimited	0	Unlimited	Selection constraint for SUSE Linux Enterprise Server: no max	S7N96AAE	Service	SUSE Linux Enterprise Server 1-2 Sockets 3-year Subscription 24x7 Support E-LTU	0	3507.00		NA		No	Available		Not published by OCA	Active	03/02/2026	04/30/2028	{"Extended Price (USD)":"NA"}	ATTRIBUTE_CHANGED	3507.00	$0.00	0.00%	2026-09-09: $3507.00 → 2026-09-13: $3507.00
Software & Licenses	SUSE Linux Enterprise Server	HPE OCA > DL580 Gen12 [P75399-B21] > Software & Licenses > SUSE Linux Enterprise Server	Service & Support	Unlimited	0	Unlimited	Selection constraint for SUSE Linux Enterprise Server: no max	S7N97AAE	Service	SUSE Linux Enterprise Server 1-2 Sockets 5-year Subscription 24x7 Support E-LTU	0	5846.00		NA		No	Available		Not published by OCA	Active	03/02/2026	04/30/2028	{"Extended Price (USD)":"NA"}	ATTRIBUTE_CHANGED	5846.00	$0.00	0.00%	2026-09-09: $5846.00 → 2026-09-13: $5846.00
Software & Licenses	SUSE Linux Enterprise Server	HPE OCA > DL580 Gen12 [P75399-B21] > Software & Licenses > SUSE Linux Enterprise Server	Service & Support	Unlimited	0	Unlimited	Selection constraint for SUSE Linux Enterprise Server: no max	S7N98AAE	Service	SUSE Linux Enterprise Server 1 VM 1-year Subscription 24x7 Support E-LTU	0	699.00		NA		No	Available		Not published by OCA	Active	03/02/2026	04/30/2028	{"Extended Price (USD)":"NA"}	ATTRIBUTE_CHANGED	699.00	$0.00	0.00%	2026-09-09: $699.00 → 2026-09-13: $699.00
Software & Licenses	SUSE Linux Enterprise Server	HPE OCA > DL580 Gen12 [P75399-B21] > Software & Licenses > SUSE Linux Enterprise Server	Service & Support	Unlimited	0	Unlimited	Selection constraint for SUSE Linux Enterprise Server: no max	S7N99AAE	Service	SUSE Linux Enterprise Server 1 VM 3-year Subscription 24x7 Support E-LTU	0	1887.00		NA		No	Available		Not published by OCA	Active	03/02/2026	04/30/2028	{"Extended Price (USD)":"NA"}	ATTRIBUTE_CHANGED	1887.00	$0.00	0.00%	2026-09-09: $1887.00 → 2026-09-13: $1887.00
Software & Licenses	SUSE Linux Enterprise Server	HPE OCA > DL580 Gen12 [P75399-B21] > Software & Licenses > SUSE Linux Enterprise Server	Service & Support	Unlimited	0	Unlimited	Selection constraint for SUSE Linux Enterprise Server: no max	S7P00AAE	Service	SUSE Linux Enterprise Server 1 VM 5-year Subscription 24x7 Support E-LTU	0	3146.00		NA		No	Available		Not published by OCA	Active	03/02/2026	04/30/2028	{"Extended Price (USD)":"NA"}	ATTRIBUTE_CHANGED	3146.00	$0.00	0.00%	2026-09-09: $3146.00 → 2026-09-13: $3146.00
Software & Licenses	Red Hat Enterprise Linux Server-Virtualization	HPE OCA > DL580 Gen12 [P75399-B21] > Software & Licenses > Red Hat Enterprise Linux Server-Virtualization	Service & Support	Unlimited	0	Unlimited	Selection constraint for Red Hat Enterprise Linux Server-Virtualization: no max	G3J22AAE	Service	Red Hat Enterprise Linux for Virtual Datacenters 2 Sockets 1 Year Subscription 24x7 Support E-LTU	0	4839.00		NA		No	Available		Not published by OCA	Active	03/31/2014	09/30/2028	{"Extended Price (USD)":"NA"}	ATTRIBUTE_CHANGED	4839.00	$0.00	0.00%	2026-09-09: $4839.00 → 2026-09-13: $4839.00
Software & Licenses	Red Hat Enterprise Linux Server-Virtualization	HPE OCA > DL580 Gen12 [P75399-B21] > Software & Licenses > Red Hat Enterprise Linux Server-Virtualization	Service & Support	Unlimited	0	Unlimited	Selection constraint for Red Hat Enterprise Linux Server-Virtualization: no max	G3J23AAE	Service	Red Hat Enterprise Linux for Virtual Datacenters 2 Sockets 1 Year Subscription 9x5 Support E-LTU	0	3024.00		NA		No	Available		Not published by OCA	Active	03/31/2014	09/30/2028	{"Extended Price (USD)":"NA"}	ATTRIBUTE_CHANGED	3024.00	$0.00	0.00%	2026-09-09: $3024.00 → 2026-09-13: $3024.00
Software & Licenses	Red Hat Enterprise Linux Server-Virtualization	HPE OCA > DL580 Gen12 [P75399-B21] > Software & Licenses > Red Hat Enterprise Linux Server-Virtualization	Service & Support	Unlimited	0	Unlimited	Selection constraint for Red Hat Enterprise Linux Server-Virtualization: no max	G3J24AAE	Service	Red Hat Enterprise Linux for Virtual Datacenters 2 Sockets 3 Year Subscription 24x7 Support E-LTU	0	14516.00		NA		No	Available		Not published by OCA	Active	03/31/2014	09/30/2028	{"Extended Price (USD)":"NA"}	ATTRIBUTE_CHANGED	14516.00	$0.00	0.00%	2026-09-09: $14516.00 → 2026-09-13: $14516.00
Software & Licenses	Red Hat Enterprise Linux Server-Virtualization	HPE OCA > DL580 Gen12 [P75399-B21] > Software & Licenses > Red Hat Enterprise Linux Server-Virtualization	Service & Support	Unlimited	0	Unlimited	Selection constraint for Red Hat Enterprise Linux Server-Virtualization: no max	G3J25AAE	Service	Red Hat Enterprise Linux for Virtual Datacenters 2 Sockets 3 Year Subscription 9x5 Support E-LTU	0	9072.00		NA		No	Available		Not published by OCA	Active	03/31/2014	09/30/2028	{"Extended Price (USD)":"NA"}	ATTRIBUTE_CHANGED	9072.00	$0.00	0.00%	2026-09-09: $9072.00 → 2026-09-13: $9072.00
Software & Licenses	Red Hat Enterprise Linux Server-Virtualization	HPE OCA > DL580 Gen12 [P75399-B21] > Software & Licenses > Red Hat Enterprise Linux Server-Virtualization	Service & Support	Unlimited	0	Unlimited	Selection constraint for Red Hat Enterprise Linux Server-Virtualization: no max	G3J26AAE	Service	Red Hat Enterprise Linux for Virtual Datacenters 2 Sockets 5 Year Subscription 24x7 Support E-LTU	0	24194.00		NA		No	Available		Not published by OCA	Active	03/31/2014	09/30/2028	{"Extended Price (USD)":"NA"}	ATTRIBUTE_CHANGED	24194.00	$0.00	0.00%	2026-09-09: $24194.00 → 2026-09-13: $24194.00
Software & Licenses	Red Hat Enterprise Linux Server-Virtualization	HPE OCA > DL580 Gen12 [P75399-B21] > Software & Licenses > Red Hat Enterprise Linux Server-Virtualization	Service & Support	Unlimited	0	Unlimited	Selection constraint for Red Hat Enterprise Linux Server-Virtualization: no max	G3J27AAE	Service	Red Hat Enterprise Linux for Virtual Datacenters 2 Sockets 5 Year Subscription 9x5 Support E-LTU	0	15119.00		NA		No	Available		Not published by OCA	Active	03/31/2014	09/30/2028	{"Extended Price (USD)":"NA"}	ATTRIBUTE_CHANGED	15119.00	$0.00	0.00%	2026-09-09: $15119.00 → 2026-09-13: $15119.00
Software & Licenses	Red Hat Enterprise Linux Server-Virtualization	HPE OCA > DL580 Gen12 [P75399-B21] > Software & Licenses > Red Hat Enterprise Linux Server-Virtualization	Service & Support	Unlimited	0	Unlimited	Selection constraint for Red Hat Enterprise Linux Server-Virtualization: no max	G3J28AAE	Service	Red Hat Enterprise Linux Server 2 Sockets or 2 Guests 1 Year Subscription 24x7 Support E-LTU	0	1429.00		NA		No	Available		Not published by OCA	Active	03/31/2014	09/30/2028	{"Extended Price (USD)":"NA"}	ATTRIBUTE_CHANGED	1429.00	$0.00	0.00%	2026-09-09: $1429.00 → 2026-09-13: $1429.00
Software & Licenses	Red Hat Enterprise Linux Server-Virtualization	HPE OCA > DL580 Gen12 [P75399-B21] > Software & Licenses > Red Hat Enterprise Linux Server-Virtualization	Service & Support	Unlimited	0	Unlimited	Selection constraint for Red Hat Enterprise Linux Server-Virtualization: no max	G3J29AAE	Service	Red Hat Enterprise Linux Server 2 Sockets or 2 Guests 1 Year Subscription 9x5 Support E-LTU	0	879.00		NA		No	Available		Not published by OCA	Active	03/31/2014	09/30/2028	{"Extended Price (USD)":"NA"}	ATTRIBUTE_CHANGED	879.00	$0.00	0.00%	2026-09-09: $879.00 → 2026-09-13: $879.00
Software & Licenses	Red Hat Enterprise Linux Server-Virtualization	HPE OCA > DL580 Gen12 [P75399-B21] > Software & Licenses > Red Hat Enterprise Linux Server-Virtualization	Service & Support	Unlimited	0	Unlimited	Selection constraint for Red Hat Enterprise Linux Server-Virtualization: no max	G3J30AAE	Service	Red Hat Enterprise Linux Server 2 Sockets or 2 Guests 3 Year Subscription 24x7 Support E-LTU	0	4287.00		NA		No	Available		Not published by OCA	Active	03/31/2014	09/30/2028	{"Extended Price (USD)":"NA"}	ATTRIBUTE_CHANGED	4287.00	$0.00	0.00%	2026-09-09: $4287.00 → 2026-09-13: $4287.00
Software & Licenses	Red Hat Enterprise Linux Server-Virtualization	HPE OCA > DL580 Gen12 [P75399-B21] > Software & Licenses > Red Hat Enterprise Linux Server-Virtualization	Service & Support	Unlimited	0	Unlimited	Selection constraint for Red Hat Enterprise Linux Server-Virtualization: no max	G3J31AAE	Service	Red Hat Enterprise Linux Server 2 Sockets or 2 Guests 3 Year Subscription 9x5 Support E-LTU	0	2637.00		NA		No	Available		Not published by OCA	Active	03/31/2014	09/30/2028	{"Extended Price (USD)":"NA"}	ATTRIBUTE_CHANGED	2637.00	$0.00	0.00%	2026-09-09: $2637.00 → 2026-09-13: $2637.00
Software & Licenses	Red Hat Enterprise Linux Server-Virtualization	HPE OCA > DL580 Gen12 [P75399-B21] > Software & Licenses > Red Hat Enterprise Linux Server-Virtualization	Operating System / License	Unlimited	0	Unlimited	Selection constraint for Red Hat Enterprise Linux Server-Virtualization: no max	G3J32AAE	Service	RHEL Server 2 Sckt/2 Gst 5yr 24x7 E-LTU	0	7145.00		NA		No	Available		Not published by OCA	Active	03/31/2014	09/30/2028	{"Extended Price (USD)":"NA"}	ATTRIBUTE_CHANGED	7145.00	$0.00	0.00%	2026-09-09: $7145.00 → 2026-09-13: $7145.00
Software & Licenses	Red Hat Enterprise Linux Server-Virtualization	HPE OCA > DL580 Gen12 [P75399-B21] > Software & Licenses > Red Hat Enterprise Linux Server-Virtualization	Service & Support	Unlimited	0	Unlimited	Selection constraint for Red Hat Enterprise Linux Server-Virtualization: no max	G3J33AAE	Service	Red Hat Enterprise Linux Server 2 Sockets or Guests 5 Year Subscription 9x5 Support E-LTU	0	4395.00		NA		No	Available		Not published by OCA	Active	03/31/2014	09/30/2028	{"Extended Price (USD)":"NA"}	ATTRIBUTE_CHANGED	4395.00	$0.00	0.00%	2026-09-09: $4395.00 → 2026-09-13: $4395.00
Software & Licenses	Red Hat Enterprise Linux Server-Virtualization	HPE OCA > DL580 Gen12 [P75399-B21] > Software & Licenses > Red Hat Enterprise Linux Server-Virtualization	Service & Support	Unlimited	0	Unlimited	Selection constraint for Red Hat Enterprise Linux Server-Virtualization: no max	G5J62AAE	Service	Red Hat Enterprise Linux Server 2 Sockets 4 Guests 1 Year Subscription 24x7 Support E-LTU	0	2144.00		NA		No	Available		Not published by OCA	Active	03/31/2014	09/30/2028	{"Extended Price (USD)":"NA"}	ATTRIBUTE_CHANGED	2144.00	$0.00	0.00%	2026-09-09: $2144.00 → 2026-09-13: $2144.00
Software & Licenses	Red Hat Enterprise Linux Server-Virtualization	HPE OCA > DL580 Gen12 [P75399-B21] > Software & Licenses > Red Hat Enterprise Linux Server-Virtualization	Service & Support	Unlimited	0	Unlimited	Selection constraint for Red Hat Enterprise Linux Server-Virtualization: no max	G5J63AAE	Service	Red Hat Enterprise Linux Server 2 Sockets 4 Guests 1 Year Subscription 9x5 Support E-LTU	0	1319.00		NA		No	Available		Not published by OCA	Active	03/31/2014	09/30/2028	{"Extended Price (USD)":"NA"}	ATTRIBUTE_CHANGED	1319.00	$0.00	0.00%	2026-09-09: $1319.00 → 2026-09-13: $1319.00
Software & Licenses	Red Hat Enterprise Linux Server-Virtualization	HPE OCA > DL580 Gen12 [P75399-B21] > Software & Licenses > Red Hat Enterprise Linux Server-Virtualization	Service & Support	Unlimited	0	Unlimited	Selection constraint for Red Hat Enterprise Linux Server-Virtualization: no max	G5J64AAE	Service	Red Hat Enterprise Linux Server 2 Sockets 4 Guests 3 Year Subscription 24x7 Support E-LTU	0	6432.00		NA		No	Available		Not published by OCA	Active	03/31/2014	09/30/2028	{"Extended Price (USD)":"NA"}	ATTRIBUTE_CHANGED	6432.00	$0.00	0.00%	2026-09-09: $6432.00 → 2026-09-13: $6432.00
Software & Licenses	Red Hat Enterprise Linux Server-Virtualization	HPE OCA > DL580 Gen12 [P75399-B21] > Software & Licenses > Red Hat Enterprise Linux Server-Virtualization	Service & Support	Unlimited	0	Unlimited	Selection constraint for Red Hat Enterprise Linux Server-Virtualization: no max	G5J65AAE	Service	Red Hat Enterprise Linux Server 2 Sockets 4 Guests 3 Year Subscription 9x5 Support E-LTU	0	3957.00		NA		No	Available		Not published by OCA	Active	03/31/2014	09/30/2028	{"Extended Price (USD)":"NA"}	ATTRIBUTE_CHANGED	3957.00	$0.00	0.00%	2026-09-09: $3957.00 → 2026-09-13: $3957.00
Software & Licenses	Red Hat Enterprise Linux Server-Virtualization	HPE OCA > DL580 Gen12 [P75399-B21] > Software & Licenses > Red Hat Enterprise Linux Server-Virtualization	Service & Support	Unlimited	0	Unlimited	Selection constraint for Red Hat Enterprise Linux Server-Virtualization: no max	J8J35AAE	Service	Red Hat Enterprise Linux Server 2 Sockets 1 Guest 1 Year Subscription 9x5 Support E-LTU	0	879.00		NA		No	Available		Not published by OCA	Active	08/18/2014	09/30/2028	{"Extended Price (USD)":"NA"}	ATTRIBUTE_CHANGED	879.00	$0.00	0.00%	2026-09-09: $879.00 → 2026-09-13: $879.00
Software & Licenses	Red Hat Enterprise Linux Server-Virtualization	HPE OCA > DL580 Gen12 [P75399-B21] > Software & Licenses > Red Hat Enterprise Linux Server-Virtualization	Service & Support	Unlimited	0	Unlimited	Selection constraint for Red Hat Enterprise Linux Server-Virtualization: no max	J8J36AAE	Service	Red Hat Enterprise Linux Server 2 Sockets 1 Guest 1 Year Subscription 24x7 Support E-LTU	0	1429.00		NA		No	Available		Not published by OCA	Active	08/18/2014	09/30/2028	{"Extended Price (USD)":"NA"}	ATTRIBUTE_CHANGED	1429.00	$0.00	0.00%	2026-09-09: $1429.00 → 2026-09-13: $1429.00
Support Services	Energy Star	HPE OCA > DL580 Gen12 [P75399-B21] > Support Services > Energy Star	Service & Support	max 1	0	1	Selection constraint for Energy Star: max 1	S2G27AAE	Service	VMware Cloud Foundation Enterprise per CPU 3-year BYOL Support Service	0	1948.00		NA		No	Obsolete (OB)		Not published by OCA	Obsolete (OB)	08/07/2023	09/30/2025	{"Extended Price (USD)":"NA"}	ATTRIBUTE_CHANGED	1948.00	$0.00	0.00%	2026-09-09: $1948.00 → 2026-09-13: $1948.00
Support Services	Energy Star	HPE OCA > DL580 Gen12 [P75399-B21] > Support Services > Energy Star	Service & Support	max 1	0	1	Selection constraint for Energy Star: max 1	S2G28AAE	Service	VMware Cloud Foundation Enterprise per CPU 5-year BYOL Support Service	0	2449.00		NA		No	Obsolete (OB)		Not published by OCA	Obsolete (OB)	08/07/2023	09/30/2025	{"Extended Price (USD)":"NA"}	ATTRIBUTE_CHANGED	2449.00	$0.00	0.00%	2026-09-09: $2449.00 → 2026-09-13: $2449.00
Support Services	Energy Star	HPE OCA > DL580 Gen12 [P75399-B21] > Support Services > Energy Star	Service & Support	max 1	0	1	Private Product is not valid for current customer account	S4F94AAE	Service	VMware Cloud Foundation Term per Core 3-year Subscription 24x7 Support E-RTU                       is obsolete: S4F94AAE	0	1568.00		NA		No	Obsolete (OB)		Not published by OCA	Obsolete (OB)	07/01/2024	11/04/2025	{"Extended Price (USD)":"NA"}	ATTRIBUTE_CHANGED	1568.00	$0.00	0.00%	2026-09-09: $1568.00 → 2026-09-13: $1568.00
Support Services	Energy Star	HPE OCA > DL580 Gen12 [P75399-B21] > Support Services > Energy Star	Service & Support	max 1	0	1	Private Product is not valid for current customer account	S4G00AAE	Service	VMware Cloud Foundation Term per Core 5-year Subscription 24x7 Support E-RTU                       is obsolete: S4G00AAE	0	2637.00		NA		No	Obsolete (OB)		Not published by OCA	Obsolete (OB)	07/01/2024	11/04/2025	{"Extended Price (USD)":"NA"}	ATTRIBUTE_CHANGED	2637.00	$0.00	0.00%	2026-09-09: $2637.00 → 2026-09-13: $2637.00
Support Services	Energy Star	HPE OCA > DL580 Gen12 [P75399-B21] > Support Services > Energy Star	Service & Support	max 1	0	1	Private Product is not valid for current customer account	S4R76AAE	Service	VMware Cloud Foundation Term per Core 1-year 24x7 E-RTU	0	519.00		NA		No	Not published by OCA		Not published by OCA	Active	08/05/2024	09/06/2028	{"Extended Price (USD)":"NA"}	ATTRIBUTE_CHANGED	519.00	$0.00	0.00%	2026-09-09: $519.00 → 2026-09-13: $519.00