Main Category,Sub-Category,Hierarchy Path,Component Role,Constraint Text,Subcategory Min Qty,Subcategory Max Qty,Table Rule/Note,Product #,Option Type,Description,Current Qty,Unit Price (USD),Price Delta (USD),Extended Price (USD),Price per GB (USD),HPE Recommended,Availability,Lead Time,Lead Time Source,Lifecycle Status,Start Date,Discontinued Date,Vendor Attributes (JSON),Diff Status,Previous List Price (USD),Price Change (USD),Price Change (%),Price History Trail
Chassis,Variants,HPE OCA > DL145 Gen11 > Chassis > Variants,Base Chassis,"min 1, max 1",1,1,"Select exactly one currently discoverable, non-TAA/non-GTA CTO base chassis",P71964-B21,CTO,HPE ProLiant DL145 Gen11 Configure-to-order Server,1,"$2,375.00",,,,Yes,Available in OCA product catalog,EDT 22 - 28 days,OCA selected configuration estimate,Active,,,,UNCHANGED,"$2,375.00",$0.00,$0.00,"$2,026.00"
Accessories & Infrastructure,Chassis Infrastructure & Rail Kits,HPE OCA > DL145 Gen11 > Accessories & Infrastructure > Chassis Infrastructure & Rail Kits,Chassis Infrastructure,max 4,0,4,Selection constraint for Chassis Infrastructure & Rail Kits: max 4,P22020-B21,Standard,HPE DL38X Gen10 Plus 2U Cable Management Arm for Rail Kit,1,$89.00,,$0.00,,No,Available,,Not published by OCA,Active,12/23/2019,05/31/2028,"{""Extended Price (USD)"":""0""}",UNCHANGED,$89.00,$0.00,$0.00,"$2,026.00"
Accessories & Infrastructure,Chassis Infrastructure & Rail Kits,HPE OCA > DL145 Gen11 > Accessories & Infrastructure > Chassis Infrastructure & Rail Kits,Chassis Infrastructure,max 4,0,4,Selection constraint for Chassis Infrastructure & Rail Kits: max 4,P52349-B21,Standard,HPE Easy Install Rail 1 Kit,1,$373.00,,$0.00,,No,Available,,Not published by OCA,Active,01/10/2023,06/30/2028,"{""Extended Price (USD)"":""0""}",UNCHANGED,$373.00,$0.00,$0.00,"$2,026.00"
Accessories & Infrastructure,Chassis Infrastructure & Rail Kits,HPE OCA > DL145 Gen11 > Accessories & Infrastructure > Chassis Infrastructure & Rail Kits,Cable Kit,max 4,0,4,Selection constraint for Chassis Infrastructure & Rail Kits: max 4,P72008-B21,Standard,HPE ProLiant DL145 Gen11 Rack Enablement Kit,1,$86.00,,$0.00,,No,Available,,Not published by OCA,Active,09/03/2024,06/30/2028,"{""Extended Price (USD)"":""0""}",UNCHANGED,$86.00,$0.00,$0.00,"$2,026.00"
Accessories & Infrastructure,Chassis Infrastructure & Rail Kits,HPE OCA > DL145 Gen11 > Accessories & Infrastructure > Chassis Infrastructure & Rail Kits,Chassis Infrastructure,max 4,0,4,Selection constraint for Chassis Infrastructure & Rail Kits: max 4,P78764-B21,Standard,HPE ProLiant DL145 Gen11 2-post Rail Kit,0,$110.00,,$0.00,,No,Available,,Not published by OCA,Active,03/03/2025,06/30/2028,"{""Extended Price (USD)"":""0""}",UNCHANGED,$110.00,$0.00,$0.00,"$2,026.00"
Accessories & Infrastructure,System Options,HPE OCA > DL145 Gen11 > Accessories & Infrastructure > System Options,Chassis Infrastructure,Optional,0,Optional,"""HPE DL145 Gen11 Desk/Wall Mount Kit"" and ""HPE DL145 Gen11 Rack enable kit"" cannot be selected together.",P72006-B21,Standard,HPE ProLiant DL145 Gen11 Desk/Wall Mounting Kit,0,$118.00,,$0.00,,No,Not published by OCA,,Not published by OCA,Active,09/03/2024,06/30/2028,"{""Extended Price (USD)"":""0""}",UNCHANGED,$118.00,$0.00,$0.00,"$2,026.00"
Accessories & Infrastructure,Acoustics,HPE OCA > DL145 Gen11 > Accessories & Infrastructure > Acoustics,Chassis Infrastructure,max 1,0,1,Selection constraint for Acoustics: max 1,P73006-B21,Standard,HPE ProLiant DL145 Gen11 Optimised Acoustics FIO Configuration,1,$1.00,,$0.00,,No,Available,,Not published by OCA,Active,09/03/2024,09/30/2099,"{""Extended Price (USD)"":""0""}",UNCHANGED,$1.00,$0.00,$0.00,"$2,026.00"
Processor,Processors,HPE OCA > DL145 Gen11 > Processor > Processors,Processor,"min 1, max 1",1,1,Selection constraint for Processors: max 1,P69259-B21,Standard,AMD EPYC 8124P 2.45GHz 16-core 125W Processor for HPE,0,"$1,744.00",$0.00,$0.00,,No,Available,,Not published by OCA,Active,09/03/2024,06/30/2028,"{""Price Delta (USD)"":""0"",""Extended Price (USD)"":""0""}",UNCHANGED,"$1,744.00",$0.00,$0.00,"$2,026.00"
Processor,Processors,HPE OCA > DL145 Gen11 > Processor > Processors,Processor,"min 1, max 1",1,1,Selection constraint for Processors: max 1,P69262-B21,Standard,AMD EPYC 8434P 2.5GHz 48-core 200W Processor for HPE,0,"$7,371.00",$0.00,$0.00,,No,Available,,Not published by OCA,Active,09/03/2024,06/30/2028,"{""Price Delta (USD)"":""0"",""Extended Price (USD)"":""0""}",UNCHANGED,"$7,371.00",$0.00,$0.00,"$2,026.00"
Processor,Processors,HPE OCA > DL145 Gen11 > Processor > Processors,Processor,"min 1, max 1",1,1,Selection constraint for Processors: max 1,P69263-B21,Standard,AMD EPYC 8534P 2.3GHz 64-core 200W Processor for HPE,0,"$9,654.00",$0.00,$0.00,,No,Available,,Not published by OCA,Active,09/03/2024,06/30/2028,"{""Price Delta (USD)"":""0"",""Extended Price (USD)"":""0""}",UNCHANGED,"$9,654.00",$0.00,$0.00,"$2,026.00"
Processor,Processors,HPE OCA > DL145 Gen11 > Processor > Processors,Processor,"min 1, max 1",1,1,Selection constraint for Processors: max 1,P71859-B21,Standard,AMD EPYC 8024PN 2.05GHz 8-core 80W Processor for HPE,0,"$1,433.00",$0.00,$0.00,,No,Available,,Not published by OCA,Active,09/03/2024,06/30/2028,"{""Price Delta (USD)"":""0"",""Extended Price (USD)"":""0""}",UNCHANGED,"$1,433.00",$0.00,$0.00,"$2,026.00"
Processor,Processors,HPE OCA > DL145 Gen11 > Processor > Processors,Processor,"min 1, max 1",1,1,Selection constraint for Processors: max 1,P71862-B21,Standard,AMD EPYC 8124PN 2.0GHz 16-core 100W Processor for HPE,0,"$2,157.00",$0.00,$0.00,,No,Available,,Not published by OCA,Active,09/03/2024,06/30/2028,"{""Price Delta (USD)"":""0"",""Extended Price (USD)"":""0""}",UNCHANGED,"$2,157.00",$0.00,$0.00,"$2,026.00"
Processor,Processors,HPE OCA > DL145 Gen11 > Processor > Processors,Processor,"min 1, max 1",1,1,Selection constraint for Processors: max 1,P71871-B21,Standard,AMD EPYC 8434PN 2.0GHz 48-core 155W Processor for HPE,0,"$8,600.00",$0.00,$0.00,,No,Available,,Not published by OCA,Active,09/03/2024,06/30/2028,"{""Price Delta (USD)"":""0"",""Extended Price (USD)"":""0""}",UNCHANGED,"$8,600.00",$0.00,$0.00,"$2,026.00"
Processor,Processors,HPE OCA > DL145 Gen11 > Processor > Processors,Processor,"min 1, max 1",1,1,Selection constraint for Processors: max 1,P71874-B21,Standard,AMD EPYC 8534PN 2.0GHz 64-core 175W Processor for HPE,0,"$10,617.00",$0.00,$0.00,,No,Available,,Not published by OCA,Active,09/03/2024,06/30/2028,"{""Price Delta (USD)"":""0"",""Extended Price (USD)"":""0""}",UNCHANGED,"$10,617.00",$0.00,$0.00,"$2,026.00"
Processor,Processors,HPE OCA > DL145 Gen11 > Processor > Processors,Processor,"min 1, max 1",1,1,Selection constraint for Processors: max 1,P88840-B21,Standard,AMD EPYC 8635P 1.6GHz 84-core 225W Processor for HPE,0,"$14,189.00",$0.00,$0.00,,No,Available,,Not published by OCA,Active,05/19/2026,06/30/2028,"{""Price Delta (USD)"":""0"",""Extended Price (USD)"":""0""}",UNCHANGED,"$14,189.00",$0.00,$0.00,"$2,026.00"
Processor,Processors,HPE OCA > DL145 Gen11 > Processor > Processors,Processor,"min 1, max 1",1,1,Selection constraint for Processors: max 1,P88842-B21,Standard,AMD EPYC 8535P 2.0GHz 64-core 210W Processor for HPE,0,"$11,873.00",$0.00,$0.00,,No,Available,,Not published by OCA,Active,05/19/2026,06/30/2028,"{""Price Delta (USD)"":""0"",""Extended Price (USD)"":""0""}",UNCHANGED,"$11,873.00",$0.00,$0.00,"$2,026.00"
Processor,Processors,HPE OCA > DL145 Gen11 > Processor > Processors,Processor,"min 1, max 1",1,1,Selection constraint for Processors: max 1,P88850-B21,Standard,AMD EPYC 8125P 2.65GHz 16-core 125W Processor for HPE,0,"$2,280.00",$0.00,$0.00,,No,Available,,Not published by OCA,Active,05/19/2026,06/30/2028,"{""Price Delta (USD)"":""0"",""Extended Price (USD)"":""0""}",UNCHANGED,"$2,280.00",$0.00,$0.00,"$2,026.00"
Processor,Processors,HPE OCA > DL145 Gen11 > Processor > Processors,Processor,"min 1, max 1",1,1,Selection constraint for Processors: max 1,P69258-B21,Standard,AMD EPYC 8024P 2.4GHz 8-core 90W Processor for HPE,0,"$1,160.00",$0.00,$0.00,,No,Available,,Not published by OCA,Active,09/03/2024,06/30/2028,"{""Price Delta (USD)"":""0"",""Extended Price (USD)"":""0""}",UNCHANGED,"$1,160.00",$0.00,$0.00,"$2,026.00"
Processor,Processors,HPE OCA > DL145 Gen11 > Processor > Processors,Processor,"min 1, max 1",1,1,Selection constraint for Processors: max 1,P69260-B21,Standard,AMD EPYC 8224P 2.55GHz 24-core 160W Processor for HPE,1,"$2,645.00",$0.00,$0.00,,No,Available,,Not published by OCA,Active,09/03/2024,06/30/2028,"{""Price Delta (USD)"":""0"",""Extended Price (USD)"":""0""}",UNCHANGED,"$2,645.00",$0.00,$0.00,"$2,026.00"
Processor,Processors,HPE OCA > DL145 Gen11 > Processor > Processors,Processor,"min 1, max 1",1,1,Selection constraint for Processors: max 1,P69261-B21,Standard,AMD EPYC 8324P 2.65GHz 32-core 180W Processor for HPE,0,"$5,173.00",$0.00,$0.00,,No,Available,,Not published by OCA,Active,09/03/2024,06/30/2028,"{""Price Delta (USD)"":""0"",""Extended Price (USD)"":""0""}",UNCHANGED,"$5,173.00",$0.00,$0.00,"$2,026.00"
Processor,Processors,HPE OCA > DL145 Gen11 > Processor > Processors,Processor,"min 1, max 1",1,1,Selection constraint for Processors: max 1,P71865-B21,Standard,AMD EPYC 8224PN 2.0GHz 24-core 120W Processor for HPE,0,"$2,958.00",$0.00,$0.00,,No,Available,,Not published by OCA,Active,09/03/2024,06/30/2028,"{""Price Delta (USD)"":""0"",""Extended Price (USD)"":""0""}",UNCHANGED,"$2,958.00",$0.00,$0.00,"$2,026.00"
Processor,Processors,HPE OCA > DL145 Gen11 > Processor > Processors,Processor,"min 1, max 1",1,1,Selection constraint for Processors: max 1,P71868-B21,Standard,AMD EPYC 8324PN 2.05GHz 32-core 130W Processor for HPE,0,"$5,801.00",$0.00,$0.00,,No,Available,,Not published by OCA,Active,09/03/2024,06/30/2028,"{""Price Delta (USD)"":""0"",""Extended Price (USD)"":""0""}",UNCHANGED,"$5,801.00",$0.00,$0.00,"$2,026.00"
Processor,Processors,HPE OCA > DL145 Gen11 > Processor > Processors,Processor,"min 1, max 1",1,1,Selection constraint for Processors: max 1,P88844-B21,Standard,AMD EPYC 8435P 2.45GHz 48-core 200W Processor for HPE,0,"$8,991.00",$0.00,$0.00,,No,Available,,Not published by OCA,Active,05/19/2026,06/30/2028,"{""Price Delta (USD)"":""0"",""Extended Price (USD)"":""0""}",UNCHANGED,"$8,991.00",$0.00,$0.00,"$2,026.00"
Processor,Processors,HPE OCA > DL145 Gen11 > Processor > Processors,Processor,"min 1, max 1",1,1,Selection constraint for Processors: max 1,P88846-B21,Standard,AMD EPYC 8325P 2.7GHz 32-core 175W Processor for HPE,0,"$6,636.00",$0.00,$0.00,,No,Available,,Not published by OCA,Active,05/19/2026,06/30/2028,"{""Price Delta (USD)"":""0"",""Extended Price (USD)"":""0""}",UNCHANGED,"$6,636.00",$0.00,$0.00,"$2,026.00"
Processor,Processors,HPE OCA > DL145 Gen11 > Processor > Processors,Processor,"min 1, max 1",1,1,Selection constraint for Processors: max 1,P88848-B21,Standard,AMD EPYC 8225P 2.95GHz 24-core 160W Processor for HPE,0,"$3,262.00",$0.00,$0.00,,No,Available,,Not published by OCA,Active,05/19/2026,06/30/2028,"{""Price Delta (USD)"":""0"",""Extended Price (USD)"":""0""}",UNCHANGED,"$3,262.00",$0.00,$0.00,"$2,026.00"
Processor,Processors,HPE OCA > DL145 Gen11 > Processor > Processors,Processor,"min 1, max 1",1,1,Selection constraint for Processors: max 1,P88852-B21,Standard,AMD EPYC 8025P 2.9GHz 8-core 95W Processor for HPE,0,"$1,563.00",$0.00,$0.00,,No,Available,,Not published by OCA,Active,05/19/2026,06/30/2028,"{""Price Delta (USD)"":""0"",""Extended Price (USD)"":""0""}",UNCHANGED,"$1,563.00",$0.00,$0.00,"$2,026.00"
Cooling / Thermal,Heatsink Kit,HPE OCA > DL145 Gen11 > Cooling / Thermal > Heatsink Kit,Cooling / Thermal,max 1,0,1,Selection constraint for Heatsink Kit: max 1,P72580-B21,Standard,HPE ProLiant DL145 Gen11 1U Heat Sink Kit,0,$202.00,,$0.00,,No,Available,,Not published by OCA,Active,04/07/2025,06/30/2028,"{""Extended Price (USD)"":""0""}",UNCHANGED,$202.00,$0.00,$0.00,"$2,026.00"
Memory,Memory,HPE OCA > DL145 Gen11 > Memory > Memory,Memory,max 6,0,6,Selection constraint for Memory: max 6,P50311-F21,Standard,HPE 32GB (1x32GB) Dual Rank x8 DDR5-4800 CAS-40-39-39 EC8 Registered Smart FIO Memory Kit,1,"$13,909.00",,$0.00,,No,Available,,Not published by OCA,Active,04/06/2026,11/30/2028,"{""Extended Price (USD)"":""0""}",UNCHANGED,"$13,909.00",$0.00,$0.00,"$2,026.00"
Memory,Memory,HPE OCA > DL145 Gen11 > Memory > Memory,Memory,max 6,0,6,"All DIMMs selected in a server configuration must be of the same part number, capacity size, rank etc.",P50312-F21,Standard,HPE 64GB (1x64GB) Dual Rank x4 DDR5-4800 CAS-40-39-39 EC8 Registered Smart FIO Memory Kit,0,"$28,532.00",,$0.00,,No,Not published by OCA,,Not published by OCA,Active,04/06/2026,11/30/2028,"{""Extended Price (USD)"":""0""}",UNCHANGED,"$28,532.00",$0.00,$0.00,"$2,026.00"
Memory,Memory,HPE OCA > DL145 Gen11 > Memory > Memory,Memory,max 6,0,6,"All DIMMs selected in a server configuration must be of the same part number, capacity size, rank etc.",P64986-F21,Standard,HPE 64GB (1x64GB) Dual Rank x4 DDR5-6400 CAS-52-52-52 EC8 Registered Smart FIO Memory Kit,0,"$28,532.00",,$0.00,,No,Not published by OCA,,Not published by OCA,Active,04/06/2026,11/30/2028,"{""Extended Price (USD)"":""0""}",UNCHANGED,"$28,532.00",$0.00,$0.00,"$2,026.00"
Memory,Memory,HPE OCA > DL145 Gen11 > Memory > Memory,Memory,max 6,0,6,"All DIMMs selected in a server configuration must be of the same part number, capacity size, rank etc.",P50309-F21,Standard,HPE 16GB (1x16GB) Single Rank x8 DDR5-4800 CAS-40-39-39 EC8 Registered Smart FIO Memory Kit,0,"$7,439.00",,$0.00,,No,Not published by OCA,,Not published by OCA,Active,04/06/2026,11/30/2028,"{""Extended Price (USD)"":""0""}",UNCHANGED,"$7,439.00",$0.00,$0.00,"$2,026.00"
Memory,Memory,HPE OCA > DL145 Gen11 > Memory > Memory,Memory,max 6,0,6,"All DIMMs selected in a server configuration must be of the same part number, capacity size, rank etc.",P64985-F21,Standard,HPE 32GB (1x32GB) Dual Rank x8 DDR5-6400 CAS-52-52-52 EC8 Registered Smart FIO Memory Kit,0,"$13,909.00",,$0.00,,No,Not published by OCA,,Not published by OCA,Active,04/06/2026,11/30/2028,"{""Extended Price (USD)"":""0""}",UNCHANGED,"$13,909.00",$0.00,$0.00,"$2,026.00"
Memory,Memory,HPE OCA > DL145 Gen11 > Memory > Memory,Memory,max 6,0,6,"All DIMMs selected in a server configuration must be of the same part number, capacity size, rank etc.",P64987-F21,Standard,HPE 96GB (1x96GB) Dual Rank x4 DDR5-6400 CAS-52-52-52 EC8 Registered Smart FIO Memory Kit,0,"$47,056.00",,$0.00,,No,Not published by OCA,,Not published by OCA,Active,04/06/2026,11/30/2028,"{""Extended Price (USD)"":""0""}",UNCHANGED,"$47,056.00",$0.00,$0.00,"$2,026.00"
Memory,Memory,HPE OCA > DL145 Gen11 > Memory > Memory,Memory,max 6,0,6,"All DIMMs selected in a server configuration must be of the same part number, capacity size, rank etc.",P64988-F21,Standard,HPE 128GB (1x128GB) Dual Rank x4 DDR5-6400 CAS-52-52-52 EC8 Registered Smart FIO Memory Kit,0,"$60,190.00",,$0.00,,No,Not published by OCA,,Not published by OCA,Active,04/06/2026,11/30/2028,"{""Extended Price (USD)"":""0""}",UNCHANGED,"$60,190.00",$0.00,$0.00,"$2,026.00"
Memory,Memory,HPE OCA > DL145 Gen11 > Memory > Memory,Memory,max 6,0,6,"All DIMMs selected in a server configuration must be of the same part number, capacity size, rank etc.",P66676-F21,Standard,HPE 96GB (1x96GB) Dual Rank x4 DDR5-4800 CAS-46-45-45 EC8 Registered Smart FIO Memory Kit,0,"$47,056.00",,$0.00,,No,Not published by OCA,,Not published by OCA,Active,04/06/2026,11/30/2028,"{""Extended Price (USD)"":""0""}",UNCHANGED,"$47,056.00",$0.00,$0.00,"$2,026.00"
Memory,Memory,HPE OCA > DL145 Gen11 > Memory > Memory,Memory,max 6,0,6,"All DIMMs selected in a server configuration must be of the same part number, capacity size, rank etc.",P69982-F21,Standard,HPE 128GB (1x128GB) Dual Rank x4 DDR5-4800 CAS-46-45-45 EC8 Registered Smart FIO Memory Kit,0,"$60,190.00",,$0.00,,No,Not published by OCA,,Not published by OCA,Active,04/06/2026,11/30/2028,"{""Extended Price (USD)"":""0""}",UNCHANGED,"$60,190.00",$0.00,$0.00,"$2,026.00"
Memory,Memory,HPE OCA > DL145 Gen11 > Memory > Memory,Memory,max 6,0,6,These products are hidden due to Supply constraints,P50309-B21,Standard,HPE 16GB (1x16GB) Single Rank x8 DDR5-4800 CAS-40-39-39 EC8 Registered Smart Memory Kit,0,"$7,439.00",,$0.00,,No,These products are hidden due to Supply constraints,,Not published by OCA,Active,11/10/2022,11/30/2028,"{""Extended Price (USD)"":""0""}",UNCHANGED,"$7,439.00",$0.00,$0.00,"$2,026.00"
Memory,Memory,HPE OCA > DL145 Gen11 > Memory > Memory,Memory,max 6,0,6,These products are hidden due to Supply constraints,P50311-B21,Standard,HPE 32GB (1x32GB) Dual Rank x8 DDR5-4800 CAS-40-39-39 EC8 Registered Smart Memory Kit,0,"$13,909.00",,$0.00,,No,These products are hidden due to Supply constraints,,Not published by OCA,Active,11/10/2022,11/30/2028,"{""Extended Price (USD)"":""0""}",UNCHANGED,"$13,909.00",$0.00,$0.00,"$2,026.00"
Memory,Memory,HPE OCA > DL145 Gen11 > Memory > Memory,Memory,max 6,0,6,These products are hidden due to Supply constraints,P50312-B21,Standard,HPE 64GB (1x64GB) Dual Rank x4 DDR5-4800 CAS-40-39-39 EC8 Registered Smart Memory Kit,0,"$28,532.00",,$0.00,,No,These products are hidden due to Supply constraints,,Not published by OCA,Active,11/10/2022,11/30/2028,"{""Extended Price (USD)"":""0""}",UNCHANGED,"$28,532.00",$0.00,$0.00,"$2,026.00"
Memory,Memory,HPE OCA > DL145 Gen11 > Memory > Memory,Memory,max 6,0,6,These products are hidden due to Supply constraints,P64984-B21,Standard,HPE 16GB (1x16GB) Single Rank x8 DDR5-6400 CAS-52-52-52 EC8 Registered Smart Memory Kit,0,"$7,439.00",,$0.00,,No,These products are hidden due to Supply constraints,,Not published by OCA,Active,09/03/2024,11/30/2027,"{""Extended Price (USD)"":""0""}",UNCHANGED,"$7,439.00",$0.00,$0.00,"$2,026.00"
Memory,Memory,HPE OCA > DL145 Gen11 > Memory > Memory,Memory,max 6,0,6,These products are hidden due to Supply constraints,P64984-F21,Standard,HPE 16GB (1x16GB) Single Rank x8 DDR5-6400 CAS-52-52-52 EC8 Registered Smart FIO Memory Kit,0,"$7,439.00",,$0.00,,No,These products are hidden due to Supply constraints,,Not published by OCA,Active,04/06/2026,11/30/2027,"{""Extended Price (USD)"":""0""}",UNCHANGED,"$7,439.00",$0.00,$0.00,"$2,026.00"
Memory,Memory,HPE OCA > DL145 Gen11 > Memory > Memory,Memory,max 6,0,6,These products are hidden due to Supply constraints,P64985-B21,Standard,HPE 32GB (1x32GB) Dual Rank x8 DDR5-6400 CAS-52-52-52 EC8 Registered Smart Memory Kit,0,"$13,909.00",,$0.00,,No,These products are hidden due to Supply constraints,,Not published by OCA,Active,09/03/2024,11/30/2028,"{""Extended Price (USD)"":""0""}",UNCHANGED,"$13,909.00",$0.00,$0.00,"$2,026.00"
Memory,Memory,HPE OCA > DL145 Gen11 > Memory > Memory,Memory,max 6,0,6,These products are hidden due to Supply constraints,P64986-B21,Standard,HPE 64GB (1x64GB) Dual Rank x4 DDR5-6400 CAS-52-52-52 EC8 Registered Smart Memory Kit,0,"$28,532.00",,$0.00,,No,These products are hidden due to Supply constraints,,Not published by OCA,Active,09/03/2024,11/30/2028,"{""Extended Price (USD)"":""0""}",UNCHANGED,"$28,532.00",$0.00,$0.00,"$2,026.00"
Memory,Memory,HPE OCA > DL145 Gen11 > Memory > Memory,Memory,max 6,0,6,These products are hidden due to Supply constraints,P64987-B21,Standard,HPE 96GB (1x96GB) Dual Rank x4 DDR5-6400 CAS-52-52-52 EC8 Registered Smart Memory Kit,0,"$47,056.00",,$0.00,,No,These products are hidden due to Supply constraints,,Not published by OCA,Active,09/03/2024,11/30/2028,"{""Extended Price (USD)"":""0""}",UNCHANGED,"$47,056.00",$0.00,$0.00,"$2,026.00"
Memory,Memory,HPE OCA > DL145 Gen11 > Memory > Memory,Memory,max 6,0,6,These products are hidden due to Supply constraints,P64988-B21,Standard,HPE 128GB (1x128GB) Dual Rank x4 DDR5-6400 CAS-52-52-52 EC8 Registered Smart Memory Kit,0,"$60,190.00",,$0.00,,No,These products are hidden due to Supply constraints,,Not published by OCA,Active,09/03/2024,11/30/2028,"{""Extended Price (USD)"":""0""}",UNCHANGED,"$60,190.00",$0.00,$0.00,"$2,026.00"
Memory,Memory,HPE OCA > DL145 Gen11 > Memory > Memory,Memory,max 6,0,6,These products are hidden due to Supply constraints,P66676-B21,Standard,HPE 96GB (1x96GB) Dual Rank x4 DDR5-4800 CAS-46-45-45 EC8 Registered Smart Memory Kit,0,"$47,056.00",,$0.00,,No,These products are hidden due to Supply constraints,,Not published by OCA,Active,09/05/2023,11/30/2028,"{""Extended Price (USD)"":""0""}",UNCHANGED,"$47,056.00",$0.00,$0.00,"$2,026.00"
Memory,Memory,HPE OCA > DL145 Gen11 > Memory > Memory,Memory,max 6,0,6,These products are hidden due to Supply constraints,P69982-B21,Standard,HPE 128GB (1x128GB) Dual Rank x4 DDR5-4800 CAS-40-39-39 EC8 Registered Smart Memory Kit,0,"$60,190.00",,$0.00,,No,These products are hidden due to Supply constraints,,Not published by OCA,Active,05/06/2024,11/30/2028,"{""Extended Price (USD)"":""0""}",UNCHANGED,"$60,190.00",$0.00,$0.00,"$2,026.00"
Storage Controllers,SAS Controller,HPE OCA > DL145 Gen11 > Storage Controllers > SAS Controller,Storage Controller,max 2,0,2,Selection constraint for SAS Controller: max 2,P47777-B21,Standard,HPE MR416i-p Gen11 x16 Lanes 8GB Cache PCI SPDM Plug-in Storage Controller,0,"$5,999.00",,$0.00,,No,Available,,Not published by OCA,Active,11/10/2022,04/30/2029,"{""Extended Price (USD)"":""0""}",UNCHANGED,"$5,999.00",$0.00,$0.00,"$2,026.00"
Storage Controllers,SAS Controller,HPE OCA > DL145 Gen11 > Storage Controllers > SAS Controller,Storage Controller,max 2,0,2,Selection constraint for SAS Controller: max 2,P47785-B21,Standard,HPE MR216i-p Gen11 x16 Lanes without Cache PCI SPDM Plug-in Storage Controller,0,"$3,499.00",,$0.00,,No,Available,,Not published by OCA,Active,11/10/2022,04/30/2029,"{""Extended Price (USD)"":""0""}",UNCHANGED,"$3,499.00",$0.00,$0.00,"$2,026.00"
Storage Controllers,SAS Controller,HPE OCA > DL145 Gen11 > Storage Controllers > SAS Controller,Storage Controller,max 2,0,2,Selection constraint for SAS Controller: max 2,804398-B21,Standard,HPE Smart Array E208e-p SR Gen10 (8 External Lanes/No Cache) 12G SAS PCIe Plug-in Controller,0,"$1,775.00",,$0.00,,No,Available,,Not published by OCA,Active,07/11/2017,04/30/2029,"{""Extended Price (USD)"":""0""}",UNCHANGED,"$1,775.00",$0.00,$0.00,"$2,026.00"
Storage Controllers,SAS Controller,HPE OCA > DL145 Gen11 > Storage Controllers > SAS Controller,Storage Controller,max 2,0,2,Selection constraint for SAS Controller: max 2,P58335-B21,Standard,HPE MR408i-o Gen11 x8 Lanes 4GB Cache OCP SPDM Storage Controller,0,"$4,599.00",,$0.00,,No,Available,,Not published by OCA,Active,11/10/2022,04/30/2029,"{""Extended Price (USD)"":""0""}",UNCHANGED,"$4,599.00",$0.00,$0.00,"$2,026.00"
Cables & Enablement Kits,Smart Storage Batteries,HPE OCA > DL145 Gen11 > Cables & Enablement Kits > Smart Storage Batteries,Cable Kit,max 1,0,1,Selection constraint for Smart Storage Batteries: max 1,P01366-B21,Standard,HPE 96W Smart Storage Lithium-ion Battery with 145mm Cable Kit,0,$110.00,,$0.00,,No,Available,,Not published by OCA,Active,12/18/2017,04/30/2029,"{""Extended Price (USD)"":""0""}",UNCHANGED,$110.00,$0.00,$0.00,"$2,026.00"
Cables & Enablement Kits,Smart Storage Batteries,HPE OCA > DL145 Gen11 > Cables & Enablement Kits > Smart Storage Batteries,Cable Kit,max 1,0,1,Selection constraint for Smart Storage Batteries: max 1,P02377-B21,Standard,HPE Smart Storage Hybrid Capacitor with 145mm Cable Kit,0,$397.00,,$0.00,,No,Available,,Not published by OCA,Active,04/02/2019,06/30/2027,"{""Extended Price (USD)"":""0""}",UNCHANGED,$397.00,$0.00,$0.00,"$2,026.00"
Cables & Enablement Kits,Smart Storage Batteries,HPE OCA > DL145 Gen11 > Cables & Enablement Kits > Smart Storage Batteries,Cable Kit,max 1,0,1,Selection constraint for Smart Storage Batteries: max 1,P65038-B21,Standard,HPE 16W Smart Hybrid Capacitor with 145mm Cable,0,$397.00,,$0.00,,No,Available,,Not published by OCA,Active,12/01/2025,06/30/2029,"{""Extended Price (USD)"":""0""}",UNCHANGED,$397.00,$0.00,$0.00,"$2,026.00"
Storage Controllers,Storage Controller Cables,HPE OCA > DL145 Gen11 > Storage Controllers > Storage Controller Cables,Cable Kit,max 1,0,1,Selection constraint for Storage Controller Cables: max 1,P72000-B21,Standard,HPE ProLiant DL145 Gen11 MR216i-p 2SFF Storage Controller Cable Kit,0,$57.00,,$0.00,,No,Available,,Not published by OCA,Active,09/03/2024,06/30/2028,"{""Extended Price (USD)"":""0""}",UNCHANGED,$57.00,$0.00,$0.00,"$2,026.00"
Storage Controllers,Storage Controller Cables,HPE OCA > DL145 Gen11 > Storage Controllers > Storage Controller Cables,Cable Kit,max 1,0,1,Selection constraint for Storage Controller Cables: max 1,P72002-B21,Standard,HPE ProLiant DL145 Gen11 MR408i-o 4EDSFF Storage Controller Cable Kit,0,$69.00,,$0.00,,No,Available,,Not published by OCA,Active,09/03/2024,06/30/2028,"{""Extended Price (USD)"":""0""}",UNCHANGED,$69.00,$0.00,$0.00,"$2,026.00"
Storage Controllers,Storage Controller Cables,HPE OCA > DL145 Gen11 > Storage Controllers > Storage Controller Cables,Cable Kit,max 1,0,1,Selection constraint for Storage Controller Cables: max 1,P73003-B21,Standard,HPE ProLiant DL145 Gen11 MR216i-p/MR416i-p 4EDSFF Storage Controller Cable Kit,0,$160.00,,$0.00,,No,Available,,Not published by OCA,Active,09/03/2024,06/30/2028,"{""Extended Price (USD)"":""0""}",UNCHANGED,$160.00,$0.00,$0.00,"$2,026.00"
Storage Controllers,RAID Settings,HPE OCA > DL145 Gen11 > Storage Controllers > RAID Settings,Storage Controller,max 1,0,1,Selection constraint for RAID Settings: max 1,339777-B21,Standard,HPE RAID 0 Drive 1 FIO Setting,0,$1.00,,$0.00,,No,Available,,Not published by OCA,Active,08/01/2008,09/30/2043,"{""Extended Price (USD)"":""0""}",UNCHANGED,$1.00,$0.00,$0.00,"$2,026.00"
Storage Controllers,RAID Settings,HPE OCA > DL145 Gen11 > Storage Controllers > RAID Settings,Storage Controller,max 1,0,1,Selection constraint for RAID Settings: max 1,339778-B21,Standard,HPE RAID 1 Drive 1 FIO Setting,0,$1.00,,$0.00,,No,Available,,Not published by OCA,Active,08/14/2003,07/31/2044,"{""Extended Price (USD)"":""0""}",UNCHANGED,$1.00,$0.00,$0.00,"$2,026.00"
Storage Controllers,RAID Settings,HPE OCA > DL145 Gen11 > Storage Controllers > RAID Settings,Storage Controller,max 1,0,1,Selection constraint for RAID Settings: max 1,339779-B21,Standard,HPE RAID 5 Drive 1 FIO Setting,0,$1.00,,$0.00,,No,Available,,Not published by OCA,Active,09/07/2016,09/30/2043,"{""Extended Price (USD)"":""0""}",UNCHANGED,$1.00,$0.00,$0.00,"$2,026.00"
Storage Controllers,RAID Settings,HPE OCA > DL145 Gen11 > Storage Controllers > RAID Settings,Storage Controller,max 1,0,1,Selection constraint for RAID Settings: max 1,339780-B21,Standard,HPE Raid 5 w/SP Drive 1 FIO Setting,0,$1.00,,$0.00,,No,Available,,Not published by OCA,Active,08/01/2008,09/30/2043,"{""Extended Price (USD)"":""0""}",UNCHANGED,$1.00,$0.00,$0.00,"$2,026.00"
Storage Controllers,RAID Settings,HPE OCA > DL145 Gen11 > Storage Controllers > RAID Settings,Storage Controller,max 1,0,1,Selection constraint for RAID Settings: max 1,339781-B21,Standard,HPE RAID FIO Advanced Data Guarding Option,0,$1.00,,$0.00,,No,Available,,Not published by OCA,Active,08/01/2008,09/30/2043,"{""Extended Price (USD)"":""0""}",UNCHANGED,$1.00,$0.00,$0.00,"$2,026.00"
Storage Controllers,RAID Settings,HPE OCA > DL145 Gen11 > Storage Controllers > RAID Settings,Storage Controller,max 1,0,1,Selection constraint for RAID Settings: max 1,389692-B21,Standard,HPE Customer Defined RAID Setting Service,0,$1.00,,$0.00,,No,Available,,Not published by OCA,Active,02/02/2005,12/31/2043,"{""Extended Price (USD)"":""0""}",UNCHANGED,$1.00,$0.00,$0.00,"$2,026.00"
Drive Enclosures / Drives,Drive Cage,HPE OCA > DL145 Gen11 > Drive Enclosures / Drives > Drive Cage,Cable Kit,max 2,0,2,Selection constraint for Drive Cage: max 2,P71981-B21,Standard,HPE ProLiant DL145 Gen11 6EDSFF Cable Kit,0,$225.00,,$0.00,,No,Available,,Not published by OCA,Active,09/03/2024,06/30/2028,"{""Extended Price (USD)"":""0""}",UNCHANGED,$225.00,$0.00,$0.00,"$2,026.00"
Drive Enclosures / Drives,Drive Cage,HPE OCA > DL145 Gen11 > Drive Enclosures / Drives > Drive Cage,Cable Kit,max 2,0,2,Selection constraint for Drive Cage: max 2,P72004-B21,Standard,HPE ProLiant DL145 Gen11 MR216i-p/MR416i-p 6EDSFF Storage Controller Cable Kit,0,$296.00,,$0.00,,No,Available,,Not published by OCA,Active,09/03/2024,06/30/2028,"{""Extended Price (USD)"":""0""}",UNCHANGED,$296.00,$0.00,$0.00,"$2,026.00"
Drive Enclosures / Drives,Drive Cage,HPE OCA > DL145 Gen11 > Drive Enclosures / Drives > Drive Cage,Drive Cage / Drive,max 2,0,2,Selection constraint for Drive Cage: max 2,P71977-B21,Standard,HPE ProLiant DL145 Gen11 2SFF Drive Cage Kit,0,$474.00,,$0.00,,No,Available,,Not published by OCA,Active,09/03/2024,06/30/2028,"{""Extended Price (USD)"":""0""}",UNCHANGED,$474.00,$0.00,$0.00,"$2,026.00"
Drive Enclosures / Drives,Drive Cage,HPE OCA > DL145 Gen11 > Drive Enclosures / Drives > Drive Cage,Drive Cage / Drive,max 2,0,2,Selection constraint for Drive Cage: max 2,P71985-B21,Standard,HPE ProLiant DL145 Gen11 4EDSFF Drive Cage Kit,1,$380.00,,$0.00,,No,Available,,Not published by OCA,Active,09/03/2024,06/30/2028,"{""Extended Price (USD)"":""0""}",UNCHANGED,$380.00,$0.00,$0.00,"$2,026.00"
Drive Enclosures / Drives,SSD - EDSFF NVME Read Intensive,HPE OCA > DL145 Gen11 > Drive Enclosures / Drives > SSD - EDSFF NVME Read Intensive,Drive Cage / Drive,max 4,0,4,Selection constraint for SSD - EDSFF NVME Read Intensive: max 4,P57803-B21,Standard,HPE 7.68TB NVMe Gen5 High Performance Read Intensive E3S EC1 EDSFF SPDM PM1743 SSD,0,"$68,440.00",,$0.00,,No,Available,,Not published by OCA,Active,04/03/2023,12/31/2027,"{""Extended Price (USD)"":""0""}",UNCHANGED,"$68,440.00",$0.00,$0.00,"$2,026.00"
Drive Enclosures / Drives,SSD - EDSFF NVME Read Intensive,HPE OCA > DL145 Gen11 > Drive Enclosures / Drives > SSD - EDSFF NVME Read Intensive,Drive Cage / Drive,max 4,0,4,Selection constraint for SSD - EDSFF NVME Read Intensive: max 4,P61191-B21,Standard,HPE 3.2TB NVMe Gen5 High Performance Mixed Use E3S EC1 EDSFF SPDM CM7 SSD,0,"$42,682.00",,$0.00,,No,Available,,Not published by OCA,Active,12/04/2023,12/31/2026,"{""Extended Price (USD)"":""0""}",UNCHANGED,"$42,682.00",$0.00,$0.00,"$2,026.00"
Drive Enclosures / Drives,SSD - EDSFF NVME Read Intensive,HPE OCA > DL145 Gen11 > Drive Enclosures / Drives > SSD - EDSFF NVME Read Intensive,Drive Cage / Drive,max 4,0,4,Selection constraint for SSD - EDSFF NVME Read Intensive: max 4,P69237-B21,Standard,HPE 3.84TB NVMe Gen5 Mainstream Performance Read Intensive E3S EC1 CD8P SSD,0,"$30,682.00",,$0.00,,No,EOL Warning (90-Day),,Not published by OCA,EOL Warning (90-Day),07/01/2024,11/30/2026,"{""Extended Price (USD)"":""0""}",UNCHANGED,"$30,682.00",$0.00,$0.00,"$2,026.00"
Drive Enclosures / Drives,SSD - EDSFF NVME Read Intensive,HPE OCA > DL145 Gen11 > Drive Enclosures / Drives > SSD - EDSFF NVME Read Intensive,Drive Cage / Drive,max 4,0,4,Selection constraint for SSD - EDSFF NVME Read Intensive: max 4,P70669-B21,Standard,HPE 3.2TB NVMe Gen5 High Performance Mixed Use E3S EC1 Self-encrypting FIPS 140-3 CM7 SSD,0,"$40,759.00",,$0.00,,No,Available,,Not published by OCA,Active,12/02/2024,03/31/2027,"{""Extended Price (USD)"":""0""}",UNCHANGED,"$40,759.00",$0.00,$0.00,"$2,026.00"
Drive Enclosures / Drives,SSD - EDSFF NVME Read Intensive,HPE OCA > DL145 Gen11 > Drive Enclosures / Drives > SSD - EDSFF NVME Read Intensive,Drive Cage / Drive,max 4,0,4,Selection constraint for SSD - EDSFF NVME Read Intensive: max 4,P70672-B21,Standard,HPE 6.4TB NVMe Gen5 High Performance Mixed Use E3S EC1 Self-encrypting FIPS 140-3 CM7 SSD,0,"$68,106.00",,$0.00,,No,Available,,Not published by OCA,Active,12/02/2024,03/31/2027,"{""Extended Price (USD)"":""0""}",UNCHANGED,"$68,106.00",$0.00,$0.00,"$2,026.00"
Drive Enclosures / Drives,SSD - EDSFF NVME Read Intensive,HPE OCA > DL145 Gen11 > Drive Enclosures / Drives > SSD - EDSFF NVME Read Intensive,Drive Cage / Drive,max 4,0,4,Selection constraint for SSD - EDSFF NVME Read Intensive: max 4,P77265-B21,Standard,HPE 3.2TB NVMe Gen5 Mainstream Performance Mixed Use E3S EC1 EDSFF SPDM PE1030 SSD,0,"$24,988.00",,$0.00,,No,Available,,Not published by OCA,Active,02/03/2025,12/31/2027,"{""Extended Price (USD)"":""0""}",UNCHANGED,"$24,988.00",$0.00,$0.00,"$2,026.00"
Drive Enclosures / Drives,SSD - EDSFF NVME Read Intensive,HPE OCA > DL145 Gen11 > Drive Enclosures / Drives > SSD - EDSFF NVME Read Intensive,Drive Cage / Drive,max 4,0,4,Selection constraint for SSD - EDSFF NVME Read Intensive: max 4,P78787-B21,Standard,HPE 6.4TB NVMe Gen5 High Performance Mixed Use E3.S EC1 PM1755 SSD,0,"$35,088.00",,$0.00,,No,Available,,Not published by OCA,Active,04/06/2026,06/30/2028,"{""Extended Price (USD)"":""0""}",UNCHANGED,"$35,088.00",$0.00,$0.00,"$2,026.00"
Drive Enclosures / Drives,SSD - EDSFF NVME Read Intensive,HPE OCA > DL145 Gen11 > Drive Enclosures / Drives > SSD - EDSFF NVME Read Intensive,Drive Cage / Drive,max 4,0,4,Selection constraint for SSD - EDSFF NVME Read Intensive: max 4,P87719-B21,Standard,HPE 1.92TB NVMe Gen5 Mainstream Performance Read Intensive E3S EC1 Self-encrypting 7600 SSD,0,"$17,948.00",,$0.00,,No,Available,,Not published by OCA,Active,08/03/2026,11/30/2027,"{""Extended Price (USD)"":""0""}",UNCHANGED,"$17,948.00",$0.00,$0.00,"$2,026.00"
Drive Enclosures / Drives,SSD - EDSFF NVME Read Intensive,HPE OCA > DL145 Gen11 > Drive Enclosures / Drives > SSD - EDSFF NVME Read Intensive,Drive Cage / Drive,max 4,0,4,Selection constraint for SSD - EDSFF NVME Read Intensive: max 4,P87721-B21,Standard,HPE 3.84TB NVMe Gen5 Mainstream Performance Read Intensive E3S EC1 Self-encrypting 7600 SSD,0,"$27,397.00",,$0.00,,No,Available,,Not published by OCA,Active,08/03/2026,11/30/2027,"{""Extended Price (USD)"":""0""}",UNCHANGED,"$27,397.00",$0.00,$0.00,"$2,026.00"
Drive Enclosures / Drives,SSD - EDSFF NVME Read Intensive,HPE OCA > DL145 Gen11 > Drive Enclosures / Drives > SSD - EDSFF NVME Read Intensive,Drive Cage / Drive,max 4,0,4,Selection constraint for SSD - EDSFF NVME Read Intensive: max 4,P91084-B21,Standard,HPE 1.6TB NVMe Gen5 Mainstream Performance Mixed Use E3.S EC1 E3 Thin Multi Vendor SSD,0,"$19,893.00",,$0.00,,No,Available,,Not published by OCA,Active,06/01/2026,06/30/2028,"{""Extended Price (USD)"":""0""}",UNCHANGED,"$19,893.00",$0.00,$0.00,"$2,026.00"
Drive Enclosures / Drives,SSD - EDSFF NVME Read Intensive,HPE OCA > DL145 Gen11 > Drive Enclosures / Drives > SSD - EDSFF NVME Read Intensive,Drive Cage / Drive,max 4,0,4,Selection constraint for SSD - EDSFF NVME Read Intensive: max 4,P91086-B21,Standard,HPE 3.2TB NVMe Gen5 Mainstream Performance Mixed Use E3.S EC1 E3 Thin Multi Vendor SSD,0,"$28,574.00",,$0.00,,No,Available,,Not published by OCA,Active,06/01/2026,06/30/2028,"{""Extended Price (USD)"":""0""}",UNCHANGED,"$28,574.00",$0.00,$0.00,"$2,026.00"
Drive Enclosures / Drives,SSD - EDSFF NVME Read Intensive,HPE OCA > DL145 Gen11 > Drive Enclosures / Drives > SSD - EDSFF NVME Read Intensive,Drive Cage / Drive,max 4,0,4,Selection constraint for SSD - EDSFF NVME Read Intensive: max 4,P91088-B21,Standard,HPE 6.4TB NVMe Gen5 Mainstream Performance Mixed Use E3.S EC1 E3 Thin Multi Vendor SSD,0,"$43,643.00",,$0.00,,No,Available,,Not published by OCA,Active,06/01/2026,06/30/2028,"{""Extended Price (USD)"":""0""}",UNCHANGED,"$43,643.00",$0.00,$0.00,"$2,026.00"
Drive Enclosures / Drives,SSD - EDSFF NVME Read Intensive,HPE OCA > DL145 Gen11 > Drive Enclosures / Drives > SSD - EDSFF NVME Read Intensive,Drive Cage / Drive,max 4,0,4,Selection constraint for SSD - EDSFF NVME Read Intensive: max 4,P91090-B21,Standard,HPE 1.92TB NVMe Gen5 Mainstream Performance Read Intensive E3.S EC1 E3 Thin Multi Vendor SSD,0,"$17,851.00",,$0.00,,No,Available,,Not published by OCA,Active,06/01/2026,06/30/2028,"{""Extended Price (USD)"":""0""}",UNCHANGED,"$17,851.00",$0.00,$0.00,"$2,026.00"
Drive Enclosures / Drives,SSD - EDSFF NVME Read Intensive,HPE OCA > DL145 Gen11 > Drive Enclosures / Drives > SSD - EDSFF NVME Read Intensive,Drive Cage / Drive,max 4,0,4,Selection constraint for SSD - EDSFF NVME Read Intensive: max 4,P91092-B21,Standard,HPE 3.84TB NVMe Gen5 Mainstream Performance Read Intensive E3.S EC1 E3 Thin Multi Vendor SSD,0,"$28,196.00",,$0.00,,No,Available,,Not published by OCA,Active,06/01/2026,06/30/2028,"{""Extended Price (USD)"":""0""}",UNCHANGED,"$28,196.00",$0.00,$0.00,"$2,026.00"
Drive Enclosures / Drives,SSD - EDSFF NVME Read Intensive,HPE OCA > DL145 Gen11 > Drive Enclosures / Drives > SSD - EDSFF NVME Read Intensive,Drive Cage / Drive,max 4,0,4,Selection constraint for SSD - EDSFF NVME Read Intensive: max 4,P91094-B21,Standard,HPE 7.68TB NVMe Gen5 Mainstream Performance Read Intensive E3.S EC1 E3 Thin Multi Vendor SSD,0,"$47,719.00",,$0.00,,No,Available,,Not published by OCA,Active,06/01/2026,06/30/2028,"{""Extended Price (USD)"":""0""}",UNCHANGED,"$47,719.00",$0.00,$0.00,"$2,026.00"
Drive Enclosures / Drives,SSD - EDSFF NVME Read Intensive,HPE OCA > DL145 Gen11 > Drive Enclosures / Drives > SSD - EDSFF NVME Read Intensive,Drive Cage / Drive,max 4,0,4,Selection constraint for SSD - EDSFF NVME Read Intensive: max 4,P91096-B21,Standard,HPE 15.36TB NVMe Gen5 Mainstream Performance Read Intensive E3.S EC1 E3 Thin Multi Vendor SSD,0,"$85,736.00",,$0.00,,No,Available,,Not published by OCA,Active,06/01/2026,06/30/2028,"{""Extended Price (USD)"":""0""}",UNCHANGED,"$85,736.00",$0.00,$0.00,"$2,026.00"
Drive Enclosures / Drives,SSD - EDSFF NVME Read Intensive,HPE OCA > DL145 Gen11 > Drive Enclosures / Drives > SSD - EDSFF NVME Read Intensive,Drive Cage / Drive,max 4,0,4,Selection constraint for SSD - EDSFF NVME Read Intensive: max 4,P91098-B21,Standard,HPE 3.2TB NVMe Gen5 High Performance Mixed Use E3.S EC1 E3 Thin Multi Vendor SSD,0,"$36,346.00",,$0.00,,No,Available,,Not published by OCA,Active,06/01/2026,06/30/2028,"{""Extended Price (USD)"":""0""}",UNCHANGED,"$36,346.00",$0.00,$0.00,"$2,026.00"
Drive Enclosures / Drives,SSD - EDSFF NVME Read Intensive,HPE OCA > DL145 Gen11 > Drive Enclosures / Drives > SSD - EDSFF NVME Read Intensive,Drive Cage / Drive,max 4,0,4,Selection constraint for SSD - EDSFF NVME Read Intensive: max 4,P91100-B21,Standard,HPE 6.4TB NVMe Gen5 High Performance Mixed Use E3.S EC1 E3 Thin Multi Vendor SSD,0,"$61,895.00",,$0.00,,No,Available,,Not published by OCA,Active,06/01/2026,06/30/2028,"{""Extended Price (USD)"":""0""}",UNCHANGED,"$61,895.00",$0.00,$0.00,"$2,026.00"
Drive Enclosures / Drives,SSD - EDSFF NVME Read Intensive,HPE OCA > DL145 Gen11 > Drive Enclosures / Drives > SSD - EDSFF NVME Read Intensive,Drive Cage / Drive,max 4,0,4,Selection constraint for SSD - EDSFF NVME Read Intensive: max 4,P91102-B21,Standard,HPE 12.8TB NVMe Gen5 High Performance Mixed Use E3.S EC1 E3 Thin Multi Vendor SSD,0,"$111,990.00",,$0.00,,No,Available,,Not published by OCA,Active,06/01/2026,06/30/2028,"{""Extended Price (USD)"":""0""}",UNCHANGED,"$111,990.00",$0.00,$0.00,"$2,026.00"
Drive Enclosures / Drives,SSD - EDSFF NVME Read Intensive,HPE OCA > DL145 Gen11 > Drive Enclosures / Drives > SSD - EDSFF NVME Read Intensive,Drive Cage / Drive,max 4,0,4,Selection constraint for SSD - EDSFF NVME Read Intensive: max 4,P91229-B21,Standard,HPE 3.84TB NVMe Gen5 High Performance Read Intensive E3.S EC1 E3 Thin Multi Vendor SSD,0,"$37,112.00",,$0.00,,No,Available,,Not published by OCA,Active,06/01/2026,06/30/2028,"{""Extended Price (USD)"":""0""}",UNCHANGED,"$37,112.00",$0.00,$0.00,"$2,026.00"
Drive Enclosures / Drives,SSD - EDSFF NVME Read Intensive,HPE OCA > DL145 Gen11 > Drive Enclosures / Drives > SSD - EDSFF NVME Read Intensive,Drive Cage / Drive,max 4,0,4,Selection constraint for SSD - EDSFF NVME Read Intensive: max 4,P91233-B21,Standard,HPE 15.36TB NVMe Gen5 High Performance Read Intensive E3.S EC1 E3 Thin Multi Vendor SSD,0,"$123,319.00",,$0.00,,No,Available,,Not published by OCA,Active,06/01/2026,06/30/2028,"{""Extended Price (USD)"":""0""}",UNCHANGED,"$123,319.00",$0.00,$0.00,"$2,026.00"
Drive Enclosures / Drives,SSD - EDSFF NVME Read Intensive,HPE OCA > DL145 Gen11 > Drive Enclosures / Drives > SSD - EDSFF NVME Read Intensive,Drive Cage / Drive,max 4,0,4,Selection constraint for SSD - EDSFF NVME Read Intensive: max 4,P61179-B21,Standard,HPE 3.84TB NVMe Gen5 High Performance Read Intensive E3S EC1 EDSFF SPDM CM7 SSD,0,"$47,029.00",,$0.00,,No,Available,,Not published by OCA,Active,12/04/2023,12/31/2026,"{""Extended Price (USD)"":""0""}",UNCHANGED,"$47,029.00",$0.00,$0.00,"$2,026.00"
Drive Enclosures / Drives,SSD - EDSFF NVME Read Intensive,HPE OCA > DL145 Gen11 > Drive Enclosures / Drives > SSD - EDSFF NVME Read Intensive,Drive Cage / Drive,max 4,0,4,Selection constraint for SSD - EDSFF NVME Read Intensive: max 4,P61183-B21,Standard,HPE 7.68TB NVMe Gen5 High Performance Read Intensive E3S EC1 EDSFF SPDM CM7 SSD,0,"$75,784.00",,$0.00,,No,Available,,Not published by OCA,Active,12/04/2023,12/31/2026,"{""Extended Price (USD)"":""0""}",UNCHANGED,"$75,784.00",$0.00,$0.00,"$2,026.00"
Drive Enclosures / Drives,SSD - EDSFF NVME Read Intensive,HPE OCA > DL145 Gen11 > Drive Enclosures / Drives > SSD - EDSFF NVME Read Intensive,Drive Cage / Drive,max 4,0,4,Selection constraint for SSD - EDSFF NVME Read Intensive: max 4,P63930-B21,Standard,HPE 3.84TB NVMe Gen4 Mainstream Performance Very Read Optimized E3S EC1 EDSFF P5430 SSD,0,"$29,188.00",,$0.00,,No,Available,,Not published by OCA,Active,05/06/2024,12/31/2026,"{""Extended Price (USD)"":""0""}",UNCHANGED,"$29,188.00",$0.00,$0.00,"$2,026.00"
Drive Enclosures / Drives,SSD - EDSFF NVME Read Intensive,HPE OCA > DL145 Gen11 > Drive Enclosures / Drives > SSD - EDSFF NVME Read Intensive,Drive Cage / Drive,max 4,0,4,Selection constraint for SSD - EDSFF NVME Read Intensive: max 4,P63934-B21,Standard,HPE 7.68TB NVMe Gen4 Mainstream Performance Very Read Optimized E3S EC1 EDSFF P5430 SSD,0,"$49,219.00",,$0.00,,No,Available,,Not published by OCA,Active,05/06/2024,12/31/2026,"{""Extended Price (USD)"":""0""}",UNCHANGED,"$49,219.00",$0.00,$0.00,"$2,026.00"
Drive Enclosures / Drives,SSD - EDSFF NVME Read Intensive,HPE OCA > DL145 Gen11 > Drive Enclosures / Drives > SSD - EDSFF NVME Read Intensive,Drive Cage / Drive,max 4,0,4,Selection constraint for SSD - EDSFF NVME Read Intensive: max 4,P69234-B21,Standard,HPE 1.92TB NVMe Gen5 Mainstream Performance Read Intensive E3S EC1 CD8P SSD,0,"$19,743.00",,$0.00,,No,EOL Warning (90-Day),,Not published by OCA,EOL Warning (90-Day),07/01/2024,11/30/2026,"{""Extended Price (USD)"":""0""}",UNCHANGED,"$19,743.00",$0.00,$0.00,"$2,026.00"
Drive Enclosures / Drives,SSD - EDSFF NVME Read Intensive,HPE OCA > DL145 Gen11 > Drive Enclosures / Drives > SSD - EDSFF NVME Read Intensive,Drive Cage / Drive,max 4,0,4,Selection constraint for SSD - EDSFF NVME Read Intensive: max 4,P69239-B21,Standard,HPE 7.68TB NVMe Gen5 Mainstream Performance Read Intensive E3S EC1 CD8P SSD,0,"$44,109.00",,$0.00,,No,EOL Warning (90-Day),,Not published by OCA,EOL Warning (90-Day),07/01/2024,11/30/2026,"{""Extended Price (USD)"":""0""}",UNCHANGED,"$44,109.00",$0.00,$0.00,"$2,026.00"
Drive Enclosures / Drives,SSD - EDSFF NVME Read Intensive,HPE OCA > DL145 Gen11 > Drive Enclosures / Drives > SSD - EDSFF NVME Read Intensive,Drive Cage / Drive,max 4,0,4,Selection constraint for SSD - EDSFF NVME Read Intensive: max 4,P70397-B21,Standard,HPE 15.36TB NVMe Gen5 High Performance Read Intensive E3S EC1 PS1010 SSD,0,"$107,137.00",,$0.00,,No,Available,,Not published by OCA,Active,07/01/2024,04/30/2028,"{""Extended Price (USD)"":""0""}",UNCHANGED,"$107,137.00",$0.00,$0.00,"$2,026.00"
Drive Enclosures / Drives,SSD - EDSFF NVME Read Intensive,HPE OCA > DL145 Gen11 > Drive Enclosures / Drives > SSD - EDSFF NVME Read Intensive,Drive Cage / Drive,max 4,0,4,Selection constraint for SSD - EDSFF NVME Read Intensive: max 4,P77053-B21,Standard,HPE 6.4TB NVMe Gen5 High Performance Mixed Use E3S EC1 EDSFF SPDM 9550 SSD,0,"$61,754.00",,$0.00,,No,Available,,Not published by OCA,Active,05/04/2026,03/31/2027,"{""Extended Price (USD)"":""0""}",UNCHANGED,"$61,754.00",$0.00,$0.00,"$2,026.00"
Drive Enclosures / Drives,SSD - EDSFF NVME Read Intensive,HPE OCA > DL145 Gen11 > Drive Enclosures / Drives > SSD - EDSFF NVME Read Intensive,Drive Cage / Drive,max 4,0,4,Selection constraint for SSD - EDSFF NVME Read Intensive: max 4,P77055-B21,Standard,HPE 12.8TB NVMe Gen5 High Performance Mixed Use E3S EC1 EDSFF SPDM 9550 SSD,0,"$113,376.00",,$0.00,,No,Available,,Not published by OCA,Active,05/04/2026,03/31/2027,"{""Extended Price (USD)"":""0""}",UNCHANGED,"$113,376.00",$0.00,$0.00,"$2,026.00"
Drive Enclosures / Drives,SSD - EDSFF NVME Read Intensive,HPE OCA > DL145 Gen11 > Drive Enclosures / Drives > SSD - EDSFF NVME Read Intensive,Drive Cage / Drive,max 4,0,4,Selection constraint for SSD - EDSFF NVME Read Intensive: max 4,P77059-B21,Standard,HPE 7.68TB NVMe Gen5 High Performance Read Intensive E3S EC1 EDSFF SPDM 9550 SSD,0,"$58,819.00",,$0.00,,No,Available,,Not published by OCA,Active,05/04/2026,03/31/2027,"{""Extended Price (USD)"":""0""}",UNCHANGED,"$58,819.00",$0.00,$0.00,"$2,026.00"
Drive Enclosures / Drives,SSD - EDSFF NVME Read Intensive,HPE OCA > DL145 Gen11 > Drive Enclosures / Drives > SSD - EDSFF NVME Read Intensive,Drive Cage / Drive,max 4,0,4,Selection constraint for SSD - EDSFF NVME Read Intensive: max 4,P77061-B21,Standard,HPE 15.36TB NVMe Gen5 High Performance Read Intensive E3S EC1 EDSFF SPDM 9550 SSD,0,"$107,983.00",,$0.00,,No,Available,,Not published by OCA,Active,05/04/2026,03/31/2027,"{""Extended Price (USD)"":""0""}",UNCHANGED,"$107,983.00",$0.00,$0.00,"$2,026.00"
Drive Enclosures / Drives,SSD - EDSFF NVME Read Intensive,HPE OCA > DL145 Gen11 > Drive Enclosures / Drives > SSD - EDSFF NVME Read Intensive,Drive Cage / Drive,max 4,0,4,Selection constraint for SSD - EDSFF NVME Read Intensive: max 4,P78914-B21,Standard,HPE 1.92TB NVMe Gen5 Mainstream Performance Read Intensive E3S EC1 EDSFF SPDM PM9D3a SSD,0,"$17,539.00",,$0.00,,No,Available,,Not published by OCA,Active,05/04/2026,06/30/2028,"{""Extended Price (USD)"":""0""}",UNCHANGED,"$17,539.00",$0.00,$0.00,"$2,026.00"
Drive Enclosures / Drives,SSD - EDSFF NVME Read Intensive,HPE OCA > DL145 Gen11 > Drive Enclosures / Drives > SSD - EDSFF NVME Read Intensive,Drive Cage / Drive,max 4,0,4,Selection constraint for SSD - EDSFF NVME Read Intensive: max 4,P78923-B21,Standard,HPE 30.72TB NVMe Gen5 Mainstream Performance Read Intensive E3S EC1 EDSFF SPDM PM9D3a SSD,0,"$153,423.00",,$0.00,,No,Available,,Not published by OCA,Active,05/04/2026,06/30/2028,"{""Extended Price (USD)"":""0""}",UNCHANGED,"$153,423.00",$0.00,$0.00,"$2,026.00"
Drive Enclosures / Drives,SSD - EDSFF NVME Read Intensive,HPE OCA > DL145 Gen11 > Drive Enclosures / Drives > SSD - EDSFF NVME Read Intensive,Drive Cage / Drive,max 4,0,4,Selection constraint for SSD - EDSFF NVME Read Intensive: max 4,P79122-B21,Standard,HPE 15.36TB NVMe Gen5 High Performance Read Intensive E3S EC1 Self-encrypting FIPS 140-3 CM7 SSD,0,"$118,713.00",,$0.00,,No,Available,,Not published by OCA,Active,04/07/2025,03/31/2027,"{""Extended Price (USD)"":""0""}",UNCHANGED,"$118,713.00",$0.00,$0.00,"$2,026.00"
Drive Enclosures / Drives,SSD - EDSFF NVME Read Intensive,HPE OCA > DL145 Gen11 > Drive Enclosures / Drives > SSD - EDSFF NVME Read Intensive,Drive Cage / Drive,max 4,0,4,Selection constraint for SSD - EDSFF NVME Read Intensive: max 4,P85128-B21,Standard,HPE 15.36TB NVMe Gen5 Mainstream Performance Read Intensive E3S EC1 SPDM 7600 SSD,0,"$83,307.00",,$0.00,,No,Available,,Not published by OCA,Active,08/03/2026,11/30/2027,"{""Extended Price (USD)"":""0""}",UNCHANGED,"$83,307.00",$0.00,$0.00,"$2,026.00"
Drive Enclosures / Drives,SSD - EDSFF NVME Read Intensive,HPE OCA > DL145 Gen11 > Drive Enclosures / Drives > SSD - EDSFF NVME Read Intensive,Drive Cage / Drive,max 4,0,4,Selection constraint for SSD - EDSFF NVME Read Intensive: max 4,P85731-B21,Standard,HPE 3.2TB NVMe Gen5 High Performance Mixed Use E3.S EC1 E3 Thin PQC27 CM9 SSD,0,"$37,278.00",,$0.00,,No,Available,,Not published by OCA,Active,07/06/2026,11/30/2027,"{""Extended Price (USD)"":""0""}",UNCHANGED,"$37,278.00",$0.00,$0.00,"$2,026.00"
Drive Enclosures / Drives,SSD - EDSFF NVME Read Intensive,HPE OCA > DL145 Gen11 > Drive Enclosures / Drives > SSD - EDSFF NVME Read Intensive,Drive Cage / Drive,max 4,0,4,Selection constraint for SSD - EDSFF NVME Read Intensive: max 4,P57799-B21,Standard,HPE 3.84TB NVMe Gen5 High Performance Read Intensive E3S EC1 EDSFF SPDM PM1743 SSD,0,"$36,705.00",,$0.00,,No,Direct Ship (DS),,Not published by OCA,Direct Ship (DS),04/03/2023,08/31/2026,"{""Extended Price (USD)"":""0""}",UNCHANGED,"$36,705.00",$0.00,$0.00,"$2,026.00"
Drive Enclosures / Drives,SSD - EDSFF NVME Read Intensive,HPE OCA > DL145 Gen11 > Drive Enclosures / Drives > SSD - EDSFF NVME Read Intensive,Drive Cage / Drive,max 4,0,4,Selection constraint for SSD - EDSFF NVME Read Intensive: max 4,P61187-B21,Standard,HPE 15.36TB NVMe Gen5 High Performance Read Intensive E3S EC1 EDSFF SPDM CM7 SSD,0,"$118,842.00",,$0.00,,No,Available,,Not published by OCA,Active,12/04/2023,12/31/2026,"{""Extended Price (USD)"":""0""}",UNCHANGED,"$118,842.00",$0.00,$0.00,"$2,026.00"
Drive Enclosures / Drives,SSD - EDSFF NVME Read Intensive,HPE OCA > DL145 Gen11 > Drive Enclosures / Drives > SSD - EDSFF NVME Read Intensive,Drive Cage / Drive,max 4,0,4,Selection constraint for SSD - EDSFF NVME Read Intensive: max 4,P61195-B21,Standard,HPE 6.4TB NVMe Gen5 High Performance Mixed Use E3S EC1 EDSFF SPDM CM7 SSD,0,"$60,093.00",,$0.00,,No,Available,,Not published by OCA,Active,12/04/2023,12/31/2026,"{""Extended Price (USD)"":""0""}",UNCHANGED,"$60,093.00",$0.00,$0.00,"$2,026.00"
Drive Enclosures / Drives,SSD - EDSFF NVME Read Intensive,HPE OCA > DL145 Gen11 > Drive Enclosures / Drives > SSD - EDSFF NVME Read Intensive,Drive Cage / Drive,max 4,0,4,Selection constraint for SSD - EDSFF NVME Read Intensive: max 4,P63938-B21,Standard,HPE 15.36TB NVMe Gen4 Mainstream Performance Very Read Optimized E3S EC1 EDSFF P5430 SSD,0,"$96,543.00",,$0.00,,No,Available,,Not published by OCA,Active,05/06/2024,12/31/2026,"{""Extended Price (USD)"":""0""}",UNCHANGED,"$96,543.00",$0.00,$0.00,"$2,026.00"
Drive Enclosures / Drives,SSD - EDSFF NVME Read Intensive,HPE OCA > DL145 Gen11 > Drive Enclosures / Drives > SSD - EDSFF NVME Read Intensive,Drive Cage / Drive,max 4,0,4,Selection constraint for SSD - EDSFF NVME Read Intensive: max 4,P69241-B21,Standard,HPE 1.6TB NVMe Gen5 Mainstream Performance Mixed Use E3S EC1 CD8P SSD,0,"$20,109.00",,$0.00,,No,EOL Warning (90-Day),,Not published by OCA,EOL Warning (90-Day),07/01/2024,11/30/2026,"{""Extended Price (USD)"":""0""}",UNCHANGED,"$20,109.00",$0.00,$0.00,"$2,026.00"
Drive Enclosures / Drives,SSD - EDSFF NVME Read Intensive,HPE OCA > DL145 Gen11 > Drive Enclosures / Drives > SSD - EDSFF NVME Read Intensive,Drive Cage / Drive,max 4,0,4,Selection constraint for SSD - EDSFF NVME Read Intensive: max 4,P69243-B21,Standard,HPE 3.2TB NVMe Gen5 Mainstream Performance Mixed Use E3S EC1 CD8P SSD,0,"$27,452.00",,$0.00,,No,EOL Warning (90-Day),,Not published by OCA,EOL Warning (90-Day),07/01/2024,11/30/2026,"{""Extended Price (USD)"":""0""}",UNCHANGED,"$27,452.00",$0.00,$0.00,"$2,026.00"
Drive Enclosures / Drives,SSD - EDSFF NVME Read Intensive,HPE OCA > DL145 Gen11 > Drive Enclosures / Drives > SSD - EDSFF NVME Read Intensive,Drive Cage / Drive,max 4,0,4,Selection constraint for SSD - EDSFF NVME Read Intensive: max 4,P69245-B21,Standard,HPE 6.4TB NVMe Gen5 Mainstream Performance Mixed Use E3S EC1 CD8P SSD,0,"$44,109.00",,$0.00,,No,EOL Warning (90-Day),,Not published by OCA,EOL Warning (90-Day),07/01/2024,11/30/2026,"{""Extended Price (USD)"":""0""}",UNCHANGED,"$44,109.00",$0.00,$0.00,"$2,026.00"
Drive Enclosures / Drives,SSD - EDSFF NVME Read Intensive,HPE OCA > DL145 Gen11 > Drive Enclosures / Drives > SSD - EDSFF NVME Read Intensive,Drive Cage / Drive,max 4,0,4,Selection constraint for SSD - EDSFF NVME Read Intensive: max 4,P69546-B21,Standard,HPE 15.36TB NVMe Gen5 Mainstream Performance Read Intensive E3S EC1 CD8P SSD,0,"$75,476.00",,$0.00,,No,EOL Warning (90-Day),,Not published by OCA,EOL Warning (90-Day),07/01/2024,11/30/2026,"{""Extended Price (USD)"":""0""}",UNCHANGED,"$75,476.00",$0.00,$0.00,"$2,026.00"
Drive Enclosures / Drives,SSD - EDSFF NVME Read Intensive,HPE OCA > DL145 Gen11 > Drive Enclosures / Drives > SSD - EDSFF NVME Read Intensive,Drive Cage / Drive,max 4,0,4,Selection constraint for SSD - EDSFF NVME Read Intensive: max 4,P70392-B21,Standard,HPE 3.84TB NVMe Gen5 High Performance Read Intensive E3S EC1 PS1010 SSD,0,"$34,977.00",,$0.00,,No,Available,,Not published by OCA,Active,07/01/2024,04/30/2028,"{""Extended Price (USD)"":""0""}",UNCHANGED,"$34,977.00",$0.00,$0.00,"$2,026.00"
Drive Enclosures / Drives,SSD - EDSFF NVME Read Intensive,HPE OCA > DL145 Gen11 > Drive Enclosures / Drives > SSD - EDSFF NVME Read Intensive,Drive Cage / Drive,max 4,0,4,Selection constraint for SSD - EDSFF NVME Read Intensive: max 4,P70395-B21,Standard,HPE 7.68TB NVMe Gen5 High Performance Read Intensive E3S EC1 PS1010 SSD,0,"$60,793.00",,$0.00,,No,Available,,Not published by OCA,Active,07/01/2024,04/30/2028,"{""Extended Price (USD)"":""0""}",UNCHANGED,"$60,793.00",$0.00,$0.00,"$2,026.00"
Drive Enclosures / Drives,SSD - EDSFF NVME Read Intensive,HPE OCA > DL145 Gen11 > Drive Enclosures / Drives > SSD - EDSFF NVME Read Intensive,Drive Cage / Drive,max 4,0,4,Selection constraint for SSD - EDSFF NVME Read Intensive: max 4,P70399-B21,Standard,HPE 3.2TB NVMe Gen5 High Performance Mixed Use E3S EC1 PS1030 SSD,0,"$34,977.00",,$0.00,,No,Available,,Not published by OCA,Active,07/01/2024,04/30/2028,"{""Extended Price (USD)"":""0""}",UNCHANGED,"$34,977.00",$0.00,$0.00,"$2,026.00"
Drive Enclosures / Drives,SSD - EDSFF NVME Read Intensive,HPE OCA > DL145 Gen11 > Drive Enclosures / Drives > SSD - EDSFF NVME Read Intensive,Drive Cage / Drive,max 4,0,4,Selection constraint for SSD - EDSFF NVME Read Intensive: max 4,P70401-B21,Standard,HPE 6.4TB NVMe Gen5 High Performance Mixed Use E3S EC1 PS1030 SSD,0,"$53,774.00",,$0.00,,No,Available,,Not published by OCA,Active,07/01/2024,04/30/2028,"{""Extended Price (USD)"":""0""}",UNCHANGED,"$53,774.00",$0.00,$0.00,"$2,026.00"
Drive Enclosures / Drives,SSD - EDSFF NVME Read Intensive,HPE OCA > DL145 Gen11 > Drive Enclosures / Drives > SSD - EDSFF NVME Read Intensive,Drive Cage / Drive,max 4,0,4,Selection constraint for SSD - EDSFF NVME Read Intensive: max 4,P70403-B21,Standard,HPE 12.8TB NVMe Gen5 High Performance Mixed Use E3S EC1 PS1030 SSD,0,"$117,906.00",,$0.00,,No,Available,,Not published by OCA,Active,07/01/2024,04/30/2028,"{""Extended Price (USD)"":""0""}",UNCHANGED,"$117,906.00",$0.00,$0.00,"$2,026.00"
Drive Enclosures / Drives,SSD - EDSFF NVME Read Intensive,HPE OCA > DL145 Gen11 > Drive Enclosures / Drives > SSD - EDSFF NVME Read Intensive,Drive Cage / Drive,max 4,0,4,Selection constraint for SSD - EDSFF NVME Read Intensive: max 4,P70674-B21,Standard,HPE 7.68TB NVMe Gen5 High Performance Read Intensive E3S EC1 Self-encrypting FIPS 140-3 CM7 SSD,0,"$60,093.00",,$0.00,,No,Available,,Not published by OCA,Active,12/02/2024,03/31/2027,"{""Extended Price (USD)"":""0""}",UNCHANGED,"$60,093.00",$0.00,$0.00,"$2,026.00"
Drive Enclosures / Drives,SSD - EDSFF NVME Read Intensive,HPE OCA > DL145 Gen11 > Drive Enclosures / Drives > SSD - EDSFF NVME Read Intensive,Drive Cage / Drive,max 4,0,4,Selection constraint for SSD - EDSFF NVME Read Intensive: max 4,P77050-B21,Standard,HPE 3.2TB NVMe Gen5 High Performance Mixed Use E3S EC1 EDSFF SPDM 9550 SSD,0,"$31,576.00",,$0.00,,No,Available,,Not published by OCA,Active,05/04/2026,03/31/2027,"{""Extended Price (USD)"":""0""}",UNCHANGED,"$31,576.00",$0.00,$0.00,"$2,026.00"
Drive Enclosures / Drives,SSD - EDSFF NVME Read Intensive,HPE OCA > DL145 Gen11 > Drive Enclosures / Drives > SSD - EDSFF NVME Read Intensive,Drive Cage / Drive,max 4,0,4,Selection constraint for SSD - EDSFF NVME Read Intensive: max 4,P77057-B21,Standard,HPE 3.84TB NVMe Gen5 High Performance Read Intensive E3S EC1 EDSFF SPDM 9550 SSD,0,"$40,700.00",,$0.00,,No,Available,,Not published by OCA,Active,05/04/2026,03/31/2027,"{""Extended Price (USD)"":""0""}",UNCHANGED,"$40,700.00",$0.00,$0.00,"$2,026.00"
Drive Enclosures / Drives,SSD - EDSFF NVME Read Intensive,HPE OCA > DL145 Gen11 > Drive Enclosures / Drives > SSD - EDSFF NVME Read Intensive,Drive Cage / Drive,max 4,0,4,Selection constraint for SSD - EDSFF NVME Read Intensive: max 4,P77262-B21,Standard,HPE 1.6TB NVMe Gen5 Mainstream Performance Mixed Use E3S EC1 EDSFF SPDM PE1030 SSD,0,"$17,396.00",,$0.00,,No,Available,,Not published by OCA,Active,02/03/2025,12/31/2027,"{""Extended Price (USD)"":""0""}",UNCHANGED,"$17,396.00",$0.00,$0.00,"$2,026.00"
Drive Enclosures / Drives,SSD - EDSFF NVME Read Intensive,HPE OCA > DL145 Gen11 > Drive Enclosures / Drives > SSD - EDSFF NVME Read Intensive,Drive Cage / Drive,max 4,0,4,Selection constraint for SSD - EDSFF NVME Read Intensive: max 4,P77267-B21,Standard,HPE 6.4TB NVMe Gen5 Mainstream Performance Mixed Use E3S EC1 EDSFF SPDM PE1030 SSD,0,"$42,790.00",,$0.00,,No,Available,,Not published by OCA,Active,02/03/2025,12/31/2027,"{""Extended Price (USD)"":""0""}",UNCHANGED,"$42,790.00",$0.00,$0.00,"$2,026.00"
Drive Enclosures / Drives,SSD - EDSFF NVME Read Intensive,HPE OCA > DL145 Gen11 > Drive Enclosures / Drives > SSD - EDSFF NVME Read Intensive,Drive Cage / Drive,max 4,0,4,Selection constraint for SSD - EDSFF NVME Read Intensive: max 4,P77269-B21,Standard,HPE 1.92TB NVMe Gen5 Mainstream Performance Read Intensive E3S EC1 EDSFF SPDM PE1010 SSD,0,"$16,153.00",,$0.00,,No,Available,,Not published by OCA,Active,02/03/2025,12/31/2027,"{""Extended Price (USD)"":""0""}",UNCHANGED,"$16,153.00",$0.00,$0.00,"$2,026.00"
Drive Enclosures / Drives,SSD - EDSFF NVME Read Intensive,HPE OCA > DL145 Gen11 > Drive Enclosures / Drives > SSD - EDSFF NVME Read Intensive,Drive Cage / Drive,max 4,0,4,Selection constraint for SSD - EDSFF NVME Read Intensive: max 4,P77271-B21,Standard,HPE 3.84TB NVMe Gen5 Mainstream Performance Read Intensive E3S EC1 EDSFF SPDM PE1010 SSD,0,"$24,851.00",,$0.00,,No,Available,,Not published by OCA,Active,02/03/2025,12/31/2027,"{""Extended Price (USD)"":""0""}",UNCHANGED,"$24,851.00",$0.00,$0.00,"$2,026.00"
Drive Enclosures / Drives,SSD - EDSFF NVME Read Intensive,HPE OCA > DL145 Gen11 > Drive Enclosures / Drives > SSD - EDSFF NVME Read Intensive,Drive Cage / Drive,max 4,0,4,Selection constraint for SSD - EDSFF NVME Read Intensive: max 4,P77273-B21,Standard,HPE 7.68TB NVMe Gen5 Mainstream Performance Read Intensive E3S EC1 EDSFF SPDM PE1010 SSD,0,"$54,664.00",,$0.00,,No,Available,,Not published by OCA,Active,02/03/2025,12/31/2027,"{""Extended Price (USD)"":""0""}",UNCHANGED,"$54,664.00",$0.00,$0.00,"$2,026.00"
Drive Enclosures / Drives,SSD - EDSFF NVME Read Intensive,HPE OCA > DL145 Gen11 > Drive Enclosures / Drives > SSD - EDSFF NVME Read Intensive,Drive Cage / Drive,max 4,0,4,Selection constraint for SSD - EDSFF NVME Read Intensive: max 4,P77275-B21,Standard,HPE 15.36TB NVMe Gen5 Mainstream Performance Read Intensive E3S EC1 EDSFF SPDM PE1010 SSD,0,"$86,159.00",,$0.00,,No,Available,,Not published by OCA,Active,02/03/2025,12/31/2027,"{""Extended Price (USD)"":""0""}",UNCHANGED,"$86,159.00",$0.00,$0.00,"$2,026.00"
Drive Enclosures / Drives,SSD - EDSFF NVME Read Intensive,HPE OCA > DL145 Gen11 > Drive Enclosures / Drives > SSD - EDSFF NVME Read Intensive,Drive Cage / Drive,max 4,0,4,Selection constraint for SSD - EDSFF NVME Read Intensive: max 4,P78784-B21,Standard,HPE 3.2TB NVMe Gen5 High Performance Mixed Use E3.S EC1 PM1755 SSD,0,"$22,771.00",,$0.00,,No,Available,,Not published by OCA,Active,04/06/2026,06/30/2028,"{""Extended Price (USD)"":""0""}",UNCHANGED,"$22,771.00",$0.00,$0.00,"$2,026.00"
Drive Enclosures / Drives,SSD - EDSFF NVME Read Intensive,HPE OCA > DL145 Gen11 > Drive Enclosures / Drives > SSD - EDSFF NVME Read Intensive,Drive Cage / Drive,max 4,0,4,Selection constraint for SSD - EDSFF NVME Read Intensive: max 4,P78789-B21,Standard,HPE 3.84TB NVMe Gen5 High Performance Read Intensive E3.S EC1 PM1753 SSD,0,"$37,546.00",,$0.00,,No,Available,,Not published by OCA,Active,05/04/2026,06/30/2028,"{""Extended Price (USD)"":""0""}",UNCHANGED,"$37,546.00",$0.00,$0.00,"$2,026.00"
Drive Enclosures / Drives,SSD - EDSFF NVME Read Intensive,HPE OCA > DL145 Gen11 > Drive Enclosures / Drives > SSD - EDSFF NVME Read Intensive,Drive Cage / Drive,max 4,0,4,Selection constraint for SSD - EDSFF NVME Read Intensive: max 4,P78791-B21,Standard,HPE 7.68TB NVMe Gen5 High Performance Read Intensive E3.S EC1 PM1753 SSD,0,"$65,439.00",,$0.00,,No,Available,,Not published by OCA,Active,05/04/2026,06/30/2028,"{""Extended Price (USD)"":""0""}",UNCHANGED,"$65,439.00",$0.00,$0.00,"$2,026.00"
Drive Enclosures / Drives,SSD - EDSFF NVME Read Intensive,HPE OCA > DL145 Gen11 > Drive Enclosures / Drives > SSD - EDSFF NVME Read Intensive,Drive Cage / Drive,max 4,0,4,Selection constraint for SSD - EDSFF NVME Read Intensive: max 4,P78793-B21,Standard,HPE 15.36TB NVMe Gen5 High Performance Read Intensive E3.S EC1 PM1753 SSD,0,"$127,927.00",,$0.00,,No,Available,,Not published by OCA,Active,05/04/2026,06/30/2028,"{""Extended Price (USD)"":""0""}",UNCHANGED,"$127,927.00",$0.00,$0.00,"$2,026.00"
Drive Enclosures / Drives,SSD - EDSFF NVME Read Intensive,HPE OCA > DL145 Gen11 > Drive Enclosures / Drives > SSD - EDSFF NVME Read Intensive,Drive Cage / Drive,max 4,0,4,Selection constraint for SSD - EDSFF NVME Read Intensive: max 4,P78917-B21,Standard,HPE 3.84TB NVMe Gen5 Mainstream Performance Read Intensive E3S EC1 EDSFF SPDM PM9D3a SSD,0,"$30,137.00",,$0.00,,No,Available,,Not published by OCA,Active,05/04/2026,06/30/2028,"{""Extended Price (USD)"":""0""}",UNCHANGED,"$30,137.00",$0.00,$0.00,"$2,026.00"
Drive Enclosures / Drives,SSD - EDSFF NVME Read Intensive,HPE OCA > DL145 Gen11 > Drive Enclosures / Drives > SSD - EDSFF NVME Read Intensive,Drive Cage / Drive,max 4,0,4,Selection constraint for SSD - EDSFF NVME Read Intensive: max 4,P78919-B21,Standard,HPE 7.68TB NVMe Gen5 Mainstream Performance Read Intensive E3S EC1 EDSFF SPDM PM9D3a SSD,0,"$51,964.00",,$0.00,,No,Available,,Not published by OCA,Active,05/04/2026,06/30/2028,"{""Extended Price (USD)"":""0""}",UNCHANGED,"$51,964.00",$0.00,$0.00,"$2,026.00"
Drive Enclosures / Drives,SSD - EDSFF NVME Read Intensive,HPE OCA > DL145 Gen11 > Drive Enclosures / Drives > SSD - EDSFF NVME Read Intensive,Drive Cage / Drive,max 4,0,4,Selection constraint for SSD - EDSFF NVME Read Intensive: max 4,P78921-B21,Standard,HPE 15.36TB NVMe Gen5 Mainstream Performance Read Intensive E3S EC1 EDSFF SPDM PM9D3a SSD,0,"$99,535.00",,$0.00,,No,Available,,Not published by OCA,Active,05/04/2026,06/30/2028,"{""Extended Price (USD)"":""0""}",UNCHANGED,"$99,535.00",$0.00,$0.00,"$2,026.00"
Drive Enclosures / Drives,SSD - EDSFF NVME Read Intensive,HPE OCA > DL145 Gen11 > Drive Enclosures / Drives > SSD - EDSFF NVME Read Intensive,Drive Cage / Drive,max 4,0,4,Selection constraint for SSD - EDSFF NVME Read Intensive: max 4,P79065-B21,Standard,HPE 30.72TB NVMe Gen4 Mainstream Performance Very Read Optimized E3S EC1 EDSFF P5430 SSD,0,"$180,169.00",,$0.00,,No,Available,,Not published by OCA,Active,06/02/2025,12/31/2026,"{""Extended Price (USD)"":""0""}",UNCHANGED,"$180,169.00",$0.00,$0.00,"$2,026.00"
Drive Enclosures / Drives,SSD - EDSFF NVME Read Intensive,HPE OCA > DL145 Gen11 > Drive Enclosures / Drives > SSD - EDSFF NVME Read Intensive,Drive Cage / Drive,max 4,0,4,Selection constraint for SSD - EDSFF NVME Read Intensive: max 4,P79147-B21,Standard,HPE 30.72TB NVMe Gen5 Mainstream Performance Read Intensive E3S EC1 EDSFF Self-encrypting PM9D3a SSD,0,"$153,423.00",,$0.00,,No,Available,,Not published by OCA,Active,05/04/2026,06/30/2028,"{""Extended Price (USD)"":""0""}",UNCHANGED,"$153,423.00",$0.00,$0.00,"$2,026.00"
Drive Enclosures / Drives,SSD - EDSFF NVME Read Intensive,HPE OCA > DL145 Gen11 > Drive Enclosures / Drives > SSD - EDSFF NVME Read Intensive,Drive Cage / Drive,max 4,0,4,Selection constraint for SSD - EDSFF NVME Read Intensive: max 4,P79965-B21,Standard,HPE 30.72TB NVMe Gen5 High Performance Read Intensive E3.S EC1 EDSFF SPDM 9550 SSD,0,"$169,476.00",,$0.00,,No,Available,,Not published by OCA,Active,01/05/2026,03/31/2027,"{""Extended Price (USD)"":""0""}",UNCHANGED,"$169,476.00",$0.00,$0.00,"$2,026.00"
Drive Enclosures / Drives,SSD - EDSFF NVME Read Intensive,HPE OCA > DL145 Gen11 > Drive Enclosures / Drives > SSD - EDSFF NVME Read Intensive,Drive Cage / Drive,max 4,0,4,Selection constraint for SSD - EDSFF NVME Read Intensive: max 4,P85114-B21,Standard,HPE 1.6TB NVMe Gen5 Mainstream Performance Mixed Use E3S EC1 SPDM 7600 SSD,0,"$19,329.00",,$0.00,,No,Available,,Not published by OCA,Active,08/03/2026,11/30/2027,"{""Extended Price (USD)"":""0""}",UNCHANGED,"$19,329.00",$0.00,$0.00,"$2,026.00"
Drive Enclosures / Drives,SSD - EDSFF NVME Read Intensive,HPE OCA > DL145 Gen11 > Drive Enclosures / Drives > SSD - EDSFF NVME Read Intensive,Drive Cage / Drive,max 4,0,4,Selection constraint for SSD - EDSFF NVME Read Intensive: max 4,P85117-B21,Standard,HPE 3.2TB NVMe Gen5 Mainstream Performance Mixed Use E3S EC1 SPDM 7600 SSD,0,"$27,764.00",,$0.00,,No,Available,,Not published by OCA,Active,08/03/2026,11/30/2027,"{""Extended Price (USD)"":""0""}",UNCHANGED,"$27,764.00",$0.00,$0.00,"$2,026.00"
Drive Enclosures / Drives,SSD - EDSFF NVME Read Intensive,HPE OCA > DL145 Gen11 > Drive Enclosures / Drives > SSD - EDSFF NVME Read Intensive,Drive Cage / Drive,max 4,0,4,Selection constraint for SSD - EDSFF NVME Read Intensive: max 4,P85119-B21,Standard,HPE 6.4TB NVMe Gen5 Mainstream Performance Mixed Use E3S EC1 SPDM 7600 SSD,0,"$44,163.00",,$0.00,,No,Available,,Not published by OCA,Active,08/03/2026,11/30/2027,"{""Extended Price (USD)"":""0""}",UNCHANGED,"$44,163.00",$0.00,$0.00,"$2,026.00"
Drive Enclosures / Drives,SSD - EDSFF NVME Read Intensive,HPE OCA > DL145 Gen11 > Drive Enclosures / Drives > SSD - EDSFF NVME Read Intensive,Drive Cage / Drive,max 4,0,4,Selection constraint for SSD - EDSFF NVME Read Intensive: max 4,P85121-B21,Standard,HPE 1.92TB NVMe Gen5 Mainstream Performance Read Intensive E3S EC1 SPDM 7600 SSD,0,"$17,948.00",,$0.00,,No,Available,,Not published by OCA,Active,08/03/2026,11/30/2027,"{""Extended Price (USD)"":""0""}",UNCHANGED,"$17,948.00",$0.00,$0.00,"$2,026.00"
Drive Enclosures / Drives,SSD - EDSFF NVME Read Intensive,HPE OCA > DL145 Gen11 > Drive Enclosures / Drives > SSD - EDSFF NVME Read Intensive,Drive Cage / Drive,max 4,0,4,Selection constraint for SSD - EDSFF NVME Read Intensive: max 4,P85124-B21,Standard,HPE 3.84TB NVMe Gen5 Mainstream Performance Read Intensive E3S EC1 SPDM 7600 SSD,0,"$27,397.00",,$0.00,,No,Available,,Not published by OCA,Active,08/03/2026,11/30/2027,"{""Extended Price (USD)"":""0""}",UNCHANGED,"$27,397.00",$0.00,$0.00,"$2,026.00"
Drive Enclosures / Drives,SSD - EDSFF NVME Read Intensive,HPE OCA > DL145 Gen11 > Drive Enclosures / Drives > SSD - EDSFF NVME Read Intensive,Drive Cage / Drive,max 4,0,4,Selection constraint for SSD - EDSFF NVME Read Intensive: max 4,P85126-B21,Standard,HPE 7.68TB NVMe Gen5 Mainstream Performance Read Intensive E3S EC1 SPDM 7600 SSD,0,"$47,241.00",,$0.00,,No,Available,,Not published by OCA,Active,08/03/2026,11/30/2027,"{""Extended Price (USD)"":""0""}",UNCHANGED,"$47,241.00",$0.00,$0.00,"$2,026.00"
Drive Enclosures / Drives,SSD - EDSFF NVME Read Intensive,HPE OCA > DL145 Gen11 > Drive Enclosures / Drives > SSD - EDSFF NVME Read Intensive,Drive Cage / Drive,max 4,0,4,Selection constraint for SSD - EDSFF NVME Read Intensive: max 4,P85733-B21,Standard,HPE 6.4TB NVMe Gen5 High Performance Mixed Use E3.S EC1 E3 Thin PQC27 CM9 SSD,0,"$63,483.00",,$0.00,,No,Available,,Not published by OCA,Active,07/06/2026,11/30/2027,"{""Extended Price (USD)"":""0""}",UNCHANGED,"$63,483.00",$0.00,$0.00,"$2,026.00"
Drive Enclosures / Drives,SSD - EDSFF NVME Read Intensive,HPE OCA > DL145 Gen11 > Drive Enclosures / Drives > SSD - EDSFF NVME Read Intensive,Drive Cage / Drive,max 4,0,4,Selection constraint for SSD - EDSFF NVME Read Intensive: max 4,P85735-B21,Standard,HPE 12.8TB NVMe Gen5 High Performance Mixed Use E3.S EC1 E3 Thin PQC27 CM9 SSD,0,"$114,862.00",,$0.00,,No,Available,,Not published by OCA,Active,07/06/2026,11/30/2027,"{""Extended Price (USD)"":""0""}",UNCHANGED,"$114,862.00",$0.00,$0.00,"$2,026.00"
Drive Enclosures / Drives,SSD - EDSFF NVME Read Intensive,HPE OCA > DL145 Gen11 > Drive Enclosures / Drives > SSD - EDSFF NVME Read Intensive,Drive Cage / Drive,max 4,0,4,Selection constraint for SSD - EDSFF NVME Read Intensive: max 4,P85739-B21,Standard,HPE 3.84TB NVMe Gen5 High Performance Read Intensive E3.S EC1 E3 Thin PQC27 CM9 SSD,0,"$38,063.00",,$0.00,,No,Available,,Not published by OCA,Active,07/06/2026,09/30/2027,"{""Extended Price (USD)"":""0""}",UNCHANGED,"$38,063.00",$0.00,$0.00,"$2,026.00"
Drive Enclosures / Drives,SSD - EDSFF NVME Read Intensive,HPE OCA > DL145 Gen11 > Drive Enclosures / Drives > SSD - EDSFF NVME Read Intensive,Drive Cage / Drive,max 4,0,4,Selection constraint for SSD - EDSFF NVME Read Intensive: max 4,P85741-B21,Standard,HPE 7.68TB NVMe Gen5 High Performance Read Intensive E3.S EC1 E3 Thin PQC27 CM9 SSD,0,"$48,943.00",,$0.00,,No,Available,,Not published by OCA,Active,07/06/2026,09/30/2027,"{""Extended Price (USD)"":""0""}",UNCHANGED,"$48,943.00",$0.00,$0.00,"$2,026.00"
Drive Enclosures / Drives,SSD - EDSFF NVME Read Intensive,HPE OCA > DL145 Gen11 > Drive Enclosures / Drives > SSD - EDSFF NVME Read Intensive,Drive Cage / Drive,max 4,0,4,Selection constraint for SSD - EDSFF NVME Read Intensive: max 4,P85743-B21,Standard,HPE 15.36TB NVMe Gen5 High Performance Read Intensive E3.S EC1 E3 Thin PQC27 CM9 SSD,0,"$126,482.00",,$0.00,,No,Available,,Not published by OCA,Active,07/06/2026,09/30/2027,"{""Extended Price (USD)"":""0""}",UNCHANGED,"$126,482.00",$0.00,$0.00,"$2,026.00"
Drive Enclosures / Drives,SSD - EDSFF NVME Read Intensive,HPE OCA > DL145 Gen11 > Drive Enclosures / Drives > SSD - EDSFF NVME Read Intensive,Drive Cage / Drive,max 4,0,4,Selection constraint for SSD - EDSFF NVME Read Intensive: max 4,P85745-B21,Standard,HPE 30.72TB NVMe Gen5 High Performance Read Intensive E3.S EC1 E3 Thin PQC27 CM9 SSD,0,"$181,026.00",,$0.00,,No,Available,,Not published by OCA,Active,07/06/2026,09/30/2027,"{""Extended Price (USD)"":""0""}",UNCHANGED,"$181,026.00",$0.00,$0.00,"$2,026.00"
Drive Enclosures / Drives,SSD - EDSFF NVME Read Intensive,HPE OCA > DL145 Gen11 > Drive Enclosures / Drives > SSD - EDSFF NVME Read Intensive,Drive Cage / Drive,max 4,0,4,Selection constraint for SSD - EDSFF NVME Read Intensive: max 4,P87715-B21,Standard,HPE 1.6TB NVMe Gen5 Mainstream Performance Mixed Use E3.S EC1 Self-encrypting 7600 SSD,0,"$19,329.00",,$0.00,,No,Available,,Not published by OCA,Active,07/06/2026,03/31/2028,"{""Extended Price (USD)"":""0""}",UNCHANGED,"$19,329.00",$0.00,$0.00,"$2,026.00"
Drive Enclosures / Drives,SSD - EDSFF NVME Read Intensive,HPE OCA > DL145 Gen11 > Drive Enclosures / Drives > SSD - EDSFF NVME Read Intensive,Drive Cage / Drive,max 4,0,4,Selection constraint for SSD - EDSFF NVME Read Intensive: max 4,P87717-B21,Standard,HPE 3.2TB NVMe Gen5 Mainstream Performance Mixed Use E3.S EC1 Self-encrypting 7600 SSD,0,"$27,764.00",,$0.00,,No,Available,,Not published by OCA,Active,07/06/2026,03/31/2028,"{""Extended Price (USD)"":""0""}",UNCHANGED,"$27,764.00",$0.00,$0.00,"$2,026.00"
Drive Enclosures / Drives,SSD - EDSFF NVME Read Intensive,HPE OCA > DL145 Gen11 > Drive Enclosures / Drives > SSD - EDSFF NVME Read Intensive,Drive Cage / Drive,max 4,0,4,Selection constraint for SSD - EDSFF NVME Read Intensive: max 4,P87723-B21,Standard,HPE 7.68TB NVMe Gen5 Mainstream Performance Read Intensive E3S EC1 Self-encrypting 7600 SSD,0,"$47,241.00",,$0.00,,No,Available,,Not published by OCA,Active,08/03/2026,11/30/2027,"{""Extended Price (USD)"":""0""}",UNCHANGED,"$47,241.00",$0.00,$0.00,"$2,026.00"
Drive Enclosures / Drives,SSD - EDSFF NVME Read Intensive,HPE OCA > DL145 Gen11 > Drive Enclosures / Drives > SSD - EDSFF NVME Read Intensive,Drive Cage / Drive,max 4,0,4,Selection constraint for SSD - EDSFF NVME Read Intensive: max 4,P91231-B21,Standard,HPE 7.68TB NVMe Gen5 High Performance Read Intensive E3.S EC1 E3 Thin Multi Vendor SSD,0,"$62,558.00",,$0.00,,No,Available,,Not published by OCA,Active,06/01/2026,06/30/2028,"{""Extended Price (USD)"":""0""}",UNCHANGED,"$62,558.00",$0.00,$0.00,"$2,026.00"
Drive Enclosures / Drives,SSD - EDSFF NVME Read Intensive,HPE OCA > DL145 Gen11 > Drive Enclosures / Drives > SSD - EDSFF NVME Read Intensive,Drive Cage / Drive,max 4,0,4,"If HPE DL145 Gen11 Opt ACC FIO Config is selected, then these EDSFF drives cannot be selected with direct attach. (Only controller mode).",P79615-B21,Standard,HPE 30.72TB NVMe Gen5 Mainstream Performance Very Read Optimized E3.S EC1 EDSFF 6550 SSD,0,"$140,919.00",,$0.00,,No,Not published by OCA,,Not published by OCA,Active,04/27/2026,12/31/2026,"{""Extended Price (USD)"":""0""}",UNCHANGED,"$140,919.00",$0.00,$0.00,"$2,026.00"
Drive Enclosures / Drives,SSD - EDSFF NVME Read Intensive,HPE OCA > DL145 Gen11 > Drive Enclosures / Drives > SSD - EDSFF NVME Read Intensive,Drive Cage / Drive,max 4,0,4,"If HPE DL145 Gen11 Opt ACC FIO Config is selected, then these EDSFF drives cannot be selected with direct attach. (Only controller mode).",P79618-B21,Standard,HPE 61.44TB NVMe Gen5 Mainstream Performance Very Read Optimized E3.S EC1 EDSFF 6550 SSD,0,"$284,757.00",,$0.00,,No,Not published by OCA,,Not published by OCA,Active,04/27/2026,12/31/2026,"{""Extended Price (USD)"":""0""}",UNCHANGED,"$284,757.00",$0.00,$0.00,"$2,026.00"
Drive Enclosures / Drives,SSD - EDSFF NVME Read Intensive,HPE OCA > DL145 Gen11 > Drive Enclosures / Drives > SSD - EDSFF NVME Read Intensive,Drive Cage / Drive,max 4,0,4,"If HPE DL145 Gen11 Opt ACC FIO Config is selected, then these EDSFF drives cannot be selected with direct attach. (Only controller mode).",P79620-B21,Standard,HPE 30.72TB NVMe Gen5 Mainstream Performance Very Read Optimized EC1 EDSFF Self-encrypting 6550 SSD,0,"$140,919.00",,$0.00,,No,Not published by OCA,,Not published by OCA,Active,04/27/2026,12/31/2026,"{""Extended Price (USD)"":""0""}",UNCHANGED,"$140,919.00",$0.00,$0.00,"$2,026.00"
Drive Enclosures / Drives,SSD - EDSFF NVME Read Intensive,HPE OCA > DL145 Gen11 > Drive Enclosures / Drives > SSD - EDSFF NVME Read Intensive,Drive Cage / Drive,max 4,0,4,"If HPE DL145 Gen11 Opt ACC FIO Config is selected, then these EDSFF drives cannot be selected with direct attach. (Only controller mode).",P79623-B21,Standard,HPE 61.44TB NVMe Gen5 Mainstream Performance Very Read Optimized EC1 EDSFF Self-encrypting 6550 SSD,0,"$255,131.00",,$0.00,,No,Not published by OCA,,Not published by OCA,Active,04/27/2026,12/31/2026,"{""Extended Price (USD)"":""0""}",UNCHANGED,"$255,131.00",$0.00,$0.00,"$2,026.00"
Drive Enclosures / Drives,SSD - EDSFF NVME Read Intensive,HPE OCA > DL145 Gen11 > Drive Enclosures / Drives > SSD - EDSFF NVME Read Intensive,Drive Cage / Drive,max 4,0,4,Product is not yet available,P86016-B21,Standard,HPE 1.6TB NVMe Gen5 Mainstream Performance Mixed Use E3.S EC1 E3 Thin PQC27 CD9P SSD,0,"$17,161.00",,$0.00,,No,Not published by OCA,,Not published by OCA,Active,10/05/2026,01/31/2028,"{""Extended Price (USD)"":""0""}",UNCHANGED,"$17,161.00",$0.00,$0.00,"$2,026.00"
Drive Enclosures / Drives,SSD - EDSFF NVME Read Intensive,HPE OCA > DL145 Gen11 > Drive Enclosures / Drives > SSD - EDSFF NVME Read Intensive,Drive Cage / Drive,max 4,0,4,Product is not yet available,P86018-B21,Standard,HPE 3.2TB NVMe Gen5 Mainstream Performance Mixed Use E3.S EC1 E3 Thin PQC27 CD9P SSD,0,"$23,477.00",,$0.00,,No,Not published by OCA,,Not published by OCA,Active,10/05/2026,01/31/2028,"{""Extended Price (USD)"":""0""}",UNCHANGED,"$23,477.00",$0.00,$0.00,"$2,026.00"
Drive Enclosures / Drives,SSD - EDSFF NVME Read Intensive,HPE OCA > DL145 Gen11 > Drive Enclosures / Drives > SSD - EDSFF NVME Read Intensive,Drive Cage / Drive,max 4,0,4,Product is not yet available,P86020-B21,Standard,HPE 6.4TB NVMe Gen5 Mainstream Performance Mixed Use E3.S EC1 E3 Thin PQC27 CD9P SSD,0,"$37,804.00",,$0.00,,No,Not published by OCA,,Not published by OCA,Active,10/05/2026,01/31/2028,"{""Extended Price (USD)"":""0""}",UNCHANGED,"$37,804.00",$0.00,$0.00,"$2,026.00"
Drive Enclosures / Drives,SSD - EDSFF NVME Read Intensive,HPE OCA > DL145 Gen11 > Drive Enclosures / Drives > SSD - EDSFF NVME Read Intensive,Drive Cage / Drive,max 4,0,4,Product is not yet available,P86024-B21,Standard,HPE 1.92TB NVMe Gen5 Mainstream Performance Read Intensive E3.S EC1 E3 Thin PQC27 CD9P SSD,0,"$17,161.00",,$0.00,,No,Not published by OCA,,Not published by OCA,Active,10/05/2026,01/31/2028,"{""Extended Price (USD)"":""0""}",UNCHANGED,"$17,161.00",$0.00,$0.00,"$2,026.00"
Drive Enclosures / Drives,SSD - EDSFF NVME Read Intensive,HPE OCA > DL145 Gen11 > Drive Enclosures / Drives > SSD - EDSFF NVME Read Intensive,Cable Kit,max 4,0,4,Product is not yet available,P86026-B21,Standard,HPE ProLiant DL385 Gen11 with iLO GPU 550W Power Capping FIO Enablement Kit,0,"$23,477.00",,$0.00,,No,Not published by OCA,,Not published by OCA,Active,10/05/2026,01/31/2028,"{""Extended Price (USD)"":""0""}",UNCHANGED,"$23,477.00",$0.00,$0.00,"$2,026.00"
Drive Enclosures / Drives,SSD - EDSFF NVME Read Intensive,HPE OCA > DL145 Gen11 > Drive Enclosures / Drives > SSD - EDSFF NVME Read Intensive,Cable Kit,max 4,0,4,Product is not yet available,P86028-B21,Standard,HPE ProLiant DL385 Gen11 with iLO GPU 450W Power Capping FIO Enablement Kit,0,"$37,804.00",,$0.00,,No,Not published by OCA,,Not published by OCA,Active,10/05/2026,01/31/2028,"{""Extended Price (USD)"":""0""}",UNCHANGED,"$37,804.00",$0.00,$0.00,"$2,026.00"
Drive Enclosures / Drives,SSD - EDSFF NVME Read Intensive,HPE OCA > DL145 Gen11 > Drive Enclosures / Drives > SSD - EDSFF NVME Read Intensive,Drive Cage / Drive,max 4,0,4,Product is not yet available,P86030-B21,Standard,HPE 15.36TB NVMe Gen5 Mainstream Performance Read Intensive E3.S EC1 E3 Thin PQC27 CD9P SSD,0,"$64,477.00",,$0.00,,No,Not published by OCA,,Not published by OCA,Active,10/05/2026,01/31/2028,"{""Extended Price (USD)"":""0""}",UNCHANGED,"$64,477.00",$0.00,$0.00,"$2,026.00"
Drive Enclosures / Drives,SSD - EDSFF NVME Read Intensive,HPE OCA > DL145 Gen11 > Drive Enclosures / Drives > SSD - EDSFF NVME Read Intensive,Drive Cage / Drive,max 4,0,4,Product is not yet available,P86032-B21,Standard,HPE 30.72TB NVMe Gen5 Mainstream Performance Read Intensive E3.S EC1 E3 Thin PQC27 CD9P SSD,0,"$128,913.00",,$0.00,,No,Not published by OCA,,Not published by OCA,Active,10/05/2026,01/31/2028,"{""Extended Price (USD)"":""0""}",UNCHANGED,"$128,913.00",$0.00,$0.00,"$2,026.00"
Drive Enclosures / Drives,SSD - EDSFF NVME Read Intensive,HPE OCA > DL145 Gen11 > Drive Enclosures / Drives > SSD - EDSFF NVME Read Intensive,Drive Cage / Drive,max 4,0,4,Product is not yet available,P86746-B21,Standard,HPE 61.44TB NVMe Gen5 Mainstream Performance Very Read Optimized E3.S EC1 Self-encrypting 6600 SSD,0,"$210,628.00",,$0.00,,No,Not published by OCA,,Not published by OCA,Active,10/05/2026,01/31/2028,"{""Extended Price (USD)"":""0""}",UNCHANGED,"$210,628.00",$0.00,$0.00,"$2,026.00"
Drive Enclosures / Drives,SSD - EDSFF NVME Read Intensive,HPE OCA > DL145 Gen11 > Drive Enclosures / Drives > SSD - EDSFF NVME Read Intensive,Drive Cage / Drive,max 4,0,4,Product is not yet available,P86748-B21,Standard,HPE 122.8TB NVMe Gen5 Mainstream Performance Very Read Optimized E3.S EC1 Self-encrypting 6600 SSD,0,"$400,156.00",,$0.00,,No,Not published by OCA,,Not published by OCA,Active,10/05/2026,01/31/2028,"{""Extended Price (USD)"":""0""}",UNCHANGED,"$400,156.00",$0.00,$0.00,"$2,026.00"
Drive Enclosures / Drives,SSD - EDSFF NVME Read Intensive,HPE OCA > DL145 Gen11 > Drive Enclosures / Drives > SSD - EDSFF NVME Read Intensive,Drive Cage / Drive,max 4,0,4,Product is not yet available,P88535-B21,Standard,HPE 1.6TB NVMe Gen5 Mainstream Performance Mixed Use E3.S EC1 PQC27 Self-encrypting CD9P SSD,0,"$17,161.00",,$0.00,,No,Not published by OCA,,Not published by OCA,Active,10/05/2026,01/31/2028,"{""Extended Price (USD)"":""0""}",UNCHANGED,"$17,161.00",$0.00,$0.00,"$2,026.00"
Drive Enclosures / Drives,SSD - EDSFF NVME Read Intensive,HPE OCA > DL145 Gen11 > Drive Enclosures / Drives > SSD - EDSFF NVME Read Intensive,Drive Cage / Drive,max 4,0,4,Product is not yet available,P88537-B21,Standard,HPE 3.2TB NVMe Gen5 Mainstream Performance Mixed Use E3.S EC1 PQC27 Self-encrypting CD9P SSD,0,"$23,477.00",,$0.00,,No,Not published by OCA,,Not published by OCA,Active,10/05/2026,01/31/2028,"{""Extended Price (USD)"":""0""}",UNCHANGED,"$23,477.00",$0.00,$0.00,"$2,026.00"
Drive Enclosures / Drives,SSD - EDSFF NVME Read Intensive,HPE OCA > DL145 Gen11 > Drive Enclosures / Drives > SSD - EDSFF NVME Read Intensive,Drive Cage / Drive,max 4,0,4,Product is not yet available,P88539-B21,Standard,HPE 3.84TB NVMe Gen5 Mainstream Performance Read Intensive E3.S EC1 PQC27 Self-encrypting CD9P SSD,0,"$23,477.00",,$0.00,,No,Not published by OCA,,Not published by OCA,Active,10/05/2026,01/31/2028,"{""Extended Price (USD)"":""0""}",UNCHANGED,"$23,477.00",$0.00,$0.00,"$2,026.00"
Drive Enclosures / Drives,SSD - EDSFF NVME Read Intensive,HPE OCA > DL145 Gen11 > Drive Enclosures / Drives > SSD - EDSFF NVME Read Intensive,Drive Cage / Drive,max 4,0,4,Product is not yet available,P88541-B21,Standard,HPE 7.68TB NVMe Gen5 Mainstream Performance Read Intensive E3.S EC1 PQC27 Self-encrypting CD9P SSD,0,"$37,804.00",,$0.00,,No,Not published by OCA,,Not published by OCA,Active,10/05/2026,01/31/2028,"{""Extended Price (USD)"":""0""}",UNCHANGED,"$37,804.00",$0.00,$0.00,"$2,026.00"
Drive Enclosures / Drives,SSD - EDSFF NVME Read Intensive,HPE OCA > DL145 Gen11 > Drive Enclosures / Drives > SSD - EDSFF NVME Read Intensive,Drive Cage / Drive,max 4,0,4,Product is not yet available,P88543-B21,Standard,HPE 15.36TB NVMe Gen5 Mainstream Performance Read Intensive E3.S EC1 PQC27 Self-encrypting CD9P SSD,0,"$64,477.00",,$0.00,,No,Not published by OCA,,Not published by OCA,Active,10/05/2026,01/31/2028,"{""Extended Price (USD)"":""0""}",UNCHANGED,"$64,477.00",$0.00,$0.00,"$2,026.00"
Factory Configuration Settings,Factory Configuration Settings,HPE OCA > DL145 Gen11 > Factory Configuration Settings > Factory Configuration Settings,Option Component,max 2,0,2,Selection constraint for Factory Configuration Settings: max 2,P73214-B21,Standard,HPE ProLiant DL145 Gen11 Disabled External USB Port FIO System Setting,0,$1.00,,$0.00,,No,Available,,Not published by OCA,Active,09/03/2024,09/30/2099,"{""Extended Price (USD)"":""0""}",UNCHANGED,$1.00,$0.00,$0.00,"$2,026.00"
Cables & Enablement Kits,System Options,HPE OCA > DL145 Gen11 > Cables & Enablement Kits > System Options,Cable Kit,,0,,CE Mark label SKU (P35876-B21) should be visible only when selecting Lot9 SKU's in the configuration,P35876-B21,Standard,HPE CE Mark Removal FIO Enablement Kit,0,$1.00,,$0.00,,No,Not published by OCA,,Not published by OCA,Active,10/05/2020,07/31/2028,"{""Extended Price (USD)"":""0""}",UNCHANGED,$1.00,$0.00,$0.00,"$2,026.00"
Accessories & Infrastructure,vSAN Tracking SKUs,HPE OCA > DL145 Gen11 > Accessories & Infrastructure > vSAN Tracking SKUs,Chassis Infrastructure,Unlimited,0,Unlimited,Selection constraint for vSAN Tracking SKUs: no max,P63226-B21,Standard,HPE ProLiant vSAN ReadyNode Express Storage Architecture FIO Tracking,0,$1.00,,$0.00,,No,Available,,Not published by OCA,Active,05/01/2023,05/31/2028,"{""Extended Price (USD)"":""0""}",UNCHANGED,$1.00,$0.00,$0.00,"$2,026.00"
Software & Licenses,iLO Common Password,HPE OCA > DL145 Gen11 > Software & Licenses > iLO Common Password,Operating System / License,max 1,0,1,Selection constraint for iLO Common Password: max 1,P08040-B21,Standard,HPE iLO Common Password FIO Setting,0,$1.00,,$0.00,,No,Available,,Not published by OCA,Active,12/02/2019,06/30/2028,"{""Extended Price (USD)"":""0""}",UNCHANGED,$1.00,$0.00,$0.00,"$2,026.00"
PCIe Risers,Riser Cards,HPE OCA > DL145 Gen11 > PCIe Risers > Riser Cards,PCIe Riser,max 3,0,3,Selection constraint for Riser Cards: max 3,P71989-B21,Standard,HPE ProLiant DL145 Gen11 x16 FHFL PCIe Gen5 Slot 2 Riser Kit,0,$255.00,,$0.00,,No,Available,,Not published by OCA,Active,09/03/2024,06/30/2028,"{""Extended Price (USD)"":""0""}",UNCHANGED,$255.00,$0.00,$0.00,"$2,026.00"
PCIe Risers,Riser Cards,HPE OCA > DL145 Gen11 > PCIe Risers > Riser Cards,PCIe Riser,max 3,0,3,Selection constraint for Riser Cards: max 3,P71991-B21,Standard,HPE ProLiant DL145 Gen11 x16 FHFL PCIe Gen5 Slot 1 Riser Kit,0,$320.00,,$0.00,,No,Available,,Not published by OCA,Active,09/03/2024,06/30/2028,"{""Extended Price (USD)"":""0""}",UNCHANGED,$320.00,$0.00,$0.00,"$2,026.00"
Networking,Ethernet PCIe,HPE OCA > DL145 Gen11 > Networking > Ethernet PCIe,Network Adapter,max 1,0,1,Selection constraint for Ethernet PCIe: max 1,P08443-B21,Standard,Intel E810-XXVDA2 Ethernet 10/25Gb 2-port SFP28 Adapter for HPE,0,"$1,680.00",,$0.00,,No,Available,,Not published by OCA,Active,04/06/2021,11/30/2027,"{""Extended Price (USD)"":""0""}",UNCHANGED,"$1,680.00",$0.00,$0.00,"$2,026.00"
Networking,Ethernet PCIe,HPE OCA > DL145 Gen11 > Networking > Ethernet PCIe,Network Adapter,max 1,0,1,Selection constraint for Ethernet PCIe: max 1,P26253-B21,Standard,Broadcom BCM57416 Ethernet 10Gb 2-port BASE-T Adapter for HPE,0,"$1,105.00",,$0.00,,No,Available,,Not published by OCA,Active,11/02/2020,12/31/2028,"{""Extended Price (USD)"":""0""}",UNCHANGED,"$1,105.00",$0.00,$0.00,"$2,026.00"
Networking,Ethernet PCIe,HPE OCA > DL145 Gen11 > Networking > Ethernet PCIe,Network Adapter,max 1,0,1,Selection constraint for Ethernet PCIe: max 1,P26259-B21,Standard,Broadcom BCM57412 Ethernet 10Gb 2-port SFP+ Adapter for HPE,0,$940.00,,$0.00,,No,Available,,Not published by OCA,Active,10/05/2020,12/31/2028,"{""Extended Price (USD)"":""0""}",UNCHANGED,$940.00,$0.00,$0.00,"$2,026.00"
Networking,Ethernet PCIe,HPE OCA > DL145 Gen11 > Networking > Ethernet PCIe,Network Adapter,max 1,0,1,Selection constraint for Ethernet PCIe: max 1,P26262-B21,Standard,Broadcom BCM57414 Ethernet 10/25Gb 2-port SFP28 Adapter for HPE,0,"$1,184.00",,$0.00,,No,Available,,Not published by OCA,Active,10/05/2020,12/31/2028,"{""Extended Price (USD)"":""0""}",UNCHANGED,"$1,184.00",$0.00,$0.00,"$2,026.00"
Networking,Ethernet PCIe,HPE OCA > DL145 Gen11 > Networking > Ethernet PCIe,Network Adapter,max 1,0,1,Selection constraint for Ethernet PCIe: max 1,P42044-B21,Standard,Mellanox MCX631102AS-ADAT Ethernet 10/25Gb 2-port SFP28 Adapter for HPE,0,"$1,500.00",,$0.00,,No,Available,,Not published by OCA,Active,02/07/2022,12/31/2028,"{""Extended Price (USD)"":""0""}",UNCHANGED,"$1,500.00",$0.00,$0.00,"$2,026.00"
Networking,Ethernet PCIe,HPE OCA > DL145 Gen11 > Networking > Ethernet PCIe,Network Adapter,max 1,0,1,Selection constraint for Ethernet PCIe: max 1,P51178-B21,Standard,Broadcom BCM5719 Ethernet 1Gb 4-port BASE-T Adapter for HPE,0,$485.00,,$0.00,,No,Available,,Not published by OCA,Active,06/06/2022,12/31/2028,"{""Extended Price (USD)"":""0""}",UNCHANGED,$485.00,$0.00,$0.00,"$2,026.00"
Networking,Ethernet PCIe,HPE OCA > DL145 Gen11 > Networking > Ethernet PCIe,Network Adapter,max 1,0,1,Selection constraint for Ethernet PCIe: max 1,P08458-B21,Standard,Intel E810-XXVDA4 Ethernet 10/25Gb 4-port SFP28 Adapter for HPE,0,"$3,770.00",,$0.00,,No,Available,,Not published by OCA,Active,04/06/2021,12/31/2028,"{""Extended Price (USD)"":""0""}",UNCHANGED,"$3,770.00",$0.00,$0.00,"$2,026.00"
Networking,Ethernet PCIe,HPE OCA > DL145 Gen11 > Networking > Ethernet PCIe,Network Adapter,max 1,0,1,Selection constraint for Ethernet PCIe: max 1,P26264-B21,Standard,Broadcom BCM57504 Ethernet 10/25Gb 4-port SFP28 Adapter for HPE,0,"$2,598.00",,$0.00,,No,Available,,Not published by OCA,Active,09/06/2022,12/31/2028,"{""Extended Price (USD)"":""0""}",UNCHANGED,"$2,598.00",$0.00,$0.00,"$2,026.00"
Networking,OCP Ethernet,HPE OCA > DL145 Gen11 > Networking > OCP Ethernet,Network Adapter,max 1,0,1,Selection constraint for OCP Ethernet: max 1,P51181-B21,Standard,Broadcom BCM5719 Ethernet 1Gb 4-port BASE-T OCP3 Adapter for HPE,1,$485.00,,$0.00,,No,Available,,Not published by OCA,Active,06/06/2022,12/31/2028,"{""Extended Price (USD)"":""0""}",UNCHANGED,$485.00,$0.00,$0.00,"$2,026.00"
Networking,OCP Ethernet,HPE OCA > DL145 Gen11 > Networking > OCP Ethernet,Network Adapter,max 1,0,1,Max quantity of product limited by space available.,P10115-B21,Standard,Broadcom BCM57414 Ethernet 10/25Gb 2-port SFP28 OCP3 Adapter for HPE,0,"$1,231.00",,$0.00,,No,Not published by OCA,,Not published by OCA,Active,11/02/2020,12/31/2028,"{""Extended Price (USD)"":""0""}",UNCHANGED,"$1,231.00",$0.00,$0.00,"$2,026.00"
Networking,OCP Ethernet,HPE OCA > DL145 Gen11 > Networking > OCP Ethernet,Network Adapter,max 1,0,1,Max quantity of product limited by space available.,P42041-B21,Standard,Mellanox MCX631432AS-ADAI Ethernet 10/25Gb 2-port SFP28 OCP3 Adapter for HPE,0,"$1,398.00",,$0.00,,No,Not published by OCA,,Not published by OCA,Active,02/07/2022,12/31/2028,"{""Extended Price (USD)"":""0""}",UNCHANGED,"$1,398.00",$0.00,$0.00,"$2,026.00"
Networking,OCP Ethernet,HPE OCA > DL145 Gen11 > Networking > OCP Ethernet,Network Adapter,max 1,0,1,Max quantity of product limited by space available.,P26256-B21,Standard,Broadcom BCM57412 Ethernet 10Gb 2-port SFP+ OCP3 Adapter for HPE,0,$940.00,,$0.00,,No,Not published by OCA,,Not published by OCA,Active,10/05/2020,12/31/2028,"{""Extended Price (USD)"":""0""}",UNCHANGED,$940.00,$0.00,$0.00,"$2,026.00"
Networking,OCP Ethernet,HPE OCA > DL145 Gen11 > Networking > OCP Ethernet,Network Adapter,max 1,0,1,Max quantity of product limited by space available.,P08449-B21,Standard,Intel I350-T4 Ethernet 1Gb 4-port BASE-T OCP3 Adapter for HPE,0,$830.00,,$0.00,,No,Not published by OCA,,Not published by OCA,Active,12/16/2019,12/31/2028,"{""Extended Price (USD)"":""0""}",UNCHANGED,$830.00,$0.00,$0.00,"$2,026.00"
Networking,OCP Ethernet,HPE OCA > DL145 Gen11 > Networking > OCP Ethernet,Network Adapter,max 1,0,1,Max quantity of product limited by space available.,P10097-B21,Standard,Broadcom BCM57416 Ethernet 10Gb 2-port BASE-T OCP3 Adapter for HPE,0,"$1,105.00",,$0.00,,No,Not published by OCA,,Not published by OCA,Active,11/02/2020,12/31/2028,"{""Extended Price (USD)"":""0""}",UNCHANGED,"$1,105.00",$0.00,$0.00,"$2,026.00"
Networking,OCP Ethernet,HPE OCA > DL145 Gen11 > Networking > OCP Ethernet,Network Adapter,max 1,0,1,Max quantity of product limited by space available.,P10106-B21,Standard,Intel E810-XXVDA2 Ethernet 10/25Gb 2-port SFP28 OCP3 Adapter for HPE,0,"$1,680.00",,$0.00,,No,Not published by OCA,,Not published by OCA,Active,04/06/2021,11/30/2027,"{""Extended Price (USD)"":""0""}",UNCHANGED,"$1,680.00",$0.00,$0.00,"$2,026.00"
Networking,OCP Ethernet,HPE OCA > DL145 Gen11 > Networking > OCP Ethernet,Network Adapter,max 1,0,1,Max quantity of product limited by space available.,P26269-B21,Standard,Broadcom BCM57504 Ethernet 10/25Gb 4-port SFP28 OCP3 Adapter for HPE,0,"$2,598.00",,$0.00,,No,Not published by OCA,,Not published by OCA,Active,09/06/2022,12/31/2028,"{""Extended Price (USD)"":""0""}",UNCHANGED,"$2,598.00",$0.00,$0.00,"$2,026.00"
Networking,Transceivers,HPE OCA > DL145 Gen11 > Networking > Transceivers,Transceiver,max 16,0,16,Selection constraint for Transceivers: max 16,453151-B21,Standard,HPE BladeSystem c-Class Virtual Connect 1G SFP SX Transceiver,0,$427.00,,$0.00,,No,Available,,Not published by OCA,Active,10/01/2007,07/31/2027,"{""Extended Price (USD)"":""0""}",UNCHANGED,$427.00,$0.00,$0.00,"$2,026.00"
Networking,Transceivers,HPE OCA > DL145 Gen11 > Networking > Transceivers,Transceiver,max 16,0,16,Selection constraint for Transceivers: max 16,453154-B21,Standard,HPE BladeSystem CClass Virtual Connect 1G SFP RJ45 Transceiver,0,$426.00,,$0.00,,No,Available,,Not published by OCA,Active,11/16/2007,07/31/2027,"{""Extended Price (USD)"":""0""}",UNCHANGED,$426.00,$0.00,$0.00,"$2,026.00"
Networking,Transceivers,HPE OCA > DL145 Gen11 > Networking > Transceivers,Transceiver,max 16,0,16,Selection constraint for Transceivers: max 16,455883-B21,Standard,HPE BladeSystem c-Class 10Gb SFP+ SR Transceiver,0,$842.00,,$0.00,,No,Available,,Not published by OCA,Active,12/01/2008,11/30/2030,"{""Extended Price (USD)"":""0""}",UNCHANGED,$842.00,$0.00,$0.00,"$2,026.00"
Networking,Transceivers,HPE OCA > DL145 Gen11 > Networking > Transceivers,Transceiver,max 16,0,16,Selection constraint for Transceivers: max 16,455886-B21,Standard,HPE BladeSystem c-Class 10Gb SFP+ LR Transceiver,0,"$1,751.00",,$0.00,,No,Available,,Not published by OCA,Active,12/01/2008,11/30/2030,"{""Extended Price (USD)"":""0""}",UNCHANGED,"$1,751.00",$0.00,$0.00,"$2,026.00"
Networking,Transceivers,HPE OCA > DL145 Gen11 > Networking > Transceivers,Transceiver,max 16,0,16,Selection constraint for Transceivers: max 16,845398-B21,Standard,HPE 25Gb SFP28 SR 100m Transceiver,0,"$2,110.00",,$0.00,,No,Available,,Not published by OCA,Active,06/06/2016,06/30/2028,"{""Extended Price (USD)"":""0""}",UNCHANGED,"$2,110.00",$0.00,$0.00,"$2,026.00"
Networking,Transceivers,HPE OCA > DL145 Gen11 > Networking > Transceivers,Transceiver,max 16,0,16,Selection constraint for Transceivers: max 16,JL486A,Standard,HPE Aruba Networking 25G SFP28 LC LR 10km SMF Transceiver,0,"$5,199.00",,$0.00,,No,Available,,Not published by OCA,Active,12/03/2018,12/30/2099,"{""Extended Price (USD)"":""0""}",UNCHANGED,"$5,199.00",$0.00,$0.00,"$2,026.00"
Software & Licenses,VMWare Core Editions,HPE OCA > DL145 Gen11 > Software & Licenses > VMWare Core Editions,Operating System / License,Unlimited,0,Unlimited,Selection constraint for VMWare Core Editions: no max,R8V76A,Standard,SUSE Linux Enterprise Server 1-2 Sockets Unlimited VM w/Live Patching 1-year 24x7 Flexible LTU,0,$0.00,,$0.00,,No,Available,,Not published by OCA,Active,10/04/2021,01/04/2027,"{""Extended Price (USD)"":""0""}",ADDED,N/A,$0.00,$0.00,2026-09-13: (no price)
Software & Licenses,VMWare Core Editions,HPE OCA > DL145 Gen11 > Software & Licenses > VMWare Core Editions,Operating System / License,Unlimited,0,Unlimited,Selection constraint for VMWare Core Editions: no max,R8V74A,Standard,SUSE Linux Enterprise Server 1-2 Sockets Unlimited VM w/Live Patching 1-year 9x5 Flexible LTU,0,$0.00,,$0.00,,No,Available,,Not published by OCA,Active,10/04/2021,01/04/2027,"{""Extended Price (USD)"":""0""}",ADDED,N/A,$0.00,$0.00,2026-09-13: (no price)
Software & Licenses,VMWare Core Editions,HPE OCA > DL145 Gen11 > Software & Licenses > VMWare Core Editions,Operating System / License,Unlimited,0,Unlimited,Selection constraint for VMWare Core Editions: no max,R8V77A,Standard,SUSE Linux Enterprise Server 1-2 Sockets Unlimited VM w/Live Patching 3-year 24x7 Flexible LTU,0,$0.00,,$0.00,,No,Available,,Not published by OCA,Active,10/04/2021,01/04/2027,"{""Extended Price (USD)"":""0""}",ADDED,N/A,$0.00,$0.00,2026-09-13: (no price)
Software & Licenses,VMWare Core Editions,HPE OCA > DL145 Gen11 > Software & Licenses > VMWare Core Editions,Operating System / License,Unlimited,0,Unlimited,Selection constraint for VMWare Core Editions: no max,R8V75A,Standard,SUSE Linux Enterprise Server 1-2 Sockets Unlimited VM w/Live Patching 3-year 9x5 Flexible LTU,0,$0.00,,$0.00,,No,Available,,Not published by OCA,Active,10/04/2021,01/04/2027,"{""Extended Price (USD)"":""0""}",ADDED,N/A,$0.00,$0.00,2026-09-13: (no price)
Software & Licenses,VMWare Core Editions,HPE OCA > DL145 Gen11 > Software & Licenses > VMWare Core Editions,Operating System / License,Unlimited,0,Unlimited,Selection constraint for VMWare Core Editions: no max,R8V78A,Standard,SUSE Linux Enterprise Server 1-2 Sockets Unlimited VM w/Live Patching 5-year 24x7 Flexible LTU,0,$0.00,,$0.00,,No,Available,,Not published by OCA,Active,10/04/2021,01/04/2027,"{""Extended Price (USD)"":""0""}",ADDED,N/A,$0.00,$0.00,2026-09-13: (no price)
Software & Licenses,VMWare Core Editions,HPE OCA > DL145 Gen11 > Software & Licenses > VMWare Core Editions,Operating System / License,Unlimited,0,Unlimited,Selection constraint for VMWare Core Editions: no max,R8V79A,Standard,SUSE Linux Enterprise Server 1-2 Sockets Unlimited VM w/Live Patching 5-year 9x5 Flexible LTU,0,$0.00,,$0.00,,No,Available,,Not published by OCA,Active,10/04/2021,01/04/2027,"{""Extended Price (USD)"":""0""}",ADDED,N/A,$0.00,$0.00,2026-09-13: (no price)
Software & Licenses,VMWare Core Editions,HPE OCA > DL145 Gen11 > Software & Licenses > VMWare Core Editions,Operating System / License,Unlimited,0,Unlimited,Selection constraint for VMWare Core Editions: no max,R8V72A,Standard,SUSE Linux Enterprise Server for SAP 1-2 Sockets Unlimited VM w/Live Patching 3yr 24x7 Flexible LTU,0,$0.00,,$0.00,,No,Obsolete (OB),,Not published by OCA,Obsolete (OB),10/04/2021,03/02/2026,"{""Extended Price (USD)"":""0""}",ADDED,N/A,$0.00,$0.00,2026-09-13: (no price)
Software & Licenses,VMWare Core Editions,HPE OCA > DL145 Gen11 > Software & Licenses > VMWare Core Editions,Operating System / License,Unlimited,0,Unlimited,Selection constraint for VMWare Core Editions: no max,R8V73A,Standard,SUSE Linux Enterprise Server for SAP 1-2 Sockets Unlimited VM w/Live Patching 5yr 24x7 Flexible LTU,0,$0.00,,$0.00,,No,Obsolete (OB),,Not published by OCA,Obsolete (OB),10/04/2021,03/02/2026,"{""Extended Price (USD)"":""0""}",ADDED,N/A,$0.00,$0.00,2026-09-13: (no price)
Software & Licenses,VMWare Core Editions,HPE OCA > DL145 Gen11 > Software & Licenses > VMWare Core Editions,Operating System / License,Unlimited,0,Unlimited,Selection constraint for VMWare Core Editions: no max,S7N87A,Standard,SUSE Linux Enterprise Server for SAP Applications 1-2 Sockets Unlimited VM 3yr Sub 24x7 Sup Flex LTU,0,$0.00,,$0.00,,No,Available,,Not published by OCA,Active,03/02/2026,04/30/2028,"{""Extended Price (USD)"":""0""}",ADDED,N/A,$0.00,$0.00,2026-09-13: (no price)
Software & Licenses,VMWare Core Editions,HPE OCA > DL145 Gen11 > Software & Licenses > VMWare Core Editions,Operating System / License,Unlimited,0,Unlimited,Selection constraint for VMWare Core Editions: no max,S7P10A,Standard,SUSE Linux Enterprise Server for SAP Applications 1-2 Sockets Unlimited VM 3yr Sub 24x7 Sup Flex LTU,0,$0.00,,$0.00,,No,Available,,Not published by OCA,Active,03/02/2026,04/30/2028,"{""Extended Price (USD)"":""0""}",ADDED,N/A,$0.00,$0.00,2026-09-13: (no price)
Software & Licenses,VMWare Core Editions,HPE OCA > DL145 Gen11 > Software & Licenses > VMWare Core Editions,Operating System / License,Unlimited,0,Unlimited,Selection constraint for VMWare Core Editions: no max,S7N88A,Standard,SUSE Linux Enterprise Server for SAP Applications 1-2 Sockets Unlimited VM 5yr Sub 24x7 Sup Flex LTU,0,$0.00,,$0.00,,No,Available,,Not published by OCA,Active,03/02/2026,04/30/2028,"{""Extended Price (USD)"":""0""}",ADDED,N/A,$0.00,$0.00,2026-09-13: (no price)
Software & Licenses,VMWare Core Editions,HPE OCA > DL145 Gen11 > Software & Licenses > VMWare Core Editions,Operating System / License,Unlimited,0,Unlimited,Selection constraint for VMWare Core Editions: no max,S7P11A,Standard,SUSE Linux Enterprise Server for SAP Applications 1-2 Sockets Unlimited VM 5yr Sub 24x7 Sup Flex LTU,0,$0.00,,$0.00,,No,Available,,Not published by OCA,Active,03/02/2026,04/30/2028,"{""Extended Price (USD)"":""0""}",ADDED,N/A,$0.00,$0.00,2026-09-13: (no price)
Cables & Enablement Kits,Solid State Drives (NVMe/SAS/SATA),HPE OCA > DL145 Gen11 > Cables & Enablement Kits > Solid State Drives (NVMe/SAS/SATA),Cable Kit,max 2,0,2,Selection constraint for Solid State Drives (NVMe/SAS/SATA): max 2,P48183-B21,Standard,HPE NS204i-u Gen11 NVMe Hot Plug Boot Optimized Storage Device,0,"$7,799.00",,$0.00,,No,Available,,Not published by OCA,Active,11/07/2022,06/30/2028,"{""Extended Price (USD)"":""0""}",UNCHANGED,"$7,799.00",$0.00,$0.00,"$2,026.00"
Cables & Enablement Kits,Solid State Drives (NVMe/SAS/SATA),HPE OCA > DL145 Gen11 > Cables & Enablement Kits > Solid State Drives (NVMe/SAS/SATA),Cable Kit,max 2,0,2,Selection constraint for Solid State Drives (NVMe/SAS/SATA): max 2,P81162-B21,Standard,HPE NS204i-u v2 960GB NVMe SED Hot Plug Boot Optimized Storage Device,0,"$14,299.00",,$0.00,,No,Available,,Not published by OCA,Active,07/07/2025,04/30/2029,"{""Extended Price (USD)"":""0""}",UNCHANGED,"$14,299.00",$0.00,$0.00,"$2,026.00"
Cables & Enablement Kits,Solid State Drives (NVMe/SAS/SATA),HPE OCA > DL145 Gen11 > Cables & Enablement Kits > Solid State Drives (NVMe/SAS/SATA),Cable Kit,max 2,0,2,Selection constraint for Solid State Drives (NVMe/SAS/SATA): max 2,P71992-B21,Standard,HPE ProLiant DL145 Gen11 NS204i-u Enablement Kit,0,$80.00,,$0.00,,No,Available,,Not published by OCA,Active,09/03/2024,06/30/2028,"{""Extended Price (USD)"":""0""}",UNCHANGED,$80.00,$0.00,$0.00,"$2,026.00"
Cables & Enablement Kits,Solid State Drives (NVMe/SAS/SATA),HPE OCA > DL145 Gen11 > Cables & Enablement Kits > Solid State Drives (NVMe/SAS/SATA),Cable Kit,max 2,0,2,Selection constraint for Solid State Drives (NVMe/SAS/SATA): max 2,P81160-B21,Standard,HPE NS204i-u v2 960GB NVMe Hot Plug Boot Optimized Storage Device,0,"$14,299.00",,$0.00,,No,Available,,Not published by OCA,Active,07/07/2025,04/30/2029,"{""Extended Price (USD)"":""0""}",UNCHANGED,"$14,299.00",$0.00,$0.00,"$2,026.00"
Graphics & GPU,Graphics,HPE OCA > DL145 Gen11 > Graphics & GPU > Graphics,GPU / Accelerator,max 2,0,2,Selection constraint for Graphics: max 2,S2L70C,Standard,NVIDIA L40S 48GB PCIe Accelerator,0,$0.00,,$0.00,,No,Available,,Not published by OCA,Active,11/06/2023,04/30/2027,"{""Extended Price (USD)"":""0""}",ADDED,N/A,$0.00,$0.00,2026-09-13: (no price)
Graphics & GPU,Graphics,HPE OCA > DL145 Gen11 > Graphics & GPU > Graphics,GPU / Accelerator,max 2,0,2,Selection constraint for Graphics: max 2,S6W30C,Standard,NVIDIA RTX PRO 4500 Blackwell Server Edition 32GB PCIe Accelerator for HPE,0,$0.00,,$0.00,,No,Available,,Not published by OCA,Active,03/16/2026,12/31/2028,"{""Extended Price (USD)"":""0""}",ADDED,N/A,$0.00,$0.00,2026-09-13: (no price)
Graphics & GPU,Graphics,HPE OCA > DL145 Gen11 > Graphics & GPU > Graphics,GPU / Accelerator,max 2,0,2,Selection constraint for Graphics: max 2,S0K89C,Standard,NVIDIA L4 24GB PCIe Accelerator for HPE,0,$0.00,,$0.00,,No,Available,,Not published by OCA,Active,04/03/2023,04/30/2028,"{""Extended Price (USD)"":""0""}",ADDED,N/A,$0.00,$0.00,2026-09-13: (no price)
Graphics & GPU,Graphics Accessories,HPE OCA > DL145 Gen11 > Graphics & GPU > Graphics Accessories,Cable Kit,max 2,0,2,Selection constraint for Graphics Accessories: max 2,P71995-B21,Standard,HPE ProLiant DL145 Gen11 Double Wide GPU Cable Kit,0,$24.00,,$0.00,,No,Available,,Not published by OCA,Active,04/07/2025,06/30/2028,"{""Extended Price (USD)"":""0""}",UNCHANGED,$24.00,$0.00,$0.00,"$2,026.00"
Graphics & GPU,Graphics Accessories,HPE OCA > DL145 Gen11 > Graphics & GPU > Graphics Accessories,GPU / Accelerator,max 2,0,2,Selection constraint for Graphics Accessories: max 2,P73002-B21,Standard,HPE ProLiant DL145 Gen11 Double Wide GPU Air Baffle Kit,0,$44.00,,$0.00,,No,Available,,Not published by OCA,Active,04/07/2025,06/30/2028,"{""Extended Price (USD)"":""0""}",UNCHANGED,$44.00,$0.00,$0.00,"$2,026.00"
Cooling / Thermal,Power Cooling Options,HPE OCA > DL145 Gen11 > Cooling / Thermal > Power Cooling Options,Cooling / Thermal,max 4,0,4,Selection constraint for Power Cooling Options: max 4,P72581-B21,Standard,HPE ProLiant DL145 Gen11 2U Performance Fan Kit,4,$123.00,,$0.00,,No,Available,,Not published by OCA,Active,09/03/2024,06/30/2028,"{""Extended Price (USD)"":""0""}",UNCHANGED,$123.00,$0.00,$0.00,"$2,026.00"
Power Supplies,Power Supplies,HPE OCA > DL145 Gen11 > Power Supplies > Power Supplies,Power Supply,"min 1, max 2",1,2,Selection constraint for Power Supplies: max 2,P54290-B21,Standard,HPE ProLiant DL110 900W-1000W Titanium Hot Plug Low Halogen AC Power Supply Kit,2,$891.00,,$0.00,,No,Available,,Not published by OCA,Active,09/18/2023,06/30/2028,"{""Extended Price (USD)"":""0""}",UNCHANGED,$891.00,$0.00,$0.00,"$2,026.00"
Power Supplies,-48VDC Power Supplies & Cable Kits,HPE OCA > DL145 Gen11 > Power Supplies > -48VDC Power Supplies & Cable Kits,Power Supply,"min 1, max 2",1,2,Mixing of Power Supplies is not allowed.,P43150-B21,Standard,HPE ProLiant DL110 700W Flex Slot -48VDC Hot Plug Low Halogen Power Supply Kit,0,$692.00,,$0.00,,No,Not published by OCA,,Not published by OCA,Active,04/26/2021,06/30/2028,"{""Extended Price (USD)"":""0""}",UNCHANGED,$692.00,$0.00,$0.00,"$2,026.00"
Power Supplies,-48VDC Power Supplies & Cable Kits,HPE OCA > DL145 Gen11 > Power Supplies > -48VDC Power Supplies & Cable Kits,Power Supply,"min 1, max 2",1,2,Mixing of Power Supplies is not allowed.,P44975-B21,Standard,HPE ProLiant DL110 700W Flex Slot Platinum Hot Plug Low Halogen AC Power Supply Kit,0,$444.00,,$0.00,,No,Not published by OCA,,Not published by OCA,Active,08/17/2021,06/30/2028,"{""Extended Price (USD)"":""0""}",UNCHANGED,$444.00,$0.00,$0.00,"$2,026.00"
Cables & Enablement Kits,Power Cords,HPE OCA > DL145 Gen11 > Cables & Enablement Kits > Power Cords,Cable Kit,max 2,0,2,Selection constraint for Power Cords: max 2,AF556A,Standard,HPE C13 - Nema 5-15P US/CA 110V 10Amp 1.83m Power Cord,0,$0.00,,$0.00,,No,Available,,Not published by OCA,Active,03/26/2007,09/30/2028,"{""Extended Price (USD)"":""0""}",UNCHANGED,N/A,$0.00,$0.00,2026-09-10: (no price)
Cables & Enablement Kits,Power Cords,HPE OCA > DL145 Gen11 > Cables & Enablement Kits > Power Cords,Cable Kit,max 2,0,2,Selection constraint for Power Cords: max 2,AF557A,Standard,HPE C13 - GB-1002 CN 250V 10Amp 1.83m Power Cord,0,$0.00,,$0.00,,No,Available,,Not published by OCA,Active,05/29/2006,10/31/2031,"{""Extended Price (USD)"":""0""}",UNCHANGED,N/A,$0.00,$0.00,2026-09-10: (no price)
Cables & Enablement Kits,Power Cords,HPE OCA > DL145 Gen11 > Cables & Enablement Kits > Power Cords,Cable Kit,max 2,0,2,Selection constraint for Power Cords: max 2,AF568A,Standard,HPE C13 - CEE-VII EU 250V 10Amp 1.83m Power Cord,0,$0.00,,$0.00,,No,Available,,Not published by OCA,Active,11/13/2006,10/31/2031,"{""Extended Price (USD)"":""0""}",UNCHANGED,N/A,$0.00,$0.00,2026-09-10: (no price)
Cables & Enablement Kits,Power Cords,HPE OCA > DL145 Gen11 > Cables & Enablement Kits > Power Cords,Cable Kit,max 2,0,2,Selection constraint for Power Cords: max 2,AF570A,Standard,HPE C13 - BS-1363A UK/HK/SG 250V 10Amp 1.83m Power Cord,0,$0.00,,$0.00,,No,Available,,Not published by OCA,Active,04/06/2011,09/30/2028,"{""Extended Price (USD)"":""0""}",UNCHANGED,N/A,$0.00,$0.00,2026-09-10: (no price)
Cables & Enablement Kits,Power Cords,HPE OCA > DL145 Gen11 > Cables & Enablement Kits > Power Cords,Cable Kit,max 2,0,2,Selection constraint for Power Cords: max 2,AF573A,Standard,HPE C13 - C14 WW 250V 10Amp Flint Gray 2.0m Jumper Cord,0,$0.00,,$0.00,,No,Available,,Not published by OCA,Active,07/09/2007,09/30/2031,"{""Extended Price (USD)"":""0""}",UNCHANGED,N/A,$0.00,$0.00,2026-09-10: (no price)
Cables & Enablement Kits,Power Cords,HPE OCA > DL145 Gen11 > Cables & Enablement Kits > Power Cords,Cable Kit,max 2,0,2,Selection constraint for Power Cords: max 2,AF558A,Standard,HPE C13 - IRAM -2073 AR 250V 10A 2.5m Power Cord,0,$0.00,,$0.00,,No,Available,,Not published by OCA,Active,05/29/2006,09/30/2028,"{""Extended Price (USD)"":""0""}",UNCHANGED,N/A,$0.00,$0.00,2026-09-10: (no price)
Cables & Enablement Kits,Power Cords,HPE OCA > DL145 Gen11 > Cables & Enablement Kits > Power Cords,Cable Kit,max 2,0,2,Selection constraint for Power Cords: max 2,AF559A,Standard,HPE C13 - Nema 5-15P TH/PH 250V 10Amp 1.83m Power Cord,0,$0.00,,$0.00,,No,Available,,Not published by OCA,Active,05/29/2006,09/30/2028,"{""Extended Price (USD)"":""0""}",UNCHANGED,N/A,$0.00,$0.00,2026-09-10: (no price)
Cables & Enablement Kits,Power Cords,HPE OCA > DL145 Gen11 > Cables & Enablement Kits > Power Cords,Cable Kit,max 2,0,2,Selection constraint for Power Cords: max 2,AF560A,Standard,HPE C13 - KSC- 8305 KR 250V 10Amp 1.83m Power Cord,0,$0.00,,$0.00,,No,Available,,Not published by OCA,Active,05/29/2006,09/30/2028,"{""Extended Price (USD)"":""0""}",UNCHANGED,N/A,$0.00,$0.00,2026-09-10: (no price)
Cables & Enablement Kits,Power Cords,HPE OCA > DL145 Gen11 > Cables & Enablement Kits > Power Cords,Cable Kit,max 2,0,2,Selection constraint for Power Cords: max 2,AF561A,Standard,HPE C13 - CNS-690 TW 110V 13Amp 1.83m Power Cord,0,$0.00,,$0.00,,No,Available,,Not published by OCA,Active,05/29/2006,09/30/2028,"{""Extended Price (USD)"":""0""}",UNCHANGED,N/A,$0.00,$0.00,2026-09-10: (no price)
Cables & Enablement Kits,Power Cords,HPE OCA > DL145 Gen11 > Cables & Enablement Kits > Power Cords,Cable Kit,max 2,0,2,Selection constraint for Power Cords: max 2,AF562A,Standard,HPE C13 - IS-1293 IN 240V 6Amp LV 2.0m Power Cord,0,$0.00,,$0.00,,No,Available,,Not published by OCA,Active,05/29/2006,10/31/2031,"{""Extended Price (USD)"":""0""}",UNCHANGED,N/A,$0.00,$0.00,2026-09-10: (no price)
Cables & Enablement Kits,Power Cords,HPE OCA > DL145 Gen11 > Cables & Enablement Kits > Power Cords,Cable Kit,max 2,0,2,Selection constraint for Power Cords: max 2,AF564A,Standard,HPE C13 - SI-32 IL 250V 10Amp 1.83m Power Cord,0,$0.00,,$0.00,,No,Available,,Not published by OCA,Active,12/15/2006,09/30/2028,"{""Extended Price (USD)"":""0""}",UNCHANGED,N/A,$0.00,$0.00,2026-09-10: (no price)
Cables & Enablement Kits,Power Cords,HPE OCA > DL145 Gen11 > Cables & Enablement Kits > Power Cords,Cable Kit,max 2,0,2,Selection constraint for Power Cords: max 2,AF565A,Standard,HPE C13 - SEV 1011 CH 250V 10Amp 1.83m Power Cord,0,$0.00,,$0.00,,No,Available,,Not published by OCA,Active,12/15/2006,09/30/2028,"{""Extended Price (USD)"":""0""}",UNCHANGED,N/A,$0.00,$0.00,2026-09-10: (no price)
Cables & Enablement Kits,Power Cords,HPE OCA > DL145 Gen11 > Cables & Enablement Kits > Power Cords,Cable Kit,max 2,0,2,Selection constraint for Power Cords: max 2,AF566A,Standard,HPE C13 - DK-2.5A DK 250V 10Amp 1.83m Power Cord,0,$0.00,,$0.00,,No,Available,,Not published by OCA,Active,11/13/2006,09/30/2028,"{""Extended Price (USD)"":""0""}",UNCHANGED,N/A,$0.00,$0.00,2026-09-10: (no price)
Cables & Enablement Kits,Power Cords,HPE OCA > DL145 Gen11 > Cables & Enablement Kits > Power Cords,Cable Kit,max 2,0,2,Selection constraint for Power Cords: max 2,AF567A,Standard,HPE C13 - SABS-164 ZA 250V 10Amp 2.5m Power Cord,0,$0.00,,$0.00,,No,Available,,Not published by OCA,Active,11/13/2006,09/30/2028,"{""Extended Price (USD)"":""0""}",UNCHANGED,N/A,$0.00,$0.00,2026-09-10: (no price)
Cables & Enablement Kits,Power Cords,HPE OCA > DL145 Gen11 > Cables & Enablement Kits > Power Cords,Cable Kit,max 2,0,2,Selection constraint for Power Cords: max 2,AF569A,Standard,HPE C13 - AS3112-3 AU 250V 10Amp 2.5m Power Cord,0,$0.00,,$0.00,,No,Available,,Not published by OCA,Active,11/13/2006,09/30/2028,"{""Extended Price (USD)"":""0""}",UNCHANGED,N/A,$0.00,$0.00,2026-09-10: (no price)
Cables & Enablement Kits,Power Cords,HPE OCA > DL145 Gen11 > Cables & Enablement Kits > Power Cords,Cable Kit,max 2,0,2,Selection constraint for Power Cords: max 2,AF572A,Standard,HPE C13 - JIS C8303 JP 100V 12Amp 2.0m Power Cord,0,$0.00,,$0.00,,No,Available,,Not published by OCA,Active,04/06/2011,09/30/2028,"{""Extended Price (USD)"":""0""}",UNCHANGED,N/A,$0.00,$0.00,2026-09-10: (no price)
Cables & Enablement Kits,Power Cords,HPE OCA > DL145 Gen11 > Cables & Enablement Kits > Power Cords,Cable Kit,max 2,0,2,Selection constraint for Power Cords: max 2,AF591A,Standard,HPE C13 - NBR-14136 BR 250V 10Amp 1.83m Power Cord,0,$0.00,,$0.00,,No,Available,,Not published by OCA,Active,07/14/2008,10/31/2031,"{""Extended Price (USD)"":""0""}",UNCHANGED,N/A,$0.00,$0.00,2026-09-10: (no price)
Cables & Enablement Kits,Power Cords,HPE OCA > DL145 Gen11 > Cables & Enablement Kits > Power Cords,Cable Kit,max 2,0,2,Selection constraint for Power Cords: max 2,R1C65A,Standard,HPE C13-C14 IN 250V 10Amp 2m Black Jumper Cord,0,$0.00,,$0.00,,No,Available,,Not published by OCA,Active,12/03/2018,10/31/2031,"{""Extended Price (USD)"":""0""}",ADDED,N/A,$0.00,$0.00,2026-09-13: (no price)
Cables & Enablement Kits,Flex Slot Power Supplies,HPE OCA > DL145 Gen11 > Cables & Enablement Kits > Flex Slot Power Supplies,Cable Kit,Unlimited,0,Unlimited,If AC Power Supply is selected then only AC Power Cords should be in the drop-down.,Q0H80A,Standard,HPE 48VDC 2.85m Power Cable,0,$181.00,,$0.00,,No,Not published by OCA,,Not published by OCA,Active,06/05/2017,06/30/2027,"{""Extended Price (USD)"":""0""}",UNCHANGED,$181.00,$0.00,$0.00,"$2,026.00"
Cables & Enablement Kits,Power Cords & Jumper Cables,HPE OCA > DL145 Gen11 > Cables & Enablement Kits > Power Cords & Jumper Cables,Cable Kit,Unlimited,0,Unlimited,BTO products are not allowed in CTO Base Model.,A0K02A,Standard,HPE C13 - C14 WW 250V 10Amp 2.0m Jumper Cord,0,$34.00,,$0.00,,No,Not published by OCA,,Not published by OCA,Active,08/30/2011,09/30/2031,"{""Extended Price (USD)"":""0""}",UNCHANGED,$34.00,$0.00,$0.00,"$2,026.00"
Cables & Enablement Kits,Power Cords & Jumper Cables,HPE OCA > DL145 Gen11 > Cables & Enablement Kits > Power Cords & Jumper Cables,Cable Kit,Unlimited,0,Unlimited,BTO products are not allowed in CTO Base Model.,A0N33A,Standard,HPE C13-NEMA 6-15P 10A/250V 3.6m Black Power Cord,0,$78.00,,$0.00,,No,Not published by OCA,,Not published by OCA,Active,08/30/2011,09/30/2031,"{""Extended Price (USD)"":""0""}",UNCHANGED,$78.00,$0.00,$0.00,"$2,026.00"
Accessories & Infrastructure,Chassis Infrastructure & Rail Kits,HPE OCA > DL145 Gen11 > Accessories & Infrastructure > Chassis Infrastructure & Rail Kits,Chassis Infrastructure,Unlimited,0,Unlimited,Selection constraint for Chassis Infrastructure & Rail Kits: no max,875519-B21,Standard,HPE Bezel Lock Kit,0,$89.00,,$0.00,,No,Available,,Not published by OCA,Active,07/11/2017,06/30/2029,"{""Extended Price (USD)"":""0""}",UNCHANGED,$89.00,$0.00,$0.00,"$2,026.00"
Accessories & Infrastructure,Chassis Infrastructure & Rail Kits,HPE OCA > DL145 Gen11 > Accessories & Infrastructure > Chassis Infrastructure & Rail Kits,Chassis Infrastructure,Unlimited,0,Unlimited,Selection constraint for Chassis Infrastructure & Rail Kits: no max,P72582-B21,Standard,HPE ProLiant DL145 Gen11 FIO Bezel Filter Kit,1,$112.00,,$0.00,,No,Available,,Not published by OCA,Active,09/03/2024,06/30/2028,"{""Extended Price (USD)"":""0""}",UNCHANGED,$112.00,$0.00,$0.00,"$2,026.00"
Accessories & Infrastructure,Chassis Infrastructure & Rail Kits,HPE OCA > DL145 Gen11 > Accessories & Infrastructure > Chassis Infrastructure & Rail Kits,Chassis Infrastructure,Unlimited,0,Unlimited,Selection constraint for Chassis Infrastructure & Rail Kits: no max,P72583-B21,Standard,HPE ProLiant DL145 Gen11 Filter Replacement Kit,0,$81.00,,$0.00,,No,Available,,Not published by OCA,Active,09/03/2024,06/30/2028,"{""Extended Price (USD)"":""0""}",UNCHANGED,$81.00,$0.00,$0.00,"$2,026.00"
Cables & Enablement Kits,Management Hardware,HPE OCA > DL145 Gen11 > Cables & Enablement Kits > Management Hardware,Cable Kit,max 2,0,2,Selection constraint for Management Hardware: max 2,P71998-B21,Standard,HPE ProLiant DL145 Gen11 RJ45 Serial Port Cable Kit,0,$20.00,,$0.00,,No,Available,,Not published by OCA,Active,09/03/2024,06/30/2028,"{""Extended Price (USD)"":""0""}",UNCHANGED,$20.00,$0.00,$0.00,"$2,026.00"
Cables & Enablement Kits,Management Hardware,HPE OCA > DL145 Gen11 > Cables & Enablement Kits > Management Hardware,Cable Kit,max 2,0,2,Selection constraint for Management Hardware: max 2,P87008-B21,Standard,HPE ProLiant DL145 Gen11 Military Ruggedization FIO Kit,0,$200.00,,$0.00,,No,Available,,Not published by OCA,Active,02/02/2026,06/30/2028,"{""Extended Price (USD)"":""0""}",UNCHANGED,$200.00,$0.00,$0.00,"$2,026.00"
HPE Compute Ops Management,Compute Ops Management SKUs,HPE OCA > DL145 Gen11 > HPE Compute Ops Management > Compute Ops Management SKUs,Option Component,"min 1, Required",1,Required,Selection constraint for Compute Ops Management SKUs: required,S1A05A,Standard,HPE Compute Cloud Management Server FIO Enablement,1,$0.00,,$0.00,,No,Available,,Not published by OCA,Active,04/01/2024,02/29/2028,"{""Extended Price (USD)"":""0""}",ADDED,N/A,$0.00,$0.00,2026-09-13: (no price)
Software & Licenses,Server Management & Operating System Licenses,HPE OCA > DL145 Gen11 > Software & Licenses > Server Management & Operating System Licenses,Operating System / License,"min 1, Required",1,Required,Selection constraint for Server Management & Operating System Licenses: required,P46195-B21,Standard,Microsoft Windows Server 2022 16-core Std Add Lic en/cs/de/es/fr/it/nl/pl/pt/ru/sv/ko/ja/xc SW,0,$0.00,,$0.00,,No,Obsolete (OB),,Not published by OCA,Obsolete (OB),11/01/2021,05/31/2025,"{""Extended Price (USD)"":""0""}",UNCHANGED,N/A,$0.00,$0.00,2026-09-10: (no price)
Software & Licenses,Server Management & Operating System Licenses,HPE OCA > DL145 Gen11 > Software & Licenses > Server Management & Operating System Licenses,Operating System / License,"min 1, Required",1,Required,Selection constraint for Server Management & Operating System Licenses: required,P46196-B21,Standard,Microsoft Windows Server 2022 4-core Std Add Lic en/cs/de/es/fr/it/nl/pl/pt/ru/sv/ko/ja/xc SW,0,$0.00,,$0.00,,No,Obsolete (OB),,Not published by OCA,Obsolete (OB),11/01/2021,05/31/2025,"{""Extended Price (USD)"":""0""}",UNCHANGED,N/A,$0.00,$0.00,2026-09-10: (no price)
Software & Licenses,Server Management & Operating System Licenses,HPE OCA > DL145 Gen11 > Software & Licenses > Server Management & Operating System Licenses,Operating System / License,"min 1, Required",1,Required,Selection constraint for Server Management & Operating System Licenses: required,P46199-AA1,Standard,Microsoft Windows Server 2022 2-core Standard Additional License Chinese Simplified SW,0,$0.00,,$0.00,,No,Obsolete (OB),,Not published by OCA,Obsolete (OB),11/01/2021,05/31/2025,"{""Extended Price (USD)"":""0""}",UNCHANGED,N/A,$0.00,$0.00,2026-09-10: (no price)
Software & Licenses,Server Management & Operating System Licenses,HPE OCA > DL145 Gen11 > Software & Licenses > Server Management & Operating System Licenses,Operating System / License,"min 1, Required",1,Required,Selection constraint for Server Management & Operating System Licenses: required,P46199-AB1,Standard,Microsoft Windows Server 2022 2-core Standard Additional License Chinese Traditional SW,0,$0.00,,$0.00,,No,Obsolete (OB),,Not published by OCA,Obsolete (OB),11/01/2021,05/31/2025,"{""Extended Price (USD)"":""0""}",UNCHANGED,N/A,$0.00,$0.00,2026-09-10: (no price)
Software & Licenses,Server Management & Operating System Licenses,HPE OCA > DL145 Gen11 > Software & Licenses > Server Management & Operating System Licenses,Operating System / License,"min 1, Required",1,Required,Selection constraint for Server Management & Operating System Licenses: required,P46199-B21,Standard,Microsoft Windows Server 2022 2-core Std Add Lic en/cs/de/es/fr/it/nl/pl/pt/ru/sv/ko/ja/xc SW,0,$0.00,,$0.00,,No,Obsolete (OB),,Not published by OCA,Obsolete (OB),10/04/2021,05/31/2025,"{""Extended Price (USD)"":""0""}",UNCHANGED,N/A,$0.00,$0.00,2026-09-10: (no price)
Software & Licenses,Server Management & Operating System Licenses,HPE OCA > DL145 Gen11 > Software & Licenses > Server Management & Operating System Licenses,Operating System / License,"min 1, Required",1,Required,Selection constraint for Server Management & Operating System Licenses: required,P46212-B21,Standard,Microsoft Windows Server 2022 16-core DC Add Lic en/cs/de/es/fr/it/nl/pl/pt/ru/sv/ko/ja/xc SW,0,$0.00,,$0.00,,No,Obsolete (OB),,Not published by OCA,Obsolete (OB),11/01/2021,05/31/2025,"{""Extended Price (USD)"":""0""}",UNCHANGED,N/A,$0.00,$0.00,2026-09-10: (no price)
Software & Licenses,Server Management & Operating System Licenses,HPE OCA > DL145 Gen11 > Software & Licenses > Server Management & Operating System Licenses,Operating System / License,"min 1, Required",1,Required,Selection constraint for Server Management & Operating System Licenses: required,P46213-B21,Standard,Microsoft Windows Server 2022 4-core DC Add Lic en/cs/de/es/fr/it/nl/pl/pt/ru/sv/ko/ja/xc SW,0,$0.00,,$0.00,,No,Obsolete (OB),,Not published by OCA,Obsolete (OB),11/01/2021,05/31/2025,"{""Extended Price (USD)"":""0""}",UNCHANGED,N/A,$0.00,$0.00,2026-09-10: (no price)
Software & Licenses,Server Management & Operating System Licenses,HPE OCA > DL145 Gen11 > Software & Licenses > Server Management & Operating System Licenses,Operating System / License,"min 1, Required",1,Required,Selection constraint for Server Management & Operating System Licenses: required,P46214-B21,Standard,Microsoft Windows Server 2022 2-core DC Add Lic en/cs/de/es/fr/it/nl/pl/pt/ru/sv/ko/ja/xc SW,0,$0.00,,$0.00,,No,Obsolete (OB),,Not published by OCA,Obsolete (OB),10/04/2021,05/31/2025,"{""Extended Price (USD)"":""0""}",UNCHANGED,N/A,$0.00,$0.00,2026-09-10: (no price)
Software & Licenses,Server Management & Operating System Licenses,HPE OCA > DL145 Gen11 > Software & Licenses > Server Management & Operating System Licenses,Operating System / License,"min 1, Required",1,Required,Selection constraint for Server Management & Operating System Licenses: required,P77104-B21,Standard,Microsoft Windows Server 2025 16-core Standard Additional License WW SW,0,$0.00,,$0.00,,No,Available,,Not published by OCA,Active,12/02/2024,11/30/2027,"{""Extended Price (USD)"":""0""}",UNCHANGED,N/A,$0.00,$0.00,2026-09-10: (no price)
Software & Licenses,Server Management & Operating System Licenses,HPE OCA > DL145 Gen11 > Software & Licenses > Server Management & Operating System Licenses,Operating System / License,"min 1, Required",1,Required,Selection constraint for Server Management & Operating System Licenses: required,P77105-B21,Standard,Microsoft Windows Server 2025 4-core Standard Additional License WW SW,0,$0.00,,$0.00,,No,Available,,Not published by OCA,Active,12/02/2024,11/30/2027,"{""Extended Price (USD)"":""0""}",UNCHANGED,N/A,$0.00,$0.00,2026-09-10: (no price)
Software & Licenses,Server Management & Operating System Licenses,HPE OCA > DL145 Gen11 > Software & Licenses > Server Management & Operating System Licenses,Operating System / License,"min 1, Required",1,Required,Selection constraint for Server Management & Operating System Licenses: required,P77106-AA1,Standard,Microsoft Windows Server 2025 2-core Standard Additional License Chinese Simplified SW,0,$0.00,,$0.00,,No,Available,,Not published by OCA,Active,12/02/2024,11/30/2027,"{""Extended Price (USD)"":""0""}",UNCHANGED,N/A,$0.00,$0.00,2026-09-10: (no price)
Software & Licenses,Server Management & Operating System Licenses,HPE OCA > DL145 Gen11 > Software & Licenses > Server Management & Operating System Licenses,Operating System / License,"min 1, Required",1,Required,Selection constraint for Server Management & Operating System Licenses: required,P77106-AB1,Standard,Microsoft Windows Server 2025 2-core Standard Additional License Chinese Traditional SW,0,$0.00,,$0.00,,No,Available,,Not published by OCA,Active,12/02/2024,11/30/2027,"{""Extended Price (USD)"":""0""}",UNCHANGED,N/A,$0.00,$0.00,2026-09-10: (no price)
Software & Licenses,Server Management & Operating System Licenses,HPE OCA > DL145 Gen11 > Software & Licenses > Server Management & Operating System Licenses,Operating System / License,"min 1, Required",1,Required,Selection constraint for Server Management & Operating System Licenses: required,P77106-B21,Standard,Microsoft Windows Server 2025 2-core Standard Additional License WW SW,0,$0.00,,$0.00,,No,Available,,Not published by OCA,Active,12/02/2024,11/30/2027,"{""Extended Price (USD)"":""0""}",UNCHANGED,N/A,$0.00,$0.00,2026-09-10: (no price)
Software & Licenses,Server Management & Operating System Licenses,HPE OCA > DL145 Gen11 > Software & Licenses > Server Management & Operating System Licenses,Operating System / License,"min 1, Required",1,Required,Selection constraint for Server Management & Operating System Licenses: required,P77107-B21,Standard,Microsoft Windows Server 2025 16-core Datacenter Additional License WW SW,0,$0.00,,$0.00,,No,Available,,Not published by OCA,Active,12/02/2024,11/30/2027,"{""Extended Price (USD)"":""0""}",UNCHANGED,N/A,$0.00,$0.00,2026-09-10: (no price)
Software & Licenses,Server Management & Operating System Licenses,HPE OCA > DL145 Gen11 > Software & Licenses > Server Management & Operating System Licenses,Operating System / License,"min 1, Required",1,Required,Selection constraint for Server Management & Operating System Licenses: required,P77108-B21,Standard,Microsoft Windows Server 2025 4-core Datacenter Additional License WW SW,0,$0.00,,$0.00,,No,Available,,Not published by OCA,Active,12/02/2024,11/30/2027,"{""Extended Price (USD)"":""0""}",UNCHANGED,N/A,$0.00,$0.00,2026-09-10: (no price)
Software & Licenses,Server Management & Operating System Licenses,HPE OCA > DL145 Gen11 > Software & Licenses > Server Management & Operating System Licenses,Operating System / License,"min 1, Required",1,Required,Selection constraint for Server Management & Operating System Licenses: required,P77109-B21,Standard,Microsoft Windows Server 2025 2-core Datacenter Additional License WW SW,0,$0.00,,$0.00,,No,Available,,Not published by OCA,Active,12/02/2024,11/30/2027,"{""Extended Price (USD)"":""0""}",UNCHANGED,N/A,$0.00,$0.00,2026-09-10: (no price)
Software & Licenses,Server Management & Operating System Licenses,HPE OCA > DL145 Gen11 > Software & Licenses > Server Management & Operating System Licenses,Operating System / License,"min 1, Required",1,Required,Selection constraint for Server Management & Operating System Licenses: required,S6K30B,Standard,Microsoft Windows Server 2025 16-core Standard FIO Not Pre-installed WW ESD LTU,0,$0.00,,$0.00,,No,Available,,Not published by OCA,Active,09/02/2025,11/30/2027,"{""Extended Price (USD)"":""0""}",ADDED,N/A,$0.00,$0.00,2026-09-13: (no price)
Software & Licenses,Server Management & Operating System Licenses,HPE OCA > DL145 Gen11 > Software & Licenses > Server Management & Operating System Licenses,Operating System / License,"min 1, Required",1,Required,Selection constraint for Server Management & Operating System Licenses: required,S6L35B,Standard,Microsoft Windows Server 2025 16-core Datacenter FIO Not Pre-installed WW ESD LTU,0,$0.00,,$0.00,,No,Available,,Not published by OCA,Active,09/02/2025,11/30/2027,"{""Extended Price (USD)"":""0""}",ADDED,N/A,$0.00,$0.00,2026-09-13: (no price)
Software & Licenses,Server Management & Operating System Licenses,HPE OCA > DL145 Gen11 > Software & Licenses > Server Management & Operating System Licenses,Operating System / License,"min 1, Required",1,Required,Selection constraint for Server Management & Operating System Licenses: required,P45916-291,Standard,Microsoft Windows Server 2022 16-core Datacenter FIO Not Pre-installed Japanese SW,0,$0.00,,$0.00,,No,Obsolete (OB),,Not published by OCA,Obsolete (OB),12/06/2021,05/31/2025,"{""Extended Price (USD)"":""0""}",UNCHANGED,N/A,$0.00,$0.00,2026-09-10: (no price)
Software & Licenses,Server Management & Operating System Licenses,HPE OCA > DL145 Gen11 > Software & Licenses > Server Management & Operating System Licenses,Operating System / License,"min 1, Required",1,Required,Selection constraint for Server Management & Operating System Licenses: required,P45916-B21,Standard,Microsoft Windows Server 2022 16-core Datacenter FIO Not Pre-installed en/fr/it/de/es/nl/pt SW,0,$0.00,,$0.00,,No,Obsolete (OB),,Not published by OCA,Obsolete (OB),12/06/2021,05/31/2025,"{""Extended Price (USD)"":""0""}",UNCHANGED,N/A,$0.00,$0.00,2026-09-10: (no price)
Software & Licenses,Server Management & Operating System Licenses,HPE OCA > DL145 Gen11 > Software & Licenses > Server Management & Operating System Licenses,Operating System / License,"min 1, Required",1,Required,Selection constraint for Server Management & Operating System Licenses: required,P46005-291,Standard,Microsoft Windows Server 2022 16-core Standard FIO Not Pre-installed Japanese SW,0,$0.00,,$0.00,,No,Obsolete (OB),,Not published by OCA,Obsolete (OB),12/06/2021,05/31/2025,"{""Extended Price (USD)"":""0""}",UNCHANGED,N/A,$0.00,$0.00,2026-09-10: (no price)
Software & Licenses,Server Management & Operating System Licenses,HPE OCA > DL145 Gen11 > Software & Licenses > Server Management & Operating System Licenses,Operating System / License,"min 1, Required",1,Required,Selection constraint for Server Management & Operating System Licenses: required,P46005-B21,Standard,Microsoft Windows Server 2022 16-core Standard FIO Not Pre-installed en/fr/it/de/es/nl/pt SW,0,$0.00,,$0.00,,No,Obsolete (OB),,Not published by OCA,Obsolete (OB),12/06/2021,05/31/2025,"{""Extended Price (USD)"":""0""}",UNCHANGED,N/A,$0.00,$0.00,2026-09-10: (no price)
Software & Licenses,Server Management & Operating System Licenses,HPE OCA > DL145 Gen11 > Software & Licenses > Server Management & Operating System Licenses,Operating System / License,"min 1, Required",1,Required,Selection constraint for Server Management & Operating System Licenses: required,P46173-291,Standard,Microsoft Windows Server 2022 10-core Essentials FIO Pre-installed UEFI Japanese SW,0,$0.00,,$0.00,,No,Obsolete (OB),,Not published by OCA,Obsolete (OB),05/02/2022,05/31/2025,"{""Extended Price (USD)"":""0""}",UNCHANGED,N/A,$0.00,$0.00,2026-09-10: (no price)
Software & Licenses,Server Management & Operating System Licenses,HPE OCA > DL145 Gen11 > Software & Licenses > Server Management & Operating System Licenses,Operating System / License,"min 1, Required",1,Required,Selection constraint for Server Management & Operating System Licenses: required,P46174-371,Standard,Microsoft Windows Server 2022 10-core Essentials FIO Not Pre-installed English/Korean/Japanese SW,0,$0.00,,$0.00,,No,Obsolete (OB),,Not published by OCA,Obsolete (OB),12/06/2021,05/31/2025,"{""Extended Price (USD)"":""0""}",UNCHANGED,N/A,$0.00,$0.00,2026-09-10: (no price)
Software & Licenses,Server Management & Operating System Licenses,HPE OCA > DL145 Gen11 > Software & Licenses > Server Management & Operating System Licenses,Operating System / License,"min 1, Required",1,Required,Selection constraint for Server Management & Operating System Licenses: required,P46174-B21,Standard,Microsoft Windows Server 2022 10-core Essentials FIO Not Pre-installed en/fr/it/de/es/nl/pt SW,0,$0.00,,$0.00,,No,Obsolete (OB),,Not published by OCA,Obsolete (OB),12/06/2021,05/31/2025,"{""Extended Price (USD)"":""0""}",UNCHANGED,N/A,$0.00,$0.00,2026-09-10: (no price)
Software & Licenses,Server Management & Operating System Licenses,HPE OCA > DL145 Gen11 > Software & Licenses > Server Management & Operating System Licenses,Operating System / License,"min 1, Required",1,Required,Selection constraint for Server Management & Operating System Licenses: required,P77095-291,Standard,Microsoft Windows Server 2025 16-core Standard FIO Not Pre-installed Japanese SW,0,$0.00,,$0.00,,No,Available,,Not published by OCA,Active,12/02/2024,01/31/2027,"{""Extended Price (USD)"":""0""}",UNCHANGED,N/A,$0.00,$0.00,2026-09-10: (no price)
Software & Licenses,Server Management & Operating System Licenses,HPE OCA > DL145 Gen11 > Software & Licenses > Server Management & Operating System Licenses,Operating System / License,"min 1, Required",1,Required,Selection constraint for Server Management & Operating System Licenses: required,P77095-B21,Standard,Microsoft Windows Server 2025 16-core Standard FIO Not Pre-installed en/fr/de/es/it/pt/nl SW,0,$0.00,,$0.00,,No,Available,,Not published by OCA,Active,12/02/2024,01/31/2027,"{""Extended Price (USD)"":""0""}",UNCHANGED,N/A,$0.00,$0.00,2026-09-10: (no price)
Software & Licenses,Server Management & Operating System Licenses,HPE OCA > DL145 Gen11 > Software & Licenses > Server Management & Operating System Licenses,Operating System / License,"min 1, Required",1,Required,Selection constraint for Server Management & Operating System Licenses: required,P77097-291,Standard,Microsoft Windows Server 2025 16-core Datacenter FIO Not Pre-installed Japanese SW,0,$0.00,,$0.00,,No,Available,,Not published by OCA,Active,12/02/2024,01/31/2027,"{""Extended Price (USD)"":""0""}",UNCHANGED,N/A,$0.00,$0.00,2026-09-10: (no price)
Software & Licenses,Server Management & Operating System Licenses,HPE OCA > DL145 Gen11 > Software & Licenses > Server Management & Operating System Licenses,Operating System / License,"min 1, Required",1,Required,Selection constraint for Server Management & Operating System Licenses: required,P77097-B21,Standard,Microsoft Windows Server 2025 16-core Datacenter FIO Not Pre-installed en/fr/de/es/it/pt/nl SW,0,$0.00,,$0.00,,No,Available,,Not published by OCA,Active,12/02/2024,01/31/2027,"{""Extended Price (USD)"":""0""}",UNCHANGED,N/A,$0.00,$0.00,2026-09-10: (no price)
Software & Licenses,Server Management & Operating System Licenses,HPE OCA > DL145 Gen11 > Software & Licenses > Server Management & Operating System Licenses,Operating System / License,"min 1, Required",1,Required,Selection constraint for Server Management & Operating System Licenses: required,P77098-291,Standard,Microsoft Windows Server 2025 10-core Essentials FIO Not Pre-installed Japanese SW,0,$0.00,,$0.00,,No,Available,,Not published by OCA,Active,12/02/2024,01/31/2027,"{""Extended Price (USD)"":""0""}",UNCHANGED,N/A,$0.00,$0.00,2026-09-10: (no price)
Software & Licenses,Server Management & Operating System Licenses,HPE OCA > DL145 Gen11 > Software & Licenses > Server Management & Operating System Licenses,Operating System / License,"min 1, Required",1,Required,Selection constraint for Server Management & Operating System Licenses: required,P77098-B21,Standard,Microsoft Windows Server 2025 10-core Essentials FIO Not Pre-installed en/fr/de/es/it/pt/nl SW,0,$0.00,,$0.00,,No,Available,,Not published by OCA,Active,12/02/2024,01/31/2027,"{""Extended Price (USD)"":""0""}",UNCHANGED,N/A,$0.00,$0.00,2026-09-10: (no price)
Software & Licenses,Server Management & Operating System Licenses,HPE OCA > DL145 Gen11 > Software & Licenses > Server Management & Operating System Licenses,Operating System / License,"min 1, Required",1,Required,Selection constraint for Server Management & Operating System Licenses: required,S6L28B,Standard,Microsoft Windows Server 2025 10-core Essentials FIO Not Pre-installed WW ESD LTU,0,$0.00,,$0.00,,No,Available,,Not published by OCA,Active,09/02/2025,11/30/2027,"{""Extended Price (USD)"":""0""}",ADDED,N/A,$0.00,$0.00,2026-09-13: (no price)
Software & Licenses,Server Management & Operating System Licenses,HPE OCA > DL145 Gen11 > Software & Licenses > Server Management & Operating System Licenses,Operating System / License,"min 1, Required",1,Required,Selection constraint for Server Management & Operating System Licenses: required,P46155-291,Standard,Microsoft Windows Server 2022 16-core Standard FIO Pre-installed UEFI Japanese SW,0,"$99,999.00",,$0.00,,No,Obsolete (OB),,Not published by OCA,Obsolete (OB),05/02/2022,05/31/2025,"{""Extended Price (USD)"":""0""}",UNCHANGED,"$99,999.00",$0.00,$0.00,"$2,026.00"
Software & Licenses,Server Management & Operating System Licenses,HPE OCA > DL145 Gen11 > Software & Licenses > Server Management & Operating System Licenses,Operating System / License,"min 1, Required",1,Required,Selection constraint for Server Management & Operating System Licenses: required,P46155-B21,Standard,Microsoft Windows Server 2022 16-core Standard FIO Pre-installed UEFI en/fr/it/de/es/nl/pt SW,0,$988.00,,$0.00,,No,Obsolete (OB),,Not published by OCA,Obsolete (OB),05/02/2022,05/31/2025,"{""Extended Price (USD)"":""0""}",UNCHANGED,$988.00,$0.00,$0.00,"$2,026.00"
Software & Licenses,Server Management & Operating System Licenses,HPE OCA > DL145 Gen11 > Software & Licenses > Server Management & Operating System Licenses,Operating System / License,"min 1, Required",1,Required,Selection constraint for Server Management & Operating System Licenses: required,P77096-291,Standard,Microsoft Windows Server 2025 16-core Standard FIO Pre-installed UEFI Japanese SW,0,$0.00,,$0.00,,No,Available,,Not published by OCA,Active,12/02/2024,01/31/2027,"{""Extended Price (USD)"":""0""}",UNCHANGED,N/A,$0.00,$0.00,2026-09-09: (no price) → 2026-09-10: (no price)
Software & Licenses,Server Management & Operating System Licenses,HPE OCA > DL145 Gen11 > Software & Licenses > Server Management & Operating System Licenses,Operating System / License,"min 1, Required",1,Required,Selection constraint for Server Management & Operating System Licenses: required,P77096-B21,Standard,Microsoft Windows Server 2025 16-core Standard FIO Pre-installed UEFI en/fr/de/es/it/pt/nl SW,0,"$1,147.00",,$0.00,,No,Available,,Not published by OCA,Active,12/02/2024,01/31/2027,"{""Extended Price (USD)"":""0""}",UNCHANGED,"$1,147.00",$0.00,$0.00,"$2,026.00"
Software & Licenses,Server Management & Operating System Licenses,HPE OCA > DL145 Gen11 > Software & Licenses > Server Management & Operating System Licenses,Operating System / License,"min 1, Required",1,Required,Selection constraint for Server Management & Operating System Licenses: required,P77099-291,Standard,Microsoft Windows Server 2025 10-core Essentials FIO Pre-installed UEFI Japanese SW,0,$0.00,,$0.00,,No,Available,,Not published by OCA,Active,12/02/2024,01/31/2027,"{""Extended Price (USD)"":""0""}",UNCHANGED,N/A,$0.00,$0.00,2026-09-09: (no price) → 2026-09-10: (no price)
Software & Licenses,SUSE Add-ons,HPE OCA > DL145 Gen11 > Software & Licenses > SUSE Add-ons,Operating System / License,Unlimited,0,Unlimited,Selection constraint for SUSE Add-ons: no max,M6K34A,Standard,SUSE Linux Enterprise High Availability Extension 1-2 Sockets 3 Year Subscription Flx LTU,0,$0.00,,$0.00,,No,Available,,Not published by OCA,Active,06/01/2015,09/30/2027,"{""Extended Price (USD)"":""0""}",UNCHANGED,N/A,$0.00,$0.00,2026-09-10: (no price)
Software & Licenses,SUSE containers,HPE OCA > DL145 Gen11 > Software & Licenses > SUSE containers,Service & Support,Unlimited,0,Unlimited,Selection constraint for SUSE containers: no max,N0U73A,Standard,SUSE Linux Enterprise Server SAP 1-2 Sockets or 1-2 VM 3-year Subscription 24x7 Support Flexible LTU,0,$0.00,,$0.00,,No,Obsolete (OB),,Not published by OCA,Obsolete (OB),08/17/2015,03/02/2026,"{""Extended Price (USD)"":""0""}",UNCHANGED,N/A,$0.00,$0.00,2026-09-10: (no price)
Software & Licenses,SUSE containers,HPE OCA > DL145 Gen11 > Software & Licenses > SUSE containers,Service & Support,Unlimited,0,Unlimited,Selection constraint for SUSE containers: no max,N0U75A,Standard,SUSE Linux Enterprise Server SAP 1-2 Sockets or 1-2 VM 5-year Subscription 24x7 Support Flexible LTU,0,$0.00,,$0.00,,No,Obsolete (OB),,Not published by OCA,Obsolete (OB),08/17/2015,03/02/2026,"{""Extended Price (USD)"":""0""}",UNCHANGED,N/A,$0.00,$0.00,2026-09-10: (no price)
Software & Licenses,SUSE containers,HPE OCA > DL145 Gen11 > Software & Licenses > SUSE containers,Operating System / License,Unlimited,0,Unlimited,Selection constraint for SUSE containers: no max,R8V84A,Standard,SUSE Linux Enterprise Server for SAP 1-2 Sockets Unlimited VM w/Live Patching 3yr 24x7 Flexible LTU,0,$0.00,,$0.00,,No,Obsolete (OB),,Not published by OCA,Obsolete (OB),10/04/2021,03/02/2026,"{""Extended Price (USD)"":""0""}",ADDED,N/A,$0.00,$0.00,2026-09-13: (no price)
Software & Licenses,SUSE containers,HPE OCA > DL145 Gen11 > Software & Licenses > SUSE containers,Operating System / License,Unlimited,0,Unlimited,Selection constraint for SUSE containers: no max,R8V85A,Standard,SUSE Linux Enterprise Server for SAP 1-2 Sockets Unlimited VM w/Live Patching 5yr 24x7 Flexible LTU,0,$0.00,,$0.00,,No,Obsolete (OB),,Not published by OCA,Obsolete (OB),10/04/2021,03/02/2026,"{""Extended Price (USD)"":""0""}",ADDED,N/A,$0.00,$0.00,2026-09-13: (no price)
Software & Licenses,SUSE containers,HPE OCA > DL145 Gen11 > Software & Licenses > SUSE containers,Operating System / License,Unlimited,0,Unlimited,Selection constraint for SUSE containers: no max,S3R49A,Standard,SUSE Linux Enterprise Server w/SUSE Manager Lifecycle Management+ 1-2 Sockets/1-2 VM 3yr 24x7 LTU,0,$0.00,,$0.00,,No,Obsolete (OB),,Not published by OCA,Obsolete (OB),05/06/2024,03/02/2026,"{""Extended Price (USD)"":""0""}",ADDED,N/A,$0.00,$0.00,2026-09-13: (no price)
Software & Licenses,SUSE containers,HPE OCA > DL145 Gen11 > Software & Licenses > SUSE containers,Operating System / License,Unlimited,0,Unlimited,Selection constraint for SUSE containers: no max,S3R50A,Standard,SUSE Linux Enterprise Server w/SUSE Manager Lifecycle Management+ 1-2 Sockets/1-2 VM 1yr 24x7 LTU,0,$0.00,,$0.00,,No,Obsolete (OB),,Not published by OCA,Obsolete (OB),05/06/2024,03/02/2026,"{""Extended Price (USD)"":""0""}",ADDED,N/A,$0.00,$0.00,2026-09-13: (no price)
Software & Licenses,SUSE containers,HPE OCA > DL145 Gen11 > Software & Licenses > SUSE containers,Operating System / License,Unlimited,0,Unlimited,Selection constraint for SUSE containers: no max,S3R51A,Standard,SUSE Linux Enterprise Server w/SUSE Manager Lifecycle Management+ 1-2 Sockets/1-2 VM 1yr 9x5 LTU,0,$0.00,,$0.00,,No,Obsolete (OB),,Not published by OCA,Obsolete (OB),05/06/2024,03/02/2026,"{""Extended Price (USD)"":""0""}",ADDED,N/A,$0.00,$0.00,2026-09-13: (no price)
Software & Licenses,SUSE containers,HPE OCA > DL145 Gen11 > Software & Licenses > SUSE containers,Operating System / License,Unlimited,0,Unlimited,Selection constraint for SUSE containers: no max,S3R52A,Standard,SUSE Linux Enterprise Server w/SUSE Manager Lifecycle Management+ 1-2 Sockets/1-2 VM 5yr 24x7 LTU,0,$0.00,,$0.00,,No,Obsolete (OB),,Not published by OCA,Obsolete (OB),05/06/2024,03/02/2026,"{""Extended Price (USD)"":""0""}",ADDED,N/A,$0.00,$0.00,2026-09-13: (no price)
Software & Licenses,SUSE containers,HPE OCA > DL145 Gen11 > Software & Licenses > SUSE containers,Operating System / License,Unlimited,0,Unlimited,Selection constraint for SUSE containers: no max,S3R53A,Standard,SUSE Linux Enterprise Server w/SUSE Manager Lifecycle Management+ 1-2 Sockets/1-2 VM 3yr 9x5 LTU,0,$0.00,,$0.00,,No,Obsolete (OB),,Not published by OCA,Obsolete (OB),05/06/2024,03/02/2026,"{""Extended Price (USD)"":""0""}",ADDED,N/A,$0.00,$0.00,2026-09-13: (no price)
Software & Licenses,SUSE containers,HPE OCA > DL145 Gen11 > Software & Licenses > SUSE containers,Operating System / License,Unlimited,0,Unlimited,Selection constraint for SUSE containers: no max,S3R54A,Standard,SUSE Linux Enterprise Server w/SUSE Manager Lifecycle Management+ 1-2 Sockets/1-2 VM 5yr 9x5 LTU,0,$0.00,,$0.00,,No,Obsolete (OB),,Not published by OCA,Obsolete (OB),05/06/2024,03/02/2026,"{""Extended Price (USD)"":""0""}",ADDED,N/A,$0.00,$0.00,2026-09-13: (no price)
Software & Licenses,SUSE containers,HPE OCA > DL145 Gen11 > Software & Licenses > SUSE containers,Service & Support,Unlimited,0,Unlimited,Selection constraint for SUSE containers: no max,S7N85A,Standard,SUSE Linux Enterprise Server for SAP Applications 1-2 Sockets or 1-2 VM 3-year Sub 24x7 Support LTU,0,$0.00,,$0.00,,No,Available,,Not published by OCA,Active,03/02/2026,04/30/2028,"{""Extended Price (USD)"":""0""}",ADDED,N/A,$0.00,$0.00,2026-09-13: (no price)
Software & Licenses,SUSE containers,HPE OCA > DL145 Gen11 > Software & Licenses > SUSE containers,Service & Support,Unlimited,0,Unlimited,Selection constraint for SUSE containers: no max,S7N86A,Standard,SUSE Linux Enterprise Server for SAP Applications 1-2 Sockets or 1-2 VM 5-year Sub 24x7 Support LTU,0,$0.00,,$0.00,,No,Available,,Not published by OCA,Active,03/02/2026,04/30/2028,"{""Extended Price (USD)"":""0""}",ADDED,N/A,$0.00,$0.00,2026-09-13: (no price)
Software & Licenses,SUSE containers,HPE OCA > DL145 Gen11 > Software & Licenses > SUSE containers,Operating System / License,Unlimited,0,Unlimited,Selection constraint for SUSE containers: no max,S7N89A,Standard,SUSE Linux Enterprise Server w/SUSE Multi-Linux Mgr Lifecycle Mgmt+ 1-2 Skts/1-2 VM 1yr 24x7 LTU,0,$0.00,,$0.00,,No,Available,,Not published by OCA,Active,03/02/2026,04/30/2028,"{""Extended Price (USD)"":""0""}",ADDED,N/A,$0.00,$0.00,2026-09-13: (no price)
Software & Licenses,SUSE containers,HPE OCA > DL145 Gen11 > Software & Licenses > SUSE containers,Operating System / License,Unlimited,0,Unlimited,Selection constraint for SUSE containers: no max,S7N90A,Standard,SUSE Linux Enterprise Server w/SUSE Multi-Linux Mgr Lifecycle Mgmt+ 1-2 Skts/1-2 VM 1yr 9x5 LTU,0,$0.00,,$0.00,,No,Available,,Not published by OCA,Active,03/02/2026,04/30/2028,"{""Extended Price (USD)"":""0""}",ADDED,N/A,$0.00,$0.00,2026-09-13: (no price)
Software & Licenses,SUSE containers,HPE OCA > DL145 Gen11 > Software & Licenses > SUSE containers,Operating System / License,Unlimited,0,Unlimited,Selection constraint for SUSE containers: no max,S7N91A,Standard,SUSE Linux Enterprise Server w/SUSE Multi-Linux Mgr Lifecycle Mgmt+ 1-2 Skts/1-2 VM 3yr 24x7 LTU,0,$0.00,,$0.00,,No,Available,,Not published by OCA,Active,03/02/2026,04/30/2028,"{""Extended Price (USD)"":""0""}",ADDED,N/A,$0.00,$0.00,2026-09-13: (no price)
Software & Licenses,SUSE containers,HPE OCA > DL145 Gen11 > Software & Licenses > SUSE containers,Operating System / License,Unlimited,0,Unlimited,Selection constraint for SUSE containers: no max,S7N92A,Standard,SUSE Linux Enterprise Server w/SUSE Multi-Linux Mgr Lifecycle Mgmt+ 1-2 Skts/1-2 VM 3yr 9x5 LTU,0,$0.00,,$0.00,,No,Available,,Not published by OCA,Active,03/02/2026,04/30/2028,"{""Extended Price (USD)"":""0""}",ADDED,N/A,$0.00,$0.00,2026-09-13: (no price)
Software & Licenses,SUSE containers,HPE OCA > DL145 Gen11 > Software & Licenses > SUSE containers,Operating System / License,Unlimited,0,Unlimited,Selection constraint for SUSE containers: no max,S7N93A,Standard,SUSE Linux Enterprise Server w/SUSE Multi-Linux Mgr Lifecycle Mgmt+ 1-2 Skts/1-2 VM 5yr 24x7 LTU,0,$0.00,,$0.00,,No,Available,,Not published by OCA,Active,03/02/2026,04/30/2028,"{""Extended Price (USD)"":""0""}",ADDED,N/A,$0.00,$0.00,2026-09-13: (no price)
Software & Licenses,SUSE containers,HPE OCA > DL145 Gen11 > Software & Licenses > SUSE containers,Operating System / License,Unlimited,0,Unlimited,Selection constraint for SUSE containers: no max,S7N94A,Standard,SUSE Linux Enterprise Server w/SUSE Multi-Linux Mgr Lifecycle Mgmt+ 1-2 Skts/1-2 VM 5yr 9x5 LTU,0,$0.00,,$0.00,,No,Available,,Not published by OCA,Active,03/02/2026,04/30/2028,"{""Extended Price (USD)"":""0""}",ADDED,N/A,$0.00,$0.00,2026-09-13: (no price)
Software & Licenses,SUSE containers,HPE OCA > DL145 Gen11 > Software & Licenses > SUSE containers,Operating System / License,Unlimited,0,Unlimited,Selection constraint for SUSE containers: no max,S7P12A,Standard,SUSE Linux Enterprise Server for SAP Applications 1-2 Sockets or 1-2 VM 3-year Sub 24x7 Sup Flex LTU,0,$0.00,,$0.00,,No,Available,,Not published by OCA,Active,03/02/2026,04/30/2028,"{""Extended Price (USD)"":""0""}",ADDED,N/A,$0.00,$0.00,2026-09-13: (no price)
Software & Licenses,SUSE containers,HPE OCA > DL145 Gen11 > Software & Licenses > SUSE containers,Operating System / License,Unlimited,0,Unlimited,Selection constraint for SUSE containers: no max,S7P13A,Standard,SUSE Linux Enterprise Server for SAP Applications 1-2 Sockets or 1-2 VM 5-year Sub 24x7 Sup Flex LTU,0,$0.00,,$0.00,,No,Available,,Not published by OCA,Active,03/02/2026,04/30/2028,"{""Extended Price (USD)"":""0""}",ADDED,N/A,$0.00,$0.00,2026-09-13: (no price)
Software & Licenses,SUSE SAP Operating Systems,HPE OCA > DL145 Gen11 > Software & Licenses > SUSE SAP Operating Systems,Service & Support,Unlimited,0,Unlimited,Selection constraint for SUSE SAP Operating Systems: no max,M6K30A,Standard,SUSE Linux Enterprise Server SAP 1-2 Sockets or 1-2 VM 3 Year Subscription 24x7 Support Flx LTU,0,$0.00,,$0.00,,No,Obsolete (OB),,Not published by OCA,Obsolete (OB),06/01/2015,03/02/2026,"{""Extended Price (USD)"":""0""}",UNCHANGED,N/A,$0.00,$0.00,2026-09-10: (no price)
Software & Licenses,SUSE SAP Operating Systems,HPE OCA > DL145 Gen11 > Software & Licenses > SUSE SAP Operating Systems,Service & Support,Unlimited,0,Unlimited,Selection constraint for SUSE SAP Operating Systems: no max,M6K32A,Standard,SUSE Linux Enterprise Server SAP 1-2 Sockets or 1-2 VM 5 Year Subscription 24x7 Support Flx LTU,0,$0.00,,$0.00,,No,Obsolete (OB),,Not published by OCA,Obsolete (OB),06/01/2015,03/02/2026,"{""Extended Price (USD)"":""0""}",UNCHANGED,N/A,$0.00,$0.00,2026-09-10: (no price)
Software & Licenses,OneView Management Software,HPE OCA > DL145 Gen11 > Software & Licenses > OneView Management Software,Service & Support,Unlimited,0,Unlimited,Selection constraint for OneView Management Software: no max,E5Y44A,Standard,HPE OneView for ProLiant DL Server including 3yr 24x7 Support Bundle Track 1-server LTU,0,$0.00,,$0.00,,No,Available,,Not published by OCA,Active,11/01/2013,07/31/2030,"{""Extended Price (USD)"":""0""}",UNCHANGED,N/A,$0.00,$0.00,2026-09-10: (no price)
Software & Licenses,OneView Management Software,HPE OCA > DL145 Gen11 > Software & Licenses > OneView Management Software,Service & Support,Unlimited,0,Unlimited,Selection constraint for OneView Management Software: no max,E5Y43A,Standard,HPE OneView for ProLiant DL Server including 3yr 24x7 Support FIO Bundle Physical 1-server LTU,0,$0.00,,$0.00,,No,Available,,Not published by OCA,Active,11/01/2013,07/31/2030,"{""Extended Price (USD)"":""0""}",UNCHANGED,N/A,$0.00,$0.00,2026-09-10: (no price)
Software & Licenses,OneView Management Software,HPE OCA > DL145 Gen11 > Software & Licenses > OneView Management Software,Service & Support,Unlimited,0,Unlimited,Selection constraint for OneView Management Software: no max,E5Y36A,Standard,HPE OneView including 3yr 24x7 Support Track 1-server LTU,0,$0.00,,$0.00,,No,Available,,Not published by OCA,Active,11/01/2013,07/31/2030,"{""Extended Price (USD)"":""0""}",UNCHANGED,N/A,$0.00,$0.00,2026-09-10: (no price)
Software & Licenses,OneView Management Software,HPE OCA > DL145 Gen11 > Software & Licenses > OneView Management Software,Service & Support,Unlimited,0,Unlimited,Selection constraint for OneView Management Software: no max,P8B31A,Standard,HPE OneView w/o iLO including 3yr 24x7 Support 1-server FIO LTU,0,$0.00,,$0.00,,No,Available,,Not published by OCA,Active,10/09/2015,07/31/2030,"{""Extended Price (USD)"":""0""}",UNCHANGED,N/A,$0.00,$0.00,2026-09-10: (no price)
Software & Licenses,OneView Management Software,HPE OCA > DL145 Gen11 > Software & Licenses > OneView Management Software,Service & Support,Unlimited,0,Unlimited,Selection constraint for OneView Management Software: no max,P8B24A,Standard,HPE OneView w/o iLO including 3yr 24x7 Support 1-server LTU,0,$0.00,,$0.00,,No,Obsolete (OB),,Not published by OCA,Obsolete (OB),10/09/2015,03/31/2025,"{""Extended Price (USD)"":""0""}",UNCHANGED,N/A,$0.00,$0.00,2026-09-10: (no price)
Software & Licenses,OneView Management Software,HPE OCA > DL145 Gen11 > Software & Licenses > OneView Management Software,Service & Support,Unlimited,0,Unlimited,Selection constraint for OneView Management Software: no max,P8B25A,Standard,HPE OneView w/o iLO including 3yr 24x7 Support Track 1-server LTU,0,$0.00,,$0.00,,No,Available,,Not published by OCA,Active,10/09/2015,07/31/2030,"{""Extended Price (USD)"":""0""}",UNCHANGED,N/A,$0.00,$0.00,2026-09-10: (no price)
Software & Licenses,Integrated Lights Out Software,HPE OCA > DL145 Gen11 > Software & Licenses > Integrated Lights Out Software,Service & Support,Unlimited,0,Unlimited,Selection constraint for Integrated Lights Out Software: no max,512485-B21,Standard,HPE iLO Advanced 1-server License with 1yr Support on iLO Licensed Features,0,$399.00,,$0.00,,No,Available,,Not published by OCA,Active,11/18/2008,01/25/2036,"{""Extended Price (USD)"":""0""}",UNCHANGED,$399.00,$0.00,$0.00,"$2,026.00"
Software & Licenses,Integrated Lights Out Software,HPE OCA > DL145 Gen11 > Software & Licenses > Integrated Lights Out Software,Service & Support,Unlimited,0,Unlimited,Selection constraint for Integrated Lights Out Software: no max,BD505A,Standard,HPE iLO Advanced 1-server License with 3yr Support on iLO Licensed Features,1,$469.00,,$0.00,,No,Available,,Not published by OCA,Active,03/26/2012,01/25/2036,"{""Extended Price (USD)"":""0""}",UNCHANGED,$469.00,$0.00,$0.00,"$2,026.00"
Software & Licenses,Integrated Lights Out Software,HPE OCA > DL145 Gen11 > Software & Licenses > Integrated Lights Out Software,Service & Support,Unlimited,0,Unlimited,Selection constraint for Integrated Lights Out Software: no max,512487-B21,Standard,HPE iLO Advanced AKA Tracking License with 1yr Support on iLO Licensed Features,0,$399.00,,$0.00,,No,Available,,Not published by OCA,Active,03/04/2015,01/25/2036,"{""Extended Price (USD)"":""0""}",UNCHANGED,$399.00,$0.00,$0.00,"$2,026.00"
Software & Licenses,Integrated Lights Out Software,HPE OCA > DL145 Gen11 > Software & Licenses > Integrated Lights Out Software,Service & Support,Unlimited,0,Unlimited,Selection constraint for Integrated Lights Out Software: no max,BD507A,Standard,HPE iLO Advanced AKA Tracking License with 3yr Support on iLO Licensed Features,0,$469.00,,$0.00,,No,Available,,Not published by OCA,Active,03/26/2012,01/25/2036,"{""Extended Price (USD)"":""0""}",UNCHANGED,$469.00,$0.00,$0.00,"$2,026.00"
Software & Licenses,Integrated Lights Out Software,HPE OCA > DL145 Gen11 > Software & Licenses > Integrated Lights Out Software,Service & Support,Unlimited,0,Unlimited,Selection constraint for Integrated Lights Out Software: no max,E6U59ABE,Standard,HPE iLO Advanced Electronic License with 1yr Support on iLO Licensed Features,0,$399.00,,$0.00,,No,Available,,Not published by OCA,Active,09/10/2013,01/25/2036,"{""Extended Price (USD)"":""0""}",UNCHANGED,$399.00,$0.00,$0.00,"$2,026.00"
Software & Licenses,Integrated Lights Out Software,HPE OCA > DL145 Gen11 > Software & Licenses > Integrated Lights Out Software,Service & Support,Unlimited,0,Unlimited,Selection constraint for Integrated Lights Out Software: no max,E6U64ABE,Standard,HPE iLO Advanced Electronic License with 3yr Support on iLO Licensed Features,0,$467.00,,$0.00,,No,Available,,Not published by OCA,Active,09/10/2013,01/25/2036,"{""Extended Price (USD)"":""0""}",UNCHANGED,$467.00,$0.00,$0.00,"$2,026.00"
Software & Licenses,Integrated Lights Out Software,HPE OCA > DL145 Gen11 > Software & Licenses > Integrated Lights Out Software,Service & Support,Unlimited,0,Unlimited,Selection constraint for Integrated Lights Out Software: no max,512486-B21,Standard,HPE iLO Advanced Flexible Quantity License with 1yr Support on iLO Licensed Features,0,$399.00,,$0.00,,No,Obsolete (OB),,Not published by OCA,Obsolete (OB),11/18/2008,10/01/2024,"{""Extended Price (USD)"":""0""}",UNCHANGED,$399.00,$0.00,$0.00,"$2,026.00"
Software & Licenses,Integrated Lights Out Software,HPE OCA > DL145 Gen11 > Software & Licenses > Integrated Lights Out Software,Service & Support,Unlimited,0,Unlimited,Selection constraint for Integrated Lights Out Software: no max,BD506A,Standard,HPE iLO Advanced Flexible Quantity License with 3yr Support on iLO Licensed Features,0,$469.00,,$0.00,,No,Obsolete (OB),,Not published by OCA,Obsolete (OB),03/26/2012,10/01/2024,"{""Extended Price (USD)"":""0""}",UNCHANGED,$469.00,$0.00,$0.00,"$2,026.00"
Software & Licenses,Server Management & Operating System Licenses,HPE OCA > DL145 Gen11 > Software & Licenses > Server Management & Operating System Licenses,Operating System / License,Unlimited,0,Unlimited,Selection constraint for Integrated Lights Out Software: no max,S6L45A,Standard,Microsoft Windows Server 2019 Downgrade Datacenter Reseller Option Kit Japanese ESD LTU,0,$0.00,$0.00,$0.00,,No,Available,,Not published by OCA,Active,09/02/2025,11/30/2027,"{""Price Delta (USD)"":""0"",""Extended Price (USD)"":""0""}",ADDED,N/A,$0.00,$0.00,2026-09-13: (no price)
Software & Licenses,Server Management & Operating System Licenses,HPE OCA > DL145 Gen11 > Software & Licenses > Server Management & Operating System Licenses,Operating System / License,Unlimited,0,Unlimited,Selection constraint for Integrated Lights Out Software: no max,S6L44A,Standard,Microsoft Windows Server 2019 Downgrade Standard Reseller Option Kit Japanese ESD LTU,0,$0.00,$0.00,$0.00,,No,Available,,Not published by OCA,Active,09/02/2025,11/30/2027,"{""Price Delta (USD)"":""0"",""Extended Price (USD)"":""0""}",ADDED,N/A,$0.00,$0.00,2026-09-13: (no price)
Software & Licenses,Server Management & Operating System Licenses,HPE OCA > DL145 Gen11 > Software & Licenses > Server Management & Operating System Licenses,Operating System / License,Unlimited,0,Unlimited,Selection constraint for Integrated Lights Out Software: no max,S6L41A,Standard,Microsoft Windows Server 2022 Downgrade Standard Reseller Option Kit Japanese ESD LTU,0,$0.00,$0.00,$0.00,,No,Available,,Not published by OCA,Active,09/02/2025,11/30/2027,"{""Price Delta (USD)"":""0"",""Extended Price (USD)"":""0""}",ADDED,N/A,$0.00,$0.00,2026-09-13: (no price)
Software & Licenses,Integrated Lights Out Software,HPE OCA > DL145 Gen11 > Software & Licenses > Integrated Lights Out Software,Operating System / License,Unlimited,0,Unlimited,Selection constraint for Integrated Lights Out Software: no max,P11086-B21,Standard,Microsoft Windows Server 2016 Downgrade Datacenter FIO Not Pre-installed English SW,0,$0.00,$0.00,$0.00,,No,Obsolete (OB),,Not published by OCA,Obsolete (OB),04/02/2019,05/31/2025,"{""Price Delta (USD)"":""0"",""Extended Price (USD)"":""0""}",UNCHANGED,N/A,$0.00,$0.00,2026-09-10: (no price)
Software & Licenses,Integrated Lights Out Software,HPE OCA > DL145 Gen11 > Software & Licenses > Integrated Lights Out Software,Operating System / License,Unlimited,0,Unlimited,Selection constraint for Integrated Lights Out Software: no max,P11086-051,Standard,Microsoft Windows Server 2016 Downgrade Datacenter FIO Not Pre-installed French SW,0,$0.00,$0.00,$0.00,,No,Obsolete (OB),,Not published by OCA,Obsolete (OB),04/02/2019,05/31/2025,"{""Price Delta (USD)"":""0"",""Extended Price (USD)"":""0""}",UNCHANGED,N/A,$0.00,$0.00,2026-09-10: (no price)
Software & Licenses,Integrated Lights Out Software,HPE OCA > DL145 Gen11 > Software & Licenses > Integrated Lights Out Software,Operating System / License,Unlimited,0,Unlimited,Selection constraint for Integrated Lights Out Software: no max,P11086-041,Standard,Microsoft Windows Server 2016 Downgrade Datacenter FIO Not Pre-installed German SW,0,$0.00,$0.00,$0.00,,No,Obsolete (OB),,Not published by OCA,Obsolete (OB),04/02/2019,05/31/2025,"{""Price Delta (USD)"":""0"",""Extended Price (USD)"":""0""}",UNCHANGED,N/A,$0.00,$0.00,2026-09-10: (no price)
Software & Licenses,Integrated Lights Out Software,HPE OCA > DL145 Gen11 > Software & Licenses > Integrated Lights Out Software,Operating System / License,Unlimited,0,Unlimited,Selection constraint for Integrated Lights Out Software: no max,P11086-061,Standard,Microsoft Windows Server 2016 Downgrade Datacenter FIO Not Pre-installed Italian SW,0,$0.00,$0.00,$0.00,,No,Obsolete (OB),,Not published by OCA,Obsolete (OB),04/02/2019,05/31/2025,"{""Price Delta (USD)"":""0"",""Extended Price (USD)"":""0""}",UNCHANGED,N/A,$0.00,$0.00,2026-09-10: (no price)
Software & Licenses,Integrated Lights Out Software,HPE OCA > DL145 Gen11 > Software & Licenses > Integrated Lights Out Software,Operating System / License,Unlimited,0,Unlimited,Selection constraint for Integrated Lights Out Software: no max,P11086-291,Standard,Microsoft Windows Server 2016 Downgrade Datacenter FIO Not Pre-installed Japanese SW,0,$0.00,$0.00,$0.00,,No,Obsolete (OB),,Not published by OCA,Obsolete (OB),04/02/2019,05/31/2025,"{""Price Delta (USD)"":""0"",""Extended Price (USD)"":""0""}",UNCHANGED,N/A,$0.00,$0.00,2026-09-10: (no price)
Software & Licenses,Integrated Lights Out Software,HPE OCA > DL145 Gen11 > Software & Licenses > Integrated Lights Out Software,Operating System / License,Unlimited,0,Unlimited,Selection constraint for Integrated Lights Out Software: no max,P11086-071,Standard,Microsoft Windows Server 2016 Downgrade Datacenter FIO Not Pre-installed Spanish SW,0,$0.00,$0.00,$0.00,,No,Obsolete (OB),,Not published by OCA,Obsolete (OB),04/02/2019,05/31/2025,"{""Price Delta (USD)"":""0"",""Extended Price (USD)"":""0""}",UNCHANGED,N/A,$0.00,$0.00,2026-09-10: (no price)
Software & Licenses,Integrated Lights Out Software,HPE OCA > DL145 Gen11 > Software & Licenses > Integrated Lights Out Software,Operating System / License,Unlimited,0,Unlimited,Selection constraint for Integrated Lights Out Software: no max,P11083-B21,Standard,Microsoft Windows Server 2016 Downgrade Standard FIO Not Pre-installed English SW,0,$0.00,$0.00,$0.00,,No,Obsolete (OB),,Not published by OCA,Obsolete (OB),04/02/2019,05/31/2025,"{""Price Delta (USD)"":""0"",""Extended Price (USD)"":""0""}",UNCHANGED,N/A,$0.00,$0.00,2026-09-10: (no price)
Software & Licenses,Integrated Lights Out Software,HPE OCA > DL145 Gen11 > Software & Licenses > Integrated Lights Out Software,Operating System / License,Unlimited,0,Unlimited,Selection constraint for Integrated Lights Out Software: no max,P11083-051,Standard,Microsoft Windows Server 2016 Downgrade Standard FIO Not Pre-installed French SW,0,$0.00,$0.00,$0.00,,No,Obsolete (OB),,Not published by OCA,Obsolete (OB),04/02/2019,05/31/2025,"{""Price Delta (USD)"":""0"",""Extended Price (USD)"":""0""}",UNCHANGED,N/A,$0.00,$0.00,2026-09-10: (no price)
Software & Licenses,Integrated Lights Out Software,HPE OCA > DL145 Gen11 > Software & Licenses > Integrated Lights Out Software,Operating System / License,Unlimited,0,Unlimited,Selection constraint for Integrated Lights Out Software: no max,P11083-041,Standard,Microsoft Windows Server 2016 Downgrade Standard FIO Not Pre-installed German SW,0,$0.00,$0.00,$0.00,,No,Obsolete (OB),,Not published by OCA,Obsolete (OB),04/02/2019,05/31/2025,"{""Price Delta (USD)"":""0"",""Extended Price (USD)"":""0""}",UNCHANGED,N/A,$0.00,$0.00,2026-09-10: (no price)
Software & Licenses,Integrated Lights Out Software,HPE OCA > DL145 Gen11 > Software & Licenses > Integrated Lights Out Software,Operating System / License,Unlimited,0,Unlimited,Selection constraint for Integrated Lights Out Software: no max,P11083-061,Standard,Microsoft Windows Server 2016 Downgrade Standard FIO Not Pre-installed Italian SW,0,$0.00,$0.00,$0.00,,No,Obsolete (OB),,Not published by OCA,Obsolete (OB),04/02/2019,05/31/2025,"{""Price Delta (USD)"":""0"",""Extended Price (USD)"":""0""}",UNCHANGED,N/A,$0.00,$0.00,2026-09-10: (no price)
Software & Licenses,Integrated Lights Out Software,HPE OCA > DL145 Gen11 > Software & Licenses > Integrated Lights Out Software,Operating System / License,Unlimited,0,Unlimited,Selection constraint for Integrated Lights Out Software: no max,P11083-291,Standard,Microsoft Windows Server 2016 Downgrade Standard FIO Not Pre-installed Japanese SW,0,$0.00,$0.00,$0.00,,No,Obsolete (OB),,Not published by OCA,Obsolete (OB),04/02/2019,05/31/2025,"{""Price Delta (USD)"":""0"",""Extended Price (USD)"":""0""}",UNCHANGED,N/A,$0.00,$0.00,2026-09-10: (no price)
Software & Licenses,Integrated Lights Out Software,HPE OCA > DL145 Gen11 > Software & Licenses > Integrated Lights Out Software,Operating System / License,Unlimited,0,Unlimited,Selection constraint for Integrated Lights Out Software: no max,P11083-071,Standard,Microsoft Windows Server 2016 Downgrade Standard FIO Not Pre-installed Spanish SW,0,$0.00,$0.00,$0.00,,No,Obsolete (OB),,Not published by OCA,Obsolete (OB),04/02/2019,05/31/2025,"{""Price Delta (USD)"":""0"",""Extended Price (USD)"":""0""}",UNCHANGED,N/A,$0.00,$0.00,2026-09-10: (no price)
Software & Licenses,Integrated Lights Out Software,HPE OCA > DL145 Gen11 > Software & Licenses > Integrated Lights Out Software,Operating System / License,Unlimited,0,Unlimited,Selection constraint for Integrated Lights Out Software: no max,P45879-B21,Standard,Microsoft Windows Server 2019 16-core Downgrade Datacenter FIO Not Pre-installed English SW,0,$0.00,$0.00,$0.00,,No,Available,,Not published by OCA,Active,12/06/2021,01/31/2027,"{""Price Delta (USD)"":""0"",""Extended Price (USD)"":""0""}",UNCHANGED,N/A,$0.00,$0.00,2026-09-10: (no price)
Software & Licenses,Integrated Lights Out Software,HPE OCA > DL145 Gen11 > Software & Licenses > Integrated Lights Out Software,Operating System / License,Unlimited,0,Unlimited,Selection constraint for Integrated Lights Out Software: no max,P45879-051,Standard,Microsoft Windows Server 2019 16-core Downgrade Datacenter FIO Not Pre-installed French SW,0,$0.00,$0.00,$0.00,,No,Available,,Not published by OCA,Active,12/06/2021,01/31/2027,"{""Price Delta (USD)"":""0"",""Extended Price (USD)"":""0""}",UNCHANGED,N/A,$0.00,$0.00,2026-09-10: (no price)
Software & Licenses,Integrated Lights Out Software,HPE OCA > DL145 Gen11 > Software & Licenses > Integrated Lights Out Software,Operating System / License,Unlimited,0,Unlimited,Selection constraint for Integrated Lights Out Software: no max,P45879-041,Standard,Microsoft Windows Server 2019 16-core Downgrade Datacenter FIO Not Pre-installed German SW,0,$0.00,$0.00,$0.00,,No,Available,,Not published by OCA,Active,12/06/2021,01/31/2027,"{""Price Delta (USD)"":""0"",""Extended Price (USD)"":""0""}",UNCHANGED,N/A,$0.00,$0.00,2026-09-10: (no price)
Software & Licenses,Integrated Lights Out Software,HPE OCA > DL145 Gen11 > Software & Licenses > Integrated Lights Out Software,Operating System / License,Unlimited,0,Unlimited,Selection constraint for Integrated Lights Out Software: no max,P45879-061,Standard,Microsoft Windows Server 2019 16-core Downgrade Datacenter FIO Not Pre-installed Italian SW,0,$0.00,$0.00,$0.00,,No,Available,,Not published by OCA,Active,12/06/2021,01/31/2027,"{""Price Delta (USD)"":""0"",""Extended Price (USD)"":""0""}",UNCHANGED,N/A,$0.00,$0.00,2026-09-10: (no price)
Software & Licenses,Integrated Lights Out Software,HPE OCA > DL145 Gen11 > Software & Licenses > Integrated Lights Out Software,Operating System / License,Unlimited,0,Unlimited,Selection constraint for Integrated Lights Out Software: no max,P45879-291,Standard,Microsoft Windows Server 2019 16-core Downgrade Datacenter FIO Not Pre-installed Japanese SW,0,$0.00,$0.00,$0.00,,No,Available,,Not published by OCA,Active,12/06/2021,01/31/2027,"{""Price Delta (USD)"":""0"",""Extended Price (USD)"":""0""}",UNCHANGED,N/A,$0.00,$0.00,2026-09-10: (no price)
Software & Licenses,Integrated Lights Out Software,HPE OCA > DL145 Gen11 > Software & Licenses > Integrated Lights Out Software,Operating System / License,Unlimited,0,Unlimited,Selection constraint for Integrated Lights Out Software: no max,P45879-071,Standard,Microsoft Windows Server 2019 16-core Downgrade Datacenter FIO Not Pre-installed Spanish SW,0,$0.00,$0.00,$0.00,,No,Available,,Not published by OCA,Active,12/06/2021,01/31/2027,"{""Price Delta (USD)"":""0"",""Extended Price (USD)"":""0""}",UNCHANGED,N/A,$0.00,$0.00,2026-09-10: (no price)
Software & Licenses,Integrated Lights Out Software,HPE OCA > DL145 Gen11 > Software & Licenses > Integrated Lights Out Software,Operating System / License,Unlimited,0,Unlimited,Selection constraint for Integrated Lights Out Software: no max,P45862-B21,Standard,Microsoft Windows Server 2019 16-core Downgrade Standard FIO Not Pre-installed English SW,0,$0.00,$0.00,$0.00,,No,Available,,Not published by OCA,Active,12/06/2021,01/31/2027,"{""Price Delta (USD)"":""0"",""Extended Price (USD)"":""0""}",UNCHANGED,N/A,$0.00,$0.00,2026-09-10: (no price)
Software & Licenses,Integrated Lights Out Software,HPE OCA > DL145 Gen11 > Software & Licenses > Integrated Lights Out Software,Operating System / License,Unlimited,0,Unlimited,Selection constraint for Integrated Lights Out Software: no max,P45862-051,Standard,Microsoft Windows Server 2019 16-core Downgrade Standard FIO Not Pre-installed French SW,0,$0.00,$0.00,$0.00,,No,Available,,Not published by OCA,Active,12/06/2021,01/31/2027,"{""Price Delta (USD)"":""0"",""Extended Price (USD)"":""0""}",UNCHANGED,N/A,$0.00,$0.00,2026-09-10: (no price)
Software & Licenses,Integrated Lights Out Software,HPE OCA > DL145 Gen11 > Software & Licenses > Integrated Lights Out Software,Operating System / License,Unlimited,0,Unlimited,Selection constraint for Integrated Lights Out Software: no max,P45862-041,Standard,Microsoft Windows Server 2019 16-core Downgrade Standard FIO Not Pre-installed German SW,0,$0.00,$0.00,$0.00,,No,Available,,Not published by OCA,Active,12/06/2021,01/31/2027,"{""Price Delta (USD)"":""0"",""Extended Price (USD)"":""0""}",UNCHANGED,N/A,$0.00,$0.00,2026-09-10: (no price)
Software & Licenses,Integrated Lights Out Software,HPE OCA > DL145 Gen11 > Software & Licenses > Integrated Lights Out Software,Operating System / License,Unlimited,0,Unlimited,Selection constraint for Integrated Lights Out Software: no max,P45862-061,Standard,Microsoft Windows Server 2019 16-core Downgrade Standard FIO Not Pre-installed Italian SW,0,$0.00,$0.00,$0.00,,No,Available,,Not published by OCA,Active,12/06/2021,01/31/2027,"{""Price Delta (USD)"":""0"",""Extended Price (USD)"":""0""}",UNCHANGED,N/A,$0.00,$0.00,2026-09-10: (no price)
Software & Licenses,Integrated Lights Out Software,HPE OCA > DL145 Gen11 > Software & Licenses > Integrated Lights Out Software,Operating System / License,Unlimited,0,Unlimited,Selection constraint for Integrated Lights Out Software: no max,P45862-291,Standard,Microsoft Windows Server 2019 16-core Downgrade Standard FIO Not Pre-installed Japanese SW,0,$0.00,$0.00,$0.00,,No,Available,,Not published by OCA,Active,12/06/2021,01/31/2027,"{""Price Delta (USD)"":""0"",""Extended Price (USD)"":""0""}",UNCHANGED,N/A,$0.00,$0.00,2026-09-10: (no price)
Software & Licenses,Integrated Lights Out Software,HPE OCA > DL145 Gen11 > Software & Licenses > Integrated Lights Out Software,Operating System / License,Unlimited,0,Unlimited,Selection constraint for Integrated Lights Out Software: no max,P45862-071,Standard,Microsoft Windows Server 2019 16-core Downgrade Standard FIO Not Pre-installed Spanish SW,0,$0.00,$0.00,$0.00,,No,Available,,Not published by OCA,Active,12/06/2021,01/31/2027,"{""Price Delta (USD)"":""0"",""Extended Price (USD)"":""0""}",UNCHANGED,N/A,$0.00,$0.00,2026-09-10: (no price)
Software & Licenses,Integrated Lights Out Software,HPE OCA > DL145 Gen11 > Software & Licenses > Integrated Lights Out Software,Operating System / License,Unlimited,0,Unlimited,Selection constraint for Integrated Lights Out Software: no max,S6L47A,Standard,Microsoft Windows Server 2019 Downgrade Datacenter FIO Not Pre-installed WW ESD LTU,0,$0.00,$0.00,$0.00,,No,Available,,Not published by OCA,Active,09/02/2025,11/30/2027,"{""Price Delta (USD)"":""0"",""Extended Price (USD)"":""0""}",ADDED,N/A,$0.00,$0.00,2026-09-13: (no price)
Software & Licenses,Integrated Lights Out Software,HPE OCA > DL145 Gen11 > Software & Licenses > Integrated Lights Out Software,Operating System / License,Unlimited,0,Unlimited,Selection constraint for Integrated Lights Out Software: no max,S6L46A,Standard,Microsoft Windows Server 2019 Downgrade Standard FIO Not Pre-installed WW ESD LTU,0,$0.00,$0.00,$0.00,,No,Available,,Not published by OCA,Active,09/02/2025,11/30/2027,"{""Price Delta (USD)"":""0"",""Extended Price (USD)"":""0""}",ADDED,N/A,$0.00,$0.00,2026-09-13: (no price)
Software & Licenses,Integrated Lights Out Software,HPE OCA > DL145 Gen11 > Software & Licenses > Integrated Lights Out Software,Operating System / License,Unlimited,0,Unlimited,Selection constraint for Integrated Lights Out Software: no max,P77125-291,Standard,Microsoft Windows Server 2022 Downgrade Datacenter FIO Not Pre-installed Japanese SW,0,$0.00,$0.00,$0.00,,No,Available,,Not published by OCA,Active,12/02/2024,01/31/2027,"{""Price Delta (USD)"":""0"",""Extended Price (USD)"":""0""}",UNCHANGED,N/A,$0.00,$0.00,2026-09-10: (no price)
Software & Licenses,Integrated Lights Out Software,HPE OCA > DL145 Gen11 > Software & Licenses > Integrated Lights Out Software,Operating System / License,Unlimited,0,Unlimited,Selection constraint for Integrated Lights Out Software: no max,S6L48A,Standard,Microsoft Windows Server 2022 Downgrade Datacenter FIO Not Pre-installed WW ESD LTU,0,$0.00,$0.00,$0.00,,No,Available,,Not published by OCA,Active,09/02/2025,11/30/2027,"{""Price Delta (USD)"":""0"",""Extended Price (USD)"":""0""}",ADDED,N/A,$0.00,$0.00,2026-09-13: (no price)
Software & Licenses,Integrated Lights Out Software,HPE OCA > DL145 Gen11 > Software & Licenses > Integrated Lights Out Software,Operating System / License,Unlimited,0,Unlimited,Selection constraint for Integrated Lights Out Software: no max,P77125-B21,Standard,Microsoft Windows Server 2022 Downgrade Datacenter FIO Not Pre-installed WW SW,0,$0.00,$0.00,$0.00,,No,Available,,Not published by OCA,Active,12/02/2024,01/31/2027,"{""Price Delta (USD)"":""0"",""Extended Price (USD)"":""0""}",UNCHANGED,N/A,$0.00,$0.00,2026-09-10: (no price)
Software & Licenses,Integrated Lights Out Software,HPE OCA > DL145 Gen11 > Software & Licenses > Integrated Lights Out Software,Operating System / License,Unlimited,0,Unlimited,Selection constraint for Integrated Lights Out Software: no max,P77124-291,Standard,Microsoft Windows Server 2022 Downgrade Standard FIO Not Pre-installed Japanese SW,0,$0.00,$0.00,$0.00,,No,Available,,Not published by OCA,Active,12/02/2024,01/31/2027,"{""Price Delta (USD)"":""0"",""Extended Price (USD)"":""0""}",UNCHANGED,N/A,$0.00,$0.00,2026-09-10: (no price)
Software & Licenses,Integrated Lights Out Software,HPE OCA > DL145 Gen11 > Software & Licenses > Integrated Lights Out Software,Operating System / License,Unlimited,0,Unlimited,Selection constraint for Integrated Lights Out Software: no max,S6L43A,Standard,Microsoft Windows Server 2022 Downgrade Standard FIO Not Pre-installed WW ESD LTU,0,$0.00,$0.00,$0.00,,No,Available,,Not published by OCA,Active,09/02/2025,11/30/2027,"{""Price Delta (USD)"":""0"",""Extended Price (USD)"":""0""}",ADDED,N/A,$0.00,$0.00,2026-09-13: (no price)
Software & Licenses,Integrated Lights Out Software,HPE OCA > DL145 Gen11 > Software & Licenses > Integrated Lights Out Software,Operating System / License,Unlimited,0,Unlimited,Selection constraint for Integrated Lights Out Software: no max,P77124-B21,Standard,Microsoft Windows Server 2022 Downgrade Standard FIO Not Pre-installed WW SW,0,$0.00,$0.00,$0.00,,No,Available,,Not published by OCA,Active,12/02/2024,01/31/2027,"{""Price Delta (USD)"":""0"",""Extended Price (USD)"":""0""}",UNCHANGED,N/A,$0.00,$0.00,2026-09-10: (no price)
Software & Licenses,Proliant Software Media Kits,HPE OCA > DL145 Gen11 > Software & Licenses > Proliant Software Media Kits,Operating System / License,Unlimited,0,Unlimited,Selection constraint for Proliant Software Media Kits: no max,Q5T84A,Standard,SUSE Linux Enterprise High Availability Extension 1-2 Sockets 1yr Subscription Flexible LTU,0,$752.00,,$0.00,,No,Available,,Not published by OCA,Active,06/05/2017,09/30/2027,"{""Extended Price (USD)"":""0""}",UNCHANGED,$752.00,$0.00,$0.00,"$2,026.00"
Software & Licenses,Proliant Software Media Kits,HPE OCA > DL145 Gen11 > Software & Licenses > Proliant Software Media Kits,Operating System / License,Unlimited,0,Unlimited,Selection constraint for Proliant Software Media Kits: no max,Q5T85A,Standard,SUSE Linux Enterprise High Availability Extension 1-2 Sockets 5yr Subscription Flexible LTU,0,"$3,390.00",,$0.00,,No,Available,,Not published by OCA,Active,06/05/2017,09/30/2027,"{""Extended Price (USD)"":""0""}",UNCHANGED,"$3,390.00",$0.00,$0.00,"$2,026.00"
Software & Licenses,Linux Value Added Software,HPE OCA > DL145 Gen11 > Software & Licenses > Linux Value Added Software,Operating System / License,Unlimited,0,Unlimited,Selection constraint for Linux Value Added Software: no max,S4T26A,Standard,Red Hat High Availability 2 Sockets Unlimited Guests 1-year Subscription LTU,0,$0.00,,$0.00,,No,Available,,Not published by OCA,Active,10/07/2024,11/07/2027,"{""Extended Price (USD)"":""0""}",ADDED,N/A,$0.00,$0.00,2026-09-13: (no price)
Software & Licenses,Linux Value Added Software,HPE OCA > DL145 Gen11 > Software & Licenses > Linux Value Added Software,Operating System / License,Unlimited,0,Unlimited,Selection constraint for Linux Value Added Software: no max,S4T27A,Standard,Red Hat High Availability 2 Sockets Unlimited Guests 3-year Subscription LTU,0,$0.00,,$0.00,,No,Available,,Not published by OCA,Active,10/07/2024,11/07/2027,"{""Extended Price (USD)"":""0""}",ADDED,N/A,$0.00,$0.00,2026-09-13: (no price)
Software & Licenses,Linux Value Added Software,HPE OCA > DL145 Gen11 > Software & Licenses > Linux Value Added Software,Operating System / License,Unlimited,0,Unlimited,Selection constraint for Linux Value Added Software: no max,S4T22A,Standard,Red Hat High Availability 2 Sockets or 2 Guests 1-year Subscription LTU,0,$0.00,,$0.00,,No,Available,,Not published by OCA,Active,10/07/2024,11/07/2027,"{""Extended Price (USD)"":""0""}",ADDED,N/A,$0.00,$0.00,2026-09-13: (no price)
Software & Licenses,Linux Value Added Software,HPE OCA > DL145 Gen11 > Software & Licenses > Linux Value Added Software,Operating System / License,Unlimited,0,Unlimited,Selection constraint for Linux Value Added Software: no max,S4T23A,Standard,Red Hat High Availability 2 Sockets or 2 Guests 3-year Subscription LTU,0,$0.00,,$0.00,,No,Available,,Not published by OCA,Active,10/07/2024,11/07/2027,"{""Extended Price (USD)"":""0""}",ADDED,N/A,$0.00,$0.00,2026-09-13: (no price)
Software & Licenses,Linux Value Added Software,HPE OCA > DL145 Gen11 > Software & Licenses > Linux Value Added Software,Operating System / License,Unlimited,0,Unlimited,Selection constraint for Linux Value Added Software: no max,S4T24A,Standard,Red Hat Resilient Storage 2 Sockets or 2 Guests 1-year Subscription LTU,0,$0.00,,$0.00,,No,Available,,Not published by OCA,Active,10/07/2024,11/07/2027,"{""Extended Price (USD)"":""0""}",ADDED,N/A,$0.00,$0.00,2026-09-13: (no price)
Software & Licenses,Linux Value Added Software,HPE OCA > DL145 Gen11 > Software & Licenses > Linux Value Added Software,Operating System / License,Unlimited,0,Unlimited,Selection constraint for Linux Value Added Software: no max,S4T25A,Standard,Red Hat Resilient Storage 2 Sockets or 2 Guests 3-year Subscription LTU,0,$0.00,,$0.00,,No,Available,,Not published by OCA,Active,10/07/2024,11/07/2027,"{""Extended Price (USD)"":""0""}",ADDED,N/A,$0.00,$0.00,2026-09-13: (no price)
Software & Licenses,HPC Software Products,HPE OCA > DL145 Gen11 > Software & Licenses > HPC Software Products,Service & Support,Unlimited,0,Unlimited,Selection constraint for HPC Software Products: no max,Q2A48A,Standard,HPE Performance Message Passing Interface for 1 Socket 3yr Support LTU,0,$249.00,,$0.00,,No,Available,,Not published by OCA,Active,07/07/2017,07/31/2027,"{""Extended Price (USD)"":""0""}",UNCHANGED,$249.00,$0.00,$0.00,"$2,026.00"
Software & Licenses,High Availability Computing - Cluster Software,HPE OCA > DL145 Gen11 > Software & Licenses > High Availability Computing - Cluster Software,Service & Support,Unlimited,0,Unlimited,Selection constraint for High Availability Computing - Cluster Software: no max,R8V48A,Standard,HPE Serviceguard for Linux x86 Flex Storage Add-On Media,0,$0.00,,$0.00,,No,Obsolete (OB),,Not published by OCA,Obsolete (OB),10/04/2021,04/01/2025,"{""Extended Price (USD)"":""0""}",ADDED,N/A,$0.00,$0.00,2026-09-13: (no price)
Software & Licenses,Server Management & Operating System Licenses,HPE OCA > DL145 Gen11 > Software & Licenses > Server Management & Operating System Licenses,Operating System / License,max 5994,0,"5,994",Selection constraint for Partner Software - Operating System 8pks: max 5994,P11085-291,Standard,Microsoft Windows Server 2016 Downgrade Datacenter Reseller Option Kit Japanese SW,0,$0.00,,$0.00,,No,Obsolete (OB),,Not published by OCA,Obsolete (OB),04/02/2019,05/31/2025,"{""Extended Price (USD)"":""0""}",ATTRIBUTE_CHANGED,N/A,$0.00,$0.00,2026-09-10: (no price) → 2026-09-13: (no price)
Software & Licenses,Server Management & Operating System Licenses,HPE OCA > DL145 Gen11 > Software & Licenses > Server Management & Operating System Licenses,Operating System / License,max 5994,0,"5,994",Selection constraint for Partner Software - Operating System 8pks: max 5994,P11084-291,Standard,Microsoft Windows Server 2016 Downgrade Standard Reseller Option Kit Japanese SW,0,$0.00,,$0.00,,No,Obsolete (OB),,Not published by OCA,Obsolete (OB),04/02/2019,05/31/2025,"{""Extended Price (USD)"":""0""}",ATTRIBUTE_CHANGED,N/A,$0.00,$0.00,2026-09-10: (no price) → 2026-09-13: (no price)
Software & Licenses,Server Management & Operating System Licenses,HPE OCA > DL145 Gen11 > Software & Licenses > Server Management & Operating System Licenses,Operating System / License,max 5994,0,"5,994",Selection constraint for Partner Software - Operating System 8pks: max 5994,P46172-AA1,Standard,Microsoft Windows Server 2022 10-core Essentials Reseller Option Kit Chinese Simplified SW,0,$0.00,,$0.00,,No,Obsolete (OB),,Not published by OCA,Obsolete (OB),11/01/2021,05/31/2025,"{""Extended Price (USD)"":""0""}",ATTRIBUTE_CHANGED,N/A,$0.00,$0.00,2026-09-10: (no price) → 2026-09-13: (no price)
Software & Licenses,Server Management & Operating System Licenses,HPE OCA > DL145 Gen11 > Software & Licenses > Server Management & Operating System Licenses,Operating System / License,max 5994,0,"5,994",Selection constraint for Partner Software - Operating System 8pks: max 5994,P46172-AB1,Standard,Microsoft Windows Server 2022 10-core Essentials Reseller Option Kit Chinese Traditional SW,0,$0.00,,$0.00,,No,Obsolete (OB),,Not published by OCA,Obsolete (OB),11/01/2021,05/31/2025,"{""Extended Price (USD)"":""0""}",ATTRIBUTE_CHANGED,N/A,$0.00,$0.00,2026-09-10: (no price) → 2026-09-13: (no price)
Software & Licenses,Server Management & Operating System Licenses,HPE OCA > DL145 Gen11 > Software & Licenses > Server Management & Operating System Licenses,Operating System / License,max 5994,0,"5,994",Selection constraint for Partner Software - Operating System 8pks: max 5994,P46172-371,Standard,Microsoft Windows Server 2022 10-core Essentials Reseller Option Kit English/Korean/Japanese SW,0,$0.00,,$0.00,,No,Obsolete (OB),,Not published by OCA,Obsolete (OB),11/01/2021,05/31/2025,"{""Extended Price (USD)"":""0""}",ATTRIBUTE_CHANGED,N/A,$0.00,$0.00,2026-09-10: (no price) → 2026-09-13: (no price)
Software & Licenses,Server Management & Operating System Licenses,HPE OCA > DL145 Gen11 > Software & Licenses > Server Management & Operating System Licenses,Operating System / License,max 5994,0,"5,994",Selection constraint for Partner Software - Operating System 8pks: max 5994,P46172-021,Standard,Microsoft Windows Server 2022 10-core Essentials Reseller Option Kit en/cs/pl/ru/sv SW,0,$0.00,,$0.00,,No,Obsolete (OB),,Not published by OCA,Obsolete (OB),11/01/2021,05/31/2025,"{""Extended Price (USD)"":""0""}",ATTRIBUTE_CHANGED,N/A,$0.00,$0.00,2026-09-10: (no price) → 2026-09-13: (no price)
Software & Licenses,Server Management & Operating System Licenses,HPE OCA > DL145 Gen11 > Software & Licenses > Server Management & Operating System Licenses,Operating System / License,max 5994,0,"5,994",Selection constraint for Partner Software - Operating System 8pks: max 5994,P46172-A21,Standard,Microsoft Windows Server 2022 10-core Essentials Reseller Option Kit en/fr/it/de/es/nl/pt SW,0,$0.00,,$0.00,,No,Obsolete (OB),,Not published by OCA,Obsolete (OB),11/01/2021,05/31/2025,"{""Extended Price (USD)"":""0""}",ATTRIBUTE_CHANGED,N/A,$0.00,$0.00,2026-09-10: (no price) → 2026-09-13: (no price)
Software & Licenses,Server Management & Operating System Licenses,HPE OCA > DL145 Gen11 > Software & Licenses > Server Management & Operating System Licenses,Operating System / License,max 5994,0,"5,994",Selection constraint for Partner Software - Operating System 8pks: max 5994,P46123-AA1,Standard,Microsoft Windows Server 2022 16-core Datacenter Reseller Option Kit Chinese Simplified SW,0,$0.00,,$0.00,,No,Obsolete (OB),,Not published by OCA,Obsolete (OB),11/01/2021,05/31/2025,"{""Extended Price (USD)"":""0""}",ATTRIBUTE_CHANGED,N/A,$0.00,$0.00,2026-09-10: (no price) → 2026-09-13: (no price)
Software & Licenses,Server Management & Operating System Licenses,HPE OCA > DL145 Gen11 > Software & Licenses > Server Management & Operating System Licenses,Operating System / License,max 5994,0,"5,994",Selection constraint for Partner Software - Operating System 8pks: max 5994,P46123-AB1,Standard,Microsoft Windows Server 2022 16-core Datacenter Reseller Option Kit Chinese Traditional SW,0,$0.00,,$0.00,,No,Obsolete (OB),,Not published by OCA,Obsolete (OB),11/01/2021,05/31/2025,"{""Extended Price (USD)"":""0""}",ATTRIBUTE_CHANGED,N/A,$0.00,$0.00,2026-09-10: (no price) → 2026-09-13: (no price)
Software & Licenses,Server Management & Operating System Licenses,HPE OCA > DL145 Gen11 > Software & Licenses > Server Management & Operating System Licenses,Operating System / License,max 5994,0,"5,994",Selection constraint for Partner Software - Operating System 8pks: max 5994,P46123-371,Standard,Microsoft Windows Server 2022 16-core Datacenter Reseller Option Kit English/Korean/Japanese SW,0,$0.00,,$0.00,,No,Obsolete (OB),,Not published by OCA,Obsolete (OB),10/04/2021,05/31/2025,"{""Extended Price (USD)"":""0""}",ATTRIBUTE_CHANGED,N/A,$0.00,$0.00,2026-09-10: (no price) → 2026-09-13: (no price)
Software & Licenses,Server Management & Operating System Licenses,HPE OCA > DL145 Gen11 > Software & Licenses > Server Management & Operating System Licenses,Operating System / License,max 5994,0,"5,994",Selection constraint for Partner Software - Operating System 8pks: max 5994,P46123-021,Standard,Microsoft Windows Server 2022 16-core Datacenter Reseller Option Kit en/cs/pl/ru/sv SW,0,$0.00,,$0.00,,No,Obsolete (OB),,Not published by OCA,Obsolete (OB),11/01/2021,05/31/2025,"{""Extended Price (USD)"":""0""}",ATTRIBUTE_CHANGED,N/A,$0.00,$0.00,2026-09-10: (no price) → 2026-09-13: (no price)
Software & Licenses,Server Management & Operating System Licenses,HPE OCA > DL145 Gen11 > Software & Licenses > Server Management & Operating System Licenses,Operating System / License,max 5994,0,"5,994",Selection constraint for Partner Software - Operating System 8pks: max 5994,P46123-A21,Standard,Microsoft Windows Server 2022 16-core Datacenter Reseller Option Kit en/fr/it/de/es/nl/pt SW,0,$0.00,,$0.00,,No,Obsolete (OB),,Not published by OCA,Obsolete (OB),10/04/2021,05/31/2025,"{""Extended Price (USD)"":""0""}",ATTRIBUTE_CHANGED,N/A,$0.00,$0.00,2026-09-10: (no price) → 2026-09-13: (no price)
Software & Licenses,Server Management & Operating System Licenses,HPE OCA > DL145 Gen11 > Software & Licenses > Server Management & Operating System Licenses,Operating System / License,max 5994,0,"5,994",Selection constraint for Partner Software - Operating System 8pks: max 5994,P46128-B21,Standard,Microsoft Windows Server 2022 16-core Datacenter w/Reassignment Reseller Option Kit en/fr/de/es SW,0,$0.00,,$0.00,,No,Obsolete (OB),,Not published by OCA,Obsolete (OB),11/01/2021,05/31/2025,"{""Extended Price (USD)"":""0""}",ATTRIBUTE_CHANGED,N/A,$0.00,$0.00,2026-09-10: (no price) → 2026-09-13: (no price)
Software & Licenses,Server Management & Operating System Licenses,HPE OCA > DL145 Gen11 > Software & Licenses > Server Management & Operating System Licenses,Operating System / License,max 5994,0,"5,994",Selection constraint for Partner Software - Operating System 8pks: max 5994,P46128-291,Standard,Microsoft Windows Server 2022 16-core Datacenter with Reassignment Reseller Option Kit Japanese SW,0,$0.00,,$0.00,,No,Obsolete (OB),,Not published by OCA,Obsolete (OB),11/01/2021,05/31/2025,"{""Extended Price (USD)"":""0""}",ATTRIBUTE_CHANGED,N/A,$0.00,$0.00,2026-09-10: (no price) → 2026-09-13: (no price)
Software & Licenses,Server Management & Operating System Licenses,HPE OCA > DL145 Gen11 > Software & Licenses > Server Management & Operating System Licenses,Operating System / License,max 5994,0,"5,994",Selection constraint for Partner Software - Operating System 8pks: max 5994,P46171-AA1,Standard,Microsoft Windows Server 2022 16-core Standard Reseller Option Kit Chinese Simplified SW,0,$0.00,,$0.00,,No,Obsolete (OB),,Not published by OCA,Obsolete (OB),11/01/2021,05/31/2025,"{""Extended Price (USD)"":""0""}",ATTRIBUTE_CHANGED,N/A,$0.00,$0.00,2026-09-10: (no price) → 2026-09-13: (no price)
Software & Licenses,Server Management & Operating System Licenses,HPE OCA > DL145 Gen11 > Software & Licenses > Server Management & Operating System Licenses,Operating System / License,max 5994,0,"5,994",Selection constraint for Partner Software - Operating System 8pks: max 5994,P46171-AB1,Standard,Microsoft Windows Server 2022 16-core Standard Reseller Option Kit Chinese Traditional SW,0,$0.00,,$0.00,,No,Obsolete (OB),,Not published by OCA,Obsolete (OB),11/01/2021,05/31/2025,"{""Extended Price (USD)"":""0""}",ATTRIBUTE_CHANGED,N/A,$0.00,$0.00,2026-09-10: (no price) → 2026-09-13: (no price)
Software & Licenses,Server Management & Operating System Licenses,HPE OCA > DL145 Gen11 > Software & Licenses > Server Management & Operating System Licenses,Operating System / License,max 5994,0,"5,994",Selection constraint for Partner Software - Operating System 8pks: max 5994,P46171-371,Standard,Microsoft Windows Server 2022 16-core Standard Reseller Option Kit English/Korean/Japanese SW,0,$0.00,,$0.00,,No,Obsolete (OB),,Not published by OCA,Obsolete (OB),10/04/2021,05/31/2025,"{""Extended Price (USD)"":""0""}",ATTRIBUTE_CHANGED,N/A,$0.00,$0.00,2026-09-10: (no price) → 2026-09-13: (no price)
Software & Licenses,Server Management & Operating System Licenses,HPE OCA > DL145 Gen11 > Software & Licenses > Server Management & Operating System Licenses,Operating System / License,max 5994,0,"5,994",Selection constraint for Partner Software - Operating System 8pks: max 5994,P46171-021,Standard,Microsoft Windows Server 2022 16-core Standard Reseller Option Kit en/cs/pl/ru/sv SW,0,$0.00,,$0.00,,No,Obsolete (OB),,Not published by OCA,Obsolete (OB),11/01/2021,05/31/2025,"{""Extended Price (USD)"":""0""}",ATTRIBUTE_CHANGED,N/A,$0.00,$0.00,2026-09-10: (no price) → 2026-09-13: (no price)
Software & Licenses,Server Management & Operating System Licenses,HPE OCA > DL145 Gen11 > Software & Licenses > Server Management & Operating System Licenses,Operating System / License,max 5994,0,"5,994",Selection constraint for Partner Software - Operating System 8pks: max 5994,P46171-A21,Standard,Microsoft Windows Server 2022 16-core Standard Reseller Option Kit en/fr/it/de/es/nl/pt SW,0,$0.00,,$0.00,,No,Obsolete (OB),,Not published by OCA,Obsolete (OB),10/04/2021,05/31/2025,"{""Extended Price (USD)"":""0""}",ATTRIBUTE_CHANGED,N/A,$0.00,$0.00,2026-09-10: (no price) → 2026-09-13: (no price)
Software & Licenses,Server Management & Operating System Licenses,HPE OCA > DL145 Gen11 > Software & Licenses > Server Management & Operating System Licenses,Operating System / License,max 5994,0,"5,994",Selection constraint for Partner Software - Operating System 8pks: max 5994,P77103-AA1,Standard,Microsoft Windows Server 2025 10-core Essentials Reseller Option Kit Chinese Simplified SW,0,$0.00,,$0.00,,No,Available,,Not published by OCA,Active,12/02/2024,01/31/2027,"{""Extended Price (USD)"":""0""}",ATTRIBUTE_CHANGED,N/A,$0.00,$0.00,2026-09-10: (no price) → 2026-09-13: (no price)
Software & Licenses,Server Management & Operating System Licenses,HPE OCA > DL145 Gen11 > Software & Licenses > Server Management & Operating System Licenses,Operating System / License,max 5994,0,"5,994",Selection constraint for Partner Software - Operating System 8pks: max 5994,P77103-AB1,Standard,Microsoft Windows Server 2025 10-core Essentials Reseller Option Kit Chinese Traditional SW,0,$0.00,,$0.00,,No,Available,,Not published by OCA,Active,12/02/2024,01/31/2027,"{""Extended Price (USD)"":""0""}",ATTRIBUTE_CHANGED,N/A,$0.00,$0.00,2026-09-10: (no price) → 2026-09-13: (no price)
Software & Licenses,Server Management & Operating System Licenses,HPE OCA > DL145 Gen11 > Software & Licenses > Server Management & Operating System Licenses,Operating System / License,max 5994,0,"5,994",Selection constraint for Partner Software - Operating System 8pks: max 5994,P77103-291,Standard,Microsoft Windows Server 2025 10-core Essentials Reseller Option Kit Japanese SW,0,$0.00,,$0.00,,No,Available,,Not published by OCA,Active,12/02/2024,01/31/2027,"{""Extended Price (USD)"":""0""}",ATTRIBUTE_CHANGED,N/A,$0.00,$0.00,2026-09-10: (no price) → 2026-09-13: (no price)
Software & Licenses,Server Management & Operating System Licenses,HPE OCA > DL145 Gen11 > Software & Licenses > Server Management & Operating System Licenses,Operating System / License,max 5994,0,"5,994",Selection constraint for Partner Software - Operating System 8pks: max 5994,S6L39A,Standard,Microsoft Windows Server 2025 10-core Essentials Reseller Option Kit WW ESD LTU,0,$0.00,,$0.00,,No,Available,,Not published by OCA,Active,09/02/2025,11/30/2027,"{""Extended Price (USD)"":""0""}",ADDED,N/A,$0.00,$0.00,2026-09-13: (no price)
Software & Licenses,Server Management & Operating System Licenses,HPE OCA > DL145 Gen11 > Software & Licenses > Server Management & Operating System Licenses,Operating System / License,max 5994,0,"5,994",Selection constraint for Partner Software - Operating System 8pks: max 5994,P77103-021,Standard,Microsoft Windows Server 2025 10-core Essentials Reseller Option Kit en/cs/pl/ru/sv SW,0,$0.00,,$0.00,,No,Available,,Not published by OCA,Active,12/02/2024,01/31/2027,"{""Extended Price (USD)"":""0""}",ATTRIBUTE_CHANGED,N/A,$0.00,$0.00,2026-09-10: (no price) → 2026-09-13: (no price)
Software & Licenses,Server Management & Operating System Licenses,HPE OCA > DL145 Gen11 > Software & Licenses > Server Management & Operating System Licenses,Operating System / License,max 5994,0,"5,994",Selection constraint for Partner Software - Operating System 8pks: max 5994,P77103-A21,Standard,Microsoft Windows Server 2025 10-core Essentials Reseller Option Kit en/fr/de/es/it/pt/nl SW,0,$0.00,,$0.00,,No,Available,,Not published by OCA,Active,12/02/2024,01/31/2027,"{""Extended Price (USD)"":""0""}",ATTRIBUTE_CHANGED,N/A,$0.00,$0.00,2026-09-10: (no price) → 2026-09-13: (no price)
Software & Licenses,Server Management & Operating System Licenses,HPE OCA > DL145 Gen11 > Software & Licenses > Server Management & Operating System Licenses,Operating System / License,max 5994,0,"5,994",Selection constraint for Partner Software - Operating System 8pks: max 5994,P77103-371,Standard,Microsoft Windows Server 2025 10-core Essentials Reseller Option Kit en/ko SW,0,$0.00,,$0.00,,No,Available,,Not published by OCA,Active,12/02/2024,01/31/2027,"{""Extended Price (USD)"":""0""}",ATTRIBUTE_CHANGED,N/A,$0.00,$0.00,2026-09-10: (no price) → 2026-09-13: (no price)
Software & Licenses,Server Management & Operating System Licenses,HPE OCA > DL145 Gen11 > Software & Licenses > Server Management & Operating System Licenses,Operating System / License,max 5994,0,"5,994",Selection constraint for Partner Software - Operating System 8pks: max 5994,P77102-291,Standard,Microsoft Windows Server 2025 16-core Datacenter Reassignment Reseller Option Kit Japanese SW,0,$0.00,,$0.00,,No,Available,,Not published by OCA,Active,12/02/2024,01/31/2027,"{""Extended Price (USD)"":""0""}",ATTRIBUTE_CHANGED,N/A,$0.00,$0.00,2026-09-10: (no price) → 2026-09-13: (no price)
Software & Licenses,Server Management & Operating System Licenses,HPE OCA > DL145 Gen11 > Software & Licenses > Server Management & Operating System Licenses,Operating System / License,max 5994,0,"5,994",Selection constraint for Partner Software - Operating System 8pks: max 5994,S6L37A,Standard,Microsoft Windows Server 2025 16-core Datacenter Reassignment Reseller Option Kit WW ESD LTU,0,$0.00,,$0.00,,No,Available,,Not published by OCA,Active,09/02/2025,11/30/2027,"{""Extended Price (USD)"":""0""}",ADDED,N/A,$0.00,$0.00,2026-09-13: (no price)
Software & Licenses,Server Management & Operating System Licenses,HPE OCA > DL145 Gen11 > Software & Licenses > Server Management & Operating System Licenses,Operating System / License,max 5994,0,"5,994",Selection constraint for Partner Software - Operating System 8pks: max 5994,P77102-B21,Standard,Microsoft Windows Server 2025 16-core Datacenter Reassignment Reseller Option Kit en/fr/de/es SW,0,$0.00,,$0.00,,No,Available,,Not published by OCA,Active,12/02/2024,01/31/2027,"{""Extended Price (USD)"":""0""}",ATTRIBUTE_CHANGED,N/A,$0.00,$0.00,2026-09-10: (no price) → 2026-09-13: (no price)
Software & Licenses,Server Management & Operating System Licenses,HPE OCA > DL145 Gen11 > Software & Licenses > Server Management & Operating System Licenses,Operating System / License,max 5994,0,"5,994",Selection constraint for Partner Software - Operating System 8pks: max 5994,P77101-AA1,Standard,Microsoft Windows Server 2025 16-core Datacenter Reseller Option Kit Chinese Simplified SW,0,$0.00,,$0.00,,No,Available,,Not published by OCA,Active,12/02/2024,01/31/2027,"{""Extended Price (USD)"":""0""}",ATTRIBUTE_CHANGED,N/A,$0.00,$0.00,2026-09-10: (no price) → 2026-09-13: (no price)
Software & Licenses,Server Management & Operating System Licenses,HPE OCA > DL145 Gen11 > Software & Licenses > Server Management & Operating System Licenses,Operating System / License,max 5994,0,"5,994",Selection constraint for Partner Software - Operating System 8pks: max 5994,P77101-AB1,Standard,Microsoft Windows Server 2025 16-core Datacenter Reseller Option Kit Chinese Traditional SW,0,$0.00,,$0.00,,No,Available,,Not published by OCA,Active,12/02/2024,01/31/2027,"{""Extended Price (USD)"":""0""}",ATTRIBUTE_CHANGED,N/A,$0.00,$0.00,2026-09-10: (no price) → 2026-09-13: (no price)
Software & Licenses,Server Management & Operating System Licenses,HPE OCA > DL145 Gen11 > Software & Licenses > Server Management & Operating System Licenses,Operating System / License,max 5994,0,"5,994",Selection constraint for Partner Software - Operating System 8pks: max 5994,P77101-291,Standard,Microsoft Windows Server 2025 16-core Datacenter Reseller Option Kit Japanese SW,0,$0.00,,$0.00,,No,Available,,Not published by OCA,Active,12/02/2024,01/31/2027,"{""Extended Price (USD)"":""0""}",ATTRIBUTE_CHANGED,N/A,$0.00,$0.00,2026-09-10: (no price) → 2026-09-13: (no price)
Software & Licenses,Server Management & Operating System Licenses,HPE OCA > DL145 Gen11 > Software & Licenses > Server Management & Operating System Licenses,Operating System / License,max 5994,0,"5,994",Selection constraint for Partner Software - Operating System 8pks: max 5994,S6L36A,Standard,Microsoft Windows Server 2025 16-core Datacenter Reseller Option Kit WW ESD LTU,0,$0.00,,$0.00,,No,Available,,Not published by OCA,Active,09/02/2025,11/30/2027,"{""Extended Price (USD)"":""0""}",ADDED,N/A,$0.00,$0.00,2026-09-13: (no price)
Software & Licenses,Server Management & Operating System Licenses,HPE OCA > DL145 Gen11 > Software & Licenses > Server Management & Operating System Licenses,Operating System / License,max 5994,0,"5,994",Selection constraint for Partner Software - Operating System 8pks: max 5994,P77101-021,Standard,Microsoft Windows Server 2025 16-core Datacenter Reseller Option Kit en/cs/pl/ru/sv SW,0,$0.00,,$0.00,,No,Available,,Not published by OCA,Active,12/02/2024,01/31/2027,"{""Extended Price (USD)"":""0""}",ATTRIBUTE_CHANGED,N/A,$0.00,$0.00,2026-09-10: (no price) → 2026-09-13: (no price)
Software & Licenses,Server Management & Operating System Licenses,HPE OCA > DL145 Gen11 > Software & Licenses > Server Management & Operating System Licenses,Operating System / License,max 5994,0,"5,994",Selection constraint for Partner Software - Operating System 8pks: max 5994,P77101-A21,Standard,Microsoft Windows Server 2025 16-core Datacenter Reseller Option Kit en/fr/de/es/it/pt/nl SW,0,$0.00,,$0.00,,No,Available,,Not published by OCA,Active,12/02/2024,01/31/2027,"{""Extended Price (USD)"":""0""}",ATTRIBUTE_CHANGED,N/A,$0.00,$0.00,2026-09-10: (no price) → 2026-09-13: (no price)
Software & Licenses,Server Management & Operating System Licenses,HPE OCA > DL145 Gen11 > Software & Licenses > Server Management & Operating System Licenses,Operating System / License,max 5994,0,"5,994",Selection constraint for Partner Software - Operating System 8pks: max 5994,P77101-371,Standard,Microsoft Windows Server 2025 16-core Datacenter Reseller Option Kit en/ko SW,0,$0.00,,$0.00,,No,Available,,Not published by OCA,Active,12/02/2024,01/31/2027,"{""Extended Price (USD)"":""0""}",ATTRIBUTE_CHANGED,N/A,$0.00,$0.00,2026-09-10: (no price) → 2026-09-13: (no price)
Software & Licenses,Server Management & Operating System Licenses,HPE OCA > DL145 Gen11 > Software & Licenses > Server Management & Operating System Licenses,Operating System / License,max 5994,0,"5,994",Selection constraint for Partner Software - Operating System 8pks: max 5994,P77100-AA1,Standard,Microsoft Windows Server 2025 16-core Standard Reseller Option Kit Chinese Simplified SW,0,$0.00,,$0.00,,No,Available,,Not published by OCA,Active,12/02/2024,01/31/2027,"{""Extended Price (USD)"":""0""}",ATTRIBUTE_CHANGED,N/A,$0.00,$0.00,2026-09-10: (no price) → 2026-09-13: (no price)
Software & Licenses,Server Management & Operating System Licenses,HPE OCA > DL145 Gen11 > Software & Licenses > Server Management & Operating System Licenses,Operating System / License,max 5994,0,"5,994",Selection constraint for Partner Software - Operating System 8pks: max 5994,P77100-AB1,Standard,Microsoft Windows Server 2025 16-core Standard Reseller Option Kit Chinese Traditional SW,0,$0.00,,$0.00,,No,Available,,Not published by OCA,Active,12/02/2024,01/31/2027,"{""Extended Price (USD)"":""0""}",ATTRIBUTE_CHANGED,N/A,$0.00,$0.00,2026-09-10: (no price) → 2026-09-13: (no price)
Software & Licenses,Server Management & Operating System Licenses,HPE OCA > DL145 Gen11 > Software & Licenses > Server Management & Operating System Licenses,Operating System / License,max 5994,0,"5,994",Selection constraint for Partner Software - Operating System 8pks: max 5994,P77100-291,Standard,Microsoft Windows Server 2025 16-core Standard Reseller Option Kit Japanese SW,0,$0.00,,$0.00,,No,Available,,Not published by OCA,Active,12/02/2024,01/31/2027,"{""Extended Price (USD)"":""0""}",ATTRIBUTE_CHANGED,N/A,$0.00,$0.00,2026-09-10: (no price) → 2026-09-13: (no price)
Software & Licenses,Server Management & Operating System Licenses,HPE OCA > DL145 Gen11 > Software & Licenses > Server Management & Operating System Licenses,Operating System / License,max 5994,0,"5,994",Selection constraint for Partner Software - Operating System 8pks: max 5994,S6L38A,Standard,Microsoft Windows Server 2025 16-core Standard Reseller Option Kit WW ESD LTU,0,$0.00,,$0.00,,No,Available,,Not published by OCA,Active,09/02/2025,11/30/2027,"{""Extended Price (USD)"":""0""}",ADDED,N/A,$0.00,$0.00,2026-09-13: (no price)
Software & Licenses,Server Management & Operating System Licenses,HPE OCA > DL145 Gen11 > Software & Licenses > Server Management & Operating System Licenses,Operating System / License,max 5994,0,"5,994",Selection constraint for Partner Software - Operating System 8pks: max 5994,P77100-021,Standard,Microsoft Windows Server 2025 16-core Standard Reseller Option Kit en/cs/pl/ru/sv SW,0,$0.00,,$0.00,,No,Available,,Not published by OCA,Active,12/02/2024,01/31/2027,"{""Extended Price (USD)"":""0""}",ATTRIBUTE_CHANGED,N/A,$0.00,$0.00,2026-09-10: (no price) → 2026-09-13: (no price)
Software & Licenses,Server Management & Operating System Licenses,HPE OCA > DL145 Gen11 > Software & Licenses > Server Management & Operating System Licenses,Operating System / License,max 5994,0,"5,994",Selection constraint for Partner Software - Operating System 8pks: max 5994,P77100-A21,Standard,Microsoft Windows Server 2025 16-core Standard Reseller Option Kit en/fr/de/es/it/pt/nl SW,0,$0.00,,$0.00,,No,Available,,Not published by OCA,Active,12/02/2024,01/31/2027,"{""Extended Price (USD)"":""0""}",ATTRIBUTE_CHANGED,N/A,$0.00,$0.00,2026-09-10: (no price) → 2026-09-13: (no price)
Software & Licenses,Server Management & Operating System Licenses,HPE OCA > DL145 Gen11 > Software & Licenses > Server Management & Operating System Licenses,Operating System / License,max 5994,0,"5,994",Selection constraint for Partner Software - Operating System 8pks: max 5994,P77100-371,Standard,Microsoft Windows Server 2025 16-core Standard Reseller Option Kit en/ko SW,0,$0.00,,$0.00,,No,Available,,Not published by OCA,Active,12/02/2024,01/31/2027,"{""Extended Price (USD)"":""0""}",ATTRIBUTE_CHANGED,N/A,$0.00,$0.00,2026-09-10: (no price) → 2026-09-13: (no price)