Main Category,Sub-Category,Hierarchy Path,Component Role,Constraint Text,Subcategory Min Qty,Subcategory Max Qty,Table Rule/Note,Product #,Option Type,Description,Current Qty,Unit Price (USD),Price Delta (USD),Extended Price (USD),Price per GB (USD),HPE Recommended,Start Date,Discontinued Date,Diff Status,Previous List Price (USD),Price Change (USD),Price Change (%),Price History Trail
Chassis,Variants,HPE OCA > DL380 Gen12 SFF > Chassis > Variants,Base Chassis,max 1,0,1,Mandatory base chassis selection required for solution build,P73282-B21,CTO,HPE ProLiant Compute DL380 Gen12 8SFF NC CTO Server,1,"$5,584.00",,,,Yes,2026-08-24,,ATTRIBUTE_CHANGED,"$5,584.00",$0.00,$0.00,2026-08-12: $5584.00 → 2026-08-12: $5584.00 → 2026-08-13: $5584.00 → 2026-08-14: $5584.00 → 2026-08-16: $5584.00 → 2026-08-19: $5584.00 → 2026-08-22: $5584.00 → 2026-08-22: $5584.00 → 2026-08-22: $5584.00 → 2026-08-22: $5584.00 (✕ REMOVED) → 2026-08-22: $5584.00 (↩ REINSTATED) → 2026-08-24: $1.00 (▼)
Chassis,Variants,HPE OCA > DL380 Gen12 SFF > Chassis > Variants,Base Chassis,max 1,0,1,Mandatory base chassis selection required for solution build,P73283-B21,CTO,HPE ProLiant Compute DL380 Gen12 24SFF NC CTO Server,1,"$5,980.00",,,,Yes,2026-08-24,,ATTRIBUTE_CHANGED,"$5,980.00",$0.00,$0.00,2026-08-12: $5980.00 → 2026-08-13: $5980.00 → 2026-08-14: $5980.00 → 2026-08-16: $5980.00 → 2026-08-19: $5980.00 → 2026-08-22: $5980.00 → 2026-08-22: $5980.00 → 2026-08-22: $5980.00 → 2026-08-22: $5980.00 (✕ REMOVED) → 2026-08-22: $5980.00 (↩ REINSTATED) → 2026-08-24: $5980.00 (✕ REMOVED)
Chassis,Variants,HPE OCA > DL380 Gen12 SFF > Chassis > Variants,Base Chassis,max 1,0,1,Mandatory base chassis selection required for solution build,P73284-B21,CTO,HPE ProLiant Compute DL380 Gen12 12LFF NC CTO Server,1,"$6,350.00",,,,Yes,2026-08-24,,ATTRIBUTE_CHANGED,"$6,350.00",$0.00,$0.00,2026-08-12: $6350.00 → 2026-08-13: $6350.00 → 2026-08-14: $6350.00 → 2026-08-16: $6350.00 → 2026-08-19: $6350.00 → 2026-08-22: $6350.00 → 2026-08-22: $6350.00 → 2026-08-22: $6350.00 → 2026-08-22: $6350.00 (✕ REMOVED) → 2026-08-22: $6350.00 (↩ REINSTATED) → 2026-08-24: $6350.00 (✕ REMOVED)
Chassis,Variants,HPE OCA > DL380 Gen12 SFF > Chassis > Variants,Base Chassis,max 1,0,1,Mandatory base chassis selection required for solution build,P73285-B21,CTO,HPE ProLiant Compute DL380 Gen12 8LFF NC CTO Server,1,"$6,890.00",,,,Yes,2026-08-24,,ATTRIBUTE_CHANGED,"$6,890.00",$0.00,$0.00,2026-08-12: $6890.00 → 2026-08-13: $6890.00 → 2026-08-14: $6890.00 → 2026-08-16: $6890.00 → 2026-08-19: $6890.00 → 2026-08-22: $6890.00 → 2026-08-22: $6890.00 → 2026-08-22: $6890.00 → 2026-08-22: $6890.00 (✕ REMOVED) → 2026-08-22: $6890.00 (↩ REINSTATED) → 2026-08-24: $6890.00 (✕ REMOVED)
Chassis,Variants,HPE OCA > DL380 Gen12 SFF > Chassis > Variants,Base Chassis,max 1,0,1,Mandatory base chassis selection required for solution build,P73286-B21,CTO,HPE ProLiant Compute DL380 Gen12 16EDSFF NC CTO Server,1,"$7,120.00",,,,Yes,2026-08-24,,ATTRIBUTE_CHANGED,"$7,120.00",$0.00,$0.00,2026-08-12: $7120.00 → 2026-08-13: $7120.00 → 2026-08-14: $7120.00 → 2026-08-16: $7120.00 → 2026-08-19: $7120.00 → 2026-08-22: $7120.00 → 2026-08-22: $7120.00 → 2026-08-22: $7120.00 → 2026-08-22: $7120.00 (✕ REMOVED) → 2026-08-22: $7120.00 (↩ REINSTATED) → 2026-08-24: $7120.00 (✕ REMOVED)
Chassis,Variants,HPE OCA > DL380 Gen12 SFF > Chassis > Variants,Base Chassis,max 1,0,1,Mandatory base chassis selection required for solution build,P73287-B21,CTO,HPE ProLiant Compute DL380 Gen12 High Power / Telco CTO Server,1,"$7,450.00",,,,Yes,2026-08-24,,ATTRIBUTE_CHANGED,"$7,450.00",$0.00,$0.00,2026-08-12: $7450.00 → 2026-08-13: $7450.00 → 2026-08-14: $7450.00 → 2026-08-16: $7450.00 → 2026-08-19: $7450.00 → 2026-08-22: $7450.00 → 2026-08-22: $7450.00 → 2026-08-22: $7450.00 → 2026-08-22: $7450.00 (✕ REMOVED) → 2026-08-22: $7450.00 (↩ REINSTATED) → 2026-08-24: $7450.00 (✕ REMOVED)
Accessories & Infrastructure,Energy Star Configuration Presets,HPE OCA > DL380 Gen12 SFF > Accessories & Infrastructure > Energy Star Configuration Presets,Chassis Infrastructure,Optional,0,Optional,Selection constraint for Energy Star Configuration Presets: optional,P68503-B21,Standard,ENERGY STAR 4.0 FIO Trigger Configuration Kit for HPE,0,$1.00,,NA,,No,12/04/2023,05/31/2028,UNCHANGED,$1.00,$0.00,$0.00,2026-08-12: $1.00 → 2026-08-12: $1.00 → 2026-08-13: $1.00 → 2026-08-14: $1.00 → 2026-08-16: $1.00 → 2026-08-19: $1.00 → 2026-08-22: $1.00 → 2026-08-22: $1.00 → 2026-08-24: $12042023.00 (▲)
Processor,Intel Xeon 6th Gen Scalable Processors,HPE OCA > DL380 Gen12 SFF > Processor > Intel Xeon 6th Gen Scalable Processors,Processor,"min 1, max 2",1,2,"Selection constraint for Intel Xeon 6th Gen Scalable Processors: min 1, max 2",P71117-B21,Standard,Intel Xeon 6710E 2.4GHz 64-core 205W Processor for HPE,0,"$6,096.00","$1,854.00","$12,192.00",,No,11/04/2024,06/30/2029,UNCHANGED,"$6,096.00",$0.00,$0.00,2026-08-12: $6096.00 → 2026-08-12: $6096.00 → 2026-08-13: $6096.00 → 2026-08-14: $6096.00 → 2026-08-16: $6096.00 → 2026-08-19: $6096.00 → 2026-08-22: $6096.00 → 2026-08-22: $6096.00 → 2026-08-24: $1854.00 (▼)
Processor,Intel Xeon 6th Gen Scalable Processors,HPE OCA > DL380 Gen12 SFF > Processor > Intel Xeon 6th Gen Scalable Processors,Processor,"min 1, max 2",1,2,"Selection constraint for Intel Xeon 6th Gen Scalable Processors: min 1, max 2",P73834-B21,Standard,Intel Xeon 6767P 2.4GHz 64-core 350W Processor for HPE,0,"$22,485.00","$18,243.00","$44,970.00",,No,02/24/2025,06/30/2029,UNCHANGED,"$22,485.00",$0.00,$0.00,2026-08-12: $22485.00 → 2026-08-12: $22485.00 → 2026-08-13: $22485.00 → 2026-08-14: $22485.00 → 2026-08-16: $22485.00 → 2026-08-19: $22485.00 → 2026-08-22: $22485.00 → 2026-08-22: $22485.00 → 2026-08-24: $18243.00 (▼)
Processor,Intel Xeon 6th Gen Scalable Processors,HPE OCA > DL380 Gen12 SFF > Processor > Intel Xeon 6th Gen Scalable Processors,Processor,"min 1, max 2",1,2,"Selection constraint for Intel Xeon 6th Gen Scalable Processors: min 1, max 2",P74506-B21,Standard,Intel Xeon 6515P 2.3GHz 16-core 150W Processor for HPE,0,"$2,457.00","-$1,785.00","$4,914.00",,No,02/24/2025,06/30/2029,UNCHANGED,"$2,457.00",$0.00,$0.00,2026-08-12: $2457.00 → 2026-08-12: $2457.00 → 2026-08-13: $2457.00 → 2026-08-14: $2457.00 → 2026-08-16: $2457.00 → 2026-08-19: $2457.00 → 2026-08-22: $2457.00 → 2026-08-22: $2457.00 → 2026-08-24: (no price)
Processor,Intel Xeon 6th Gen Scalable Processors,HPE OCA > DL380 Gen12 SFF > Processor > Intel Xeon 6th Gen Scalable Processors,Processor,"min 1, max 2",1,2,"Selection constraint for Intel Xeon 6th Gen Scalable Processors: min 1, max 2",P74508-B21,Standard,Intel Xeon 6714P 4.0GHz 8-core 165W Processor for HPE,0,"$8,941.00","$4,699.00","$17,882.00",,No,06/02/2025,06/30/2029,UNCHANGED,"$8,941.00",$0.00,$0.00,2026-08-12: $8941.00 → 2026-08-12: $8941.00 → 2026-08-13: $8941.00 → 2026-08-14: $8941.00 → 2026-08-16: $8941.00 → 2026-08-19: $8941.00 → 2026-08-22: $8941.00 → 2026-08-22: $8941.00 → 2026-08-24: $4699.00 (▼)
Processor,Intel Xeon 6th Gen Scalable Processors,HPE OCA > DL380 Gen12 SFF > Processor > Intel Xeon 6th Gen Scalable Processors,Processor,"min 1, max 2",1,2,"Selection constraint for Intel Xeon 6th Gen Scalable Processors: min 1, max 2",P74509-B21,Standard,Intel Xeon 6724P 3.6GHz 16-core 210W Processor for HPE,0,"$11,074.00","$6,832.00","$22,148.00",,No,06/02/2025,06/30/2029,UNCHANGED,"$11,074.00",$0.00,$0.00,2026-08-12: $11074.00 → 2026-08-12: $11074.00 → 2026-08-13: $11074.00 → 2026-08-14: $11074.00 → 2026-08-16: $11074.00 → 2026-08-19: $11074.00 → 2026-08-22: $11074.00 → 2026-08-22: $11074.00 → 2026-08-24: $6832.00 (▼)
Processor,Intel Xeon 6th Gen Scalable Processors,HPE OCA > DL380 Gen12 SFF > Processor > Intel Xeon 6th Gen Scalable Processors,Processor,"min 1, max 2",1,2,"Selection constraint for Intel Xeon 6th Gen Scalable Processors: min 1, max 2",P74570-B21,Standard,Intel Xeon 6527P 3.0GHz 24-core 255W Processor for HPE,0,"$8,123.00","$3,881.00","$16,246.00",,No,02/24/2025,06/30/2029,UNCHANGED,"$8,123.00",$0.00,$0.00,2026-08-12: $8123.00 → 2026-08-12: $8123.00 → 2026-08-13: $8123.00 → 2026-08-14: $8123.00 → 2026-08-16: $8123.00 → 2026-08-19: $8123.00 → 2026-08-22: $8123.00 → 2026-08-22: $8123.00 → 2026-08-24: $3881.00 (▼)
Processor,Intel Xeon 6th Gen Scalable Processors,HPE OCA > DL380 Gen12 SFF > Processor > Intel Xeon 6th Gen Scalable Processors,Processor,"min 1, max 2",1,2,"Selection constraint for Intel Xeon 6th Gen Scalable Processors: min 1, max 2",P74571-B21,Standard,Intel Xeon 6530P 2.3GHz 32-core 225W Processor for HPE,0,"$6,830.00","$2,588.00","$13,660.00",,No,02/24/2025,06/30/2029,UNCHANGED,"$6,830.00",$0.00,$0.00,2026-08-12: $6830.00 → 2026-08-12: $6830.00 → 2026-08-13: $6830.00 → 2026-08-14: $6830.00 → 2026-08-16: $6830.00 → 2026-08-19: $6830.00 → 2026-08-22: $6830.00 → 2026-08-22: $6830.00 → 2026-08-24: $2588.00 (▼)
Processor,Intel Xeon 6th Gen Scalable Processors,HPE OCA > DL380 Gen12 SFF > Processor > Intel Xeon 6th Gen Scalable Processors,Processor,"min 1, max 2",1,2,"Selection constraint for Intel Xeon 6th Gen Scalable Processors: min 1, max 2",P71118-B21,Standard,Intel Xeon 6731E 2.2GHz 96-core 250W Processor for HPE,0,"$7,062.00","$2,820.00","$14,124.00",,No,02/24/2025,06/30/2029,UNCHANGED,"$7,062.00",$0.00,$0.00,2026-08-12: $7062.00 → 2026-08-12: $7062.00 → 2026-08-13: $7062.00 → 2026-08-14: $7062.00 → 2026-08-16: $7062.00 → 2026-08-19: $7062.00 → 2026-08-22: $7062.00 → 2026-08-22: $7062.00 → 2026-08-24: $2820.00 (▼)
Processor,Intel Xeon 6th Gen Scalable Processors,HPE OCA > DL380 Gen12 SFF > Processor > Intel Xeon 6th Gen Scalable Processors,Processor,"min 1, max 2",1,2,"Selection constraint for Intel Xeon 6th Gen Scalable Processors: min 1, max 2",P71120-B21,Standard,Intel Xeon 6746E 2.0GHz 112-core 250W Processor for HPE,0,"$8,965.00","$4,723.00","$17,930.00",,No,11/04/2024,06/30/2029,UNCHANGED,"$8,965.00",$0.00,$0.00,2026-08-12: $8965.00 → 2026-08-12: $8965.00 → 2026-08-13: $8965.00 → 2026-08-14: $8965.00 → 2026-08-16: $8965.00 → 2026-08-19: $8965.00 → 2026-08-22: $8965.00 → 2026-08-22: $8965.00 → 2026-08-24: $4723.00 (▼)
Processor,Intel Xeon 6th Gen Scalable Processors,HPE OCA > DL380 Gen12 SFF > Processor > Intel Xeon 6th Gen Scalable Processors,Processor,"min 1, max 2",1,2,"Selection constraint for Intel Xeon 6th Gen Scalable Processors: min 1, max 2",P71119-B21,Standard,Intel Xeon 6740E 2.4GHz 96-core 250W Processor for HPE,0,"$8,459.00","$4,217.00","$16,918.00",,No,11/04/2024,06/30/2029,UNCHANGED,"$8,459.00",$0.00,$0.00,2026-08-12: $8459.00 → 2026-08-12: $8459.00 → 2026-08-13: $8459.00 → 2026-08-14: $8459.00 → 2026-08-16: $8459.00 → 2026-08-19: $8459.00 → 2026-08-22: $8459.00 → 2026-08-22: $8459.00 → 2026-08-24: $4217.00 (▼)
Processor,Intel Xeon 6th Gen Scalable Processors,HPE OCA > DL380 Gen12 SFF > Processor > Intel Xeon 6th Gen Scalable Processors,Processor,"min 1, max 2",1,2,"Selection constraint for Intel Xeon 6th Gen Scalable Processors: min 1, max 2",P71121-B21,Standard,Intel Xeon 6756E 1.8GHz 128-core 225W Processor for HPE,0,"$11,891.00","$7,649.00","$23,782.00",,No,11/04/2024,06/30/2029,UNCHANGED,"$11,891.00",$0.00,$0.00,2026-08-12: $11891.00 → 2026-08-12: $11891.00 → 2026-08-13: $11891.00 → 2026-08-14: $11891.00 → 2026-08-16: $11891.00 → 2026-08-19: $11891.00 → 2026-08-22: $11891.00 → 2026-08-22: $11891.00 → 2026-08-24: $7649.00 (▼)
Processor,Intel Xeon 6th Gen Scalable Processors,HPE OCA > DL380 Gen12 SFF > Processor > Intel Xeon 6th Gen Scalable Processors,Processor,"min 1, max 2",1,2,"Selection constraint for Intel Xeon 6th Gen Scalable Processors: min 1, max 2",P71122-B21,Standard,Intel Xeon 6766E 1.9GHz 144-core 250W Processor for HPE,0,"$14,473.00","$10,231.00","$28,946.00",,No,11/04/2024,06/30/2029,UNCHANGED,"$14,473.00",$0.00,$0.00,2026-08-12: $14473.00 → 2026-08-12: $14473.00 → 2026-08-13: $14473.00 → 2026-08-14: $14473.00 → 2026-08-16: $14473.00 → 2026-08-19: $14473.00 → 2026-08-22: $14473.00 → 2026-08-22: $14473.00 → 2026-08-24: $10231.00 (▼)
Processor,Intel Xeon 6th Gen Scalable Processors,HPE OCA > DL380 Gen12 SFF > Processor > Intel Xeon 6th Gen Scalable Processors,Processor,"min 1, max 2",1,2,"Selection constraint for Intel Xeon 6th Gen Scalable Processors: min 1, max 2",P71124-B21,Standard,Intel Xeon 6780E 2.2GHz 144-core 330W Processor for HPE,0,"$16,019.00","$11,777.00","$32,038.00",,No,02/24/2025,06/30/2029,UNCHANGED,"$16,019.00",$0.00,$0.00,2026-08-12: $16019.00 → 2026-08-12: $16019.00 → 2026-08-13: $16019.00 → 2026-08-14: $16019.00 → 2026-08-16: $16019.00 → 2026-08-19: $16019.00 → 2026-08-22: $16019.00 → 2026-08-22: $16019.00 → 2026-08-24: $11777.00 (▼)
Processor,Intel Xeon 6th Gen Scalable Processors,HPE OCA > DL380 Gen12 SFF > Processor > Intel Xeon 6th Gen Scalable Processors,Processor,"min 1, max 2",1,2,"Selection constraint for Intel Xeon 6th Gen Scalable Processors: min 1, max 2",P73829-B21,Standard,Intel Xeon 6740P 2.1GHz 48-core 270W Processor for HPE,0,"$13,124.00","$8,882.00","$26,248.00",,No,02/24/2025,06/30/2029,UNCHANGED,"$13,124.00",$0.00,$0.00,2026-08-12: $13124.00 → 2026-08-12: $13124.00 → 2026-08-13: $13124.00 → 2026-08-14: $13124.00 → 2026-08-16: $13124.00 → 2026-08-19: $13124.00 → 2026-08-22: $13124.00 → 2026-08-22: $13124.00 → 2026-08-24: $8882.00 (▼)
Processor,Intel Xeon 6th Gen Scalable Processors,HPE OCA > DL380 Gen12 SFF > Processor > Intel Xeon 6th Gen Scalable Processors,Processor,"min 1, max 2",1,2,"Selection constraint for Intel Xeon 6th Gen Scalable Processors: min 1, max 2",P73831-B21,Standard,Intel Xeon 6747P 2.7GHz 48-core 330W Processor for HPE,0,"$16,595.00","$12,353.00","$33,190.00",,No,02/24/2025,06/30/2029,UNCHANGED,"$16,595.00",$0.00,$0.00,2026-08-12: $16595.00 → 2026-08-12: $16595.00 → 2026-08-13: $16595.00 → 2026-08-14: $16595.00 → 2026-08-16: $16595.00 → 2026-08-19: $16595.00 → 2026-08-22: $16595.00 → 2026-08-22: $16595.00 → 2026-08-24: $12353.00 (▼)
Processor,Intel Xeon 6th Gen Scalable Processors,HPE OCA > DL380 Gen12 SFF > Processor > Intel Xeon 6th Gen Scalable Processors,Processor,"min 1, max 2",1,2,"Selection constraint for Intel Xeon 6th Gen Scalable Processors: min 1, max 2",P73832-B21,Standard,Intel Xeon 6760P 2.2GHz 64-core 330W Processor for HPE,0,"$16,517.00","$12,275.00","$33,034.00",,No,02/24/2025,06/30/2029,UNCHANGED,"$16,517.00",$0.00,$0.00,2026-08-12: $16517.00 → 2026-08-12: $16517.00 → 2026-08-13: $16517.00 → 2026-08-14: $16517.00 → 2026-08-16: $16517.00 → 2026-08-19: $16517.00 → 2026-08-22: $16517.00 → 2026-08-22: $16517.00 → 2026-08-24: $12275.00 (▼)
Processor,Intel Xeon 6th Gen Scalable Processors,HPE OCA > DL380 Gen12 SFF > Processor > Intel Xeon 6th Gen Scalable Processors,Processor,"min 1, max 2",1,2,"Selection constraint for Intel Xeon 6th Gen Scalable Processors: min 1, max 2",P73835-B21,Standard,Intel Xeon 6768P 2.4GHz 64-core 330W Processor for HPE,0,"$48,922.00","$44,680.00","$97,844.00",,No,06/02/2025,06/30/2029,UNCHANGED,"$48,922.00",$0.00,$0.00,2026-08-12: $48922.00 → 2026-08-12: $48922.00 → 2026-08-13: $48922.00 → 2026-08-14: $48922.00 → 2026-08-16: $48922.00 → 2026-08-19: $48922.00 → 2026-08-22: $48922.00 → 2026-08-22: $48922.00 → 2026-08-24: $44680.00 (▼)
Processor,Intel Xeon 6th Gen Scalable Processors,HPE OCA > DL380 Gen12 SFF > Processor > Intel Xeon 6th Gen Scalable Processors,Processor,"min 1, max 2",1,2,"Selection constraint for Intel Xeon 6th Gen Scalable Processors: min 1, max 2",P73837-B21,Standard,Intel Xeon 6787P 2.0GHz 86-core 350W Processor for HPE,0,"$23,285.00","$19,043.00","$46,570.00",,No,02/24/2025,06/30/2029,UNCHANGED,"$23,285.00",$0.00,$0.00,2026-08-12: $23285.00 → 2026-08-12: $23285.00 → 2026-08-13: $23285.00 → 2026-08-14: $23285.00 → 2026-08-16: $23285.00 → 2026-08-19: $23285.00 → 2026-08-22: $23285.00 → 2026-08-22: $23285.00 → 2026-08-24: $19043.00 (▼)
Processor,Intel Xeon 6th Gen Scalable Processors,HPE OCA > DL380 Gen12 SFF > Processor > Intel Xeon 6th Gen Scalable Processors,Processor,"min 1, max 2",1,2,"Selection constraint for Intel Xeon 6th Gen Scalable Processors: min 1, max 2",P73838-B21,Standard,Intel Xeon 6788P 2.0GHz 86-core 350W Processor for HPE,0,"$58,094.00","$53,852.00","$116,188.00",,No,06/02/2025,06/30/2029,UNCHANGED,"$58,094.00",$0.00,$0.00,2026-08-12: $58094.00 → 2026-08-12: $58094.00 → 2026-08-13: $58094.00 → 2026-08-14: $58094.00 → 2026-08-16: $58094.00 → 2026-08-19: $58094.00 → 2026-08-22: $58094.00 → 2026-08-22: $58094.00 → 2026-08-24: $53852.00 (▼)
Processor,Intel Xeon 6th Gen Scalable Processors,HPE OCA > DL380 Gen12 SFF > Processor > Intel Xeon 6th Gen Scalable Processors,Processor,"min 1, max 2",1,2,"Selection constraint for Intel Xeon 6th Gen Scalable Processors: min 1, max 2",P74503-B21,Standard,Intel Xeon 6505P 2.2GHz 12-core 150W Processor for HPE,0,"$1,756.00","-$2,486.00","$3,512.00",,No,02/24/2025,06/30/2029,UNCHANGED,"$1,756.00",$0.00,$0.00,2026-08-12: $1756.00 → 2026-08-12: $1756.00 → 2026-08-13: $1756.00 → 2026-08-14: $1756.00 → 2026-08-16: $1756.00 → 2026-08-19: $1756.00 → 2026-08-22: $1756.00 → 2026-08-22: $1756.00 → 2026-08-24: (no price)
Processor,Intel Xeon 6th Gen Scalable Processors,HPE OCA > DL380 Gen12 SFF > Processor > Intel Xeon 6th Gen Scalable Processors,Processor,"min 1, max 2",1,2,"Selection constraint for Intel Xeon 6th Gen Scalable Processors: min 1, max 2",P74504-B21,Standard,Intel Xeon 6507P 3.5GHz 8-core 150W Processor for HPE,0,"$2,293.00","-$1,949.00","$4,586.00",,No,02/24/2025,06/30/2029,UNCHANGED,"$2,293.00",$0.00,$0.00,2026-08-12: $2293.00 → 2026-08-12: $2293.00 → 2026-08-13: $2293.00 → 2026-08-14: $2293.00 → 2026-08-16: $2293.00 → 2026-08-19: $2293.00 → 2026-08-22: $2293.00 → 2026-08-22: $2293.00 → 2026-08-24: (no price)
Processor,Intel Xeon 6th Gen Scalable Processors,HPE OCA > DL380 Gen12 SFF > Processor > Intel Xeon 6th Gen Scalable Processors,Processor,"min 1, max 2",1,2,"Selection constraint for Intel Xeon 6th Gen Scalable Processors: min 1, max 2",P74507-B21,Standard,Intel Xeon 6517P 3.2GHz 16-core 190W Processor for HPE,0,"$3,734.00",-$508.00,"$7,468.00",,No,02/24/2025,06/30/2029,UNCHANGED,"$3,734.00",$0.00,$0.00,2026-08-12: $3734.00 → 2026-08-12: $3734.00 → 2026-08-13: $3734.00 → 2026-08-14: $3734.00 → 2026-08-16: $3734.00 → 2026-08-19: $3734.00 → 2026-08-22: $3734.00 → 2026-08-22: $3734.00 → 2026-08-24: (no price)
Processor,Intel Xeon 6th Gen Scalable Processors,HPE OCA > DL380 Gen12 SFF > Processor > Intel Xeon 6th Gen Scalable Processors,Processor,"min 1, max 2",1,2,"Selection constraint for Intel Xeon 6th Gen Scalable Processors: min 1, max 2",P74568-B21,Standard,Intel Xeon 6520P 2.4GHz 24-core 210W Processor for HPE,2,"$4,242.00",Selected,"$8,484.00",,No,02/24/2025,06/30/2029,UNCHANGED,"$4,242.00",$0.00,$0.00,2026-08-12: $4242.00 → 2026-08-12: $4242.00 → 2026-08-13: $4242.00 → 2026-08-14: $4242.00 → 2026-08-16: $4242.00 → 2026-08-19: $4242.00 → 2026-08-22: $4242.00 → 2026-08-22: $4242.00 → 2026-08-24: $2.00 (▼)
Processor,Intel Xeon 6th Gen Scalable Processors,HPE OCA > DL380 Gen12 SFF > Processor > Intel Xeon 6th Gen Scalable Processors,Processor,"min 1, max 2",1,2,"Selection constraint for Intel Xeon 6th Gen Scalable Processors: min 1, max 2",P74572-B21,Standard,Intel Xeon 6728P 2.7GHz 24-core 210W Processor for HPE,0,"$7,493.00","$3,251.00","$14,986.00",,No,06/02/2025,06/30/2029,UNCHANGED,"$7,493.00",$0.00,$0.00,2026-08-12: $7493.00 → 2026-08-12: $7493.00 → 2026-08-13: $7493.00 → 2026-08-14: $7493.00 → 2026-08-16: $7493.00 → 2026-08-19: $7493.00 → 2026-08-22: $7493.00 → 2026-08-22: $7493.00 → 2026-08-24: $3251.00 (▼)
Processor,Intel Xeon 6th Gen Scalable Processors,HPE OCA > DL380 Gen12 SFF > Processor > Intel Xeon 6th Gen Scalable Processors,Processor,"min 1, max 2",1,2,"Selection constraint for Intel Xeon 6th Gen Scalable Processors: min 1, max 2",P74573-B21,Standard,Intel Xeon 6730P 2.5GHz 32-core 250W Processor for HPE,0,"$10,516.00","$6,274.00","$21,032.00",,No,02/24/2025,06/30/2029,UNCHANGED,"$10,516.00",$0.00,$0.00,2026-08-12: $10516.00 → 2026-08-12: $10516.00 → 2026-08-13: $10516.00 → 2026-08-14: $10516.00 → 2026-08-16: $10516.00 → 2026-08-19: $10516.00 → 2026-08-22: $10516.00 → 2026-08-22: $10516.00 → 2026-08-24: $6274.00 (▼)
Processor,Intel Xeon 6th Gen Scalable Processors,HPE OCA > DL380 Gen12 SFF > Processor > Intel Xeon 6th Gen Scalable Processors,Processor,"min 1, max 2",1,2,"Selection constraint for Intel Xeon 6th Gen Scalable Processors: min 1, max 2",P74575-B21,Standard,Intel Xeon 6736P 2.0GHz 36-core 205W Processor for HPE,0,"$10,247.00","$6,005.00","$20,494.00",,No,02/24/2025,06/30/2029,UNCHANGED,"$10,247.00",$0.00,$0.00,2026-08-12: $10247.00 → 2026-08-12: $10247.00 → 2026-08-13: $10247.00 → 2026-08-14: $10247.00 → 2026-08-16: $10247.00 → 2026-08-19: $10247.00 → 2026-08-22: $10247.00 → 2026-08-22: $10247.00 → 2026-08-24: $6005.00 (▼)
Processor,Intel Xeon 6th Gen Scalable Processors,HPE OCA > DL380 Gen12 SFF > Processor > Intel Xeon 6th Gen Scalable Processors,Processor,"min 1, max 2",1,2,"Selection constraint for Intel Xeon 6th Gen Scalable Processors: min 1, max 2",P74576-B21,Standard,Intel Xeon 6737P 2.9GHz 32-core 270W Processor for HPE,0,"$14,682.00","$10,440.00","$29,364.00",,No,02/24/2025,06/30/2029,UNCHANGED,"$14,682.00",$0.00,$0.00,2026-08-12: $14682.00 → 2026-08-12: $14682.00 → 2026-08-13: $14682.00 → 2026-08-14: $14682.00 → 2026-08-16: $14682.00 → 2026-08-19: $14682.00 → 2026-08-22: $14682.00 → 2026-08-22: $14682.00 → 2026-08-24: $10440.00 (▼)
Processor,Intel Xeon 6th Gen Scalable Processors,HPE OCA > DL380 Gen12 SFF > Processor > Intel Xeon 6th Gen Scalable Processors,Processor,"min 1, max 2",1,2,"Selection constraint for Intel Xeon 6th Gen Scalable Processors: min 1, max 2",P74577-B21,Standard,Intel Xeon 6738P 2.9GHz 32-core 270W Processor for HPE,0,"$17,305.00","$13,063.00","$34,610.00",,No,06/02/2025,06/30/2029,UNCHANGED,"$17,305.00",$0.00,$0.00,2026-08-12: $17305.00 → 2026-08-12: $17305.00 → 2026-08-13: $17305.00 → 2026-08-14: $17305.00 → 2026-08-16: $17305.00 → 2026-08-19: $17305.00 → 2026-08-22: $17305.00 → 2026-08-22: $17305.00 → 2026-08-24: $13063.00 (▼)
Processor,Intel Xeon 6th Gen Scalable Processors,HPE OCA > DL380 Gen12 SFF > Processor > Intel Xeon 6th Gen Scalable Processors,Processor,"min 1, max 2",1,2,"Selection constraint for Intel Xeon 6th Gen Scalable Processors: min 1, max 2",P74578-B21,Standard,Intel Xeon 6732P 3.8GHz 32-core 350W Processor for HPE,0,"$13,581.00","$9,339.00","$27,162.00",,No,03/02/2026,06/30/2029,UNCHANGED,"$13,581.00",$0.00,$0.00,2026-08-12: $13581.00 → 2026-08-12: $13581.00 → 2026-08-13: $13581.00 → 2026-08-14: $13581.00 → 2026-08-16: $13581.00 → 2026-08-19: $13581.00 → 2026-08-22: $13581.00 → 2026-08-22: $13581.00 → 2026-08-24: $9339.00 (▼)
Processor,Intel Xeon 6th Gen Scalable Processors,HPE OCA > DL380 Gen12 SFF > Processor > Intel Xeon 6th Gen Scalable Processors,Processor,"min 1, max 2",1,2,"Selection constraint for Intel Xeon 6th Gen Scalable Processors: min 1, max 2",P74579-B21,Standard,Intel Xeon 6748P 2.5GHz 48-core 300W Processor for HPE,0,"$38,913.00","$34,671.00","$77,826.00",,No,06/02/2025,06/30/2029,UNCHANGED,"$38,913.00",$0.00,$0.00,2026-08-12: $38913.00 → 2026-08-12: $38913.00 → 2026-08-13: $38913.00 → 2026-08-14: $38913.00 → 2026-08-16: $38913.00 → 2026-08-19: $38913.00 → 2026-08-22: $38913.00 → 2026-08-22: $38913.00 → 2026-08-24: $34671.00 (▼)
Processor,Intel Xeon 6th Gen Scalable Processors,HPE OCA > DL380 Gen12 SFF > Processor > Intel Xeon 6th Gen Scalable Processors,Processor,"min 1, max 2",1,2,"Selection constraint for Intel Xeon 6th Gen Scalable Processors: min 1, max 2",P81591-B21,Standard,Intel Xeon 6745P 3.1GHz 32-core 300W Processor for HPE,0,"$14,818.00","$10,576.00","$29,636.00",,No,07/07/2025,06/30/2029,UNCHANGED,"$14,818.00",$0.00,$0.00,2026-08-12: $14818.00 → 2026-08-12: $14818.00 → 2026-08-13: $14818.00 → 2026-08-14: $14818.00 → 2026-08-16: $14818.00 → 2026-08-19: $14818.00 → 2026-08-22: $14818.00 → 2026-08-22: $14818.00 → 2026-08-24: $10576.00 (▼)
Processor,Intel Xeon 6th Gen Scalable Processors,HPE OCA > DL380 Gen12 SFF > Processor > Intel Xeon 6th Gen Scalable Processors,Processor,"min 1, max 2",1,2,"Selection constraint for Intel Xeon 6th Gen Scalable Processors: min 1, max 2",P87302-B21,Standard,Intel Xeon 6725P 3.7GHz 16-core 235W Processor for HPE,0,"$12,209.00","$7,967.00","$24,418.00",,No,01/05/2026,06/30/2029,UNCHANGED,"$12,209.00",$0.00,$0.00,2026-08-12: $12209.00 → 2026-08-12: $12209.00 → 2026-08-13: $12209.00 → 2026-08-14: $12209.00 → 2026-08-16: $12209.00 → 2026-08-19: $12209.00 → 2026-08-22: $12209.00 → 2026-08-22: $12209.00 → 2026-08-24: $7967.00 (▼)
Processor,Intel Xeon 6th Gen Scalable Processors,HPE OCA > DL380 Gen12 SFF > Processor > Intel Xeon 6th Gen Scalable Processors,Processor,"min 1, max 2",1,2,"Selection constraint for Intel Xeon 6th Gen Scalable Processors: min 1, max 2",P90157-B21,Standard,Intel Xeon 6762P 2.9GHz 64-core 350W Processor for HPE,0,"$46,351.00","$42,109.00","$92,702.00",,No,04/06/2026,06/30/2029,UNCHANGED,"$46,351.00",$0.00,$0.00,2026-08-22: $46351.00 → 2026-08-22: $46351.00 → 2026-08-24: $42109.00 (▼)
Cooling / Thermal,Standard & Performance Heat Sinks,HPE OCA > DL380 Gen12 SFF > Cooling / Thermal > Standard & Performance Heat Sinks,Cooling / Thermal,max 6,0,6,Selection constraint for Standard & Performance Heat Sinks: max 6,P74792-B21,Standard,HPE ProLiant Compute DL380 2U High Performance Heat Sink Kit,2,$316.00,,$632.00,,No,02/24/2025,06/30/2029,UNCHANGED,$316.00,$0.00,$0.00,2026-08-12: $316.00 → 2026-08-12: $316.00 → 2026-08-13: $316.00 → 2026-08-14: $316.00 → 2026-08-16: $316.00 → 2026-08-19: $316.00 → 2026-08-22: $316.00 → 2026-08-22: $316.00 → 2026-08-22: $316.00 → 2026-08-24: $2242025.00 (▲)
Cooling / Thermal,Standard & Performance Heat Sinks,HPE OCA > DL380 Gen12 SFF > Cooling / Thermal > Standard & Performance Heat Sinks,Cooling / Thermal,max 6,0,6,Mixing of Heat sink is not allowed.,P49145-B21,Standard,HPE ProLiant DL380 2U Standard Heat Sink Kit,0,$133.00,,NA,,No,04/03/2023,05/31/2028,UNCHANGED,$133.00,$0.00,$0.00,2026-08-12: $133.00 → 2026-08-12: $133.00 → 2026-08-13: $133.00 → 2026-08-14: $133.00 → 2026-08-16: $133.00 → 2026-08-19: $133.00 → 2026-08-22: $133.00 → 2026-08-22: $133.00 → 2026-08-22: $133.00 → 2026-08-24: (no price)
Cooling / Thermal,Standard & Performance Heat Sinks,HPE OCA > DL380 Gen12 SFF > Cooling / Thermal > Standard & Performance Heat Sinks,Cooling / Thermal,max 6,0,6,Mixing of Heat sink is not allowed.,P74204-B21,Standard,HPE ProLiant Compute DL380 Gen12 Cold Plate Module FIO Kit from PCIe NS204-u,0,"$2,027.00",,NA,,No,02/24/2025,06/30/2029,UNCHANGED,"$2,027.00",$0.00,$0.00,2026-08-12: $2027.00 → 2026-08-12: $2027.00 → 2026-08-13: $2027.00 → 2026-08-14: $2027.00 → 2026-08-16: $2027.00 → 2026-08-19: $2027.00 → 2026-08-22: $2027.00 → 2026-08-22: $2027.00 → 2026-08-24: $2242025.00 (▲)
Cooling / Thermal,Standard & Performance Heat Sinks,HPE OCA > DL380 Gen12 SFF > Cooling / Thermal > Standard & Performance Heat Sinks,Cooling / Thermal,max 6,0,6,Mixing of Heat sink is not allowed.,P74208-B21,Standard,HPE ProLiant Compute DL3XX Gen12 Cold Plate Module FIO Kit from PCIe,0,"$1,996.00",,NA,,No,02/24/2025,02/28/2028,UNCHANGED,"$1,996.00",$0.00,$0.00,2026-08-12: $1996.00 → 2026-08-12: $1996.00 → 2026-08-13: $1996.00 → 2026-08-14: $1996.00 → 2026-08-16: $1996.00 → 2026-08-19: $1996.00 → 2026-08-22: $1996.00 → 2026-08-22: $1996.00 → 2026-08-24: $2242025.00 (▲)
Cooling / Thermal,Standard & Performance Heat Sinks,HPE OCA > DL380 Gen12 SFF > Cooling / Thermal > Standard & Performance Heat Sinks,Cooling / Thermal,max 6,0,6,Mixing of Heat sink is not allowed.,P74787-B21,Standard,HPE ProLiant Compute DL3XX Gen12 High Performance Heat Sink Kit,0,$293.00,,NA,,No,02/24/2025,02/28/2028,UNCHANGED,$293.00,$0.00,$0.00,2026-08-12: $293.00 → 2026-08-12: $293.00 → 2026-08-13: $293.00 → 2026-08-14: $293.00 → 2026-08-16: $293.00 → 2026-08-19: $293.00 → 2026-08-22: $293.00 → 2026-08-22: $293.00 → 2026-08-24: $2242025.00 (▲)
Cooling / Thermal,Standard & Performance Heat Sinks,HPE OCA > DL380 Gen12 SFF > Cooling / Thermal > Standard & Performance Heat Sinks,Cooling / Thermal,max 6,0,6,Mixing of Heat sink is not allowed.,P74794-B21,Standard,HPE ProLiant Compute DL380 2U Max Performance Heat Sink Kit,0,$624.00,,NA,,No,02/24/2025,06/30/2029,UNCHANGED,$624.00,$0.00,$0.00,2026-08-12: $624.00 → 2026-08-12: $624.00 → 2026-08-13: $624.00 → 2026-08-14: $624.00 → 2026-08-16: $624.00 → 2026-08-19: $624.00 → 2026-08-22: $624.00 → 2026-08-22: $624.00 → 2026-08-22: $624.00 → 2026-08-24: $2242025.00 (▲)
Memory,DDR5 Registered Smart Memory,HPE OCA > DL380 Gen12 SFF > Memory > DDR5 Registered Smart Memory,Memory,max 32,0,32,Selection constraint for DDR5 Registered Smart Memory: max 32,P69727-F21,Standard,HPE 32GB (1x32GB) Dual Rank x8 DDR5-6400 CAS-52-52-52 EC8 Registered Smart FIO Memory Kit,2,"$13,909.00",,"$27,818.00",$434.66,No,04/06/2026,03/31/2028,UNCHANGED,"$13,909.00",$0.00,$0.00,2026-08-12: $13909.00 → 2026-08-12: $13909.00 → 2026-08-13: $13909.00 → 2026-08-14: $13909.00 → 2026-08-16: $13909.00 → 2026-08-19: $13909.00 → 2026-08-22: $13909.00 → 2026-08-22: $13909.00 → 2026-08-24: $2.00 (▼)
Memory,DDR5 Registered Smart Memory,HPE OCA > DL380 Gen12 SFF > Memory > DDR5 Registered Smart Memory,Memory,max 32,0,32,Mixing of x4 and x8 memory is not allowed,P69728-F21,Standard,HPE 64GB (1x64GB) Dual Rank x4 DDR5-6400 CAS-52-52-52 EC8 Registered Smart FIO Memory Kit,0,"$28,532.00",,NA,$445.81,No,04/06/2026,03/31/2028,UNCHANGED,"$28,532.00",$0.00,$0.00,2026-08-12: $28532.00 → 2026-08-12: $28532.00 → 2026-08-13: $28532.00 → 2026-08-14: $28532.00 → 2026-08-16: $28532.00 → 2026-08-19: $28532.00 → 2026-08-22: $28532.00 → 2026-08-22: $28532.00 → 2026-08-24: (no price)
Memory,DDR5 Registered Smart Memory,HPE OCA > DL380 Gen12 SFF > Memory > DDR5 Registered Smart Memory,Memory,max 32,0,32,These products are hidden due to Supply constraints,P69726-B21,Standard,HPE 16GB (1x16GB) Single Rank x8 DDR5-6400 CAS-52-52-52 EC8 Registered Smart Memory Kit,0,"$7,439.00",,NA,$464.94,No,02/24/2025,11/30/2027,UNCHANGED,"$7,439.00",$0.00,$0.00,2026-08-12: $7439.00 → 2026-08-12: $7439.00 → 2026-08-13: $7439.00 → 2026-08-14: $7439.00 → 2026-08-16: $7439.00 → 2026-08-19: $7439.00 → 2026-08-22: $7439.00 → 2026-08-22: $7439.00 → 2026-08-24: (no price)
Memory,DDR5 Registered Smart Memory,HPE OCA > DL380 Gen12 SFF > Memory > DDR5 Registered Smart Memory,Memory,max 32,0,32,These products are hidden due to Supply constraints,P69726-F21,Standard,HPE 16GB (1x16GB) Single Rank x8 DDR5-6400 CAS-52-52-52 EC8 Registered Smart FIO Memory Kit,0,"$7,439.00",,NA,$464.94,No,04/06/2026,11/30/2027,UNCHANGED,"$7,439.00",$0.00,$0.00,2026-08-12: $7439.00 → 2026-08-12: $7439.00 → 2026-08-13: $7439.00 → 2026-08-14: $7439.00 → 2026-08-16: $7439.00 → 2026-08-19: $7439.00 → 2026-08-22: $7439.00 → 2026-08-22: $7439.00 → 2026-08-24: $464.94 (▼)
Memory,DDR5 Registered Smart Memory,HPE OCA > DL380 Gen12 SFF > Memory > DDR5 Registered Smart Memory,Memory,max 32,0,32,96GB Memory cannot be mixed with any other Memory.,P69729-F21,Standard,HPE 96GB (1x96GB) Dual Rank x4 DDR5-6400 CAS-52-52-52 EC8 Registered Smart FIO Memory Kit,0,"$47,056.00",,NA,$490.17,No,04/06/2026,03/31/2028,UNCHANGED,"$47,056.00",$0.00,$0.00,2026-08-12: $47056.00 → 2026-08-12: $47056.00 → 2026-08-13: $47056.00 → 2026-08-14: $47056.00 → 2026-08-16: $47056.00 → 2026-08-19: $47056.00 → 2026-08-22: $47056.00 → 2026-08-22: $47056.00 → 2026-08-24: (no price)
Memory,DDR5 Registered Smart Memory,HPE OCA > DL380 Gen12 SFF > Memory > DDR5 Registered Smart Memory,Memory,max 32,0,32,128GB Memory cannot be mixed with any other Memory.,P69730-F21,Standard,HPE 128GB (1x128GB) Dual Rank x4 DDR5-6400 CAS-52-52-52 EC8 Registered Smart FIO Memory Kit,0,"$60,190.00",,NA,$470.23,No,04/06/2026,03/31/2028,UNCHANGED,"$60,190.00",$0.00,$0.00,2026-08-12: $60190.00 → 2026-08-12: $60190.00 → 2026-08-13: $60190.00 → 2026-08-14: $60190.00 → 2026-08-16: $60190.00 → 2026-08-19: $60190.00 → 2026-08-22: $60190.00 → 2026-08-22: $60190.00 → 2026-08-24: (no price)
Memory,DDR5 Registered Smart Memory,HPE OCA > DL380 Gen12 SFF > Memory > DDR5 Registered Smart Memory,Memory,max 32,0,32,Mixing of 3DS and non 3DS memory is not allowed.,P73447-F21,Standard,HPE 256GB (1x256GB) Quad Rank x4 DDR5-6400 CAS-60-52-52 EC8 Registered 3DS Smart FIO Memory Kit,0,"$133,186.00",,NA,$520.26,No,04/06/2026,03/31/2028,UNCHANGED,"$133,186.00",$0.00,$0.00,2026-08-12: $133186.00 → 2026-08-12: $133186.00 → 2026-08-13: $133186.00 → 2026-08-14: $133186.00 → 2026-08-16: $133186.00 → 2026-08-19: $133186.00 → 2026-08-22: $133186.00 → 2026-08-22: $133186.00 → 2026-08-24: (no price)
Memory,DDR4 Registered Smart Memory,HPE OCA > DL380 Gen12 SFF > Memory > DDR4 Registered Smart Memory,Chassis Infrastructure,max 32,0,32,Selection constraint for DDR4 Registered Smart Memory: max 32,P07818-B21,Standard,HPE DDR4 DIMM Blank Kit,0,$129.00,,NA,,No,10/01/2018,05/31/2028,UNCHANGED,$129.00,$0.00,$0.00,2026-08-12: $129.00 → 2026-08-12: $129.00 → 2026-08-13: $129.00 → 2026-08-14: $129.00 → 2026-08-16: $129.00 → 2026-08-19: $129.00 → 2026-08-22: $129.00 → 2026-08-22: $129.00 → 2026-08-24: $10012018.00 (▲)
PCIe Risers,Secondary PCIe Risers,HPE OCA > DL380 Gen12 SFF > PCIe Risers > Secondary PCIe Risers,PCIe Riser,max 3,0,3,Selection constraint for Secondary PCIe Risers: max 3,P74734-B21,Standard,HPE ProLiant Compute DL380 Gen12 2SFF Rear Primary/Secondary Riser Cage Kit,0,$233.00,,NA,,No,02/24/2025,06/30/2029,UNCHANGED,$233.00,$0.00,$0.00,2026-08-12: $233.00 → 2026-08-12: $233.00 → 2026-08-13: $233.00 → 2026-08-14: $233.00 → 2026-08-16: $233.00 → 2026-08-19: $233.00 → 2026-08-22: $233.00 → 2026-08-22: $233.00 → 2026-08-24: $2242025.00 (▲)
PCIe Risers,Secondary PCIe Risers,HPE OCA > DL380 Gen12 SFF > PCIe Risers > Secondary PCIe Risers,PCIe Riser,max 3,0,3,Selection constraint for Secondary PCIe Risers: max 3,P74743-B21,Standard,HPE ProLiant Compute DL3XX Gen12 Rear 2SFF U.3 HDD Stacking Drive Cage Kit,0,$198.00,,NA,,No,02/24/2025,02/28/2028,UNCHANGED,$198.00,$0.00,$0.00,2026-08-12: $198.00 → 2026-08-12: $198.00 → 2026-08-13: $198.00 → 2026-08-14: $198.00 → 2026-08-16: $198.00 → 2026-08-19: $198.00 → 2026-08-22: $198.00 → 2026-08-22: $198.00 → 2026-08-24: $2242025.00 (▲)
PCIe Risers,Secondary PCIe Risers,HPE OCA > DL380 Gen12 SFF > PCIe Risers > Secondary PCIe Risers,PCIe Riser,max 3,0,3,Selection constraint for Secondary PCIe Risers: max 3,P74749-B21,Standard,HPE ProLiant Compute DL3XX Gen12 SFF Universal Media Bay Kit,0,$152.00,,NA,,No,02/24/2025,02/28/2028,UNCHANGED,$152.00,$0.00,$0.00,2026-08-12: $152.00 → 2026-08-12: $152.00 → 2026-08-13: $152.00 → 2026-08-14: $152.00 → 2026-08-16: $152.00 → 2026-08-19: $152.00 → 2026-08-22: $152.00 → 2026-08-22: $152.00 → 2026-08-24: $2242025.00 (▲)
PCIe Risers,Secondary PCIe Risers,HPE OCA > DL380 Gen12 SFF > PCIe Risers > Secondary PCIe Risers,PCIe Riser,max 3,0,3,Selection constraint for Secondary PCIe Risers: max 3,P75740-B21,Standard,HPE ProLiant Compute DL3XX Gen12 8SFF x1 U.3 Tri-Mode Drive Cage Kit,0,$260.00,,NA,,No,02/24/2025,02/28/2028,UNCHANGED,$260.00,$0.00,$0.00,2026-08-12: $260.00 → 2026-08-12: $260.00 → 2026-08-13: $260.00 → 2026-08-14: $260.00 → 2026-08-16: $260.00 → 2026-08-19: $260.00 → 2026-08-22: $260.00 → 2026-08-22: $260.00 → 2026-08-24: $2242025.00 (▲)
PCIe Risers,Secondary PCIe Risers,HPE OCA > DL380 Gen12 SFF > PCIe Risers > Secondary PCIe Risers,PCIe Riser,max 3,0,3,Selection constraint for Secondary PCIe Risers: max 3,P75741-B21,Standard,HPE ProLiant Compute DL3XX Gen12 8SFF x4 U.3 Tri-Mode Drive Cage Kit,0,$355.00,,NA,,No,02/24/2025,02/28/2028,UNCHANGED,$355.00,$0.00,$0.00,2026-08-12: $355.00 → 2026-08-12: $355.00 → 2026-08-13: $355.00 → 2026-08-14: $355.00 → 2026-08-16: $355.00 → 2026-08-19: $355.00 → 2026-08-22: $355.00 → 2026-08-22: $355.00 → 2026-08-24: $2242025.00 (▲)
PCIe Risers,Secondary PCIe Risers,HPE OCA > DL380 Gen12 SFF > PCIe Risers > Secondary PCIe Risers,PCIe Riser,max 3,0,3,Selection constraint for Secondary PCIe Risers: max 3,P75807-B21,Standard,HPE ProLiant Compute DL3XX Gen12 Front SFF for 2SFF Enablement U.3 HDD Front Cage Kit,0,$179.00,,NA,,No,02/24/2025,02/28/2028,UNCHANGED,$179.00,$0.00,$0.00,2026-08-12: $179.00 → 2026-08-12: $179.00 → 2026-08-13: $179.00 → 2026-08-14: $179.00 → 2026-08-16: $179.00 → 2026-08-19: $179.00 → 2026-08-22: $179.00 → 2026-08-22: $179.00 → 2026-08-24: $2242025.00 (▲)
PCIe Risers,Secondary PCIe Risers,HPE OCA > DL380 Gen12 SFF > PCIe Risers > Secondary PCIe Risers,PCIe Riser,max 3,0,3,Selection constraint for Secondary PCIe Risers: max 3,P76449-B21,Standard,HPE ProLiant Compute DL3XX Gen12 Multipurpose Drive Cage Kit,0,$73.00,,NA,,No,02/24/2025,02/28/2028,UNCHANGED,$73.00,$0.00,$0.00,2026-08-12: $73.00 → 2026-08-12: $73.00 → 2026-08-13: $73.00 → 2026-08-14: $73.00 → 2026-08-16: $73.00 → 2026-08-19: $73.00 → 2026-08-22: $73.00 → 2026-08-22: $73.00 → 2026-08-24: $2242025.00 (▲)
PCIe Risers,Secondary PCIe Risers,HPE OCA > DL380 Gen12 SFF > PCIe Risers > Secondary PCIe Risers,PCIe Riser,max 3,0,3,Selection constraint for Secondary PCIe Risers: max 3,P76450-B21,Standard,HPE ProLiant Compute Gen12 4EDSFF Drive Cage Kit,0,$169.00,,NA,,No,02/24/2025,02/28/2028,UNCHANGED,$169.00,$0.00,$0.00,2026-08-12: $169.00 → 2026-08-12: $169.00 → 2026-08-13: $169.00 → 2026-08-14: $169.00 → 2026-08-16: $169.00 → 2026-08-19: $169.00 → 2026-08-22: $169.00 → 2026-08-22: $169.00 → 2026-08-24: $2242025.00 (▲)
Drive Enclosures / Drives,SFF Drive Cages & Enablement,HPE OCA > DL380 Gen12 SFF > Drive Enclosures / Drives > SFF Drive Cages & Enablement,Drive Cage / Drive,max 24,0,24,Supported with EDSFF CTO Server only.,P74738-B21,Standard,HPE ProLiant Compute Gen12 12EDSFF Drive Cage Kit,0,$488.00,,NA,,No,02/24/2025,02/28/2028,UNCHANGED,$488.00,$0.00,$0.00,2026-08-12: $488.00 → 2026-08-12: $488.00 → 2026-08-13: $488.00 → 2026-08-14: $488.00 → 2026-08-16: $488.00 → 2026-08-19: $488.00 → 2026-08-22: $488.00 → 2026-08-22: $488.00 → 2026-08-24: (no price)
PCIe Risers,Tertiary PCIe Risers,HPE OCA > DL380 Gen12 SFF > PCIe Risers > Tertiary PCIe Risers,PCIe Riser,max 3,0,3,Supported with 8LFF and 12LFF CTO Server only.,P74741-B21,Standard,HPE ProLiant Compute DL380 Gen12 4LFF SAS/SATA LP Midplane Drive Cage Kit,0,$262.00,,NA,,No,02/24/2025,06/30/2029,UNCHANGED,$262.00,$0.00,$0.00,2026-08-12: $262.00 → 2026-08-12: $262.00 → 2026-08-13: $262.00 → 2026-08-14: $262.00 → 2026-08-16: $262.00 → 2026-08-19: $262.00 → 2026-08-22: $262.00 → 2026-08-22: $262.00 → 2026-08-24: (no price)
PCIe Risers,Tertiary PCIe Risers,HPE OCA > DL380 Gen12 SFF > PCIe Risers > Tertiary PCIe Risers,PCIe Riser,max 3,0,3,Supported with 8LFF and 12LFF CTO Server only.,P74746-B21,Standard,HPE ProLiant Compute DL380 Gen12 2LFF Rear Primary Drive Cage Kit,0,$182.00,,NA,,No,02/24/2025,06/30/2029,UNCHANGED,$182.00,$0.00,$0.00,2026-08-12: $182.00 → 2026-08-12: $182.00 → 2026-08-13: $182.00 → 2026-08-14: $182.00 → 2026-08-16: $182.00 → 2026-08-19: $182.00 → 2026-08-22: $182.00 → 2026-08-22: $182.00 → 2026-08-24: $2242025.00 (▲)
PCIe Risers,Tertiary PCIe Risers,HPE OCA > DL380 Gen12 SFF > PCIe Risers > Tertiary PCIe Risers,PCIe Riser,max 3,0,3,Supported with 8LFF and 12LFF CTO Server only.,P75411-B21,Standard,HPE ProLiant Compute DL380 Gen12 2LFF Rear/Tertiary Drive Cage Kit,0,$714.00,,NA,,No,02/24/2025,06/30/2029,UNCHANGED,$714.00,$0.00,$0.00,2026-08-12: $714.00 → 2026-08-12: $714.00 → 2026-08-13: $714.00 → 2026-08-14: $714.00 → 2026-08-16: $714.00 → 2026-08-19: $714.00 → 2026-08-22: $714.00 → 2026-08-22: $714.00 → 2026-08-24: $2242025.00 (▲)
PCIe Risers,Tertiary PCIe Risers,HPE OCA > DL380 Gen12 SFF > PCIe Risers > Tertiary PCIe Risers,PCIe Riser,max 3,0,3,Supported with 8LFF and 12LFF CTO Server only.,P76875-B21,Standard,HPE ProLiant Compute DL380 Gen12 2LFF Rear Secondary Drive Cage Kit,0,$182.00,,NA,,No,02/24/2025,06/30/2029,UNCHANGED,$182.00,$0.00,$0.00,2026-08-12: $182.00 → 2026-08-12: $182.00 → 2026-08-13: $182.00 → 2026-08-14: $182.00 → 2026-08-16: $182.00 → 2026-08-19: $182.00 → 2026-08-22: $182.00 → 2026-08-22: $182.00 → 2026-08-24: $2242025.00 (▲)
Drive Enclosures / Drives,SFF Drive Cages & Enablement,HPE OCA > DL380 Gen12 SFF > Drive Enclosures / Drives > SFF Drive Cages & Enablement,Drive Cage / Drive,max 24,0,24,Supported with 8LFF CTO Server only.,P74744-B21,Standard,HPE ProLiant Compute DL3XX Gen12 Front LFF for 2SFF Enablement Side-by-Side U.3 HDD Front Cage Kit,0,$224.00,,NA,,No,02/24/2025,02/28/2028,UNCHANGED,$224.00,$0.00,$0.00,2026-08-12: $224.00 → 2026-08-12: $224.00 → 2026-08-13: $224.00 → 2026-08-14: $224.00 → 2026-08-16: $224.00 → 2026-08-19: $224.00 → 2026-08-22: $224.00 → 2026-08-22: $224.00 → 2026-08-24: (no price)
PCIe Risers,Tertiary PCIe Risers,HPE OCA > DL380 Gen12 SFF > PCIe Risers > Tertiary PCIe Risers,Cable Kit,max 3,0,3,Define connection for 8SFF x4 Cage only needed if cage is selected.,DA8SFFX2,Standard,Direct Attach x2                       Nvme option not available with 8sff smart chassis choice.,0,$0.00,NA,NA,,No,01/01/2000,12/31/3999,UNCHANGED,N/A,$0.00,$0.00,2026-08-16: (no price) → 2026-08-19: (no price) → 2026-08-22: (no price) → 2026-08-22: (no price) → 2026-08-22: (no price) → 2026-08-24: (no price)
PCIe Risers,Tertiary PCIe Risers,HPE OCA > DL380 Gen12 SFF > PCIe Risers > Tertiary PCIe Risers,Cable Kit,max 3,0,3,Define connection for 8SFF x4 Cage only needed if cage is selected.,DA8SFFX4,Standard,Direct Attach x4                       Nvme option not available with 8sff smart chassis choice.,0,$0.00,NA,NA,,No,01/01/2000,12/31/3999,UNCHANGED,N/A,$0.00,$0.00,2026-08-16: (no price) → 2026-08-19: (no price) → 2026-08-22: (no price) → 2026-08-22: (no price) → 2026-08-22: (no price) → 2026-08-24: (no price)
PCIe Risers,Tertiary PCIe Risers,HPE OCA > DL380 Gen12 SFF > PCIe Risers > Tertiary PCIe Risers,Cable Kit,max 3,0,3,Define connection for 8SFF x4 Cage only needed if cage is selected.,P77955-B21,Standard,HPE ProLiant Compute DL380 Gen12 16SFF x2 1P Direct Attach FIO Bundle Kit                       Nvme option not available with 8sff smart chassis choice.,0,$1.00,NA,NA,,No,02/24/2025,02/28/2028,UNCHANGED,$1.00,$0.00,$0.00,2026-08-12: $1.00 → 2026-08-12: $1.00 (✕ REMOVED) → 2026-08-12: $1.00 (↩ REINSTATED) → 2026-08-12: $1.00 → 2026-08-13: $1.00 → 2026-08-14: $1.00 → 2026-08-16: $1.00 → 2026-08-19: $1.00 → 2026-08-22: $1.00 → 2026-08-22: $1.00 → 2026-08-22: $1.00 → 2026-08-24: (no price)
PCIe Risers,Tertiary PCIe Risers,HPE OCA > DL380 Gen12 SFF > PCIe Risers > Tertiary PCIe Risers,Cable Kit,max 3,0,3,Define connection for 8SFF x4 Cage only needed if cage is selected.,P77958-B21,Standard,HPE ProLiant Compute DL380 Gen12 16SFF x2 1P Direct Attach Universal Media Bay FIO Bundle Kit                       Nvme option not available with 8sff smart chassis choice.,0,$1.00,NA,NA,,No,02/24/2025,02/28/2028,UNCHANGED,$1.00,$0.00,$0.00,2026-08-12: $1.00 → 2026-08-12: $1.00 (✕ REMOVED) → 2026-08-12: $1.00 (↩ REINSTATED) → 2026-08-12: $1.00 → 2026-08-13: $1.00 → 2026-08-14: $1.00 → 2026-08-16: $1.00 → 2026-08-19: $1.00 → 2026-08-22: $1.00 → 2026-08-22: $1.00 → 2026-08-22: $1.00 → 2026-08-24: (no price)
PCIe Risers,Tertiary PCIe Risers,HPE OCA > DL380 Gen12 SFF > PCIe Risers > Tertiary PCIe Risers,Cable Kit,max 3,0,3,Define connection for 8SFF x4 Cage only needed if cage is selected.,P77931-B21,Standard,HPE ProLiant Compute DL380 Gen12 16SFF x4 Direct Attach Balanced FIO Bundle Kit                       Nvme option not available with 8sff smart chassis choice.,0,$1.00,NA,NA,,No,02/24/2025,02/28/2028,UNCHANGED,$1.00,$0.00,$0.00,2026-08-12: $1.00 → 2026-08-12: $1.00 (✕ REMOVED) → 2026-08-12: $1.00 (↩ REINSTATED) → 2026-08-12: $1.00 → 2026-08-13: $1.00 → 2026-08-14: $1.00 → 2026-08-16: $1.00 → 2026-08-19: $1.00 → 2026-08-22: $1.00 → 2026-08-22: $1.00 → 2026-08-22: $1.00 → 2026-08-24: (no price)
PCIe Risers,Tertiary PCIe Risers,HPE OCA > DL380 Gen12 SFF > PCIe Risers > Tertiary PCIe Risers,Cable Kit,max 3,0,3,Define connection for 8SFF x4 Cage only needed if cage is selected.,P78064-B21,Standard,HPE ProLiant Compute DL380 Gen12 16SFF x4 Direct Attach Multiple Purpose Cage FIO Bundle Kit                       Nvme option not available with 8sff smart chassis choice.,0,$0.00,NA,NA,,No,05/05/2025,02/28/2028,UNCHANGED,N/A,$0.00,$0.00,2026-08-12: (no price) → 2026-08-12: (no price) (✕ REMOVED) → 2026-08-12: (no price) (↩ REINSTATED) → 2026-08-12: (no price) → 2026-08-13: (no price) → 2026-08-14: (no price) → 2026-08-16: (no price) → 2026-08-19: (no price) → 2026-08-22: (no price) → 2026-08-22: (no price) → 2026-08-22: (no price) → 2026-08-24: (no price)
PCIe Risers,Tertiary PCIe Risers,HPE OCA > DL380 Gen12 SFF > PCIe Risers > Tertiary PCIe Risers,Cable Kit,max 3,0,3,Define connection for 8SFF x4 Cage only needed if cage is selected.,P77934-B21,Standard,HPE ProLiant Compute DL380 Gen12 16SFF x4 Direct Attach Universal Media Bay FIO Bundle Kit                       Nvme option not available with 8sff smart chassis choice.,0,$1.00,NA,NA,,No,02/24/2025,02/28/2028,UNCHANGED,$1.00,$0.00,$0.00,2026-08-12: $1.00 → 2026-08-12: $1.00 (✕ REMOVED) → 2026-08-12: $1.00 (↩ REINSTATED) → 2026-08-12: $1.00 → 2026-08-13: $1.00 → 2026-08-14: $1.00 → 2026-08-16: $1.00 → 2026-08-19: $1.00 → 2026-08-22: $1.00 → 2026-08-22: $1.00 → 2026-08-22: $1.00 → 2026-08-24: (no price)
PCIe Risers,Tertiary PCIe Risers,HPE OCA > DL380 Gen12 SFF > PCIe Risers > Tertiary PCIe Risers,PCIe Riser,max 3,0,3,Define connection for 8SFF x4 Cage only needed if cage is selected.,P77937-B21,Standard,HPE ProLiant Compute DL380 Gen12 24SFF x16/x16/x16 OCP Balanced FIO Bundle Kit                       Nvme option not available with 8sff smart chassis choice.,0,$1.00,NA,NA,,No,02/24/2025,02/28/2028,UNCHANGED,$1.00,$0.00,$0.00,2026-08-12: $1.00 → 2026-08-12: $1.00 (✕ REMOVED) → 2026-08-12: $1.00 (↩ REINSTATED) → 2026-08-12: $1.00 → 2026-08-13: $1.00 → 2026-08-14: $1.00 → 2026-08-16: $1.00 → 2026-08-19: $1.00 → 2026-08-22: $1.00 → 2026-08-22: $1.00 → 2026-08-22: $1.00 → 2026-08-24: (no price)
PCIe Risers,Tertiary PCIe Risers,HPE OCA > DL380 Gen12 SFF > PCIe Risers > Tertiary PCIe Risers,PCIe Riser,max 3,0,3,Define connection for 8SFF x4 Cage only needed if cage is selected.,P77940-B21,Standard,HPE ProLiant Compute DL380 Gen12 24SFF x16/x16/x16 OCP Gen4 Retimer Card FIO Bundle Kit                       Nvme option not available with 8sff smart chassis choice.,0,$1.00,NA,NA,,No,02/24/2025,02/28/2028,UNCHANGED,$1.00,$0.00,$0.00,2026-08-12: $1.00 → 2026-08-12: $1.00 (✕ REMOVED) → 2026-08-12: $1.00 (↩ REINSTATED) → 2026-08-12: $1.00 → 2026-08-13: $1.00 → 2026-08-14: $1.00 → 2026-08-16: $1.00 → 2026-08-19: $1.00 → 2026-08-22: $1.00 → 2026-08-22: $1.00 → 2026-08-22: $1.00 → 2026-08-24: (no price)
PCIe Risers,Tertiary PCIe Risers,HPE OCA > DL380 Gen12 SFF > PCIe Risers > Tertiary PCIe Risers,Cable Kit,max 3,0,3,Define connection for 8SFF x4 Cage only needed if cage is selected.,P77961-B21,Standard,HPE ProLiant Compute DL380 Gen12 24SFF x2 Direct Attach x16/x16/x16 OCP FIO Bundle Kit                       Nvme option not available with 8sff smart chassis choice.,0,$1.00,NA,NA,,No,02/24/2025,02/28/2028,UNCHANGED,$1.00,$0.00,$0.00,2026-08-12: $1.00 → 2026-08-12: $1.00 (✕ REMOVED) → 2026-08-12: $1.00 (↩ REINSTATED) → 2026-08-12: $1.00 → 2026-08-13: $1.00 → 2026-08-14: $1.00 → 2026-08-16: $1.00 → 2026-08-19: $1.00 → 2026-08-22: $1.00 → 2026-08-22: $1.00 → 2026-08-22: $1.00 → 2026-08-24: (no price)
PCIe Risers,Tertiary PCIe Risers,HPE OCA > DL380 Gen12 SFF > PCIe Risers > Tertiary PCIe Risers,Cable Kit,max 3,0,3,Define connection for 8SFF x4 Cage only needed if cage is selected.,P78070-B21,Standard,HPE ProLiant Compute DL380 Gen12 8SFF x4 1P Direct Attach FIO Bundle Kit                       Nvme option not available with 8sff smart chassis choice.,0,$1.00,NA,NA,,No,02/24/2025,02/28/2028,UNCHANGED,$1.00,$0.00,$0.00,2026-08-12: $1.00 → 2026-08-12: $1.00 (✕ REMOVED) → 2026-08-12: $1.00 (↩ REINSTATED) → 2026-08-12: $1.00 → 2026-08-13: $1.00 → 2026-08-14: $1.00 → 2026-08-16: $1.00 → 2026-08-19: $1.00 → 2026-08-22: $1.00 → 2026-08-22: $1.00 → 2026-08-22: $1.00 → 2026-08-24: (no price)
PCIe Risers,Tertiary PCIe Risers,HPE OCA > DL380 Gen12 SFF > PCIe Risers > Tertiary PCIe Risers,Cable Kit,max 3,0,3,Define connection for 8SFF x4 Cage only needed if cage is selected.,P78047-B21,Standard,HPE ProLiant Compute DL380 Gen12 8SFF x4 Direct Attach Balanced FIO Bundle Kit                       Nvme option not available with 8sff smart chassis choice.,0,$1.00,NA,NA,,No,02/24/2025,02/28/2028,UNCHANGED,$1.00,$0.00,$0.00,2026-08-12: $1.00 → 2026-08-12: $1.00 (✕ REMOVED) → 2026-08-12: $1.00 (↩ REINSTATED) → 2026-08-12: $1.00 → 2026-08-13: $1.00 → 2026-08-14: $1.00 → 2026-08-16: $1.00 → 2026-08-19: $1.00 → 2026-08-22: $1.00 → 2026-08-22: $1.00 → 2026-08-22: $1.00 → 2026-08-24: (no price)
PCIe Risers,Tertiary PCIe Risers,HPE OCA > DL380 Gen12 SFF > PCIe Risers > Tertiary PCIe Risers,Cable Kit,max 3,0,3,Define connection for 8SFF x4 Cage only needed if cage is selected.,P78058-B21,Standard,HPE ProLiant Compute DL380 Gen12 8SFF x4 Direct Attach Multiple Purpose Cage FIO Bundle Kit                       Nvme option not available with 8sff smart chassis choice.,0,$0.00,NA,NA,,No,05/05/2025,02/28/2028,UNCHANGED,N/A,$0.00,$0.00,2026-08-12: (no price) → 2026-08-12: (no price) (✕ REMOVED) → 2026-08-12: (no price) (↩ REINSTATED) → 2026-08-12: (no price) → 2026-08-13: (no price) → 2026-08-14: (no price) → 2026-08-16: (no price) → 2026-08-19: (no price) → 2026-08-22: (no price) → 2026-08-22: (no price) → 2026-08-22: (no price) → 2026-08-24: (no price)
PCIe Risers,Tertiary PCIe Risers,HPE OCA > DL380 Gen12 SFF > PCIe Risers > Tertiary PCIe Risers,Cable Kit,max 3,0,3,Define connection for 8SFF x4 Cage only needed if cage is selected.,P78061-B21,Standard,HPE ProLiant Compute DL380 Gen12 8SFF x4 Direct Attach UMB Multiple Purpose Cage FIO Bundle Kit                       Nvme option not available with 8sff smart chassis choice.,0,$0.00,NA,NA,,No,05/05/2025,02/28/2028,UNCHANGED,N/A,$0.00,$0.00,2026-08-12: (no price) → 2026-08-12: (no price) (✕ REMOVED) → 2026-08-12: (no price) (↩ REINSTATED) → 2026-08-12: (no price) → 2026-08-13: (no price) → 2026-08-14: (no price) → 2026-08-16: (no price) → 2026-08-19: (no price) → 2026-08-22: (no price) → 2026-08-22: (no price) → 2026-08-22: (no price) → 2026-08-24: (no price)
PCIe Risers,Tertiary PCIe Risers,HPE OCA > DL380 Gen12 SFF > PCIe Risers > Tertiary PCIe Risers,PCIe Riser,max 3,0,3,Define connection for 8SFF x4 Cage only needed if cage is selected.,P77943-B21,Standard,HPE ProLiant Compute DL380 Gen12 Tertiary Riser 24SFF x16/x16/x16 OCP Balanced FIO Bundle Kit                       Nvme option not available with 8sff smart chassis choice.,0,$1.00,NA,NA,,No,02/24/2025,02/28/2028,UNCHANGED,$1.00,$0.00,$0.00,2026-08-12: $1.00 → 2026-08-12: $1.00 (✕ REMOVED) → 2026-08-12: $1.00 (↩ REINSTATED) → 2026-08-12: $1.00 → 2026-08-13: $1.00 → 2026-08-14: $1.00 → 2026-08-16: $1.00 → 2026-08-19: $1.00 → 2026-08-22: $1.00 → 2026-08-22: $1.00 → 2026-08-22: $1.00 → 2026-08-24: (no price)
Drive Enclosures / Drives,Drive Blank & FIO Enablement Kits,HPE OCA > DL380 Gen12 SFF > Drive Enclosures / Drives > Drive Blank & FIO Enablement Kits,Drive Cage / Drive,max 24,0,24,Selection constraint for Drive Blank & FIO Enablement Kits: max 24,873763-B21,Standard,HPE ProLiant Compute DL380 No Drive Configuration FIO Kit,0,$14.00,NA,NA,,No,07/11/2017,06/30/2029,UNCHANGED,$14.00,$0.00,$0.00,2026-08-12: $14.00 → 2026-08-12: $14.00 → 2026-08-13: $14.00 → 2026-08-14: $14.00 → 2026-08-16: $14.00 → 2026-08-19: $14.00 → 2026-08-22: $14.00 → 2026-08-22: $14.00 → 2026-08-24: (no price)
PCIe Risers,Primary PCIe Risers,HPE OCA > DL380 Gen12 SFF > PCIe Risers > Primary PCIe Risers,PCIe Riser,max 3,0,3,Selection constraint for Primary PCIe Risers: max 3,P48802-B21,Standard,HPE ProLiant DL380 Gen11 2U x8/x16/x8 Secondary Riser Kit,0,$265.00,,NA,,No,01/10/2023,05/31/2028,UNCHANGED,$265.00,$0.00,$0.00,2026-08-12: $265.00 → 2026-08-12: $265.00 → 2026-08-13: $265.00 → 2026-08-14: $265.00 → 2026-08-16: $265.00 → 2026-08-19: $265.00 → 2026-08-22: $265.00 → 2026-08-22: $265.00 → 2026-08-24: $1102023.00 (▲)
PCIe Risers,Primary PCIe Risers,HPE OCA > DL380 Gen12 SFF > PCIe Risers > Primary PCIe Risers,PCIe Riser,max 3,0,3,Selection constraint for Primary PCIe Risers: max 3,P48803-B21,Standard,HPE ProLiant DL380 2U x16/x16/x16 Primary Riser Kit,0,$262.00,,NA,,No,01/10/2023,05/31/2028,UNCHANGED,$262.00,$0.00,$0.00,2026-08-12: $262.00 → 2026-08-12: $262.00 → 2026-08-13: $262.00 → 2026-08-14: $262.00 → 2026-08-16: $262.00 → 2026-08-19: $262.00 → 2026-08-22: $262.00 → 2026-08-22: $262.00 → 2026-08-22: $262.00 → 2026-08-24: $1102023.00 (▲)
PCIe Risers,Primary PCIe Risers,HPE OCA > DL380 Gen12 SFF > PCIe Risers > Primary PCIe Risers,PCIe Riser,max 3,0,3,Selection constraint for Primary PCIe Risers: max 3,P51083-B21,Standard,HPE ProLiant DL380 2U x16/x16/x16 Secondary Riser Kit,0,$343.00,,NA,,No,01/10/2023,05/31/2028,UNCHANGED,$343.00,$0.00,$0.00,2026-08-12: $343.00 → 2026-08-12: $343.00 → 2026-08-13: $343.00 → 2026-08-14: $343.00 → 2026-08-16: $343.00 → 2026-08-19: $343.00 → 2026-08-22: $343.00 → 2026-08-22: $343.00 → 2026-08-22: $343.00 → 2026-08-24: $1102023.00 (▲)
PCIe Risers,Primary PCIe Risers,HPE OCA > DL380 Gen12 SFF > PCIe Risers > Primary PCIe Risers,PCIe Riser,max 3,0,3,Selection constraint for Primary PCIe Risers: max 3,P76451-B21,Standard,HPE ProLiant Compute DL380 Gen12 2U 2x16 Tertiary Riser Kit,0,$619.00,,NA,,No,02/24/2025,06/30/2029,UNCHANGED,$619.00,$0.00,$0.00,2026-08-12: $619.00 → 2026-08-12: $619.00 → 2026-08-13: $619.00 → 2026-08-14: $619.00 → 2026-08-16: $619.00 → 2026-08-19: $619.00 → 2026-08-22: $619.00 → 2026-08-22: $619.00 → 2026-08-24: $2242025.00 (▲)
PCIe Risers,Tertiary PCIe Risers,HPE OCA > DL380 Gen12 SFF > PCIe Risers > Tertiary PCIe Risers,PCIe Riser,max 3,0,3,Tertiary x8x16 Riser and OCPA x16/ CPU1 OCPB x8 cannot be selected together.,P74737-B21,Standard,HPE ProLiant Compute DL380 Gen12 2U x8/x16 Tertiary Riser Kit,0,$506.00,,NA,,No,02/24/2025,06/30/2029,UNCHANGED,$506.00,$0.00,$0.00,2026-08-12: $506.00 → 2026-08-12: $506.00 → 2026-08-13: $506.00 → 2026-08-14: $506.00 → 2026-08-16: $506.00 → 2026-08-19: $506.00 → 2026-08-22: $506.00 → 2026-08-22: $506.00 → 2026-08-24: (no price)
PCIe Risers,Primary PCIe Risers,HPE OCA > DL380 Gen12 SFF > PCIe Risers > Primary PCIe Risers,PCIe Riser,max 3,0,3,Supported with EDSFF CTO Server only.,P80997-B21,Standard,HPE ProLiant Compute DL380 Gen12 Secondary Riser Paddle Card FIO Kit,0,$625.00,,NA,,No,08/04/2025,06/30/2029,UNCHANGED,$625.00,$0.00,$0.00,2026-08-12: $625.00 → 2026-08-12: $625.00 → 2026-08-13: $625.00 → 2026-08-14: $625.00 → 2026-08-16: $625.00 → 2026-08-19: $625.00 → 2026-08-22: $625.00 → 2026-08-22: $625.00 → 2026-08-24: (no price)
PCIe Risers,Primary PCIe Risers,HPE OCA > DL380 Gen12 SFF > PCIe Risers > Primary PCIe Risers,PCIe Riser,max 3,0,3,Supported with EDSFF CTO Server only.,P83356-B21,Standard,HPE ProLiant Compute DL380 Gen12 Primary Riser Paddle Card FIO Kit,0,$590.00,,NA,,No,08/04/2025,06/30/2029,UNCHANGED,$590.00,$0.00,$0.00,2026-08-12: $590.00 → 2026-08-12: $590.00 → 2026-08-13: $590.00 → 2026-08-14: $590.00 → 2026-08-16: $590.00 → 2026-08-19: $590.00 → 2026-08-22: $590.00 → 2026-08-22: $590.00 → 2026-08-24: $8042025.00 (▲)
PCIe Risers,Primary PCIe Risers,HPE OCA > DL380 Gen12 SFF > PCIe Risers > Primary PCIe Risers,Cable Kit,max 3,0,3,Selection constraint for Primary PCIe Risers: max 3,P76471-B21,Standard,HPE ProLiant Compute DL380 Gen12 x8 Riser Enablement Cable Kit,0,$89.00,,NA,,No,02/24/2025,06/30/2029,UNCHANGED,$89.00,$0.00,$0.00,2026-08-12: $89.00 → 2026-08-12: $89.00 → 2026-08-13: $89.00 → 2026-08-14: $89.00 → 2026-08-16: $89.00 → 2026-08-19: $89.00 → 2026-08-22: $89.00 → 2026-08-22: $89.00 → 2026-08-24: $2242025.00 (▲)
PCIe Risers,Primary PCIe Risers,HPE OCA > DL380 Gen12 SFF > PCIe Risers > Primary PCIe Risers,PCIe Riser,max 3,0,3,Selection constraint for Primary PCIe Risers: max 3,P78117-B21,Standard,HPE ProLiant Compute DL380 Gen12 Primary Riser x16 FIO Bundle Kit,0,$1.00,,NA,,No,02/24/2025,02/28/2028,UNCHANGED,$1.00,$0.00,$0.00,2026-08-12: $1.00 → 2026-08-12: $1.00 → 2026-08-13: $1.00 → 2026-08-14: $1.00 → 2026-08-16: $1.00 → 2026-08-19: $1.00 → 2026-08-22: $1.00 → 2026-08-22: $1.00 → 2026-08-24: $2242025.00 (▲)
PCIe Risers,Primary PCIe Risers,HPE OCA > DL380 Gen12 SFF > PCIe Risers > Primary PCIe Risers,PCIe Riser,max 3,0,3,Selection constraint for Primary PCIe Risers: max 3,P78120-B21,Standard,HPE ProLiant Compute DL380 Gen12 Secondary Riser x16 FIO Bundle Kit,0,$1.00,,NA,,No,02/24/2025,02/28/2028,UNCHANGED,$1.00,$0.00,$0.00,2026-08-12: $1.00 → 2026-08-12: $1.00 → 2026-08-13: $1.00 → 2026-08-14: $1.00 → 2026-08-16: $1.00 → 2026-08-19: $1.00 → 2026-08-22: $1.00 → 2026-08-22: $1.00 → 2026-08-24: $2242025.00 (▲)
Storage Controllers,Tri-Mode MegaRAID Storage Controllers,HPE OCA > DL380 Gen12 SFF > Storage Controllers > Tri-Mode MegaRAID Storage Controllers,Storage Controller,max 4,0,4,Selection constraint for Tri-Mode MegaRAID Storage Controllers: max 4,P74775-B21,Standard,HPE MR408i-p Gen11 x8 Lanes 4GB Cache PCI SPDM Plug-in Storage Controller,0,"$4,699.00",,NA,,No,04/07/2025,04/30/2029,UNCHANGED,"$4,699.00",$0.00,$0.00,2026-08-12: $4699.00 → 2026-08-12: $4699.00 → 2026-08-13: $4699.00 → 2026-08-14: $4699.00 → 2026-08-16: $4699.00 → 2026-08-19: $4699.00 → 2026-08-22: $4699.00 → 2026-08-22: $4699.00 → 2026-08-24: (no price)
Storage Controllers,Tri-Mode MegaRAID Storage Controllers,HPE OCA > DL380 Gen12 SFF > Storage Controllers > Tri-Mode MegaRAID Storage Controllers,Storage Controller,max 4,0,4,Selection constraint for Tri-Mode MegaRAID Storage Controllers: max 4,P47777-B21,Standard,HPE MR416i-p Gen11 x16 Lanes 8GB Cache PCI SPDM Plug-in Storage Controller,0,"$5,999.00",,NA,,No,11/10/2022,04/30/2029,UNCHANGED,"$5,999.00",$0.00,$0.00,2026-08-12: $5999.00 → 2026-08-12: $5999.00 → 2026-08-13: $5999.00 → 2026-08-14: $5999.00 → 2026-08-16: $5999.00 → 2026-08-19: $5999.00 → 2026-08-22: $5999.00 → 2026-08-22: $5999.00 → 2026-08-24: (no price)
Storage Controllers,Tri-Mode MegaRAID Storage Controllers,HPE OCA > DL380 Gen12 SFF > Storage Controllers > Tri-Mode MegaRAID Storage Controllers,Storage Controller,max 4,0,4,Selection constraint for Tri-Mode MegaRAID Storage Controllers: max 4,P47789-B21,Standard,HPE MR216i-o Gen11 x16 Lanes without Cache OCP SPDM Storage Controller,0,"$3,449.00",,NA,,No,11/10/2022,04/30/2029,UNCHANGED,"$3,449.00",$0.00,$0.00,2026-08-12: $3449.00 → 2026-08-12: $3449.00 → 2026-08-13: $3449.00 → 2026-08-14: $3449.00 → 2026-08-16: $3449.00 → 2026-08-19: $3449.00 → 2026-08-22: $3449.00 → 2026-08-22: $3449.00 → 2026-08-24: (no price)
Storage Controllers,Tri-Mode MegaRAID Storage Controllers,HPE OCA > DL380 Gen12 SFF > Storage Controllers > Tri-Mode MegaRAID Storage Controllers,Storage Controller,max 4,0,4,Selection constraint for Tri-Mode MegaRAID Storage Controllers: max 4,P75697-B21,Standard,HPE MR932i-p x32 Lanes PCIe Gen5 SPDM Plug-in Storage Controller,0,"$11,399.00",,NA,,No,02/02/2026,06/30/2029,UNCHANGED,"$11,399.00",$0.00,$0.00,2026-08-12: $11399.00 → 2026-08-12: $11399.00 → 2026-08-13: $11399.00 → 2026-08-14: $11399.00 → 2026-08-16: $11399.00 → 2026-08-19: $11399.00 → 2026-08-22: $11399.00 → 2026-08-22: $11399.00 → 2026-08-24: (no price)
Storage Controllers,Tri-Mode MegaRAID Storage Controllers,HPE OCA > DL380 Gen12 SFF > Storage Controllers > Tri-Mode MegaRAID Storage Controllers,Storage Controller,max 4,0,4,Selection constraint for Tri-Mode MegaRAID Storage Controllers: max 4,P25527-B21,Standard,HPE DL385 Gen10 Plus 12Gb NVMe 2-port Adapter,0,$633.00,,NA,,No,06/08/2020,05/31/2028,UNCHANGED,$633.00,$0.00,$0.00,2026-08-12: $633.00 → 2026-08-12: $633.00 → 2026-08-13: $633.00 → 2026-08-14: $633.00 → 2026-08-16: $633.00 → 2026-08-19: $633.00 → 2026-08-22: $633.00 → 2026-08-22: $633.00 → 2026-08-24: (no price)
Storage Controllers,Tri-Mode MegaRAID Storage Controllers,HPE OCA > DL380 Gen12 SFF > Storage Controllers > Tri-Mode MegaRAID Storage Controllers,Storage Controller,max 4,0,4,Selection constraint for Tri-Mode MegaRAID Storage Controllers: max 4,P47781-B21,Standard,HPE MR416i-o Gen11 x16 Lanes 8GB Cache OCP SPDM Storage Controller,0,"$5,699.00",,NA,,No,11/10/2022,04/30/2029,UNCHANGED,"$5,699.00",$0.00,$0.00,2026-08-12: $5699.00 → 2026-08-12: $5699.00 → 2026-08-13: $5699.00 → 2026-08-14: $5699.00 → 2026-08-16: $5699.00 → 2026-08-19: $5699.00 → 2026-08-22: $5699.00 → 2026-08-22: $5699.00 → 2026-08-24: (no price)
Storage Controllers,Tri-Mode MegaRAID Storage Controllers,HPE OCA > DL380 Gen12 SFF > Storage Controllers > Tri-Mode MegaRAID Storage Controllers,Storage Controller,max 4,0,4,Selection constraint for Tri-Mode MegaRAID Storage Controllers: max 4,P47785-B21,Standard,HPE MR216i-p Gen11 x16 Lanes without Cache PCI SPDM Plug-in Storage Controller,0,"$3,499.00",,NA,,No,11/10/2022,04/30/2029,UNCHANGED,"$3,499.00",$0.00,$0.00,2026-08-12: $3499.00 → 2026-08-12: $3499.00 → 2026-08-13: $3499.00 → 2026-08-14: $3499.00 → 2026-08-16: $3499.00 → 2026-08-19: $3499.00 → 2026-08-22: $3499.00 → 2026-08-22: $3499.00 → 2026-08-24: (no price)
Storage Controllers,Tri-Mode MegaRAID Storage Controllers,HPE OCA > DL380 Gen12 SFF > Storage Controllers > Tri-Mode MegaRAID Storage Controllers,Storage Controller,max 4,0,4,Selection constraint for Tri-Mode MegaRAID Storage Controllers: max 4,P58335-B21,Standard,HPE MR408i-o Gen11 x8 Lanes 4GB Cache OCP SPDM Storage Controller,0,"$4,599.00",,NA,,No,11/10/2022,04/30/2029,UNCHANGED,"$4,599.00",$0.00,$0.00,2026-08-12: $4599.00 → 2026-08-12: $4599.00 → 2026-08-13: $4599.00 → 2026-08-14: $4599.00 → 2026-08-16: $4599.00 → 2026-08-19: $4599.00 → 2026-08-22: $4599.00 → 2026-08-22: $4599.00 → 2026-08-24: (no price)
Storage Controllers,Smart Array SAS Controllers,HPE OCA > DL380 Gen12 SFF > Storage Controllers > Smart Array SAS Controllers,Storage Controller,max 4,0,4,These products are hidden due to Supply constraints,804398-B21,Standard,HPE Smart Array E208e-p SR Gen10 (8 External Lanes/No Cache) 12G SAS PCIe Plug-in Controller,0,"$1,775.00",,NA,,No,07/11/2017,04/30/2029,UNCHANGED,"$1,775.00",$0.00,$0.00,2026-08-12: $1775.00 → 2026-08-12: $1775.00 → 2026-08-13: $1775.00 → 2026-08-14: $1775.00 → 2026-08-16: $1775.00 → 2026-08-19: $1775.00 → 2026-08-22: $1775.00 → 2026-08-22: $1775.00 → 2026-08-24: (no price)
Accessories & Infrastructure,System Options,HPE OCA > DL380 Gen12 SFF > Accessories & Infrastructure > System Options,Chassis Infrastructure,Optional,0,Optional,Selection constraint for System Options: optional,P79567-B21,Standard,HPE ProLiant Compute 18C Maximum Recommended Ambient Temperature Configuration Tracking,0,$1.00,$0.00,$1.00,,No,02/24/2025,04/30/2028,UNCHANGED,$1.00,$0.00,$0.00,"$2,026.00"
Accessories & Infrastructure,System Options,HPE OCA > DL380 Gen12 SFF > Accessories & Infrastructure > System Options,Chassis Infrastructure,Optional,0,Optional,Selection constraint for System Options: optional,P79564-B21,Standard,HPE ProLiant Compute 20C Maximum Recommended Ambient Temperature Configuration Tracking,0,$1.00,$0.00,$1.00,,No,02/24/2025,04/30/2028,UNCHANGED,$1.00,$0.00,$0.00,"$2,026.00"
Accessories & Infrastructure,System Options,HPE OCA > DL380 Gen12 SFF > Accessories & Infrastructure > System Options,Chassis Infrastructure,Optional,0,Optional,Selection constraint for System Options: optional,P79561-B21,Standard,HPE ProLiant Compute 23C Maximum Recommended Ambient Temperature Configuration Tracking,0,$1.00,$0.00,$1.00,,No,02/24/2025,04/30/2028,UNCHANGED,$1.00,$0.00,$0.00,"$2,026.00"
Accessories & Infrastructure,System Options,HPE OCA > DL380 Gen12 SFF > Accessories & Infrastructure > System Options,Chassis Infrastructure,Optional,0,Optional,Selection constraint for System Options: optional,P79558-B21,Standard,HPE ProLiant Compute 25C Maximum Recommended Ambient Temperature Configuration Tracking,0,$1.00,$0.00,$1.00,,No,02/24/2025,04/30/2028,UNCHANGED,$1.00,$0.00,$0.00,"$2,026.00"
Accessories & Infrastructure,System Options,HPE OCA > DL380 Gen12 SFF > Accessories & Infrastructure > System Options,Chassis Infrastructure,Optional,0,Optional,Selection constraint for System Options: optional,P79555-B21,Standard,HPE ProLiant Compute 27C Maximum Recommended Ambient Temperature Configuration Tracking,0,$1.00,$0.00,$1.00,,No,02/24/2025,04/30/2028,UNCHANGED,$1.00,$0.00,$0.00,"$2,026.00"
Accessories & Infrastructure,System Options,HPE OCA > DL380 Gen12 SFF > Accessories & Infrastructure > System Options,Chassis Infrastructure,Optional,0,Optional,Selection constraint for System Options: optional,P79552-B21,Standard,HPE ProLiant Compute 30C Maximum Recommended Ambient Temperature Configuration Tracking,1,$1.00,Selected,$1.00,,No,02/24/2025,04/30/2028,UNCHANGED,$1.00,$0.00,$0.00,"$2,026.00"
Accessories & Infrastructure,Smart Storage Batteries,HPE OCA > DL380 Gen12 SFF > Accessories & Infrastructure > Smart Storage Batteries,Cable Kit,Optional,0,Optional,Selection constraint for Smart Storage Batteries: optional,P01366-B21,Standard,HPE 96W Smart Storage Lithium-ion Battery with 145mm Cable Kit,0,$110.00,,NA,,No,12/18/2017,04/30/2029,UNCHANGED,$110.00,$0.00,$0.00,2026-08-12: $110.00 → 2026-08-12: $110.00 → 2026-08-13: $110.00 → 2026-08-14: $110.00 → 2026-08-16: $110.00 → 2026-08-19: $110.00 → 2026-08-22: $110.00 → 2026-08-22: $110.00 → 2026-08-24: (no price)
Accessories & Infrastructure,Smart Storage Batteries,HPE OCA > DL380 Gen12 SFF > Accessories & Infrastructure > Smart Storage Batteries,Cable Kit,Optional,0,Optional,Selection constraint for Smart Storage Batteries: optional,P02377-B21,Standard,HPE Smart Storage Hybrid Capacitor with 145mm Cable Kit,0,$397.00,,NA,,No,04/02/2019,11/30/2026,UNCHANGED,$397.00,$0.00,$0.00,2026-08-12: $397.00 → 2026-08-12: $397.00 → 2026-08-13: $397.00 → 2026-08-14: $397.00 → 2026-08-16: $397.00 → 2026-08-19: $397.00 → 2026-08-22: $397.00 → 2026-08-22: $397.00 → 2026-08-24: (no price)
Accessories & Infrastructure,Smart Storage Batteries,HPE OCA > DL380 Gen12 SFF > Accessories & Infrastructure > Smart Storage Batteries,Cable Kit,Optional,0,Optional,Selection constraint for Smart Storage Batteries: optional,P48918-B21,Standard,HPE ProLiant Storage Controller Enablement Cable Kit,0,$38.00,,NA,,No,01/10/2023,06/30/2029,UNCHANGED,$38.00,$0.00,$0.00,2026-08-12: $38.00 → 2026-08-12: $38.00 → 2026-08-13: $38.00 → 2026-08-14: $38.00 → 2026-08-16: $38.00 → 2026-08-19: $38.00 → 2026-08-22: $38.00 → 2026-08-22: $38.00 → 2026-08-24: (no price)
Accessories & Infrastructure,Smart Storage Batteries,HPE OCA > DL380 Gen12 SFF > Accessories & Infrastructure > Smart Storage Batteries,Cable Kit,Optional,0,Optional,Selection constraint for Smart Storage Batteries: optional,P65038-B21,Standard,HPE 16W Smart Hybrid Capacitor with 145mm Cable,0,$397.00,,NA,,No,12/01/2025,06/30/2029,UNCHANGED,$397.00,$0.00,$0.00,2026-08-12: $397.00 → 2026-08-12: $397.00 → 2026-08-13: $397.00 → 2026-08-14: $397.00 → 2026-08-16: $397.00 → 2026-08-19: $397.00 → 2026-08-22: $397.00 → 2026-08-22: $397.00 → 2026-08-24: (no price)
Storage Controllers,Storage Controller Cable Kits,HPE OCA > DL380 Gen12 SFF > Storage Controllers > Storage Controller Cable Kits,Cable Kit,max 4,0,4,Selection constraint for Storage Controller Cable Kits: max 4,P76453-B21,Standard,HPE ProLiant Compute DL380 Gen12 8SFF/2SFF UMB PCIe Cable Kit,0,$96.00,,NA,,No,02/24/2025,06/30/2029,UNCHANGED,$96.00,$0.00,$0.00,2026-08-12: $96.00 → 2026-08-12: $96.00 → 2026-08-13: $96.00 → 2026-08-14: $96.00 → 2026-08-16: $96.00 → 2026-08-19: $96.00 → 2026-08-22: $96.00 → 2026-08-22: $96.00 → 2026-08-24: (no price)
Storage Controllers,Storage Controller Cable Kits,HPE OCA > DL380 Gen12 SFF > Storage Controllers > Storage Controller Cable Kits,Cable Kit,max 4,0,4,Selection constraint for Storage Controller Cable Kits: max 4,P76454-B21,Standard,HPE ProLiant Compute DL380 Gen12 OROC 8SFF x2 Controller Cable Kit,0,$212.00,,NA,,No,02/24/2025,06/30/2029,UNCHANGED,$212.00,$0.00,$0.00,2026-08-12: $212.00 → 2026-08-12: $212.00 → 2026-08-13: $212.00 → 2026-08-14: $212.00 → 2026-08-16: $212.00 → 2026-08-19: $212.00 → 2026-08-22: $212.00 → 2026-08-22: $212.00 → 2026-08-24: (no price)
Storage Controllers,Storage Controller Cable Kits,HPE OCA > DL380 Gen12 SFF > Storage Controllers > Storage Controller Cable Kits,Cable Kit,max 4,0,4,Selection constraint for Storage Controller Cable Kits: max 4,P76456-B21,Standard,HPE ProLiant Compute DL380 Gen12 8SFF x2 PCIe Box 2 Controller Cable Kit,0,$215.00,,NA,,No,02/24/2025,06/30/2029,UNCHANGED,$215.00,$0.00,$0.00,2026-08-12: $215.00 → 2026-08-12: $215.00 → 2026-08-13: $215.00 → 2026-08-14: $215.00 → 2026-08-16: $215.00 → 2026-08-19: $215.00 → 2026-08-22: $215.00 → 2026-08-22: $215.00 → 2026-08-24: (no price)
Storage Controllers,Storage Controller Cable Kits,HPE OCA > DL380 Gen12 SFF > Storage Controllers > Storage Controller Cable Kits,Processor,max 4,0,4,Selection constraint for Storage Controller Cable Kits: max 4,P76461-B21,Standard,HPE ProLiant Compute DL380 Gen12 8SFF x4 Direct Attach Box 1 for 2 Processors Cable Kit,0,$243.00,,NA,,No,02/24/2025,06/30/2029,UNCHANGED,$243.00,$0.00,$0.00,2026-08-12: $243.00 → 2026-08-12: $243.00 → 2026-08-13: $243.00 → 2026-08-14: $243.00 → 2026-08-16: $243.00 → 2026-08-19: $243.00 → 2026-08-22: $243.00 → 2026-08-22: $243.00 → 2026-08-24: (no price)
Storage Controllers,Storage Controller Cable Kits,HPE OCA > DL380 Gen12 SFF > Storage Controllers > Storage Controller Cable Kits,Cable Kit,max 4,0,4,Selection constraint for Storage Controller Cable Kits: max 4,P76462-B21,Standard,HPE ProLiant Compute DL380 Gen12 8SFF x4 Direct Attach Box 2 Cable Kit,0,$238.00,,NA,,No,02/24/2025,06/30/2029,UNCHANGED,$238.00,$0.00,$0.00,2026-08-12: $238.00 → 2026-08-12: $238.00 → 2026-08-13: $238.00 → 2026-08-14: $238.00 → 2026-08-16: $238.00 → 2026-08-19: $238.00 → 2026-08-22: $238.00 → 2026-08-22: $238.00 → 2026-08-24: (no price)
Storage Controllers,Storage Controller Cable Kits,HPE OCA > DL380 Gen12 SFF > Storage Controllers > Storage Controller Cable Kits,Cable Kit,max 4,0,4,Selection constraint for Storage Controller Cable Kits: max 4,P76463-B21,Standard,HPE ProLiant Compute DL380 Gen12 16SFF x4 2x Gen4 Retimer Card Box 1/3 Cable Kit,0,$603.00,,NA,,No,02/24/2025,06/30/2029,UNCHANGED,$603.00,$0.00,$0.00,2026-08-12: $603.00 → 2026-08-12: $603.00 → 2026-08-13: $603.00 → 2026-08-14: $603.00 → 2026-08-16: $603.00 → 2026-08-19: $603.00 → 2026-08-22: $603.00 → 2026-08-22: $603.00 → 2026-08-24: (no price)
Storage Controllers,Storage Controller Cable Kits,HPE OCA > DL380 Gen12 SFF > Storage Controllers > Storage Controller Cable Kits,Cable Kit,max 4,0,4,Selection constraint for Storage Controller Cable Kits: max 4,P76464-B21,Standard,HPE ProLiant Compute DL380 Gen12 36EDSFF x2 Direct Attach Cable Kit,0,$925.00,,NA,,No,02/24/2025,06/30/2029,UNCHANGED,$925.00,$0.00,$0.00,2026-08-12: $925.00 → 2026-08-12: $925.00 → 2026-08-13: $925.00 → 2026-08-14: $925.00 → 2026-08-16: $925.00 → 2026-08-19: $925.00 → 2026-08-22: $925.00 → 2026-08-22: $925.00 → 2026-08-24: (no price)
Storage Controllers,Storage Controller Cable Kits,HPE OCA > DL380 Gen12 SFF > Storage Controllers > Storage Controller Cable Kits,Cable Kit,max 4,0,4,Selection constraint for Storage Controller Cable Kits: max 4,P76465-B21,Standard,HPE ProLiant Compute DL380 Gen12 12EDSFF x4 Direct Attach Box 2 Cable Kit,0,$414.00,,NA,,No,02/24/2025,06/30/2029,UNCHANGED,$414.00,$0.00,$0.00,2026-08-12: $414.00 → 2026-08-12: $414.00 → 2026-08-13: $414.00 → 2026-08-14: $414.00 → 2026-08-16: $414.00 → 2026-08-19: $414.00 → 2026-08-22: $414.00 → 2026-08-22: $414.00 → 2026-08-24: (no price)
Storage Controllers,Storage Controller Cable Kits,HPE OCA > DL380 Gen12 SFF > Storage Controllers > Storage Controller Cable Kits,Cable Kit,max 4,0,4,Selection constraint for Storage Controller Cable Kits: max 4,P76467-B21,Standard,HPE ProLiant Compute DL380 Gen12 12EDSFF x2 Direct Attach Box 1/2 Cable Kit,0,$296.00,,NA,,No,02/24/2025,06/30/2029,UNCHANGED,$296.00,$0.00,$0.00,2026-08-12: $296.00 → 2026-08-12: $296.00 → 2026-08-13: $296.00 → 2026-08-14: $296.00 → 2026-08-16: $296.00 → 2026-08-19: $296.00 → 2026-08-22: $296.00 → 2026-08-22: $296.00 → 2026-08-24: (no price)
Storage Controllers,Storage Controller Cable Kits,HPE OCA > DL380 Gen12 SFF > Storage Controllers > Storage Controller Cable Kits,Cable Kit,max 4,0,4,Selection constraint for Storage Controller Cable Kits: max 4,P76468-B21,Standard,HPE ProLiant Compute DL380 Gen12 Front 8SFF x4 Direct Attach Box 1/3 Cable Kit,0,$230.00,,NA,,No,02/24/2025,06/30/2029,UNCHANGED,$230.00,$0.00,$0.00,2026-08-12: $230.00 → 2026-08-12: $230.00 → 2026-08-13: $230.00 → 2026-08-14: $230.00 → 2026-08-16: $230.00 → 2026-08-19: $230.00 → 2026-08-22: $230.00 → 2026-08-22: $230.00 → 2026-08-24: (no price)
Storage Controllers,Storage Controller Cable Kits,HPE OCA > DL380 Gen12 SFF > Storage Controllers > Storage Controller Cable Kits,Cable Kit,max 4,0,4,Selection constraint for Storage Controller Cable Kits: max 4,P76475-B21,Standard,HPE ProLiant Compute DL380 Gen12 2SFF x4 PCIe Box 6 Cable Kit,0,$97.00,,NA,,No,02/24/2025,06/30/2029,UNCHANGED,$97.00,$0.00,$0.00,2026-08-12: $97.00 → 2026-08-12: $97.00 → 2026-08-13: $97.00 → 2026-08-14: $97.00 → 2026-08-16: $97.00 → 2026-08-19: $97.00 → 2026-08-22: $97.00 → 2026-08-22: $97.00 → 2026-08-24: (no price)
Storage Controllers,Storage Controller Cable Kits,HPE OCA > DL380 Gen12 SFF > Storage Controllers > Storage Controller Cable Kits,Cable Kit,max 4,0,4,Selection constraint for Storage Controller Cable Kits: max 4,P77476-B21,Standard,HPE ProLiant Compute DL380 Gen12 4EDSFF Front Cable Kit,0,$173.00,,NA,,No,02/24/2025,06/30/2029,UNCHANGED,$173.00,$0.00,$0.00,2026-08-12: $173.00 → 2026-08-12: $173.00 → 2026-08-13: $173.00 → 2026-08-14: $173.00 → 2026-08-16: $173.00 → 2026-08-19: $173.00 → 2026-08-22: $173.00 → 2026-08-22: $173.00 → 2026-08-24: (no price)
Storage Controllers,Storage Controller Cable Kits,HPE OCA > DL380 Gen12 SFF > Storage Controllers > Storage Controller Cable Kits,Cable Kit,max 4,0,4,Selection constraint for Storage Controller Cable Kits: max 4,P77477-B21,Standard,HPE ProLiant Compute DL380 Gen12 2SFF x4 OROC Box 6 OCP Cable Kit,0,$71.00,,NA,,No,02/24/2025,06/30/2029,UNCHANGED,$71.00,$0.00,$0.00,2026-08-12: $71.00 → 2026-08-12: $71.00 → 2026-08-13: $71.00 → 2026-08-14: $71.00 → 2026-08-16: $71.00 → 2026-08-19: $71.00 → 2026-08-22: $71.00 → 2026-08-22: $71.00 → 2026-08-24: (no price)
Storage Controllers,Storage Controller Cable Kits,HPE OCA > DL380 Gen12 SFF > Storage Controllers > Storage Controller Cable Kits,Cable Kit,max 4,0,4,Selection constraint for Storage Controller Cable Kits: max 4,P77478-B21,Standard,HPE ProLiant Compute DL380 Gen12 2SFF HDD Stacking Drive Direct Attach Cable Kit,0,$73.00,,NA,,No,02/24/2025,06/30/2029,UNCHANGED,$73.00,$0.00,$0.00,2026-08-12: $73.00 → 2026-08-12: $73.00 → 2026-08-13: $73.00 → 2026-08-14: $73.00 → 2026-08-16: $73.00 → 2026-08-19: $73.00 → 2026-08-22: $73.00 → 2026-08-22: $73.00 → 2026-08-24: (no price)
Storage Controllers,Storage Controller Cable Kits,HPE OCA > DL380 Gen12 SFF > Storage Controllers > Storage Controller Cable Kits,Cable Kit,max 4,0,4,Selection constraint for Storage Controller Cable Kits: max 4,P77482-B21,Standard,HPE ProLiant Compute DL380 Gen12 2SFF Rear PCIe Cable Kit,0,$165.00,,NA,,No,02/24/2025,06/30/2029,UNCHANGED,$165.00,$0.00,$0.00,2026-08-12: $165.00 → 2026-08-12: $165.00 → 2026-08-13: $165.00 → 2026-08-14: $165.00 → 2026-08-16: $165.00 → 2026-08-19: $165.00 → 2026-08-22: $165.00 → 2026-08-22: $165.00 → 2026-08-24: (no price)
Storage Controllers,Storage Controller Cable Kits,HPE OCA > DL380 Gen12 SFF > Storage Controllers > Storage Controller Cable Kits,Cable Kit,max 4,0,4,Selection constraint for Storage Controller Cable Kits: max 4,P77483-B21,Standard,HPE ProLiant Compute DL380 Gen12 2SFF Rear OROC Cable Kit,0,$70.00,,NA,,No,02/24/2025,06/30/2029,UNCHANGED,$70.00,$0.00,$0.00,2026-08-12: $70.00 → 2026-08-12: $70.00 → 2026-08-13: $70.00 → 2026-08-14: $70.00 → 2026-08-16: $70.00 → 2026-08-19: $70.00 → 2026-08-22: $70.00 → 2026-08-22: $70.00 → 2026-08-24: (no price)
Storage Controllers,Storage Controller Cable Kits,HPE OCA > DL380 Gen12 SFF > Storage Controllers > Storage Controller Cable Kits,Cable Kit,max 4,0,4,Selection constraint for Storage Controller Cable Kits: max 4,P77486-B21,Standard,HPE ProLiant Compute DL380 Gen12 8SFF x2 Direct Attach Cable Kit,0,$169.00,,NA,,No,02/24/2025,06/30/2029,UNCHANGED,$169.00,$0.00,$0.00,2026-08-12: $169.00 → 2026-08-12: $169.00 → 2026-08-13: $169.00 → 2026-08-14: $169.00 → 2026-08-16: $169.00 → 2026-08-19: $169.00 → 2026-08-22: $169.00 → 2026-08-22: $169.00 → 2026-08-24: (no price)
Storage Controllers,Storage Controller Cable Kits,HPE OCA > DL380 Gen12 SFF > Storage Controllers > Storage Controller Cable Kits,Cable Kit,max 4,0,4,Selection constraint for Storage Controller Cable Kits: max 4,P77488-B21,Standard,HPE ProLiant Compute DL380 Gen12 8SFF x4 PCIe for 2 Controllers Box 1/2 Cable Kit,0,$347.00,,NA,,No,02/24/2025,06/30/2029,UNCHANGED,$347.00,$0.00,$0.00,2026-08-12: $347.00 → 2026-08-12: $347.00 → 2026-08-13: $347.00 → 2026-08-14: $347.00 → 2026-08-16: $347.00 → 2026-08-19: $347.00 → 2026-08-22: $347.00 → 2026-08-22: $347.00 → 2026-08-24: (no price)
Storage Controllers,Storage Controller Cable Kits,HPE OCA > DL380 Gen12 SFF > Storage Controllers > Storage Controller Cable Kits,Cable Kit,max 4,0,4,Selection constraint for Storage Controller Cable Kits: max 4,P77489-B21,Standard,HPE ProLiant Compute DL380 Gen12 8SFF x4 Direct Attach Box 2/3 for 1P Cable Kit,0,$246.00,,NA,,No,02/24/2025,06/30/2029,UNCHANGED,$246.00,$0.00,$0.00,2026-08-12: $246.00 → 2026-08-12: $246.00 → 2026-08-13: $246.00 → 2026-08-14: $246.00 → 2026-08-16: $246.00 → 2026-08-19: $246.00 → 2026-08-22: $246.00 → 2026-08-22: $246.00 → 2026-08-24: (no price)
Storage Controllers,Storage Controller Cable Kits,HPE OCA > DL380 Gen12 SFF > Storage Controllers > Storage Controller Cable Kits,Cable Kit,max 4,0,4,Selection constraint for Storage Controller Cable Kits: max 4,P77490-B21,Standard,HPE ProLiant Compute DL380 Gen12 4EDSFF x4 Direct Attach Box 1 Cable Kit,0,$165.00,,NA,,No,02/24/2025,06/30/2029,UNCHANGED,$165.00,$0.00,$0.00,2026-08-12: $165.00 → 2026-08-12: $165.00 → 2026-08-13: $165.00 → 2026-08-14: $165.00 → 2026-08-16: $165.00 → 2026-08-19: $165.00 → 2026-08-22: $165.00 → 2026-08-22: $165.00 → 2026-08-24: (no price)
Storage Controllers,Storage Controller Cable Kits,HPE OCA > DL380 Gen12 SFF > Storage Controllers > Storage Controller Cable Kits,Cable Kit,max 4,0,4,Selection constraint for Storage Controller Cable Kits: max 4,P77492-B21,Standard,HPE ProLiant Compute DL380 Gen12 16SFF x4 1x Gen4 Retimer Card Box 1/3 Direct Attach Cable Kit,0,$626.00,,NA,,No,02/24/2025,06/30/2029,UNCHANGED,$626.00,$0.00,$0.00,2026-08-12: $626.00 → 2026-08-12: $626.00 → 2026-08-13: $626.00 → 2026-08-14: $626.00 → 2026-08-16: $626.00 → 2026-08-19: $626.00 → 2026-08-22: $626.00 → 2026-08-22: $626.00 → 2026-08-24: (no price)
Storage Controllers,Storage Controller Cable Kits,HPE OCA > DL380 Gen12 SFF > Storage Controllers > Storage Controller Cable Kits,Cable Kit,max 4,0,4,Selection constraint for Storage Controller Cable Kits: max 4,P77493-B21,Standard,HPE ProLiant Compute DL380 Gen12 2SFF x4 Direct Attach Box 6 Cable Kit,0,$67.00,,NA,,No,02/24/2025,06/30/2029,UNCHANGED,$67.00,$0.00,$0.00,2026-08-12: $67.00 → 2026-08-12: $67.00 → 2026-08-13: $67.00 → 2026-08-14: $67.00 → 2026-08-16: $67.00 → 2026-08-19: $67.00 → 2026-08-22: $67.00 → 2026-08-22: $67.00 → 2026-08-24: (no price)
Storage Controllers,Storage Controller Cable Kits,HPE OCA > DL380 Gen12 SFF > Storage Controllers > Storage Controller Cable Kits,Cable Kit,max 4,0,4,Selection constraint for Storage Controller Cable Kits: max 4,P76452-B21,Standard,HPE ProLiant Compute DL380 Gen12 8SFF/2SFF UMB OROC Cable Kit,0,$60.00,,NA,,No,02/24/2025,06/30/2029,UNCHANGED,$60.00,$0.00,$0.00,2026-08-12: $60.00 → 2026-08-12: $60.00 → 2026-08-13: $60.00 → 2026-08-14: $60.00 → 2026-08-16: $60.00 → 2026-08-19: $60.00 → 2026-08-22: $60.00 → 2026-08-22: $60.00 → 2026-08-24: (no price)
Storage Controllers,Storage Controller Cable Kits,HPE OCA > DL380 Gen12 SFF > Storage Controllers > Storage Controller Cable Kits,Cable Kit,max 4,0,4,Selection constraint for Storage Controller Cable Kits: max 4,P77491-B21,Standard,HPE ProLiant Compute DL380 Gen12 4EDSFF x4 Direct Attach Box 3 Cable Kit,0,$167.00,,NA,,No,02/24/2025,06/30/2029,UNCHANGED,$167.00,$0.00,$0.00,2026-08-12: $167.00 → 2026-08-12: $167.00 → 2026-08-13: $167.00 → 2026-08-14: $167.00 → 2026-08-16: $167.00 → 2026-08-19: $167.00 → 2026-08-22: $167.00 → 2026-08-22: $167.00 → 2026-08-24: (no price)
Storage Controllers,Storage Controller Cable Kits,HPE OCA > DL380 Gen12 SFF > Storage Controllers > Storage Controller Cable Kits,Cable Kit,max 4,0,4,Selection constraint for Storage Controller Cable Kits: max 4,P83800-B21,Standard,HPE ProLiant Compute DL380 Gen12 MR932i-p 8SFF x4 Cable Kit,0,$237.00,,NA,,No,02/02/2026,06/30/2029,UNCHANGED,$237.00,$0.00,$0.00,2026-08-12: $237.00 → 2026-08-12: $237.00 → 2026-08-13: $237.00 → 2026-08-14: $237.00 → 2026-08-16: $237.00 → 2026-08-19: $237.00 → 2026-08-22: $237.00 → 2026-08-22: $237.00 → 2026-08-24: (no price)
Storage Controllers,Storage Controller Cable Kits,HPE OCA > DL380 Gen12 SFF > Storage Controllers > Storage Controller Cable Kits,Cable Kit,max 4,0,4,Selection constraint for Storage Controller Cable Kits: max 4,P83801-B21,Standard,HPE ProLiant Compute DL380 Gen12 MR932i-p 8SFF x2 Cable Kit,0,$183.00,,NA,,No,02/02/2026,06/30/2029,UNCHANGED,$183.00,$0.00,$0.00,2026-08-12: $183.00 → 2026-08-12: $183.00 → 2026-08-13: $183.00 → 2026-08-14: $183.00 → 2026-08-16: $183.00 → 2026-08-19: $183.00 → 2026-08-22: $183.00 → 2026-08-22: $183.00 → 2026-08-24: (no price)
Storage Controllers,Storage Controller Cable Kits,HPE OCA > DL380 Gen12 SFF > Storage Controllers > Storage Controller Cable Kits,Cable Kit,max 4,0,4,Selection constraint for Storage Controller Cable Kits: max 4,P84481-B21,Standard,HPE ProLiant Compute DL380 Gen12 MR932i-p 8SFF x1 Cable Kit,0,$68.00,,NA,,No,02/02/2026,06/30/2029,UNCHANGED,$68.00,$0.00,$0.00,2026-08-12: $68.00 → 2026-08-12: $68.00 → 2026-08-13: $68.00 → 2026-08-14: $68.00 → 2026-08-16: $68.00 → 2026-08-19: $68.00 → 2026-08-22: $68.00 → 2026-08-22: $68.00 → 2026-08-24: (no price)
Storage Controllers,Storage Controller Cable Kits,HPE OCA > DL380 Gen12 SFF > Storage Controllers > Storage Controller Cable Kits,Cable Kit,max 4,0,4,Selection constraint for Storage Controller Cable Kits: max 4,P87235-B21,Standard,HPE ProLiant Compute DL380 Gen12 MR932i-p Rear 2SFF Box 4/5 Cable Kit,0,$64.00,,NA,,No,02/02/2026,06/30/2029,UNCHANGED,$64.00,$0.00,$0.00,2026-08-12: $64.00 → 2026-08-12: $64.00 → 2026-08-13: $64.00 → 2026-08-14: $64.00 → 2026-08-16: $64.00 → 2026-08-19: $64.00 → 2026-08-22: $64.00 → 2026-08-22: $64.00 → 2026-08-24: (no price)
Storage Controllers,Storage Controller Cable Kits,HPE OCA > DL380 Gen12 SFF > Storage Controllers > Storage Controller Cable Kits,Cable Kit,max 4,0,4,Selection constraint for Storage Controller Cable Kits: max 4,P87236-B21,Standard,HPE ProLiant Compute DL380 Gen12 MR932i-p Rear 2SFF Box 6 Cable Kit,0,$64.00,,NA,,No,02/02/2026,06/30/2029,UNCHANGED,$64.00,$0.00,$0.00,2026-08-12: $64.00 → 2026-08-12: $64.00 → 2026-08-13: $64.00 → 2026-08-14: $64.00 → 2026-08-16: $64.00 → 2026-08-19: $64.00 → 2026-08-22: $64.00 → 2026-08-22: $64.00 → 2026-08-24: (no price)
Storage Controllers,Storage Controller Cable Kits,HPE OCA > DL380 Gen12 SFF > Storage Controllers > Storage Controller Cable Kits,Cable Kit,max 4,0,4,Supported with 8LFF and 12LFF CTO Server only.,P76473-B21,Standard,HPE ProLiant Compute DL380 Gen12 8LFF PCIe Controller Box 2/3 Cable Kit,0,$56.00,,NA,,No,02/24/2025,06/30/2029,UNCHANGED,$56.00,$0.00,$0.00,2026-08-12: $56.00 → 2026-08-12: $56.00 → 2026-08-13: $56.00 → 2026-08-14: $56.00 → 2026-08-16: $56.00 → 2026-08-19: $56.00 → 2026-08-22: $56.00 → 2026-08-22: $56.00 → 2026-08-24: (no price)
Storage Controllers,Storage Controller Cable Kits,HPE OCA > DL380 Gen12 SFF > Storage Controllers > Storage Controller Cable Kits,Cable Kit,max 4,0,4,Supported with 8LFF and 12LFF CTO Server only.,P76474-B21,Standard,HPE ProLiant Compute DL380 Gen12 8LFF OROC Box 2/3 Cable Kit,0,$60.00,,NA,,No,02/24/2025,06/30/2029,UNCHANGED,$60.00,$0.00,$0.00,2026-08-12: $60.00 → 2026-08-12: $60.00 → 2026-08-13: $60.00 → 2026-08-14: $60.00 → 2026-08-16: $60.00 → 2026-08-19: $60.00 → 2026-08-22: $60.00 → 2026-08-22: $60.00 → 2026-08-24: (no price)
Storage Controllers,Storage Controller Cable Kits,HPE OCA > DL380 Gen12 SFF > Storage Controllers > Storage Controller Cable Kits,Cable Kit,max 4,0,4,Supported with 8LFF and 12LFF CTO Server only.,P77474-B21,Standard,HPE ProLiant Compute DL380 Gen12 8LFF PCIe Box 1/7 Cable Kit,0,$55.00,,NA,,No,02/24/2025,06/30/2029,UNCHANGED,$55.00,$0.00,$0.00,2026-08-12: $55.00 → 2026-08-12: $55.00 → 2026-08-13: $55.00 → 2026-08-14: $55.00 → 2026-08-16: $55.00 → 2026-08-19: $55.00 → 2026-08-22: $55.00 → 2026-08-22: $55.00 → 2026-08-24: (no price)
Storage Controllers,Storage Controller Cable Kits,HPE OCA > DL380 Gen12 SFF > Storage Controllers > Storage Controller Cable Kits,Cable Kit,max 4,0,4,Supported with 8LFF and 12LFF CTO Server only.,P77475-B21,Standard,HPE ProLiant Compute DL380 Gen12 8LFF OROC Box 1/7 Cable Kit,0,$61.00,,NA,,No,02/24/2025,06/30/2029,UNCHANGED,$61.00,$0.00,$0.00,2026-08-12: $61.00 → 2026-08-12: $61.00 → 2026-08-13: $61.00 → 2026-08-14: $61.00 → 2026-08-16: $61.00 → 2026-08-19: $61.00 → 2026-08-22: $61.00 → 2026-08-22: $61.00 → 2026-08-24: (no price)
Storage Controllers,Storage Controller Cable Kits,HPE OCA > DL380 Gen12 SFF > Storage Controllers > Storage Controller Cable Kits,Cable Kit,max 4,0,4,Supported with 8LFF and 12LFF CTO Server only.,P77484-B21,Standard,HPE ProLiant Compute DL380 Gen12 2LFF Rear PCIe Cable Kit,0,$80.00,,NA,,No,02/24/2025,06/30/2029,UNCHANGED,$80.00,$0.00,$0.00,2026-08-12: $80.00 → 2026-08-12: $80.00 → 2026-08-13: $80.00 → 2026-08-14: $80.00 → 2026-08-16: $80.00 → 2026-08-19: $80.00 → 2026-08-22: $80.00 → 2026-08-22: $80.00 → 2026-08-24: (no price)
Storage Controllers,Storage Controller Cable Kits,HPE OCA > DL380 Gen12 SFF > Storage Controllers > Storage Controller Cable Kits,Cable Kit,max 4,0,4,Supported with 8LFF and 12LFF CTO Server only.,P77485-B21,Standard,HPE ProLiant Compute DL380 Gen12 2LFF Rear OROC Cable Kit,0,$97.00,,NA,,No,02/24/2025,06/30/2029,UNCHANGED,$97.00,$0.00,$0.00,2026-08-12: $97.00 → 2026-08-12: $97.00 → 2026-08-13: $97.00 → 2026-08-14: $97.00 → 2026-08-16: $97.00 → 2026-08-19: $97.00 → 2026-08-22: $97.00 → 2026-08-22: $97.00 → 2026-08-24: (no price)
Drive Enclosures / Drives,SFF Drive Cages & Enablement,HPE OCA > DL380 Gen12 SFF > Drive Enclosures / Drives > SFF Drive Cages & Enablement,Cable Kit,max 24,0,24,Supported with 8LFF CTO Server only and requires 2SFF SBS Cage.,P76476-B21,Standard,HPE ProLiant Compute DL380 Gen12 2SFF x4 U.3 Side-by-Side Cable Kit,0,$102.00,,NA,,No,02/24/2025,06/30/2029,UNCHANGED,$102.00,$0.00,$0.00,2026-08-12: $102.00 → 2026-08-12: $102.00 → 2026-08-13: $102.00 → 2026-08-14: $102.00 → 2026-08-16: $102.00 → 2026-08-19: $102.00 → 2026-08-22: $102.00 → 2026-08-22: $102.00 → 2026-08-24: (no price)
Drive Enclosures / Drives,SFF Drive Cages & Enablement,HPE OCA > DL380 Gen12 SFF > Drive Enclosures / Drives > SFF Drive Cages & Enablement,Cable Kit,max 24,0,24,Supported with 8LFF CTO Server only and requires 2SFF SBS Cage.,P77481-B21,Standard,HPE ProLiant Compute DL380 Gen12 2SFF U.3 Side-by-Side Direct Attach Cable Kit,0,$73.00,,NA,,No,02/24/2025,06/30/2029,UNCHANGED,$73.00,$0.00,$0.00,2026-08-12: $73.00 → 2026-08-12: $73.00 → 2026-08-13: $73.00 → 2026-08-14: $73.00 → 2026-08-16: $73.00 → 2026-08-19: $73.00 → 2026-08-22: $73.00 → 2026-08-22: $73.00 → 2026-08-24: (no price)
Drive Enclosures / Drives,SFF Drive Cages & Enablement,HPE OCA > DL380 Gen12 SFF > Drive Enclosures / Drives > SFF Drive Cages & Enablement,Cable Kit,max 24,0,24,Supported with 8LFF CTO Server only and requires 2SFF SBS Cage.,P77480-B21,Standard,HPE ProLiant Compute DL380 Gen12 OROC 2SFF U.3 Side-by-Side Cable Kit,0,$67.00,,NA,,No,02/24/2025,06/30/2029,UNCHANGED,$67.00,$0.00,$0.00,2026-08-12: $67.00 → 2026-08-12: $67.00 → 2026-08-13: $67.00 → 2026-08-14: $67.00 → 2026-08-16: $67.00 → 2026-08-19: $67.00 → 2026-08-22: $67.00 → 2026-08-22: $67.00 → 2026-08-24: (no price)
Accessories & Infrastructure,System Options,HPE OCA > DL380 Gen12 SFF > Accessories & Infrastructure > System Options,Cable Kit,Optional,0,Optional,Supported with 12EDSFF CTO Server only.,P83798-B21,Standard,HPE ProLiant Compute DL380 Gen12 MR932i-p 4EDSFF x4 Signal Cable Kit,0,$198.00,,NA,,No,02/02/2026,06/30/2029,UNCHANGED,$198.00,$0.00,$0.00,2026-08-12: $198.00 → 2026-08-12: $198.00 → 2026-08-13: $198.00 → 2026-08-14: $198.00 → 2026-08-16: $198.00 → 2026-08-19: $198.00 → 2026-08-22: $198.00 → 2026-08-22: $198.00 → 2026-08-24: (no price)
Accessories & Infrastructure,System Options,HPE OCA > DL380 Gen12 SFF > Accessories & Infrastructure > System Options,Cable Kit,Optional,0,Optional,Supported with 12EDSFF CTO Server only.,P83799-B21,Standard,HPE ProLiant Compute DL380 Gen12 MR932i-p 4EDSFF x2 Signal Cable Kit,0,$123.00,,NA,,No,02/02/2026,06/30/2029,UNCHANGED,$123.00,$0.00,$0.00,2026-08-12: $123.00 → 2026-08-12: $123.00 → 2026-08-13: $123.00 → 2026-08-14: $123.00 → 2026-08-16: $123.00 → 2026-08-19: $123.00 → 2026-08-22: $123.00 → 2026-08-22: $123.00 → 2026-08-24: (no price)
Accessories & Infrastructure,System Options,HPE OCA > DL380 Gen12 SFF > Accessories & Infrastructure > System Options,Cable Kit,Optional,0,Optional,Supported with 12EDSFF CTO Server only.,P87968-B21,Standard,HPE ProLiant Compute DL380 Gen12 12EDSFF Power Cable Kit,0,$20.00,,NA,,No,02/02/2026,06/30/2029,UNCHANGED,$20.00,$0.00,$0.00,2026-08-12: $20.00 → 2026-08-12: $20.00 → 2026-08-13: $20.00 → 2026-08-14: $20.00 → 2026-08-16: $20.00 → 2026-08-19: $20.00 → 2026-08-22: $20.00 → 2026-08-22: $20.00 → 2026-08-24: (no price)
Accessories & Infrastructure,System Options,HPE OCA > DL380 Gen12 SFF > Accessories & Infrastructure > System Options,Storage Controller,Optional,0,Optional,Selection constraint for System Options: optional,339777-B21,Standard,HPE RAID 0 Drive 1 FIO Setting,0,$1.00,,NA,,No,08/01/2008,09/30/2043,UNCHANGED,$1.00,$0.00,$0.00,2026-08-12: $1.00 → 2026-08-12: $1.00 → 2026-08-13: $1.00 → 2026-08-14: $1.00 → 2026-08-16: $1.00 → 2026-08-19: $1.00 → 2026-08-22: $1.00 → 2026-08-22: $1.00 → 2026-08-24: $8012008.00 (▲)
Accessories & Infrastructure,System Options,HPE OCA > DL380 Gen12 SFF > Accessories & Infrastructure > System Options,Storage Controller,Optional,0,Optional,Selection constraint for System Options: optional,339778-B21,Standard,HPE RAID 1 Drive 1 FIO Setting,0,$1.00,,NA,,No,08/14/2003,07/31/2044,UNCHANGED,$1.00,$0.00,$0.00,2026-08-12: $1.00 → 2026-08-12: $1.00 → 2026-08-13: $1.00 → 2026-08-14: $1.00 → 2026-08-16: $1.00 → 2026-08-19: $1.00 → 2026-08-22: $1.00 → 2026-08-22: $1.00 → 2026-08-24: $8142003.00 (▲)
Accessories & Infrastructure,System Options,HPE OCA > DL380 Gen12 SFF > Accessories & Infrastructure > System Options,Storage Controller,Optional,0,Optional,Selection constraint for System Options: optional,339779-B21,Standard,HPE RAID 5 Drive 1 FIO Setting,0,$1.00,,NA,,No,09/07/2016,09/30/2043,UNCHANGED,$1.00,$0.00,$0.00,2026-08-12: $1.00 → 2026-08-12: $1.00 → 2026-08-13: $1.00 → 2026-08-14: $1.00 → 2026-08-16: $1.00 → 2026-08-19: $1.00 → 2026-08-22: $1.00 → 2026-08-22: $1.00 → 2026-08-24: $9072016.00 (▲)
Accessories & Infrastructure,System Options,HPE OCA > DL380 Gen12 SFF > Accessories & Infrastructure > System Options,Storage Controller,Optional,0,Optional,Selection constraint for System Options: optional,339780-B21,Standard,HPE Raid 5 w/SP Drive 1 FIO Setting,0,$1.00,,NA,,No,08/01/2008,09/30/2043,UNCHANGED,$1.00,$0.00,$0.00,2026-08-12: $1.00 → 2026-08-12: $1.00 → 2026-08-13: $1.00 → 2026-08-14: $1.00 → 2026-08-16: $1.00 → 2026-08-19: $1.00 → 2026-08-22: $1.00 → 2026-08-22: $1.00 → 2026-08-24: $8012008.00 (▲)
Accessories & Infrastructure,System Options,HPE OCA > DL380 Gen12 SFF > Accessories & Infrastructure > System Options,Storage Controller,Optional,0,Optional,Selection constraint for System Options: optional,339781-B21,Standard,HPE RAID FIO Advanced Data Guarding Option,0,$1.00,,NA,,No,08/01/2008,09/30/2043,UNCHANGED,$1.00,$0.00,$0.00,2026-08-12: $1.00 → 2026-08-12: $1.00 → 2026-08-13: $1.00 → 2026-08-14: $1.00 → 2026-08-16: $1.00 → 2026-08-19: $1.00 → 2026-08-22: $1.00 → 2026-08-22: $1.00 → 2026-08-24: $8012008.00 (▲)
Accessories & Infrastructure,System Options,HPE OCA > DL380 Gen12 SFF > Accessories & Infrastructure > System Options,Storage Controller,Optional,0,Optional,Selection constraint for System Options: optional,389692-B21,Standard,HPE Customer Defined RAID Setting Service,0,$1.00,,NA,,No,02/02/2005,12/31/2043,UNCHANGED,$1.00,$0.00,$0.00,2026-08-12: $1.00 → 2026-08-12: $1.00 → 2026-08-13: $1.00 → 2026-08-14: $1.00 → 2026-08-16: $1.00 → 2026-08-19: $1.00 → 2026-08-22: $1.00 → 2026-08-22: $1.00 → 2026-08-24: $2022005.00 (▲)
Accessories & Infrastructure,System Options,HPE OCA > DL380 Gen12 SFF > Accessories & Infrastructure > System Options,Drive Cage / Drive,Optional,0,Optional,Selection constraint for System Options: optional,726536-B21,Standard,HPE 9.5mm SATA DVD-ROM Optical Drive,0,$124.00,,NA,,No,09/09/2014,12/31/2027,UNCHANGED,$124.00,$0.00,$0.00,2026-08-12: $124.00 → 2026-08-12: $124.00 → 2026-08-13: $124.00 → 2026-08-14: $124.00 → 2026-08-16: $124.00 → 2026-08-19: $124.00 → 2026-08-22: $124.00 → 2026-08-22: $124.00 → 2026-08-24: $9092014.00 (▲)
Accessories & Infrastructure,System Options,HPE OCA > DL380 Gen12 SFF > Accessories & Infrastructure > System Options,Drive Cage / Drive,Optional,0,Optional,Selection constraint for System Options: optional,726537-B21,Standard,HPE 9.5mm SATA DVD-RW Optical Drive,0,$161.00,,NA,,No,09/09/2014,12/31/2027,UNCHANGED,$161.00,$0.00,$0.00,2026-08-12: $161.00 → 2026-08-12: $161.00 → 2026-08-13: $161.00 → 2026-08-14: $161.00 → 2026-08-16: $161.00 → 2026-08-19: $161.00 → 2026-08-22: $161.00 → 2026-08-22: $161.00 → 2026-08-24: $9092014.00 (▲)
Accessories & Infrastructure,System Options,HPE OCA > DL380 Gen12 SFF > Accessories & Infrastructure > System Options,Drive Cage / Drive,Optional,0,Optional,BTO products are not allowed in CTO Base Model.,701498-B21,Standard,HPE Mobile USB DVD-RW Optical Drive,0,$203.00,,NA,,No,08/13/2012,12/31/2027,UNCHANGED,$203.00,$0.00,$0.00,2026-08-12: $203.00 → 2026-08-12: $203.00 → 2026-08-13: $203.00 → 2026-08-14: $203.00 → 2026-08-16: $203.00 → 2026-08-19: $203.00 → 2026-08-22: $203.00 → 2026-08-22: $203.00 → 2026-08-24: (no price)
Accessories & Infrastructure,System Options,HPE OCA > DL380 Gen12 SFF > Accessories & Infrastructure > System Options,Cable Kit,Optional,0,Optional,Selection constraint for System Options: optional,P72199-B21,Standard,HPE ProLiant Compute Gen12 Optical Disk Drive USB to SATA Signal Cable Kit,0,$55.00,,NA,,No,02/24/2025,02/28/2028,UNCHANGED,$55.00,$0.00,$0.00,2026-08-12: $55.00 → 2026-08-12: $55.00 → 2026-08-13: $55.00 → 2026-08-14: $55.00 → 2026-08-16: $55.00 → 2026-08-19: $55.00 → 2026-08-22: $55.00 → 2026-08-22: $55.00 → 2026-08-24: (no price)
Accessories & Infrastructure,System Options,HPE OCA > DL380 Gen12 SFF > Accessories & Infrastructure > System Options,Cable Kit,Optional,0,Optional,Supported with 8LFF CTO Server only.,P74752-B21,Standard,HPE ProLiant Compute Gen12 LFF ODD/Display Port Enablement Kit,0,$105.00,,NA,,No,02/24/2025,02/28/2028,UNCHANGED,$105.00,$0.00,$0.00,2026-08-12: $105.00 → 2026-08-12: $105.00 → 2026-08-13: $105.00 → 2026-08-14: $105.00 → 2026-08-16: $105.00 → 2026-08-19: $105.00 → 2026-08-22: $105.00 → 2026-08-22: $105.00 → 2026-08-24: (no price)
Drive Enclosures / Drives,Drive Blank & FIO Enablement Kits,HPE OCA > DL380 Gen12 SFF > Drive Enclosures / Drives > Drive Blank & FIO Enablement Kits,Chassis Infrastructure,max 24,0,24,BTO products are not allowed in CTO Base Model.,807878-B21,Standard,HPE Gen9 LFF HDD Spade Blank Kit,0,$32.00,,NA,,No,09/24/2015,06/30/2029,UNCHANGED,$32.00,$0.00,$0.00,2026-08-12: $32.00 → 2026-08-12: $32.00 → 2026-08-13: $32.00 → 2026-08-14: $32.00 → 2026-08-16: $32.00 → 2026-08-19: $32.00 → 2026-08-22: $32.00 → 2026-08-22: $32.00 → 2026-08-24: (no price)
Drive Enclosures / Drives,Drive Blank & FIO Enablement Kits,HPE OCA > DL380 Gen12 SFF > Drive Enclosures / Drives > Drive Blank & FIO Enablement Kits,Chassis Infrastructure,max 24,0,24,BTO products are not allowed in CTO Base Model.,666987-B21,Standard,HPE Small Form Factor Hard Drive Blank Kit,0,$18.00,,NA,,No,03/06/2012,06/30/2029,UNCHANGED,$18.00,$0.00,$0.00,2026-08-12: $18.00 → 2026-08-12: $18.00 → 2026-08-13: $18.00 → 2026-08-14: $18.00 → 2026-08-16: $18.00 → 2026-08-19: $18.00 → 2026-08-22: $18.00 → 2026-08-22: $18.00 → 2026-08-24: $3062012.00 (▲)
Accessories & Infrastructure,System Options,HPE OCA > DL380 Gen12 SFF > Accessories & Infrastructure > System Options,Cable Kit,Optional,0,Optional,Selection constraint for System Options: optional,P35876-B21,Standard,HPE CE Mark Removal FIO Enablement Kit,0,$1.00,,NA,,No,10/05/2020,07/31/2028,UNCHANGED,$1.00,$0.00,$0.00,2026-08-12: $1.00 → 2026-08-12: $1.00 → 2026-08-13: $1.00 → 2026-08-14: $1.00 → 2026-08-16: $1.00 → 2026-08-19: $1.00 → 2026-08-22: $1.00 → 2026-08-22: $1.00 → 2026-08-24: $10052020.00 (▲)
Accessories & Infrastructure,System Options,HPE OCA > DL380 Gen12 SFF > Accessories & Infrastructure > System Options,Chassis Infrastructure,Optional,0,Optional,Selection constraint for System Options: optional,P36394-B21,Standard,HPE Trusted Supply Chain for HPE ProLiant,0,"$1,839.00",,NA,,No,09/08/2020,05/31/2028,UNCHANGED,"$1,839.00",$0.00,$0.00,2026-08-12: $1839.00 → 2026-08-12: $1839.00 → 2026-08-13: $1839.00 → 2026-08-14: $1839.00 → 2026-08-16: $1839.00 → 2026-08-19: $1839.00 → 2026-08-22: $1839.00 → 2026-08-22: $1839.00 → 2026-08-24: $9082020.00 (▲)
Accessories & Infrastructure,System Options,HPE OCA > DL380 Gen12 SFF > Accessories & Infrastructure > System Options,Drive Cage / Drive,Optional,0,Optional,Selection constraint for System Options: optional,P79376-B21,Standard,HPE ProLiant Compute DL380 Gen12 1P Multiple Purpose Cage FIO Bundle Kit,0,$1.00,,NA,,No,02/24/2025,02/28/2028,UNCHANGED,$1.00,$0.00,$0.00,2026-08-12: $1.00 → 2026-08-12: $1.00 → 2026-08-13: $1.00 → 2026-08-14: $1.00 → 2026-08-16: $1.00 → 2026-08-19: $1.00 → 2026-08-22: $1.00 → 2026-08-22: $1.00 → 2026-08-24: $2242025.00 (▲)
Accessories & Infrastructure,System Options,HPE OCA > DL380 Gen12 SFF > Accessories & Infrastructure > System Options,Drive Cage / Drive,Optional,0,Optional,Selection constraint for System Options: optional,P79379-B21,Standard,HPE ProLiant Compute DL380 Gen12 2P Multiple Purpose Cage FIO Bundle Kit,0,$1.00,,NA,,No,02/24/2025,02/28/2028,UNCHANGED,$1.00,$0.00,$0.00,2026-08-12: $1.00 → 2026-08-12: $1.00 → 2026-08-13: $1.00 → 2026-08-14: $1.00 → 2026-08-16: $1.00 → 2026-08-19: $1.00 → 2026-08-22: $1.00 → 2026-08-22: $1.00 → 2026-08-24: $2242025.00 (▲)
Storage Controllers,Storage Controller Cable Kits,HPE OCA > DL380 Gen12 SFF > Storage Controllers > Storage Controller Cable Kits,Storage Controller,max 4,0,4,Selection constraint for Storage Controller Cable Kits: max 4,P79308-B21,Standard,HPE ProLiant Compute DL380 Gen12 16SFF Drive Cage Box 1/2 FIO Kit,0,$1.00,,NA,,No,02/24/2025,02/28/2028,UNCHANGED,$1.00,$0.00,$0.00,2026-08-12: $1.00 → 2026-08-12: $1.00 → 2026-08-13: $1.00 → 2026-08-14: $1.00 → 2026-08-16: $1.00 → 2026-08-19: $1.00 → 2026-08-22: $1.00 → 2026-08-22: $1.00 → 2026-08-24: $2242025.00 (▲)
Storage Controllers,Storage Controller Cable Kits,HPE OCA > DL380 Gen12 SFF > Storage Controllers > Storage Controller Cable Kits,Storage Controller,max 4,0,4,Selection constraint for Storage Controller Cable Kits: max 4,P79311-B21,Standard,HPE ProLiant Compute DL380 Gen12 8SFF Drive Cage Box 1 FIO Kit,0,$1.00,,NA,,No,02/24/2025,02/28/2028,UNCHANGED,$1.00,$0.00,$0.00,2026-08-12: $1.00 → 2026-08-12: $1.00 → 2026-08-13: $1.00 → 2026-08-14: $1.00 → 2026-08-16: $1.00 → 2026-08-19: $1.00 → 2026-08-22: $1.00 → 2026-08-22: $1.00 → 2026-08-24: $2242025.00 (▲)
Storage Controllers,Storage Controller Cable Kits,HPE OCA > DL380 Gen12 SFF > Storage Controllers > Storage Controller Cable Kits,Storage Controller,max 4,0,4,Selection constraint for Storage Controller Cable Kits: max 4,P79314-B21,Standard,HPE ProLiant Compute DL380 Gen12 8SFF Drive Cage Box 2 FIO Kit,0,$1.00,,NA,,No,02/24/2025,02/28/2028,UNCHANGED,$1.00,$0.00,$0.00,2026-08-12: $1.00 → 2026-08-12: $1.00 → 2026-08-13: $1.00 → 2026-08-14: $1.00 → 2026-08-16: $1.00 → 2026-08-19: $1.00 → 2026-08-22: $1.00 → 2026-08-22: $1.00 → 2026-08-24: $2242025.00 (▲)
Drive Enclosures / Drives,SFF Drive Cages & Enablement,HPE OCA > DL380 Gen12 SFF > Drive Enclosures / Drives > SFF Drive Cages & Enablement,Drive Cage / Drive,max 24,0,24,Supported with 12EDSFF CTO Server only.,P87692-B21,Standard,HPE ProLiant Compute DL380 Gen12 12EDSFF Drive Cage Box 3 FIO Kit,0,$1.00,,NA,,No,02/02/2026,06/30/2029,UNCHANGED,$1.00,$0.00,$0.00,2026-08-12: $1.00 → 2026-08-12: $1.00 → 2026-08-13: $1.00 → 2026-08-14: $1.00 → 2026-08-16: $1.00 → 2026-08-19: $1.00 → 2026-08-22: $1.00 → 2026-08-22: $1.00 → 2026-08-24: (no price)
Drive Enclosures / Drives,SFF Drive Cages & Enablement,HPE OCA > DL380 Gen12 SFF > Drive Enclosures / Drives > SFF Drive Cages & Enablement,Storage Controller,max 24,0,24,Supported with 12EDSFF CTO Server only.,P92742-B21,Standard,HPE ProLiant Compute DL380 Gen12 x2 EDSFF Controller Attach FIO Kit,0,$1.00,,NA,,No,08/03/2026,06/30/2029,UNCHANGED,$1.00,$0.00,$0.00,2026-08-12: $1.00 → 2026-08-12: $1.00 → 2026-08-13: $1.00 → 2026-08-14: $1.00 → 2026-08-16: $1.00 → 2026-08-19: $1.00 → 2026-08-22: $1.00 → 2026-08-22: $1.00 → 2026-08-24: $8032026.00 (▲)
Software & Licenses,Server Management & Operating System Licenses,HPE OCA > DL380 Gen12 SFF > Software & Licenses > Server Management & Operating System Licenses,Operating System / License,Unlimited,0,Unlimited,Selection constraint for Server Management & Operating System Licenses: no max,P42104-B21,Standard,HPE ProLiant Platform Certificate and IDevID iLO FIO Setting,0,$1.00,,NA,,No,06/21/2021,06/30/2031,UNCHANGED,$1.00,$0.00,$0.00,2026-08-12: $1.00 → 2026-08-12: $1.00 → 2026-08-13: $1.00 → 2026-08-14: $1.00 → 2026-08-16: $1.00 → 2026-08-19: $1.00 → 2026-08-22: $1.00 → 2026-08-22: $1.00 → 2026-08-24: $6212021.00 (▲)
Accessories & Infrastructure,System Options,HPE OCA > DL380 Gen12 SFF > Accessories & Infrastructure > System Options,Storage Controller,Optional,0,Optional,Selection constraint for System Options: optional,P63226-B21,Standard,HPE ProLiant vSAN ReadyNode Express Storage Architecture FIO Tracking,0,$1.00,,NA,,No,05/01/2023,05/31/2028,UNCHANGED,$1.00,$0.00,$0.00,2026-08-12: $1.00 → 2026-08-12: $1.00 → 2026-08-13: $1.00 → 2026-08-14: $1.00 → 2026-08-16: $1.00 → 2026-08-19: $1.00 → 2026-08-22: $1.00 → 2026-08-22: $1.00 → 2026-08-24: $5012023.00 (▲)
Accessories & Infrastructure,System Options,HPE OCA > DL380 Gen12 SFF > Accessories & Infrastructure > System Options,Operating System / License,Optional,0,Optional,Selection constraint for System Options: optional,P27078-B21,Standard,HPE ProLiant DL300 Gen10 Plus Platform RAS OS Control FIO Setting,0,$1.00,,NA,,No,04/06/2021,06/30/2028,UNCHANGED,$1.00,$0.00,$0.00,2026-08-12: $1.00 → 2026-08-12: $1.00 → 2026-08-13: $1.00 → 2026-08-14: $1.00 → 2026-08-16: $1.00 → 2026-08-19: $1.00 → 2026-08-22: $1.00 → 2026-08-22: $1.00 → 2026-08-24: (no price)
Software & Licenses,Server Management & Operating System Licenses,HPE OCA > DL380 Gen12 SFF > Software & Licenses > Server Management & Operating System Licenses,Operating System / License,Unlimited,0,Unlimited,Selection constraint for Server Management & Operating System Licenses: no max,P08040-B21,Standard,HPE iLO Common Password FIO Setting,0,$1.00,,NA,,No,12/02/2019,06/30/2028,UNCHANGED,$1.00,$0.00,$0.00,2026-08-12: $1.00 → 2026-08-12: $1.00 → 2026-08-13: $1.00 → 2026-08-14: $1.00 → 2026-08-16: $1.00 → 2026-08-19: $1.00 → 2026-08-22: $1.00 → 2026-08-22: $1.00 → 2026-08-24: $12022019.00 (▲)
Networking,PCIe Networking Adapters,HPE OCA > DL380 Gen12 SFF > Networking > PCIe Networking Adapters,Network Adapter,max 8,0,8,Selection constraint for PCIe Networking Adapters: max 8,P79114-H21,Standard,HPE InfiniBand XDR/Ethernet 2x400GbE 1-port OSFP PCIe6 x16 HHHL CX8 Crypto Adapter,0,"$8,910.00",,NA,,No,11/03/2025,06/30/2029,UNCHANGED,"$8,910.00",$0.00,$0.00,2026-08-12: $8910.00 → 2026-08-12: $8910.00 → 2026-08-13: $8910.00 → 2026-08-14: $8910.00 → 2026-08-16: $8910.00 → 2026-08-19: $8910.00 → 2026-08-22: $8910.00 → 2026-08-22: $8910.00 → 2026-08-24: (no price)
Networking,PCIe Networking Adapters,HPE OCA > DL380 Gen12 SFF > Networking > PCIe Networking Adapters,Network Adapter,max 8,0,8,Selection constraint for PCIe Networking Adapters: max 8,P79115-H21,Standard,HPE InfiniBand XDR400/Ethernet 400GbE 2-port QSFP112 PCIe6 x16 HHHL CX8 Crypto Adapter,0,"$8,910.00",,NA,,No,11/03/2025,06/30/2029,UNCHANGED,"$8,910.00",$0.00,$0.00,2026-08-12: $8910.00 → 2026-08-12: $8910.00 → 2026-08-13: $8910.00 → 2026-08-14: $8910.00 → 2026-08-16: $8910.00 → 2026-08-19: $8910.00 → 2026-08-22: $8910.00 → 2026-08-22: $8910.00 → 2026-08-24: (no price)
Networking,PCIe Networking Adapters,HPE OCA > DL380 Gen12 SFF > Networking > PCIe Networking Adapters,Network Adapter,max 8,0,8,Selection constraint for PCIe Networking Adapters: max 8,P45641-H23,Standard,HPE InfiniBand NDR/Ethernet 400Gb 1-port OSFP PCIe5 x16 MCX75310AAS-NEAT Adapter,0,"$6,377.00",,NA,,No,06/03/2024,12/31/2026,UNCHANGED,"$6,377.00",$0.00,$0.00,2026-08-12: $6377.00 → 2026-08-12: $6377.00 → 2026-08-13: $6377.00 → 2026-08-14: $6377.00 → 2026-08-16: $6377.00 → 2026-08-19: $6377.00 → 2026-08-22: $6377.00 → 2026-08-22: $6377.00 → 2026-08-24: (no price)
Networking,PCIe Networking Adapters,HPE OCA > DL380 Gen12 SFF > Networking > PCIe Networking Adapters,Network Adapter,max 8,0,8,Selection constraint for PCIe Networking Adapters: max 8,P45641-H24,Standard,HPE InfiniBand NDR/Ethernet 400Gb 1-port OSFP PCIe5 x16 MCX75310AAS-NEAT Generic Adapter,0,"$6,517.00",,NA,,No,05/04/2026,06/30/2029,UNCHANGED,"$6,517.00",$0.00,$0.00,2026-08-12: $6517.00 → 2026-08-12: $6517.00 → 2026-08-13: $6517.00 → 2026-08-14: $6517.00 → 2026-08-16: $6517.00 → 2026-08-19: $6517.00 → 2026-08-22: $6517.00 → 2026-08-22: $6517.00 → 2026-08-24: (no price)
Networking,PCIe Networking Adapters,HPE OCA > DL380 Gen12 SFF > Networking > PCIe Networking Adapters,Network Adapter,max 8,0,8,Selection constraint for PCIe Networking Adapters: max 8,P45642-H23,Standard,HPE InfiniBand NDR200/Ethernet 200Gb 1-port OSFP PCIe5 x16 MCX75310AAS-HEAT Generic Adapter,0,"$4,904.00",,NA,,No,02/02/2026,12/31/2027,UNCHANGED,"$4,904.00",$0.00,$0.00,2026-08-12: $4904.00 → 2026-08-12: $4904.00 → 2026-08-13: $4904.00 → 2026-08-14: $4904.00 → 2026-08-16: $4904.00 → 2026-08-19: $4904.00 → 2026-08-22: $4904.00 → 2026-08-22: $4904.00 → 2026-08-24: (no price)
Networking,PCIe Networking Adapters,HPE OCA > DL380 Gen12 SFF > Networking > PCIe Networking Adapters,Network Adapter,max 8,0,8,Selection constraint for PCIe Networking Adapters: max 8,P65333-H21,Standard,HPE InfiniBand NDR200/Ethernet 200GbE 2-port QSFP112 PCIe5 x16 MCX755106AC-HEAT Adapter,0,"$5,425.00",,NA,,No,09/05/2023,12/31/2027,UNCHANGED,"$5,425.00",$0.00,$0.00,2026-08-12: $5425.00 → 2026-08-12: $5425.00 → 2026-08-13: $5425.00 → 2026-08-14: $5425.00 → 2026-08-16: $5425.00 → 2026-08-19: $5425.00 → 2026-08-22: $5425.00 → 2026-08-22: $5425.00 → 2026-08-24: (no price)
Networking,PCIe Networking Adapters,HPE OCA > DL380 Gen12 SFF > Networking > PCIe Networking Adapters,Cable Kit,max 8,0,8,Selection constraint for PCIe Networking Adapters: max 8,P81264-H21,Standard,HPE InfiniBand XDR PCIe Gen6 x16 Multi Host/Socket Direct Auxiliary Card with 250mm MCIO Cable Kit,0,$734.00,,NA,,No,11/03/2025,06/30/2027,UNCHANGED,$734.00,$0.00,$0.00,2026-08-12: $734.00 → 2026-08-12: $734.00 → 2026-08-13: $734.00 → 2026-08-14: $734.00 → 2026-08-16: $734.00 → 2026-08-19: $734.00 → 2026-08-22: $734.00 → 2026-08-22: $734.00 → 2026-08-24: (no price)
Networking,PCIe Networking Adapters,HPE OCA > DL380 Gen12 SFF > Networking > PCIe Networking Adapters,Transceiver,max 8,0,8,Selection constraint for PCIe Networking Adapters: max 8,Q8J73A,Standard,HPE 100GbE QSFP28 500m 1310mm PSM4 Transceiver,0,"$3,495.00",,NA,,No,12/18/2017,11/30/2028,UNCHANGED,"$3,495.00",$0.00,$0.00,2026-08-12: $3495.00 → 2026-08-12: $3495.00 → 2026-08-13: $3495.00 → 2026-08-14: $3495.00 → 2026-08-16: $3495.00 → 2026-08-19: $3495.00 → 2026-08-22: $3495.00 → 2026-08-22: $3495.00 → 2026-08-24: (no price)
Networking,PCIe Networking Adapters,HPE OCA > DL380 Gen12 SFF > Networking > PCIe Networking Adapters,Transceiver,max 8,0,8,Selection constraint for PCIe Networking Adapters: max 8,Q9S71A,Standard,HPE 100GbE QSFP28 to QSFP28 5m Active Optical Cable,0,"$1,899.00",,NA,,No,09/04/2018,11/30/2028,UNCHANGED,"$1,899.00",$0.00,$0.00,2026-08-12: $1899.00 → 2026-08-12: $1899.00 → 2026-08-13: $1899.00 → 2026-08-14: $1899.00 → 2026-08-16: $1899.00 → 2026-08-19: $1899.00 → 2026-08-22: $1899.00 → 2026-08-22: $1899.00 → 2026-08-24: (no price)
Networking,PCIe Networking Adapters,HPE OCA > DL380 Gen12 SFF > Networking > PCIe Networking Adapters,Transceiver,max 8,0,8,Selection constraint for PCIe Networking Adapters: max 8,453151-B21,Standard,HPE BladeSystem c-Class Virtual Connect 1G SFP SX Transceiver,0,$427.00,,NA,,No,10/01/2007,07/31/2027,UNCHANGED,$427.00,$0.00,$0.00,2026-08-12: $427.00 → 2026-08-12: $427.00 → 2026-08-13: $427.00 → 2026-08-14: $427.00 → 2026-08-16: $427.00 → 2026-08-19: $427.00 → 2026-08-22: $427.00 → 2026-08-22: $427.00 → 2026-08-24: (no price)
Networking,PCIe Networking Adapters,HPE OCA > DL380 Gen12 SFF > Networking > PCIe Networking Adapters,Transceiver,max 8,0,8,Selection constraint for PCIe Networking Adapters: max 8,453154-B21,Standard,HPE BladeSystem CClass Virtual Connect 1G SFP RJ45 Transceiver,0,$426.00,,NA,,No,11/16/2007,07/31/2027,UNCHANGED,$426.00,$0.00,$0.00,2026-08-12: $426.00 → 2026-08-12: $426.00 → 2026-08-13: $426.00 → 2026-08-14: $426.00 → 2026-08-16: $426.00 → 2026-08-19: $426.00 → 2026-08-22: $426.00 → 2026-08-22: $426.00 → 2026-08-24: (no price)
Networking,PCIe Networking Adapters,HPE OCA > DL380 Gen12 SFF > Networking > PCIe Networking Adapters,Transceiver,max 8,0,8,Selection constraint for PCIe Networking Adapters: max 8,455883-B21,Standard,HPE BladeSystem c-Class 10Gb SFP+ SR Transceiver,0,$842.00,,NA,,No,12/01/2008,11/30/2030,UNCHANGED,$842.00,$0.00,$0.00,2026-08-12: $842.00 → 2026-08-12: $842.00 → 2026-08-13: $842.00 → 2026-08-14: $842.00 → 2026-08-16: $842.00 → 2026-08-19: $842.00 → 2026-08-22: $842.00 → 2026-08-22: $842.00 → 2026-08-24: (no price)
Networking,PCIe Networking Adapters,HPE OCA > DL380 Gen12 SFF > Networking > PCIe Networking Adapters,Transceiver,max 8,0,8,Selection constraint for PCIe Networking Adapters: max 8,455886-B21,Standard,HPE BladeSystem c-Class 10Gb SFP+ LR Transceiver,0,"$1,751.00",,NA,,No,12/01/2008,11/30/2030,UNCHANGED,"$1,751.00",$0.00,$0.00,2026-08-12: $1751.00 → 2026-08-12: $1751.00 → 2026-08-13: $1751.00 → 2026-08-14: $1751.00 → 2026-08-16: $1751.00 → 2026-08-19: $1751.00 → 2026-08-22: $1751.00 → 2026-08-22: $1751.00 → 2026-08-24: (no price)
Networking,PCIe Networking Adapters,HPE OCA > DL380 Gen12 SFF > Networking > PCIe Networking Adapters,Transceiver,max 8,0,8,Selection constraint for PCIe Networking Adapters: max 8,845398-B21,Standard,HPE 25Gb SFP28 SR 100m Transceiver,0,"$2,110.00",,NA,,No,06/06/2016,06/30/2028,UNCHANGED,"$2,110.00",$0.00,$0.00,2026-08-12: $2110.00 → 2026-08-12: $2110.00 → 2026-08-13: $2110.00 → 2026-08-14: $2110.00 → 2026-08-16: $2110.00 → 2026-08-19: $2110.00 → 2026-08-22: $2110.00 → 2026-08-22: $2110.00 → 2026-08-24: (no price)
Networking,PCIe Networking Adapters,HPE OCA > DL380 Gen12 SFF > Networking > PCIe Networking Adapters,Transceiver,max 8,0,8,Selection constraint for PCIe Networking Adapters: max 8,845966-B21,Standard,HPE 100Gb QSFP28 MPO SR4 100m Transceiver,0,"$4,252.00",,NA,,No,06/06/2016,11/30/2030,UNCHANGED,"$4,252.00",$0.00,$0.00,2026-08-12: $4252.00 → 2026-08-12: $4252.00 → 2026-08-13: $4252.00 → 2026-08-14: $4252.00 → 2026-08-16: $4252.00 → 2026-08-19: $4252.00 → 2026-08-22: $4252.00 → 2026-08-22: $4252.00 → 2026-08-24: (no price)
Networking,PCIe Networking Adapters,HPE OCA > DL380 Gen12 SFF > Networking > PCIe Networking Adapters,Transceiver,max 8,0,8,Selection constraint for PCIe Networking Adapters: max 8,P49764-B21,Standard,HPE InfiniBand NDR/Ethernet 1x400Gb OSFP Multi-mode 50m HCA-side Transceiver,0,"$1,866.00",,NA,,No,03/06/2023,12/31/2027,UNCHANGED,"$1,866.00",$0.00,$0.00,2026-08-12: $1866.00 → 2026-08-12: $1866.00 → 2026-08-13: $1866.00 → 2026-08-14: $1866.00 → 2026-08-16: $1866.00 → 2026-08-19: $1866.00 → 2026-08-22: $1866.00 → 2026-08-22: $1866.00 → 2026-08-24: (no price)
Networking,PCIe Networking Adapters,HPE OCA > DL380 Gen12 SFF > Networking > PCIe Networking Adapters,Transceiver,max 8,0,8,Selection constraint for PCIe Networking Adapters: max 8,P65334-B21,Standard,HPE InfiniBand NDR/Ethernet 400G QSFP112 MPO12 850nm Multi-mode 50m APC Transceiver,0,"$3,875.00",,NA,,No,09/05/2023,07/31/2027,UNCHANGED,"$3,875.00",$0.00,$0.00,2026-08-12: $3875.00 → 2026-08-12: $3875.00 → 2026-08-13: $3875.00 → 2026-08-14: $3875.00 → 2026-08-16: $3875.00 → 2026-08-19: $3875.00 → 2026-08-22: $3875.00 → 2026-08-22: $3875.00 → 2026-08-24: (no price)
Networking,PCIe Networking Adapters,HPE OCA > DL380 Gen12 SFF > Networking > PCIe Networking Adapters,Transceiver,max 8,0,8,Selection constraint for PCIe Networking Adapters: max 8,P79829-B21,Standard,HPE InfiniBand XDR/Ethernet 400GbE QSFP112 1-port Single-mode 500m Transceiver,0,"$4,259.00",,NA,,No,10/06/2025,06/30/2029,UNCHANGED,"$4,259.00",$0.00,$0.00,2026-08-12: $4259.00 → 2026-08-12: $4259.00 → 2026-08-13: $4259.00 → 2026-08-14: $4259.00 → 2026-08-16: $4259.00 → 2026-08-19: $4259.00 → 2026-08-22: $4259.00 → 2026-08-22: $4259.00 → 2026-08-24: (no price)
Networking,PCIe Networking Adapters,HPE OCA > DL380 Gen12 SFF > Networking > PCIe Networking Adapters,Transceiver,max 8,0,8,Selection constraint for PCIe Networking Adapters: max 8,P82314-B21,Standard,HPE InfiniBand XDR/Ethernet 800GbE OSFP 1-port Single-mode 500m HCA-side Transceiver,0,"$4,939.00",,NA,,No,10/06/2025,06/30/2029,UNCHANGED,"$4,939.00",$0.00,$0.00,2026-08-12: $4939.00 → 2026-08-12: $4939.00 → 2026-08-13: $4939.00 → 2026-08-14: $4939.00 → 2026-08-16: $4939.00 → 2026-08-19: $4939.00 → 2026-08-22: $4939.00 → 2026-08-22: $4939.00 → 2026-08-24: (no price)
Networking,PCIe Networking Adapters,HPE OCA > DL380 Gen12 SFF > Networking > PCIe Networking Adapters,Transceiver,max 8,0,8,Selection constraint for PCIe Networking Adapters: max 8,P86377-B21,Standard,HPE InfiniBand/Ethernet 2x400GbE OSFP 2-port Multi-mode 50m Flat-Top Transceiver,0,"$3,682.00",,NA,,No,11/03/2025,06/30/2029,UNCHANGED,"$3,682.00",$0.00,$0.00,2026-08-12: $3682.00 → 2026-08-12: $3682.00 → 2026-08-13: $3682.00 → 2026-08-14: $3682.00 → 2026-08-16: $3682.00 → 2026-08-19: $3682.00 → 2026-08-22: $3682.00 → 2026-08-22: $3682.00 → 2026-08-24: (no price)
Networking,PCIe Networking Adapters,HPE OCA > DL380 Gen12 SFF > Networking > PCIe Networking Adapters,Transceiver,max 8,0,8,Selection constraint for PCIe Networking Adapters: max 8,P87585-B21,Standard,HPE InfiniBand NDR/Ethernet 400Gb OSFP 1-port Single-mode 100m HCA-side Flat-Top Transceiver,0,"$7,359.00",,NA,,No,01/05/2026,06/30/2029,UNCHANGED,"$7,359.00",$0.00,$0.00,2026-08-12: $7359.00 → 2026-08-12: $7359.00 → 2026-08-13: $7359.00 → 2026-08-14: $7359.00 → 2026-08-16: $7359.00 → 2026-08-19: $7359.00 → 2026-08-22: $7359.00 → 2026-08-22: $7359.00 → 2026-08-24: (no price)
Networking,PCIe Networking Adapters,HPE OCA > DL380 Gen12 SFF > Networking > PCIe Networking Adapters,Transceiver,max 8,0,8,Selection constraint for PCIe Networking Adapters: max 8,P89422-B21,Standard,HPE Ethernet 1x400Gb OSFP 1-port Multi-mode 50m NIC-side Flat-Top Transceiver,0,"$2,400.00",,NA,,No,03/02/2026,06/30/2029,UNCHANGED,"$2,400.00",$0.00,$0.00,2026-08-12: $2400.00 → 2026-08-12: $2400.00 → 2026-08-13: $2400.00 → 2026-08-14: $2400.00 → 2026-08-16: $2400.00 → 2026-08-19: $2400.00 → 2026-08-22: $2400.00 → 2026-08-22: $2400.00 → 2026-08-24: (no price)
Networking,PCIe Networking Adapters,HPE OCA > DL380 Gen12 SFF > Networking > PCIe Networking Adapters,Transceiver,max 8,0,8,Selection constraint for PCIe Networking Adapters: max 8,P89423-B21,Standard,HPE Ethernet 1x400Gb QSFP112 1-port Multi-mode 50m NIC-side Flat-Top Transceiver,0,"$2,428.00",,NA,,No,03/02/2026,06/30/2029,UNCHANGED,"$2,428.00",$0.00,$0.00,2026-08-12: $2428.00 → 2026-08-12: $2428.00 → 2026-08-13: $2428.00 → 2026-08-14: $2428.00 → 2026-08-16: $2428.00 → 2026-08-19: $2428.00 → 2026-08-22: $2428.00 → 2026-08-22: $2428.00 → 2026-08-24: (no price)
Networking,PCIe Networking Adapters,HPE OCA > DL380 Gen12 SFF > Networking > PCIe Networking Adapters,Transceiver,max 8,0,8,Selection constraint for PCIe Networking Adapters: max 8,Q2F19A,Standard,HPE 100GbE QSFP28 SR4 100m Transceiver,0,"$2,425.00",,NA,,No,09/25/2017,11/30/2028,UNCHANGED,"$2,425.00",$0.00,$0.00,2026-08-12: $2425.00 → 2026-08-12: $2425.00 → 2026-08-13: $2425.00 → 2026-08-14: $2425.00 → 2026-08-16: $2425.00 → 2026-08-19: $2425.00 → 2026-08-22: $2425.00 → 2026-08-22: $2425.00 → 2026-08-24: (no price)
Networking,PCIe Networking Adapters,HPE OCA > DL380 Gen12 SFF > Networking > PCIe Networking Adapters,Transceiver,max 8,0,8,These products are hidden due to Supply constraints,845970-B21,Standard,HPE QSFP28 to SFP28 Adapter,0,$227.00,,NA,,No,12/03/2018,11/30/2030,UNCHANGED,$227.00,$0.00,$0.00,2026-08-12: $227.00 → 2026-08-12: $227.00 → 2026-08-13: $227.00 → 2026-08-14: $227.00 → 2026-08-16: $227.00 → 2026-08-19: $227.00 → 2026-08-22: $227.00 → 2026-08-22: $227.00 → 2026-08-24: (no price)
Networking,OCP3 Networking Adapters,HPE OCA > DL380 Gen12 SFF > Networking > OCP3 Networking Adapters,Network Adapter,max 8,0,8,Selection constraint for OCP3 Networking Adapters: max 8,P10115-B21,Standard,Broadcom BCM57414 Ethernet 10/25Gb 2-port SFP28 OCP3 Adapter for HPE,0,"$1,231.00",,NA,,No,11/02/2020,12/31/2028,UNCHANGED,"$1,231.00",$0.00,$0.00,2026-08-12: $1231.00 → 2026-08-12: $1231.00 → 2026-08-13: $1231.00 → 2026-08-14: $1231.00 → 2026-08-16: $1231.00 → 2026-08-19: $1231.00 → 2026-08-22: $1231.00 → 2026-08-22: $1231.00 → 2026-08-24: (no price)
Networking,OCP3 Networking Adapters,HPE OCA > DL380 Gen12 SFF > Networking > OCP3 Networking Adapters,Network Adapter,max 8,0,8,Selection constraint for OCP3 Networking Adapters: max 8,P42041-B21,Standard,Mellanox MCX631432AS-ADAI Ethernet 10/25Gb 2-port SFP28 OCP3 Adapter for HPE,0,"$1,398.00",,NA,,No,02/07/2022,12/31/2028,UNCHANGED,"$1,398.00",$0.00,$0.00,2026-08-12: $1398.00 → 2026-08-12: $1398.00 → 2026-08-13: $1398.00 → 2026-08-14: $1398.00 → 2026-08-16: $1398.00 → 2026-08-19: $1398.00 → 2026-08-22: $1398.00 → 2026-08-22: $1398.00 → 2026-08-24: (no price)
Networking,OCP3 Networking Adapters,HPE OCA > DL380 Gen12 SFF > Networking > OCP3 Networking Adapters,Network Adapter,max 8,0,8,Selection constraint for OCP3 Networking Adapters: max 8,P51181-B21,Standard,Broadcom BCM5719 Ethernet 1Gb 4-port BASE-T OCP3 Adapter for HPE,1,$485.00,,$485.00,,No,06/06/2022,12/31/2028,UNCHANGED,$485.00,$0.00,$0.00,2026-08-12: $485.00 → 2026-08-12: $485.00 → 2026-08-13: $485.00 → 2026-08-14: $485.00 → 2026-08-16: $485.00 → 2026-08-19: $485.00 → 2026-08-22: $485.00 → 2026-08-22: $485.00 → 2026-08-24: $1.00 (▼)
Networking,OCP3 Networking Adapters,HPE OCA > DL380 Gen12 SFF > Networking > OCP3 Networking Adapters,Transceiver,max 8,0,8,Selection constraint for OCP3 Networking Adapters: max 8,P22767-B21,Standard,Intel E810-CQDA2 Ethernet 100Gb 2-port QSFP28 OCP3 Adapter for HPE,0,"$3,600.00",,NA,,No,04/06/2021,12/31/2028,UNCHANGED,"$3,600.00",$0.00,$0.00,2026-08-12: $3600.00 → 2026-08-12: $3600.00 → 2026-08-13: $3600.00 → 2026-08-14: $3600.00 → 2026-08-16: $3600.00 → 2026-08-19: $3600.00 → 2026-08-22: $3600.00 → 2026-08-22: $3600.00 → 2026-08-24: (no price)
Networking,OCP3 Networking Adapters,HPE OCA > DL380 Gen12 SFF > Networking > OCP3 Networking Adapters,Network Adapter,max 8,0,8,Selection constraint for OCP3 Networking Adapters: max 8,P26256-B21,Standard,Broadcom BCM57412 Ethernet 10Gb 2-port SFP+ OCP3 Adapter for HPE,0,$940.00,,NA,,No,10/05/2020,12/31/2028,UNCHANGED,$940.00,$0.00,$0.00,2026-08-12: $940.00 → 2026-08-12: $940.00 → 2026-08-13: $940.00 → 2026-08-14: $940.00 → 2026-08-16: $940.00 → 2026-08-19: $940.00 → 2026-08-22: $940.00 → 2026-08-22: $940.00 → 2026-08-24: (no price)
Networking,OCP3 Networking Adapters,HPE OCA > DL380 Gen12 SFF > Networking > OCP3 Networking Adapters,Network Adapter,max 8,0,8,Selection constraint for OCP3 Networking Adapters: max 8,P10097-B21,Standard,Broadcom BCM57416 Ethernet 10Gb 2-port BASE-T OCP3 Adapter for HPE,0,"$1,105.00",,NA,,No,11/02/2020,12/31/2028,UNCHANGED,"$1,105.00",$0.00,$0.00,2026-08-12: $1105.00 → 2026-08-12: $1105.00 → 2026-08-13: $1105.00 → 2026-08-14: $1105.00 → 2026-08-16: $1105.00 → 2026-08-19: $1105.00 → 2026-08-22: $1105.00 → 2026-08-22: $1105.00 → 2026-08-24: (no price)
Networking,OCP3 Networking Adapters,HPE OCA > DL380 Gen12 SFF > Networking > OCP3 Networking Adapters,Network Adapter,max 8,0,8,Selection constraint for OCP3 Networking Adapters: max 8,P10106-B21,Standard,Intel E810-XXVDA2 Ethernet 10/25Gb 2-port SFP28 OCP3 Adapter for HPE,0,"$1,680.00",,NA,,No,04/06/2021,11/30/2027,UNCHANGED,"$1,680.00",$0.00,$0.00,2026-08-12: $1680.00 → 2026-08-12: $1680.00 → 2026-08-13: $1680.00 → 2026-08-14: $1680.00 → 2026-08-16: $1680.00 → 2026-08-19: $1680.00 → 2026-08-22: $1680.00 → 2026-08-22: $1680.00 → 2026-08-24: (no price)
Networking,OCP3 Networking Adapters,HPE OCA > DL380 Gen12 SFF > Networking > OCP3 Networking Adapters,Network Adapter,max 8,0,8,Selection constraint for OCP3 Networking Adapters: max 8,P26269-B21,Standard,Broadcom BCM57504 Ethernet 10/25Gb 4-port SFP28 OCP3 Adapter for HPE,0,"$2,598.00",,NA,,No,09/06/2022,12/31/2028,UNCHANGED,"$2,598.00",$0.00,$0.00,2026-08-12: $2598.00 → 2026-08-12: $2598.00 → 2026-08-13: $2598.00 → 2026-08-14: $2598.00 → 2026-08-16: $2598.00 → 2026-08-19: $2598.00 → 2026-08-22: $2598.00 → 2026-08-22: $2598.00 → 2026-08-24: (no price)
Networking,OCP3 Networking Adapters,HPE OCA > DL380 Gen12 SFF > Networking > OCP3 Networking Adapters,Network Adapter,max 8,0,8,Selection constraint for OCP3 Networking Adapters: max 8,P41614-B21,Standard,Intel E810-XXVDA4 Ethernet 10/25Gb 4-port SFP28 OCP3 Adapter for HPE,0,"$3,770.00",,NA,,No,08/02/2021,12/31/2028,UNCHANGED,"$3,770.00",$0.00,$0.00,2026-08-12: $3770.00 → 2026-08-12: $3770.00 → 2026-08-13: $3770.00 → 2026-08-14: $3770.00 → 2026-08-16: $3770.00 → 2026-08-19: $3770.00 → 2026-08-22: $3770.00 → 2026-08-22: $3770.00 → 2026-08-24: (no price)
Networking,OCP3 Networking Adapters,HPE OCA > DL380 Gen12 SFF > Networking > OCP3 Networking Adapters,Network Adapter,max 8,0,8,Selection constraint for OCP3 Networking Adapters: max 8,P73114-B21,Standard,Broadcom BCM57608 Ethernet 100Gb 2-port QSFP112 OCP3 Adapter for HPE,0,"$4,855.00",,NA,,No,03/03/2025,12/31/2028,UNCHANGED,"$4,855.00",$0.00,$0.00,2026-08-12: $4855.00 → 2026-08-12: $4855.00 → 2026-08-13: $4855.00 → 2026-08-14: $4855.00 → 2026-08-16: $4855.00 → 2026-08-19: $4855.00 → 2026-08-22: $4855.00 → 2026-08-22: $4855.00 → 2026-08-24: (no price)
Networking,OCP3 Networking Adapters,HPE OCA > DL380 Gen12 SFF > Networking > OCP3 Networking Adapters,Network Adapter,max 8,0,8,Selection constraint for OCP3 Networking Adapters: max 8,P79833-B21,Standard,Intel E610-IT4 Ethernet 1Gb 4-port BASE-T OCP3 Adapter for HPE,0,"$1,580.00",,NA,,No,09/02/2025,12/31/2028,UNCHANGED,"$1,580.00",$0.00,$0.00,2026-08-12: $1580.00 → 2026-08-12: $1580.00 → 2026-08-13: $1580.00 → 2026-08-14: $1580.00 → 2026-08-16: $1580.00 → 2026-08-19: $1580.00 → 2026-08-22: $1580.00 → 2026-08-22: $1580.00 → 2026-08-24: (no price)
Accessories & Infrastructure,System Options,HPE OCA > DL380 Gen12 SFF > Accessories & Infrastructure > System Options,Cable Kit,Optional,0,Optional,BTO products are not allowed in CTO Base Model.,AJ833A,Standard,HPE LC to LC Multi-mode OM3 2-Fiber 0.5m 1-Pack Fiber Optic Cable,0,$65.00,,NA,,No,06/13/2008,11/30/2028,UNCHANGED,$65.00,$0.00,$0.00,2026-08-12: $65.00 → 2026-08-12: $65.00 → 2026-08-13: $65.00 → 2026-08-14: $65.00 → 2026-08-16: $65.00 → 2026-08-19: $65.00 → 2026-08-22: $65.00 → 2026-08-22: $65.00 → 2026-08-24: (no price)
Accessories & Infrastructure,System Options,HPE OCA > DL380 Gen12 SFF > Accessories & Infrastructure > System Options,Cable Kit,Optional,0,Optional,BTO products are not allowed in CTO Base Model.,AJ836A,Standard,HPE LC to LC Multi-mode OM3 2-Fiber 5.0m 1-Pack Fiber Optic Cable,0,$115.00,,NA,,No,06/13/2008,11/30/2028,UNCHANGED,$115.00,$0.00,$0.00,2026-08-12: $115.00 → 2026-08-12: $115.00 → 2026-08-13: $115.00 → 2026-08-14: $115.00 → 2026-08-16: $115.00 → 2026-08-19: $115.00 → 2026-08-22: $115.00 → 2026-08-22: $115.00 → 2026-08-24: (no price)
Accessories & Infrastructure,System Options,HPE OCA > DL380 Gen12 SFF > Accessories & Infrastructure > System Options,Cable Kit,Optional,0,Optional,BTO products are not allowed in CTO Base Model.,AJ838A,Standard,HPE LC to LC Multi-mode OM3 2-Fiber 30.0m 1-Pack Fiber Optic Cable,0,$208.00,,NA,,No,06/13/2008,11/30/2028,UNCHANGED,$208.00,$0.00,$0.00,2026-08-12: $208.00 → 2026-08-12: $208.00 → 2026-08-13: $208.00 → 2026-08-14: $208.00 → 2026-08-16: $208.00 → 2026-08-19: $208.00 → 2026-08-22: $208.00 → 2026-08-22: $208.00 → 2026-08-24: (no price)
Accessories & Infrastructure,System Options,HPE OCA > DL380 Gen12 SFF > Accessories & Infrastructure > System Options,Cable Kit,Optional,0,Optional,BTO products are not allowed in CTO Base Model.,AJ839A,Standard,HPE LC to LC Multi-mode OM3 2-Fiber 50.0m 1-Pack Fiber Optic Cable,0,$253.00,,NA,,No,06/13/2008,11/30/2028,UNCHANGED,$253.00,$0.00,$0.00,2026-08-12: $253.00 → 2026-08-12: $253.00 → 2026-08-13: $253.00 → 2026-08-14: $253.00 → 2026-08-16: $253.00 → 2026-08-19: $253.00 → 2026-08-22: $253.00 → 2026-08-22: $253.00 → 2026-08-24: (no price)
Accessories & Infrastructure,System Options,HPE OCA > DL380 Gen12 SFF > Accessories & Infrastructure > System Options,Cable Kit,Optional,0,Optional,BTO products are not allowed in CTO Base Model.,AJ834A,Standard,HPE LC to LC Multi-mode OM3 2-Fiber 1.0m 1-Pack Fiber Optic Cable,0,$70.00,,NA,,No,06/13/2008,11/30/2028,UNCHANGED,$70.00,$0.00,$0.00,2026-08-12: $70.00 → 2026-08-12: $70.00 → 2026-08-13: $70.00 → 2026-08-14: $70.00 → 2026-08-16: $70.00 → 2026-08-19: $70.00 → 2026-08-22: $70.00 → 2026-08-22: $70.00 → 2026-08-24: (no price)
Accessories & Infrastructure,System Options,HPE OCA > DL380 Gen12 SFF > Accessories & Infrastructure > System Options,Cable Kit,Optional,0,Optional,BTO products are not allowed in CTO Base Model.,AJ837A,Standard,HPE LC to LC Multi-mode OM3 2-Fiber 15.0m 1-Pack Fiber Optic Cable,0,$162.00,,NA,,No,06/13/2008,11/30/2028,UNCHANGED,$162.00,$0.00,$0.00,2026-08-12: $162.00 → 2026-08-12: $162.00 → 2026-08-13: $162.00 → 2026-08-14: $162.00 → 2026-08-16: $162.00 → 2026-08-19: $162.00 → 2026-08-22: $162.00 → 2026-08-22: $162.00 → 2026-08-24: (no price)
Networking,OCP3 Networking Adapters,HPE OCA > DL380 Gen12 SFF > Networking > OCP3 Networking Adapters,Cable Kit,max 8,0,8,Selection constraint for OCP3 Networking Adapters: max 8,P72201-B21,Standard,HPE ProLiant Compute DL3XX/ML350 Gen12 CPU1 to Rear OCP SlotA x16 Cable Kit,0,$84.00,,NA,,No,02/24/2025,02/28/2028,UNCHANGED,$84.00,$0.00,$0.00,2026-08-12: $84.00 → 2026-08-12: $84.00 → 2026-08-13: $84.00 → 2026-08-14: $84.00 → 2026-08-16: $84.00 → 2026-08-19: $84.00 → 2026-08-22: $84.00 → 2026-08-22: $84.00 → 2026-08-24: (no price)
Networking,OCP3 Networking Adapters,HPE OCA > DL380 Gen12 SFF > Networking > OCP3 Networking Adapters,Cable Kit,max 8,0,8,Selection constraint for OCP3 Networking Adapters: max 8,P72203-B21,Standard,HPE ProLiant Compute DL3XX/ML350 Gen12 CPU1 to Rear OCP SlotB x8 Cable Kit,1,$77.00,,$77.00,,No,02/24/2025,02/28/2028,UNCHANGED,$77.00,$0.00,$0.00,2026-08-12: $77.00 → 2026-08-12: $77.00 → 2026-08-13: $77.00 → 2026-08-14: $77.00 → 2026-08-16: $77.00 → 2026-08-19: $77.00 → 2026-08-22: $77.00 → 2026-08-22: $77.00 → 2026-08-24: (no price)
Networking,OCP3 Networking Adapters,HPE OCA > DL380 Gen12 SFF > Networking > OCP3 Networking Adapters,Cable Kit,max 8,0,8,Selection constraint for OCP3 Networking Adapters: max 8,P72205-B21,Standard,HPE ProLiant Compute DL3XX/ML350 Gen12 CPU2 to Rear OCP SlotB x8 Cable Kit,0,$84.00,,NA,,No,02/24/2025,02/28/2028,UNCHANGED,$84.00,$0.00,$0.00,2026-08-12: $84.00 → 2026-08-12: $84.00 → 2026-08-13: $84.00 → 2026-08-14: $84.00 → 2026-08-16: $84.00 → 2026-08-19: $84.00 → 2026-08-22: $84.00 → 2026-08-22: $84.00 → 2026-08-24: (no price)
Networking,OCP3 Networking Adapters,HPE OCA > DL380 Gen12 SFF > Networking > OCP3 Networking Adapters,Cable Kit,max 8,0,8,Selection constraint for OCP3 Networking Adapters: max 8,P72207-B21,Standard,HPE ProLiant Compute DL3XX/ML350 Gen12 CPU2 to Rear OCP SlotB x16 Cable Kit,0,$164.00,,NA,,No,02/24/2025,02/28/2028,UNCHANGED,$164.00,$0.00,$0.00,2026-08-12: $164.00 → 2026-08-12: $164.00 → 2026-08-13: $164.00 → 2026-08-14: $164.00 → 2026-08-16: $164.00 → 2026-08-19: $164.00 → 2026-08-22: $164.00 → 2026-08-22: $164.00 → 2026-08-24: (no price)
Networking,OCP3 Networking Adapters,HPE OCA > DL380 Gen12 SFF > Networking > OCP3 Networking Adapters,Cable Kit,max 8,0,8,Selection constraint for OCP3 Networking Adapters: max 8,P74757-B21,Standard,HPE ProLiant Compute Gen12 Front Primary OCP Box2 Bay9 Enablement Kit,0,$0.00,,NA,,No,05/05/2025,06/30/2029,UNCHANGED,N/A,$0.00,$0.00,2026-08-12: (no price) → 2026-08-12: (no price) → 2026-08-13: (no price) → 2026-08-14: (no price) → 2026-08-16: (no price) → 2026-08-19: (no price) → 2026-08-22: (no price) → 2026-08-22: (no price) → 2026-08-24: (no price)
Networking,OCP3 Networking Adapters,HPE OCA > DL380 Gen12 SFF > Networking > OCP3 Networking Adapters,Cable Kit,max 8,0,8,Selection constraint for OCP3 Networking Adapters: max 8,P74758-B21,Standard,HPE ProLiant Compute Gen12 Front Secondary OCP Box2 Bay11 Enablement Kit,0,$0.00,,NA,,No,05/05/2025,06/30/2029,UNCHANGED,N/A,$0.00,$0.00,2026-08-12: (no price) → 2026-08-12: (no price) → 2026-08-13: (no price) → 2026-08-14: (no price) → 2026-08-16: (no price) → 2026-08-19: (no price) → 2026-08-22: (no price) → 2026-08-22: (no price) → 2026-08-24: (no price)
Accessories & Infrastructure,System Options,HPE OCA > DL380 Gen12 SFF > Accessories & Infrastructure > System Options,Cable Kit,Optional,0,Optional,Selection constraint for System Options: optional,P48824-B21,Standard,HPE ProLiant Compute DL380 Rear Serial Cable Kit,0,$28.00,,NA,,No,01/10/2023,05/31/2028,UNCHANGED,$28.00,$0.00,$0.00,2026-08-12: $28.00 → 2026-08-12: $28.00 → 2026-08-13: $28.00 → 2026-08-14: $28.00 → 2026-08-16: $28.00 → 2026-08-19: $28.00 → 2026-08-22: $28.00 → 2026-08-22: $28.00 → 2026-08-24: $1102023.00 (▲)
Memory,DDR5 Registered Smart Memory,HPE OCA > DL380 Gen12 SFF > Memory > DDR5 Registered Smart Memory,Memory,max 32,0,32,Selection constraint for DDR5 Registered Smart Memory: max 32,875293-B21,Standard,HPE Smart Memory Fast Fault Tolerance FIO Setting,0,$1.00,,NA,NA,No,07/11/2017,05/31/2028,UNCHANGED,$1.00,$0.00,$0.00,2026-08-12: $1.00 → 2026-08-12: $1.00 → 2026-08-13: $1.00 → 2026-08-14: $1.00 → 2026-08-16: $1.00 → 2026-08-19: $1.00 → 2026-08-22: $1.00 → 2026-08-22: $1.00 → 2026-08-24: (no price)
Drive Enclosures / Drives,Solid State Drives (NVMe/SAS/SATA),HPE OCA > DL380 Gen12 SFF > Drive Enclosures / Drives > Solid State Drives (NVMe/SAS/SATA),Boot Device,max 24,0,24,Selection constraint for Solid State Drives (NVMe/SAS/SATA): max 24,P78279-B21,Standard,HPE NS204i-u v2 480GB NVMe Hot Plug Boot Optimized Storage Device,0,"$9,199.00",,NA,,No,12/02/2024,04/30/2029,UNCHANGED,"$9,199.00",$0.00,$0.00,2026-08-12: $9199.00 → 2026-08-12: $9199.00 → 2026-08-13: $9199.00 → 2026-08-14: $9199.00 → 2026-08-16: $9199.00 → 2026-08-19: $9199.00 → 2026-08-22: $9199.00 → 2026-08-22: $9199.00 → 2026-08-24: (no price)
Drive Enclosures / Drives,Solid State Drives (NVMe/SAS/SATA),HPE OCA > DL380 Gen12 SFF > Drive Enclosures / Drives > Solid State Drives (NVMe/SAS/SATA),Cable Kit,max 24,0,24,Selection constraint for Solid State Drives (NVMe/SAS/SATA): max 24,P74755-B21,Standard,HPE ProLiant Compute DL380 Gen12 NS204i-u Rear Mount Enablement Kit,0,$82.00,,NA,,No,02/24/2025,06/30/2029,UNCHANGED,$82.00,$0.00,$0.00,2026-08-12: $82.00 → 2026-08-12: $82.00 → 2026-08-13: $82.00 → 2026-08-14: $82.00 → 2026-08-16: $82.00 → 2026-08-19: $82.00 → 2026-08-22: $82.00 → 2026-08-22: $82.00 → 2026-08-22: $82.00 → 2026-08-24: (no price)
Drive Enclosures / Drives,Solid State Drives (NVMe/SAS/SATA),HPE OCA > DL380 Gen12 SFF > Drive Enclosures / Drives > Solid State Drives (NVMe/SAS/SATA),Cable Kit,max 24,0,24,Selection constraint for Solid State Drives (NVMe/SAS/SATA): max 24,P74759-B21,Standard,HPE ProLiant Compute Gen12 NS204i-u Front Enablement Kit,0,$108.00,,NA,,No,02/24/2025,02/28/2028,UNCHANGED,$108.00,$0.00,$0.00,2026-08-12: $108.00 → 2026-08-12: $108.00 → 2026-08-13: $108.00 → 2026-08-14: $108.00 → 2026-08-16: $108.00 → 2026-08-19: $108.00 → 2026-08-22: $108.00 → 2026-08-22: $108.00 → 2026-08-24: (no price)
Drive Enclosures / Drives,Solid State Drives (NVMe/SAS/SATA),HPE OCA > DL380 Gen12 SFF > Drive Enclosures / Drives > Solid State Drives (NVMe/SAS/SATA),Cable Kit,max 24,0,24,Selection constraint for Solid State Drives (NVMe/SAS/SATA): max 24,P77928-B21,Standard,HPE ProLiant Compute DL380 Gen12 NS204i-u Rear Access FIO Enablement Kit,0,$1.00,,NA,,No,02/24/2025,02/28/2028,UNCHANGED,$1.00,$0.00,$0.00,2026-08-12: $1.00 → 2026-08-12: $1.00 → 2026-08-13: $1.00 → 2026-08-14: $1.00 → 2026-08-16: $1.00 → 2026-08-19: $1.00 → 2026-08-22: $1.00 → 2026-08-22: $1.00 → 2026-08-24: (no price)
Drive Enclosures / Drives,Solid State Drives (NVMe/SAS/SATA),HPE OCA > DL380 Gen12 SFF > Drive Enclosures / Drives > Solid State Drives (NVMe/SAS/SATA),Boot Device,max 24,0,24,Selection constraint for Solid State Drives (NVMe/SAS/SATA): max 24,P81160-B21,Standard,HPE NS204i-u v2 960GB NVMe Hot Plug Boot Optimized Storage Device,0,"$14,299.00",,NA,,No,07/07/2025,04/30/2029,UNCHANGED,"$14,299.00",$0.00,$0.00,2026-08-12: $14299.00 → 2026-08-12: $14299.00 → 2026-08-13: $14299.00 → 2026-08-14: $14299.00 → 2026-08-16: $14299.00 → 2026-08-19: $14299.00 → 2026-08-22: $14299.00 → 2026-08-22: $14299.00 → 2026-08-24: (no price)
Drive Enclosures / Drives,Solid State Drives (NVMe/SAS/SATA),HPE OCA > DL380 Gen12 SFF > Drive Enclosures / Drives > Solid State Drives (NVMe/SAS/SATA),Boot Device,max 24,0,24,Selection constraint for Solid State Drives (NVMe/SAS/SATA): max 24,P81162-B21,Standard,HPE NS204i-u v2 960GB NVMe SED Hot Plug Boot Optimized Storage Device,0,"$14,299.00",,NA,,No,07/07/2025,04/30/2029,UNCHANGED,"$14,299.00",$0.00,$0.00,2026-08-12: $14299.00 → 2026-08-12: $14299.00 → 2026-08-13: $14299.00 → 2026-08-14: $14299.00 → 2026-08-16: $14299.00 → 2026-08-19: $14299.00 → 2026-08-22: $14299.00 → 2026-08-22: $14299.00 → 2026-08-24: (no price)
Cables & Enablement Kits,Power Cords & Jumper Cables,HPE OCA > DL380 Gen12 SFF > Cables & Enablement Kits > Power Cords & Jumper Cables,Cable Kit,,0,,,469774-409,Standard,HPE Remove Standard Power Cords,0,$1.00,,NA,,No,12/17/2009,12/31/2030,UNCHANGED,$1.00,$0.00,$0.00,2026-08-12: $1.00 → 2026-08-12: $1.00 → 2026-08-13: $1.00 → 2026-08-14: $1.00 → 2026-08-16: $1.00 → 2026-08-19: $1.00 → 2026-08-22: $1.00 → 2026-08-22: $1.00 → 2026-08-24: $12172009.00 (▲)
Cables & Enablement Kits,Power Cords & Jumper Cables,HPE OCA > DL380 Gen12 SFF > Cables & Enablement Kits > Power Cords & Jumper Cables,Cable Kit,,0,,,P60283-B21,Standard,HPE OEM ProLiant DL380 Gen11 Over Pack FIO Shipping Kit,0,$99.00,,NA,,No,03/06/2023,11/30/2028,UNCHANGED,$99.00,$0.00,$0.00,2026-08-12: $99.00 → 2026-08-12: $99.00 → 2026-08-13: $99.00 → 2026-08-14: $99.00 → 2026-08-16: $99.00 → 2026-08-19: $99.00 → 2026-08-22: $99.00 → 2026-08-22: $99.00 → 2026-08-24: $3062023.00 (▲)
Cables & Enablement Kits,Power Cords & Jumper Cables,HPE OCA > DL380 Gen12 SFF > Cables & Enablement Kits > Power Cords & Jumper Cables,Cable Kit,,0,,,P73325-B21,Standard,HPE ProLiant Compute Localization FIO Kit,1,$4.00,,$4.00,,No,02/24/2025,02/28/2028,UNCHANGED,$4.00,$0.00,$0.00,2026-08-12: $4.00 → 2026-08-12: $4.00 → 2026-08-13: $4.00 → 2026-08-14: $4.00 → 2026-08-16: $4.00 → 2026-08-19: $4.00 → 2026-08-22: $4.00 → 2026-08-22: $4.00 → 2026-08-24: $2242025.00 (▲)
Accessories & Infrastructure,System Options,HPE OCA > DL380 Gen12 SFF > Accessories & Infrastructure > System Options,Cable Kit,Optional,0,Optional,Selection constraint for System Options: optional,P56072-B21,Standard,HPE ProLiant Compute Double Wide GPU Power Cable Kit,0,$84.00,,NA,,No,06/05/2023,05/31/2028,UNCHANGED,$84.00,$0.00,$0.00,2026-08-12: $84.00 → 2026-08-12: $84.00 → 2026-08-13: $84.00 → 2026-08-14: $84.00 → 2026-08-16: $84.00 → 2026-08-19: $84.00 → 2026-08-22: $84.00 → 2026-08-22: $84.00 → 2026-08-24: (no price)
Accessories & Infrastructure,System Options,HPE OCA > DL380 Gen12 SFF > Accessories & Infrastructure > System Options,Cable Kit,Optional,0,Optional,Selection constraint for System Options: optional,P77896-B21,Standard,HPE ProLiant Compute 8-pin GPU Power Cable Kit,0,$115.00,,NA,,No,01/06/2025,05/31/2028,UNCHANGED,$115.00,$0.00,$0.00,2026-08-12: $115.00 → 2026-08-12: $115.00 → 2026-08-13: $115.00 → 2026-08-14: $115.00 → 2026-08-16: $115.00 → 2026-08-19: $115.00 → 2026-08-22: $115.00 → 2026-08-22: $115.00 → 2026-08-24: (no price)
Accessories & Infrastructure,System Options,HPE OCA > DL380 Gen12 SFF > Accessories & Infrastructure > System Options,Cable Kit,Optional,0,Optional,Selection constraint for System Options: optional,P93055-B21,Standard,HPE GPU 16-pin Power Cable Kit,0,$53.00,,NA,,No,07/06/2026,06/30/2029,UNCHANGED,$53.00,$0.00,$0.00,2026-08-12: $53.00 → 2026-08-12: $53.00 → 2026-08-13: $53.00 → 2026-08-14: $53.00 → 2026-08-16: $53.00 → 2026-08-19: $53.00 → 2026-08-22: $53.00 → 2026-08-22: $53.00 → 2026-08-24: (no price)
Power Supplies,Flex Slot Power Supplies,HPE OCA > DL380 Gen12 SFF > Power Supplies > Flex Slot Power Supplies,Power Supply,"min 1, max 2",1,2,"Selection constraint for Flex Slot Power Supplies: min 1, max 2",P03178-B21,Standard,HPE 1000W Flex Slot Titanium Hot Plug Power Supply Kit,2,$926.00,,"$1,852.00",,No,12/05/2022,06/30/2028,UNCHANGED,$926.00,$0.00,$0.00,2026-08-12: $926.00 → 2026-08-12: $926.00 → 2026-08-13: $926.00 → 2026-08-14: $926.00 → 2026-08-16: $926.00 → 2026-08-19: $926.00 → 2026-08-22: $926.00 → 2026-08-22: $926.00 → 2026-08-24: $2.00 (▼)
Processor,Intel Xeon Scalable Processors,HPE OCA > DL380 Gen12 SFF > Processor > Intel Xeon Scalable Processors,Processor,"min 1, max 2",1,2,Mixing of Power supplies are not allowed.,P38995-B21,Standard,HPE 800W Flex Slot Platinum Hot Plug Low Halogen Power Supply Kit,0,$524.00,,NA,,No,02/01/2021,06/30/2028,UNCHANGED,$524.00,$0.00,$0.00,2026-08-12: $524.00 → 2026-08-12: $524.00 → 2026-08-13: $524.00 → 2026-08-14: $524.00 → 2026-08-16: $524.00 → 2026-08-19: $524.00 → 2026-08-22: $524.00 → 2026-08-22: $524.00 → 2026-08-24: (no price)
Processor,Intel Xeon Scalable Processors,HPE OCA > DL380 Gen12 SFF > Processor > Intel Xeon Scalable Processors,Processor,"min 1, max 2",1,2,Mixing of Power supplies are not allowed.,P38997-B21,Standard,HPE 1600W Flex Slot Platinum Hot Plug Low Halogen Power Supply Kit,0,$890.00,,NA,,No,02/01/2021,06/30/2028,UNCHANGED,$890.00,$0.00,$0.00,2026-08-12: $890.00 → 2026-08-12: $890.00 → 2026-08-13: $890.00 → 2026-08-14: $890.00 → 2026-08-16: $890.00 → 2026-08-19: $890.00 → 2026-08-22: $890.00 → 2026-08-22: $890.00 → 2026-08-24: (no price)
Processor,Intel Xeon Scalable Processors,HPE OCA > DL380 Gen12 SFF > Processor > Intel Xeon Scalable Processors,Processor,"min 1, max 2",1,2,Mixing of Power supplies are not allowed.,P44712-B21,Standard,HPE 1800W-2200W Flex Slot Titanium Hot Plug Power Supply Kit,0,"$1,588.00",,NA,,No,03/06/2023,11/30/2030,UNCHANGED,"$1,588.00",$0.00,$0.00,2026-08-12: $1588.00 → 2026-08-12: $1588.00 → 2026-08-13: $1588.00 → 2026-08-14: $1588.00 → 2026-08-16: $1588.00 → 2026-08-19: $1588.00 → 2026-08-22: $1588.00 → 2026-08-22: $1588.00 → 2026-08-24: (no price)
Power Supplies,-48VDC Power Supplies & Cable Kits,HPE OCA > DL380 Gen12 SFF > Power Supplies > -48VDC Power Supplies & Cable Kits,Power Supply,"min 1, max 2",1,2,If AC Power Supply is selected then only AC Power Cords should be in the drop-down.,P17023-B21,Standard,HPE 1600W Flex Slot -48VDC Hot Plug Power Supply Kit,0,"$1,561.00",,NA,,No,12/07/2020,06/30/2028,UNCHANGED,"$1,561.00",$0.00,$0.00,2026-08-12: $1561.00 → 2026-08-12: $1561.00 → 2026-08-13: $1561.00 → 2026-08-14: $1561.00 → 2026-08-16: $1561.00 → 2026-08-19: $1561.00 → 2026-08-22: $1561.00 → 2026-08-22: $1561.00 → 2026-08-24: (no price)
Cooling / Thermal,High Performance & Standard Fan Kits,HPE OCA > DL380 Gen12 SFF > Cooling / Thermal > High Performance & Standard Fan Kits,Cooling / Thermal,max 6,0,6,Selection constraint for High Performance & Standard Fan Kits: max 6,P48820-B21,Standard,HPE ProLiant DL380/DL560 Gen11 2U High Performance Fan Kit,1,$972.00,,$972.00,,No,01/10/2023,05/31/2028,UNCHANGED,$972.00,$0.00,$0.00,2026-08-12: $972.00 → 2026-08-12: $972.00 → 2026-08-13: $972.00 → 2026-08-14: $972.00 → 2026-08-16: $972.00 → 2026-08-19: $972.00 → 2026-08-22: $972.00 → 2026-08-22: $972.00 → 2026-08-24: $1.00 (▼)
Cooling / Thermal,High Performance & Standard Fan Kits,HPE OCA > DL380 Gen12 SFF > Cooling / Thermal > High Performance & Standard Fan Kits,Cooling / Thermal,max 6,0,6,Selection constraint for High Performance & Standard Fan Kits: max 6,P49146-B21,Standard,HPE ProLiant DL380 2U Standard Fan Kit,0,$115.00,,NA,,No,01/10/2023,05/31/2028,UNCHANGED,$115.00,$0.00,$0.00,2026-08-12: $115.00 → 2026-08-12: $115.00 → 2026-08-13: $115.00 → 2026-08-14: $115.00 → 2026-08-16: $115.00 → 2026-08-19: $115.00 → 2026-08-22: $115.00 → 2026-08-22: $115.00 → 2026-08-22: $115.00 → 2026-08-24: $1102023.00 (▲)
Cooling / Thermal,High Performance & Standard Fan Kits,HPE OCA > DL380 Gen12 SFF > Cooling / Thermal > High Performance & Standard Fan Kits,Cooling / Thermal,max 6,0,6,Selection constraint for High Performance & Standard Fan Kits: max 6,P62038-B21,Standard,HPE ProLiant Compute Direct Liquid Cooling 0.65m Quick Disconnect Tube Set FIO Kit,0,"$1,200.00",,NA,,No,04/03/2023,05/31/2028,UNCHANGED,"$1,200.00",$0.00,$0.00,2026-08-12: $1200.00 → 2026-08-12: $1200.00 → 2026-08-13: $1200.00 → 2026-08-14: $1200.00 → 2026-08-16: $1200.00 → 2026-08-19: $1200.00 → 2026-08-22: $1200.00 → 2026-08-22: $1200.00 → 2026-08-24: $4032023.00 (▲)
Cooling / Thermal,High Performance & Standard Fan Kits,HPE OCA > DL380 Gen12 SFF > Cooling / Thermal > High Performance & Standard Fan Kits,Cooling / Thermal,max 6,0,6,Selection constraint for High Performance & Standard Fan Kits: max 6,P62042-B21,Standard,HPE ProLiant DL3XX Gen11 Direct Liquid Cooling 55cm Quick Disconnect Tube Set FIO Kit,0,"$1,213.00",,NA,,No,04/03/2023,05/31/2028,UNCHANGED,"$1,213.00",$0.00,$0.00,2026-08-12: $1213.00 → 2026-08-12: $1213.00 → 2026-08-13: $1213.00 → 2026-08-14: $1213.00 → 2026-08-16: $1213.00 → 2026-08-19: $1213.00 → 2026-08-22: $1213.00 → 2026-08-22: $1213.00 → 2026-08-24: $4032023.00 (▲)
Cooling / Thermal,High Performance & Standard Fan Kits,HPE OCA > DL380 Gen12 SFF > Cooling / Thermal > High Performance & Standard Fan Kits,Cable Kit,max 6,0,6,Selection constraint for High Performance & Standard Fan Kits: max 6,P81130-B21,Standard,HPE ProLiant Compute DL380 Gen12 GPU Cooling Upgrade Enablement Kit,0,$559.00,,NA,,No,08/04/2025,06/30/2029,UNCHANGED,$559.00,$0.00,$0.00,2026-08-12: $559.00 → 2026-08-12: $559.00 → 2026-08-13: $559.00 → 2026-08-14: $559.00 → 2026-08-16: $559.00 → 2026-08-19: $559.00 → 2026-08-22: $559.00 → 2026-08-22: $559.00 → 2026-08-24: $8042025.00 (▲)
Power Supplies,-48VDC Power Supplies & Cable Kits,HPE OCA > DL380 Gen12 SFF > Power Supplies > -48VDC Power Supplies & Cable Kits,Cable Kit,"min 1, max 2",1,2,HPE 1600W -48VDC Pwr Cbl Lug Kit(P36877-B21) Supported only with HPE 1600W FS -48VDC Ht Plg PS Kit (P17023-B21).,P36877-B21,Standard,HPE 1600W -48VDC Power Cable Lug Kit,0,$135.00,,NA,,No,12/07/2020,06/30/2028,UNCHANGED,$135.00,$0.00,$0.00,2026-08-12: $135.00 → 2026-08-12: $135.00 → 2026-08-13: $135.00 → 2026-08-14: $135.00 → 2026-08-16: $135.00 → 2026-08-19: $135.00 → 2026-08-22: $135.00 → 2026-08-22: $135.00 → 2026-08-24: (no price)
Cables & Enablement Kits,Power Cords & Jumper Cables,HPE OCA > DL380 Gen12 SFF > Cables & Enablement Kits > Power Cords & Jumper Cables,Cable Kit,,0,,,P78145-B21,Standard,HPE C13 - C14 250V 10Amp 2m FIO Power Cord,2,$11.00,,$22.00,,No,02/03/2025,07/31/2028,UNCHANGED,$11.00,$0.00,$0.00,2026-08-12: $11.00 → 2026-08-12: $11.00 → 2026-08-13: $11.00 → 2026-08-14: $11.00 → 2026-08-16: $11.00 → 2026-08-19: $11.00 → 2026-08-22: $11.00 → 2026-08-22: $11.00 → 2026-08-24: $2.00 (▼)
Cables & Enablement Kits,Power Cords & Jumper Cables,HPE OCA > DL380 Gen12 SFF > Cables & Enablement Kits > Power Cords & Jumper Cables,Cable Kit,,0,,BTO products are not allowed in CTO Base Model.,A0N33A,Standard,HPE C13-NEMA 6-15P 10A/250V 3.6m Black Power Cord,0,$78.00,,NA,,No,08/30/2011,09/30/2031,UNCHANGED,$78.00,$0.00,$0.00,"$2,026.00"
Cables & Enablement Kits,Power Cords & Jumper Cables,HPE OCA > DL380 Gen12 SFF > Cables & Enablement Kits > Power Cords & Jumper Cables,Cable Kit,,0,,BTO products are not allowed in CTO Base Model.,A0K02A,Standard,HPE C13 - C14 WW 250V 10Amp 2.0m Jumper Cord,0,$34.00,,NA,,No,08/30/2011,09/30/2031,UNCHANGED,$34.00,$0.00,$0.00,"$2,026.00"
Power Supplies,-48VDC Power Supplies & Cable Kits,HPE OCA > DL380 Gen12 SFF > Power Supplies > -48VDC Power Supplies & Cable Kits,Cable Kit,"min 1, max 2",1,2,If AC Power Supply is selected then only AC Power Cords should be in the drop-down.,P22173-B21,Standard,HPE 1600W -48VDC 600V 3.5m Power Cable Kit,0,$818.00,,NA,,No,12/07/2020,06/30/2028,UNCHANGED,$818.00,$0.00,$0.00,"$2,026.00"
Software & Licenses,Server Management & Operating System Licenses,HPE OCA > DL380 Gen12 SFF > Software & Licenses > Server Management & Operating System Licenses,Service & Support,Unlimited,0,Unlimited,Selection constraint for Server Management & Operating System Licenses: no max,Q9R65A,Standard,Red Hat Enterprise Linux for SAP Solutions for Physical Nodes 3yr Subscription 24x7 Support LTU,0,"$6,737.00",,NA,,No,03/05/2018,11/30/2027,ADDED,N/A,"$6,737.00",$100.00,"$2,026.00"
Software & Licenses,Server Management & Operating System Licenses,HPE OCA > DL380 Gen12 SFF > Software & Licenses > Server Management & Operating System Licenses,Service & Support,Unlimited,0,Unlimited,Selection constraint for Server Management & Operating System Licenses: no max,Q9R66A,Standard,Red Hat Enterprise Linux for SAP Solutions for Physical Nodes 5yr Subscription 24x7 Support LTU,0,"$11,229.00",,NA,,No,03/05/2018,11/30/2027,ADDED,N/A,"$11,229.00",$100.00,"$2,026.00"
Software & Licenses,Server Management & Operating System Licenses,HPE OCA > DL380 Gen12 SFF > Software & Licenses > Server Management & Operating System Licenses,Service & Support,Unlimited,0,Unlimited,Selection constraint for Server Management & Operating System Licenses: no max,Q9R67A,Standard,Red Hat Enterprise Linux for SAP Solutions for Virtual DC 3yr Subscription 24x7 Support LTU,0,"$24,680.00",,NA,,No,03/05/2018,11/30/2027,ADDED,N/A,"$24,680.00",$100.00,"$2,026.00"
Software & Licenses,Server Management & Operating System Licenses,HPE OCA > DL380 Gen12 SFF > Software & Licenses > Server Management & Operating System Licenses,Service & Support,Unlimited,0,Unlimited,Selection constraint for Server Management & Operating System Licenses: no max,Q9R68A,Standard,Red Hat Enterprise Linux for SAP Solutions for Virtual DC 5yr Subscription 24x7 Support LTU,0,"$41,134.00",,NA,,No,03/05/2018,11/30/2027,ADDED,N/A,"$41,134.00",$100.00,"$2,026.00"
Software & Licenses,Server Management & Operating System Licenses,HPE OCA > DL380 Gen12 SFF > Software & Licenses > Server Management & Operating System Licenses,Operating System / License,Unlimited,0,Unlimited,Selection constraint for Server Management & Operating System Licenses: no max,Q5T84A,Standard,SUSE Linux Enterprise High Availability Extension 1-2 Sockets 1yr Subscription Flexible LTU,0,$752.00,,NA,,No,06/05/2017,09/30/2027,UNCHANGED,$752.00,$0.00,$0.00,"$2,026.00"
Software & Licenses,Server Management & Operating System Licenses,HPE OCA > DL380 Gen12 SFF > Software & Licenses > Server Management & Operating System Licenses,Operating System / License,Unlimited,0,Unlimited,Selection constraint for Server Management & Operating System Licenses: no max,Q5T85A,Standard,SUSE Linux Enterprise High Availability Extension 1-2 Sockets 5yr Subscription Flexible LTU,0,"$3,390.00",,NA,,No,06/05/2017,09/30/2027,UNCHANGED,"$3,390.00",$0.00,$0.00,"$2,026.00"
Software & Licenses,Server Management & Operating System Licenses,HPE OCA > DL380 Gen12 SFF > Software & Licenses > Server Management & Operating System Licenses,Service & Support,Unlimited,0,Unlimited,Selection constraint for Server Management & Operating System Licenses: no max,512485-B21,Standard,HPE iLO Advanced 1-server License with 1yr Support on iLO Licensed Features,0,$399.00,,NA,,No,11/18/2008,01/25/2036,ADDED,N/A,$399.00,$100.00,"$2,026.00"
Software & Licenses,Server Management & Operating System Licenses,HPE OCA > DL380 Gen12 SFF > Software & Licenses > Server Management & Operating System Licenses,Service & Support,Unlimited,0,Unlimited,Selection constraint for Server Management & Operating System Licenses: no max,BD505A,Standard,HPE iLO Advanced 1-server License with 3yr Support on iLO Licensed Features,1,$469.00,,$469.00,,No,03/26/2012,01/25/2036,ADDED,N/A,$469.00,$100.00,"$2,026.00"
Software & Licenses,Server Management & Operating System Licenses,HPE OCA > DL380 Gen12 SFF > Software & Licenses > Server Management & Operating System Licenses,Service & Support,Unlimited,0,Unlimited,Selection constraint for Server Management & Operating System Licenses: no max,512487-B21,Standard,HPE iLO Advanced AKA Tracking License with 1yr Support on iLO Licensed Features,0,$399.00,,NA,,No,03/04/2015,01/25/2036,ADDED,N/A,$399.00,$100.00,"$2,026.00"
Software & Licenses,Server Management & Operating System Licenses,HPE OCA > DL380 Gen12 SFF > Software & Licenses > Server Management & Operating System Licenses,Service & Support,Unlimited,0,Unlimited,Selection constraint for Server Management & Operating System Licenses: no max,BD507A,Standard,HPE iLO Advanced AKA Tracking License with 3yr Support on iLO Licensed Features,0,$469.00,,NA,,No,03/26/2012,01/25/2036,ADDED,N/A,$469.00,$100.00,"$2,026.00"
Software & Licenses,Server Management & Operating System Licenses,HPE OCA > DL380 Gen12 SFF > Software & Licenses > Server Management & Operating System Licenses,Service & Support,Unlimited,0,Unlimited,Selection constraint for Server Management & Operating System Licenses: no max,E6U59ABE,Standard,HPE iLO Advanced Electronic License with 1yr Support on iLO Licensed Features,0,$399.00,,NA,,No,09/10/2013,01/25/2036,ADDED,N/A,$399.00,$100.00,"$2,026.00"
Software & Licenses,Server Management & Operating System Licenses,HPE OCA > DL380 Gen12 SFF > Software & Licenses > Server Management & Operating System Licenses,Service & Support,Unlimited,0,Unlimited,Selection constraint for Server Management & Operating System Licenses: no max,E6U64ABE,Standard,HPE iLO Advanced Electronic License with 3yr Support on iLO Licensed Features,0,$467.00,,NA,,No,09/10/2013,01/25/2036,ADDED,N/A,$467.00,$100.00,"$2,026.00"
Software & Licenses,Server Management & Operating System Licenses,HPE OCA > DL380 Gen12 SFF > Software & Licenses > Server Management & Operating System Licenses,Operating System / License,Unlimited,0,Unlimited,Selection constraint for Server Management & Operating System Licenses: no max,P77110-AA1,Standard,Microsoft Windows Server 2025 1 User CAL Chinese Simplified LTU,0,$0.00,,NA,,No,12/02/2024,11/30/2027,ADDED,N/A,$0.00,$0.00,2026-08-12: (no price) → 2026-08-12: (no price) → 2026-08-13: (no price) → 2026-08-14: (no price) → 2026-08-24: (no price)
Software & Licenses,Server Management & Operating System Licenses,HPE OCA > DL380 Gen12 SFF > Software & Licenses > Server Management & Operating System Licenses,Operating System / License,Unlimited,0,Unlimited,Selection constraint for Server Management & Operating System Licenses: no max,P77110-B21,Standard,Microsoft Windows Server 2025 1 User CAL WW LTU,0,$72.00,,NA,,No,12/02/2024,11/30/2027,ADDED,N/A,$72.00,$100.00,"$2,026.00"
Software & Licenses,Server Management & Operating System Licenses,HPE OCA > DL380 Gen12 SFF > Software & Licenses > Server Management & Operating System Licenses,Operating System / License,Unlimited,0,Unlimited,Selection constraint for Server Management & Operating System Licenses: no max,P77111-B21,Standard,Microsoft Windows Server 2025 1 Device CAL WW LTU,0,$52.00,,NA,,No,12/02/2024,11/30/2027,ADDED,N/A,$52.00,$100.00,"$2,026.00"
Software & Licenses,Server Management & Operating System Licenses,HPE OCA > DL380 Gen12 SFF > Software & Licenses > Server Management & Operating System Licenses,Operating System / License,Unlimited,0,Unlimited,Selection constraint for Server Management & Operating System Licenses: no max,P77112-AA1,Standard,Microsoft Windows Server 2025 5 Users CAL Chinese Simplified LTU,0,$0.00,,NA,,No,12/02/2024,11/30/2027,ADDED,N/A,$0.00,$0.00,2026-08-12: (no price) → 2026-08-12: (no price) → 2026-08-13: (no price) → 2026-08-14: (no price) → 2026-08-24: (no price)
Software & Licenses,Server Management & Operating System Licenses,HPE OCA > DL380 Gen12 SFF > Software & Licenses > Server Management & Operating System Licenses,Operating System / License,Unlimited,0,Unlimited,Selection constraint for Server Management & Operating System Licenses: no max,P77112-AB1,Standard,Microsoft Windows Server 2025 5 Users CAL Chinese Traditional LTU,0,$0.00,,NA,,No,12/02/2024,11/30/2027,ADDED,N/A,$0.00,$0.00,2026-08-12: (no price) → 2026-08-12: (no price) → 2026-08-13: (no price) → 2026-08-14: (no price) → 2026-08-24: (no price)
Software & Licenses,Server Management & Operating System Licenses,HPE OCA > DL380 Gen12 SFF > Software & Licenses > Server Management & Operating System Licenses,Operating System / License,Unlimited,0,Unlimited,Selection constraint for Server Management & Operating System Licenses: no max,P77112-B21,Standard,Microsoft Windows Server 2025 5 Users CAL WW LTU,0,$322.00,,NA,,No,12/02/2024,11/30/2027,ADDED,N/A,$322.00,$100.00,"$2,026.00"
Software & Licenses,Server Management & Operating System Licenses,HPE OCA > DL380 Gen12 SFF > Software & Licenses > Server Management & Operating System Licenses,Operating System / License,Unlimited,0,Unlimited,Selection constraint for Server Management & Operating System Licenses: no max,P77113-B21,Standard,Microsoft Windows Server 2025 5 Devices CAL WW LTU,0,$226.00,,NA,,No,12/02/2024,11/30/2027,ADDED,N/A,$226.00,$100.00,"$2,026.00"
Software & Licenses,Server Management & Operating System Licenses,HPE OCA > DL380 Gen12 SFF > Software & Licenses > Server Management & Operating System Licenses,Operating System / License,Unlimited,0,Unlimited,Selection constraint for Server Management & Operating System Licenses: no max,P77114-B21,Standard,Microsoft Windows Server 2025 10 Users CAL WW LTU,0,$636.00,,NA,,No,12/02/2024,11/30/2027,ADDED,N/A,$636.00,$100.00,"$2,026.00"
Software & Licenses,Server Management & Operating System Licenses,HPE OCA > DL380 Gen12 SFF > Software & Licenses > Server Management & Operating System Licenses,Operating System / License,Unlimited,0,Unlimited,Selection constraint for Server Management & Operating System Licenses: no max,P77115-B21,Standard,Microsoft Windows Server 2025 10 Devices CAL WW LTU,0,$444.00,,NA,,No,12/02/2024,11/30/2027,ADDED,N/A,$444.00,$100.00,"$2,026.00"
Software & Licenses,Server Management & Operating System Licenses,HPE OCA > DL380 Gen12 SFF > Software & Licenses > Server Management & Operating System Licenses,Operating System / License,Unlimited,0,Unlimited,Selection constraint for Server Management & Operating System Licenses: no max,P77116-B21,Standard,Microsoft Windows Server 2025 50 Users CAL WW LTU,0,"$3,143.00",,NA,,No,12/02/2024,11/30/2027,ADDED,N/A,"$3,143.00",$100.00,"$2,026.00"
Software & Licenses,Server Management & Operating System Licenses,HPE OCA > DL380 Gen12 SFF > Software & Licenses > Server Management & Operating System Licenses,Operating System / License,Unlimited,0,Unlimited,Selection constraint for Server Management & Operating System Licenses: no max,P77117-B21,Standard,Microsoft Windows Server 2025 50 Devices CAL WW LTU,0,"$2,184.00",,NA,,No,12/02/2024,11/30/2027,ADDED,N/A,"$2,184.00",$100.00,"$2,026.00"
Software & Licenses,Server Management & Operating System Licenses,HPE OCA > DL380 Gen12 SFF > Software & Licenses > Server Management & Operating System Licenses,Service & Support,Unlimited,0,Unlimited,Selection constraint for Server Management & Operating System Licenses: no max,P77118-B21,Standard,Microsoft Windows Server 2025 Remote Desktop Service 1 User CAL WW LTU,0,$280.00,,NA,,No,12/02/2024,11/30/2027,ADDED,N/A,$280.00,$100.00,"$2,026.00"
Software & Licenses,Server Management & Operating System Licenses,HPE OCA > DL380 Gen12 SFF > Software & Licenses > Server Management & Operating System Licenses,Service & Support,Unlimited,0,Unlimited,Selection constraint for Server Management & Operating System Licenses: no max,P77119-B21,Standard,Microsoft Windows Server 2025 Remote Desktop Service 1 Device CAL WW LTU,0,$201.00,,NA,,No,12/02/2024,11/30/2027,ADDED,N/A,$201.00,$100.00,"$2,026.00"
Software & Licenses,Server Management & Operating System Licenses,HPE OCA > DL380 Gen12 SFF > Software & Licenses > Server Management & Operating System Licenses,Service & Support,Unlimited,0,Unlimited,Selection constraint for Server Management & Operating System Licenses: no max,P77120-B21,Standard,Microsoft Windows Server 2025 Remote Desktop Service 5 Users CAL WW LTU,0,"$1,364.00",,NA,,No,12/02/2024,11/30/2027,ADDED,N/A,"$1,364.00",$100.00,"$2,026.00"
Software & Licenses,Server Management & Operating System Licenses,HPE OCA > DL380 Gen12 SFF > Software & Licenses > Server Management & Operating System Licenses,Service & Support,Unlimited,0,Unlimited,Selection constraint for Server Management & Operating System Licenses: no max,P77121-B21,Standard,Microsoft Windows Server 2025 Remote Desktop Service 5 Devices CAL WW LTU,0,$974.00,,NA,,No,12/02/2024,11/30/2027,ADDED,N/A,$974.00,$100.00,"$2,026.00"
Software & Licenses,Server Management & Operating System Licenses,HPE OCA > DL380 Gen12 SFF > Software & Licenses > Server Management & Operating System Licenses,Service & Support,Unlimited,0,Unlimited,Selection constraint for Server Management & Operating System Licenses: no max,P77122-B21,Standard,Microsoft Windows Server 2025 Remote Desktop Service 50 Users CAL WW LTU,0,"$13,566.00",,NA,,No,12/02/2024,11/30/2027,ADDED,N/A,"$13,566.00",$100.00,"$2,026.00"
Software & Licenses,Server Management & Operating System Licenses,HPE OCA > DL380 Gen12 SFF > Software & Licenses > Server Management & Operating System Licenses,Service & Support,Unlimited,0,Unlimited,Selection constraint for Server Management & Operating System Licenses: no max,P77123-B21,Standard,Microsoft Windows Server 2025 Remote Desktop Service 50 Devices CAL WW LTU,0,"$9,666.00",,NA,,No,12/02/2024,11/30/2027,ADDED,N/A,"$9,666.00",$100.00,"$2,026.00"
Accessories & Infrastructure,System Options,HPE OCA > DL380 Gen12 SFF > Accessories & Infrastructure > System Options,Service & Support,Optional,0,Optional,Selection constraint for System Options: optional,AC120A,Standard,HPE Pallet Size Customization Service,0,$7.00,,,,No,,,ADDED,N/A,$7.00,$100.00,"$2,026.00"
Accessories & Infrastructure,System Options,HPE OCA > DL380 Gen12 SFF > Accessories & Infrastructure > System Options,Service & Support,Optional,0,Optional,Selection constraint for System Options: optional,AC129A,Standard,HPE Consolidation Logistic Service,0,$26.00,,,,No,,,ADDED,N/A,$26.00,$100.00,"$2,026.00"
Accessories & Infrastructure,System Options,HPE OCA > DL380 Gen12 SFF > Accessories & Infrastructure > System Options,Service & Support,Optional,0,Optional,Selection constraint for System Options: optional,P1F69A,Standard,HPE Delivery Site Above Ground Floor Service,0,$289.00,,,,No,,,ADDED,N/A,$289.00,$100.00,"$2,026.00"
Accessories & Infrastructure,System Options,HPE OCA > DL380 Gen12 SFF > Accessories & Infrastructure > System Options,Service & Support,Optional,0,Optional,Selection constraint for System Options: optional,P1F70A,Standard,HPE Forklift at Delivery Service,0,"$1,399.00",,,,No,,,ADDED,N/A,"$1,399.00",$100.00,"$2,026.00"
Accessories & Infrastructure,System Options,HPE OCA > DL380 Gen12 SFF > Accessories & Infrastructure > System Options,Service & Support,Optional,0,Optional,Selection constraint for System Options: optional,P1F71A,Standard,HPE Special Delivery Truck Size Service,0,$292.00,,,,No,,,ADDED,N/A,$292.00,$100.00,"$2,026.00"
Accessories & Infrastructure,System Options,HPE OCA > DL380 Gen12 SFF > Accessories & Infrastructure > System Options,Chassis Infrastructure,Optional,0,Optional,Selection constraint for System Options: optional,P1F72A,Standard,HPE Two People at Delivery SVC,0,$466.00,,,,No,,,ADDED,N/A,$466.00,$100.00,"$2,026.00"
Accessories & Infrastructure,System Options,HPE OCA > DL380 Gen12 SFF > Accessories & Infrastructure > System Options,Service & Support,Optional,0,Optional,Selection constraint for System Options: optional,P1F73A,Standard,HPE Campus Delivery Service,0,$104.00,,,,No,,,ADDED,N/A,$104.00,$100.00,"$2,026.00"
Accessories & Infrastructure,System Options,HPE OCA > DL380 Gen12 SFF > Accessories & Infrastructure > System Options,Service & Support,Optional,0,Optional,Selection constraint for System Options: optional,P1F74A,Standard,HPE Unloading Logistic Service,0,$350.00,,,,No,,,ADDED,N/A,$350.00,$100.00,"$2,026.00"
Accessories & Infrastructure,System Options,HPE OCA > DL380 Gen12 SFF > Accessories & Infrastructure > System Options,Service & Support,Optional,0,Optional,Selection constraint for System Options: optional,P1F75A,Standard,HPE Fixed Delivery Appointment Service,0,$466.00,,,,No,,,ADDED,N/A,$466.00,$100.00,"$2,026.00"
Accessories & Infrastructure,System Options,HPE OCA > DL380 Gen12 SFF > Accessories & Infrastructure > System Options,Chassis Infrastructure,Optional,0,Optional,Selection constraint for System Options: optional,P1F76A,Standard,HPE Pre-Delivery Site Survey SVC,0,$758.00,,,,No,,,ADDED,N/A,$758.00,$100.00,"$2,026.00"
Accessories & Infrastructure,System Options,HPE OCA > DL380 Gen12 SFF > Accessories & Infrastructure > System Options,Service & Support,Optional,0,Optional,Selection constraint for System Options: optional,AC123A,Standard,HPE Special Request/ Equipment Logistic Service,0,$816.00,,,,No,,,ADDED,N/A,$816.00,$100.00,"$2,026.00"
Accessories & Infrastructure,System Options,HPE OCA > DL380 Gen12 SFF > Accessories & Infrastructure > System Options,Service & Support,Optional,0,Optional,Selection constraint for System Options: optional,BQ335A,Standard,HPE Expedite Shipment Small Logistic Service,0,$44.00,,,,No,,,ADDED,N/A,$44.00,$100.00,"$2,026.00"
Accessories & Infrastructure,System Options,HPE OCA > DL380 Gen12 SFF > Accessories & Infrastructure > System Options,Service & Support,Optional,0,Optional,Selection constraint for System Options: optional,BQ337A,Standard,HPE Expedite Shipment Large Logistic Service,0,$100.00,,,,No,,,ADDED,N/A,$100.00,$100.00,"$2,026.00"
Accessories & Infrastructure,(Sub-table),HPE OCA > DL380 Gen12 SFF > Accessories & Infrastructure > (Sub-table),Discontinued Hardware,Discontinued,0,Discontinued,[DISCONTINUED] SKU present in previous scrape but removed from active catalog,P52341-B21,Standard,[REMOVED SKU] [REMOVED SKU] HPE ProLiant DL3XX Gen11 Easy Install Rail 3 Kit,0,$164.00,-,$0.00,-,No,11/10/2022,2026-08-24,ATTRIBUTE_CHANGED,$164.00,$0.00,$0.00,2026-08-12: $164.00 → 2026-08-12: $164.00 → 2026-08-13: $164.00 → 2026-08-14: $164.00 → 2026-08-16: $164.00 → 2026-08-19: $164.00 → 2026-08-22: $164.00 (↩ REINSTATED) → 2026-08-22: $164.00 → 2026-08-22: $164.00 (✕ REMOVED) → 2026-08-22: $164.00 (↩ REINSTATED) → 2026-08-22: $164.00 → 2026-08-24: $11102022.00 (▲)
Accessories & Infrastructure,(Sub-table),HPE OCA > DL380 Gen12 SFF > Accessories & Infrastructure > (Sub-table),Discontinued Hardware,Discontinued,0,Discontinued,[DISCONTINUED] SKU present in previous scrape but removed from active catalog,P70744-B21,Standard,[REMOVED SKU] [REMOVED SKU] HPE ProLiant Compute DL3XX Gen12 2U Cable Management Arm for Rail Kit,0,$172.00,-,$0.00,-,No,02/24/2025,2026-08-24,ATTRIBUTE_CHANGED,$172.00,$0.00,$0.00,2026-08-12: $172.00 → 2026-08-12: $172.00 → 2026-08-13: $172.00 → 2026-08-14: $172.00 → 2026-08-16: $172.00 → 2026-08-19: $172.00 → 2026-08-22: $172.00 (↩ REINSTATED) → 2026-08-22: $172.00 → 2026-08-22: $172.00 (✕ REMOVED) → 2026-08-22: $172.00 (↩ REINSTATED) → 2026-08-22: $172.00 → 2026-08-24: $2242025.00 (▲)
Accessories & Infrastructure,(Sub-table),HPE OCA > DL380 Gen12 SFF > Accessories & Infrastructure > (Sub-table),Discontinued Hardware,Discontinued,0,Discontinued,[DISCONTINUED] SKU present in previous scrape but removed from active catalog,P74748-B21,Standard,[REMOVED SKU] [REMOVED SKU] HPE ProLiant Compute DL380 Gen12 System Insight Display Kit,0,$117.00,-,$0.00,-,No,02/24/2025,2026-08-24,ATTRIBUTE_CHANGED,$117.00,$0.00,$0.00,2026-08-12: $117.00 → 2026-08-12: $117.00 → 2026-08-13: $117.00 → 2026-08-14: $117.00 → 2026-08-16: $117.00 → 2026-08-19: $117.00 → 2026-08-22: $117.00 (↩ REINSTATED) → 2026-08-22: $117.00 → 2026-08-22: $117.00 (✕ REMOVED) → 2026-08-22: $117.00 (↩ REINSTATED) → 2026-08-22: $117.00 → 2026-08-24: $2242025.00 (▲)