Main Category,Sub-Category,Hierarchy Path,Component Role,Constraint Text,Subcategory Min Qty,Subcategory Max Qty,Table Rule/Note,Product #,Option Type,Description,Current Qty,Unit Price (USD),Price Delta (USD),Extended Price (USD),Price per GB (USD),HPE Recommended,Availability,Lead Time,Lead Time Source,Lifecycle Status,Start Date,Discontinued Date,Vendor Attributes (JSON),Diff Status,Previous List Price (USD),Price Change (USD),Price Change (%),Price History Trail
Chassis,Variants,HPE OCA > OCA Solution > Chassis > Variants,Base Chassis,"min 1, max 1",1,1,"Select exactly one currently discoverable, non-TAA/non-GTA CTO base chassis",P52532-B21,CTO,HPE ProLiant DL380 Gen11 8LFF NC Configure-to-order Server,1,"$1,750.00",,,,Yes,Available in OCA product catalog,EDT 27 - 34 days,OCA selected configuration estimate,Active,2026-08-28,2026-09-09,,UNCHANGED,"$1,750.00",$0.00,$0.00,2026-08-27: $1750.00 → 2026-08-28: $1750.00 (✕ REMOVED) → 2026-09-09: $1750.00 (✕ REMOVED) → 2026-09-10: $1750.00
Chassis,Variants,HPE OCA > OCA Solution > Chassis > Variants,Base Chassis,"min 1, max 1",1,1,"Select exactly one currently discoverable, non-TAA/non-GTA CTO base chassis",P52533-B21,CTO,HPE ProLiant DL380 Gen11 12LFF NC Configure-to-order Server,1,"$1,900.00",,,,Yes,Available in OCA product catalog,,Not published by OCA,Active,2026-08-28,2026-09-09,,UNCHANGED,"$1,900.00",$0.00,$0.00,2026-08-27: $1900.00 → 2026-08-28: $1900.00 (✕ REMOVED) → 2026-09-09: $1900.00 (✕ REMOVED) → 2026-09-10: $1900.00
Chassis,Variants,HPE OCA > OCA Solution > Chassis > Variants,Base Chassis,"min 1, max 1",1,1,"Select exactly one currently discoverable, non-TAA/non-GTA CTO base chassis",P52534-B21,CTO,HPE ProLiant DL380 Gen11 8SFF NC Configure-to-order Server,1,"$1,650.00",,,,Yes,Available in OCA product catalog,,Not published by OCA,Active,2026-08-28,2026-09-09,,UNCHANGED,"$1,650.00",$0.00,$0.00,2026-08-10: $5070.00 → 2026-08-27: $1650.00 (✕ REMOVED) → 2026-08-28: $1650.00 (✕ REMOVED) → 2026-09-09: $1650.00 (✕ REMOVED) → 2026-09-10: $1650.00
Chassis,Variants,HPE OCA > OCA Solution > Chassis > Variants,Base Chassis,"min 1, max 1",1,1,"Select exactly one currently discoverable, non-TAA/non-GTA CTO base chassis",P52535-B21,CTO,HPE ProLiant DL380 Gen11 24SFF NC Configure-to-order Server,1,"$2,100.00",,,,Yes,Available in OCA product catalog,,Not published by OCA,Active,2026-08-28,2026-09-09,,UNCHANGED,"$2,100.00",$0.00,$0.00,2026-08-10: $1900.00 → 2026-08-27: $2100.00 (▲) → 2026-08-28: $2100.00 (✕ REMOVED) → 2026-09-09: $2100.00 (✕ REMOVED) → 2026-09-10: $2100.00
Chassis,Variants,HPE OCA > OCA Solution > Chassis > Variants,Base Chassis,"min 1, max 1",1,1,"Select exactly one currently discoverable, non-TAA/non-GTA CTO base chassis",P52536-B21,CTO,HPE ProLiant DL380 Gen11 12EDSFF NC Configure-to-order Server,1,"$2,250.00",,,,Yes,Available in OCA product catalog,,Not published by OCA,Active,2026-08-28,2026-09-09,,UNCHANGED,"$2,250.00",$0.00,$0.00,2026-08-10: $2250.00 → 2026-08-27: $2250.00 (✕ REMOVED) → 2026-08-28: $2250.00 (✕ REMOVED) → 2026-09-09: $2250.00 (✕ REMOVED) → 2026-09-10: $2250.00
Accessories & Infrastructure,Energy Star Configuration Presets,HPE OCA > OCA Solution > Accessories & Infrastructure > Energy Star Configuration Presets,Chassis Infrastructure,max 1,0,1,Selection constraint for Energy Star Configuration Presets: max 1,P68503-B21,Standard,ENERGY STAR 4.0 FIO Trigger Configuration Kit for HPE,0,$1.00,,NA,,No,Available,,Not published by OCA,Active,12/04/2023,05/31/2028,"{""Extended Price (USD)"":""NA""}",UNCHANGED,$1.00,$0.00,$0.00,2026-08-27: (no price) → 2026-08-28: (no price) → 2026-09-09: $1.00 → 2026-09-10: $1.00
Processor,Processors,HPE OCA > OCA Solution > Processor > Processors,Processor,"min 1, max 2",1,2,Selection constraint for Processors: max 2,P49621-B21,Standard,Intel Xeon-Gold 6418H 2.1GHz 24-core 185W Processor for HPE,0,"$7,285.00","$2,352.00","$14,570.00",,No,Available,,Not published by OCA,Active,05/01/2023,07/31/2027,"{""Price Delta (USD)"":""+2,352.00"",""Extended Price (USD)"":""14,570.00""}",UNCHANGED,"$7,285.00",$0.00,$0.00,2026-08-27: (no price) → 2026-08-28: (no price) → 2026-09-09: $7285.00 → 2026-09-10: $7285.00
Processor,Processors,HPE OCA > OCA Solution > Processor > Processors,Processor,"min 1, max 2",1,2,Selection constraint for Processors: max 2,P67096-B21,Standard,Intel Xeon-Gold 6538Y+ 2.2GHz 32-core 225W Processor for HPE,0,"$8,173.00","$3,240.00","$16,346.00",,No,Available,,Not published by OCA,Active,12/14/2023,07/31/2027,"{""Price Delta (USD)"":""+3,240.00"",""Extended Price (USD)"":""16,346.00""}",UNCHANGED,"$8,173.00",$0.00,$0.00,2026-08-27: (no price) → 2026-08-28: (no price) → 2026-09-09: $8173.00 → 2026-09-10: $8173.00
Processor,Processors,HPE OCA > OCA Solution > Processor > Processors,Processor,"min 1, max 2",1,2,Selection constraint for Processors: max 2,P67097-B21,Standard,Intel Xeon-Platinum 8558 2.1GHz 48-core 330W Processor for HPE,0,"$14,218.00","$9,285.00","$28,436.00",,No,Available,,Not published by OCA,Active,12/14/2023,07/31/2027,"{""Price Delta (USD)"":""+9,285.00"",""Extended Price (USD)"":""28,436.00""}",UNCHANGED,"$14,218.00",$0.00,$0.00,2026-08-27: (no price) → 2026-08-28: (no price) → 2026-09-09: $14218.00 → 2026-09-10: $14218.00
Processor,Processors,HPE OCA > OCA Solution > Processor > Processors,Processor,"min 1, max 2",1,2,Selection constraint for Processors: max 2,P49653-B21,Standard,Intel Xeon-Gold 5416S 2.0GHz 16-core 150W Processor for HPE,0,"$3,017.00","-$1,916.00","$6,034.00",,No,Available,,Not published by OCA,Active,04/03/2023,02/28/2027,"{""Price Delta (USD)"":""-1,916.00"",""Extended Price (USD)"":""6,034.00""}",UNCHANGED,"$3,017.00",$0.00,$0.00,2026-08-27: (no price) → 2026-08-28: (no price) → 2026-09-09: $3017.00 → 2026-09-10: $3017.00
Processor,Processors,HPE OCA > OCA Solution > Processor > Processors,Processor,"min 1, max 2",1,2,Selection constraint for Processors: max 2,P67080-B21,Standard,Intel Xeon-Gold 6526Y 2.8GHz 16-core 195W Processor for HPE,0,"$4,014.00",-$919.00,"$8,028.00",,No,Available,,Not published by OCA,Active,12/14/2023,07/31/2027,"{""Price Delta (USD)"":""-919.00"",""Extended Price (USD)"":""8,028.00""}",UNCHANGED,"$4,014.00",$0.00,$0.00,2026-08-27: (no price) → 2026-08-28: (no price) → 2026-09-09: $4014.00 → 2026-09-10: $4014.00
Processor,Processors,HPE OCA > OCA Solution > Processor > Processors,Processor,"min 1, max 2",1,2,Selection constraint for Processors: max 2,P67081-B21,Standard,Intel Xeon-Gold 6542Y 2.9GHz 24-core 250W Processor for HPE,0,"$6,769.00","$1,836.00","$13,538.00",,No,Available,,Not published by OCA,Active,12/14/2023,07/31/2027,"{""Price Delta (USD)"":""+1,836.00"",""Extended Price (USD)"":""13,538.00""}",UNCHANGED,"$6,769.00",$0.00,$0.00,2026-08-27: (no price) → 2026-08-28: (no price) → 2026-09-09: $6769.00 → 2026-09-10: $6769.00
Processor,Processors,HPE OCA > OCA Solution > Processor > Processors,Processor,"min 1, max 2",1,2,Selection constraint for Processors: max 2,P67082-B21,Standard,Intel Xeon-Gold 6548Y+ 2.5GHz 32-core 250W Processor for HPE,0,"$10,516.00","$5,583.00","$21,032.00",,No,Available,,Not published by OCA,Active,12/14/2023,07/31/2027,"{""Price Delta (USD)"":""+5,583.00"",""Extended Price (USD)"":""21,032.00""}",UNCHANGED,"$10,516.00",$0.00,$0.00,2026-08-27: (no price) → 2026-08-28: (no price) → 2026-09-09: $10516.00 → 2026-09-10: $10516.00
Processor,Processors,HPE OCA > OCA Solution > Processor > Processors,Processor,"min 1, max 2",1,2,Selection constraint for Processors: max 2,P67083-B21,Standard,Intel Xeon-Gold 6534 3.9GHz 8-core 195W Processor for HPE,0,"$7,947.00","$3,014.00","$15,894.00",,No,Available,,Not published by OCA,Active,12/14/2023,07/31/2027,"{""Price Delta (USD)"":""+3,014.00"",""Extended Price (USD)"":""15,894.00""}",UNCHANGED,"$7,947.00",$0.00,$0.00,2026-08-27: (no price) → 2026-08-28: (no price) → 2026-09-09: $7947.00 → 2026-09-10: $7947.00
Processor,Processors,HPE OCA > OCA Solution > Processor > Processors,Processor,"min 1, max 2",1,2,Selection constraint for Processors: max 2,P67084-B21,Standard,Intel Xeon-Gold 6544Y 3.6GHz 16-core 270W Processor for HPE,0,"$11,074.00","$6,141.00","$22,148.00",,No,Available,,Not published by OCA,Active,12/14/2023,07/31/2027,"{""Price Delta (USD)"":""+6,141.00"",""Extended Price (USD)"":""22,148.00""}",UNCHANGED,"$11,074.00",$0.00,$0.00,2026-08-27: (no price) → 2026-08-28: (no price) → 2026-09-09: $11074.00 → 2026-09-10: $11074.00
Processor,Processors,HPE OCA > OCA Solution > Processor > Processors,Processor,"min 1, max 2",1,2,Selection constraint for Processors: max 2,P67085-B21,Standard,Intel Xeon-Platinum 8562Y+ 2.8GHz 32-core 300W Processor for HPE,0,"$14,682.00","$9,749.00","$29,364.00",,No,Available,,Not published by OCA,Active,12/14/2023,07/31/2027,"{""Price Delta (USD)"":""+9,749.00"",""Extended Price (USD)"":""29,364.00""}",UNCHANGED,"$14,682.00",$0.00,$0.00,2026-08-27: (no price) → 2026-08-28: (no price) → 2026-09-09: $14682.00 → 2026-09-10: $14682.00
Processor,Processors,HPE OCA > OCA Solution > Processor > Processors,Processor,"min 1, max 2",1,2,Selection constraint for Processors: max 2,P67091-B21,Standard,Intel Xeon-Silver 4510 2.4GHz 12-core 150W Processor for HPE,0,"$1,756.00","-$3,177.00","$3,512.00",,No,Available,,Not published by OCA,Active,12/14/2023,07/31/2027,"{""Price Delta (USD)"":""-3,177.00"",""Extended Price (USD)"":""3,512.00""}",UNCHANGED,"$1,756.00",$0.00,$0.00,2026-08-27: (no price) → 2026-08-28: (no price) → 2026-09-09: $1756.00 → 2026-09-10: $1756.00
Processor,Processors,HPE OCA > OCA Solution > Processor > Processors,Processor,"min 1, max 2",1,2,Selection constraint for Processors: max 2,P67092-B21,Standard,Intel Xeon-Silver 4514Y 2.0GHz 16-core 150W Processor for HPE,0,"$2,457.00","-$2,476.00","$4,914.00",,No,Available,,Not published by OCA,Active,12/14/2023,07/31/2027,"{""Price Delta (USD)"":""-2,476.00"",""Extended Price (USD)"":""4,914.00""}",UNCHANGED,"$2,457.00",$0.00,$0.00,2026-08-27: (no price) → 2026-08-28: (no price) → 2026-09-09: $2457.00 → 2026-09-10: $2457.00
Processor,Processors,HPE OCA > OCA Solution > Processor > Processors,Processor,"min 1, max 2",1,2,Selection constraint for Processors: max 2,P67094-B21,Standard,Intel Xeon-Gold 5520+ 2.2GHz 28-core 205W Processor for HPE,0,"$4,959.00",$26.00,"$9,918.00",,No,Available,,Not published by OCA,Active,12/14/2023,07/31/2027,"{""Price Delta (USD)"":""+26.00"",""Extended Price (USD)"":""9,918.00""}",UNCHANGED,"$4,959.00",$0.00,$0.00,2026-08-27: (no price) → 2026-08-28: (no price) → 2026-09-09: $4959.00 → 2026-09-10: $4959.00
Processor,Processors,HPE OCA > OCA Solution > Processor > Processors,Processor,"min 1, max 2",1,2,Selection constraint for Processors: max 2,P67095-B21,Standard,Intel Xeon-Gold 6530 2.1GHz 32-core 270W Processor for HPE,0,"$4,933.00",$0.00,"$9,866.00",,No,Available,,Not published by OCA,Active,12/14/2023,07/31/2027,"{""Price Delta (USD)"":""+0.00"",""Extended Price (USD)"":""9,866.00""}",UNCHANGED,"$4,933.00",$0.00,$0.00,2026-08-27: $4933.00 → 2026-08-28: (no price) → 2026-09-10: $4933.00
Processor,Processors,HPE OCA > OCA Solution > Processor > Processors,Processor,"min 1, max 2",1,2,Selection constraint for Processors: max 2,P67098-B21,Standard,Intel Xeon-Gold 6558Q 3.2GHz 32-core 350W Processor for HPE,0,"$15,846.00","$10,913.00","$31,692.00",,No,Available,,Not published by OCA,Active,12/14/2023,07/31/2027,"{""Price Delta (USD)"":""+10,913.00"",""Extended Price (USD)"":""31,692.00""}",UNCHANGED,"$15,846.00",$0.00,$0.00,2026-08-27: (no price) → 2026-08-28: (no price) → 2026-09-09: $15846.00 → 2026-09-10: $15846.00
Processor,Processors,HPE OCA > OCA Solution > Processor > Processors,Processor,"min 1, max 2",1,2,Selection constraint for Processors: max 2,P67105-B21,Standard,Intel Xeon-Gold 6548N 2.8GHz 32-core 250W Processor for HPE,0,"$11,165.00","$6,232.00","$22,330.00",,No,Available,,Not published by OCA,Active,12/14/2023,07/31/2027,"{""Price Delta (USD)"":""+6,232.00"",""Extended Price (USD)"":""22,330.00""}",UNCHANGED,"$11,165.00",$0.00,$0.00,2026-08-27: (no price) → 2026-08-28: (no price) → 2026-09-09: $11165.00 → 2026-09-10: $11165.00
Processor,Processors,HPE OCA > OCA Solution > Processor > Processors,Processor,"min 1, max 2",1,2,Selection constraint for Processors: max 2,P49605-B21,Standard,Intel Xeon-Platinum 8468 2.1GHz 48-core 350W Processor for HPE,0,"$15,149.00","$10,216.00","$30,298.00",,No,EOL Warning (90-Day),,Not published by OCA,EOL Warning (90-Day),01/10/2023,10/31/2026,"{""Price Delta (USD)"":""+10,216.00"",""Extended Price (USD)"":""30,298.00""}",UNCHANGED,"$15,149.00",$0.00,$0.00,2026-08-27: (no price) → 2026-08-28: (no price) → 2026-09-09: $15149.00 → 2026-09-10: $15149.00
Processor,Processors,HPE OCA > OCA Solution > Processor > Processors,Processor,"min 1, max 2",1,2,Selection constraint for Processors: max 2,P49607-B21,Standard,Intel Xeon-Platinum 8480+ 2.0GHz 56-core 350W Processor for HPE,0,"$20,242.00","$15,309.00","$40,484.00",,No,EOL Warning (90-Day),,Not published by OCA,EOL Warning (90-Day),01/10/2023,10/31/2026,"{""Price Delta (USD)"":""+15,309.00"",""Extended Price (USD)"":""40,484.00""}",UNCHANGED,"$20,242.00",$0.00,$0.00,2026-08-27: (no price) → 2026-08-28: (no price) → 2026-09-09: $20242.00 → 2026-09-10: $20242.00
Processor,Processors,HPE OCA > OCA Solution > Processor > Processors,Processor,"min 1, max 2",1,2,Selection constraint for Processors: max 2,P49615-B21,Standard,Intel Xeon-Gold 6438Y+ 2.0GHz 32-core 205W Processor for HPE,0,"$11,104.00","$6,171.00","$22,208.00",,No,EOL Warning (90-Day),,Not published by OCA,EOL Warning (90-Day),04/03/2023,10/31/2026,"{""Price Delta (USD)"":""+6,171.00"",""Extended Price (USD)"":""22,208.00""}",UNCHANGED,"$11,104.00",$0.00,$0.00,2026-08-27: (no price) → 2026-08-28: (no price) → 2026-09-09: $11104.00 → 2026-09-10: $11104.00
Processor,Processors,HPE OCA > OCA Solution > Processor > Processors,Processor,"min 1, max 2",1,2,Selection constraint for Processors: max 2,P49616-B21,Standard,Intel Xeon-Platinum 8452Y 2.0GHz 36-core 300W Processor for HPE,0,"$8,390.00","$3,457.00","$16,780.00",,No,EOL Warning (90-Day),,Not published by OCA,EOL Warning (90-Day),01/10/2023,10/31/2026,"{""Price Delta (USD)"":""+3,457.00"",""Extended Price (USD)"":""16,780.00""}",UNCHANGED,"$8,390.00",$0.00,$0.00,2026-08-27: (no price) → 2026-08-28: (no price) → 2026-09-09: $8390.00 → 2026-09-10: $8390.00
Processor,Processors,HPE OCA > OCA Solution > Processor > Processors,Processor,"min 1, max 2",1,2,Selection constraint for Processors: max 2,P67088-B21,Standard,Intel Xeon-Platinum 8580 2.0GHz 60-core 350W Processor for HPE,0,"$23,877.00","$18,944.00","$47,754.00",,No,Available,,Not published by OCA,Active,12/14/2023,07/31/2027,"{""Price Delta (USD)"":""+18,944.00"",""Extended Price (USD)"":""47,754.00""}",UNCHANGED,"$23,877.00",$0.00,$0.00,2026-08-27: $23877.00 → 2026-08-28: (no price) → 2026-09-10: $23877.00
Processor,Processors,HPE OCA > OCA Solution > Processor > Processors,Processor,"min 1, max 2",1,2,Selection constraint for Processors: max 2,P67109-B21,Standard,Intel Xeon-Platinum 8581V 2.0GHz 60-core 270W Processor for HPE,0,"$20,661.00","$15,728.00","$41,322.00",,No,Available,,Not published by OCA,Active,12/14/2023,07/31/2027,"{""Price Delta (USD)"":""+15,728.00"",""Extended Price (USD)"":""41,322.00""}",UNCHANGED,"$20,661.00",$0.00,$0.00,2026-08-27: (no price) → 2026-08-28: (no price) → 2026-09-09: $20661.00 → 2026-09-10: $20661.00
Processor,Processors,HPE OCA > OCA Solution > Processor > Processors,Processor,"min 1, max 2",1,2,Selection constraint for Processors: max 2,P67110-B21,Standard,Intel Xeon-Gold 6554S 2.2GHz 36-core 270W Processor for HPE,0,"$9,653.00","$4,720.00","$19,306.00",,No,Available,,Not published by OCA,Active,12/14/2023,07/31/2027,"{""Price Delta (USD)"":""+4,720.00"",""Extended Price (USD)"":""19,306.00""}",UNCHANGED,"$9,653.00",$0.00,$0.00,2026-08-27: (no price) → 2026-08-28: (no price) → 2026-09-09: $9653.00 → 2026-09-10: $9653.00
Processor,Processors,HPE OCA > OCA Solution > Processor > Processors,Processor,"min 1, max 2",1,2,Selection constraint for Processors: max 2,P68449-B21,Standard,Intel Xeon-Platinum 8593Q 2.2GHz 64-core 385W Processor for HPE,0,"$24,791.00","$19,858.00","$49,582.00",,No,Available,,Not published by OCA,Active,12/14/2023,07/31/2027,"{""Price Delta (USD)"":""+19,858.00"",""Extended Price (USD)"":""49,582.00""}",UNCHANGED,"$24,791.00",$0.00,$0.00,2026-08-27: (no price) → 2026-08-28: (no price) → 2026-09-09: $24791.00 → 2026-09-10: $24791.00
Processor,Processors,HPE OCA > OCA Solution > Processor > Processors,Processor,"min 1, max 2",1,2,Selection constraint for Processors: max 2,P49597-B21,Standard,Intel Xeon-Gold 5415+ 2.9GHz 8-core 150W Processor for HPE,0,"$4,164.00",-$769.00,"$8,328.00",,No,EOL Warning (90-Day),,Not published by OCA,EOL Warning (90-Day),04/03/2023,10/31/2026,"{""Price Delta (USD)"":""-769.00"",""Extended Price (USD)"":""8,328.00""}",UNCHANGED,"$4,164.00",$0.00,$0.00,2026-08-27: (no price) → 2026-08-28: (no price) → 2026-09-09: $4164.00 → 2026-09-10: $4164.00
Processor,Processors,HPE OCA > OCA Solution > Processor > Processors,Processor,"min 1, max 2",1,2,Selection constraint for Processors: max 2,P49598-B21,Standard,Intel Xeon-Gold 6426Y 2.5GHz 16-core 185W Processor for HPE,0,"$5,789.00",$856.00,"$11,578.00",,No,EOL Warning (90-Day),,Not published by OCA,EOL Warning (90-Day),04/03/2023,10/31/2026,"{""Price Delta (USD)"":""+856.00"",""Extended Price (USD)"":""11,578.00""}",UNCHANGED,"$5,789.00",$0.00,$0.00,2026-08-27: (no price) → 2026-08-28: (no price) → 2026-09-09: $5789.00 → 2026-09-10: $5789.00
Processor,Processors,HPE OCA > OCA Solution > Processor > Processors,Processor,"min 1, max 2",1,2,Selection constraint for Processors: max 2,P49599-B21,Standard,Intel Xeon-Gold 6442Y 2.6GHz 24-core 225W Processor for HPE,0,"$9,811.00","$4,878.00","$19,622.00",,No,EOL Warning (90-Day),,Not published by OCA,EOL Warning (90-Day),04/03/2023,10/31/2026,"{""Price Delta (USD)"":""+4,878.00"",""Extended Price (USD)"":""19,622.00""}",UNCHANGED,"$9,811.00",$0.00,$0.00,2026-08-27: (no price) → 2026-08-28: (no price) → 2026-09-09: $9811.00 → 2026-09-10: $9811.00
Processor,Processors,HPE OCA > OCA Solution > Processor > Processors,Processor,"min 1, max 2",1,2,Selection constraint for Processors: max 2,P49600-B21,Standard,Intel Xeon-Gold 6448Y 2.1GHz 32-core 225W Processor for HPE,0,"$11,738.00","$6,805.00","$23,476.00",,No,Direct Ship (DS),,Not published by OCA,Direct Ship (DS),04/03/2023,09/30/2025,"{""Price Delta (USD)"":""+6,805.00"",""Extended Price (USD)"":""23,476.00""}",UNCHANGED,"$11,738.00",$0.00,$0.00,2026-08-27: (no price) → 2026-08-28: (no price) → 2026-09-09: $11738.00 → 2026-09-10: $11738.00
Processor,Processors,HPE OCA > OCA Solution > Processor > Processors,Processor,"min 1, max 2",1,2,Selection constraint for Processors: max 2,P49601-B21,Standard,Intel Xeon-Gold 6434 3.7GHz 8-core 195W Processor for HPE,0,"$8,463.00","$3,530.00","$16,926.00",,No,EOL Warning (90-Day),,Not published by OCA,EOL Warning (90-Day),04/03/2023,10/31/2026,"{""Price Delta (USD)"":""+3,530.00"",""Extended Price (USD)"":""16,926.00""}",UNCHANGED,"$8,463.00",$0.00,$0.00,2026-08-27: (no price) → 2026-08-28: (no price) → 2026-09-09: $8463.00 → 2026-09-10: $8463.00
Processor,Processors,HPE OCA > OCA Solution > Processor > Processors,Processor,"min 1, max 2",1,2,Selection constraint for Processors: max 2,P49602-B21,Standard,Intel Xeon-Gold 6444Y 3.6GHz 16-core 270W Processor for HPE,0,"$12,574.00","$7,641.00","$25,148.00",,No,EOL Warning (90-Day),,Not published by OCA,EOL Warning (90-Day),04/03/2023,10/31/2026,"{""Price Delta (USD)"":""+7,641.00"",""Extended Price (USD)"":""25,148.00""}",UNCHANGED,"$12,574.00",$0.00,$0.00,2026-08-27: (no price) → 2026-08-28: (no price) → 2026-09-09: $12574.00 → 2026-09-10: $12574.00
Processor,Processors,HPE OCA > OCA Solution > Processor > Processors,Processor,"min 1, max 2",1,2,Selection constraint for Processors: max 2,P49603-B21,Standard,Intel Xeon-Platinum 8462Y+ 2.8GHz 32-core 300W Processor for HPE,0,"$12,584.00","$7,651.00","$25,168.00",,No,EOL Warning (90-Day),,Not published by OCA,EOL Warning (90-Day),04/03/2023,10/31/2026,"{""Price Delta (USD)"":""+7,651.00"",""Extended Price (USD)"":""25,168.00""}",UNCHANGED,"$12,584.00",$0.00,$0.00,2026-08-27: (no price) → 2026-08-28: (no price) → 2026-09-09: $12584.00 → 2026-09-10: $12584.00
Processor,Processors,HPE OCA > OCA Solution > Processor > Processors,Processor,"min 1, max 2",1,2,Selection constraint for Processors: max 2,P49604-B21,Standard,Intel Xeon-Platinum 8460Y+ 2.0GHz 40-core 300W Processor for HPE,0,"$18,237.00","$13,304.00","$36,474.00",,No,Direct Ship (DS),,Not published by OCA,Direct Ship (DS),01/10/2023,09/30/2025,"{""Price Delta (USD)"":""+13,304.00"",""Extended Price (USD)"":""36,474.00""}",UNCHANGED,"$18,237.00",$0.00,$0.00,2026-08-27: (no price) → 2026-08-28: (no price) → 2026-09-09: $18237.00 → 2026-09-10: $18237.00
Processor,Processors,HPE OCA > OCA Solution > Processor > Processors,Processor,"min 1, max 2",1,2,Selection constraint for Processors: max 2,P49606-B21,Standard,Intel Xeon-Platinum 8470 2.0GHz 52-core 350W Processor for HPE,0,"$30,022.00","$25,089.00","$60,044.00",,No,Direct Ship (DS),,Not published by OCA,Direct Ship (DS),01/10/2023,09/30/2025,"{""Price Delta (USD)"":""+25,089.00"",""Extended Price (USD)"":""60,044.00""}",UNCHANGED,"$30,022.00",$0.00,$0.00,2026-08-27: (no price) → 2026-08-28: (no price) → 2026-09-09: $30022.00 → 2026-09-10: $30022.00
Processor,Processors,HPE OCA > OCA Solution > Processor > Processors,Processor,"min 1, max 2",1,2,Selection constraint for Processors: max 2,P49608-B21,Standard,Intel Xeon-Gold 6458Q 3.1GHz 32-core 350W Processor for HPE,0,"$14,552.00","$9,619.00","$29,104.00",,No,Obsolete (OB),,Not published by OCA,Obsolete (OB),04/03/2023,09/30/2025,"{""Price Delta (USD)"":""+9,619.00"",""Extended Price (USD)"":""29,104.00""}",UNCHANGED,"$14,552.00",$0.00,$0.00,2026-08-27: (no price) → 2026-08-28: (no price) → 2026-09-09: $14552.00 → 2026-09-10: $14552.00
Processor,Processors,HPE OCA > OCA Solution > Processor > Processors,Processor,"min 1, max 2",1,2,Selection constraint for Processors: max 2,P49609-B21,Standard,Intel Xeon-Platinum 8470Q 2.1GHz 52-core 350W Processor for HPE,0,"$24,701.00","$19,768.00","$49,402.00",,No,Obsolete (OB),,Not published by OCA,Obsolete (OB),01/10/2023,11/30/2025,"{""Price Delta (USD)"":""+19,768.00"",""Extended Price (USD)"":""49,402.00""}",UNCHANGED,"$24,701.00",$0.00,$0.00,2026-08-27: (no price) → 2026-08-28: (no price) → 2026-09-09: $24701.00 → 2026-09-10: $24701.00
Processor,Processors,HPE OCA > OCA Solution > Processor > Processors,Processor,"min 1, max 2",1,2,Selection constraint for Processors: max 2,P49610-B21,Standard,Intel Xeon-Silver 4410Y 2.0GHz 12-core 150W Processor for HPE,0,"$1,966.00","-$2,967.00","$3,932.00",,No,Available,,Not published by OCA,Active,04/03/2023,03/31/2027,"{""Price Delta (USD)"":""-2,967.00"",""Extended Price (USD)"":""3,932.00""}",UNCHANGED,"$1,966.00",$0.00,$0.00,2026-08-27: (no price) → 2026-08-28: (no price) → 2026-09-09: $1966.00 → 2026-09-10: $1966.00
Processor,Processors,HPE OCA > OCA Solution > Processor > Processors,Processor,"min 1, max 2",1,2,Selection constraint for Processors: max 2,P49611-B21,Standard,Intel Xeon-Silver 4416+ 2.0GHz 20-core 165W Processor for HPE,0,"$4,593.00",-$340.00,"$9,186.00",,No,EOL Warning (90-Day),,Not published by OCA,EOL Warning (90-Day),04/03/2023,10/31/2026,"{""Price Delta (USD)"":""-340.00"",""Extended Price (USD)"":""9,186.00""}",UNCHANGED,"$4,593.00",$0.00,$0.00,2026-08-27: (no price) → 2026-08-28: (no price) → 2026-09-09: $4593.00 → 2026-09-10: $4593.00
Processor,Processors,HPE OCA > OCA Solution > Processor > Processors,Processor,"min 1, max 2",1,2,Selection constraint for Processors: max 2,P49612-B21,Standard,Intel Xeon-Gold 5418Y 2.0GHz 24-core 185W Processor for HPE,0,"$5,381.00",$448.00,"$10,762.00",,No,Available,,Not published by OCA,Active,04/03/2023,07/31/2027,"{""Price Delta (USD)"":""+448.00"",""Extended Price (USD)"":""10,762.00""}",UNCHANGED,"$5,381.00",$0.00,$0.00,2026-08-27: (no price) → 2026-08-28: (no price) → 2026-09-09: $5381.00 → 2026-09-10: $5381.00
Processor,Processors,HPE OCA > OCA Solution > Processor > Processors,Processor,"min 1, max 2",1,2,Selection constraint for Processors: max 2,P49613-B21,Standard,Intel Xeon-Gold 5420+ 2.0GHz 28-core 205W Processor for HPE,0,"$5,588.00",$655.00,"$11,176.00",,No,Obsolete (OB),,Not published by OCA,Obsolete (OB),04/03/2023,12/31/2025,"{""Price Delta (USD)"":""+655.00"",""Extended Price (USD)"":""11,176.00""}",UNCHANGED,"$5,588.00",$0.00,$0.00,2026-08-27: (no price) → 2026-08-28: (no price) → 2026-09-09: $5588.00 → 2026-09-10: $5588.00
Processor,Processors,HPE OCA > OCA Solution > Processor > Processors,Processor,"min 1, max 2",1,2,Selection constraint for Processors: max 2,P49614-B21,Standard,Intel Xeon-Gold 6430 2.1GHz 32-core 270W Processor for HPE,2,"$4,933.00",Selected,"$9,866.00",,No,Available,,Not published by OCA,Active,01/10/2023,12/31/2026,"{""Price Delta (USD)"":""Selected"",""Extended Price (USD)"":""9,866.00""}",UNCHANGED,"$4,933.00",$0.00,$0.00,2026-08-27: (no price) → 2026-08-28: (no price) → 2026-09-09: $4933.00 → 2026-09-10: $4933.00
Processor,Processors,HPE OCA > OCA Solution > Processor > Processors,Processor,"min 1, max 2",1,2,Selection constraint for Processors: max 2,P49617-B21,Standard,Intel Xeon-Bronze 3408U 1.8GHz 8-core 125W Processor for HPE,0,"$1,133.00","-$3,800.00","$2,266.00",,No,Obsolete (OB),,Not published by OCA,Obsolete (OB),04/03/2023,12/31/2025,"{""Price Delta (USD)"":""-3,800.00"",""Extended Price (USD)"":""2,266.00""}",UNCHANGED,"$1,133.00",$0.00,$0.00,2026-08-27: (no price) → 2026-08-28: (no price) → 2026-09-09: $1133.00 → 2026-09-10: $1133.00
Processor,Processors,HPE OCA > OCA Solution > Processor > Processors,Processor,"min 1, max 2",1,2,Selection constraint for Processors: max 2,P49619-B21,Standard,Intel Xeon-Gold 6414U 2.0GHz 32-core 250W Processor for HPE,0,"$5,317.00",$384.00,"$10,634.00",,No,Obsolete (OB),,Not published by OCA,Obsolete (OB),01/10/2023,11/30/2025,"{""Price Delta (USD)"":""+384.00"",""Extended Price (USD)"":""10,634.00""}",UNCHANGED,"$5,317.00",$0.00,$0.00,2026-08-27: (no price) → 2026-08-28: (no price) → 2026-09-09: $5317.00 → 2026-09-10: $5317.00
Processor,Processors,HPE OCA > OCA Solution > Processor > Processors,Processor,"min 1, max 2",1,2,Selection constraint for Processors: max 2,P49620-B21,Standard,Intel Xeon-Gold 6416H 2.2GHz 18-core 165W Processor for HPE,0,"$5,460.00",$527.00,"$10,920.00",,No,Available,,Not published by OCA,Active,05/01/2023,07/31/2027,"{""Price Delta (USD)"":""+527.00"",""Extended Price (USD)"":""10,920.00""}",UNCHANGED,"$5,460.00",$0.00,$0.00,2026-08-27: (no price) → 2026-08-28: (no price) → 2026-09-09: $5460.00 → 2026-09-10: $5460.00
Processor,Processors,HPE OCA > OCA Solution > Processor > Processors,Processor,"min 1, max 2",1,2,Selection constraint for Processors: max 2,P49622-B21,Standard,Intel Xeon-Gold 6448H 2.4GHz 32-core 250W Processor for HPE,0,"$11,873.00","$6,940.00","$23,746.00",,No,Available,,Not published by OCA,Active,05/01/2023,07/31/2027,"{""Price Delta (USD)"":""+6,940.00"",""Extended Price (USD)"":""23,746.00""}",UNCHANGED,"$11,873.00",$0.00,$0.00,2026-08-27: (no price) → 2026-08-28: (no price) → 2026-09-09: $11873.00 → 2026-09-10: $11873.00
Processor,Processors,HPE OCA > OCA Solution > Processor > Processors,Processor,"min 1, max 2",1,2,Selection constraint for Processors: max 2,P49625-B21,Standard,Intel Xeon-Platinum 8444H 2.9GHz 16-core 270W Processor for HPE,0,"$11,950.00","$7,017.00","$23,900.00",,No,Available,,Not published by OCA,Active,05/01/2023,07/31/2027,"{""Price Delta (USD)"":""+7,017.00"",""Extended Price (USD)"":""23,900.00""}",UNCHANGED,"$11,950.00",$0.00,$0.00,2026-08-27: (no price) → 2026-08-28: (no price) → 2026-09-09: $11950.00 → 2026-09-10: $11950.00
Processor,Processors,HPE OCA > OCA Solution > Processor > Processors,Processor,"min 1, max 2",1,2,Selection constraint for Processors: max 2,P49630-B21,Standard,Intel Xeon-Platinum 8490H 1.9GHz 60-core 350W Processor for HPE,0,"$62,375.00","$57,442.00","$124,750.00",,No,Available,,Not published by OCA,Active,05/01/2023,07/31/2027,"{""Price Delta (USD)"":""+57,442.00"",""Extended Price (USD)"":""124,750.00""}",UNCHANGED,"$62,375.00",$0.00,$0.00,2026-08-27: (no price) → 2026-08-28: (no price) → 2026-09-09: $62375.00 → 2026-09-10: $62375.00
Processor,Processors,HPE OCA > OCA Solution > Processor > Processors,Processor,"min 1, max 2",1,2,Selection constraint for Processors: max 2,P49631-B21,Standard,Intel Xeon-Platinum 8468V 2.4GHz 48-core 330W Processor for HPE,0,"$17,571.00","$12,638.00","$35,142.00",,No,Obsolete (OB),,Not published by OCA,Obsolete (OB),01/10/2023,11/30/2025,"{""Price Delta (USD)"":""+12,638.00"",""Extended Price (USD)"":""35,142.00""}",UNCHANGED,"$17,571.00",$0.00,$0.00,2026-08-27: (no price) → 2026-08-28: (no price) → 2026-09-09: $17571.00 → 2026-09-10: $17571.00
Processor,Processors,HPE OCA > OCA Solution > Processor > Processors,Processor,"min 1, max 2",1,2,Selection constraint for Processors: max 2,P49632-B21,Standard,Intel Xeon-Platinum 8458P 2.7GHz 44-core 350W Processor for HPE,0,"$20,014.00","$15,081.00","$40,028.00",,No,Direct Ship (DS),,Not published by OCA,Direct Ship (DS),01/10/2023,09/30/2025,"{""Price Delta (USD)"":""+15,081.00"",""Extended Price (USD)"":""40,028.00""}",UNCHANGED,"$20,014.00",$0.00,$0.00,2026-08-27: (no price) → 2026-08-28: (no price) → 2026-09-09: $20014.00 → 2026-09-10: $20014.00
Processor,Processors,HPE OCA > OCA Solution > Processor > Processors,Processor,"min 1, max 2",1,2,Selection constraint for Processors: max 2,P49638-B21,Standard,Intel Xeon-Gold 6438N 2.0GHz 32-core 205W Processor for HPE,0,"$8,444.00","$3,511.00","$16,888.00",,No,Obsolete (OB),,Not published by OCA,Obsolete (OB),04/03/2023,12/31/2025,"{""Price Delta (USD)"":""+3,511.00"",""Extended Price (USD)"":""16,888.00""}",UNCHANGED,"$8,444.00",$0.00,$0.00,2026-08-27: (no price) → 2026-08-28: (no price) → 2026-09-09: $8444.00 → 2026-09-10: $8444.00
Processor,Processors,HPE OCA > OCA Solution > Processor > Processors,Processor,"min 1, max 2",1,2,Selection constraint for Processors: max 2,P49639-B21,Standard,Intel Xeon-Gold 5411N 1.9GHz 24-core 165W Processor for HPE,0,"$4,736.00",-$197.00,"$9,472.00",,No,EOL Warning (90-Day),,Not published by OCA,EOL Warning (90-Day),04/03/2023,10/31/2026,"{""Price Delta (USD)"":""-197.00"",""Extended Price (USD)"":""9,472.00""}",UNCHANGED,"$4,736.00",$0.00,$0.00,2026-08-27: (no price) → 2026-08-28: (no price) → 2026-09-09: $4736.00 → 2026-09-10: $4736.00
Processor,Processors,HPE OCA > OCA Solution > Processor > Processors,Processor,"min 1, max 2",1,2,Selection constraint for Processors: max 2,P49640-B21,Standard,Intel Xeon-Gold 5418N 1.8GHz 24-core 165W Processor for HPE,0,"$5,033.00",$100.00,"$10,066.00",,No,Direct Ship (DS),,Not published by OCA,Direct Ship (DS),04/03/2023,09/30/2025,"{""Price Delta (USD)"":""+100.00"",""Extended Price (USD)"":""10,066.00""}",UNCHANGED,"$5,033.00",$0.00,$0.00,2026-08-27: (no price) → 2026-08-28: (no price) → 2026-09-09: $5033.00 → 2026-09-10: $5033.00
Processor,Processors,HPE OCA > OCA Solution > Processor > Processors,Processor,"min 1, max 2",1,2,Selection constraint for Processors: max 2,P49641-B21,Standard,Intel Xeon-Gold 6421N 1.8GHz 32-core 185W Processor for HPE,0,"$7,241.00","$2,308.00","$14,482.00",,No,EOL Warning (90-Day),,Not published by OCA,EOL Warning (90-Day),04/03/2023,10/31/2026,"{""Price Delta (USD)"":""+2,308.00"",""Extended Price (USD)"":""14,482.00""}",UNCHANGED,"$7,241.00",$0.00,$0.00,2026-08-27: (no price) → 2026-08-28: (no price) → 2026-09-09: $7241.00 → 2026-09-10: $7241.00
Processor,Processors,HPE OCA > OCA Solution > Processor > Processors,Processor,"min 1, max 2",1,2,Selection constraint for Processors: max 2,P49645-B21,Standard,Intel Xeon-Platinum 9462 2.7GHz 32-core 350W Processor for HPE,0,"$24,445.00","$19,512.00","$48,890.00",,No,EOL Warning (90-Day),,Not published by OCA,EOL Warning (90-Day),05/01/2023,10/31/2026,"{""Price Delta (USD)"":""+19,512.00"",""Extended Price (USD)"":""48,890.00""}",UNCHANGED,"$24,445.00",$0.00,$0.00,2026-08-27: (no price) → 2026-08-28: (no price) → 2026-09-09: $24445.00 → 2026-09-10: $24445.00
Processor,Processors,HPE OCA > OCA Solution > Processor > Processors,Processor,"min 1, max 2",1,2,Selection constraint for Processors: max 2,P49649-B21,Standard,Intel Xeon-Platinum 8470N 1.7GHz 52-core 300W Processor for HPE,0,"$27,489.00","$22,556.00","$54,978.00",,No,Direct Ship (DS),,Not published by OCA,Direct Ship (DS),01/10/2023,09/30/2025,"{""Price Delta (USD)"":""+22,556.00"",""Extended Price (USD)"":""54,978.00""}",UNCHANGED,"$27,489.00",$0.00,$0.00,2026-08-27: (no price) → 2026-08-28: (no price) → 2026-09-09: $27489.00 → 2026-09-10: $27489.00
Processor,Processors,HPE OCA > OCA Solution > Processor > Processors,Processor,"min 1, max 2",1,2,Selection constraint for Processors: max 2,P49654-B21,Standard,Intel Xeon-Gold 6454S 2.2GHz 32-core 270W Processor for HPE,0,"$9,946.00","$5,013.00","$19,892.00",,No,Obsolete (OB),,Not published by OCA,Obsolete (OB),01/10/2023,12/31/2025,"{""Price Delta (USD)"":""+5,013.00"",""Extended Price (USD)"":""19,892.00""}",UNCHANGED,"$9,946.00",$0.00,$0.00,2026-08-27: (no price) → 2026-08-28: (no price) → 2026-09-09: $9946.00 → 2026-09-10: $9946.00
Processor,Processors,HPE OCA > OCA Solution > Processor > Processors,Processor,"min 1, max 2",1,2,Selection constraint for Processors: max 2,P67079-B21,Standard,Intel Xeon-Gold 5515+ 3.2GHz 8-core 165W Processor for HPE,0,"$3,324.00","-$1,609.00","$6,648.00",,No,Available,,Not published by OCA,Active,12/14/2023,07/31/2027,"{""Price Delta (USD)"":""-1,609.00"",""Extended Price (USD)"":""6,648.00""}",UNCHANGED,"$3,324.00",$0.00,$0.00,2026-08-27: (no price) → 2026-08-28: (no price) → 2026-09-09: $3324.00 → 2026-09-10: $3324.00
Processor,Processors,HPE OCA > OCA Solution > Processor > Processors,Processor,"min 1, max 2",1,2,Selection constraint for Processors: max 2,P67086-B21,Standard,Intel Xeon-Platinum 8568Y+ 2.3GHz 48-core 350W Processor for HPE,0,"$16,967.00","$12,034.00","$33,934.00",,No,Available,,Not published by OCA,Active,12/14/2023,07/31/2027,"{""Price Delta (USD)"":""+12,034.00"",""Extended Price (USD)"":""33,934.00""}",UNCHANGED,"$16,967.00",$0.00,$0.00,2026-08-27: (no price) → 2026-08-28: (no price) → 2026-09-09: $16967.00 → 2026-09-10: $16967.00
Processor,Processors,HPE OCA > OCA Solution > Processor > Processors,Processor,"min 1, max 2",1,2,Selection constraint for Processors: max 2,P67087-B21,Standard,Intel Xeon-Platinum 8570 2.1GHz 56-core 350W Processor for HPE,0,"$20,311.00","$15,378.00","$40,622.00",,No,Available,,Not published by OCA,Active,12/14/2023,07/31/2027,"{""Price Delta (USD)"":""+15,378.00"",""Extended Price (USD)"":""40,622.00""}",UNCHANGED,"$20,311.00",$0.00,$0.00,2026-08-27: (no price) → 2026-08-28: (no price) → 2026-09-09: $20311.00 → 2026-09-10: $20311.00
Processor,Processors,HPE OCA > OCA Solution > Processor > Processors,Processor,"min 1, max 2",1,2,Selection constraint for Processors: max 2,P67089-B21,Standard,Intel Xeon-Platinum 8592+ 1.9GHz 64-core 350W Processor for HPE,0,"$27,283.00","$22,350.00","$54,566.00",,No,Available,,Not published by OCA,Active,12/14/2023,07/31/2027,"{""Price Delta (USD)"":""+22,350.00"",""Extended Price (USD)"":""54,566.00""}",UNCHANGED,"$27,283.00",$0.00,$0.00,2026-08-27: (no price) → 2026-08-28: (no price) → 2026-09-09: $27283.00 → 2026-09-10: $27283.00
Processor,Processors,HPE OCA > OCA Solution > Processor > Processors,Processor,"min 1, max 2",1,2,Selection constraint for Processors: max 2,P67090-B21,Standard,Intel Xeon-Silver 4509Y 2.6GHz 8-core 125W Processor for HPE,0,"$1,756.00","-$3,177.00","$3,512.00",,No,Available,,Not published by OCA,Active,12/14/2023,07/31/2027,"{""Price Delta (USD)"":""-3,177.00"",""Extended Price (USD)"":""3,512.00""}",UNCHANGED,"$1,756.00",$0.00,$0.00,2026-08-27: (no price) → 2026-08-28: (no price) → 2026-09-09: $1756.00 → 2026-09-10: $1756.00
Processor,Processors,HPE OCA > OCA Solution > Processor > Processors,Processor,"min 1, max 2",1,2,Selection constraint for Processors: max 2,P67093-B21,Standard,Intel Xeon-Silver 4516Y+ 2.2GHz 24-core 185W Processor for HPE,0,"$3,917.00","-$1,016.00","$7,834.00",,No,Available,,Not published by OCA,Active,12/14/2023,07/31/2027,"{""Price Delta (USD)"":""-1,016.00"",""Extended Price (USD)"":""7,834.00""}",UNCHANGED,"$3,917.00",$0.00,$0.00,2026-08-27: (no price) → 2026-08-28: (no price) → 2026-09-09: $3917.00 → 2026-09-10: $3917.00
Processor,Processors,HPE OCA > OCA Solution > Processor > Processors,Processor,"min 1, max 2",1,2,Selection constraint for Processors: max 2,P67100-B21,Standard,Intel Xeon-Bronze 3508U 2.1GHz 8-core 125W Processor for HPE,0,"$1,444.00","-$3,489.00","$2,888.00",,No,Available,,Not published by OCA,Active,12/14/2023,07/31/2027,"{""Price Delta (USD)"":""-3,489.00"",""Extended Price (USD)"":""2,888.00""}",UNCHANGED,"$1,444.00",$0.00,$0.00,2026-08-27: (no price) → 2026-08-28: (no price) → 2026-09-09: $1444.00 → 2026-09-10: $1444.00
Processor,Processors,HPE OCA > OCA Solution > Processor > Processors,Processor,"min 1, max 2",1,2,Selection constraint for Processors: max 2,P67102-B21,Standard,Intel Xeon-Platinum 8558U 2.0GHz 48-core 300W Processor for HPE,0,"$11,375.00","$6,442.00","$22,750.00",,No,EOL Warning (90-Day),,Not published by OCA,EOL Warning (90-Day),12/14/2023,10/31/2026,"{""Price Delta (USD)"":""+6,442.00"",""Extended Price (USD)"":""22,750.00""}",UNCHANGED,"$11,375.00",$0.00,$0.00,2026-08-27: (no price) → 2026-08-28: (no price) → 2026-09-09: $11375.00 → 2026-09-10: $11375.00
Processor,Processors,HPE OCA > OCA Solution > Processor > Processors,Processor,"min 1, max 2",1,2,Selection constraint for Processors: max 2,P67104-B21,Standard,Intel Xeon-Gold 6538N 2.1GHz 32-core 205W Processor for HPE,0,"$9,655.00","$4,722.00","$19,310.00",,No,Available,,Not published by OCA,Active,12/14/2023,11/30/2027,"{""Price Delta (USD)"":""+4,722.00"",""Extended Price (USD)"":""19,310.00""}",UNCHANGED,"$9,655.00",$0.00,$0.00,2026-08-27: (no price) → 2026-08-28: (no price) → 2026-09-09: $9655.00 → 2026-09-10: $9655.00
Processor,Processors,HPE OCA > OCA Solution > Processor > Processors,Processor,"min 1, max 2",1,2,Selection constraint for Processors: max 2,P67107-B21,Standard,Intel Xeon-Platinum 8592V 2.0GHz 64-core 330W Processor for HPE,0,"$25,398.00","$20,465.00","$50,796.00",,No,Available,,Not published by OCA,Active,12/14/2023,07/31/2027,"{""Price Delta (USD)"":""+20,465.00"",""Extended Price (USD)"":""50,796.00""}",UNCHANGED,"$25,398.00",$0.00,$0.00,2026-08-27: (no price) → 2026-08-28: (no price) → 2026-09-09: $25398.00 → 2026-09-10: $25398.00
Processor,Processors,HPE OCA > OCA Solution > Processor > Processors,Processor,"min 1, max 2",1,2,Selection constraint for Processors: max 2,P67108-B21,Standard,Intel Xeon-Platinum 8558P 2.7GHz 48-core 350W Processor for HPE,0,"$17,487.00","$12,554.00","$34,974.00",,No,Available,,Not published by OCA,Active,12/14/2023,07/31/2027,"{""Price Delta (USD)"":""+12,554.00"",""Extended Price (USD)"":""34,974.00""}",UNCHANGED,"$17,487.00",$0.00,$0.00,2026-08-27: (no price) → 2026-08-28: (no price) → 2026-09-09: $17487.00 → 2026-09-10: $17487.00
Cooling / Thermal,Heatsink Kit,HPE OCA > OCA Solution > Cooling / Thermal > Heatsink Kit,Cooling / Thermal,max 2,0,2,Selection constraint for Heatsink Kit: max 2,P48818-B21,Standard,HPE ProLiant DL380/DL560 Gen11 High Performance 2U Heat Sink Kit,2,$233.00,,$466.00,,No,Available,,Not published by OCA,Active,01/10/2023,05/31/2028,"{""Extended Price (USD)"":""466.00""}",UNCHANGED,$233.00,$0.00,$0.00,2026-08-27: $233.00 → 2026-08-28: (no price) → 2026-09-10: $233.00
Cooling / Thermal,Standard & Performance Heat Sinks,HPE OCA > OCA Solution > Cooling / Thermal > Standard & Performance Heat Sinks,Cooling / Thermal,max 6,0,6,Mixing of Heat sink is not allowed.,P48817-B21,Standard,HPE ProLiant DL380 Gen11 Max Performance Heat Sink Kit,0,$596.00,,NA,,No,Not published by OCA,,Not published by OCA,Active,01/10/2023,05/31/2028,"{""Extended Price (USD)"":""NA""}",UNCHANGED,$596.00,$0.00,$0.00,2026-08-27: (no price) → 2026-08-28: (no price) → 2026-09-09: $596.00 → 2026-09-10: $596.00
Cooling / Thermal,Standard & Performance Heat Sinks,HPE OCA > OCA Solution > Cooling / Thermal > Standard & Performance Heat Sinks,Cooling / Thermal,max 6,0,6,Mixing of Heat sink is not allowed.,P48905-B21,Standard,HPE ProLiant DL3XX/560 Gen11 High Performance Heat Sink Kit,0,$259.00,,NA,,No,Not published by OCA,,Not published by OCA,Active,01/10/2023,05/31/2028,"{""Extended Price (USD)"":""NA""}",UNCHANGED,$259.00,$0.00,$0.00,2026-08-27: (no price) → 2026-08-28: (no price) → 2026-09-09: $259.00 → 2026-09-10: $259.00
Cooling / Thermal,Standard & Performance Heat Sinks,HPE OCA > OCA Solution > Cooling / Thermal > Standard & Performance Heat Sinks,Cooling / Thermal,max 6,0,6,Mixing of Heat sink is not allowed.,P49145-B21,Standard,HPE ProLiant DL380 2U Standard Heat Sink Kit,0,$133.00,,NA,,No,Not published by OCA,,Not published by OCA,Active,04/03/2023,06/30/2029,"{""Extended Price (USD)"":""NA""}",UNCHANGED,$133.00,$0.00,$0.00,2026-08-27: (no price) → 2026-08-28: (no price) → 2026-09-09: $133.00 → 2026-09-10: $133.00
Cooling / Thermal,Standard & Performance Heat Sinks,HPE OCA > OCA Solution > Cooling / Thermal > Standard & Performance Heat Sinks,Cooling / Thermal,max 6,0,6,Mixing of Heat sink is not allowed.,P62023-B21,Standard,HPE ProLiant DL380 Gen11 Cold Plate Module NS204 Quick Disconnect Tube Set FIO Kit,0,"$1,843.00",,NA,,No,Not published by OCA,,Not published by OCA,Active,04/03/2023,05/31/2028,"{""Extended Price (USD)"":""NA""}",UNCHANGED,"$1,843.00",$0.00,$0.00,2026-08-27: (no price) → 2026-08-28: (no price) → 2026-09-09: $1843.00 → 2026-09-10: $1843.00
Cooling / Thermal,Standard & Performance Heat Sinks,HPE OCA > OCA Solution > Cooling / Thermal > Standard & Performance Heat Sinks,Cooling / Thermal,max 6,0,6,Mixing of Heat sink is not allowed.,P62029-B21,Standard,HPE ProLiant DL3XX Gen11 Cold Plate Module FIO Kit from PCIe,0,"$1,827.00",,NA,,No,Not published by OCA,,Not published by OCA,Active,04/03/2023,05/31/2028,"{""Extended Price (USD)"":""NA""}",UNCHANGED,"$1,827.00",$0.00,$0.00,2026-08-27: (no price) → 2026-08-28: (no price) → 2026-09-09: $1827.00 → 2026-09-10: $1827.00
Memory,Memory,HPE OCA > OCA Solution > Memory > Memory,Memory,max 32,0,32,Selection constraint for Memory: max 32,P43328-F21,Standard,HPE 32GB (1x32GB) Dual Rank x8 DDR5-4800 CAS-40-39-39 EC8 Registered Smart FIO Memory Kit,0,"$13,909.00",,NA,$434.66,No,Available,,Not published by OCA,Active,04/06/2026,06/30/2029,"{""Extended Price (USD)"":""NA"",""Price per GB (USD)"":""434.66""}",UNCHANGED,"$13,909.00",$0.00,$0.00,2026-08-27: (no price) → 2026-08-28: (no price) → 2026-09-09: $13909.00 → 2026-09-10: $13909.00
Memory,Memory,HPE OCA > OCA Solution > Memory > Memory,Memory,max 32,0,32,Selection constraint for Memory: max 32,P43331-F21,Standard,HPE 64GB (1x64GB) Dual Rank x4 DDR5-4800 CAS-40-39-39 EC8 Registered Smart FIO Memory Kit,4,"$28,532.00",,"$114,128.00",$445.81,No,Available,,Not published by OCA,Active,04/06/2026,06/30/2029,"{""Extended Price (USD)"":""114,128.00"",""Price per GB (USD)"":""445.81""}",UNCHANGED,"$28,532.00",$0.00,$0.00,2026-08-27: (no price) → 2026-08-28: (no price) → 2026-09-09: $28532.00 → 2026-09-10: $28532.00
Memory,Memory,HPE OCA > OCA Solution > Memory > Memory,Memory,max 32,0,32,Selection constraint for Memory: max 32,P64707-F21,Standard,HPE 64GB (1x64GB) Dual Rank x4 DDR5-5600 CAS-46-45-45 EC8 Registered Smart FIO Memory Kit,0,"$28,532.00",,NA,$445.81,No,Available,,Not published by OCA,Active,04/06/2026,06/30/2029,"{""Extended Price (USD)"":""NA"",""Price per GB (USD)"":""445.81""}",UNCHANGED,"$28,532.00",$0.00,$0.00,2026-08-27: $28532.00 → 2026-08-28: (no price) → 2026-09-10: $28532.00
Memory,Memory,HPE OCA > OCA Solution > Memory > Memory,Memory,max 32,0,32,Supports only PC5-4800B Memory,P64706-F21,Standard,HPE 32GB (1x32GB) Dual Rank x8 DDR5-5600 CAS-46-45-45 EC8 Registered Smart FIO Memory Kit,0,"$13,909.00",,NA,$434.66,No,Not published by OCA,,Not published by OCA,Active,04/06/2026,06/30/2029,"{""Extended Price (USD)"":""NA"",""Price per GB (USD)"":""434.66""}",UNCHANGED,"$13,909.00",$0.00,$0.00,2026-08-27: (no price) → 2026-08-28: (no price) → 2026-09-09: $13909.00 → 2026-09-10: $13909.00
Memory,Memory,HPE OCA > OCA Solution > Memory > Memory,Memory,max 32,0,32,Supports only PC5-4800B Memory,P69976-F21,Standard,HPE 128GB (1x128GB) Dual Rank x4 DDR5-5600 CAS-46-45-45 EC8 Registered Smart FIO Memory Kit,0,"$60,190.00",,NA,$470.23,No,Not published by OCA,,Not published by OCA,Active,04/06/2026,06/30/2029,"{""Extended Price (USD)"":""NA"",""Price per GB (USD)"":""470.23""}",UNCHANGED,"$60,190.00",$0.00,$0.00,2026-08-27: (no price) → 2026-08-28: (no price) → 2026-09-09: $60190.00 → 2026-09-10: $60190.00
Memory,Memory,HPE OCA > OCA Solution > Memory > Memory,Memory,max 32,0,32,Supports only PC5-4800B Memory,P64705-F21,Standard,HPE 16GB (1x16GB) Single Rank x8 DDR5-5600 CAS-46-45-45 EC8 Registered Smart FIO Memory Kit,0,"$7,439.00",,NA,$464.94,No,Not published by OCA,,Not published by OCA,Active,04/06/2026,06/30/2029,"{""Extended Price (USD)"":""NA"",""Price per GB (USD)"":""464.94""}",UNCHANGED,"$7,439.00",$0.00,$0.00,2026-08-27: (no price) → 2026-08-28: (no price) → 2026-09-09: $7439.00 → 2026-09-10: $7439.00
Memory,Memory,HPE OCA > OCA Solution > Memory > Memory,Memory,max 32,0,32,Supports only PC5-4800B Memory,P64708-F21,Standard,HPE 96GB (1x96GB) Dual Rank x4 DDR5-5600 CAS-46-45-45 EC8 Registered Smart FIO Memory Kit,0,"$47,056.00",,NA,$490.17,No,Not published by OCA,,Not published by OCA,Active,04/06/2026,06/30/2029,"{""Extended Price (USD)"":""NA"",""Price per GB (USD)"":""490.17""}",UNCHANGED,"$47,056.00",$0.00,$0.00,2026-08-27: (no price) → 2026-08-28: (no price) → 2026-09-09: $47056.00 → 2026-09-10: $47056.00
Memory,Memory,HPE OCA > OCA Solution > Memory > Memory,Memory,max 32,0,32,Supports only PC5-4800B Memory,P64709-B21,Standard,HPE 128GB (1x128GB) Quad Rank x4 DDR5-5600 CAS-52-45-45 EC8 Registered 3DS Smart Memory Kit,0,"$22,520.00",,NA,$175.94,No,Obsolete (OB),,Not published by OCA,Obsolete (OB),12/14/2023,01/21/2026,"{""Extended Price (USD)"":""NA"",""Price per GB (USD)"":""175.94""}",UNCHANGED,"$22,520.00",$0.00,$0.00,2026-08-27: (no price) → 2026-08-28: (no price) → 2026-09-09: $22520.00 → 2026-09-10: $22520.00
Memory,Memory,HPE OCA > OCA Solution > Memory > Memory,Memory,max 32,0,32,Supports only PC5-4800B Memory,P90550-F21,Standard,HPE 256GB 4Rx4 PC5-4800B-R 3DS FIO Kit,0,"$133,186.00",,NA,$520.26,No,Not published by OCA,,Not published by OCA,Active,04/06/2026,06/30/2029,"{""Extended Price (USD)"":""NA"",""Price per GB (USD)"":""520.26""}",UNCHANGED,"$133,186.00",$0.00,$0.00,2026-08-27: (no price) → 2026-08-28: (no price) → 2026-09-09: $133186.00 → 2026-09-10: $133186.00
Memory,Memory,HPE OCA > OCA Solution > Memory > Memory,Memory,max 32,0,32,Supports only PC5-4800B Memory,P90554-F21,Standard,HPE 256GB 4Rx4 PC5-5600B-R 3DS FIO Kit,0,"$133,186.00",,NA,$520.26,No,Not published by OCA,,Not published by OCA,Active,04/06/2026,06/30/2029,"{""Extended Price (USD)"":""NA"",""Price per GB (USD)"":""520.26""}",UNCHANGED,"$133,186.00",$0.00,$0.00,2026-08-27: (no price) → 2026-08-28: (no price) → 2026-09-09: $133186.00 → 2026-09-10: $133186.00
Memory,Memory,HPE OCA > OCA Solution > Memory > Memory,Memory,max 32,0,32,These products are hidden due to Supply constraints,P43322-B21,Standard,HPE 16GB (1x16GB) Single Rank x8 DDR5-4800 CAS-40-39-39 EC8 Registered Smart Memory Kit,0,"$7,439.00",,NA,$464.94,No,These products are hidden due to Supply constraints,,Not published by OCA,Active,01/10/2023,06/30/2029,"{""Extended Price (USD)"":""NA"",""Price per GB (USD)"":""464.94""}",UNCHANGED,"$7,439.00",$0.00,$0.00,2026-08-27: (no price) → 2026-08-28: (no price) → 2026-09-09: $7439.00 → 2026-09-10: $7439.00
Memory,Memory,HPE OCA > OCA Solution > Memory > Memory,Memory,max 32,0,32,These products are hidden due to Supply constraints,P43328-B21,Standard,HPE 32GB (1x32GB) Dual Rank x8 DDR5-4800 CAS-40-39-39 EC8 Registered Smart Memory Kit,0,"$13,909.00",,NA,$434.66,No,These products are hidden due to Supply constraints,,Not published by OCA,Active,01/10/2023,06/30/2029,"{""Extended Price (USD)"":""NA"",""Price per GB (USD)"":""434.66""}",UNCHANGED,"$13,909.00",$0.00,$0.00,2026-08-27: (no price) → 2026-08-28: (no price) → 2026-09-09: $13909.00 → 2026-09-10: $13909.00
Memory,Memory,HPE OCA > OCA Solution > Memory > Memory,Memory,max 32,0,32,These products are hidden due to Supply constraints,P43331-B21,Standard,HPE 64GB (1x64GB) Dual Rank x4 DDR5-4800 CAS-40-39-39 EC8 Registered Smart Memory Kit,0,"$28,532.00",,NA,$445.81,No,These products are hidden due to Supply constraints,,Not published by OCA,Active,01/10/2023,06/30/2029,"{""Extended Price (USD)"":""NA"",""Price per GB (USD)"":""445.81""}",UNCHANGED,"$28,532.00",$0.00,$0.00,2026-08-27: (no price) → 2026-08-28: (no price) → 2026-09-09: $28532.00 → 2026-09-10: $28532.00
Memory,Memory,HPE OCA > OCA Solution > Memory > Memory,Memory,max 32,0,32,These products are hidden due to Supply constraints,P43337-B21,Standard,HPE 256GB (1x256GB) Octal Rank x4 DDR5-4800 CAS-46-39-39 EC8 Registered 3DS Smart Memory Kit,0,"$77,851.00",,NA,$304.11,No,Obsolete (OB),,Not published by OCA,Obsolete (OB),01/10/2023,02/13/2026,"{""Extended Price (USD)"":""NA"",""Price per GB (USD)"":""304.11""}",UNCHANGED,"$77,851.00",$0.00,$0.00,2026-08-27: (no price) → 2026-08-28: (no price) → 2026-09-09: $77851.00 → 2026-09-10: $77851.00
Memory,Memory,HPE OCA > OCA Solution > Memory > Memory,Memory,max 32,0,32,These products are hidden due to Supply constraints,P64705-B21,Standard,HPE 16GB (1x16GB) Single Rank x8 DDR5-5600 CAS-46-45-45 EC8 Registered Smart Memory Kit,0,"$7,439.00",,NA,$464.94,No,These products are hidden due to Supply constraints,,Not published by OCA,Active,12/14/2023,06/30/2029,"{""Extended Price (USD)"":""NA"",""Price per GB (USD)"":""464.94""}",UNCHANGED,"$7,439.00",$0.00,$0.00,2026-08-27: (no price) → 2026-08-28: (no price) → 2026-09-09: $7439.00 → 2026-09-10: $7439.00
Memory,Memory,HPE OCA > OCA Solution > Memory > Memory,Memory,max 32,0,32,These products are hidden due to Supply constraints,P64706-B21,Standard,HPE 32GB (1x32GB) Dual Rank x8 DDR5-5600 CAS-46-45-45 EC8 Registered Smart Memory Kit,0,"$13,909.00",,NA,$434.66,No,These products are hidden due to Supply constraints,,Not published by OCA,Active,12/14/2023,06/30/2029,"{""Extended Price (USD)"":""NA"",""Price per GB (USD)"":""434.66""}",UNCHANGED,"$13,909.00",$0.00,$0.00,2026-08-27: (no price) → 2026-08-28: (no price) → 2026-09-09: $13909.00 → 2026-09-10: $13909.00
Memory,Memory,HPE OCA > OCA Solution > Memory > Memory,Memory,max 32,0,32,These products are hidden due to Supply constraints,P64707-B21,Standard,HPE 64GB (1x64GB) Dual Rank x4 DDR5-5600 CAS-46-45-45 EC8 Registered Smart Memory Kit,0,"$28,532.00",,NA,$445.81,No,These products are hidden due to Supply constraints,,Not published by OCA,Active,12/14/2023,06/30/2029,"{""Extended Price (USD)"":""NA"",""Price per GB (USD)"":""445.81""}",UNCHANGED,"$28,532.00",$0.00,$0.00,2026-08-27: (no price) → 2026-08-28: (no price) → 2026-09-09: $28532.00 → 2026-09-10: $28532.00
Memory,Memory,HPE OCA > OCA Solution > Memory > Memory,Memory,max 32,0,32,These products are hidden due to Supply constraints,P64708-B21,Standard,HPE 96GB (1x96GB) Dual Rank x4 DDR5-5600 CAS-46-45-45 EC8 Registered Smart Memory Kit,0,"$47,056.00",,NA,$490.17,No,These products are hidden due to Supply constraints,,Not published by OCA,Active,12/14/2023,06/30/2029,"{""Extended Price (USD)"":""NA"",""Price per GB (USD)"":""490.17""}",UNCHANGED,"$47,056.00",$0.00,$0.00,2026-08-27: (no price) → 2026-08-28: (no price) → 2026-09-09: $47056.00 → 2026-09-10: $47056.00
Memory,Memory,HPE OCA > OCA Solution > Memory > Memory,Memory,max 32,0,32,These products are hidden due to Supply constraints,P64710-B21,Standard,HPE 256GB (1x256GB) Octal Rank x4 DDR5-5600 CAS-52-45-45 EC8 Registered 3DS Smart Memory Kit,0,"$77,851.00",,NA,$304.11,No,Obsolete (OB),,Not published by OCA,Obsolete (OB),04/01/2024,02/13/2026,"{""Extended Price (USD)"":""NA"",""Price per GB (USD)"":""304.11""}",UNCHANGED,"$77,851.00",$0.00,$0.00,2026-08-27: (no price) → 2026-08-28: (no price) → 2026-09-09: $77851.00 → 2026-09-10: $77851.00
Memory,Memory,HPE OCA > OCA Solution > Memory > Memory,Memory,max 32,0,32,These products are hidden due to Supply constraints,P66675-B21,Standard,HPE 96GB (1x96GB) Dual Rank x4 DDR5-4800 CAS-46-45-45 EC8 Registered Smart Memory Kit,0,"$47,056.00",,NA,$490.17,No,These products are hidden due to Supply constraints,,Not published by OCA,Active,09/05/2023,06/30/2029,"{""Extended Price (USD)"":""NA"",""Price per GB (USD)"":""490.17""}",UNCHANGED,"$47,056.00",$0.00,$0.00,2026-08-27: (no price) → 2026-08-28: (no price) → 2026-09-09: $47056.00 → 2026-09-10: $47056.00
Memory,Memory,HPE OCA > OCA Solution > Memory > Memory,Memory,max 32,0,32,These products are hidden due to Supply constraints,P69974-B21,Standard,HPE 128GB (1x128GB) Dual Rank x4 DDR5-4800 CAS-40-39-39 EC8 Registered Smart Memory Kit,0,"$60,190.00",,NA,$470.23,No,These products are hidden due to Supply constraints,,Not published by OCA,Active,05/06/2024,06/30/2029,"{""Extended Price (USD)"":""NA"",""Price per GB (USD)"":""470.23""}",UNCHANGED,"$60,190.00",$0.00,$0.00,2026-08-27: (no price) → 2026-08-28: (no price) → 2026-09-09: $60190.00 → 2026-09-10: $60190.00
Memory,Memory,HPE OCA > OCA Solution > Memory > Memory,Memory,max 32,0,32,These products are hidden due to Supply constraints,P69976-B21,Standard,HPE 128GB (1x128GB) Dual Rank x4 DDR5-5600 CAS-46-45-45 EC8 Registered Smart Memory Kit,0,"$60,190.00",,NA,$470.23,No,These products are hidden due to Supply constraints,,Not published by OCA,Active,05/06/2024,06/30/2029,"{""Extended Price (USD)"":""NA"",""Price per GB (USD)"":""470.23""}",UNCHANGED,"$60,190.00",$0.00,$0.00,2026-08-27: (no price) → 2026-08-28: (no price) → 2026-09-09: $60190.00 → 2026-09-10: $60190.00
Memory,Memory,HPE OCA > OCA Solution > Memory > Memory,Memory,max 32,0,32,These products are hidden due to Supply constraints,P90550-B21,Standard,HPE 256GB (1x256GB) Quad Rank x4 DDR5-4800 CAS-60-52-52 EC8 Registered 3DS Smart Memory Kit,0,"$133,186.00",,NA,$520.26,No,These products are hidden due to Supply constraints,,Not published by OCA,Active,04/06/2026,06/30/2029,"{""Extended Price (USD)"":""NA"",""Price per GB (USD)"":""520.26""}",UNCHANGED,"$133,186.00",$0.00,$0.00,2026-08-27: (no price) → 2026-08-28: (no price) → 2026-09-09: $133186.00 → 2026-09-10: $133186.00
Memory,Memory,HPE OCA > OCA Solution > Memory > Memory,Memory,max 32,0,32,These products are hidden due to Supply constraints,P90554-B21,Standard,HPE 256GB (1x256GB) Quad Rank x4 DDR5-5600 CAS-60-52-52 EC8 Registered 3DS Smart Memory Kit,0,"$133,186.00",,NA,$520.26,No,These products are hidden due to Supply constraints,,Not published by OCA,Active,04/06/2026,06/30/2029,"{""Extended Price (USD)"":""NA"",""Price per GB (USD)"":""520.26""}",UNCHANGED,"$133,186.00",$0.00,$0.00,2026-08-27: (no price) → 2026-08-28: (no price) → 2026-09-09: $133186.00 → 2026-09-10: $133186.00
Memory,Memory,HPE OCA > OCA Solution > Memory > Memory,Memory,max 32,0,32,Mixing of different Rank memory is allowed only if max Qty is selected per processor (i.e. For 1Processor it is 16 and for 2 Processor it is 32).,P43322-F21,Standard,HPE 16GB (1x16GB) Single Rank x8 DDR5-4800 CAS-40-39-39 EC8 Registered Smart FIO Memory Kit,0,"$7,439.00",,NA,$464.94,No,Not published by OCA,,Not published by OCA,Active,04/06/2026,06/30/2029,"{""Extended Price (USD)"":""NA"",""Price per GB (USD)"":""464.94""}",UNCHANGED,"$7,439.00",$0.00,$0.00,2026-08-27: (no price) → 2026-08-28: (no price) → 2026-09-09: $7439.00 → 2026-09-10: $7439.00
Memory,Memory,HPE OCA > OCA Solution > Memory > Memory,Memory,max 32,0,32,Mixing of different Rank memory is allowed only if max Qty is selected per processor (i.e. For 1Processor it is 16 and for 2 Processor it is 32).,P43334-B21,Standard,HPE 128GB (1x128GB) Quad Rank x4 DDR5-4800 CAS-46-39-39 EC8 Registered 3DS Smart Memory Kit,0,"$22,520.00",,NA,$175.94,No,Obsolete (OB),,Not published by OCA,Obsolete (OB),01/10/2023,01/21/2026,"{""Extended Price (USD)"":""NA"",""Price per GB (USD)"":""175.94""}",UNCHANGED,"$22,520.00",$0.00,$0.00,2026-08-27: (no price) → 2026-08-28: (no price) → 2026-09-09: $22520.00 → 2026-09-10: $22520.00
Memory,Memory,HPE OCA > OCA Solution > Memory > Memory,Memory,max 32,0,32,Mixing of different Rank memory is allowed only if max Qty is selected per processor (i.e. For 1Processor it is 16 and for 2 Processor it is 32).,P43337-F21,Standard,HPE 256GB (1x256GB) Octal Rank x4 DDR5-4800 CAS-46-39-39 EC8 Registered 3DS Smart FIO Memory Kit,0,"$101,207.00",,NA,$395.34,No,Obsolete (OB),,Not published by OCA,Obsolete (OB),04/06/2026,04/14/2026,"{""Extended Price (USD)"":""NA"",""Price per GB (USD)"":""395.34""}",UNCHANGED,"$101,207.00",$0.00,$0.00,2026-08-27: (no price) → 2026-08-28: (no price) → 2026-09-09: $101207.00 → 2026-09-10: $101207.00
Memory,Memory,HPE OCA > OCA Solution > Memory > Memory,Memory,max 32,0,32,Mixing of different Rank memory is allowed only if max Qty is selected per processor (i.e. For 1Processor it is 16 and for 2 Processor it is 32).,P64710-F21,Standard,HPE 256GB (1x256GB) Octal Rank x4 DDR5-5600 CAS-52-45-45 EC8 Registered 3DS Smart FIO Memory Kit,0,"$101,207.00",,NA,$395.34,No,Obsolete (OB),,Not published by OCA,Obsolete (OB),04/06/2026,04/14/2026,"{""Extended Price (USD)"":""NA"",""Price per GB (USD)"":""395.34""}",UNCHANGED,"$101,207.00",$0.00,$0.00,2026-08-27: (no price) → 2026-08-28: (no price) → 2026-09-09: $101207.00 → 2026-09-10: $101207.00
Memory,Memory,HPE OCA > OCA Solution > Memory > Memory,Memory,max 32,0,32,96GB Memory cannot be mixed with any other Memory.,P66675-F21,Standard,HPE 96GB (1x96GB) Dual Rank x4 DDR5-4800 CAS-46-45-45 EC8 Registered Smart FIO Memory Kit,0,"$47,056.00",,NA,$490.17,No,Not published by OCA,,Not published by OCA,Active,04/06/2026,06/30/2029,"{""Extended Price (USD)"":""NA"",""Price per GB (USD)"":""490.17""}",UNCHANGED,"$47,056.00",$0.00,$0.00,2026-08-27: (no price) → 2026-08-28: (no price) → 2026-09-09: $47056.00 → 2026-09-10: $47056.00
Memory,Memory,HPE OCA > OCA Solution > Memory > Memory,Memory,max 32,0,32,Mixing of 3DS and Non 3DS not allowed,P69974-F21,Standard,HPE 128GB (1x128GB) Dual Rank x4 DDR5-4800 CAS-46-45-45 EC8 Registered Smart FIO Memory Kit,0,"$60,190.00",,NA,$470.23,No,Not published by OCA,,Not published by OCA,Active,04/06/2026,06/30/2029,"{""Extended Price (USD)"":""NA"",""Price per GB (USD)"":""470.23""}",UNCHANGED,"$60,190.00",$0.00,$0.00,2026-08-27: (no price) → 2026-08-28: (no price) → 2026-09-09: $60190.00 → 2026-09-10: $60190.00
Accessories & Infrastructure,System Options,HPE OCA > OCA Solution > Accessories & Infrastructure > System Options,Chassis Infrastructure,Optional,0,Optional,Private Product is not valid for current customer account,P74214-B21,Standard,SKH 128G 4Rx4 5600B-R Spl Smart FIO Kit                       is obsolete: P74214-B21,0,"$30,015.00",,NA,$234.49,No,Obsolete (OB),,Not published by OCA,Obsolete (OB),05/15/2024,01/21/2026,"{""Extended Price (USD)"":""NA"",""Price per GB (USD)"":""234.49""}",UNCHANGED,"$30,015.00",$0.00,$0.00,2026-08-28: (no price) → 2026-09-09: $30015.00 → 2026-09-10: $30015.00
Accessories & Infrastructure,System Options,HPE OCA > OCA Solution > Accessories & Infrastructure > System Options,Chassis Infrastructure,Optional,0,Optional,Private Product is not valid for current customer account,P74216-B21,Standard,SKH 32G 2Rx8 5600B-R Spl Smart FIO Kit,0,"$20,606.00",,NA,$643.94,No,EOL Warning (90-Day),,Not published by OCA,EOL Warning (90-Day),05/15/2024,10/31/2026,"{""Extended Price (USD)"":""NA"",""Price per GB (USD)"":""643.94""}",UNCHANGED,"$20,606.00",$0.00,$0.00,2026-08-28: (no price) → 2026-09-09: $20606.00 → 2026-09-10: $20606.00
Accessories & Infrastructure,System Options,HPE OCA > OCA Solution > Accessories & Infrastructure > System Options,Chassis Infrastructure,Optional,0,Optional,Private Product is not valid for current customer account,P74346-B21,Standard,SKH 64G 2Rx4 5600B-R Spl Smart FIO Kit,0,"$42,269.00",,NA,$660.45,No,EOL Warning (90-Day),,Not published by OCA,EOL Warning (90-Day),05/31/2024,10/31/2026,"{""Extended Price (USD)"":""NA"",""Price per GB (USD)"":""660.45""}",UNCHANGED,"$42,269.00",$0.00,$0.00,2026-08-28: (no price) → 2026-09-09: $42269.00 → 2026-09-10: $42269.00
Memory,Memory Blank Kit,HPE OCA > OCA Solution > Memory > Memory Blank Kit,Chassis Infrastructure,max 1,0,1,Selection constraint for Memory Blank Kit: max 1,P07818-B21,Standard,HPE DDR4 DIMM Blank Kit,0,$129.00,,NA,,No,Available,,Not published by OCA,Active,10/01/2018,06/30/2029,"{""Extended Price (USD)"":""NA""}",UNCHANGED,$129.00,$0.00,$0.00,2026-08-27: (no price) → 2026-08-28: (no price) → 2026-09-09: $129.00 → 2026-09-10: $129.00
Accessories & Infrastructure,Trusted Supply Chain,HPE OCA > OCA Solution > Accessories & Infrastructure > Trusted Supply Chain,Chassis Infrastructure,max 1,0,1,Selection constraint for Trusted Supply Chain: max 1,P36394-B21,Standard,HPE Trusted Supply Chain for HPE ProLiant,0,"$1,839.00",,NA,,No,Available,,Not published by OCA,Active,09/08/2020,05/31/2028,"{""Extended Price (USD)"":""NA""}",UNCHANGED,"$1,839.00",$0.00,$0.00,2026-08-27: (no price) → 2026-08-28: (no price) → 2026-09-09: $1839.00 → 2026-09-10: $1839.00
Cables & Enablement Kits,Factory Configuration Settings,HPE OCA > OCA Solution > Cables & Enablement Kits > Factory Configuration Settings,Cable Kit,max 1,0,1,Selection constraint for Factory Configuration Settings: max 1,P35876-B21,Standard,HPE CE Mark Removal FIO Enablement Kit,0,$1.00,,NA,,No,Available,,Not published by OCA,Active,10/05/2020,07/31/2028,"{""Extended Price (USD)"":""NA""}",UNCHANGED,$1.00,$0.00,$0.00,2026-08-27: $1.00 → 2026-08-28: (no price) → 2026-09-10: $1.00
Accessories & Infrastructure,Logical Size Settings,HPE OCA > OCA Solution > Accessories & Infrastructure > Logical Size Settings,Chassis Infrastructure,max 1,0,1,Selection constraint for Logical Size Settings: max 1,436007-B21,Standard,HPE 200GB Logical Size FIO Setting,0,$1.00,,NA,,No,Obsolete (OB),,Not published by OCA,Obsolete (OB),08/26/2008,04/01/2025,"{""Extended Price (USD)"":""NA""}",UNCHANGED,$1.00,$0.00,$0.00,2026-08-27: (no price) → 2026-08-28: (no price) → 2026-09-09: $1.00 → 2026-09-10: $1.00
Drive Enclosures / Drives,Solid State Drives (NVMe/SAS/SATA),HPE OCA > OCA Solution > Drive Enclosures / Drives > Solid State Drives (NVMe/SAS/SATA),Drive Cage / Drive,max 24,0,24,NVMe Bundle is supported with 8SFF CTO Server Only,P53634-B21,Standard,HPE ProLiant DL380 Gen11 16NVMe Balanced FIO Bundle Kit,0,$1.00,,NA,,No,Not published by OCA,,Not published by OCA,Active,01/10/2023,05/31/2028,"{""Extended Price (USD)"":""NA""}",UNCHANGED,$1.00,$0.00,$0.00,2026-08-27: (no price) → 2026-08-28: (no price) → 2026-09-09: $1.00 → 2026-09-10: $1.00
Drive Enclosures / Drives,Solid State Drives (NVMe/SAS/SATA),HPE OCA > OCA Solution > Drive Enclosures / Drives > Solid State Drives (NVMe/SAS/SATA),Drive Cage / Drive,max 24,0,24,NVMe Bundle is supported with 8SFF CTO Server Only,P53635-B21,Standard,HPE ProLiant DL380 Gen11 24NVME Balanced I/O FIO Bundle Kit,0,$1.00,,NA,,No,Not published by OCA,,Not published by OCA,Active,01/10/2023,05/31/2028,"{""Extended Price (USD)"":""NA""}",UNCHANGED,$1.00,$0.00,$0.00,2026-08-27: (no price) → 2026-08-28: (no price) → 2026-09-09: $1.00 → 2026-09-10: $1.00
Drive Enclosures / Drives,Solid State Drives (NVMe/SAS/SATA),HPE OCA > OCA Solution > Drive Enclosures / Drives > Solid State Drives (NVMe/SAS/SATA),Network Adapter,max 24,0,24,NVMe Bundle is supported with 8SFF CTO Server Only,P53637-B21,Standard,HPE ProLiant DL380 Gen11 24NVME Differential I/O OCP1 x16 FIO Bundle Kit,0,$1.00,,NA,,No,Not published by OCA,,Not published by OCA,Active,01/10/2023,05/31/2028,"{""Extended Price (USD)"":""NA""}",UNCHANGED,$1.00,$0.00,$0.00,2026-08-27: (no price) → 2026-08-28: (no price) → 2026-09-09: $1.00 → 2026-09-10: $1.00
Drive Enclosures / Drives,Solid State Drives (NVMe/SAS/SATA),HPE OCA > OCA Solution > Drive Enclosures / Drives > Solid State Drives (NVMe/SAS/SATA),Network Adapter,max 24,0,24,NVMe Bundle is supported with 8SFF CTO Server Only,P53638-B21,Standard,HPE ProLiant DL380 Gen11 24NVME Differential I/O OCP1/2 x16 FIO Bundle Kit,0,$1.00,,NA,,No,Not published by OCA,,Not published by OCA,Active,01/10/2023,05/31/2028,"{""Extended Price (USD)"":""NA""}",UNCHANGED,$1.00,$0.00,$0.00,2026-08-27: (no price) → 2026-08-28: (no price) → 2026-09-09: $1.00 → 2026-09-10: $1.00
Drive Enclosures / Drives,Solid State Drives (NVMe/SAS/SATA),HPE OCA > OCA Solution > Drive Enclosures / Drives > Solid State Drives (NVMe/SAS/SATA),Network Adapter,max 24,0,24,NVMe Bundle is supported with 8SFF CTO Server Only,P53636-B21,Standard,HPE ProLiant DL380 Gen11 24NVME Differential I/O OCP1/2 x8 FIO Bundle Kit,0,$1.00,,NA,,No,Not published by OCA,,Not published by OCA,Active,01/10/2023,05/31/2028,"{""Extended Price (USD)"":""NA""}",UNCHANGED,$1.00,$0.00,$0.00,2026-08-27: (no price) → 2026-08-28: (no price) → 2026-09-09: $1.00 → 2026-09-10: $1.00
Drive Enclosures / Drives,Solid State Drives (NVMe/SAS/SATA),HPE OCA > OCA Solution > Drive Enclosures / Drives > Solid State Drives (NVMe/SAS/SATA),Drive Cage / Drive,max 24,0,24,NVMe Bundle is supported with 8SFF CTO Server Only,P53639-B21,Standard,HPE ProLiant DL380 Gen11 32NVMe Balanced FIO Bundle Kit,0,$1.00,,NA,,No,Not published by OCA,,Not published by OCA,Active,04/03/2023,05/31/2028,"{""Extended Price (USD)"":""NA""}",UNCHANGED,$1.00,$0.00,$0.00,2026-08-27: (no price) → 2026-08-28: (no price) → 2026-09-09: $1.00 → 2026-09-10: $1.00
Drive Enclosures / Drives,Solid State Drives (NVMe/SAS/SATA),HPE OCA > OCA Solution > Drive Enclosures / Drives > Solid State Drives (NVMe/SAS/SATA),Drive Cage / Drive,max 24,0,24,NVMe Bundle is supported with 8SFF CTO Server Only,P69548-B21,Standard,HPE ProLiant DL380 Gen11 8NVMe 1P FIO Bundle Kit,0,$1.00,,NA,,No,Not published by OCA,,Not published by OCA,Active,03/04/2024,05/31/2028,"{""Extended Price (USD)"":""NA""}",UNCHANGED,$1.00,$0.00,$0.00,2026-08-27: (no price) → 2026-08-28: (no price) → 2026-09-09: $1.00 → 2026-09-10: $1.00
Drive Enclosures / Drives,Solid State Drives (NVMe/SAS/SATA),HPE OCA > OCA Solution > Drive Enclosures / Drives > Solid State Drives (NVMe/SAS/SATA),Drive Cage / Drive,max 24,0,24,NVMe Bundle is supported with 8SFF CTO Server Only,P53633-B21,Standard,HPE ProLiant DL380 Gen11 8NVMe Balanced FIO Bundle Kit,0,$1.00,,NA,,No,Not published by OCA,,Not published by OCA,Active,01/10/2023,04/30/2027,"{""Extended Price (USD)"":""NA""}",UNCHANGED,$1.00,$0.00,$0.00,2026-08-27: (no price) → 2026-08-28: (no price) → 2026-09-09: $1.00 → 2026-09-10: $1.00
Accessories & Infrastructure,System Options,HPE OCA > OCA Solution > Accessories & Infrastructure > System Options,Chassis Infrastructure,Optional,0,Optional,EDSFF Bundle is supported with 12EDSFF CTO Server Only,P56076-B21,Standard,HPE ProLiant DL380 Gen11 20EDSFF FIO Bundle Kit,0,$1.00,,NA,,No,EOL Warning (90-Day),,Not published by OCA,EOL Warning (90-Day),04/03/2023,10/31/2026,"{""Extended Price (USD)"":""NA""}",UNCHANGED,$1.00,$0.00,$0.00,2026-08-27: (no price) → 2026-08-28: (no price) → 2026-09-09: $1.00 → 2026-09-10: $1.00
Accessories & Infrastructure,System Options,HPE OCA > OCA Solution > Accessories & Infrastructure > System Options,Chassis Infrastructure,Optional,0,Optional,EDSFF Bundle is supported with 12EDSFF CTO Server Only,P56075-B21,Standard,HPE ProLiant DL380 Gen11 36EDSFF FIO Bundle Kit,0,$1.00,,NA,,No,Not published by OCA,,Not published by OCA,Active,04/03/2023,05/31/2028,"{""Extended Price (USD)"":""NA""}",UNCHANGED,$1.00,$0.00,$0.00,2026-08-27: (no price) → 2026-08-28: (no price) → 2026-09-09: $1.00 → 2026-09-10: $1.00
Software & Licenses,Server Management & Operating System Licenses,HPE OCA > OCA Solution > Software & Licenses > Server Management & Operating System Licenses,Operating System / License,max 2,0,2,Selection constraint for Server Management & Operating System Licenses: max 2,P42104-B21,Standard,HPE ProLiant Platform Certificate and IDevID iLO FIO Setting,0,$1.00,,NA,,No,Available,,Not published by OCA,Active,06/21/2021,06/30/2031,"{""Extended Price (USD)"":""NA""}",UNCHANGED,$1.00,$0.00,$0.00,2026-08-27: (no price) → 2026-08-28: (no price) → 2026-09-09: $1.00 → 2026-09-10: $1.00
Accessories & Infrastructure,vSAN Tracking SKUs,HPE OCA > OCA Solution > Accessories & Infrastructure > vSAN Tracking SKUs,Chassis Infrastructure,max 1,0,1,Selection constraint for vSAN Tracking SKUs: max 1,P63223-B21,Standard,HPE ProLiant vSAN Original Storage Architecture FIO Tracking,0,$1.00,,NA,,No,Available,,Not published by OCA,Active,05/01/2023,02/28/2028,"{""Extended Price (USD)"":""NA""}",UNCHANGED,$1.00,$0.00,$0.00,2026-08-27: (no price) → 2026-08-28: (no price) → 2026-09-09: $1.00 → 2026-09-10: $1.00
Accessories & Infrastructure,vSAN Tracking SKUs,HPE OCA > OCA Solution > Accessories & Infrastructure > vSAN Tracking SKUs,Chassis Infrastructure,max 1,0,1,Selection constraint for vSAN Tracking SKUs: max 1,P63226-B21,Standard,HPE ProLiant vSAN ReadyNode Express Storage Architecture FIO Tracking,0,$1.00,,NA,,No,Available,,Not published by OCA,Active,05/01/2023,05/31/2028,"{""Extended Price (USD)"":""NA""}",UNCHANGED,$1.00,$0.00,$0.00,2026-08-27: (no price) → 2026-08-28: (no price) → 2026-09-09: $1.00 → 2026-09-10: $1.00
Software & Licenses,iLO Common Password,HPE OCA > OCA Solution > Software & Licenses > iLO Common Password,Operating System / License,max 1,0,1,Selection constraint for iLO Common Password: max 1,P08040-B21,Standard,HPE iLO Common Password FIO Setting,0,$1.00,,NA,,No,Available,,Not published by OCA,Active,12/02/2019,06/30/2028,"{""Extended Price (USD)"":""NA""}",UNCHANGED,$1.00,$0.00,$0.00,2026-08-27: (no price) → 2026-08-28: (no price) → 2026-09-09: $1.00 → 2026-09-10: $1.00
Drive Enclosures / Drives,Drive Blank & FIO Enablement Kits,HPE OCA > OCA Solution > Drive Enclosures / Drives > Drive Blank & FIO Enablement Kits,Drive Cage / Drive,max 24,0,24,Supported with 8SFF CTO Server only.,873763-B21,Standard,HPE ProLiant Compute DL380 No Drive Configuration FIO Kit,0,$14.00,NA,NA,,No,Not published by OCA,,Not published by OCA,Active,07/11/2017,06/30/2029,"{""Price Delta (USD)"":""NA"",""Extended Price (USD)"":""NA""}",UNCHANGED,$14.00,$0.00,$0.00,2026-08-27: (no price) → 2026-08-28: (no price) → 2026-09-09: $14.00 → 2026-09-10: $14.00
Storage Controllers,SAS Controller,HPE OCA > OCA Solution > Storage Controllers > SAS Controller,Storage Controller,max 4,0,4,Selection constraint for SAS Controller: max 4,P47777-B21,Standard,HPE MR416i-p Gen11 x16 Lanes 8GB Cache PCI SPDM Plug-in Storage Controller,1,"$5,999.00",,"$5,999.00",,No,Available,,Not published by OCA,Active,11/10/2022,04/30/2029,"{""Extended Price (USD)"":""5,999.00""}",UNCHANGED,"$5,999.00",$0.00,$0.00,2026-08-27: $5999.00 → 2026-08-28: (no price) → 2026-09-10: $5999.00
Storage Controllers,SAS Controller,HPE OCA > OCA Solution > Storage Controllers > SAS Controller,Storage Controller,max 4,0,4,Selection constraint for SAS Controller: max 4,P47789-B21,Standard,HPE MR216i-o Gen11 x16 Lanes without Cache OCP SPDM Storage Controller,0,"$3,449.00",,NA,,No,Available,,Not published by OCA,Active,11/10/2022,04/30/2029,"{""Extended Price (USD)"":""NA""}",UNCHANGED,"$3,449.00",$0.00,$0.00,2026-08-27: (no price) → 2026-08-28: (no price) → 2026-09-09: $3449.00 → 2026-09-10: $3449.00
Storage Controllers,SAS Controller,HPE OCA > OCA Solution > Storage Controllers > SAS Controller,Storage Controller,max 4,0,4,Selection constraint for SAS Controller: max 4,P47785-B21,Standard,HPE MR216i-p Gen11 x16 Lanes without Cache PCI SPDM Plug-in Storage Controller,0,"$3,499.00",,NA,,No,Available,,Not published by OCA,Active,11/10/2022,04/30/2029,"{""Extended Price (USD)"":""NA""}",UNCHANGED,"$3,499.00",$0.00,$0.00,2026-08-27: (no price) → 2026-08-28: (no price) → 2026-09-09: $3499.00 → 2026-09-10: $3499.00
Storage Controllers,SAS Controller,HPE OCA > OCA Solution > Storage Controllers > SAS Controller,Storage Controller,max 4,0,4,Selection constraint for SAS Controller: max 4,804398-B21,Standard,HPE Smart Array E208e-p SR Gen10 (8 External Lanes/No Cache) 12G SAS PCIe Plug-in Controller,0,"$1,775.00",,NA,,No,Available,,Not published by OCA,Active,07/11/2017,04/30/2029,"{""Extended Price (USD)"":""NA""}",UNCHANGED,"$1,775.00",$0.00,$0.00,2026-08-27: (no price) → 2026-08-28: (no price) → 2026-09-09: $1775.00 → 2026-09-10: $1775.00
Storage Controllers,SAS Controller,HPE OCA > OCA Solution > Storage Controllers > SAS Controller,Storage Controller,max 4,0,4,Selection constraint for SAS Controller: max 4,P47781-B21,Standard,HPE MR416i-o Gen11 x16 Lanes 8GB Cache OCP SPDM Storage Controller,0,"$5,699.00",,NA,,No,Available,,Not published by OCA,Active,11/10/2022,04/30/2029,"{""Extended Price (USD)"":""NA""}",UNCHANGED,"$5,699.00",$0.00,$0.00,2026-08-27: (no price) → 2026-08-28: (no price) → 2026-09-09: $5699.00 → 2026-09-10: $5699.00
Storage Controllers,SAS Controller,HPE OCA > OCA Solution > Storage Controllers > SAS Controller,Storage Controller,max 4,0,4,Selection constraint for SAS Controller: max 4,P58335-B21,Standard,HPE MR408i-o Gen11 x8 Lanes 4GB Cache OCP SPDM Storage Controller,0,"$4,599.00",,NA,,No,Available,,Not published by OCA,Active,11/10/2022,04/30/2029,"{""Extended Price (USD)"":""NA""}",UNCHANGED,"$4,599.00",$0.00,$0.00,2026-08-27: (no price) → 2026-08-28: (no price) → 2026-09-09: $4599.00 → 2026-09-10: $4599.00
Drive Enclosures / Drives,Solid State Drives (NVMe/SAS/SATA),HPE OCA > OCA Solution > Drive Enclosures / Drives > Solid State Drives (NVMe/SAS/SATA),Network Adapter,max 24,0,24,Gen4 Re timer card is supported with 8SFF CTO Server Only.,P25527-B21,Standard,HPE DL385 Gen10 Plus 12Gb NVMe 2-port Adapter,0,$633.00,,NA,,No,Not published by OCA,,Not published by OCA,Active,06/08/2020,05/31/2028,"{""Extended Price (USD)"":""NA""}",UNCHANGED,$633.00,$0.00,$0.00,2026-08-27: (no price) → 2026-08-28: (no price) → 2026-09-09: $633.00 → 2026-09-10: $633.00
PCIe Risers,Energy Star,HPE OCA > OCA Solution > PCIe Risers > Energy Star,PCIe Riser,max 1,0,1,Gen5 Re timer card is supported with 12EDSFF CTO Server Only.,P48833-B21,Standard,HPE ProLiant DL320/DL380 Gen11 PCIe Gen5 Retimer Card,0,$461.00,,NA,,No,EOL Warning (90-Day),,Not published by OCA,EOL Warning (90-Day),04/03/2023,10/31/2026,"{""Extended Price (USD)"":""NA""}",UNCHANGED,$461.00,$0.00,$0.00,2026-08-27: (no price) → 2026-08-28: (no price) → 2026-09-09: $461.00 → 2026-09-10: $461.00
Storage Controllers,Storage Controller Cables,HPE OCA > OCA Solution > Storage Controllers > Storage Controller Cables,Storage Controller,max 2,0,2,Mixing of SR series and MR series Tri Mode controllers not allowed,P47184-B21,Standard,HPE SR932i-p Gen11 x32 Lanes 8GB Wide Cache PCI SPDM Plug-in Storage Controller,0,"$11,155.00",,NA,,No,Not published by OCA,,Not published by OCA,Active,11/10/2022,12/31/2028,"{""Extended Price (USD)"":""NA""}",UNCHANGED,"$11,155.00",$0.00,$0.00,2026-08-27: (no price) → 2026-08-28: (no price) → 2026-09-09: $11155.00 → 2026-09-10: $11155.00
Cables & Enablement Kits,Smart Storage Batteries,HPE OCA > OCA Solution > Cables & Enablement Kits > Smart Storage Batteries,Cable Kit,max 2,0,2,Selection constraint for Smart Storage Batteries: max 2,P01366-B21,Standard,HPE 96W Smart Storage Lithium-ion Battery with 145mm Cable Kit,1,$110.00,,$110.00,,No,Available,,Not published by OCA,Active,12/18/2017,04/30/2029,"{""Extended Price (USD)"":""110.00""}",UNCHANGED,$110.00,$0.00,$0.00,2026-08-27: (no price) → 2026-08-28: (no price) → 2026-09-09: $110.00 → 2026-09-10: $110.00
Cables & Enablement Kits,Smart Storage Batteries,HPE OCA > OCA Solution > Cables & Enablement Kits > Smart Storage Batteries,Cable Kit,max 2,0,2,Selection constraint for Smart Storage Batteries: max 2,P48918-B21,Standard,HPE ProLiant Storage Controller Enablement Cable Kit,1,$38.00,,$38.00,,No,Available,,Not published by OCA,Active,01/10/2023,06/30/2029,"{""Extended Price (USD)"":""38.00""}",UNCHANGED,$38.00,$0.00,$0.00,2026-08-27: $38.00 → 2026-08-28: (no price) → 2026-09-10: $38.00
Cables & Enablement Kits,Smart Storage Battery,HPE OCA > OCA Solution > Cables & Enablement Kits > Smart Storage Battery,Cable Kit,max 2,0,2,Max quantity of product limited by space available.,P02377-B21,Standard,HPE Smart Storage Hybrid Capacitor with 145mm Cable Kit,0,$397.00,,NA,,No,Not published by OCA,,Not published by OCA,Active,04/02/2019,06/30/2027,"{""Extended Price (USD)"":""NA""}",UNCHANGED,$397.00,$0.00,$0.00,2026-08-27: $397.00 → 2026-08-28: (no price) → 2026-09-09: $397.00 → 2026-09-10: $397.00
Cables & Enablement Kits,Smart Storage Battery,HPE OCA > OCA Solution > Cables & Enablement Kits > Smart Storage Battery,Cable Kit,max 2,0,2,Max quantity of product limited by space available.,P65038-B21,Standard,HPE 16W Smart Hybrid Capacitor with 145mm Cable,0,$397.00,,NA,,No,Not published by OCA,,Not published by OCA,Active,12/01/2025,06/30/2029,"{""Extended Price (USD)"":""NA""}",UNCHANGED,$397.00,$0.00,$0.00,2026-08-27: (no price) → 2026-08-28: (no price) → 2026-09-09: $397.00 → 2026-09-10: $397.00
Storage Controllers,Storage Controller Cables,HPE OCA > OCA Solution > Storage Controllers > Storage Controller Cables,Cable Kit,max 2,0,2,Selection constraint for Storage Controller Cables: max 2,P52153-B21,Standard,HPE ProLiant DL380 Gen11 12EDSFF CPU1/2 Cable Kit,0,$394.00,,NA,,No,Available,,Not published by OCA,Active,04/03/2023,05/31/2028,"{""Extended Price (USD)"":""NA""}",UNCHANGED,$394.00,$0.00,$0.00,2026-08-27: (no price) → 2026-08-28: (no price) → 2026-09-09: $394.00 → 2026-09-10: $394.00
Storage Controllers,Storage Controller Cables,HPE OCA > OCA Solution > Storage Controllers > Storage Controller Cables,Cable Kit,max 2,0,2,Selection constraint for Storage Controller Cables: max 2,P52154-B21,Standard,HPE ProLiant DL380 Gen11 PCIe Gen5 Retimer Card Cable Kit,0,"$1,175.00",,NA,,No,Available,,Not published by OCA,Active,04/03/2023,05/31/2028,"{""Extended Price (USD)"":""NA""}",UNCHANGED,"$1,175.00",$0.00,$0.00,2026-08-27: (no price) → 2026-08-28: (no price) → 2026-09-09: $1175.00 → 2026-09-10: $1175.00
Storage Controllers,Storage Controller Cables,HPE OCA > OCA Solution > Storage Controllers > Storage Controller Cables,Cable Kit,max 2,0,2,Selection constraint for Storage Controller Cables: max 2,P56995-B21,Standard,HPE ProLiant DL380 Gen11 LFF Front Tri-Mode Cable Kit,1,$248.00,,$248.00,,No,Available,,Not published by OCA,Active,01/10/2023,05/31/2028,"{""Extended Price (USD)"":""248.00""}",UNCHANGED,$248.00,$0.00,$0.00,2026-08-27: (no price) → 2026-08-28: (no price) → 2026-09-09: $248.00 → 2026-09-10: $248.00
Drive Enclosures / Drives,Solid State Drives (NVMe/SAS/SATA),HPE OCA > OCA Solution > Drive Enclosures / Drives > Solid State Drives (NVMe/SAS/SATA),Cable Kit,max 24,0,24,This Cable is supported with 8SFF CTO Server Only.,P48825-B21,Standard,HPE ProLiant DL380 Gen11 8SFF CPU1/2 NVMe Cable Kit,0,"$2,127.00",,NA,,No,Not published by OCA,,Not published by OCA,Active,01/10/2023,05/31/2028,"{""Extended Price (USD)"":""NA""}",UNCHANGED,"$2,127.00",$0.00,$0.00,2026-08-27: (no price) → 2026-08-28: (no price) → 2026-09-09: $2127.00 → 2026-09-10: $2127.00
Cables & Enablement Kits,System Options,HPE OCA > OCA Solution > Cables & Enablement Kits > System Options,Cable Kit,,0,,This Cable is supported with 8SFF CTO Server and EDSFF CTO Server Only.,P48829-B21,Standard,HPE ProLiant DL380 Gen11 8SFF OROC1/2 x2 Cable Kit,0,$326.00,,NA,,No,Not published by OCA,,Not published by OCA,Active,01/10/2023,05/31/2028,"{""Extended Price (USD)"":""NA""}",UNCHANGED,$326.00,$0.00,$0.00,2026-08-27: (no price) → 2026-08-28: (no price) → 2026-09-09: $326.00 → 2026-09-10: $326.00
Cables & Enablement Kits,System Options,HPE OCA > OCA Solution > Cables & Enablement Kits > System Options,Cable Kit,,0,,This Cable is supported with 8SFF CTO Server and EDSFF CTO Server Only.,P48831-B21,Standard,HPE ProLiant DL380 Gen11 2U Tri-Mode Premium Cable Kit,0,"$1,965.00",,NA,,No,Not published by OCA,,Not published by OCA,Active,01/10/2023,05/31/2028,"{""Extended Price (USD)"":""NA""}",UNCHANGED,"$1,965.00",$0.00,$0.00,2026-08-27: (no price) → 2026-08-28: (no price) → 2026-09-09: $1965.00 → 2026-09-10: $1965.00
Cables & Enablement Kits,System Options,HPE OCA > OCA Solution > Cables & Enablement Kits > System Options,Cable Kit,,0,,This Cable is supported with 8SFF CTO Server and EDSFF CTO Server Only.,P48832-B21,Standard,HPE ProLiant DL380 Gen11 Tri-Mode Splitter Cable Kit,0,$730.00,,NA,,No,Not published by OCA,,Not published by OCA,Active,01/10/2023,05/31/2028,"{""Extended Price (USD)"":""NA""}",UNCHANGED,$730.00,$0.00,$0.00,2026-08-27: $730.00 → 2026-08-28: (no price) → 2026-09-10: $730.00
Storage Controllers,Storage Controller Cable Kits,HPE OCA > OCA Solution > Storage Controllers > Storage Controller Cable Kits,Cable Kit,max 4,0,4,This Cable is supported with 8SFF CTO Server and 24SFF CTO Server Only.,P54874-B21,Standard,HPE ProLiant DL380 Gen11 8SFF to Retimer/-P Controller Cable Kit,0,$334.00,,NA,,No,Not published by OCA,,Not published by OCA,Active,01/10/2023,05/31/2028,"{""Extended Price (USD)"":""NA""}",UNCHANGED,$334.00,$0.00,$0.00,2026-08-27: (no price) → 2026-08-28: (no price) → 2026-09-09: $334.00 → 2026-09-10: $334.00
Drive Enclosures / Drives,Solid State Drives (NVMe/SAS/SATA),HPE OCA > OCA Solution > Drive Enclosures / Drives > Solid State Drives (NVMe/SAS/SATA),Cable Kit,max 24,0,24,Private Product is not valid for current customer account,P84565-B21,Standard,HPE DL380G11 E1.S SSD Spl Cable Kit,0,$255.00,,NA,,No,Not published by OCA,,Not published by OCA,Active,06/20/2025,05/31/2028,"{""Extended Price (USD)"":""NA""}",UNCHANGED,$255.00,$0.00,$0.00,2026-08-28: (no price) → 2026-09-09: $255.00 → 2026-09-10: $255.00
Storage Controllers,RAID Settings,HPE OCA > OCA Solution > Storage Controllers > RAID Settings,Storage Controller,max 1,0,1,Selection constraint for RAID Settings: max 1,339777-B21,Standard,HPE RAID 0 Drive 1 FIO Setting,0,$1.00,,NA,,No,Available,,Not published by OCA,Active,08/01/2008,09/30/2043,"{""Extended Price (USD)"":""NA""}",UNCHANGED,$1.00,$0.00,$0.00,2026-08-27: (no price) → 2026-08-28: (no price) → 2026-09-09: $1.00 → 2026-09-10: $1.00
Storage Controllers,RAID Settings,HPE OCA > OCA Solution > Storage Controllers > RAID Settings,Storage Controller,max 1,0,1,Selection constraint for RAID Settings: max 1,339778-B21,Standard,HPE RAID 1 Drive 1 FIO Setting,0,$1.00,,NA,,No,Available,,Not published by OCA,Active,08/14/2003,07/31/2044,"{""Extended Price (USD)"":""NA""}",UNCHANGED,$1.00,$0.00,$0.00,2026-08-27: (no price) → 2026-08-28: (no price) → 2026-09-09: $1.00 → 2026-09-10: $1.00
Storage Controllers,RAID Settings,HPE OCA > OCA Solution > Storage Controllers > RAID Settings,Storage Controller,max 1,0,1,Selection constraint for RAID Settings: max 1,339779-B21,Standard,HPE RAID 5 Drive 1 FIO Setting,0,$1.00,,NA,,No,Available,,Not published by OCA,Active,09/07/2016,09/30/2043,"{""Extended Price (USD)"":""NA""}",UNCHANGED,$1.00,$0.00,$0.00,2026-08-27: (no price) → 2026-08-28: (no price) → 2026-09-09: $1.00 → 2026-09-10: $1.00
Storage Controllers,RAID Settings,HPE OCA > OCA Solution > Storage Controllers > RAID Settings,Storage Controller,max 1,0,1,Selection constraint for RAID Settings: max 1,339780-B21,Standard,HPE Raid 5 w/SP Drive 1 FIO Setting,0,$1.00,,NA,,No,Available,,Not published by OCA,Active,08/01/2008,09/30/2043,"{""Extended Price (USD)"":""NA""}",UNCHANGED,$1.00,$0.00,$0.00,2026-08-27: (no price) → 2026-08-28: (no price) → 2026-09-09: $1.00 → 2026-09-10: $1.00
Storage Controllers,RAID Settings,HPE OCA > OCA Solution > Storage Controllers > RAID Settings,Storage Controller,max 1,0,1,Selection constraint for RAID Settings: max 1,339781-B21,Standard,HPE RAID FIO Advanced Data Guarding Option,0,$1.00,,NA,,No,Available,,Not published by OCA,Active,08/01/2008,09/30/2043,"{""Extended Price (USD)"":""NA""}",UNCHANGED,$1.00,$0.00,$0.00,2026-08-27: (no price) → 2026-08-28: (no price) → 2026-09-09: $1.00 → 2026-09-10: $1.00
Storage Controllers,RAID Settings,HPE OCA > OCA Solution > Storage Controllers > RAID Settings,Storage Controller,max 1,0,1,Selection constraint for RAID Settings: max 1,389692-B21,Standard,HPE Customer Defined RAID Setting Service,0,$1.00,,NA,,No,Available,,Not published by OCA,Active,02/02/2005,12/31/2043,"{""Extended Price (USD)"":""NA""}",UNCHANGED,$1.00,$0.00,$0.00,2026-08-27: (no price) → 2026-08-28: (no price) → 2026-09-09: $1.00 → 2026-09-10: $1.00
Drive Enclosures / Drives,Drive Cage,HPE OCA > OCA Solution > Drive Enclosures / Drives > Drive Cage,Drive Cage / Drive,max 8,0,8,Selection constraint for Drive Cage: max 8,P48811-B21,Standard,HPE ProLiant DL380 Gen11 2SFF U.3 HDD Stacking Drive Cage Kit,0,$795.00,,NA,,No,Available,,Not published by OCA,Active,01/10/2023,05/31/2028,"{""Extended Price (USD)"":""NA""}",UNCHANGED,$795.00,$0.00,$0.00,2026-08-27: (no price) → 2026-08-28: (no price) → 2026-09-09: $795.00 → 2026-09-10: $795.00
Drive Enclosures / Drives,Drive Cage,HPE OCA > OCA Solution > Drive Enclosures / Drives > Drive Cage,Drive Cage / Drive,max 8,0,8,Selection constraint for Drive Cage: max 8,P48812-B21,Standard,HPE ProLiant DL380 Gen11 2SFF U.3 Side-by-Side Drive Cage Kit,0,$530.00,,NA,,No,Available,,Not published by OCA,Active,01/10/2023,05/31/2028,"{""Extended Price (USD)"":""NA""}",UNCHANGED,$530.00,$0.00,$0.00,2026-08-27: (no price) → 2026-08-28: (no price) → 2026-09-09: $530.00 → 2026-09-10: $530.00
Drive Enclosures / Drives,Drive Cage,HPE OCA > OCA Solution > Drive Enclosures / Drives > Drive Cage,PCIe Riser,max 8,0,8,Selection constraint for Drive Cage: max 8,P48826-B21,Standard,HPE ProLiant DL380 Gen11 2LFF Tertiary Riser Cage Kit,0,$994.00,,NA,,No,Available,,Not published by OCA,Active,01/10/2023,05/31/2028,"{""Extended Price (USD)"":""NA""}",UNCHANGED,$994.00,$0.00,$0.00,2026-08-27: (no price) → 2026-08-28: (no price) → 2026-09-09: $994.00 → 2026-09-10: $994.00
Drive Enclosures / Drives,Drive Cage,HPE OCA > OCA Solution > Drive Enclosures / Drives > Drive Cage,PCIe Riser,max 8,0,8,Selection constraint for Drive Cage: max 8,P51095-B21,Standard,HPE ProLiant DL380 Gen11 2LFF LP Secondary Riser Cage Kit,0,$350.00,,NA,,No,Available,,Not published by OCA,Active,01/10/2023,05/31/2028,"{""Extended Price (USD)"":""NA""}",UNCHANGED,$350.00,$0.00,$0.00,2026-08-27: (no price) → 2026-08-28: (no price) → 2026-09-09: $350.00 → 2026-09-10: $350.00
Drive Enclosures / Drives,Drive Cage,HPE OCA > OCA Solution > Drive Enclosures / Drives > Drive Cage,Drive Cage / Drive,max 8,0,8,Mid Tray can be selected with 205W or below Processors only.,P48816-B21,Standard,HPE ProLiant DL380 Gen11 2U 8SFF x4 U.3 Mid Tray Tri-Mode Drive Cage Kit,0,$944.00,,NA,,No,Not published by OCA,,Not published by OCA,Active,04/03/2023,05/31/2028,"{""Extended Price (USD)"":""NA""}",UNCHANGED,$944.00,$0.00,$0.00,2026-08-27: (no price) → 2026-08-28: (no price) → 2026-09-09: $944.00 → 2026-09-10: $944.00
Drive Enclosures / Drives,Drive Cage,HPE OCA > OCA Solution > Drive Enclosures / Drives > Drive Cage,Drive Cage / Drive,max 8,0,8,Mid Tray can be selected with 205W or below Processors only.,P48809-B21,Standard,HPE ProLiant DL380 Gen11 4LFF SAS/SATA 12G LP Midplane Drive Cage Kit,0,$279.00,,NA,,No,Not published by OCA,,Not published by OCA,Active,04/03/2023,05/31/2028,"{""Extended Price (USD)"":""NA""}",UNCHANGED,$279.00,$0.00,$0.00,2026-08-27: (no price) → 2026-08-28: (no price) → 2026-09-09: $279.00 → 2026-09-10: $279.00
Drive Enclosures / Drives,Drive Cage,HPE OCA > OCA Solution > Drive Enclosures / Drives > Drive Cage,Drive Cage / Drive,max 8,0,8,Mid Tray can be selected with 205W or below Processors only.,P48815-B21,Standard,HPE ProLiant DL380 Gen11 8SFF x1 Tri-Mode 24G U.3 BC Midplane Drive Cage Kit,0,$601.00,,NA,,No,Not published by OCA,,Not published by OCA,Active,04/03/2023,05/31/2028,"{""Extended Price (USD)"":""NA""}",UNCHANGED,$601.00,$0.00,$0.00,2026-08-27: (no price) → 2026-08-28: (no price) → 2026-09-09: $601.00 → 2026-09-10: $601.00
Drive Enclosures / Drives,Drive Cage,HPE OCA > OCA Solution > Drive Enclosures / Drives > Drive Cage,Drive Cage / Drive,max 8,0,8,12EDSFF Drive Cage / Drives can be selected with 12EDSFF CTO Server only.,P48808-B21,Standard,HPE ProLiant DL380 Gen11 12EDSFF Drive Cage Kit,0,$470.00,,NA,,No,Not published by OCA,,Not published by OCA,Active,04/03/2023,05/31/2028,"{""Extended Price (USD)"":""NA""}",UNCHANGED,$470.00,$0.00,$0.00,2026-08-27: (no price) → 2026-08-28: (no price) → 2026-09-09: $470.00 → 2026-09-10: $470.00
PCIe Risers,Secondary PCIe Risers,HPE OCA > OCA Solution > PCIe Risers > Secondary PCIe Risers,PCIe Riser,max 3,0,3,This Drive cage can be selected with 8SFF CTO Server and 24SFF CTO Server Only.,P48810-B21,Standard,HPE ProLiant DL380 Gen11 2SFF U.3 Primary/Secondary Riser Cage Kit,0,$485.00,,NA,,No,Not published by OCA,,Not published by OCA,Active,01/10/2023,05/31/2028,"{""Extended Price (USD)"":""NA""}",UNCHANGED,$485.00,$0.00,$0.00,2026-08-27: (no price) → 2026-08-28: (no price) → 2026-09-09: $485.00 → 2026-09-10: $485.00
Drive Enclosures / Drives,Drive Cage,HPE OCA > OCA Solution > Drive Enclosures / Drives > Drive Cage,Drive Cage / Drive,max 8,0,8,This Drive cage can be selected with 8SFF CTO Server and 12EDSFF CTO Server,P48813-B21,Standard,HPE ProLiant DL380 Gen11 2U 8SFF x1 Tri-Mode U.3 Drive Cage Kit,0,$629.00,,NA,,No,Not published by OCA,,Not published by OCA,Active,01/10/2023,05/31/2028,"{""Extended Price (USD)"":""NA""}",UNCHANGED,$629.00,$0.00,$0.00,2026-08-27: (no price) → 2026-08-28: (no price) → 2026-09-09: $629.00 → 2026-09-10: $629.00
Drive Enclosures / Drives,Drive Cage,HPE OCA > OCA Solution > Drive Enclosures / Drives > Drive Cage,Drive Cage / Drive,max 8,0,8,This Drive cage can be selected with 8SFF CTO Server and 12EDSFF CTO Server,P48814-B21,Standard,HPE ProLiant DL380 Gen11 8SFF U.3 Premium Drive Cage Kit,0,$416.00,,NA,,No,Not published by OCA,,Not published by OCA,Active,01/10/2023,05/31/2028,"{""Extended Price (USD)"":""NA""}",UNCHANGED,$416.00,$0.00,$0.00,2026-08-27: $416.00 → 2026-08-28: (no price) → 2026-09-10: $416.00
PCIe Risers,Primary PCIe Risers,HPE OCA > OCA Solution > PCIe Risers > Primary PCIe Risers,PCIe Riser,max 3,0,3,If this Primary Riser is selected then default Primary riser is replaced with this Riser. The “PCIe Card Capacity Limits” must account for this limitation...,P48823-B21,Standard,HPE ProLiant DL380 Gen11 2LFF Primary Riser Cage Kit,0,$417.00,,NA,,No,Not published by OCA,,Not published by OCA,Active,01/10/2023,05/31/2028,"{""Extended Price (USD)"":""NA""}",UNCHANGED,$417.00,$0.00,$0.00,2026-08-27: (no price) → 2026-08-28: (no price) → 2026-09-09: $417.00 → 2026-09-10: $417.00
Software & Licenses,Proliant Software Media Kits,HPE OCA > OCA Solution > Software & Licenses > Proliant Software Media Kits,Drive Cage / Drive,Unlimited,0,Unlimited,This Drive cage can be selected with 8SFF CTO Server Only.,P50728-B21,Standard,HPE ProLiant DL380 Gen11 SFF Universal Media Bay Kit,0,$122.00,,NA,,No,Not published by OCA,,Not published by OCA,Active,01/10/2023,05/31/2028,"{""Extended Price (USD)"":""NA""}",UNCHANGED,$122.00,$0.00,$0.00,2026-08-27: (no price) → 2026-08-28: (no price) → 2026-09-09: $122.00 → 2026-09-10: $122.00
Drive Enclosures / Drives,Solid State Drives (NVMe/SAS/SATA),HPE OCA > OCA Solution > Drive Enclosures / Drives > Solid State Drives (NVMe/SAS/SATA),Drive Cage / Drive,max 8,0,8,Selection constraint for Solid State Drives (NVMe/SAS/SATA): max 8,P47808-B21,Standard,HPE 960GB SATA 6G Read Intensive LFF LPC Multi Vendor SSD,0,"$13,668.00",,NA,$14.24,No,Available,,Not published by OCA,Active,11/01/2021,12/31/2026,"{""Extended Price (USD)"":""NA"",""Price per GB (USD)"":""14.24""}",UNCHANGED,"$13,668.00",$0.00,$0.00,"$2,026.00"
Drive Enclosures / Drives,Solid State Drives (NVMe/SAS/SATA),HPE OCA > OCA Solution > Drive Enclosures / Drives > Solid State Drives (NVMe/SAS/SATA),Drive Cage / Drive,max 8,0,8,Selection constraint for Solid State Drives (NVMe/SAS/SATA): max 8,P49040-B21,Standard,HPE 7.68TB SAS 24G Read Intensive LFF LPC Multi Vendor SSD,0,"$11,831.00",,NA,$1.54,No,Obsolete (OB),,Not published by OCA,Obsolete (OB),12/06/2021,09/15/2023,"{""Extended Price (USD)"":""NA"",""Price per GB (USD)"":""1.54""}",UNCHANGED,"$11,831.00",$0.00,$0.00,"$2,026.00"
Drive Enclosures / Drives,Solid State Drives (NVMe/SAS/SATA),HPE OCA > OCA Solution > Drive Enclosures / Drives > Solid State Drives (NVMe/SAS/SATA),Drive Cage / Drive,max 8,0,8,Selection constraint for Solid State Drives (NVMe/SAS/SATA): max 8,P58232-B21,Standard,HPE 7.68TB SATA 6G Very Read Optimized LFF LPC 5400 SSD,0,"$6,532.00",,NA,$0.85,No,Obsolete (OB),,Not published by OCA,Obsolete (OB),11/01/2022,02/29/2024,"{""Extended Price (USD)"":""NA"",""Price per GB (USD)"":""0.85""}",UNCHANGED,"$6,532.00",$0.00,$0.00,"$2,026.00"
Drive Enclosures / Drives,Solid State Drives (NVMe/SAS/SATA),HPE OCA > OCA Solution > Drive Enclosures / Drives > Solid State Drives (NVMe/SAS/SATA),Drive Cage / Drive,max 1,0,1,Private Product is not valid for current customer account,P69779-B21,Standard,HPE 7.68TB SAS RI LFF LPC Spl SSD,0,"$70,465.00",,NA,$9.18,No,Not published by OCA,,Not published by OCA,Active,01/09/2024,06/30/2027,"{""Extended Price (USD)"":""NA"",""Price per GB (USD)"":""9.18""}",UNCHANGED,"$70,465.00",$0.00,$0.00,"$2,026.00"
Drive Enclosures / Drives,Solid State Drives (NVMe/SAS/SATA),HPE OCA > OCA Solution > Drive Enclosures / Drives > Solid State Drives (NVMe/SAS/SATA),Drive Cage / Drive,max 8,0,8,Selection constraint for Solid State Drives (NVMe/SAS/SATA): max 8,P37009-B21,Standard,HPE 960GB SAS 12G Mixed Use LFF LPC Value SAS Multi Vendor SSD,0,"$12,745.00",,NA,$13.28,No,Available,,Not published by OCA,Active,12/07/2020,03/31/2027,"{""Extended Price (USD)"":""NA"",""Price per GB (USD)"":""13.28""}",UNCHANGED,"$12,745.00",$0.00,$0.00,"$2,026.00"
Drive Enclosures / Drives,Hard Disk Drives (SAS/SATA),HPE OCA > OCA Solution > Drive Enclosures / Drives > Hard Disk Drives (SAS/SATA),Drive Cage / Drive,max 8,0,8,Selection constraint for Hard Disk Drives (SAS/SATA): max 8,834028-B21,Standard,HPE 8TB SATA 6G Business Critical 7.2K LFF LP 1-year Warranty 512e Multi Vendor HDD,0,"$1,897.00",,NA,$0.24,No,Available,,Not published by OCA,Active,06/06/2016,06/30/2028,"{""Extended Price (USD)"":""NA"",""Price per GB (USD)"":""0.24""}",UNCHANGED,"$1,897.00",$0.00,$0.00,"$2,026.00"
Drive Enclosures / Drives,Hard Disk Drives (SAS/SATA),HPE OCA > OCA Solution > Drive Enclosures / Drives > Hard Disk Drives (SAS/SATA),Drive Cage / Drive,max 8,0,8,Selection constraint for Hard Disk Drives (SAS/SATA): max 8,834031-B21,Standard,HPE 8TB SAS 12G Business Critical 7.2K LFF LP 1-year Warranty 512e Multi Vendor HDD,0,"$2,698.00",,NA,$0.34,No,Available,,Not published by OCA,Active,06/06/2016,06/30/2028,"{""Extended Price (USD)"":""NA"",""Price per GB (USD)"":""0.34""}",UNCHANGED,"$2,698.00",$0.00,$0.00,"$2,026.00"
Drive Enclosures / Drives,Hard Disk Drives (SAS/SATA),HPE OCA > OCA Solution > Drive Enclosures / Drives > Hard Disk Drives (SAS/SATA),Drive Cage / Drive,max 8,0,8,Selection constraint for Hard Disk Drives (SAS/SATA): max 8,861683-B21,Standard,HPE 4TB SATA 6G Business Critical 7.2K LFF LP 1-year Warranty Multi Vendor HDD,0,"$1,189.00",,NA,$0.30,No,Available,,Not published by OCA,Active,09/26/2016,06/30/2028,"{""Extended Price (USD)"":""NA"",""Price per GB (USD)"":""0.30""}",UNCHANGED,"$1,189.00",$0.00,$0.00,"$2,026.00"
Drive Enclosures / Drives,Hard Disk Drives (SAS/SATA),HPE OCA > OCA Solution > Drive Enclosures / Drives > Hard Disk Drives (SAS/SATA),Drive Cage / Drive,max 8,0,8,Selection constraint for Hard Disk Drives (SAS/SATA): max 8,881781-B21,Standard,HPE 12TB SAS 12G Business Critical 7.2K LFF LP 1-year Warranty Helium 512e Multi Vendor HDD,0,"$2,698.00",,NA,$0.22,No,Available,,Not published by OCA,Active,02/05/2018,06/30/2028,"{""Extended Price (USD)"":""NA"",""Price per GB (USD)"":""0.22""}",UNCHANGED,"$2,698.00",$0.00,$0.00,"$2,026.00"
Drive Enclosures / Drives,Hard Disk Drives (SAS/SATA),HPE OCA > OCA Solution > Drive Enclosures / Drives > Hard Disk Drives (SAS/SATA),Drive Cage / Drive,max 8,0,8,Selection constraint for Hard Disk Drives (SAS/SATA): max 8,P53553-B21,Standard,HPE 20TB SAS 12G Business Critical 7.2K LFF LP 1-year Warranty Helium 512e ISE Multi Vendor HDD,0,"$4,257.00",,NA,$0.21,No,Available,,Not published by OCA,Active,06/06/2022,06/30/2028,"{""Extended Price (USD)"":""NA"",""Price per GB (USD)"":""0.21""}",UNCHANGED,"$4,257.00",$0.00,$0.00,"$2,026.00"
Drive Enclosures / Drives,Hard Disk Drives (SAS/SATA),HPE OCA > OCA Solution > Drive Enclosures / Drives > Hard Disk Drives (SAS/SATA),Drive Cage / Drive,max 8,0,8,Selection constraint for Hard Disk Drives (SAS/SATA): max 8,P53554-B21,Standard,HPE 20TB SATA 6G Business Critical 7.2K LFF LP 1-year Warranty Helium 512e ISE Multi Vendor HDD,0,"$4,257.00",,NA,$0.21,No,Available,,Not published by OCA,Active,06/06/2022,06/30/2028,"{""Extended Price (USD)"":""NA"",""Price per GB (USD)"":""0.21""}",UNCHANGED,"$4,257.00",$0.00,$0.00,"$2,026.00"
Drive Enclosures / Drives,Hard Disk Drives (SAS/SATA),HPE OCA > OCA Solution > Drive Enclosures / Drives > Hard Disk Drives (SAS/SATA),Drive Cage / Drive,max 8,0,8,Selection constraint for Hard Disk Drives (SAS/SATA): max 8,833926-B21,Standard,HPE 2TB SAS 12G Business Critical 7.2K LFF LP 1-year Warranty Multi Vendor HDD,0,$655.00,,NA,$0.33,No,Obsolete (OB),,Not published by OCA,Obsolete (OB),02/16/2016,12/31/2025,"{""Extended Price (USD)"":""NA"",""Price per GB (USD)"":""0.33""}",UNCHANGED,$655.00,$0.00,$0.00,"$2,026.00"
Drive Enclosures / Drives,Hard Disk Drives (SAS/SATA),HPE OCA > OCA Solution > Drive Enclosures / Drives > Hard Disk Drives (SAS/SATA),Drive Cage / Drive,max 8,0,8,Selection constraint for Hard Disk Drives (SAS/SATA): max 8,833928-B21,Standard,HPE 4TB SAS 12G Business Critical 7.2K LFF LP 1-year Warranty Multi Vendor HDD,0,"$1,368.00",,NA,$0.34,No,Available,,Not published by OCA,Active,02/16/2016,06/30/2028,"{""Extended Price (USD)"":""NA"",""Price per GB (USD)"":""0.34""}",UNCHANGED,"$1,368.00",$0.00,$0.00,"$2,026.00"
Drive Enclosures / Drives,Hard Disk Drives (SAS/SATA),HPE OCA > OCA Solution > Drive Enclosures / Drives > Hard Disk Drives (SAS/SATA),Drive Cage / Drive,max 8,0,8,Selection constraint for Hard Disk Drives (SAS/SATA): max 8,861681-B21,Standard,HPE 2TB SATA 6G Business Critical 7.2K LFF LP 1-year Warranty Multi Vendor HDD,0,"$1,273.00",,NA,$0.64,No,Available,,Not published by OCA,Active,09/26/2016,12/31/2026,"{""Extended Price (USD)"":""NA"",""Price per GB (USD)"":""0.64""}",UNCHANGED,"$1,273.00",$0.00,$0.00,"$2,026.00"
Drive Enclosures / Drives,Hard Disk Drives (SAS/SATA),HPE OCA > OCA Solution > Drive Enclosures / Drives > Hard Disk Drives (SAS/SATA),Drive Cage / Drive,max 8,0,8,Selection constraint for Hard Disk Drives (SAS/SATA): max 8,861686-B21,Standard,HPE 1TB SATA 6G Business Critical 7.2K LFF LP 1-year Warranty Multi Vendor HDD,0,$991.00,,NA,$0.99,No,Available,,Not published by OCA,Active,09/26/2016,06/30/2028,"{""Extended Price (USD)"":""NA"",""Price per GB (USD)"":""0.99""}",UNCHANGED,$991.00,$0.00,$0.00,"$2,026.00"
Drive Enclosures / Drives,Hard Disk Drives (SAS/SATA),HPE OCA > OCA Solution > Drive Enclosures / Drives > Hard Disk Drives (SAS/SATA),Drive Cage / Drive,max 8,0,8,Selection constraint for Hard Disk Drives (SAS/SATA): max 8,861746-B21,Standard,HPE 6TB SAS 12G Business Critical 7.2K LFF LP 1-year Warranty 512e Multi Vendor HDD,0,"$1,005.00",,NA,$0.17,No,Obsolete (OB),,Not published by OCA,Obsolete (OB),02/13/2017,12/31/2025,"{""Extended Price (USD)"":""NA"",""Price per GB (USD)"":""0.17""}",UNCHANGED,"$1,005.00",$0.00,$0.00,"$2,026.00"
Drive Enclosures / Drives,Hard Disk Drives (SAS/SATA),HPE OCA > OCA Solution > Drive Enclosures / Drives > Hard Disk Drives (SAS/SATA),Drive Cage / Drive,max 8,0,8,Selection constraint for Hard Disk Drives (SAS/SATA): max 8,881787-B21,Standard,HPE 12TB SATA 6G Business Critical 7.2K LFF LP 1-year Warranty Helium 512e Multi Vendor HDD,0,"$2,622.00",,NA,$0.22,No,Available,,Not published by OCA,Active,12/04/2017,06/30/2028,"{""Extended Price (USD)"":""NA"",""Price per GB (USD)"":""0.22""}",UNCHANGED,"$2,622.00",$0.00,$0.00,"$2,026.00"
Drive Enclosures / Drives,Hard Disk Drives (SAS/SATA),HPE OCA > OCA Solution > Drive Enclosures / Drives > Hard Disk Drives (SAS/SATA),Drive Cage / Drive,max 8,0,8,Selection constraint for Hard Disk Drives (SAS/SATA): max 8,P09155-B21,Standard,HPE 14TB SAS 12G Business Critical 7.2K LFF LP 1-year Warranty Helium 512e Multi Vendor HDD,0,"$2,405.00",,NA,$0.17,No,Obsolete (OB),,Not published by OCA,Obsolete (OB),02/04/2019,12/31/2024,"{""Extended Price (USD)"":""NA"",""Price per GB (USD)"":""0.17""}",UNCHANGED,"$2,405.00",$0.00,$0.00,"$2,026.00"
Drive Enclosures / Drives,Hard Disk Drives (SAS/SATA),HPE OCA > OCA Solution > Drive Enclosures / Drives > Hard Disk Drives (SAS/SATA),Drive Cage / Drive,max 8,0,8,Selection constraint for Hard Disk Drives (SAS/SATA): max 8,P09165-B21,Standard,HPE 14TB SATA 6G Business Critical 7.2K LFF LP 1-year Warranty Helium 512e Multi Vendor HDD,0,"$2,223.00",,NA,$0.16,No,Obsolete (OB),,Not published by OCA,Obsolete (OB),02/04/2019,12/31/2024,"{""Extended Price (USD)"":""NA"",""Price per GB (USD)"":""0.16""}",UNCHANGED,"$2,223.00",$0.00,$0.00,"$2,026.00"
Drive Enclosures / Drives,Hard Disk Drives (SAS/SATA),HPE OCA > OCA Solution > Drive Enclosures / Drives > Hard Disk Drives (SAS/SATA),Drive Cage / Drive,max 8,0,8,Selection constraint for Hard Disk Drives (SAS/SATA): max 8,P23449-B21,Standard,HPE 16TB SATA 6G Business Critical 7.2K LFF LP 1-year Warranty Helium 512e ISE Multi Vendor HDD,0,"$3,709.00",,NA,$0.23,No,Available,,Not published by OCA,Active,02/03/2020,06/30/2028,"{""Extended Price (USD)"":""NA"",""Price per GB (USD)"":""0.23""}",UNCHANGED,"$3,709.00",$0.00,$0.00,"$2,026.00"
Drive Enclosures / Drives,Hard Disk Drives (SAS/SATA),HPE OCA > OCA Solution > Drive Enclosures / Drives > Hard Disk Drives (SAS/SATA),Drive Cage / Drive,max 8,0,8,Selection constraint for Hard Disk Drives (SAS/SATA): max 8,P23608-B21,Standard,HPE 16TB SAS 12G Business Critical 7.2K LFF LP 1-year Warranty Helium 512e ISE Multi Vendor HDD,0,"$3,709.00",,NA,$0.23,No,Available,,Not published by OCA,Active,02/03/2020,06/30/2028,"{""Extended Price (USD)"":""NA"",""Price per GB (USD)"":""0.23""}",UNCHANGED,"$3,709.00",$0.00,$0.00,"$2,026.00"
Drive Enclosures / Drives,Hard Disk Drives (SAS/SATA),HPE OCA > OCA Solution > Drive Enclosures / Drives > Hard Disk Drives (SAS/SATA),Drive Cage / Drive,max 8,0,8,Selection constraint for Hard Disk Drives (SAS/SATA): max 8,P37669-B21,Standard,HPE 18TB SAS 12G Business Critical 7.2K LFF LP 1-year Warranty Helium 512e ISE Multi Vendor HDD,0,"$3,235.00",,NA,$0.18,No,Obsolete (OB),,Not published by OCA,Obsolete (OB),02/01/2021,08/14/2024,"{""Extended Price (USD)"":""NA"",""Price per GB (USD)"":""0.18""}",UNCHANGED,"$3,235.00",$0.00,$0.00,"$2,026.00"
Drive Enclosures / Drives,Hard Disk Drives (SAS/SATA),HPE OCA > OCA Solution > Drive Enclosures / Drives > Hard Disk Drives (SAS/SATA),Drive Cage / Drive,max 8,0,8,Selection constraint for Hard Disk Drives (SAS/SATA): max 8,P53556-B21,Standard,HPE 10TB SAS 12G Business Critical 7.2K LFF LP 1-year Warranty 512e ISE Multi Vendor HDD,0,"$1,711.00",,NA,$0.17,No,Obsolete (OB),,Not published by OCA,Obsolete (OB),06/06/2022,12/31/2023,"{""Extended Price (USD)"":""NA"",""Price per GB (USD)"":""0.17""}",UNCHANGED,"$1,711.00",$0.00,$0.00,"$2,026.00"
Drive Enclosures / Drives,Hard Disk Drives (SAS/SATA),HPE OCA > OCA Solution > Drive Enclosures / Drives > Hard Disk Drives (SAS/SATA),Drive Cage / Drive,max 8,0,8,Selection constraint for Hard Disk Drives (SAS/SATA): max 8,P53557-B21,Standard,HPE 10TB SATA 6G Business Critical 7.2K LFF LP 1-year Warranty 512e ISE Multi Vendor HDD,0,"$1,602.00",,NA,$0.16,No,Obsolete (OB),,Not published by OCA,Obsolete (OB),06/06/2022,12/31/2023,"{""Extended Price (USD)"":""NA"",""Price per GB (USD)"":""0.16""}",UNCHANGED,"$1,602.00",$0.00,$0.00,"$2,026.00"
Drive Enclosures / Drives,Hard Disk Drives (SAS/SATA),HPE OCA > OCA Solution > Drive Enclosures / Drives > Hard Disk Drives (SAS/SATA),Drive Cage / Drive,max 8,0,8,Selection constraint for Hard Disk Drives (SAS/SATA): max 8,P68583-B21,Standard,HPE 24TB SAS 12G Business Critical 7.2K LFF LP 1-year Warranty Helium 512e ISE Multi Vendor HDD,0,"$5,160.00",,NA,$0.22,No,Available,,Not published by OCA,Active,09/03/2024,06/30/2028,"{""Extended Price (USD)"":""NA"",""Price per GB (USD)"":""0.22""}",UNCHANGED,"$5,160.00",$0.00,$0.00,"$2,026.00"
Drive Enclosures / Drives,Hard Disk Drives (SAS/SATA),HPE OCA > OCA Solution > Drive Enclosures / Drives > Hard Disk Drives (SAS/SATA),Drive Cage / Drive,max 8,0,8,Selection constraint for Hard Disk Drives (SAS/SATA): max 8,P68585-B21,Standard,HPE 24TB SATA 6G Business Critical 7.2K LFF LP 1-year Warranty Helium 512e ISE Multi Vendor HDD,0,"$5,090.00",,NA,$0.21,No,Available,,Not published by OCA,Active,09/03/2024,06/30/2028,"{""Extended Price (USD)"":""NA"",""Price per GB (USD)"":""0.21""}",UNCHANGED,"$5,090.00",$0.00,$0.00,"$2,026.00"
Drive Enclosures / Drives,Hard Disk Drives (SAS/SATA),HPE OCA > OCA Solution > Drive Enclosures / Drives > Hard Disk Drives (SAS/SATA),Drive Cage / Drive,max 8,0,8,Selection constraint for Hard Disk Drives (SAS/SATA): max 8,P80577-B21,Standard,HPE 26TB SAS 12G Business Critical 7.2K LFF LP 1-year Warranty Helium 512e ISE Multi Vendor HDD,0,"$5,985.00",,NA,$0.23,No,Available,,Not published by OCA,Active,01/05/2026,06/30/2028,"{""Extended Price (USD)"":""NA"",""Price per GB (USD)"":""0.23""}",UNCHANGED,"$5,985.00",$0.00,$0.00,"$2,026.00"
Drive Enclosures / Drives,Hard Disk Drives (SAS/SATA),HPE OCA > OCA Solution > Drive Enclosures / Drives > Hard Disk Drives (SAS/SATA),Drive Cage / Drive,max 8,0,8,Selection constraint for Hard Disk Drives (SAS/SATA): max 8,P80578-B21,Standard,HPE 26TB SATA 6G Business Critical 7.2K LFF LP 1-year Warranty Helium 512e ISE Multi Vendor HDD,0,"$5,817.00",,NA,$0.22,No,Available,,Not published by OCA,Active,01/05/2026,06/30/2028,"{""Extended Price (USD)"":""NA"",""Price per GB (USD)"":""0.22""}",UNCHANGED,"$5,817.00",$0.00,$0.00,"$2,026.00"
Drive Enclosures / Drives,Solid State Drives (NVMe/SAS/SATA),HPE OCA > OCA Solution > Drive Enclosures / Drives > Solid State Drives (NVMe/SAS/SATA),Drive Cage / Drive,max 8,0,8,Private Product is not valid for current customer account,861742-B21,Standard,HPE 6TB SATA 6G Business Critical 7.2K LFF LP 1-year Warranty 512e Multi Vendor HDD,0,$896.00,,NA,$0.15,No,Not published by OCA,,Not published by OCA,Active,02/13/2017,12/31/2026,"{""Extended Price (USD)"":""NA"",""Price per GB (USD)"":""0.15""}",UNCHANGED,$896.00,$0.00,$0.00,"$2,026.00"
Drive Enclosures / Drives,Solid State Drives (NVMe/SAS/SATA),HPE OCA > OCA Solution > Drive Enclosures / Drives > Solid State Drives (NVMe/SAS/SATA),Drive Cage / Drive,max 8,0,8,Private Product is not valid for current customer account,P18882-B21,Standard,HPE 1.92TB SATA MU LFF LPC DS SPL SSD,0,"$21,304.00",,NA,$11.10,No,EOL Warning (90-Day),,Not published by OCA,EOL Warning (90-Day),05/10/2019,10/31/2026,"{""Extended Price (USD)"":""NA"",""Price per GB (USD)"":""11.10""}",UNCHANGED,"$21,304.00",$0.00,$0.00,"$2,026.00"
Drive Enclosures / Drives,Solid State Drives (NVMe/SAS/SATA),HPE OCA > OCA Solution > Drive Enclosures / Drives > Solid State Drives (NVMe/SAS/SATA),Drive Cage / Drive,max 8,0,8,Private Product is not valid for current customer account,P70069-B21,Standard,HPE 16TB SAS 7.2K LFF LP SV Spl HDD                       is obsolete: P70069-B21,0,"$3,410.00",,NA,NA,No,Obsolete (OB),,Not published by OCA,Obsolete (OB),01/13/2024,12/31/2025,"{""Extended Price (USD)"":""NA"",""Price per GB (USD)"":""NA""}",UNCHANGED,"$3,410.00",$0.00,$0.00,"$2,026.00"
Drive Enclosures / Drives,Solid State Drives (NVMe/SAS/SATA),HPE OCA > OCA Solution > Drive Enclosures / Drives > Solid State Drives (NVMe/SAS/SATA),Drive Cage / Drive,max 8,0,8,Private Product is not valid for current customer account,P70072-B21,Standard,HPE 20TB SAS 7.2K LFF LP SV Spl HDD                       is obsolete: P70072-B21,0,"$4,220.00",,NA,NA,No,Obsolete (OB),,Not published by OCA,Obsolete (OB),01/13/2024,12/31/2025,"{""Extended Price (USD)"":""NA"",""Price per GB (USD)"":""NA""}",UNCHANGED,"$4,220.00",$0.00,$0.00,"$2,026.00"
Drive Enclosures / Drives,Solid State Drives (NVMe/SAS/SATA),HPE OCA > OCA Solution > Drive Enclosures / Drives > Solid State Drives (NVMe/SAS/SATA),Drive Cage / Drive,max 8,0,8,Private Product is not valid for current customer account,P70587-B21,Standard,HPE 2TB SAS 12G 7.2K LFF LP Spl HDD                       is obsolete: P70587-B21,0,"$1,379.00",,NA,$0.07,No,Obsolete (OB),,Not published by OCA,Obsolete (OB),02/07/2024,06/30/2026,"{""Extended Price (USD)"":""NA"",""Price per GB (USD)"":""0.07""}",UNCHANGED,"$1,379.00",$0.00,$0.00,"$2,026.00"
Drive Enclosures / Drives,Solid State Drives (NVMe/SAS/SATA),HPE OCA > OCA Solution > Drive Enclosures / Drives > Solid State Drives (NVMe/SAS/SATA),Drive Cage / Drive,max 8,0,8,Private Product is not valid for current customer account,P70591-B21,Standard,HPE 4TB SAS 12G 7.2K LFF LP Spl HDD,0,"$1,623.00",,NA,$0.41,No,Not published by OCA,,Not published by OCA,Active,02/10/2024,11/30/2027,"{""Extended Price (USD)"":""NA"",""Price per GB (USD)"":""0.41""}",UNCHANGED,"$1,623.00",$0.00,$0.00,"$2,026.00"
Drive Enclosures / Drives,Solid State Drives (NVMe/SAS/SATA),HPE OCA > OCA Solution > Drive Enclosures / Drives > Solid State Drives (NVMe/SAS/SATA),Drive Cage / Drive,max 8,0,8,Private Product is not valid for current customer account,P70593-B21,Standard,HPE 8TB 12G SAS 7.2K LFF LP Spl HDD,0,"$2,558.00",,NA,$0.32,No,Not published by OCA,,Not published by OCA,Active,02/10/2024,11/30/2027,"{""Extended Price (USD)"":""NA"",""Price per GB (USD)"":""0.32""}",UNCHANGED,"$2,558.00",$0.00,$0.00,"$2,026.00"
Drive Enclosures / Drives,Solid State Drives (NVMe/SAS/SATA),HPE OCA > OCA Solution > Drive Enclosures / Drives > Solid State Drives (NVMe/SAS/SATA),Drive Cage / Drive,max 8,0,8,Private Product is not valid for current customer account,P73631-B21,Standard,HPE 8TB SAS 12G 7.2K LFF LPC SPL HDD                       is obsolete: P73631-B21,0,"$1,601.00",,NA,NA,No,Obsolete (OB),,Not published by OCA,Obsolete (OB),05/10/2024,12/13/2025,"{""Extended Price (USD)"":""NA"",""Price per GB (USD)"":""NA""}",UNCHANGED,"$1,601.00",$0.00,$0.00,"$2,026.00"
Drive Enclosures / Drives,Solid State Drives (NVMe/SAS/SATA),HPE OCA > OCA Solution > Drive Enclosures / Drives > Solid State Drives (NVMe/SAS/SATA),Drive Cage / Drive,max 8,0,8,Private Product is not valid for current customer account,P75863-B21,Standard,HPE 16TB SAS 7.2K LFF ISE He LP Spl HDD                       is obsolete: P75863-B21,0,$0.00,,NA,NA,No,Obsolete (OB),,Not published by OCA,Obsolete (OB),08/07/2024,01/31/2026,"{""Extended Price (USD)"":""NA"",""Price per GB (USD)"":""NA""}",UNCHANGED,N/A,$0.00,$0.00,2026-09-09: (no price) → 2026-09-10: (no price)
Drive Enclosures / Drives,Optical Drive,HPE OCA > OCA Solution > Drive Enclosures / Drives > Optical Drive,Drive Cage / Drive,max 1,0,1,Selection constraint for Optical Drive: max 1,726536-B21,Standard,HPE 9.5mm SATA DVD-ROM Optical Drive,0,$124.00,,NA,,No,Available,,Not published by OCA,Active,09/09/2014,12/31/2027,"{""Extended Price (USD)"":""NA""}",UNCHANGED,$124.00,$0.00,$0.00,2026-08-27: (no price) → 2026-08-28: (no price) → 2026-09-09: $124.00 → 2026-09-10: $124.00
Drive Enclosures / Drives,Optical Drive,HPE OCA > OCA Solution > Drive Enclosures / Drives > Optical Drive,Drive Cage / Drive,max 1,0,1,Selection constraint for Optical Drive: max 1,726537-B21,Standard,HPE 9.5mm SATA DVD-RW Optical Drive,0,$161.00,,NA,,No,Available,,Not published by OCA,Active,09/09/2014,12/31/2027,"{""Extended Price (USD)"":""NA""}",UNCHANGED,$161.00,$0.00,$0.00,2026-08-27: (no price) → 2026-08-28: (no price) → 2026-09-09: $161.00 → 2026-09-10: $161.00
Drive Enclosures / Drives,Optical Drive,HPE OCA > OCA Solution > Drive Enclosures / Drives > Optical Drive,Drive Cage / Drive,max 1,0,1,BTO products are not allowed in CTO Base Model.,701498-B21,Standard,HPE Mobile USB DVD-RW Optical Drive,0,$203.00,,NA,,No,Not published by OCA,,Not published by OCA,Active,08/13/2012,12/31/2027,"{""Extended Price (USD)"":""NA""}",UNCHANGED,$203.00,$0.00,$0.00,2026-08-27: (no price) → 2026-08-28: (no price) → 2026-09-09: $203.00 → 2026-09-10: $203.00
Cables & Enablement Kits,Optical Drive Accessories,HPE OCA > OCA Solution > Cables & Enablement Kits > Optical Drive Accessories,Cable Kit,max 1,0,1,Selection constraint for Optical Drive Accessories: max 1,P52150-B21,Standard,HPE ProLiant DL3XX Gen11 LFF ODD/Display Port Enablement Kit,0,$179.00,,NA,,No,Available,,Not published by OCA,Active,11/10/2022,05/31/2028,"{""Extended Price (USD)"":""NA""}",UNCHANGED,$179.00,$0.00,$0.00,2026-08-27: (no price) → 2026-08-28: (no price) → 2026-09-09: $179.00 → 2026-09-10: $179.00
PCIe Risers,Riser Cards,HPE OCA > OCA Solution > PCIe Risers > Riser Cards,PCIe Riser,max 3,0,3,Selection constraint for Riser Cards: max 3,P48802-B21,Standard,HPE ProLiant DL380 Gen11 2U x8/x16/x8 Secondary Riser Kit,0,$265.00,,NA,,No,Available,,Not published by OCA,Active,01/10/2023,06/30/2029,"{""Extended Price (USD)"":""NA""}",UNCHANGED,$265.00,$0.00,$0.00,2026-08-27: (no price) → 2026-08-28: (no price) → 2026-09-09: $265.00 → 2026-09-10: $265.00
PCIe Risers,Riser Cards,HPE OCA > OCA Solution > PCIe Risers > Riser Cards,PCIe Riser,max 3,0,3,Selection constraint for Riser Cards: max 3,P48804-B21,Standard,HPE ProLiant DL380 Gen11 2U x16/x16 Tertiary Riser Kit,0,$718.00,,NA,,No,Available,,Not published by OCA,Active,01/10/2023,05/31/2028,"{""Extended Price (USD)"":""NA""}",UNCHANGED,$718.00,$0.00,$0.00,2026-08-27: (no price) → 2026-08-28: (no price) → 2026-09-09: $718.00 → 2026-09-10: $718.00
PCIe Risers,Riser Cards,HPE OCA > OCA Solution > PCIe Risers > Riser Cards,PCIe Riser,max 3,0,3,Selection constraint for Riser Cards: max 3,P48806-B21,Standard,HPE ProLiant DL380 Gen11 2U Secondary/Tertiary NEBS-compliant Riser Kit,0,$974.00,,NA,,No,Available,,Not published by OCA,Active,05/01/2023,05/31/2028,"{""Extended Price (USD)"":""NA""}",UNCHANGED,$974.00,$0.00,$0.00,2026-08-27: (no price) → 2026-08-28: (no price) → 2026-09-09: $974.00 → 2026-09-10: $974.00
PCIe Risers,Riser Cards,HPE OCA > OCA Solution > PCIe Risers > Riser Cards,PCIe Riser,max 3,0,3,Selection constraint for Riser Cards: max 3,P51083-B21,Standard,HPE ProLiant DL380 2U x16/x16/x16 Secondary Riser Kit,0,$343.00,,NA,,No,Available,,Not published by OCA,Active,01/10/2023,06/30/2029,"{""Extended Price (USD)"":""NA""}",UNCHANGED,$343.00,$0.00,$0.00,2026-08-27: $343.00 → 2026-08-28: (no price) → 2026-09-10: $343.00
PCIe Risers,Primary PCIe Risers,HPE OCA > OCA Solution > PCIe Risers > Primary PCIe Risers,PCIe Riser,max 3,0,3,If this Primary Riser is selected then default Primary riser is replaced with this Riser. The “PCIe Card Capacity Limits” must account for this limitation...,P48803-B21,Standard,HPE ProLiant DL380 2U x16/x16/x16 Primary Riser Kit,0,$262.00,,NA,,No,Not published by OCA,,Not published by OCA,Active,01/10/2023,06/30/2029,"{""Extended Price (USD)"":""NA""}",UNCHANGED,$262.00,$0.00,$0.00,2026-08-27: $262.00 → 2026-08-28: (no price) → 2026-09-10: $262.00
PCIe Risers,Primary PCIe Risers,HPE OCA > OCA Solution > PCIe Risers > Primary PCIe Risers,PCIe Riser,max 3,0,3,If this Primary Riser is selected then default Primary riser is replaced with this Riser. The “PCIe Card Capacity Limits” must account for this limitation...,P48805-B21,Standard,HPE ProLiant DL380 Gen11 2U Primary/Secondary NEBS-compliant Riser Kit,0,$301.00,,NA,,No,Not published by OCA,,Not published by OCA,Active,05/01/2023,05/31/2028,"{""Extended Price (USD)"":""NA""}",UNCHANGED,$301.00,$0.00,$0.00,2026-08-27: (no price) → 2026-08-28: (no price) → 2026-09-09: $301.00 → 2026-09-10: $301.00
PCIe Risers,Secondary PCIe Risers,HPE OCA > OCA Solution > PCIe Risers > Secondary PCIe Risers,PCIe Riser,max 1,0,1,Private Product is not valid for current customer account,P69134-B21,Standard,HPE DL380G11 2U 3x16 R13 Spl Sec Riser,0,$459.00,,NA,,No,Not published by OCA,,Not published by OCA,Active,06/25/2024,05/31/2028,"{""Extended Price (USD)"":""NA""}",UNCHANGED,$459.00,$0.00,$0.00,2026-08-28: (no price) → 2026-09-09: $459.00 → 2026-09-10: $459.00
PCIe Risers,Secondary PCIe Risers,HPE OCA > OCA Solution > PCIe Risers > Secondary PCIe Risers,PCIe Riser,max 1,0,1,Private Product is not valid for current customer account,P71078-B21,Standard,DL380 Gen11 KLA Sec Riser FIO SPL,0,$0.00,,NA,,No,Not published by OCA,,Not published by OCA,Active,02/07/2024,05/31/2028,"{""Extended Price (USD)"":""NA""}",UNCHANGED,N/A,$0.00,$0.00,2026-08-28: (no price) → 2026-09-10: (no price)
PCIe Risers,Riser Cards Accessories,HPE OCA > OCA Solution > PCIe Risers > Riser Cards Accessories,PCIe Riser,max 3,0,3,Selection constraint for Riser Cards Accessories: max 3,P53632-B21,Standard,HPE ProLiant DL380 Gen11 2x16 Tertiary Riser x8 Enablement FIO Bundle Kit,0,$1.00,,NA,,No,Available,,Not published by OCA,Active,01/10/2023,05/31/2028,"{""Extended Price (USD)"":""NA""}",UNCHANGED,$1.00,$0.00,$0.00,2026-08-27: (no price) → 2026-08-28: (no price) → 2026-09-09: $1.00 → 2026-09-10: $1.00
PCIe Risers,Riser Cards Accessories,HPE OCA > OCA Solution > PCIe Risers > Riser Cards Accessories,Cable Kit,max 3,0,3,Selection constraint for Riser Cards Accessories: max 3,P56073-B21,Standard,HPE ProLiant DL380 Gen11 x16/x16/x16 Primary Cable Kit,0,$409.00,,NA,,No,Available,,Not published by OCA,Active,01/10/2023,05/31/2028,"{""Extended Price (USD)"":""NA""}",UNCHANGED,$409.00,$0.00,$0.00,2026-08-27: $409.00 → 2026-08-28: (no price) → 2026-09-10: $409.00
PCIe Risers,Riser Cards Accessories,HPE OCA > OCA Solution > PCIe Risers > Riser Cards Accessories,Cable Kit,max 3,0,3,Selection constraint for Riser Cards Accessories: max 3,P56074-B21,Standard,HPE ProLiant DL380 Gen11 x16/x16/x16 Secondary Cable Kit,0,$651.00,,NA,,No,Available,,Not published by OCA,Active,01/10/2023,05/31/2028,"{""Extended Price (USD)"":""NA""}",UNCHANGED,$651.00,$0.00,$0.00,2026-08-27: (no price) → 2026-08-28: (no price) → 2026-09-09: $651.00 → 2026-09-10: $651.00
Cables & Enablement Kits,System Options,HPE OCA > OCA Solution > Cables & Enablement Kits > System Options,Cable Kit,,0,,Private Product is not valid for current customer account,P69136-B21,Standard,HPE DL380 Gen11 Spl Sec/Tert Cable Kit,0,$475.00,,NA,,No,Not published by OCA,,Not published by OCA,Active,06/25/2024,05/31/2028,"{""Extended Price (USD)"":""NA""}",UNCHANGED,$475.00,$0.00,$0.00,2026-08-28: (no price) → 2026-09-09: $475.00 → 2026-09-10: $475.00
Networking,InfiniBand PCIe,HPE OCA > OCA Solution > Networking > InfiniBand PCIe,Network Adapter,max 3,0,3,Selection constraint for InfiniBand PCIe: max 3,P45641-H23,Standard,HPE InfiniBand NDR/Ethernet 400Gb 1-port OSFP PCIe5 x16 MCX75310AAS-NEAT Adapter,0,"$6,377.00",,NA,,No,Available,,Not published by OCA,Active,06/03/2024,12/31/2026,"{""Extended Price (USD)"":""NA""}",UNCHANGED,"$6,377.00",$0.00,$0.00,2026-08-27: (no price) → 2026-08-28: (no price) → 2026-09-09: $6377.00 → 2026-09-10: $6377.00
Networking,InfiniBand PCIe,HPE OCA > OCA Solution > Networking > InfiniBand PCIe,Network Adapter,max 3,0,3,Selection constraint for InfiniBand PCIe: max 3,P45642-H23,Standard,HPE InfiniBand NDR200/Ethernet 200Gb 1-port OSFP PCIe5 x16 MCX75310AAS-HEAT Generic Adapter,0,"$4,904.00",,NA,,No,Available,,Not published by OCA,Active,02/02/2026,12/31/2027,"{""Extended Price (USD)"":""NA""}",UNCHANGED,"$4,904.00",$0.00,$0.00,2026-08-27: (no price) → 2026-08-28: (no price) → 2026-09-09: $4904.00 → 2026-09-10: $4904.00
Networking,InfiniBand PCIe,HPE OCA > OCA Solution > Networking > InfiniBand PCIe,Transceiver,max 3,0,3,Selection constraint for InfiniBand PCIe: max 3,829335-B21,Standard,HPE 100Gb 1-port OP101 QSFP28 x16 PCIe Gen3 with Intel Omni-Path Architecture Adapter,0,"$1,197.00",,NA,,No,Obsolete (OB),,Not published by OCA,Obsolete (OB),06/06/2016,06/30/2026,"{""Extended Price (USD)"":""NA""}",UNCHANGED,"$1,197.00",$0.00,$0.00,2026-08-27: (no price) → 2026-08-28: (no price) → 2026-09-09: $1197.00 → 2026-09-10: $1197.00
Networking,InfiniBand PCIe,HPE OCA > OCA Solution > Networking > InfiniBand PCIe,Transceiver,max 3,0,3,Selection constraint for InfiniBand PCIe: max 3,P23664-B21,Standard,HPE InfiniBand HDR/Ethernet 200Gb 1-port QSFP56 PCIe4 x16 MCX653105A-HDAT Adapter,0,"$2,407.00",,NA,,No,Obsolete (OB),,Not published by OCA,Obsolete (OB),12/02/2019,09/11/2025,"{""Extended Price (USD)"":""NA""}",UNCHANGED,"$2,407.00",$0.00,$0.00,2026-08-27: (no price) → 2026-08-28: (no price) → 2026-09-09: $2407.00 → 2026-09-10: $2407.00
Networking,InfiniBand PCIe,HPE OCA > OCA Solution > Networking > InfiniBand PCIe,Transceiver,max 3,0,3,Selection constraint for InfiniBand PCIe: max 3,P23665-B21,Standard,HPE InfiniBand HDR100/Ethernet 100Gb 1-port QSFP56 PCIe4 x16 MCX653105A-ECAT Adapter,0,"$1,068.00",,NA,,No,Obsolete (OB),,Not published by OCA,Obsolete (OB),12/02/2019,09/30/2025,"{""Extended Price (USD)"":""NA""}",UNCHANGED,"$1,068.00",$0.00,$0.00,2026-08-27: (no price) → 2026-08-28: (no price) → 2026-09-09: $1068.00 → 2026-09-10: $1068.00
Networking,InfiniBand PCIe,HPE OCA > OCA Solution > Networking > InfiniBand PCIe,Transceiver,max 3,0,3,Selection constraint for InfiniBand PCIe: max 3,P23666-B21,Standard,HPE InfiniBand HDR100/Ethernet 100Gb 2-port QSFP56 PCIe4 x16 MCX653106A-ECAT Adapter,0,"$1,274.00",,NA,,No,Obsolete (OB),,Not published by OCA,Obsolete (OB),12/02/2019,11/30/2025,"{""Extended Price (USD)"":""NA""}",UNCHANGED,"$1,274.00",$0.00,$0.00,2026-08-27: (no price) → 2026-08-28: (no price) → 2026-09-09: $1274.00 → 2026-09-10: $1274.00
Networking,InfiniBand PCIe,HPE OCA > OCA Solution > Networking > InfiniBand PCIe,Transceiver,max 3,0,3,Selection constraint for InfiniBand PCIe: max 3,P31324-B21,Standard,HPE InfiniBand HDR/Ethernet 200Gb 2-port QSFP56 PCIe4 x16 MCX653106A-HDAT Adapter,0,"$3,439.00",,NA,,No,Obsolete (OB),,Not published by OCA,Obsolete (OB),12/07/2020,09/14/2025,"{""Extended Price (USD)"":""NA""}",UNCHANGED,"$3,439.00",$0.00,$0.00,2026-08-27: (no price) → 2026-08-28: (no price) → 2026-09-09: $3439.00 → 2026-09-10: $3439.00
Networking,InfiniBand PCIe,HPE OCA > OCA Solution > Networking > InfiniBand PCIe,Network Adapter,max 3,0,3,Selection constraint for InfiniBand PCIe: max 3,P45641-B21,Standard,HPE InfiniBand NDR 1-port OSFP PCIe5 x16 MCX75310AAS-NEAT Adapter,0,"$2,205.00",,NA,,No,Obsolete (OB),,Not published by OCA,Obsolete (OB),12/19/2022,10/31/2025,"{""Extended Price (USD)"":""NA""}",UNCHANGED,"$2,205.00",$0.00,$0.00,2026-08-27: (no price) → 2026-08-28: (no price) → 2026-09-09: $2205.00 → 2026-09-10: $2205.00
Networking,InfiniBand PCIe,HPE OCA > OCA Solution > Networking > InfiniBand PCIe,Network Adapter,max 3,0,3,Selection constraint for InfiniBand PCIe: max 3,P45641-B23,Standard,HPE InfiniBand NDR/Ethernet 400Gb 1-port OSFP PCIe5 x16 MCX75310AAS-NEAT Adapter,0,"$6,377.00",,NA,,No,Obsolete (OB),,Not published by OCA,Obsolete (OB),06/03/2024,01/31/2026,"{""Extended Price (USD)"":""NA""}",UNCHANGED,"$6,377.00",$0.00,$0.00,2026-08-27: (no price) → 2026-08-28: (no price) → 2026-09-09: $6377.00 → 2026-09-10: $6377.00
Networking,InfiniBand PCIe,HPE OCA > OCA Solution > Networking > InfiniBand PCIe,Network Adapter,max 3,0,3,Selection constraint for InfiniBand PCIe: max 3,P45641-H24,Standard,HPE InfiniBand NDR/Ethernet 400Gb 1-port OSFP PCIe5 x16 MCX75310AAS-NEAT Generic Adapter,0,"$6,517.00",,NA,,No,Available,,Not published by OCA,Active,05/04/2026,06/30/2029,"{""Extended Price (USD)"":""NA""}",UNCHANGED,"$6,517.00",$0.00,$0.00,2026-08-27: (no price) → 2026-08-28: (no price) → 2026-09-09: $6517.00 → 2026-09-10: $6517.00
Networking,InfiniBand PCIe,HPE OCA > OCA Solution > Networking > InfiniBand PCIe,Network Adapter,max 3,0,3,Selection constraint for InfiniBand PCIe: max 3,P45642-B21,Standard,HPE InfiniBand NDR200 1-port OSFP PCIe5 x16 MCX75310AAS-HEAT Adapter,0,"$4,568.00",,NA,,No,Obsolete (OB),,Not published by OCA,Obsolete (OB),12/19/2022,09/20/2024,"{""Extended Price (USD)"":""NA""}",UNCHANGED,"$4,568.00",$0.00,$0.00,2026-08-27: (no price) → 2026-08-28: (no price) → 2026-09-09: $4568.00 → 2026-09-10: $4568.00
Networking,InfiniBand PCIe,HPE OCA > OCA Solution > Networking > InfiniBand PCIe,Network Adapter,max 3,0,3,Selection constraint for InfiniBand PCIe: max 3,P45642-B22,Standard,HPE InfiniBand NDR200/Ethernet 200Gb 1-port OSFP PCIe5 x16 MCX75310AAS-HEAT Adapter,0,"$4,568.00",,NA,,No,Obsolete (OB),,Not published by OCA,Obsolete (OB),06/03/2024,12/12/2025,"{""Extended Price (USD)"":""NA""}",UNCHANGED,"$4,568.00",$0.00,$0.00,2026-08-27: (no price) → 2026-08-28: (no price) → 2026-09-09: $4568.00 → 2026-09-10: $4568.00
Networking,InfiniBand PCIe,HPE OCA > OCA Solution > Networking > InfiniBand PCIe,Network Adapter,max 3,0,3,Selection constraint for InfiniBand PCIe: max 3,P45642-H22,Standard,HPE InfiniBand NDR200/Ethernet 200Gb 1-port OSFP PCIe5 x16 MCX75310AAS-HEAT Adapter,0,"$4,568.00",,NA,,No,Obsolete (OB),,Not published by OCA,Obsolete (OB),06/03/2024,12/12/2025,"{""Extended Price (USD)"":""NA""}",UNCHANGED,"$4,568.00",$0.00,$0.00,2026-08-27: (no price) → 2026-08-28: (no price) → 2026-09-09: $4568.00 → 2026-09-10: $4568.00
Networking,InfiniBand PCIe,HPE OCA > OCA Solution > Networking > InfiniBand PCIe,Network Adapter,max 3,0,3,Selection constraint for InfiniBand PCIe: max 3,P65333-B21,Standard,HPE InfiniBand NDR200/Ethernet 200GbE 2-port QSFP112 PCIe5 x16 MCX755106AC-HEAT Adapter,0,"$7,331.00",,NA,,No,Obsolete (OB),,Not published by OCA,Obsolete (OB),09/05/2023,01/31/2026,"{""Extended Price (USD)"":""NA""}",UNCHANGED,"$7,331.00",$0.00,$0.00,2026-08-27: (no price) → 2026-08-28: (no price) → 2026-09-09: $7331.00 → 2026-09-10: $7331.00
Networking,InfiniBand PCIe,HPE OCA > OCA Solution > Networking > InfiniBand PCIe,Network Adapter,max 3,0,3,Selection constraint for InfiniBand PCIe: max 3,P65333-H21,Standard,HPE InfiniBand NDR200/Ethernet 200GbE 2-port QSFP112 PCIe5 x16 MCX755106AC-HEAT Adapter,0,"$5,425.00",,NA,,No,Available,,Not published by OCA,Active,09/05/2023,12/31/2027,"{""Extended Price (USD)"":""NA""}",UNCHANGED,"$5,425.00",$0.00,$0.00,2026-08-27: (no price) → 2026-08-28: (no price) → 2026-09-09: $5425.00 → 2026-09-10: $7331.00 (▲)
Networking,Ethernet PCIe,HPE OCA > OCA Solution > Networking > Ethernet PCIe,GPU / Accelerator,max 3,0,3,Selection constraint for Ethernet PCIe: max 3,S2A69A,Standard,NVIDIA Ethernet 10/25Gb 2-port SFP28 NVMe-oF Crypto Adapter for HPE,0,"$1,650.00",,NA,,No,Available,,Not published by OCA,Active,03/04/2024,08/06/2027,"{""Extended Price (USD)"":""NA""}",ADDED,N/A,"$1,650.00",$100.00,"$2,026.00"
Networking,Ethernet PCIe,HPE OCA > OCA Solution > Networking > Ethernet PCIe,Network Adapter,max 3,0,3,Selection constraint for Ethernet PCIe: max 3,P08443-B21,Standard,Intel E810-XXVDA2 Ethernet 10/25Gb 2-port SFP28 Adapter for HPE,0,"$1,680.00",,NA,,No,Available,,Not published by OCA,Active,04/06/2021,11/30/2027,"{""Extended Price (USD)"":""NA""}",UNCHANGED,"$1,680.00",$0.00,$0.00,"$2,026.00"
Networking,Ethernet PCIe,HPE OCA > OCA Solution > Networking > Ethernet PCIe,Transceiver,max 3,0,3,Selection constraint for Ethernet PCIe: max 3,P25960-B21,Standard,Mellanox MCX623106AS-CDAT Ethernet 100Gb 2-port QSFP56 Adapter for HPE,0,"$4,373.00",,NA,,No,Available,,Not published by OCA,Active,09/28/2020,12/31/2028,"{""Extended Price (USD)"":""NA""}",UNCHANGED,"$4,373.00",$0.00,$0.00,"$2,026.00"
Networking,Ethernet PCIe,HPE OCA > OCA Solution > Networking > Ethernet PCIe,Network Adapter,max 3,0,3,Selection constraint for Ethernet PCIe: max 3,P26253-B21,Standard,Broadcom BCM57416 Ethernet 10Gb 2-port BASE-T Adapter for HPE,0,"$1,105.00",,NA,,No,Available,,Not published by OCA,Active,11/02/2020,12/31/2028,"{""Extended Price (USD)"":""NA""}",UNCHANGED,"$1,105.00",$0.00,$0.00,"$2,026.00"
Networking,Ethernet PCIe,HPE OCA > OCA Solution > Networking > Ethernet PCIe,Network Adapter,max 3,0,3,Selection constraint for Ethernet PCIe: max 3,P26259-B21,Standard,Broadcom BCM57412 Ethernet 10Gb 2-port SFP+ Adapter for HPE,0,$940.00,,NA,,No,Available,,Not published by OCA,Active,10/05/2020,12/31/2028,"{""Extended Price (USD)"":""NA""}",UNCHANGED,$940.00,$0.00,$0.00,"$2,026.00"
Networking,Ethernet PCIe,HPE OCA > OCA Solution > Networking > Ethernet PCIe,Network Adapter,max 3,0,3,Selection constraint for Ethernet PCIe: max 3,P26262-B21,Standard,Broadcom BCM57414 Ethernet 10/25Gb 2-port SFP28 Adapter for HPE,0,"$1,184.00",,NA,,No,Available,,Not published by OCA,Active,10/05/2020,12/31/2028,"{""Extended Price (USD)"":""NA""}",UNCHANGED,"$1,184.00",$0.00,$0.00,"$2,026.00"
Networking,Ethernet PCIe,HPE OCA > OCA Solution > Networking > Ethernet PCIe,Network Adapter,max 3,0,3,Selection constraint for Ethernet PCIe: max 3,P42044-B21,Standard,Mellanox MCX631102AS-ADAT Ethernet 10/25Gb 2-port SFP28 Adapter for HPE,0,"$1,500.00",,NA,,No,Available,,Not published by OCA,Active,02/07/2022,12/31/2028,"{""Extended Price (USD)"":""NA""}",UNCHANGED,"$1,500.00",$0.00,$0.00,"$2,026.00"
Networking,Ethernet PCIe,HPE OCA > OCA Solution > Networking > Ethernet PCIe,Network Adapter,max 3,0,3,Selection constraint for Ethernet PCIe: max 3,P51178-B21,Standard,Broadcom BCM5719 Ethernet 1Gb 4-port BASE-T Adapter for HPE,0,$485.00,,NA,,No,Available,,Not published by OCA,Active,06/06/2022,12/31/2028,"{""Extended Price (USD)"":""NA""}",UNCHANGED,$485.00,$0.00,$0.00,"$2,026.00"
Networking,Ethernet PCIe,HPE OCA > OCA Solution > Networking > Ethernet PCIe,GPU / Accelerator,max 3,0,3,Selection constraint for Ethernet PCIe: max 3,R8M41A,Standard,NVIDIA Ethernet 100Gb 2-port NVMe-oF Offload Adapter for HPE,0,"$3,999.00",,NA,,No,Available,,Not published by OCA,Active,05/02/2022,02/28/2027,"{""Extended Price (USD)"":""NA""}",ADDED,N/A,"$3,999.00",$100.00,"$2,026.00"
Networking,Ethernet PCIe,HPE OCA > OCA Solution > Networking > Ethernet PCIe,Transceiver,max 3,0,3,Selection constraint for Ethernet PCIe: max 3,P21112-B21,Standard,Intel E810-CQDA2 Ethernet 100Gb 2-port QSFP28 Adapter for HPE,0,"$3,600.00",,NA,,No,Available,,Not published by OCA,Active,04/06/2021,12/31/2028,"{""Extended Price (USD)"":""NA""}",UNCHANGED,"$3,600.00",$0.00,$0.00,"$2,026.00"
Networking,Ethernet PCIe,HPE OCA > OCA Solution > Networking > Ethernet PCIe,Network Adapter,max 3,0,3,Selection constraint for Ethernet PCIe: max 3,P08458-B21,Standard,Intel E810-XXVDA4 Ethernet 10/25Gb 4-port SFP28 Adapter for HPE,0,"$3,770.00",,NA,,No,Available,,Not published by OCA,Active,04/06/2021,12/31/2028,"{""Extended Price (USD)"":""NA""}",UNCHANGED,"$3,770.00",$0.00,$0.00,"$2,026.00"
Networking,Ethernet PCIe,HPE OCA > OCA Solution > Networking > Ethernet PCIe,Transceiver,max 3,0,3,Selection constraint for Ethernet PCIe: max 3,P10180-B21,Standard,Mellanox MCX623105AS-VDAT Ethernet 200Gb 1-port QSFP56 Adapter for HPE,0,"$4,271.00",,NA,,No,Obsolete (OB),,Not published by OCA,Obsolete (OB),04/06/2021,03/04/2025,"{""Extended Price (USD)"":""NA""}",UNCHANGED,"$4,271.00",$0.00,$0.00,"$2,026.00"
Networking,Ethernet PCIe,HPE OCA > OCA Solution > Networking > Ethernet PCIe,Network Adapter,max 3,0,3,Selection constraint for Ethernet PCIe: max 3,P13188-B21,Standard,Mellanox MCX512F-ACHT Ethernet 10/25Gb 2-port SFP28 Adapter for HPE,0,"$1,425.00",,NA,,No,Obsolete (OB),,Not published by OCA,Obsolete (OB),12/19/2019,10/31/2025,"{""Extended Price (USD)"":""NA""}",UNCHANGED,"$1,425.00",$0.00,$0.00,"$2,026.00"
Networking,Ethernet PCIe,HPE OCA > OCA Solution > Networking > Ethernet PCIe,Network Adapter,max 3,0,3,Selection constraint for Ethernet PCIe: max 3,P21106-B21,Standard,Intel I350-T4 Ethernet 1Gb 4-port BASE-T Adapter for HPE,0,$790.00,,NA,,No,Available,,Not published by OCA,Active,12/16/2019,12/31/2028,"{""Extended Price (USD)"":""NA""}",UNCHANGED,$790.00,$0.00,$0.00,"$2,026.00"
Networking,Ethernet PCIe,HPE OCA > OCA Solution > Networking > Ethernet PCIe,Network Adapter,max 3,0,3,Selection constraint for Ethernet PCIe: max 3,P21109-B21,Standard,Xilinx X2522-25G-PLUS Ethernet 10/25Gb 2-port SFP28 Adapter for HPE,0,"$8,495.00",,NA,,No,Available,,Not published by OCA,Active,12/16/2019,04/30/2027,"{""Extended Price (USD)"":""NA""}",UNCHANGED,"$8,495.00",$0.00,$0.00,"$2,026.00"
Networking,Ethernet PCIe,HPE OCA > OCA Solution > Networking > Ethernet PCIe,Network Adapter,max 3,0,3,Selection constraint for Ethernet PCIe: max 3,P26264-B21,Standard,Broadcom BCM57504 Ethernet 10/25Gb 4-port SFP28 Adapter for HPE,0,"$2,598.00",,NA,,No,Available,,Not published by OCA,Active,09/06/2022,12/31/2028,"{""Extended Price (USD)"":""NA""}",UNCHANGED,"$2,598.00",$0.00,$0.00,"$2,026.00"
Networking,Ethernet PCIe,HPE OCA > OCA Solution > Networking > Ethernet PCIe,Network Adapter,max 3,0,3,Selection constraint for Ethernet PCIe: max 3,P73111-B21,Standard,Broadcom BCM57608 Ethernet 100Gb 2-port QSFP112 Adapter for HPE,0,"$4,855.00",,NA,,No,Available,,Not published by OCA,Active,03/03/2025,12/31/2028,"{""Extended Price (USD)"":""NA""}",UNCHANGED,"$4,855.00",$0.00,$0.00,"$2,026.00"
Networking,Ethernet PCIe,HPE OCA > OCA Solution > Networking > Ethernet PCIe,Transceiver,max 3,0,3,Selection constraint for Ethernet PCIe: max 3,P87940-B21,Standard,AMD Solarflare X4522-PLUS 10/25GbE 2-port SFP56 Adapter for HPE,0,"$11,755.00",,NA,,No,Available,,Not published by OCA,Active,05/04/2026,09/30/2029,"{""Extended Price (USD)"":""NA""}",UNCHANGED,"$11,755.00",$0.00,$0.00,"$2,026.00"
Networking,Ethernet PCIe,HPE OCA > OCA Solution > Networking > Ethernet PCIe,Network Adapter,max 3,0,3,Selection constraint for Ethernet PCIe: max 3,R9Y95A,Standard,HPE Slingshot SA410S 400GbE 1-port QSFP PCIe5 HHHL NIC,0,"$4,250.00",,NA,,No,Available,,Not published by OCA,Active,03/31/2026,11/30/2029,"{""Extended Price (USD)"":""NA""}",ADDED,N/A,"$4,250.00",$100.00,"$2,026.00"
Networking,PCIe Networking Adapters,HPE OCA > OCA Solution > Networking > PCIe Networking Adapters,Network Adapter,max 8,0,8,Private Product is not valid for current customer account,P31618-B21,Standard,Intel X710-T4L Ethernet 10Gb 4-port BASE-T Special Adapter for HPE                       is obsolete: P31618-B21,0,"$3,992.00",,NA,,No,Obsolete (OB),,Not published by OCA,Obsolete (OB),04/22/2020,01/31/2026,"{""Extended Price (USD)"":""NA""}",UNCHANGED,"$3,992.00",$0.00,$0.00,2026-08-28: (no price) → 2026-09-09: $3992.00 → 2026-09-10: $3992.00
Networking,PCIe Networking Adapters,HPE OCA > OCA Solution > Networking > PCIe Networking Adapters,Network Adapter,max 8,0,8,Private Product is not valid for current customer account,P65078-B21,Standard,HPE 10/25G 2P SFP28 MCX5ADAT Spl Adp                       is obsolete: P65078-B21,0,$899.00,,NA,,No,Obsolete (OB),,Not published by OCA,Obsolete (OB),04/28/2023,04/30/2025,"{""Extended Price (USD)"":""NA""}",UNCHANGED,$899.00,$0.00,$0.00,2026-08-28: (no price) → 2026-09-09: $899.00 → 2026-09-10: $899.00
Networking,PCIe Networking Adapters,HPE OCA > OCA Solution > Networking > PCIe Networking Adapters,Network Adapter,max 8,0,8,Private Product is not valid for current customer account,P75398-B21,Standard,HPE DL380G11 B3220 Spl Dpu Kit                       is obsolete: P75398-B21,0,"$6,006.00",,NA,,No,Obsolete (OB),,Not published by OCA,Obsolete (OB),06/21/2024,03/27/2025,"{""Extended Price (USD)"":""NA""}",UNCHANGED,"$6,006.00",$0.00,$0.00,2026-08-28: (no price) → 2026-09-09: $6006.00 → 2026-09-10: $6006.00
Networking,PCIe Networking Adapters,HPE OCA > OCA Solution > Networking > PCIe Networking Adapters,Transceiver,max 8,0,8,Private Product is not valid for current customer account,P80855-B21,Standard,HPE 50/25G 4PSFP56 MCX713104AS Spl Adapter,0,"$5,459.00",,NA,,No,Not published by OCA,,Not published by OCA,Active,03/12/2025,06/30/2029,"{""Extended Price (USD)"":""NA""}",UNCHANGED,"$5,459.00",$0.00,$0.00,2026-08-28: (no price) → 2026-09-09: $5459.00 → 2026-09-10: $5459.00
Networking,OCP Ethernet,HPE OCA > OCA Solution > Networking > OCP Ethernet,Network Adapter,max 2,0,2,Selection constraint for OCP Ethernet: max 2,P10115-B21,Standard,Broadcom BCM57414 Ethernet 10/25Gb 2-port SFP28 OCP3 Adapter for HPE,0,"$1,231.00",,NA,,No,Available,,Not published by OCA,Active,11/02/2020,12/31/2028,"{""Extended Price (USD)"":""NA""}",UNCHANGED,"$1,231.00",$0.00,$0.00,2026-08-27: $1231.00 → 2026-08-28: (no price) → 2026-09-10: $1231.00
Networking,OCP Ethernet,HPE OCA > OCA Solution > Networking > OCP Ethernet,Network Adapter,max 2,0,2,Selection constraint for OCP Ethernet: max 2,P42041-B21,Standard,Mellanox MCX631432AS-ADAI Ethernet 10/25Gb 2-port SFP28 OCP3 Adapter for HPE,0,"$1,398.00",,NA,,No,Available,,Not published by OCA,Active,02/07/2022,12/31/2028,"{""Extended Price (USD)"":""NA""}",UNCHANGED,"$1,398.00",$0.00,$0.00,2026-08-27: (no price) → 2026-08-28: (no price) → 2026-09-09: $1398.00 → 2026-09-10: $1398.00
Networking,OCP Ethernet,HPE OCA > OCA Solution > Networking > OCP Ethernet,Network Adapter,max 2,0,2,Selection constraint for OCP Ethernet: max 2,P51181-B21,Standard,Broadcom BCM5719 Ethernet 1Gb 4-port BASE-T OCP3 Adapter for HPE,1,$485.00,,$485.00,,No,Available,,Not published by OCA,Active,06/06/2022,12/31/2028,"{""Extended Price (USD)"":""485.00""}",UNCHANGED,$485.00,$0.00,$0.00,2026-08-27: $485.00 → 2026-08-28: (no price) → 2026-09-10: $485.00
Networking,OCP Ethernet,HPE OCA > OCA Solution > Networking > OCP Ethernet,Transceiver,max 2,0,2,Selection constraint for OCP Ethernet: max 2,P22767-B21,Standard,Intel E810-CQDA2 Ethernet 100Gb 2-port QSFP28 OCP3 Adapter for HPE,0,"$3,600.00",,NA,,No,Available,,Not published by OCA,Active,04/06/2021,12/31/2028,"{""Extended Price (USD)"":""NA""}",UNCHANGED,"$3,600.00",$0.00,$0.00,2026-08-27: (no price) → 2026-08-28: (no price) → 2026-09-09: $3600.00 → 2026-09-10: $3600.00
Networking,OCP Ethernet,HPE OCA > OCA Solution > Networking > OCP Ethernet,Network Adapter,max 2,0,2,Selection constraint for OCP Ethernet: max 2,P26256-B21,Standard,Broadcom BCM57412 Ethernet 10Gb 2-port SFP+ OCP3 Adapter for HPE,0,$940.00,,NA,,No,Available,,Not published by OCA,Active,10/05/2020,12/31/2028,"{""Extended Price (USD)"":""NA""}",UNCHANGED,$940.00,$0.00,$0.00,2026-08-27: (no price) → 2026-08-28: (no price) → 2026-09-09: $940.00 → 2026-09-10: $940.00
Networking,OCP Ethernet,HPE OCA > OCA Solution > Networking > OCP Ethernet,Network Adapter,max 2,0,2,Selection constraint for OCP Ethernet: max 2,P08449-B21,Standard,Intel I350-T4 Ethernet 1Gb 4-port BASE-T OCP3 Adapter for HPE,0,$830.00,,NA,,No,Available,,Not published by OCA,Active,12/16/2019,12/31/2028,"{""Extended Price (USD)"":""NA""}",UNCHANGED,$830.00,$0.00,$0.00,2026-08-27: (no price) → 2026-08-28: (no price) → 2026-09-09: $830.00 → 2026-09-10: $830.00
Networking,OCP Ethernet,HPE OCA > OCA Solution > Networking > OCP Ethernet,Network Adapter,max 2,0,2,Selection constraint for OCP Ethernet: max 2,P10097-B21,Standard,Broadcom BCM57416 Ethernet 10Gb 2-port BASE-T OCP3 Adapter for HPE,0,"$1,105.00",,NA,,No,Available,,Not published by OCA,Active,11/02/2020,12/31/2028,"{""Extended Price (USD)"":""NA""}",UNCHANGED,"$1,105.00",$0.00,$0.00,2026-08-27: (no price) → 2026-08-28: (no price) → 2026-09-09: $1105.00 → 2026-09-10: $1105.00
Networking,OCP Ethernet,HPE OCA > OCA Solution > Networking > OCP Ethernet,Network Adapter,max 2,0,2,Selection constraint for OCP Ethernet: max 2,P10106-B21,Standard,Intel E810-XXVDA2 Ethernet 10/25Gb 2-port SFP28 OCP3 Adapter for HPE,0,"$1,680.00",,NA,,No,Available,,Not published by OCA,Active,04/06/2021,11/30/2027,"{""Extended Price (USD)"":""NA""}",UNCHANGED,"$1,680.00",$0.00,$0.00,2026-08-27: (no price) → 2026-08-28: (no price) → 2026-09-09: $1680.00 → 2026-09-10: $1680.00
Networking,OCP Ethernet,HPE OCA > OCA Solution > Networking > OCP Ethernet,Network Adapter,max 2,0,2,Selection constraint for OCP Ethernet: max 2,P10112-B21,Standard,Mellanox MCX562A-ACAI Ethernet 10/25Gb 2-port SFP28 OCP3 Adapter for HPE,0,"$1,040.00",,NA,,No,Obsolete (OB),,Not published by OCA,Obsolete (OB),12/16/2019,10/31/2025,"{""Extended Price (USD)"":""NA""}",UNCHANGED,"$1,040.00",$0.00,$0.00,2026-08-27: (no price) → 2026-08-28: (no price) → 2026-09-09: $1040.00 → 2026-09-10: $1040.00
Networking,OCP Ethernet,HPE OCA > OCA Solution > Networking > OCP Ethernet,Network Adapter,max 2,0,2,Selection constraint for OCP Ethernet: max 2,P26269-B21,Standard,Broadcom BCM57504 Ethernet 10/25Gb 4-port SFP28 OCP3 Adapter for HPE,0,"$2,598.00",,NA,,No,Available,,Not published by OCA,Active,09/06/2022,12/31/2028,"{""Extended Price (USD)"":""NA""}",UNCHANGED,"$2,598.00",$0.00,$0.00,2026-08-27: (no price) → 2026-08-28: (no price) → 2026-09-09: $2598.00 → 2026-09-10: $2598.00
Networking,OCP Ethernet,HPE OCA > OCA Solution > Networking > OCP Ethernet,Network Adapter,max 2,0,2,Selection constraint for OCP Ethernet: max 2,P41614-B21,Standard,Intel E810-XXVDA4 Ethernet 10/25Gb 4-port SFP28 OCP3 Adapter for HPE,0,"$3,770.00",,NA,,No,Available,,Not published by OCA,Active,08/02/2021,12/31/2028,"{""Extended Price (USD)"":""NA""}",UNCHANGED,"$3,770.00",$0.00,$0.00,2026-08-27: (no price) → 2026-08-28: (no price) → 2026-09-09: $3770.00 → 2026-09-10: $3770.00
Networking,OCP Ethernet,HPE OCA > OCA Solution > Networking > OCP Ethernet,Network Adapter,max 2,0,2,Selection constraint for OCP Ethernet: max 2,P73114-B21,Standard,Broadcom BCM57608 Ethernet 100Gb 2-port QSFP112 OCP3 Adapter for HPE,0,"$4,855.00",,NA,,No,Available,,Not published by OCA,Active,03/03/2025,12/31/2028,"{""Extended Price (USD)"":""NA""}",UNCHANGED,"$4,855.00",$0.00,$0.00,2026-08-27: (no price) → 2026-08-28: (no price) → 2026-09-09: $4855.00 → 2026-09-10: $4855.00
Networking,OCP Infiniband,HPE OCA > OCA Solution > Networking > OCP Infiniband,Network Adapter,max 2,0,2,Private Product is not valid for current customer account,P72536-B21,Standard,BCM 957504-N1IB 100G 1p Spl OCP3 Adapter,0,"$3,340.00",,NA,,No,Not published by OCA,,Not published by OCA,Active,03/22/2024,05/31/2027,"{""Extended Price (USD)"":""NA""}",UNCHANGED,"$3,340.00",$0.00,$0.00,2026-08-28: (no price) → 2026-09-09: $3340.00 → 2026-09-10: $3340.00
Networking,Fibre Channel HBA,HPE OCA > OCA Solution > Networking > Fibre Channel HBA,Fibre Channel HBA,max 3,0,3,Selection constraint for Fibre Channel HBA: max 3,R7N78A,Standard,HPE SN1700E 64Gb 2-port Fibre Channel Host Bus Adapter,0,"$10,800.00",,NA,,No,Available,,Not published by OCA,Active,11/01/2021,10/31/2028,"{""Extended Price (USD)"":""NA""}",ADDED,N/A,"$10,800.00",$100.00,"$2,026.00"
Networking,Fibre Channel HBA,HPE OCA > OCA Solution > Networking > Fibre Channel HBA,Fibre Channel HBA,max 3,0,3,Selection constraint for Fibre Channel HBA: max 3,R2J63A,Standard,HPE SN1610E 32Gb 2-port Fibre Channel Host Bus Adapter,0,"$4,991.00",,NA,,No,Available,,Not published by OCA,Active,08/03/2020,10/31/2028,"{""Extended Price (USD)"":""NA""}",ADDED,N/A,"$4,991.00",$100.00,"$2,026.00"
Networking,Fibre Channel HBA,HPE OCA > OCA Solution > Networking > Fibre Channel HBA,Fibre Channel HBA,max 3,0,3,Selection constraint for Fibre Channel HBA: max 3,R2J62A,Standard,HPE SN1610E 32Gb 1-port Fibre Channel Host Bus Adapter,0,"$3,188.00",,NA,,No,Available,,Not published by OCA,Active,08/03/2020,10/31/2028,"{""Extended Price (USD)"":""NA""}",ADDED,N/A,"$3,188.00",$100.00,"$2,026.00"
Networking,Fibre Channel HBA,HPE OCA > OCA Solution > Networking > Fibre Channel HBA,Fibre Channel HBA,max 3,0,3,Selection constraint for Fibre Channel HBA: max 3,R7N77A,Standard,HPE SN1700E 64Gb 1-port Fibre Channel Host Bus Adapter,0,"$5,999.00",,NA,,No,Available,,Not published by OCA,Active,11/01/2021,10/31/2028,"{""Extended Price (USD)"":""NA""}",ADDED,N/A,"$5,999.00",$100.00,"$2,026.00"
Networking,Fibre Channel HBA,HPE OCA > OCA Solution > Networking > Fibre Channel HBA,Fibre Channel HBA,max 3,0,3,Selection constraint for Fibre Channel HBA: max 3,R2E08A,Standard,HPE SN1610Q 32Gb 1-port Fibre Channel Host Bus Adapter,0,"$4,675.00",,NA,,No,Available,,Not published by OCA,Active,10/07/2019,10/31/2028,"{""Extended Price (USD)"":""NA""}",ADDED,N/A,"$4,675.00",$100.00,"$2,026.00"
Networking,Fibre Channel HBA,HPE OCA > OCA Solution > Networking > Fibre Channel HBA,Fibre Channel HBA,max 3,0,3,Selection constraint for Fibre Channel HBA: max 3,R2E09A,Standard,HPE SN1610Q 32Gb 2-port Fibre Channel Host Bus Adapter,0,"$7,410.00",,NA,,No,Available,,Not published by OCA,Active,10/07/2019,10/31/2028,"{""Extended Price (USD)"":""NA""}",ADDED,N/A,"$7,410.00",$100.00,"$2,026.00"
Networking,Fibre Channel Cables and SFP,HPE OCA > OCA Solution > Networking > Fibre Channel Cables and SFP,Fibre Channel HBA,max 1,0,1,These products are hidden due to Supply constraints,R7N86A,Standard,HPE SN1700Q 64Gb 1-port Fibre Channel Host Bus Adapter,0,"$9,688.00",,NA,,No,These products are hidden due to Supply constraints,,Not published by OCA,Active,02/06/2023,10/31/2028,"{""Extended Price (USD)"":""NA""}",ADDED,N/A,"$9,688.00",$100.00,"$2,026.00"
Networking,Fibre Channel Cables and SFP,HPE OCA > OCA Solution > Networking > Fibre Channel Cables and SFP,Fibre Channel HBA,max 1,0,1,These products are hidden due to Supply constraints,R7N87A,Standard,HPE SN1700Q 64Gb 2-port Fibre Channel Host Bus Adapter,0,"$12,800.00",,NA,,No,These products are hidden due to Supply constraints,,Not published by OCA,Active,02/06/2023,10/31/2028,"{""Extended Price (USD)"":""NA""}",ADDED,N/A,"$12,800.00",$100.00,"$2,026.00"
Cables & Enablement Kits,Energy Star,HPE OCA > OCA Solution > Cables & Enablement Kits > Energy Star,Cable Kit,max 1,0,1,BTO products are not allowed in CTO Base Model.,AJ833A,Standard,HPE LC to LC Multi-mode OM3 2-Fiber 0.5m 1-Pack Fiber Optic Cable,0,$65.00,,NA,,No,Not published by OCA,,Not published by OCA,Active,06/13/2008,11/30/2028,"{""Extended Price (USD)"":""NA""}",UNCHANGED,$65.00,$0.00,$0.00,2026-08-27: (no price) → 2026-08-28: (no price) → 2026-09-09: $65.00 → 2026-09-10: $65.00
Cables & Enablement Kits,Energy Star,HPE OCA > OCA Solution > Cables & Enablement Kits > Energy Star,Cable Kit,max 1,0,1,BTO products are not allowed in CTO Base Model.,AJ836A,Standard,HPE LC to LC Multi-mode OM3 2-Fiber 5.0m 1-Pack Fiber Optic Cable,0,$115.00,,NA,,No,Not published by OCA,,Not published by OCA,Active,06/13/2008,11/30/2028,"{""Extended Price (USD)"":""NA""}",UNCHANGED,$115.00,$0.00,$0.00,2026-08-27: (no price) → 2026-08-28: (no price) → 2026-09-09: $115.00 → 2026-09-10: $115.00
Cables & Enablement Kits,Energy Star,HPE OCA > OCA Solution > Cables & Enablement Kits > Energy Star,Cable Kit,max 1,0,1,BTO products are not allowed in CTO Base Model.,AJ838A,Standard,HPE LC to LC Multi-mode OM3 2-Fiber 30.0m 1-Pack Fiber Optic Cable,0,$208.00,,NA,,No,Not published by OCA,,Not published by OCA,Active,06/13/2008,11/30/2028,"{""Extended Price (USD)"":""NA""}",UNCHANGED,$208.00,$0.00,$0.00,2026-08-27: (no price) → 2026-08-28: (no price) → 2026-09-09: $208.00 → 2026-09-10: $208.00
Cables & Enablement Kits,Energy Star,HPE OCA > OCA Solution > Cables & Enablement Kits > Energy Star,Cable Kit,max 1,0,1,BTO products are not allowed in CTO Base Model.,AJ839A,Standard,HPE LC to LC Multi-mode OM3 2-Fiber 50.0m 1-Pack Fiber Optic Cable,0,$253.00,,NA,,No,Not published by OCA,,Not published by OCA,Active,06/13/2008,11/30/2028,"{""Extended Price (USD)"":""NA""}",UNCHANGED,$253.00,$0.00,$0.00,2026-08-27: (no price) → 2026-08-28: (no price) → 2026-09-09: $253.00 → 2026-09-10: $253.00
Cables & Enablement Kits,Energy Star,HPE OCA > OCA Solution > Cables & Enablement Kits > Energy Star,Cable Kit,max 1,0,1,BTO products are not allowed in CTO Base Model.,AJ834A,Standard,HPE LC to LC Multi-mode OM3 2-Fiber 1.0m 1-Pack Fiber Optic Cable,0,$70.00,,NA,,No,Not published by OCA,,Not published by OCA,Active,06/13/2008,11/30/2028,"{""Extended Price (USD)"":""NA""}",UNCHANGED,$70.00,$0.00,$0.00,2026-08-27: (no price) → 2026-08-28: (no price) → 2026-09-09: $70.00 → 2026-09-10: $70.00
Cables & Enablement Kits,Energy Star,HPE OCA > OCA Solution > Cables & Enablement Kits > Energy Star,Cable Kit,max 1,0,1,BTO products are not allowed in CTO Base Model.,AJ837A,Standard,HPE LC to LC Multi-mode OM3 2-Fiber 15.0m 1-Pack Fiber Optic Cable,0,$162.00,,NA,,No,Not published by OCA,,Not published by OCA,Active,06/13/2008,11/30/2028,"{""Extended Price (USD)"":""NA""}",UNCHANGED,$162.00,$0.00,$0.00,2026-08-27: (no price) → 2026-08-28: (no price) → 2026-09-09: $162.00 → 2026-09-10: $162.00
Networking,Transceivers,HPE OCA > OCA Solution > Networking > Transceivers,Transceiver,max 16,0,16,Selection constraint for Transceivers: max 16,P49764-B21,Standard,HPE InfiniBand NDR/Ethernet 1x400Gb OSFP Multi-mode 50m HCA-side Transceiver,0,"$1,866.00",,NA,,No,Available,,Not published by OCA,Active,03/06/2023,12/31/2027,"{""Extended Price (USD)"":""NA""}",UNCHANGED,"$1,866.00",$0.00,$0.00,2026-08-27: (no price) → 2026-08-28: (no price) → 2026-09-09: $1866.00 → 2026-09-10: $1866.00
Networking,Transceivers,HPE OCA > OCA Solution > Networking > Transceivers,Transceiver,max 16,0,16,Selection constraint for Transceivers: max 16,Q8J73A,Standard,HPE 100GbE QSFP28 500m 1310mm PSM4 Transceiver,0,"$3,495.00",,NA,,No,Available,,Not published by OCA,Active,12/18/2017,11/30/2028,"{""Extended Price (USD)"":""NA""}",UNCHANGED,"$3,495.00",$0.00,$0.00,2026-08-27: (no price) → 2026-08-28: (no price) → 2026-09-09: $3495.00 → 2026-09-10: $3495.00
Networking,Transceivers,HPE OCA > OCA Solution > Networking > Transceivers,Transceiver,max 16,0,16,Selection constraint for Transceivers: max 16,Q9S71A,Standard,HPE 100GbE QSFP28 to QSFP28 5m Active Optical Cable,0,"$1,899.00",,NA,,No,Available,,Not published by OCA,Active,09/04/2018,11/30/2028,"{""Extended Price (USD)"":""NA""}",UNCHANGED,"$1,899.00",$0.00,$0.00,2026-08-27: (no price) → 2026-08-28: (no price) → 2026-09-09: $1899.00 → 2026-09-10: $1899.00
Networking,Transceivers,HPE OCA > OCA Solution > Networking > Transceivers,Transceiver,max 16,0,16,Selection constraint for Transceivers: max 16,453151-B21,Standard,HPE BladeSystem c-Class Virtual Connect 1G SFP SX Transceiver,0,$427.00,,NA,,No,Available,,Not published by OCA,Active,10/01/2007,07/31/2027,"{""Extended Price (USD)"":""NA""}",UNCHANGED,$427.00,$0.00,$0.00,2026-08-27: (no price) → 2026-08-28: (no price) → 2026-09-09: $427.00 → 2026-09-10: $427.00
Networking,Transceivers,HPE OCA > OCA Solution > Networking > Transceivers,Transceiver,max 16,0,16,Selection constraint for Transceivers: max 16,453154-B21,Standard,HPE BladeSystem CClass Virtual Connect 1G SFP RJ45 Transceiver,0,$426.00,,NA,,No,Available,,Not published by OCA,Active,11/16/2007,07/31/2027,"{""Extended Price (USD)"":""NA""}",UNCHANGED,$426.00,$0.00,$0.00,2026-08-27: (no price) → 2026-08-28: (no price) → 2026-09-09: $426.00 → 2026-09-10: $426.00
Networking,Transceivers,HPE OCA > OCA Solution > Networking > Transceivers,Transceiver,max 16,0,16,Selection constraint for Transceivers: max 16,455883-B21,Standard,HPE BladeSystem c-Class 10Gb SFP+ SR Transceiver,0,$842.00,,NA,,No,Available,,Not published by OCA,Active,12/01/2008,11/30/2030,"{""Extended Price (USD)"":""NA""}",UNCHANGED,$842.00,$0.00,$0.00,2026-08-27: (no price) → 2026-08-28: (no price) → 2026-09-09: $842.00 → 2026-09-10: $842.00
Networking,Transceivers,HPE OCA > OCA Solution > Networking > Transceivers,Transceiver,max 16,0,16,Selection constraint for Transceivers: max 16,455886-B21,Standard,HPE BladeSystem c-Class 10Gb SFP+ LR Transceiver,0,"$1,751.00",,NA,,No,Available,,Not published by OCA,Active,12/01/2008,11/30/2030,"{""Extended Price (USD)"":""NA""}",UNCHANGED,"$1,751.00",$0.00,$0.00,2026-08-27: (no price) → 2026-08-28: (no price) → 2026-09-09: $1751.00 → 2026-09-10: $1751.00
Networking,Transceivers,HPE OCA > OCA Solution > Networking > Transceivers,Transceiver,max 16,0,16,Selection constraint for Transceivers: max 16,845398-B21,Standard,HPE 25Gb SFP28 SR 100m Transceiver,0,"$2,110.00",,NA,,No,Available,,Not published by OCA,Active,06/06/2016,06/30/2028,"{""Extended Price (USD)"":""NA""}",UNCHANGED,"$2,110.00",$0.00,$0.00,2026-08-27: $2110.00 → 2026-08-28: (no price) → 2026-09-10: $2110.00
Networking,Transceivers,HPE OCA > OCA Solution > Networking > Transceivers,Transceiver,max 16,0,16,Selection constraint for Transceivers: max 16,845966-B21,Standard,HPE 100Gb QSFP28 MPO SR4 100m Transceiver,0,"$4,252.00",,NA,,No,Available,,Not published by OCA,Active,06/06/2016,11/30/2030,"{""Extended Price (USD)"":""NA""}",UNCHANGED,"$4,252.00",$0.00,$0.00,2026-08-27: (no price) → 2026-08-28: (no price) → 2026-09-09: $4252.00 → 2026-09-10: $4252.00
Networking,Transceivers,HPE OCA > OCA Solution > Networking > Transceivers,Transceiver,max 16,0,16,Selection constraint for Transceivers: max 16,845972-B21,Standard,HPE 100Gb QSFP28 Bidirectional Transceiver,0,"$2,585.00",,NA,,No,Obsolete (OB),,Not published by OCA,Obsolete (OB),12/03/2018,07/27/2026,"{""Extended Price (USD)"":""NA""}",UNCHANGED,"$2,585.00",$0.00,$0.00,2026-08-27: (no price) → 2026-08-28: (no price) → 2026-09-09: $2585.00 → 2026-09-10: $2585.00
Networking,Transceivers,HPE OCA > OCA Solution > Networking > Transceivers,Transceiver,max 16,0,16,Selection constraint for Transceivers: max 16,P65334-B21,Standard,HPE InfiniBand NDR/Ethernet 400G QSFP112 MPO12 850nm Multi-mode 50m APC Transceiver,0,"$3,875.00",,NA,,No,Available,,Not published by OCA,Active,09/05/2023,07/31/2027,"{""Extended Price (USD)"":""NA""}",UNCHANGED,"$3,875.00",$0.00,$0.00,2026-08-27: (no price) → 2026-08-28: (no price) → 2026-09-09: $3875.00 → 2026-09-10: $3875.00
Networking,Transceivers,HPE OCA > OCA Solution > Networking > Transceivers,Transceiver,max 16,0,16,Selection constraint for Transceivers: max 16,P87585-B21,Standard,HPE InfiniBand NDR/Ethernet 400Gb OSFP 1-port Single-mode 100m HCA-side Flat-Top Transceiver,0,"$7,359.00",,NA,,No,Available,,Not published by OCA,Active,01/05/2026,06/30/2029,"{""Extended Price (USD)"":""NA""}",UNCHANGED,"$7,359.00",$0.00,$0.00,2026-08-27: (no price) → 2026-08-28: (no price) → 2026-09-09: $7359.00 → 2026-09-10: $7359.00
Networking,Transceivers,HPE OCA > OCA Solution > Networking > Transceivers,Transceiver,max 16,0,16,Selection constraint for Transceivers: max 16,P89422-B21,Standard,HPE Ethernet 1x400Gb OSFP 1-port Multi-mode 50m NIC-side Flat-Top Transceiver,0,"$2,400.00",,NA,,No,Available,,Not published by OCA,Active,03/02/2026,06/30/2029,"{""Extended Price (USD)"":""NA""}",UNCHANGED,"$2,400.00",$0.00,$0.00,2026-08-27: (no price) → 2026-08-28: (no price) → 2026-09-09: $2400.00 → 2026-09-10: $2400.00
Networking,Transceivers,HPE OCA > OCA Solution > Networking > Transceivers,Transceiver,max 16,0,16,Selection constraint for Transceivers: max 16,P89423-B21,Standard,HPE Ethernet 1x400Gb QSFP112 1-port Multi-mode 50m NIC-side Flat-Top Transceiver,0,"$2,428.00",,NA,,No,Available,,Not published by OCA,Active,03/02/2026,06/30/2029,"{""Extended Price (USD)"":""NA""}",UNCHANGED,"$2,428.00",$0.00,$0.00,2026-08-27: (no price) → 2026-08-28: (no price) → 2026-09-09: $2428.00 → 2026-09-10: $2428.00
Networking,Transceivers,HPE OCA > OCA Solution > Networking > Transceivers,Transceiver,max 16,0,16,Selection constraint for Transceivers: max 16,Q2F19A,Standard,HPE 100GbE QSFP28 SR4 100m Transceiver,0,"$2,425.00",,NA,,No,Available,,Not published by OCA,Active,09/25/2017,11/30/2028,"{""Extended Price (USD)"":""NA""}",UNCHANGED,"$2,425.00",$0.00,$0.00,2026-08-27: (no price) → 2026-08-28: (no price) → 2026-09-09: $2425.00 → 2026-09-10: $2425.00
Networking,PCIe Networking Adapters,HPE OCA > OCA Solution > Networking > PCIe Networking Adapters,Transceiver,max 8,0,8,These products are hidden due to Supply constraints,845970-B21,Standard,HPE QSFP28 to SFP28 Adapter,0,$227.00,,NA,,No,These products are hidden due to Supply constraints,,Not published by OCA,Active,12/03/2018,11/30/2030,"{""Extended Price (USD)"":""NA""}",UNCHANGED,$227.00,$0.00,$0.00,2026-08-27: (no price) → 2026-08-28: (no price) → 2026-09-09: $227.00 → 2026-09-10: $227.00
Cables & Enablement Kits,OCP3 Networking Adapters,HPE OCA > OCA Solution > Cables & Enablement Kits > OCP3 Networking Adapters,Cable Kit,max 2,0,2,Selection constraint for OCP3 Networking Adapters: max 2,P48827-B21,Standard,HPE ProLiant DL3XX Gen11 OCP1 x16 Enablement Kit,0,$107.00,,NA,,No,Available,,Not published by OCA,Active,01/10/2023,05/31/2028,"{""Extended Price (USD)"":""NA""}",UNCHANGED,$107.00,$0.00,$0.00,2026-08-27: (no price) → 2026-08-28: (no price) → 2026-09-09: $107.00 → 2026-09-10: $107.00
Cables & Enablement Kits,OCP3 Networking Adapters,HPE OCA > OCA Solution > Cables & Enablement Kits > OCP3 Networking Adapters,Cable Kit,max 2,0,2,Selection constraint for OCP3 Networking Adapters: max 2,P48830-B21,Standard,HPE ProLiant DL3XX Gen11 CPU2 to OCP2 x8 Enablement Kit,0,$115.00,,NA,,No,Available,,Not published by OCA,Active,01/10/2023,05/31/2028,"{""Extended Price (USD)"":""NA""}",UNCHANGED,$115.00,$0.00,$0.00,2026-08-27: $115.00 → 2026-08-28: (no price) → 2026-09-10: $115.00
Cables & Enablement Kits,OCP3 Networking Adapters,HPE OCA > OCA Solution > Cables & Enablement Kits > OCP3 Networking Adapters,Cable Kit,max 2,0,2,Selection constraint for OCP3 Networking Adapters: max 2,P51911-B21,Standard,HPE ProLiant DL360 Gen11 CPU1 to OCP2 x8 Enablement Kit,1,$120.00,,$120.00,,No,Available,,Not published by OCA,Active,01/10/2023,05/31/2028,"{""Extended Price (USD)"":""120.00""}",UNCHANGED,$120.00,$0.00,$0.00,2026-08-27: (no price) → 2026-08-28: (no price) → 2026-09-09: $120.00 → 2026-09-10: $120.00
Networking,OCP3 Networking Adapters,HPE OCA > OCA Solution > Networking > OCP3 Networking Adapters,Cable Kit,max 8,0,8,If OCP2 x16 Enable Kit is selected then CPU2 / OCP2 x8 Enable Kit OR CPU1 / OCP2 x8 Enable Kit cannot be selected and Vice-versa.,P48828-B21,Standard,HPE ProLiant DL3XX Gen11 OCP2 x16 Enablement Kit,0,$226.00,,NA,,No,Not published by OCA,,Not published by OCA,Active,01/10/2023,05/31/2028,"{""Extended Price (USD)"":""NA""}",UNCHANGED,$226.00,$0.00,$0.00,2026-08-27: (no price) → 2026-08-28: (no price) → 2026-09-09: $226.00 → 2026-09-10: $226.00
Networking,Fibre Channel Cables and SFP,HPE OCA > OCA Solution > Networking > Fibre Channel Cables and SFP,Transceiver,max 1,0,1,Selection constraint for Fibre Channel Cables and SFP: max 1,P31323-B21,Standard,HPE InfiniBand HDR/Ethernet 200Gb 1-port QSFP56 PCIe4 x16 OCP3 MCX653435A-HDAI Adapter,0,"$4,217.00",,NA,,No,Obsolete (OB),,Not published by OCA,Obsolete (OB),12/07/2020,08/24/2024,"{""Extended Price (USD)"":""NA""}",UNCHANGED,"$4,217.00",$0.00,$0.00,2026-08-27: (no price) → 2026-08-28: (no price) → 2026-09-09: $4217.00 → 2026-09-10: $4217.00
Networking,Fibre Channel Cables and SFP,HPE OCA > OCA Solution > Networking > Fibre Channel Cables and SFP,Transceiver,max 1,0,1,Selection constraint for Fibre Channel Cables and SFP: max 1,P31348-B21,Standard,HPE InfiniBand HDR/Ethernet 200Gb 2-port QSFP56 PCIe4 x16 OCP3 MCX653436A-HDAI Adapter,0,"$3,439.00",,NA,,No,Obsolete (OB),,Not published by OCA,Obsolete (OB),12/07/2020,11/30/2025,"{""Extended Price (USD)"":""NA""}",UNCHANGED,"$3,439.00",$0.00,$0.00,2026-08-27: (no price) → 2026-08-28: (no price) → 2026-09-09: $3439.00 → 2026-09-10: $3439.00
Cables & Enablement Kits,Solid State Drives (NVMe/SAS/SATA),HPE OCA > OCA Solution > Cables & Enablement Kits > Solid State Drives (NVMe/SAS/SATA),Cable Kit,max 3,0,3,Selection constraint for Solid State Drives (NVMe/SAS/SATA): max 3,P48183-B21,Standard,HPE NS204i-u Gen11 NVMe Hot Plug Boot Optimized Storage Device,0,"$7,799.00",,NA,,No,Available,,Not published by OCA,Active,11/07/2022,06/30/2028,"{""Extended Price (USD)"":""NA""}",UNCHANGED,"$7,799.00",$0.00,$0.00,2026-08-27: $7799.00 → 2026-08-28: (no price) → 2026-09-10: $7799.00
Cables & Enablement Kits,Solid State Drives (NVMe/SAS/SATA),HPE OCA > OCA Solution > Cables & Enablement Kits > Solid State Drives (NVMe/SAS/SATA),Cable Kit,max 3,0,3,Selection constraint for Solid State Drives (NVMe/SAS/SATA): max 3,P52152-B21,Standard,HPE ProLiant DL380 Gen11 NS204i-u Internal Cable Kit,0,$164.00,,NA,,No,Available,,Not published by OCA,Active,01/10/2023,05/31/2028,"{""Extended Price (USD)"":""NA""}",UNCHANGED,$164.00,$0.00,$0.00,2026-08-27: $164.00 → 2026-08-28: (no price) → 2026-09-10: $164.00
Cables & Enablement Kits,Solid State Drives (NVMe/SAS/SATA),HPE OCA > OCA Solution > Cables & Enablement Kits > Solid State Drives (NVMe/SAS/SATA),Cable Kit,max 3,0,3,Selection constraint for Solid State Drives (NVMe/SAS/SATA): max 3,P81162-B21,Standard,HPE NS204i-u v2 960GB NVMe SED Hot Plug Boot Optimized Storage Device,0,"$14,299.00",,NA,,No,Available,,Not published by OCA,Active,07/07/2025,04/30/2029,"{""Extended Price (USD)"":""NA""}",UNCHANGED,"$14,299.00",$0.00,$0.00,2026-08-27: (no price) → 2026-08-28: (no price) → 2026-09-09: $14299.00 → 2026-09-10: $14299.00
Cables & Enablement Kits,Solid State Drives (NVMe/SAS/SATA),HPE OCA > OCA Solution > Cables & Enablement Kits > Solid State Drives (NVMe/SAS/SATA),Cable Kit,max 3,0,3,Selection constraint for Solid State Drives (NVMe/SAS/SATA): max 3,P81160-B21,Standard,HPE NS204i-u v2 960GB NVMe Hot Plug Boot Optimized Storage Device,0,"$14,299.00",,NA,,No,Available,,Not published by OCA,Active,07/07/2025,04/30/2029,"{""Extended Price (USD)"":""NA""}",UNCHANGED,"$14,299.00",$0.00,$0.00,2026-08-27: (no price) → 2026-08-28: (no price) → 2026-09-09: $14299.00 → 2026-09-10: $14299.00
OS Boot Device,System Options,HPE OCA > OCA Solution > OS Boot Device > System Options,Boot Device,,0,,HPE DL380 Gen11 NS204i-u FIO Kit can be selected only if HPE NS204i-u Boot Dev is selected.,P54542-B21,Standard,HPE ProLiant DL380 Gen11 NS204i-u FIO Bundle Kit,0,$1.00,,NA,,No,Not published by OCA,,Not published by OCA,Active,01/10/2023,05/31/2028,"{""Extended Price (USD)"":""NA""}",UNCHANGED,$1.00,$0.00,$0.00,2026-08-27: $1.00 → 2026-08-28: (no price) → 2026-09-10: $1.00
OS Boot Device,Energy Star,HPE OCA > OCA Solution > OS Boot Device > Energy Star,Boot Device,max 1,0,1,Private Product is not valid for current customer account,P61852-B21,Standard,HPE NS204i-u Gen11 960GB Spl Boot Dev,0,"$15,699.00",,NA,,No,Not published by OCA,,Not published by OCA,Active,11/12/2022,04/30/2028,"{""Extended Price (USD)"":""NA""}",UNCHANGED,"$15,699.00",$0.00,$0.00,2026-08-28: (no price) → 2026-09-09: $15699.00 → 2026-09-10: $15699.00
OS Boot Device,Energy Star,HPE OCA > OCA Solution > OS Boot Device > Energy Star,Boot Device,max 1,0,1,Private Product is not valid for current customer account,P73722-B21,Standard,HPE NS204i-u SKH 960GB Spl Boot Dev                       is obsolete: P73722-B21,0,$0.00,,NA,,No,Obsolete (OB),,Not published by OCA,Obsolete (OB),05/22/2024,06/30/2026,"{""Extended Price (USD)"":""NA""}",UNCHANGED,N/A,$0.00,$0.00,2026-08-28: (no price) → 2026-09-10: (no price)
Accessories & Infrastructure,System Options,HPE OCA > OCA Solution > Accessories & Infrastructure > System Options,Chassis Infrastructure,Optional,0,Optional,BTO products are not allowed in CTO Base Model.,631341-B21,Standard,HPE USB US Keyboard/Mouse Kit,0,$32.00,,NA,,No,Obsolete (OB),,Not published by OCA,Obsolete (OB),04/06/2011,10/31/2024,"{""Extended Price (USD)"":""NA""}",UNCHANGED,$32.00,$0.00,$0.00,2026-08-27: (no price) → 2026-08-28: (no price) → 2026-09-09: $32.00 → 2026-09-10: $32.00
Accessories & Infrastructure,System Options,HPE OCA > OCA Solution > Accessories & Infrastructure > System Options,Chassis Infrastructure,Optional,0,Optional,BTO products are not allowed in CTO Base Model.,631344-B21,Standard,HPE USB UK Keyboard/Mouse Kit,0,$44.00,,NA,,No,Obsolete (OB),,Not published by OCA,Obsolete (OB),04/06/2011,10/31/2024,"{""Extended Price (USD)"":""NA""}",UNCHANGED,$44.00,$0.00,$0.00,2026-08-27: (no price) → 2026-08-28: (no price) → 2026-09-09: $44.00 → 2026-09-10: $44.00
Accessories & Infrastructure,System Options,HPE OCA > OCA Solution > Accessories & Infrastructure > System Options,Chassis Infrastructure,Optional,0,Optional,BTO products are not allowed in CTO Base Model.,631346-B21,Standard,HPE USB FR Keyboard/Mouse Kit,0,$44.00,,NA,,No,Obsolete (OB),,Not published by OCA,Obsolete (OB),04/06/2011,10/31/2024,"{""Extended Price (USD)"":""NA""}",UNCHANGED,$44.00,$0.00,$0.00,2026-08-27: (no price) → 2026-08-28: (no price) → 2026-09-09: $44.00 → 2026-09-10: $44.00
Accessories & Infrastructure,System Options,HPE OCA > OCA Solution > Accessories & Infrastructure > System Options,Chassis Infrastructure,Optional,0,Optional,BTO products are not allowed in CTO Base Model.,631348-B21,Standard,HPE USB ES Keyboard/Mouse Kit,0,$66.00,,NA,,No,Obsolete (OB),,Not published by OCA,Obsolete (OB),04/06/2011,10/31/2024,"{""Extended Price (USD)"":""NA""}",UNCHANGED,$66.00,$0.00,$0.00,2026-08-27: (no price) → 2026-08-28: (no price) → 2026-09-09: $66.00 → 2026-09-10: $66.00
Accessories & Infrastructure,System Options,HPE OCA > OCA Solution > Accessories & Infrastructure > System Options,Chassis Infrastructure,Optional,0,Optional,BTO products are not allowed in CTO Base Model.,631358-B21,Standard,HPE USB DE Keyboard/Mouse Kit,0,$44.00,,NA,,No,Obsolete (OB),,Not published by OCA,Obsolete (OB),04/06/2011,10/31/2024,"{""Extended Price (USD)"":""NA""}",UNCHANGED,$44.00,$0.00,$0.00,2026-08-27: (no price) → 2026-08-28: (no price) → 2026-09-09: $44.00 → 2026-09-10: $44.00
Accessories & Infrastructure,System Options,HPE OCA > OCA Solution > Accessories & Infrastructure > System Options,Chassis Infrastructure,Optional,0,Optional,BTO products are not allowed in CTO Base Model.,631360-B21,Standard,HPE USB JP Keyboard/Mouse Kit,0,$49.00,,NA,,No,Obsolete (OB),,Not published by OCA,Obsolete (OB),04/06/2011,10/31/2024,"{""Extended Price (USD)"":""NA""}",UNCHANGED,$49.00,$0.00,$0.00,2026-08-27: (no price) → 2026-08-28: (no price) → 2026-09-09: $49.00 → 2026-09-10: $49.00
Accessories & Infrastructure,System Options,HPE OCA > OCA Solution > Accessories & Infrastructure > System Options,Chassis Infrastructure,Optional,0,Optional,BTO products are not allowed in CTO Base Model.,631362-B21,Standard,HPE USB IT Keyboard/Mouse Kit,0,$66.00,,NA,,No,Obsolete (OB),,Not published by OCA,Obsolete (OB),04/06/2011,10/31/2024,"{""Extended Price (USD)"":""NA""}",UNCHANGED,$66.00,$0.00,$0.00,2026-08-27: (no price) → 2026-08-28: (no price) → 2026-09-09: $66.00 → 2026-09-10: $66.00
Accessories & Infrastructure,System Options,HPE OCA > OCA Solution > Accessories & Infrastructure > System Options,Chassis Infrastructure,Optional,0,Optional,BTO products are not allowed in CTO Base Model.,631364-B21,Standard,HPE USB CN Keyboard/Mouse Kit,0,$123.00,,NA,,No,Obsolete (OB),,Not published by OCA,Obsolete (OB),04/06/2011,12/31/2024,"{""Extended Price (USD)"":""NA""}",UNCHANGED,$123.00,$0.00,$0.00,2026-08-27: (no price) → 2026-08-28: (no price) → 2026-09-09: $123.00 → 2026-09-10: $123.00
Accessories & Infrastructure,System Options,HPE OCA > OCA Solution > Accessories & Infrastructure > System Options,Chassis Infrastructure,Optional,0,Optional,BTO products are not allowed in CTO Base Model.,638212-B21,Standard,HPE USB AE Keyboard/Mouse Kit,0,$66.00,,NA,,No,Obsolete (OB),,Not published by OCA,Obsolete (OB),04/06/2011,10/31/2024,"{""Extended Price (USD)"":""NA""}",UNCHANGED,$66.00,$0.00,$0.00,2026-08-27: (no price) → 2026-08-28: (no price) → 2026-09-09: $66.00 → 2026-09-10: $66.00
Accessories & Infrastructure,System Options,HPE OCA > OCA Solution > Accessories & Infrastructure > System Options,Chassis Infrastructure,Optional,0,Optional,BTO products are not allowed in CTO Base Model.,638214-B21,Standard,HPE USB RU Keyboard/Mouse Kit,0,$32.00,,NA,,No,Obsolete (OB),,Not published by OCA,Obsolete (OB),04/06/2011,10/31/2024,"{""Extended Price (USD)"":""NA""}",UNCHANGED,$32.00,$0.00,$0.00,2026-08-27: (no price) → 2026-08-28: (no price) → 2026-09-09: $32.00 → 2026-09-10: $32.00
Accessories & Infrastructure,System Options,HPE OCA > OCA Solution > Accessories & Infrastructure > System Options,Chassis Infrastructure,Optional,0,Optional,BTO products are not allowed in CTO Base Model.,672097-103,Standard,HPE USB SE Keyboard/Mouse Kit,0,$32.00,,NA,,No,Obsolete (OB),,Not published by OCA,Obsolete (OB),03/06/2012,10/31/2024,"{""Extended Price (USD)"":""NA""}",UNCHANGED,$32.00,$0.00,$0.00,2026-08-27: (no price) → 2026-08-28: (no price) → 2026-09-09: $32.00 → 2026-09-10: $32.00
Accessories & Infrastructure,System Options,HPE OCA > OCA Solution > Accessories & Infrastructure > System Options,Chassis Infrastructure,Optional,0,Optional,BTO products are not allowed in CTO Base Model.,672097-113,Standard,HPE USB CH Keyboard/Mouse Kit,0,$32.00,,NA,,No,Obsolete (OB),,Not published by OCA,Obsolete (OB),03/06/2012,10/31/2024,"{""Extended Price (USD)"":""NA""}",UNCHANGED,$32.00,$0.00,$0.00,2026-08-27: (no price) → 2026-08-28: (no price) → 2026-09-09: $32.00 → 2026-09-10: $32.00
Accessories & Infrastructure,System Options,HPE OCA > OCA Solution > Accessories & Infrastructure > System Options,Chassis Infrastructure,Optional,0,Optional,BTO products are not allowed in CTO Base Model.,672097-133,Standard,HPE USB PT Keyboard/Mouse Kit,0,$32.00,,NA,,No,Obsolete (OB),,Not published by OCA,Obsolete (OB),03/06/2012,10/31/2024,"{""Extended Price (USD)"":""NA""}",UNCHANGED,$32.00,$0.00,$0.00,2026-08-27: (no price) → 2026-08-28: (no price) → 2026-09-09: $32.00 → 2026-09-10: $32.00
Accessories & Infrastructure,System Options,HPE OCA > OCA Solution > Accessories & Infrastructure > System Options,Chassis Infrastructure,Optional,0,Optional,BTO products are not allowed in CTO Base Model.,672097-143,Standard,HPE USB TR Keyboard/Mouse Kit,0,$32.00,,NA,,No,Obsolete (OB),,Not published by OCA,Obsolete (OB),03/06/2012,10/31/2024,"{""Extended Price (USD)"":""NA""}",UNCHANGED,$32.00,$0.00,$0.00,2026-08-27: (no price) → 2026-08-28: (no price) → 2026-09-09: $32.00 → 2026-09-10: $32.00
Accessories & Infrastructure,System Options,HPE OCA > OCA Solution > Accessories & Infrastructure > System Options,Chassis Infrastructure,Optional,0,Optional,BTO products are not allowed in CTO Base Model.,672097-223,Standard,HPE USB CZ Keyboard/Mouse Kit,0,$32.00,,NA,,No,Obsolete (OB),,Not published by OCA,Obsolete (OB),03/06/2012,10/31/2024,"{""Extended Price (USD)"":""NA""}",UNCHANGED,$32.00,$0.00,$0.00,2026-08-27: (no price) → 2026-08-28: (no price) → 2026-09-09: $32.00 → 2026-09-10: $32.00
Accessories & Infrastructure,System Options,HPE OCA > OCA Solution > Accessories & Infrastructure > System Options,Chassis Infrastructure,Optional,0,Optional,BTO products are not allowed in CTO Base Model.,672097-353,Standard,HPE USB FI Keyboard/Mouse Kit,0,$32.00,,NA,,No,Obsolete (OB),,Not published by OCA,Obsolete (OB),03/06/2012,10/31/2024,"{""Extended Price (USD)"":""NA""}",UNCHANGED,$32.00,$0.00,$0.00,2026-08-27: (no price) → 2026-08-28: (no price) → 2026-09-09: $32.00 → 2026-09-10: $32.00
Accessories & Infrastructure,System Options,HPE OCA > OCA Solution > Accessories & Infrastructure > System Options,Chassis Infrastructure,Optional,0,Optional,BTO products are not allowed in CTO Base Model.,672097-373,Standard,HPE USB AP/INTL Keyboard/Mouse Kit,0,$32.00,,NA,,No,Obsolete (OB),,Not published by OCA,Obsolete (OB),03/06/2012,09/20/2024,"{""Extended Price (USD)"":""NA""}",UNCHANGED,$32.00,$0.00,$0.00,2026-08-27: (no price) → 2026-08-28: (no price) → 2026-09-09: $32.00 → 2026-09-10: $32.00
Accessories & Infrastructure,System Options,HPE OCA > OCA Solution > Accessories & Infrastructure > System Options,Chassis Infrastructure,Optional,0,Optional,BTO products are not allowed in CTO Base Model.,672097-B33,Standard,HPE USB INTL Keyboard/Mouse Kit,0,$32.00,,NA,,No,Obsolete (OB),,Not published by OCA,Obsolete (OB),03/06/2012,10/31/2024,"{""Extended Price (USD)"":""NA""}",UNCHANGED,$32.00,$0.00,$0.00,2026-08-27: (no price) → 2026-08-28: (no price) → 2026-09-09: $32.00 → 2026-09-10: $32.00
Accessories & Infrastructure,System Options,HPE OCA > OCA Solution > Accessories & Infrastructure > System Options,Chassis Infrastructure,Optional,0,Optional,BTO products are not allowed in CTO Base Model.,672097-D63,Standard,HPE USB IN Keyboard/Mouse Kit,0,$32.00,,NA,,No,Obsolete (OB),,Not published by OCA,Obsolete (OB),03/06/2012,06/13/2024,"{""Extended Price (USD)"":""NA""}",UNCHANGED,$32.00,$0.00,$0.00,2026-08-27: (no price) → 2026-08-28: (no price) → 2026-09-09: $32.00 → 2026-09-10: $32.00
Accessories & Infrastructure,System Options,HPE OCA > OCA Solution > Accessories & Infrastructure > System Options,Chassis Infrastructure,Optional,0,Optional,BTO products are not allowed in CTO Base Model.,672097-KD3,Standard,HPE USB KR Keyboard/Mouse Kit,0,$32.00,,NA,,No,Obsolete (OB),,Not published by OCA,Obsolete (OB),03/06/2012,12/31/2024,"{""Extended Price (USD)"":""NA""}",UNCHANGED,$32.00,$0.00,$0.00,2026-08-27: (no price) → 2026-08-28: (no price) → 2026-09-09: $32.00 → 2026-09-10: $32.00
Cables & Enablement Kits,Management Hardware,HPE OCA > OCA Solution > Cables & Enablement Kits > Management Hardware,Cable Kit,max 1,0,1,Selection constraint for Management Hardware: max 1,P48824-B21,Standard,HPE ProLiant DL380 Rear Serial Cable Kit,0,$28.00,,NA,,No,Available,,Not published by OCA,Active,01/10/2023,06/30/2029,"{""Extended Price (USD)"":""NA""}",UNCHANGED,$28.00,$0.00,$0.00,2026-08-27: (no price) → 2026-08-28: (no price) → 2026-09-09: $28.00 → 2026-09-10: $28.00
Memory,Memory Setting,HPE OCA > OCA Solution > Memory > Memory Setting,Memory,max 1,0,1,Selection constraint for Memory Setting: max 1,P65886-B21,Standard,HPE ProLiant DL3XX Gen11 Cache Mode for High-Bandwidth Memory FIO Trigger System Setting,0,$1.00,,NA,NA,No,Available,,Not published by OCA,Active,09/05/2023,05/31/2028,"{""Extended Price (USD)"":""NA"",""Price per GB (USD)"":""NA""}",UNCHANGED,$1.00,$0.00,$0.00,2026-08-27: (no price) → 2026-08-28: (no price) → 2026-09-09: $1.00 → 2026-09-10: $1.00
Memory,Memory Setting,HPE OCA > OCA Solution > Memory > Memory Setting,Memory,max 1,0,1,Selection constraint for Memory Setting: max 1,875293-B21,Standard,HPE Smart Memory Fast Fault Tolerance FIO Setting,0,$1.00,,NA,NA,No,Available,,Not published by OCA,Active,07/11/2017,06/30/2029,"{""Extended Price (USD)"":""NA"",""Price per GB (USD)"":""NA""}",UNCHANGED,$1.00,$0.00,$0.00,2026-08-27: (no price) → 2026-08-28: (no price) → 2026-09-09: $1.00 → 2026-09-10: $1.00
Graphics & GPU,Graphics,HPE OCA > OCA Solution > Graphics & GPU > Graphics,GPU / Accelerator,max 5,0,5,Selection constraint for Graphics: max 5,S2L70C,Standard,NVIDIA L40S 48GB PCIe Accelerator,0,"$32,212.00",,NA,,No,Available,,Not published by OCA,Active,11/06/2023,04/30/2027,"{""Extended Price (USD)"":""NA""}",ADDED,N/A,"$32,212.00",$100.00,"$2,026.00"
Graphics & GPU,Graphics,HPE OCA > OCA Solution > Graphics & GPU > Graphics,GPU / Accelerator,max 5,0,5,Selection constraint for Graphics: max 5,R8T26C,Standard,NVIDIA A16 64GB PCIe Non-CEC Accelerator for HPE,0,"$9,558.00",,NA,,No,Available,,Not published by OCA,Active,02/21/2022,02/28/2027,"{""Extended Price (USD)"":""NA""}",ADDED,N/A,"$9,558.00",$100.00,"$2,026.00"
Graphics & GPU,Graphics,HPE OCA > OCA Solution > Graphics & GPU > Graphics,GPU / Accelerator,max 5,0,5,Selection constraint for Graphics: max 5,R9P49C,Standard,NVIDIA A100 80GB PCIe Non-CEC Accelerator for HPE,0,"$47,097.00",,NA,,No,Obsolete (OB),,Not published by OCA,Obsolete (OB),05/16/2022,01/10/2024,"{""Extended Price (USD)"":""NA""}",ADDED,N/A,"$47,097.00",$100.00,"$2,026.00"
Graphics & GPU,Graphics,HPE OCA > OCA Solution > Graphics & GPU > Graphics,GPU / Accelerator,max 5,0,5,Selection constraint for Graphics: max 5,R9S41C,Standard,NVIDIA H100 80GB PCIe Accelerator for HPE,0,"$68,000.00",,NA,,No,Obsolete (OB),,Not published by OCA,Obsolete (OB),02/06/2023,03/01/2025,"{""Extended Price (USD)"":""NA""}",ADDED,N/A,"$68,000.00",$100.00,"$2,026.00"
Graphics & GPU,Graphics,HPE OCA > OCA Solution > Graphics & GPU > Graphics,GPU / Accelerator,max 5,0,5,Selection constraint for Graphics: max 5,S0K89C,Standard,NVIDIA L4 24GB PCIe Accelerator for HPE,0,"$10,589.00",,NA,,No,Available,,Not published by OCA,Active,04/03/2023,04/30/2028,"{""Extended Price (USD)"":""NA""}",ADDED,N/A,"$10,589.00",$100.00,"$2,026.00"
Graphics & GPU,Graphics,HPE OCA > OCA Solution > Graphics & GPU > Graphics,GPU / Accelerator,max 5,0,5,Selection constraint for Graphics: max 5,S0K90C,Standard,NVIDIA L40 48GB PCIe Accelerator for HPE,0,"$25,844.00",,NA,,No,EOL Warning (90-Day),,Not published by OCA,EOL Warning (90-Day),04/03/2023,11/30/2026,"{""Extended Price (USD)"":""NA""}",ADDED,N/A,"$25,844.00",$100.00,"$2,026.00"
Graphics & GPU,Graphics,HPE OCA > OCA Solution > Graphics & GPU > Graphics,GPU / Accelerator,max 5,0,5,Selection constraint for Graphics: max 5,S1T66C,Standard,Intel Data Center GPU Max 1100 48GB Accelerator for HPE,0,"$29,530.00",,NA,,No,Obsolete (OB),,Not published by OCA,Obsolete (OB),10/02/2023,03/31/2026,"{""Extended Price (USD)"":""NA""}",ADDED,N/A,"$29,530.00",$100.00,"$2,026.00"
Graphics & GPU,Graphics,HPE OCA > OCA Solution > Graphics & GPU > Graphics,GPU / Accelerator,max 5,0,5,Selection constraint for Graphics: max 5,S2D86C,Standard,NVIDIA H100 NVL 94GB PCIe Accelerator for HPE,0,"$112,579.00",,NA,,No,Obsolete (OB),,Not published by OCA,Obsolete (OB),03/04/2024,02/02/2026,"{""Extended Price (USD)"":""NA""}",ADDED,N/A,"$112,579.00",$100.00,"$2,026.00"
Graphics & GPU,Graphics,HPE OCA > OCA Solution > Graphics & GPU > Graphics,GPU / Accelerator,max 5,0,5,Selection constraint for Graphics: max 5,S3T54C,Standard,NVIDIA RTX 4000 Ada Graphics Accelerator for HPE,0,"$3,600.00",,NA,,No,Obsolete (OB),,Not published by OCA,Obsolete (OB),07/01/2024,04/30/2026,"{""Extended Price (USD)"":""NA""}",ADDED,N/A,"$3,600.00",$100.00,"$2,026.00"
Graphics & GPU,NVIDIA GPU SW,HPE OCA > OCA Solution > Graphics & GPU > NVIDIA GPU SW,GPU / Accelerator,Unlimited,0,Unlimited,Private Product is not valid for current customer account,S2D92C,Standard,NVIDIA RTX A4000E Spl PCI GPU                       is obsolete: S2D92C,0,"$3,149.00",,NA,,No,Obsolete (OB),,Not published by OCA,Obsolete (OB),06/27/2023,06/20/2025,"{""Extended Price (USD)"":""NA""}",ADDED,N/A,"$3,149.00",$100.00,"$2,026.00"
Graphics & GPU,NVIDIA GPU SW,HPE OCA > OCA Solution > Graphics & GPU > NVIDIA GPU SW,GPU / Accelerator,Unlimited,0,Unlimited,Private Product is not valid for current customer account,S5A83C,Standard,NVIDIA RTX A1000 8GB Spl GPU                       is obsolete: S5A83C,0,$0.00,,NA,,No,Obsolete (OB),,Not published by OCA,Obsolete (OB),10/03/2024,01/31/2026,"{""Extended Price (USD)"":""NA""}",ADDED,N/A,$0.00,$0.00,2026-09-13: (no price)
Graphics & GPU,NVIDIA GPU SW,HPE OCA > OCA Solution > Graphics & GPU > NVIDIA GPU SW,GPU / Accelerator,Unlimited,0,Unlimited,Private Product is not valid for current customer account,S7N42C,Standard,NVIDIA RTX 4000E Ada Spl GPU Accelerator,0,"$4,599.00",,NA,,No,Not published by OCA,,Not published by OCA,Active,01/14/2026,05/31/2030,"{""Extended Price (USD)"":""NA""}",ADDED,N/A,"$4,599.00",$100.00,"$2,026.00"
Graphics & GPU,Graphics Accessories,HPE OCA > OCA Solution > Graphics & GPU > Graphics Accessories,Cable Kit,max 1,0,1,Selection constraint for Graphics Accessories: max 1,P39102-B21,Standard,HPE ProLiant DL300 Gen10 Plus GPU 8-pin Keyed Cable Kit,0,$81.00,,NA,,No,Available,,Not published by OCA,Active,04/19/2021,05/31/2028,"{""Extended Price (USD)"":""NA""}",UNCHANGED,$81.00,$0.00,$0.00,2026-08-27: (no price) → 2026-08-28: (no price) → 2026-09-09: $81.00 → 2026-09-10: $81.00
Graphics & GPU,Graphics Accessories,HPE OCA > OCA Solution > Graphics & GPU > Graphics Accessories,Cable Kit,max 1,0,1,Selection constraint for Graphics Accessories: max 1,P56072-B21,Standard,HPE ProLiant Double Wide GPU Power Cable Kit,0,$84.00,,NA,,No,Available,,Not published by OCA,Active,06/05/2023,06/30/2029,"{""Extended Price (USD)"":""NA""}",UNCHANGED,$84.00,$0.00,$0.00,2026-08-27: (no price) → 2026-08-28: (no price) → 2026-09-09: $84.00 → 2026-09-10: $84.00
Graphics & GPU,Graphics Accessories,HPE OCA > OCA Solution > Graphics & GPU > Graphics Accessories,Cable Kit,max 1,0,1,Selection constraint for Graphics Accessories: max 1,P77896-B21,Standard,HPE ProLiant 8-pin GPU Power Cable Kit,0,$115.00,,NA,,No,Available,,Not published by OCA,Active,01/06/2025,06/30/2029,"{""Extended Price (USD)"":""NA""}",UNCHANGED,$115.00,$0.00,$0.00,2026-08-27: (no price) → 2026-08-28: (no price) → 2026-09-09: $115.00 → 2026-09-10: $115.00
Cables & Enablement Kits,System Options,HPE OCA > OCA Solution > Cables & Enablement Kits > System Options,Cable Kit,,0,,Private Product is not valid for current customer account,P39103-B21,Standard,HPE ProLiant DL300 Gen10 Plus GPU 8x 6-pin Cable Kit,0,$48.00,,NA,,No,Not published by OCA,,Not published by OCA,Active,04/06/2021,05/31/2028,"{""Extended Price (USD)"":""NA""}",UNCHANGED,$48.00,$0.00,$0.00,2026-08-28: (no price) → 2026-09-09: $48.00 → 2026-09-10: $48.00
Cables & Enablement Kits,System Options,HPE OCA > OCA Solution > Cables & Enablement Kits > System Options,Cable Kit,,0,,Private Product is not valid for current customer account,P55209-B21,Standard,HPE Gen10 Plus GPU 8Pto6P Spl Cable Kit                       is obsolete: P55209-B21,0,$90.00,,NA,,No,Obsolete (OB),,Not published by OCA,Obsolete (OB),04/21/2022,04/30/2025,"{""Extended Price (USD)"":""NA""}",UNCHANGED,$90.00,$0.00,$0.00,2026-08-28: (no price) → 2026-09-09: $90.00 → 2026-09-10: $90.00
Cooling / Thermal,Power Cooling Options,HPE OCA > OCA Solution > Cooling / Thermal > Power Cooling Options,Cooling / Thermal,max 2,0,2,Selection constraint for Power Cooling Options: max 2,P48820-B21,Standard,HPE ProLiant DL380/DL560 Gen11 2U High Performance Fan Kit,1,$972.00,,$972.00,,No,Available,,Not published by OCA,Active,01/10/2023,06/30/2029,"{""Extended Price (USD)"":""972.00""}",UNCHANGED,$972.00,$0.00,$0.00,2026-08-27: $972.00 → 2026-08-28: (no price) → 2026-09-10: $972.00
Cooling / Thermal,Power Cooling Options,HPE OCA > OCA Solution > Cooling / Thermal > Power Cooling Options,Cooling / Thermal,max 2,0,2,Selection constraint for Power Cooling Options: max 2,P49146-B21,Standard,HPE ProLiant DL380 2U Standard Fan Kit,0,$115.00,,NA,,No,Available,,Not published by OCA,Active,01/10/2023,06/30/2029,"{""Extended Price (USD)"":""NA""}",UNCHANGED,$115.00,$0.00,$0.00,2026-08-27: (no price) → 2026-08-28: (no price) → 2026-09-09: $115.00 → 2026-09-10: $115.00
Cooling / Thermal,Power Cooling Options,HPE OCA > OCA Solution > Cooling / Thermal > Power Cooling Options,Cooling / Thermal,max 2,0,2,Selection constraint for Power Cooling Options: max 2,P62038-B21,Standard,HPE ProLiant Compute Direct Liquid Cooling 0.65m Quick Disconnect Tube Set FIO Kit,0,"$1,200.00",,NA,,No,Available,,Not published by OCA,Active,04/03/2023,06/30/2029,"{""Extended Price (USD)"":""NA""}",UNCHANGED,"$1,200.00",$0.00,$0.00,2026-08-27: (no price) → 2026-08-28: (no price) → 2026-09-09: $1200.00 → 2026-09-10: $1200.00
Cooling / Thermal,Power Cooling Options,HPE OCA > OCA Solution > Cooling / Thermal > Power Cooling Options,Cooling / Thermal,max 2,0,2,Selection constraint for Power Cooling Options: max 2,P62042-B21,Standard,HPE ProLiant DL3XX Gen11 Direct Liquid Cooling 55cm Quick Disconnect Tube Set FIO Kit,0,"$1,213.00",,NA,,No,Available,,Not published by OCA,Active,04/03/2023,06/30/2029,"{""Extended Price (USD)"":""NA""}",UNCHANGED,"$1,213.00",$0.00,$0.00,2026-08-27: (no price) → 2026-08-28: (no price) → 2026-09-09: $1213.00 → 2026-09-10: $1213.00
Power Supplies,Power Supplies,HPE OCA > OCA Solution > Power Supplies > Power Supplies,Power Supply,"min 1, max 2",1,2,Selection constraint for Power Supplies: max 2,P44712-B21,Standard,HPE 1800W-2200W Flex Slot Titanium Hot Plug Power Supply Kit,2,"$1,588.00",,"$3,176.00",,No,Available,,Not published by OCA,Active,03/06/2023,11/30/2030,"{""Extended Price (USD)"":""3,176.00""}",UNCHANGED,"$1,588.00",$0.00,$0.00,2026-08-27: $1588.00 → 2026-08-28: (no price) → 2026-09-10: $1588.00
Processor,Intel Xeon Scalable Processors,HPE OCA > OCA Solution > Processor > Intel Xeon Scalable Processors,Processor,"min 1, max 2",1,2,Mixing of different Power supply SKU is not allowed.,P03178-B21,Standard,HPE 1000W Flex Slot Titanium Hot Plug Power Supply Kit,0,$926.00,,NA,,No,Not published by OCA,,Not published by OCA,Active,12/05/2022,06/30/2028,"{""Extended Price (USD)"":""NA""}",UNCHANGED,$926.00,$0.00,$0.00,2026-08-27: (no price) → 2026-08-28: (no price) → 2026-09-09: $926.00 → 2026-09-10: $926.00
Processor,Intel Xeon Scalable Processors,HPE OCA > OCA Solution > Processor > Intel Xeon Scalable Processors,Processor,"min 1, max 2",1,2,Mixing of different Power supply SKU is not allowed.,P38995-B21,Standard,HPE 800W Flex Slot Platinum Hot Plug Low Halogen Power Supply Kit,0,$524.00,,NA,,No,Not published by OCA,,Not published by OCA,Active,02/01/2021,06/30/2029,"{""Extended Price (USD)"":""NA""}",UNCHANGED,$524.00,$0.00,$0.00,2026-08-27: (no price) → 2026-08-28: (no price) → 2026-09-09: $524.00 → 2026-09-10: $524.00
Processor,Intel Xeon Scalable Processors,HPE OCA > OCA Solution > Processor > Intel Xeon Scalable Processors,Processor,"min 1, max 2",1,2,Mixing of different Power supply SKU is not allowed.,P38997-B21,Standard,HPE 1600W Flex Slot Platinum Hot Plug Low Halogen Power Supply Kit,0,$890.00,,NA,,No,Not published by OCA,,Not published by OCA,Active,02/01/2021,06/30/2029,"{""Extended Price (USD)"":""NA""}",UNCHANGED,$890.00,$0.00,$0.00,2026-08-27: $890.00 → 2026-08-28: (no price) → 2026-09-09: $890.00 → 2026-09-10: $890.00
Processor,Intel Xeon Scalable Processors,HPE OCA > OCA Solution > Processor > Intel Xeon Scalable Processors,Processor,"min 1, max 2",1,2,Mixing of different Power supply SKU is not allowed.,P17023-B21,Standard,HPE 1600W Flex Slot -48VDC Hot Plug Power Supply Kit,0,"$1,561.00",,NA,,No,Not published by OCA,,Not published by OCA,Active,12/07/2020,06/30/2028,"{""Extended Price (USD)"":""NA""}",UNCHANGED,"$1,561.00",$0.00,$0.00,2026-08-27: (no price) → 2026-08-28: (no price) → 2026-09-09: $1561.00 → 2026-09-10: $1561.00
Power Supplies,-48VDC Power Supplies & Cable Kits,HPE OCA > OCA Solution > Power Supplies > -48VDC Power Supplies & Cable Kits,Cable Kit,"min 1, max 2",1,2,HPE 1600W -48VDC Pwr Cbl Lug Kit(P36877-B21) Supported only with HPE 1600W FS -48VDC Ht Plg PS Kit (P17023-B21).,P36877-B21,Standard,HPE 1600W -48VDC Power Cable Lug Kit,0,$135.00,,NA,,No,Not published by OCA,,Not published by OCA,Active,12/07/2020,06/30/2029,"{""Extended Price (USD)"":""NA""}",UNCHANGED,$135.00,$0.00,$0.00,2026-08-27: (no price) → 2026-08-28: (no price) → 2026-09-09: $135.00 → 2026-09-10: $135.00
Cables & Enablement Kits,Power Cords,HPE OCA > OCA Solution > Cables & Enablement Kits > Power Cords,Cable Kit,max 2,0,2,Selection constraint for Power Cords: max 2,AF556A,Standard,HPE C13 - Nema 5-15P US/CA 110V 10Amp 1.83m Power Cord,0,$55.00,,NA,,No,Available,,Not published by OCA,Active,03/26/2007,09/30/2028,"{""Extended Price (USD)"":""NA""}",UNCHANGED,$55.00,$0.00,$0.00,"$2,026.00"
Cables & Enablement Kits,Power Cords,HPE OCA > OCA Solution > Cables & Enablement Kits > Power Cords,Cable Kit,max 2,0,2,Selection constraint for Power Cords: max 2,AF557A,Standard,HPE C13 - GB-1002 CN 250V 10Amp 1.83m Power Cord,0,$156.00,,NA,,No,Available,,Not published by OCA,Active,05/29/2006,10/31/2031,"{""Extended Price (USD)"":""NA""}",UNCHANGED,$156.00,$0.00,$0.00,"$2,026.00"
Cables & Enablement Kits,Power Cords,HPE OCA > OCA Solution > Cables & Enablement Kits > Power Cords,Cable Kit,max 2,0,2,Selection constraint for Power Cords: max 2,AF568A,Standard,HPE C13 - CEE-VII EU 250V 10Amp 1.83m Power Cord,0,$71.00,,NA,,No,Available,,Not published by OCA,Active,11/13/2006,10/31/2031,"{""Extended Price (USD)"":""NA""}",UNCHANGED,$71.00,$0.00,$0.00,"$2,026.00"
Cables & Enablement Kits,Power Cords,HPE OCA > OCA Solution > Cables & Enablement Kits > Power Cords,Cable Kit,max 2,0,2,Selection constraint for Power Cords: max 2,AF570A,Standard,HPE C13 - BS-1363A UK/HK/SG 250V 10Amp 1.83m Power Cord,0,$55.00,,NA,,No,Available,,Not published by OCA,Active,04/06/2011,09/30/2028,"{""Extended Price (USD)"":""NA""}",UNCHANGED,$55.00,$0.00,$0.00,"$2,026.00"
Cables & Enablement Kits,Power Cords,HPE OCA > OCA Solution > Cables & Enablement Kits > Power Cords,Cable Kit,max 2,0,2,Selection constraint for Power Cords: max 2,AF573A,Standard,HPE C13 - C14 WW 250V 10Amp Flint Gray 2.0m Jumper Cord,0,$38.00,,NA,,No,Available,,Not published by OCA,Active,07/09/2007,09/30/2031,"{""Extended Price (USD)"":""NA""}",UNCHANGED,$38.00,$0.00,$0.00,"$2,026.00"
Cables & Enablement Kits,Power Cords,HPE OCA > OCA Solution > Cables & Enablement Kits > Power Cords,Cable Kit,max 2,0,2,Selection constraint for Power Cords: max 2,P22173-B21,Standard,HPE 1600W -48VDC 600V 3.5m Power Cable Kit,0,$818.00,,NA,,No,Available,,Not published by OCA,Active,12/07/2020,06/30/2028,"{""Extended Price (USD)"":""NA""}",UNCHANGED,$818.00,$0.00,$0.00,"$2,026.00"
Cables & Enablement Kits,Power Cords,HPE OCA > OCA Solution > Cables & Enablement Kits > Power Cords,Cable Kit,max 2,0,2,Selection constraint for Power Cords: max 2,Q0H80A,Standard,HPE 48VDC 2.85m Power Cable,0,$181.00,,NA,,No,Available,,Not published by OCA,Active,06/05/2017,06/30/2027,"{""Extended Price (USD)"":""NA""}",UNCHANGED,$181.00,$0.00,$0.00,"$2,026.00"
Cables & Enablement Kits,Power Cords,HPE OCA > OCA Solution > Cables & Enablement Kits > Power Cords,Cable Kit,max 2,0,2,Selection constraint for Power Cords: max 2,AF558A,Standard,HPE C13 - IRAM -2073 AR 250V 10A 2.5m Power Cord,0,$65.00,,NA,,No,Available,,Not published by OCA,Active,05/29/2006,09/30/2028,"{""Extended Price (USD)"":""NA""}",UNCHANGED,$65.00,$0.00,$0.00,"$2,026.00"
Cables & Enablement Kits,Power Cords,HPE OCA > OCA Solution > Cables & Enablement Kits > Power Cords,Cable Kit,max 2,0,2,Selection constraint for Power Cords: max 2,AF559A,Standard,HPE C13 - Nema 5-15P TH/PH 250V 10Amp 1.83m Power Cord,0,$55.00,,NA,,No,Available,,Not published by OCA,Active,05/29/2006,09/30/2028,"{""Extended Price (USD)"":""NA""}",UNCHANGED,$55.00,$0.00,$0.00,"$2,026.00"
Cables & Enablement Kits,Power Cords,HPE OCA > OCA Solution > Cables & Enablement Kits > Power Cords,Cable Kit,max 2,0,2,Selection constraint for Power Cords: max 2,AF560A,Standard,HPE C13 - KSC- 8305 KR 250V 10Amp 1.83m Power Cord,0,$55.00,,NA,,No,Available,,Not published by OCA,Active,05/29/2006,09/30/2028,"{""Extended Price (USD)"":""NA""}",UNCHANGED,$55.00,$0.00,$0.00,"$2,026.00"
Cables & Enablement Kits,Power Cords,HPE OCA > OCA Solution > Cables & Enablement Kits > Power Cords,Cable Kit,max 2,0,2,Selection constraint for Power Cords: max 2,AF561A,Standard,HPE C13 - CNS-690 TW 110V 13Amp 1.83m Power Cord,0,$55.00,,NA,,No,Available,,Not published by OCA,Active,05/29/2006,09/30/2028,"{""Extended Price (USD)"":""NA""}",UNCHANGED,$55.00,$0.00,$0.00,"$2,026.00"
Cables & Enablement Kits,Power Cords,HPE OCA > OCA Solution > Cables & Enablement Kits > Power Cords,Cable Kit,max 2,0,2,Selection constraint for Power Cords: max 2,AF562A,Standard,HPE C13 - IS-1293 IN 240V 6Amp LV 2.0m Power Cord,0,$194.00,,NA,,No,Available,,Not published by OCA,Active,05/29/2006,10/31/2031,"{""Extended Price (USD)"":""NA""}",UNCHANGED,$194.00,$0.00,$0.00,"$2,026.00"
Cables & Enablement Kits,Power Cords,HPE OCA > OCA Solution > Cables & Enablement Kits > Power Cords,Cable Kit,max 2,0,2,Selection constraint for Power Cords: max 2,AF564A,Standard,HPE C13 - SI-32 IL 250V 10Amp 1.83m Power Cord,0,$55.00,,NA,,No,Available,,Not published by OCA,Active,12/15/2006,09/30/2028,"{""Extended Price (USD)"":""NA""}",UNCHANGED,$55.00,$0.00,$0.00,"$2,026.00"
Cables & Enablement Kits,Power Cords,HPE OCA > OCA Solution > Cables & Enablement Kits > Power Cords,Cable Kit,max 2,0,2,Selection constraint for Power Cords: max 2,AF565A,Standard,HPE C13 - SEV 1011 CH 250V 10Amp 1.83m Power Cord,0,$55.00,,NA,,No,Available,,Not published by OCA,Active,12/15/2006,09/30/2028,"{""Extended Price (USD)"":""NA""}",UNCHANGED,$55.00,$0.00,$0.00,"$2,026.00"
Cables & Enablement Kits,Power Cords,HPE OCA > OCA Solution > Cables & Enablement Kits > Power Cords,Cable Kit,max 2,0,2,Selection constraint for Power Cords: max 2,AF566A,Standard,HPE C13 - DK-2.5A DK 250V 10Amp 1.83m Power Cord,0,$55.00,,NA,,No,Available,,Not published by OCA,Active,11/13/2006,09/30/2028,"{""Extended Price (USD)"":""NA""}",UNCHANGED,$55.00,$0.00,$0.00,"$2,026.00"
Cables & Enablement Kits,Power Cords,HPE OCA > OCA Solution > Cables & Enablement Kits > Power Cords,Cable Kit,max 2,0,2,Selection constraint for Power Cords: max 2,AF567A,Standard,HPE C13 - SABS-164 ZA 250V 10Amp 2.5m Power Cord,0,$65.00,,NA,,No,Available,,Not published by OCA,Active,11/13/2006,09/30/2028,"{""Extended Price (USD)"":""NA""}",UNCHANGED,$65.00,$0.00,$0.00,"$2,026.00"
Cables & Enablement Kits,Power Cords,HPE OCA > OCA Solution > Cables & Enablement Kits > Power Cords,Cable Kit,max 2,0,2,Selection constraint for Power Cords: max 2,AF569A,Standard,HPE C13 - AS3112-3 AU 250V 10Amp 2.5m Power Cord,0,$65.00,,NA,,No,Available,,Not published by OCA,Active,11/13/2006,09/30/2028,"{""Extended Price (USD)"":""NA""}",UNCHANGED,$65.00,$0.00,$0.00,"$2,026.00"
Cables & Enablement Kits,Power Cords,HPE OCA > OCA Solution > Cables & Enablement Kits > Power Cords,Cable Kit,max 2,0,2,Selection constraint for Power Cords: max 2,AF572A,Standard,HPE C13 - JIS C8303 JP 100V 12Amp 2.0m Power Cord,0,$60.00,,NA,,No,Available,,Not published by OCA,Active,04/06/2011,09/30/2028,"{""Extended Price (USD)"":""NA""}",UNCHANGED,$60.00,$0.00,$0.00,"$2,026.00"
Cables & Enablement Kits,Power Cords,HPE OCA > OCA Solution > Cables & Enablement Kits > Power Cords,Cable Kit,max 2,0,2,Selection constraint for Power Cords: max 2,AF591A,Standard,HPE C13 - NBR-14136 BR 250V 10Amp 1.83m Power Cord,0,$49.00,,NA,,No,Available,,Not published by OCA,Active,07/14/2008,10/31/2031,"{""Extended Price (USD)"":""NA""}",UNCHANGED,$49.00,$0.00,$0.00,"$2,026.00"
Cables & Enablement Kits,Power Cords,HPE OCA > OCA Solution > Cables & Enablement Kits > Power Cords,Cable Kit,max 2,0,2,Selection constraint for Power Cords: max 2,R1C65A,Standard,HPE C13-C14 IN 250V 10Amp 2m Black Jumper Cord,0,$119.00,,NA,,No,Available,,Not published by OCA,Active,12/03/2018,10/31/2031,"{""Extended Price (USD)"":""NA""}",ADDED,N/A,$119.00,$100.00,"$2,026.00"
Cables & Enablement Kits,Power Cords & Jumper Cables,HPE OCA > OCA Solution > Cables & Enablement Kits > Power Cords & Jumper Cables,Cable Kit,max 1,0,1,BTO products are not allowed in CTO Base Model.,A0K02A,Standard,HPE C13 - C14 WW 250V 10Amp 2.0m Jumper Cord,0,$34.00,,NA,,No,Not published by OCA,,Not published by OCA,Active,08/30/2011,09/30/2031,"{""Extended Price (USD)"":""NA""}",UNCHANGED,$34.00,$0.00,$0.00,2026-08-27: (no price) → 2026-08-28: (no price) → 2026-09-09: $34.00 → 2026-09-10: $34.00
Storage Controllers,INTEL VROC Products-FIO,HPE OCA > OCA Solution > Storage Controllers > INTEL VROC Products-FIO,Storage Controller,Unlimited,0,Unlimited,Selection constraint for INTEL VROC Products-FIO: no max,R7J57A,Standard,Intel Virtual RAID on CPU Premium FIO Software for HPE,0,$371.00,,NA,,No,Available,,Not published by OCA,Active,04/06/2021,02/29/2028,"{""Extended Price (USD)"":""NA""}",ADDED,N/A,$371.00,$100.00,"$2,026.00"
Storage Controllers,INTEL VROC Products-FIO,HPE OCA > OCA Solution > Storage Controllers > INTEL VROC Products-FIO,Storage Controller,Unlimited,0,Unlimited,Selection constraint for INTEL VROC Products-FIO: no max,S0E37A,Standard,Intel Virtual RAID on CPU Standard FIO Software for HPE,0,$229.00,,NA,,No,Obsolete (OB),,Not published by OCA,Obsolete (OB),08/10/2023,05/08/2024,"{""Extended Price (USD)"":""NA""}",ADDED,N/A,$229.00,$100.00,"$2,026.00"
Storage Controllers,INTEL VROC Products-FIO,HPE OCA > OCA Solution > Storage Controllers > INTEL VROC Products-FIO,Storage Controller,Unlimited,0,Unlimited,Selection constraint for INTEL VROC Products-FIO: no max,S3Q19A,Standard,Intel Virtual RAID on CPU RAID 1 FIO Software for HPE,0,$229.00,,NA,,No,Available,,Not published by OCA,Active,04/01/2024,02/29/2028,"{""Extended Price (USD)"":""NA""}",ADDED,N/A,$229.00,$100.00,"$2,026.00"
Software & Licenses,VMware NSX,HPE OCA > OCA Solution > Software & Licenses > VMware NSX,Processor,Unlimited,0,Unlimited,Selection constraint for VMware NSX: no max,R9L85A,Standard,VMware NSX Advanced 1 Processor 3-year LTU,0,"$10,004.00",,NA,,No,Obsolete (OB),,Not published by OCA,Obsolete (OB),03/07/2022,05/01/2024,"{""Extended Price (USD)"":""NA""}",ADDED,N/A,"$10,004.00",$100.00,"$2,026.00"
Software & Licenses,VMware NSX,HPE OCA > OCA Solution > Software & Licenses > VMware NSX,Processor,Unlimited,0,Unlimited,Selection constraint for VMware NSX: no max,R9L86A,Standard,VMware NSX Advanced 1 Processor 5-year LTU,0,"$12,429.00",,NA,,No,Obsolete (OB),,Not published by OCA,Obsolete (OB),03/07/2022,05/01/2024,"{""Extended Price (USD)"":""NA""}",ADDED,N/A,"$12,429.00",$100.00,"$2,026.00"
Software & Licenses,VMWare VCenter Srm Products,HPE OCA > OCA Solution > Software & Licenses > VMWare VCenter Srm Products,Operating System / License,Unlimited,0,Unlimited,Selection constraint for VMWare VCenter Srm Products: no max,BD750A,Standard,VMware vCenter Site Recovery Manager Enterprise 25 Virtual Machines 1yr Software,0,"$15,810.00",,NA,,No,Obsolete (OB),,Not published by OCA,Obsolete (OB),08/13/2012,08/31/2023,"{""Extended Price (USD)"":""NA""}",UNCHANGED,"$15,810.00",$0.00,$0.00,"$2,026.00"
Software & Licenses,VMWare VCenter Srm Products,HPE OCA > OCA Solution > Software & Licenses > VMWare VCenter Srm Products,Operating System / License,Unlimited,0,Unlimited,Selection constraint for VMWare VCenter Srm Products: no max,BD748A,Standard,VMware vCenter Site Recovery Manager Standard 25 Virtual Machines 1yr Software,0,"$6,231.00",,NA,,No,Obsolete (OB),,Not published by OCA,Obsolete (OB),08/13/2012,08/31/2023,"{""Extended Price (USD)"":""NA""}",UNCHANGED,"$6,231.00",$0.00,$0.00,"$2,026.00"
Software & Licenses,VMware NSX,HPE OCA > OCA Solution > Software & Licenses > VMware NSX,Operating System / License,Unlimited,0,Unlimited,Selection constraint for VMware NSX: no max,R0S73A,Standard,VMware Cloud Foundation Enterprise per CPU 3yr LTU,0,"$48,678.00",,NA,,No,Obsolete (OB),,Not published by OCA,Obsolete (OB),08/06/2018,05/01/2024,"{""Extended Price (USD)"":""NA""}",ADDED,N/A,"$48,678.00",$100.00,"$2,026.00"
Software & Licenses,VMware NSX,HPE OCA > OCA Solution > Software & Licenses > VMware NSX,Operating System / License,Unlimited,0,Unlimited,Selection constraint for VMware NSX: no max,R0S74A,Standard,VMware Cloud Foundation Enterprise per CPU 5yr LTU,0,"$61,193.00",,NA,,No,Obsolete (OB),,Not published by OCA,Obsolete (OB),08/06/2018,05/01/2024,"{""Extended Price (USD)"":""NA""}",ADDED,N/A,"$61,193.00",$100.00,"$2,026.00"
Software & Licenses,VMware NSX,HPE OCA > OCA Solution > Software & Licenses > VMware NSX,Operating System / License,Unlimited,0,Unlimited,Selection constraint for VMware NSX: no max,R0S66A,Standard,VMware Cloud Foundation Starter per CPU 1-year LTU,0,"$24,734.00",,NA,,No,Obsolete (OB),,Not published by OCA,Obsolete (OB),08/06/2018,05/01/2024,"{""Extended Price (USD)"":""NA""}",ADDED,N/A,"$24,734.00",$100.00,"$2,026.00"
Software & Licenses,VMware NSX,HPE OCA > OCA Solution > Software & Licenses > VMware NSX,Operating System / License,Unlimited,0,Unlimited,Selection constraint for VMware NSX: no max,R0S67A,Standard,VMware Cloud Foundation Starter per CPU 3-year LTU,0,"$33,867.00",,NA,,No,Obsolete (OB),,Not published by OCA,Obsolete (OB),08/06/2018,05/01/2024,"{""Extended Price (USD)"":""NA""}",ADDED,N/A,"$33,867.00",$100.00,"$2,026.00"
Software & Licenses,VMware NSX,HPE OCA > OCA Solution > Software & Licenses > VMware NSX,Operating System / License,Unlimited,0,Unlimited,Selection constraint for VMware NSX: no max,R0S68A,Standard,VMware Cloud Foundation Starter per CPU 5-year LTU,0,"$42,700.00",,NA,,No,Obsolete (OB),,Not published by OCA,Obsolete (OB),08/06/2018,05/01/2024,"{""Extended Price (USD)"":""NA""}",ADDED,N/A,"$42,700.00",$100.00,"$2,026.00"
Software & Licenses,VMware NSX,HPE OCA > OCA Solution > Software & Licenses > VMware NSX,Operating System / License,Unlimited,0,Unlimited,Selection constraint for VMware NSX: no max,P9U26BAE,Standard,VMware vCloud Suite Enterprise 3yr E-LTU,0,"$20,242.00",,NA,,No,Obsolete (OB),,Not published by OCA,Obsolete (OB),02/05/2018,05/01/2024,"{""Extended Price (USD)"":""NA""}",UNCHANGED,"$20,242.00",$0.00,$0.00,"$2,026.00"
Software & Licenses,VMware NSX,HPE OCA > OCA Solution > Software & Licenses > VMware NSX,Operating System / License,Unlimited,0,Unlimited,Selection constraint for VMware NSX: no max,P9U27BAE,Standard,VMware vCloud Suite Enterprise 5yr E-LTU,0,"$25,138.00",,NA,,No,Obsolete (OB),,Not published by OCA,Obsolete (OB),02/05/2018,05/01/2024,"{""Extended Price (USD)"":""NA""}",UNCHANGED,"$25,138.00",$0.00,$0.00,"$2,026.00"
Software & Licenses,VMware NSX,HPE OCA > OCA Solution > Software & Licenses > VMware NSX,Operating System / License,Unlimited,0,Unlimited,Selection constraint for VMware NSX: no max,P9U19BAE,Standard,VMware vCloud Suite Standard 1yr E-LTU,0,"$8,451.00",,NA,,No,Obsolete (OB),,Not published by OCA,Obsolete (OB),02/05/2018,05/01/2024,"{""Extended Price (USD)"":""NA""}",UNCHANGED,"$8,451.00",$0.00,$0.00,"$2,026.00"
Software & Licenses,VMware NSX,HPE OCA > OCA Solution > Software & Licenses > VMware NSX,Operating System / License,Unlimited,0,Unlimited,Selection constraint for VMware NSX: no max,P9U20BAE,Standard,VMware vCloud Suite Standard 3yr E-LTU,0,"$11,279.00",,NA,,No,Obsolete (OB),,Not published by OCA,Obsolete (OB),02/05/2018,05/01/2024,"{""Extended Price (USD)"":""NA""}",UNCHANGED,"$11,279.00",$0.00,$0.00,"$2,026.00"
Software & Licenses,VMware NSX,HPE OCA > OCA Solution > Software & Licenses > VMware NSX,Operating System / License,Unlimited,0,Unlimited,Selection constraint for VMware NSX: no max,P9U21BAE,Standard,VMware vCloud Suite Standard 5yr E-LTU,0,"$14,013.00",,NA,,No,Obsolete (OB),,Not published by OCA,Obsolete (OB),02/05/2018,05/01/2024,"{""Extended Price (USD)"":""NA""}",UNCHANGED,"$14,013.00",$0.00,$0.00,"$2,026.00"
Software & Licenses,VMWare VCenter Srm Products,HPE OCA > OCA Solution > Software & Licenses > VMWare VCenter Srm Products,Operating System / License,Unlimited,0,Unlimited,Selection constraint for VMWare VCenter Srm Products: no max,BD722A,Standard,VMware vCenter Server Foundation 1yr Software,0,"$2,171.00",,NA,,No,Obsolete (OB),,Not published by OCA,Obsolete (OB),08/13/2012,05/01/2024,"{""Extended Price (USD)"":""NA""}",UNCHANGED,"$2,171.00",$0.00,$0.00,"$2,026.00"
Software & Licenses,VMWare VCenter Srm Products,HPE OCA > OCA Solution > Software & Licenses > VMWare VCenter Srm Products,Operating System / License,Unlimited,0,Unlimited,Selection constraint for VMWare VCenter Srm Products: no max,BD723A,Standard,VMware vCenter Server Foundation 3yr Software,0,"$3,270.00",,NA,,No,Obsolete (OB),,Not published by OCA,Obsolete (OB),08/13/2012,05/01/2024,"{""Extended Price (USD)"":""NA""}",UNCHANGED,"$3,270.00",$0.00,$0.00,"$2,026.00"
Software & Licenses,VMWare VCenter Srm Products,HPE OCA > OCA Solution > Software & Licenses > VMWare VCenter Srm Products,Operating System / License,Unlimited,0,Unlimited,Selection constraint for VMWare VCenter Srm Products: no max,BD518A,Standard,VMware vCenter Server Foundation 5yr Software,0,"$4,333.00",,NA,,No,Obsolete (OB),,Not published by OCA,Obsolete (OB),08/13/2012,05/01/2024,"{""Extended Price (USD)"":""NA""}",UNCHANGED,"$4,333.00",$0.00,$0.00,"$2,026.00"
Software & Licenses,VMWare VCenter Srm Products,HPE OCA > OCA Solution > Software & Licenses > VMWare VCenter Srm Products,Operating System / License,Unlimited,0,Unlimited,Selection constraint for VMWare VCenter Srm Products: no max,BD727A,Standard,VMware vCenter Server Foundation to Standard Upgrade 3yr Software,0,"$9,148.00",,NA,,No,Obsolete (OB),,Not published by OCA,Obsolete (OB),08/13/2012,05/01/2024,"{""Extended Price (USD)"":""NA""}",UNCHANGED,"$9,148.00",$0.00,$0.00,"$2,026.00"
Software & Licenses,VMWare VCenter Srm Products,HPE OCA > OCA Solution > Software & Licenses > VMWare VCenter Srm Products,Operating System / License,Unlimited,0,Unlimited,Selection constraint for VMWare VCenter Srm Products: no max,P9U40A,Standard,VMware vCenter Server Standard for vSphere (per Instance) 1yr Software,0,"$7,657.00",,NA,,No,Obsolete (OB),,Not published by OCA,Obsolete (OB),08/15/2016,05/01/2024,"{""Extended Price (USD)"":""NA""}",UNCHANGED,"$7,657.00",$0.00,$0.00,"$2,026.00"
Software & Licenses,VMWare VCenter Srm Products,HPE OCA > OCA Solution > Software & Licenses > VMWare VCenter Srm Products,Operating System / License,Unlimited,0,Unlimited,Selection constraint for VMWare VCenter Srm Products: no max,P9U41A,Standard,VMware vCenter Server Standard for vSphere (per Instance) 3yr Software,0,"$10,219.00",,NA,,No,Obsolete (OB),,Not published by OCA,Obsolete (OB),08/15/2016,05/01/2024,"{""Extended Price (USD)"":""NA""}",UNCHANGED,"$10,219.00",$0.00,$0.00,"$2,026.00"
Software & Licenses,VMWare VCenter Srm Products,HPE OCA > OCA Solution > Software & Licenses > VMWare VCenter Srm Products,Operating System / License,Unlimited,0,Unlimited,Selection constraint for VMWare VCenter Srm Products: no max,P9U42A,Standard,VMware vCenter Server Standard for vSphere (per Instance) 5yr Software,0,"$12,696.00",,NA,,No,Obsolete (OB),,Not published by OCA,Obsolete (OB),08/15/2016,05/01/2024,"{""Extended Price (USD)"":""NA""}",UNCHANGED,"$12,696.00",$0.00,$0.00,"$2,026.00"
Software & Licenses,VMWare VCenter Srm Products,HPE OCA > OCA Solution > Software & Licenses > VMWare VCenter Srm Products,Operating System / License,Unlimited,0,Unlimited,Selection constraint for VMWare VCenter Srm Products: no max,L8M86BAE,Standard,VMware vRealize Log Insight 1yr E-LTU,0,"$2,108.00",,NA,,No,Obsolete (OB),,Not published by OCA,Obsolete (OB),02/05/2018,05/01/2024,"{""Extended Price (USD)"":""NA""}",UNCHANGED,"$2,108.00",$0.00,$0.00,"$2,026.00"
Software & Licenses,VMWare VCenter Srm Products,HPE OCA > OCA Solution > Software & Licenses > VMWare VCenter Srm Products,Operating System / License,Unlimited,0,Unlimited,Selection constraint for VMWare VCenter Srm Products: no max,P9U32BAE,Standard,VMware vRealize Suite Enterprise per Portable Licensing Unit 3yr E-LTU,0,"$16,468.00",,NA,,No,Obsolete (OB),,Not published by OCA,Obsolete (OB),02/05/2018,05/01/2024,"{""Extended Price (USD)"":""NA""}",UNCHANGED,"$16,468.00",$0.00,$0.00,"$2,026.00"
Software & Licenses,VMWare VCenter Srm Products,HPE OCA > OCA Solution > Software & Licenses > VMWare VCenter Srm Products,Operating System / License,Unlimited,0,Unlimited,Selection constraint for VMWare VCenter Srm Products: no max,Q2W08BAE,Standard,VMware vRealize Suite Standard per Portable Licensing Unit 3yr E-LTU,0,"$7,545.00",,NA,,No,Obsolete (OB),,Not published by OCA,Obsolete (OB),02/05/2018,08/31/2023,"{""Extended Price (USD)"":""NA""}",UNCHANGED,"$7,545.00",$0.00,$0.00,"$2,026.00"
Software & Licenses,VMware NSX,HPE OCA > OCA Solution > Software & Licenses > VMware NSX,Processor,Unlimited,0,Unlimited,Selection constraint for VMware NSX: no max,P9H45A,Standard,VMware vSAN Advanced 1 Processor 3yr LTU,0,"$7,488.00",,NA,,No,Obsolete (OB),,Not published by OCA,Obsolete (OB),08/06/2018,05/01/2024,"{""Extended Price (USD)"":""NA""}",UNCHANGED,"$7,488.00",$0.00,$0.00,"$2,026.00"
Software & Licenses,VMware NSX,HPE OCA > OCA Solution > Software & Licenses > VMware NSX,Processor,Unlimited,0,Unlimited,Selection constraint for VMware NSX: no max,P9H46A,Standard,VMware vSAN Advanced 1 Processor 5yr LTU,0,"$9,303.00",,NA,,No,Obsolete (OB),,Not published by OCA,Obsolete (OB),08/06/2018,05/01/2024,"{""Extended Price (USD)"":""NA""}",UNCHANGED,"$9,303.00",$0.00,$0.00,"$2,026.00"
Software & Licenses,VMware NSX,HPE OCA > OCA Solution > Software & Licenses > VMware NSX,Operating System / License,Unlimited,0,Unlimited,Selection constraint for VMware NSX: no max,S2D09A,Standard,VMware vSAN Advanced Term per Core 3-year LTU,0,$285.00,,NA,,No,Obsolete (OB),,Not published by OCA,Obsolete (OB),07/10/2023,05/01/2024,"{""Extended Price (USD)"":""NA""}",ADDED,N/A,$285.00,$100.00,"$2,026.00"
Software & Licenses,VMware NSX,HPE OCA > OCA Solution > Software & Licenses > VMware NSX,Processor,Unlimited,0,Unlimited,Selection constraint for VMware NSX: no max,P9U52BAE,Standard,VMware vSAN Enterprise 1 Processor 1yr E-LTU,0,"$8,252.00",,NA,,No,Obsolete (OB),,Not published by OCA,Obsolete (OB),02/13/2017,05/01/2024,"{""Extended Price (USD)"":""NA""}",UNCHANGED,"$8,252.00",$0.00,$0.00,"$2,026.00"
Software & Licenses,VMware NSX,HPE OCA > OCA Solution > Software & Licenses > VMware NSX,Processor,Unlimited,0,Unlimited,Selection constraint for VMware NSX: no max,P9U53BAE,Standard,VMware vSAN Enterprise 1 Processor 3yr E-LTU,0,"$11,012.00",,NA,,No,Obsolete (OB),,Not published by OCA,Obsolete (OB),02/13/2017,05/01/2024,"{""Extended Price (USD)"":""NA""}",UNCHANGED,"$11,012.00",$0.00,$0.00,"$2,026.00"
Software & Licenses,VMware NSX,HPE OCA > OCA Solution > Software & Licenses > VMware NSX,Processor,Unlimited,0,Unlimited,Selection constraint for VMware NSX: no max,P9U53B,Standard,VMware vSAN Enterprise 1 Processor 3yr LTU,0,"$11,012.00",,NA,,No,Obsolete (OB),,Not published by OCA,Obsolete (OB),08/06/2018,05/01/2024,"{""Extended Price (USD)"":""NA""}",UNCHANGED,"$11,012.00",$0.00,$0.00,"$2,026.00"
Software & Licenses,VMware NSX,HPE OCA > OCA Solution > Software & Licenses > VMware NSX,Processor,Unlimited,0,Unlimited,Selection constraint for VMware NSX: no max,P9U54BAE,Standard,VMware vSAN Enterprise 1 Processor 5yr E-LTU,0,"$13,682.00",,NA,,No,Obsolete (OB),,Not published by OCA,Obsolete (OB),02/13/2017,05/01/2024,"{""Extended Price (USD)"":""NA""}",UNCHANGED,"$13,682.00",$0.00,$0.00,"$2,026.00"
Software & Licenses,VMware NSX,HPE OCA > OCA Solution > Software & Licenses > VMware NSX,Operating System / License,Unlimited,0,Unlimited,Selection constraint for VMware NSX: no max,S2D13A,Standard,VMware vSAN Enterprise Term per Core 3-year LTU,0,$405.00,,NA,,No,Obsolete (OB),,Not published by OCA,Obsolete (OB),07/10/2023,05/01/2024,"{""Extended Price (USD)"":""NA""}",ADDED,N/A,$405.00,$100.00,"$2,026.00"
Software & Licenses,VMware NSX,HPE OCA > OCA Solution > Software & Licenses > VMware NSX,Processor,Unlimited,0,Unlimited,Selection constraint for VMware NSX: no max,G4Y17A,Standard,VMware vSAN Standard 1 Processor 1yr LTU,0,"$3,497.00",,NA,,No,Obsolete (OB),,Not published by OCA,Obsolete (OB),08/06/2018,05/01/2024,"{""Extended Price (USD)"":""NA""}",UNCHANGED,"$3,497.00",$0.00,$0.00,"$2,026.00"
Software & Licenses,VMware NSX,HPE OCA > OCA Solution > Software & Licenses > VMware NSX,Processor,Unlimited,0,Unlimited,Selection constraint for VMware NSX: no max,G4Y18A,Standard,VMware vSAN Standard 1 Processor 3yr LTU,0,"$4,667.00",,NA,,No,Obsolete (OB),,Not published by OCA,Obsolete (OB),08/06/2018,05/01/2024,"{""Extended Price (USD)"":""NA""}",UNCHANGED,"$4,667.00",$0.00,$0.00,"$2,026.00"
Software & Licenses,VMware NSX,HPE OCA > OCA Solution > Software & Licenses > VMware NSX,Processor,Unlimited,0,Unlimited,Selection constraint for VMware NSX: no max,G4Y19A,Standard,VMware vSAN Standard 1 Processor 5yr LTU,0,"$5,799.00",,NA,,No,Obsolete (OB),,Not published by OCA,Obsolete (OB),08/06/2018,05/01/2024,"{""Extended Price (USD)"":""NA""}",UNCHANGED,"$5,799.00",$0.00,$0.00,"$2,026.00"
Software & Licenses,VMware NSX,HPE OCA > OCA Solution > Software & Licenses > VMware NSX,Operating System / License,Unlimited,0,Unlimited,Selection constraint for VMware NSX: no max,S2D02A,Standard,VMware vSAN Standard Term per Core 1-year LTU,0,$85.00,,NA,,No,Obsolete (OB),,Not published by OCA,Obsolete (OB),07/10/2023,05/01/2024,"{""Extended Price (USD)"":""NA""}",ADDED,N/A,$85.00,$100.00,"$2,026.00"
Software & Licenses,VMware NSX,HPE OCA > OCA Solution > Software & Licenses > VMware NSX,Operating System / License,Unlimited,0,Unlimited,Selection constraint for VMware NSX: no max,S2D04A,Standard,VMware vSAN Standard Term per Core 3-year LTU,0,$180.00,,NA,,No,Obsolete (OB),,Not published by OCA,Obsolete (OB),07/10/2023,05/01/2024,"{""Extended Price (USD)"":""NA""}",ADDED,N/A,$180.00,$100.00,"$2,026.00"
Software & Licenses,VMware NSX,HPE OCA > OCA Solution > Software & Licenses > VMware NSX,Operating System / License,Unlimited,0,Unlimited,Selection constraint for VMware NSX: no max,S2D06A,Standard,VMware vSAN Standard Term per Core 5-year LTU,0,$300.00,,NA,,No,Obsolete (OB),,Not published by OCA,Obsolete (OB),07/10/2023,05/01/2024,"{""Extended Price (USD)"":""NA""}",ADDED,N/A,$300.00,$100.00,"$2,026.00"
Software & Licenses,VMware NSX,HPE OCA > OCA Solution > Software & Licenses > VMware NSX,Processor,Unlimited,0,Unlimited,Selection constraint for VMware NSX: no max,BD714A,Standard,VMware vSphere Enterprise Plus 1 Processor 1yr Software,0,"$4,899.00",,NA,,No,Obsolete (OB),,Not published by OCA,Obsolete (OB),08/13/2012,05/01/2024,"{""Extended Price (USD)"":""NA""}",UNCHANGED,"$4,899.00",$0.00,$0.00,"$2,026.00"
Software & Licenses,VMware NSX,HPE OCA > OCA Solution > Software & Licenses > VMware NSX,Processor,Unlimited,0,Unlimited,Selection constraint for VMware NSX: no max,BD715A,Standard,VMware vSphere Enterprise Plus 1 Processor 3yr Software,0,"$6,539.00",,NA,,No,Obsolete (OB),,Not published by OCA,Obsolete (OB),08/13/2012,05/01/2024,"{""Extended Price (USD)"":""NA""}",UNCHANGED,"$6,539.00",$0.00,$0.00,"$2,026.00"
Software & Licenses,VMware NSX,HPE OCA > OCA Solution > Software & Licenses > VMware NSX,Processor,Unlimited,0,Unlimited,Selection constraint for VMware NSX: no max,BD514A,Standard,VMware vSphere Enterprise Plus 1 Processor 5yr Software,0,"$8,126.00",,NA,,No,Obsolete (OB),,Not published by OCA,Obsolete (OB),08/13/2012,05/01/2024,"{""Extended Price (USD)"":""NA""}",UNCHANGED,"$8,126.00",$0.00,$0.00,"$2,026.00"
Software & Licenses,VMware NSX,HPE OCA > OCA Solution > Software & Licenses > VMware NSX,Operating System / License,Unlimited,0,Unlimited,Selection constraint for VMware NSX: no max,S2C96A,Standard,VMware vSphere Enterprise Plus with Tanzu Kubernetes Grid Term per Core 1-year LTU,0,$140.00,,NA,,No,Obsolete (OB),,Not published by OCA,Obsolete (OB),07/10/2023,05/01/2024,"{""Extended Price (USD)"":""NA""}",ADDED,N/A,$140.00,$100.00,"$2,026.00"
Software & Licenses,VMware NSX,HPE OCA > OCA Solution > Software & Licenses > VMware NSX,Operating System / License,Unlimited,0,Unlimited,Selection constraint for VMware NSX: no max,S2C98A,Standard,VMware vSphere Enterprise Plus with Tanzu Kubernetes Grid Term per Core 3-year LTU,0,$300.00,,NA,,No,Obsolete (OB),,Not published by OCA,Obsolete (OB),07/10/2023,05/01/2024,"{""Extended Price (USD)"":""NA""}",ADDED,N/A,$300.00,$100.00,"$2,026.00"
Software & Licenses,VMware NSX,HPE OCA > OCA Solution > Software & Licenses > VMware NSX,Operating System / License,Unlimited,0,Unlimited,Selection constraint for VMware NSX: no max,S2D00A,Standard,VMware vSphere Enterprise Plus with Tanzu Kubernetes Grid Term per Core 5-year LTU,0,$500.00,,NA,,No,Obsolete (OB),,Not published by OCA,Obsolete (OB),07/10/2023,05/01/2024,"{""Extended Price (USD)"":""NA""}",ADDED,N/A,$500.00,$100.00,"$2,026.00"
Software & Licenses,VMware NSX,HPE OCA > OCA Solution > Software & Licenses > VMware NSX,Processor,Unlimited,0,Unlimited,Selection constraint for VMware NSX: no max,BD741A,Standard,VMware vSphere Enterprise to Enterprise Plus Upgrade 1 Processor 3yr Software,0,"$3,370.00",,NA,,No,Obsolete (OB),,Not published by OCA,Obsolete (OB),08/13/2012,05/01/2024,"{""Extended Price (USD)"":""NA""}",UNCHANGED,"$3,370.00",$0.00,$0.00,"$2,026.00"
Software & Licenses,VMware NSX,HPE OCA > OCA Solution > Software & Licenses > VMware NSX,Processor,Unlimited,0,Unlimited,Selection constraint for VMware NSX: no max,BD710A,Standard,VMware vSphere Standard 1 Processor 1yr Software,0,"$1,439.00",,NA,,No,Obsolete (OB),,Not published by OCA,Obsolete (OB),08/13/2012,05/01/2024,"{""Extended Price (USD)"":""NA""}",UNCHANGED,"$1,439.00",$0.00,$0.00,"$2,026.00"
Software & Licenses,VMware NSX,HPE OCA > OCA Solution > Software & Licenses > VMware NSX,Processor,Unlimited,0,Unlimited,Selection constraint for VMware NSX: no max,BD711A,Standard,VMware vSphere Standard 1 Processor 3yr Software,0,"$2,034.00",,NA,,No,Obsolete (OB),,Not published by OCA,Obsolete (OB),08/13/2012,05/01/2024,"{""Extended Price (USD)"":""NA""}",UNCHANGED,"$2,034.00",$0.00,$0.00,"$2,026.00"
Software & Licenses,VMware NSX,HPE OCA > OCA Solution > Software & Licenses > VMware NSX,Processor,Unlimited,0,Unlimited,Selection constraint for VMware NSX: no max,BD512A,Standard,VMware vSphere Standard 1 Processor 5yr Software,0,"$2,609.00",,NA,,No,Obsolete (OB),,Not published by OCA,Obsolete (OB),08/13/2012,05/01/2024,"{""Extended Price (USD)"":""NA""}",UNCHANGED,"$2,609.00",$0.00,$0.00,"$2,026.00"
Software & Licenses,VMware NSX,HPE OCA > OCA Solution > Software & Licenses > VMware NSX,Operating System / License,Unlimited,0,Unlimited,Selection constraint for VMware NSX: no max,S2C90A,Standard,VMware vSphere Standard Term per Core 1-year LTU,0,$46.00,,NA,,No,Obsolete (OB),,Not published by OCA,Obsolete (OB),07/10/2023,05/01/2024,"{""Extended Price (USD)"":""NA""}",ADDED,N/A,$46.00,$100.00,"$2,026.00"
Software & Licenses,VMware NSX,HPE OCA > OCA Solution > Software & Licenses > VMware NSX,Operating System / License,Unlimited,0,Unlimited,Selection constraint for VMware NSX: no max,S2C92A,Standard,VMware vSphere Standard Term per Core 3-year LTU,0,$89.00,,NA,,No,Obsolete (OB),,Not published by OCA,Obsolete (OB),07/10/2023,05/01/2024,"{""Extended Price (USD)"":""NA""}",ADDED,N/A,$89.00,$100.00,"$2,026.00"
Software & Licenses,VMware NSX,HPE OCA > OCA Solution > Software & Licenses > VMware NSX,Operating System / License,Unlimited,0,Unlimited,Selection constraint for VMware NSX: no max,S2C94A,Standard,VMware vSphere Standard Term per Core 5-year LTU,0,$145.00,,NA,,No,Obsolete (OB),,Not published by OCA,Obsolete (OB),07/10/2023,05/01/2024,"{""Extended Price (USD)"":""NA""}",ADDED,N/A,$145.00,$100.00,"$2,026.00"
Software & Licenses,VMware NSX,HPE OCA > OCA Solution > Software & Licenses > VMware NSX,Processor,Unlimited,0,Unlimited,Selection constraint for VMware NSX: no max,BD739A,Standard,VMware vSphere Standard to Enterprise Plus Upgrade 1 Processor 3yr Software,0,"$5,752.00",,NA,,No,Obsolete (OB),,Not published by OCA,Obsolete (OB),08/13/2012,05/01/2024,"{""Extended Price (USD)"":""NA""}",UNCHANGED,"$5,752.00",$0.00,$0.00,"$2,026.00"
Software & Licenses,VMWare VSphere Editions,HPE OCA > OCA Solution > Software & Licenses > VMWare VSphere Editions,Operating System / License,Unlimited,0,Unlimited,Selection constraint for VMWare VSphere Editions: no max,BD706A,Standard,VMware vSphere Essentials 1yr Software,0,$661.00,,NA,,No,Obsolete (OB),,Not published by OCA,Obsolete (OB),08/13/2012,05/01/2024,"{""Extended Price (USD)"":""NA""}",UNCHANGED,$661.00,$0.00,$0.00,"$2,026.00"
Software & Licenses,VMWare VSphere Editions,HPE OCA > OCA Solution > Software & Licenses > VMWare VSphere Editions,Operating System / License,Unlimited,0,Unlimited,Selection constraint for VMWare VSphere Editions: no max,BD707A,Standard,VMware vSphere Essentials 3yr Software,0,$921.00,,NA,,No,Obsolete (OB),,Not published by OCA,Obsolete (OB),08/13/2012,05/01/2024,"{""Extended Price (USD)"":""NA""}",UNCHANGED,$921.00,$0.00,$0.00,"$2,026.00"
Software & Licenses,VMWare VSphere Editions,HPE OCA > OCA Solution > Software & Licenses > VMWare VSphere Editions,Operating System / License,Unlimited,0,Unlimited,Selection constraint for VMWare VSphere Editions: no max,BD510A,Standard,VMware vSphere Essentials 5yr Software,0,"$1,173.00",,NA,,No,Obsolete (OB),,Not published by OCA,Obsolete (OB),08/13/2012,05/01/2024,"{""Extended Price (USD)"":""NA""}",UNCHANGED,"$1,173.00",$0.00,$0.00,"$2,026.00"
Software & Licenses,VMWare VSphere Editions,HPE OCA > OCA Solution > Software & Licenses > VMWare VSphere Editions,Processor,Unlimited,0,Unlimited,Selection constraint for VMWare VSphere Editions: no max,F6M48A,Standard,VMware vSphere Essentials Plus Kit 6 Processor 1yr Software,0,"$5,735.00",,NA,,No,Obsolete (OB),,Not published by OCA,Obsolete (OB),12/09/2013,05/01/2024,"{""Extended Price (USD)"":""NA""}",UNCHANGED,"$5,735.00",$0.00,$0.00,"$2,026.00"
Software & Licenses,VMWare VSphere Editions,HPE OCA > OCA Solution > Software & Licenses > VMWare VSphere Editions,Processor,Unlimited,0,Unlimited,Selection constraint for VMWare VSphere Editions: no max,F6M49A,Standard,VMware vSphere Essentials Plus Kit 6 Processor 3yr Software,0,"$7,654.00",,NA,,No,Obsolete (OB),,Not published by OCA,Obsolete (OB),12/09/2013,05/01/2024,"{""Extended Price (USD)"":""NA""}",UNCHANGED,"$7,654.00",$0.00,$0.00,"$2,026.00"
Software & Licenses,VMWare VSphere Editions,HPE OCA > OCA Solution > Software & Licenses > VMWare VSphere Editions,Processor,Unlimited,0,Unlimited,Selection constraint for VMWare VSphere Editions: no max,F6M50A,Standard,VMware vSphere Essentials Plus Kit 6 Processor 5yr Software,0,"$9,509.00",,NA,,No,Obsolete (OB),,Not published by OCA,Obsolete (OB),12/09/2013,05/01/2024,"{""Extended Price (USD)"":""NA""}",UNCHANGED,"$9,509.00",$0.00,$0.00,"$2,026.00"
Software & Licenses,VMWare Core Editions,HPE OCA > OCA Solution > Software & Licenses > VMWare Core Editions,Operating System / License,Unlimited,0,Unlimited,Selection constraint for VMWare Core Editions: no max,R8V76A,Standard,SUSE Linux Enterprise Server 1-2 Sockets Unlimited VM w/Live Patching 1-year 24x7 Flexible LTU,0,"$3,980.00",,NA,,No,Available,,Not published by OCA,Active,10/04/2021,01/04/2027,"{""Extended Price (USD)"":""NA""}",ADDED,N/A,"$3,980.00",$100.00,"$2,026.00"
Software & Licenses,VMWare Core Editions,HPE OCA > OCA Solution > Software & Licenses > VMWare Core Editions,Operating System / License,Unlimited,0,Unlimited,Selection constraint for VMWare Core Editions: no max,R8V74A,Standard,SUSE Linux Enterprise Server 1-2 Sockets Unlimited VM w/Live Patching 1-year 9x5 Flexible LTU,0,"$2,260.00",,NA,,No,Available,,Not published by OCA,Active,10/04/2021,01/04/2027,"{""Extended Price (USD)"":""NA""}",ADDED,N/A,"$2,260.00",$100.00,"$2,026.00"
Software & Licenses,VMWare Core Editions,HPE OCA > OCA Solution > Software & Licenses > VMWare Core Editions,Operating System / License,Unlimited,0,Unlimited,Selection constraint for VMWare Core Editions: no max,R8V77A,Standard,SUSE Linux Enterprise Server 1-2 Sockets Unlimited VM w/Live Patching 3-year 24x7 Flexible LTU,0,"$10,800.00",,NA,,No,Available,,Not published by OCA,Active,10/04/2021,01/04/2027,"{""Extended Price (USD)"":""NA""}",ADDED,N/A,"$10,800.00",$100.00,"$2,026.00"
Software & Licenses,VMWare Core Editions,HPE OCA > OCA Solution > Software & Licenses > VMWare Core Editions,Operating System / License,Unlimited,0,Unlimited,Selection constraint for VMWare Core Editions: no max,R8V75A,Standard,SUSE Linux Enterprise Server 1-2 Sockets Unlimited VM w/Live Patching 3-year 9x5 Flexible LTU,0,"$6,110.00",,NA,,No,Available,,Not published by OCA,Active,10/04/2021,01/04/2027,"{""Extended Price (USD)"":""NA""}",ADDED,N/A,"$6,110.00",$100.00,"$2,026.00"
Software & Licenses,VMWare Core Editions,HPE OCA > OCA Solution > Software & Licenses > VMWare Core Editions,Operating System / License,Unlimited,0,Unlimited,Selection constraint for VMWare Core Editions: no max,R8V78A,Standard,SUSE Linux Enterprise Server 1-2 Sockets Unlimited VM w/Live Patching 5-year 24x7 Flexible LTU,0,"$18,000.00",,NA,,No,Available,,Not published by OCA,Active,10/04/2021,01/04/2027,"{""Extended Price (USD)"":""NA""}",ADDED,N/A,"$18,000.00",$100.00,"$2,026.00"
Software & Licenses,VMWare Core Editions,HPE OCA > OCA Solution > Software & Licenses > VMWare Core Editions,Operating System / License,Unlimited,0,Unlimited,Selection constraint for VMWare Core Editions: no max,R8V79A,Standard,SUSE Linux Enterprise Server 1-2 Sockets Unlimited VM w/Live Patching 5-year 9x5 Flexible LTU,0,"$10,200.00",,NA,,No,Available,,Not published by OCA,Active,10/04/2021,01/04/2027,"{""Extended Price (USD)"":""NA""}",ADDED,N/A,"$10,200.00",$100.00,"$2,026.00"
Software & Licenses,VMWare Core Editions,HPE OCA > OCA Solution > Software & Licenses > VMWare Core Editions,Service & Support,Unlimited,0,Unlimited,Selection constraint for VMWare Core Editions: no max,Q5T80A,Standard,SUSE Linux Enterprise Server 1-2 Sockets/1-2 VM 3yr Subscription 9x5 Support Flexible LTU,0,"$2,320.00",,NA,,No,Obsolete (OB),,Not published by OCA,Obsolete (OB),06/05/2017,05/05/2024,"{""Extended Price (USD)"":""NA""}",UNCHANGED,"$2,320.00",$0.00,$0.00,"$2,026.00"
Software & Licenses,VMWare Core Editions,HPE OCA > OCA Solution > Software & Licenses > VMWare Core Editions,Service & Support,Unlimited,0,Unlimited,Selection constraint for VMWare Core Editions: no max,Q5T83A,Standard,SUSE Linux Enterprise Server 1-2 Sockets/1-2 VM 5yr Subscription 24x7 Support Flexible LTU,0,"$6,300.00",,NA,,No,Obsolete (OB),,Not published by OCA,Obsolete (OB),06/05/2017,05/05/2024,"{""Extended Price (USD)"":""NA""}",UNCHANGED,"$6,300.00",$0.00,$0.00,"$2,026.00"
Software & Licenses,VMWare Core Editions,HPE OCA > OCA Solution > Software & Licenses > VMWare Core Editions,Service & Support,Unlimited,0,Unlimited,Selection constraint for VMWare Core Editions: no max,Q5T89A,Standard,SUSE Linux Enterprise Server 1-2 Sockets/1-2 VM 5yr Subscription 9x5 Support Flexible LTU,0,"$3,870.00",,NA,,No,Obsolete (OB),,Not published by OCA,Obsolete (OB),06/05/2017,05/05/2024,"{""Extended Price (USD)"":""NA""}",UNCHANGED,"$3,870.00",$0.00,$0.00,"$2,026.00"
Software & Licenses,VMWare Core Editions,HPE OCA > OCA Solution > Software & Licenses > VMWare Core Editions,Operating System / License,Unlimited,0,Unlimited,Selection constraint for VMWare Core Editions: no max,R8V72A,Standard,SUSE Linux Enterprise Server for SAP 1-2 Sockets Unlimited VM w/Live Patching 3yr 24x7 Flexible LTU,0,"$18,873.00",,NA,,No,Obsolete (OB),,Not published by OCA,Obsolete (OB),10/04/2021,03/02/2026,"{""Extended Price (USD)"":""NA""}",ADDED,N/A,"$18,873.00",$100.00,"$2,026.00"
Software & Licenses,VMWare Core Editions,HPE OCA > OCA Solution > Software & Licenses > VMWare Core Editions,Operating System / License,Unlimited,0,Unlimited,Selection constraint for VMWare Core Editions: no max,R8V73A,Standard,SUSE Linux Enterprise Server for SAP 1-2 Sockets Unlimited VM w/Live Patching 5yr 24x7 Flexible LTU,0,"$31,455.00",,NA,,No,Obsolete (OB),,Not published by OCA,Obsolete (OB),10/04/2021,03/02/2026,"{""Extended Price (USD)"":""NA""}",ADDED,N/A,"$31,455.00",$100.00,"$2,026.00"
Software & Licenses,VMWare Core Editions,HPE OCA > OCA Solution > Software & Licenses > VMWare Core Editions,Operating System / License,Unlimited,0,Unlimited,Selection constraint for VMWare Core Editions: no max,S7N87A,Standard,SUSE Linux Enterprise Server for SAP Applications 1-2 Sockets Unlimited VM 3yr Sub 24x7 Sup Flex LTU,0,"$18,873.00",,NA,,No,Available,,Not published by OCA,Active,03/02/2026,04/30/2028,"{""Extended Price (USD)"":""NA""}",ADDED,N/A,"$18,873.00",$100.00,"$2,026.00"
Software & Licenses,VMWare Core Editions,HPE OCA > OCA Solution > Software & Licenses > VMWare Core Editions,Operating System / License,Unlimited,0,Unlimited,Selection constraint for VMWare Core Editions: no max,S7P10A,Standard,SUSE Linux Enterprise Server for SAP Applications 1-2 Sockets Unlimited VM 3yr Sub 24x7 Sup Flex LTU,0,"$18,873.00",,NA,,No,Available,,Not published by OCA,Active,03/02/2026,04/30/2028,"{""Extended Price (USD)"":""NA""}",ADDED,N/A,"$18,873.00",$100.00,"$2,026.00"
Software & Licenses,VMWare Core Editions,HPE OCA > OCA Solution > Software & Licenses > VMWare Core Editions,Operating System / License,Unlimited,0,Unlimited,Selection constraint for VMWare Core Editions: no max,S7P11A,Standard,SUSE Linux Enterprise Server for SAP Applications 1-2 Sockets Unlimited VM 5yr Sub 24x7 Sup Flex LTU,0,"$31,455.00",,NA,,No,Available,,Not published by OCA,Active,03/02/2026,04/30/2028,"{""Extended Price (USD)"":""NA""}",ADDED,N/A,"$31,455.00",$100.00,"$2,026.00"
Software & Licenses,VMWare Core Editions,HPE OCA > OCA Solution > Software & Licenses > VMWare Core Editions,Operating System / License,Unlimited,0,Unlimited,Selection constraint for VMWare Core Editions: no max,S7N88A,Standard,SUSE Linux Enterprise Server for SAP Applications 1-2 Sockets Unlimited VM 5yr Sub 24x7 Sup Flex LTU,0,"$31,455.00",,NA,,No,Available,,Not published by OCA,Active,03/02/2026,04/30/2028,"{""Extended Price (USD)"":""NA""}",ADDED,N/A,"$31,455.00",$100.00,"$2,026.00"
Accessories & Infrastructure,Chassis Infrastructure & Rail Kits,HPE OCA > OCA Solution > Accessories & Infrastructure > Chassis Infrastructure & Rail Kits,Chassis Infrastructure,max 4,0,4,Selection constraint for Chassis Infrastructure & Rail Kits: max 4,875519-B21,Standard,HPE Bezel Lock Kit,0,$89.00,,NA,,No,Available,,Not published by OCA,Active,07/11/2017,06/30/2029,"{""Extended Price (USD)"":""NA""}",UNCHANGED,$89.00,$0.00,$0.00,2026-08-27: (no price) → 2026-08-28: (no price) → 2026-09-09: $89.00 → 2026-09-10: $89.00
Accessories & Infrastructure,Chassis Infrastructure & Rail Kits,HPE OCA > OCA Solution > Accessories & Infrastructure > Chassis Infrastructure & Rail Kits,Cable Kit,max 4,0,4,Selection constraint for Chassis Infrastructure & Rail Kits: max 4,P48922-B21,Standard,HPE ProLiant DL3XX Gen11 Intrusion Cable Kit,0,$38.00,,NA,,No,Available,,Not published by OCA,Active,11/10/2022,06/30/2029,"{""Extended Price (USD)"":""NA""}",UNCHANGED,$38.00,$0.00,$0.00,2026-08-27: (no price) → 2026-08-28: (no price) → 2026-09-09: $38.00 → 2026-09-10: $38.00
Accessories & Infrastructure,Chassis Infrastructure & Rail Kits,HPE OCA > OCA Solution > Accessories & Infrastructure > Chassis Infrastructure & Rail Kits,Chassis Infrastructure,max 4,0,4,Selection constraint for Chassis Infrastructure & Rail Kits: max 4,P50400-B21,Standard,HPE Gen11 2U Bezel Kit,0,$88.00,,NA,,No,Available,,Not published by OCA,Active,11/10/2022,06/30/2029,"{""Extended Price (USD)"":""NA""}",UNCHANGED,$88.00,$0.00,$0.00,2026-08-27: (no price) → 2026-08-28: (no price) → 2026-09-09: $88.00 → 2026-09-10: $88.00
Accessories & Infrastructure,Chassis Infrastructure & Rail Kits,HPE OCA > OCA Solution > Accessories & Infrastructure > Chassis Infrastructure & Rail Kits,Chassis Infrastructure,max 4,0,4,Selection constraint for Chassis Infrastructure & Rail Kits: max 4,P55441-B21,Standard,HPE OEM ProLiant Gen11 2U Bezel Kit,0,$88.00,,NA,,No,Available,,Not published by OCA,Active,12/10/2022,11/30/2028,"{""Extended Price (USD)"":""NA""}",UNCHANGED,$88.00,$0.00,$0.00,2026-08-27: (no price) → 2026-08-28: (no price) → 2026-09-09: $88.00 → 2026-09-10: $88.00
Accessories & Infrastructure,Chassis Infrastructure & Rail Kits,HPE OCA > OCA Solution > Accessories & Infrastructure > Chassis Infrastructure & Rail Kits,Chassis Infrastructure,max 3,0,3,Selection constraint for Chassis Infrastructure & Rail Kits: max 3,P22020-B21,Standard,HPE DL38X Gen10 Plus 2U Cable Management Arm for Rail Kit,0,$89.00,,NA,,No,Available,,Not published by OCA,Active,12/23/2019,05/31/2028,"{""Extended Price (USD)"":""NA""}",UNCHANGED,$89.00,$0.00,$0.00,2026-08-27: $89.00 → 2026-08-28: (no price) → 2026-09-09: $89.00 → 2026-09-10: $89.00
Accessories & Infrastructure,Chassis Infrastructure & Rail Kits,HPE OCA > OCA Solution > Accessories & Infrastructure > Chassis Infrastructure & Rail Kits,Chassis Infrastructure,max 3,0,3,Selection constraint for Chassis Infrastructure & Rail Kits: max 3,P52341-B21,Standard,HPE ProLiant DL3XX Gen11 Easy Install Rail 3 Kit,1,$164.00,,$164.00,,No,Available,,Not published by OCA,Active,11/10/2022,05/31/2029,"{""Extended Price (USD)"":""164.00""}",UNCHANGED,$164.00,$0.00,$0.00,2026-08-27: $164.00 → 2026-08-28: (no price) → 2026-09-09: $164.00 → 2026-09-10: $164.00
Accessories & Infrastructure,System Options,HPE OCA > OCA Solution > Accessories & Infrastructure > System Options,Chassis Infrastructure,Optional,0,Optional,Can be selected with 8SFF CTO Server and 24SFF CTO Server only.,P48819-B21,Standard,HPE ProLiant DL380 Gen11 System Insight Display Kit,0,$100.00,,NA,,No,Not published by OCA,,Not published by OCA,Active,01/10/2023,05/31/2028,"{""Extended Price (USD)"":""NA""}",UNCHANGED,$100.00,$0.00,$0.00,2026-08-27: (no price) → 2026-08-28: (no price) → 2026-09-09: $100.00 → 2026-09-10: $100.00 (✕ REMOVED)
HPE Compute Ops Management,Compute Ops Management SKUs,HPE OCA > OCA Solution > HPE Compute Ops Management > Compute Ops Management SKUs,Option Component,"min 1, Required",1,Required,Selection constraint for Compute Ops Management SKUs: required,S1A05A,Standard,HPE Compute Cloud Management Server FIO Enablement,1,$1.00,,$1.00,,No,Available,,Not published by OCA,Active,04/01/2024,02/29/2028,"{""Extended Price (USD)"":""1.00""}",ADDED,N/A,$1.00,$100.00,"$2,026.00"
Software & Licenses,Server Management & Operating System Licenses,HPE OCA > OCA Solution > Software & Licenses > Server Management & Operating System Licenses,Operating System / License,Unlimited,0,Unlimited,Selection constraint for Server Management & Operating System Licenses: no max,P46195-B21,Standard,Microsoft Windows Server 2022 16-core Std Add Lic en/cs/de/es/fr/it/nl/pl/pt/ru/sv/ko/ja/xc SW,0,"$1,087.00",,NA,,No,Obsolete (OB),,Not published by OCA,Obsolete (OB),11/01/2021,05/31/2025,"{""Extended Price (USD)"":""NA""}",UNCHANGED,"$1,087.00",$0.00,$0.00,"$2,026.00"
Software & Licenses,Server Management & Operating System Licenses,HPE OCA > OCA Solution > Software & Licenses > Server Management & Operating System Licenses,Operating System / License,Unlimited,0,Unlimited,Selection constraint for Server Management & Operating System Licenses: no max,P46196-B21,Standard,Microsoft Windows Server 2022 4-core Std Add Lic en/cs/de/es/fr/it/nl/pl/pt/ru/sv/ko/ja/xc SW,0,$272.00,,NA,,No,Obsolete (OB),,Not published by OCA,Obsolete (OB),11/01/2021,05/31/2025,"{""Extended Price (USD)"":""NA""}",UNCHANGED,$272.00,$0.00,$0.00,"$2,026.00"
Software & Licenses,Server Management & Operating System Licenses,HPE OCA > OCA Solution > Software & Licenses > Server Management & Operating System Licenses,Operating System / License,Unlimited,0,Unlimited,Selection constraint for Server Management & Operating System Licenses: no max,P46199-AA1,Standard,Microsoft Windows Server 2022 2-core Standard Additional License Chinese Simplified SW,0,"$99,999.00",,NA,,No,Obsolete (OB),,Not published by OCA,Obsolete (OB),11/01/2021,05/31/2025,"{""Extended Price (USD)"":""NA""}",UNCHANGED,"$99,999.00",$0.00,$0.00,"$2,026.00"
Software & Licenses,Server Management & Operating System Licenses,HPE OCA > OCA Solution > Software & Licenses > Server Management & Operating System Licenses,Operating System / License,Unlimited,0,Unlimited,Selection constraint for Server Management & Operating System Licenses: no max,P46199-AB1,Standard,Microsoft Windows Server 2022 2-core Standard Additional License Chinese Traditional SW,0,"$99,999.00",,NA,,No,Obsolete (OB),,Not published by OCA,Obsolete (OB),11/01/2021,05/31/2025,"{""Extended Price (USD)"":""NA""}",UNCHANGED,"$99,999.00",$0.00,$0.00,"$2,026.00"
Software & Licenses,Server Management & Operating System Licenses,HPE OCA > OCA Solution > Software & Licenses > Server Management & Operating System Licenses,Operating System / License,Unlimited,0,Unlimited,Selection constraint for Server Management & Operating System Licenses: no max,P46199-B21,Standard,Microsoft Windows Server 2022 2-core Std Add Lic en/cs/de/es/fr/it/nl/pl/pt/ru/sv/ko/ja/xc SW,0,$136.00,,NA,,No,Obsolete (OB),,Not published by OCA,Obsolete (OB),10/04/2021,05/31/2025,"{""Extended Price (USD)"":""NA""}",UNCHANGED,$136.00,$0.00,$0.00,"$2,026.00"
Software & Licenses,Server Management & Operating System Licenses,HPE OCA > OCA Solution > Software & Licenses > Server Management & Operating System Licenses,Operating System / License,Unlimited,0,Unlimited,Selection constraint for Server Management & Operating System Licenses: no max,P46212-B21,Standard,Microsoft Windows Server 2022 16-core DC Add Lic en/cs/de/es/fr/it/nl/pl/pt/ru/sv/ko/ja/xc SW,0,"$4,946.00",,NA,,No,Obsolete (OB),,Not published by OCA,Obsolete (OB),11/01/2021,05/31/2025,"{""Extended Price (USD)"":""NA""}",UNCHANGED,"$4,946.00",$0.00,$0.00,"$2,026.00"
Software & Licenses,Server Management & Operating System Licenses,HPE OCA > OCA Solution > Software & Licenses > Server Management & Operating System Licenses,Operating System / License,Unlimited,0,Unlimited,Selection constraint for Server Management & Operating System Licenses: no max,P46213-B21,Standard,Microsoft Windows Server 2022 4-core DC Add Lic en/cs/de/es/fr/it/nl/pl/pt/ru/sv/ko/ja/xc SW,0,"$1,238.00",,NA,,No,Obsolete (OB),,Not published by OCA,Obsolete (OB),11/01/2021,05/31/2025,"{""Extended Price (USD)"":""NA""}",UNCHANGED,"$1,238.00",$0.00,$0.00,"$2,026.00"
Software & Licenses,Server Management & Operating System Licenses,HPE OCA > OCA Solution > Software & Licenses > Server Management & Operating System Licenses,Operating System / License,Unlimited,0,Unlimited,Selection constraint for Server Management & Operating System Licenses: no max,P46214-B21,Standard,Microsoft Windows Server 2022 2-core DC Add Lic en/cs/de/es/fr/it/nl/pl/pt/ru/sv/ko/ja/xc SW,0,$619.00,,NA,,No,Obsolete (OB),,Not published by OCA,Obsolete (OB),10/04/2021,05/31/2025,"{""Extended Price (USD)"":""NA""}",UNCHANGED,$619.00,$0.00,$0.00,"$2,026.00"
Software & Licenses,Server Management & Operating System Licenses,HPE OCA > OCA Solution > Software & Licenses > Server Management & Operating System Licenses,Operating System / License,Unlimited,0,Unlimited,Selection constraint for Server Management & Operating System Licenses: no max,P77104-B21,Standard,Microsoft Windows Server 2025 16-core Standard Additional License WW SW,0,"$1,258.00",,NA,,No,Available,,Not published by OCA,Active,12/02/2024,11/30/2027,"{""Extended Price (USD)"":""NA""}",UNCHANGED,"$1,258.00",$0.00,$0.00,"$2,026.00"
Software & Licenses,Server Management & Operating System Licenses,HPE OCA > OCA Solution > Software & Licenses > Server Management & Operating System Licenses,Operating System / License,Unlimited,0,Unlimited,Selection constraint for Server Management & Operating System Licenses: no max,P77105-B21,Standard,Microsoft Windows Server 2025 4-core Standard Additional License WW SW,0,$320.00,,NA,,No,Available,,Not published by OCA,Active,12/02/2024,11/30/2027,"{""Extended Price (USD)"":""NA""}",UNCHANGED,$320.00,$0.00,$0.00,"$2,026.00"
Software & Licenses,Server Management & Operating System Licenses,HPE OCA > OCA Solution > Software & Licenses > Server Management & Operating System Licenses,Operating System / License,Unlimited,0,Unlimited,Selection constraint for Server Management & Operating System Licenses: no max,P77106-AA1,Standard,Microsoft Windows Server 2025 2-core Standard Additional License Chinese Simplified SW,0,$0.00,,NA,,No,Available,,Not published by OCA,Active,12/02/2024,11/30/2027,"{""Extended Price (USD)"":""NA""}",UNCHANGED,N/A,$0.00,$0.00,2026-09-10: (no price)
Software & Licenses,Server Management & Operating System Licenses,HPE OCA > OCA Solution > Software & Licenses > Server Management & Operating System Licenses,Operating System / License,Unlimited,0,Unlimited,Selection constraint for Server Management & Operating System Licenses: no max,P77106-AB1,Standard,Microsoft Windows Server 2025 2-core Standard Additional License Chinese Traditional SW,0,$0.00,,NA,,No,Available,,Not published by OCA,Active,12/02/2024,11/30/2027,"{""Extended Price (USD)"":""NA""}",UNCHANGED,N/A,$0.00,$0.00,2026-09-10: (no price)
Software & Licenses,Server Management & Operating System Licenses,HPE OCA > OCA Solution > Software & Licenses > Server Management & Operating System Licenses,Operating System / License,Unlimited,0,Unlimited,Selection constraint for Server Management & Operating System Licenses: no max,P77106-B21,Standard,Microsoft Windows Server 2025 2-core Standard Additional License WW SW,0,$164.00,,NA,,No,Available,,Not published by OCA,Active,12/02/2024,11/30/2027,"{""Extended Price (USD)"":""NA""}",UNCHANGED,$164.00,$0.00,$0.00,"$2,026.00"
Software & Licenses,Server Management & Operating System Licenses,HPE OCA > OCA Solution > Software & Licenses > Server Management & Operating System Licenses,Operating System / License,Unlimited,0,Unlimited,Selection constraint for Server Management & Operating System Licenses: no max,P77107-B21,Standard,Microsoft Windows Server 2025 16-core Datacenter Additional License WW SW,0,"$5,712.00",,NA,,No,Available,,Not published by OCA,Active,12/02/2024,11/30/2027,"{""Extended Price (USD)"":""NA""}",UNCHANGED,"$5,712.00",$0.00,$0.00,"$2,026.00"
Software & Licenses,Server Management & Operating System Licenses,HPE OCA > OCA Solution > Software & Licenses > Server Management & Operating System Licenses,Operating System / License,Unlimited,0,Unlimited,Selection constraint for Server Management & Operating System Licenses: no max,P77108-B21,Standard,Microsoft Windows Server 2025 4-core Datacenter Additional License WW SW,0,"$1,434.00",,NA,,No,Available,,Not published by OCA,Active,12/02/2024,11/30/2027,"{""Extended Price (USD)"":""NA""}",UNCHANGED,"$1,434.00",$0.00,$0.00,"$2,026.00"
Software & Licenses,Server Management & Operating System Licenses,HPE OCA > OCA Solution > Software & Licenses > Server Management & Operating System Licenses,Operating System / License,Unlimited,0,Unlimited,Selection constraint for Server Management & Operating System Licenses: no max,P77109-B21,Standard,Microsoft Windows Server 2025 2-core Datacenter Additional License WW SW,0,$721.00,,NA,,No,Available,,Not published by OCA,Active,12/02/2024,11/30/2027,"{""Extended Price (USD)"":""NA""}",UNCHANGED,$721.00,$0.00,$0.00,"$2,026.00"
Software & Licenses,Server Management & Operating System Licenses,HPE OCA > OCA Solution > Software & Licenses > Server Management & Operating System Licenses,Operating System / License,Unlimited,0,Unlimited,Selection constraint for Server Management & Operating System Licenses: no max,S6K30B,Standard,Microsoft Windows Server 2025 16-core Standard FIO Not Pre-installed WW ESD LTU,0,"$1,147.00",,NA,,No,Available,,Not published by OCA,Active,09/02/2025,11/30/2027,"{""Extended Price (USD)"":""NA""}",ADDED,N/A,"$1,147.00",$100.00,"$2,026.00"
Software & Licenses,Server Management & Operating System Licenses,HPE OCA > OCA Solution > Software & Licenses > Server Management & Operating System Licenses,Operating System / License,Unlimited,0,Unlimited,Selection constraint for Server Management & Operating System Licenses: no max,S6L35B,Standard,Microsoft Windows Server 2025 16-core Datacenter FIO Not Pre-installed WW ESD LTU,0,"$5,712.00",,NA,,No,Available,,Not published by OCA,Active,09/02/2025,11/30/2027,"{""Extended Price (USD)"":""NA""}",ADDED,N/A,"$5,712.00",$100.00,"$2,026.00"
Software & Licenses,Server Management & Operating System Licenses,HPE OCA > OCA Solution > Software & Licenses > Server Management & Operating System Licenses,Operating System / License,Unlimited,0,Unlimited,Selection constraint for Server Management & Operating System Licenses: no max,P45916-291,Standard,Microsoft Windows Server 2022 16-core Datacenter FIO Not Pre-installed Japanese SW,0,"$99,999.00",,NA,,No,Obsolete (OB),,Not published by OCA,Obsolete (OB),12/06/2021,05/31/2025,"{""Extended Price (USD)"":""NA""}",UNCHANGED,"$99,999.00",$0.00,$0.00,"$2,026.00"
Software & Licenses,Server Management & Operating System Licenses,HPE OCA > OCA Solution > Software & Licenses > Server Management & Operating System Licenses,Operating System / License,Unlimited,0,Unlimited,Selection constraint for Server Management & Operating System Licenses: no max,P45916-B21,Standard,Microsoft Windows Server 2022 16-core Datacenter FIO Not Pre-installed en/fr/it/de/es/nl/pt SW,0,"$4,946.00",,NA,,No,Obsolete (OB),,Not published by OCA,Obsolete (OB),12/06/2021,05/31/2025,"{""Extended Price (USD)"":""NA""}",UNCHANGED,"$4,946.00",$0.00,$0.00,"$2,026.00"
Software & Licenses,Server Management & Operating System Licenses,HPE OCA > OCA Solution > Software & Licenses > Server Management & Operating System Licenses,Operating System / License,Unlimited,0,Unlimited,Selection constraint for Server Management & Operating System Licenses: no max,P46005-291,Standard,Microsoft Windows Server 2022 16-core Standard FIO Not Pre-installed Japanese SW,0,"$99,999.00",,NA,,No,Obsolete (OB),,Not published by OCA,Obsolete (OB),12/06/2021,05/31/2025,"{""Extended Price (USD)"":""NA""}",UNCHANGED,"$99,999.00",$0.00,$0.00,"$2,026.00"
Software & Licenses,Server Management & Operating System Licenses,HPE OCA > OCA Solution > Software & Licenses > Server Management & Operating System Licenses,Operating System / License,Unlimited,0,Unlimited,Selection constraint for Server Management & Operating System Licenses: no max,P46005-B21,Standard,Microsoft Windows Server 2022 16-core Standard FIO Not Pre-installed en/fr/it/de/es/nl/pt SW,0,$988.00,,NA,,No,Obsolete (OB),,Not published by OCA,Obsolete (OB),12/06/2021,05/31/2025,"{""Extended Price (USD)"":""NA""}",UNCHANGED,$988.00,$0.00,$0.00,"$2,026.00"
Software & Licenses,Server Management & Operating System Licenses,HPE OCA > OCA Solution > Software & Licenses > Server Management & Operating System Licenses,Operating System / License,Unlimited,0,Unlimited,Selection constraint for Server Management & Operating System Licenses: no max,P77095-291,Standard,Microsoft Windows Server 2025 16-core Standard FIO Not Pre-installed Japanese SW,0,$0.00,,NA,,No,Available,,Not published by OCA,Active,12/02/2024,01/31/2027,"{""Extended Price (USD)"":""NA""}",UNCHANGED,N/A,$0.00,$0.00,2026-09-10: (no price)
Software & Licenses,Server Management & Operating System Licenses,HPE OCA > OCA Solution > Software & Licenses > Server Management & Operating System Licenses,Operating System / License,Unlimited,0,Unlimited,Selection constraint for Server Management & Operating System Licenses: no max,P77095-B21,Standard,Microsoft Windows Server 2025 16-core Standard FIO Not Pre-installed en/fr/de/es/it/pt/nl SW,0,"$1,147.00",,NA,,No,Available,,Not published by OCA,Active,12/02/2024,01/31/2027,"{""Extended Price (USD)"":""NA""}",UNCHANGED,"$1,147.00",$0.00,$0.00,"$2,026.00"
Software & Licenses,Server Management & Operating System Licenses,HPE OCA > OCA Solution > Software & Licenses > Server Management & Operating System Licenses,Operating System / License,Unlimited,0,Unlimited,Selection constraint for Server Management & Operating System Licenses: no max,P77097-291,Standard,Microsoft Windows Server 2025 16-core Datacenter FIO Not Pre-installed Japanese SW,0,$0.00,,NA,,No,Available,,Not published by OCA,Active,12/02/2024,01/31/2027,"{""Extended Price (USD)"":""NA""}",UNCHANGED,N/A,$0.00,$0.00,2026-09-10: (no price)
Software & Licenses,Server Management & Operating System Licenses,HPE OCA > OCA Solution > Software & Licenses > Server Management & Operating System Licenses,Operating System / License,Unlimited,0,Unlimited,Selection constraint for Server Management & Operating System Licenses: no max,P77097-B21,Standard,Microsoft Windows Server 2025 16-core Datacenter FIO Not Pre-installed en/fr/de/es/it/pt/nl SW,0,"$5,712.00",,NA,,No,Available,,Not published by OCA,Active,12/02/2024,01/31/2027,"{""Extended Price (USD)"":""NA""}",UNCHANGED,"$5,712.00",$0.00,$0.00,"$2,026.00"
Software & Licenses,Server Management & Operating System Licenses,HPE OCA > OCA Solution > Software & Licenses > Server Management & Operating System Licenses,Operating System / License,Unlimited,0,Unlimited,Selection constraint for Server Management & Operating System Licenses: no max,S6L28B,Standard,Microsoft Windows Server 2025 10-core Essentials FIO Not Pre-installed WW ESD LTU,0,$445.00,,NA,,No,Available,,Not published by OCA,Active,09/02/2025,11/30/2027,"{""Extended Price (USD)"":""NA""}",ADDED,N/A,$445.00,$100.00,"$2,026.00"
Software & Licenses,Server Management & Operating System Licenses,HPE OCA > OCA Solution > Software & Licenses > Server Management & Operating System Licenses,Operating System / License,Unlimited,0,Unlimited,Selection constraint for Server Management & Operating System Licenses: no max,P46155-291,Standard,Microsoft Windows Server 2022 16-core Standard FIO Pre-installed UEFI Japanese SW,0,"$99,999.00",,NA,,No,Obsolete (OB),,Not published by OCA,Obsolete (OB),05/02/2022,05/31/2025,"{""Extended Price (USD)"":""NA""}",UNCHANGED,"$99,999.00",$0.00,$0.00,2026-08-27: (no price) → 2026-08-28: (no price) → 2026-09-09: $99999.00 → 2026-09-10: $99999.00
Software & Licenses,Server Management & Operating System Licenses,HPE OCA > OCA Solution > Software & Licenses > Server Management & Operating System Licenses,Operating System / License,Unlimited,0,Unlimited,Selection constraint for Server Management & Operating System Licenses: no max,P46155-B21,Standard,Microsoft Windows Server 2022 16-core Standard FIO Pre-installed UEFI en/fr/it/de/es/nl/pt SW,0,$948.00,,NA,,No,Obsolete (OB),,Not published by OCA,Obsolete (OB),05/02/2022,05/31/2025,"{""Extended Price (USD)"":""NA""}",UNCHANGED,$948.00,$0.00,$0.00,2026-08-27: (no price) → 2026-08-28: (no price) → 2026-09-09: $988.00 → 2026-09-10: $948.00 (▼)
Software & Licenses,Server Management & Operating System Licenses,HPE OCA > OCA Solution > Software & Licenses > Server Management & Operating System Licenses,Operating System / License,Unlimited,0,Unlimited,Selection constraint for Server Management & Operating System Licenses: no max,P77096-291,Standard,Microsoft Windows Server 2025 16-core Standard FIO Pre-installed UEFI Japanese SW,0,$0.00,,NA,,No,Available,,Not published by OCA,Active,12/02/2024,01/31/2027,"{""Extended Price (USD)"":""NA""}",UNCHANGED,N/A,$0.00,$0.00,2026-08-27: (no price) → 2026-08-28: (no price) → 2026-09-10: (no price)
Software & Licenses,Server Management & Operating System Licenses,HPE OCA > OCA Solution > Software & Licenses > Server Management & Operating System Licenses,Operating System / License,Unlimited,0,Unlimited,Selection constraint for Server Management & Operating System Licenses: no max,P77096-B21,Standard,Microsoft Windows Server 2025 16-core Standard FIO Pre-installed UEFI en/fr/de/es/it/pt/nl SW,0,"$1,147.00",,NA,,No,Available,,Not published by OCA,Active,12/02/2024,01/31/2027,"{""Extended Price (USD)"":""NA""}",UNCHANGED,"$1,147.00",$0.00,$0.00,2026-08-27: (no price) → 2026-08-28: (no price) → 2026-09-09: $1147.00 → 2026-09-10: $1147.00
Software & Licenses,Red Hat Operating Systems,HPE OCA > OCA Solution > Software & Licenses > Red Hat Operating Systems,Service & Support,Unlimited,0,Unlimited,Selection constraint for Red Hat Operating Systems: no max,G3J22A,Standard,Red Hat Enterprise Linux for Virtual Datacenters 2 Sockets 1 Year Subscription 24x7 Support LTU,0,"$4,399.00",,NA,,No,Obsolete (OB),,Not published by OCA,Obsolete (OB),03/31/2014,09/17/2024,"{""Extended Price (USD)"":""NA""}",UNCHANGED,"$4,399.00",$0.00,$0.00,"$2,026.00"
Software & Licenses,Red Hat Operating Systems,HPE OCA > OCA Solution > Software & Licenses > Red Hat Operating Systems,Service & Support,Unlimited,0,Unlimited,Selection constraint for Red Hat Operating Systems: no max,G3J23A,Standard,Red Hat Enterprise Linux for Virtual Datacenters 2 Sockets 1 Year Subscription 9x5 Support LTU,0,"$2,749.00",,NA,,No,Obsolete (OB),,Not published by OCA,Obsolete (OB),03/31/2014,09/17/2024,"{""Extended Price (USD)"":""NA""}",UNCHANGED,"$2,749.00",$0.00,$0.00,"$2,026.00"
Software & Licenses,Red Hat Operating Systems,HPE OCA > OCA Solution > Software & Licenses > Red Hat Operating Systems,Service & Support,Unlimited,0,Unlimited,Selection constraint for Red Hat Operating Systems: no max,G3J24A,Standard,Red Hat Enterprise Linux for Virtual Datacenters 2 Sockets 3 Year Subscription 24x7 Support LTU,0,"$12,537.00",,NA,,No,Obsolete (OB),,Not published by OCA,Obsolete (OB),03/31/2014,09/17/2024,"{""Extended Price (USD)"":""NA""}",UNCHANGED,"$12,537.00",$0.00,$0.00,"$2,026.00"
Software & Licenses,Red Hat Operating Systems,HPE OCA > OCA Solution > Software & Licenses > Red Hat Operating Systems,Service & Support,Unlimited,0,Unlimited,Selection constraint for Red Hat Operating Systems: no max,G3J25A,Standard,Red Hat Enterprise Linux for Virtual Datacenters 2 Sockets 3 Year Subscription 9x5 Support LTU,0,"$7,834.00",,NA,,No,Obsolete (OB),,Not published by OCA,Obsolete (OB),03/31/2014,09/17/2024,"{""Extended Price (USD)"":""NA""}",UNCHANGED,"$7,834.00",$0.00,$0.00,"$2,026.00"
Software & Licenses,Red Hat Operating Systems,HPE OCA > OCA Solution > Software & Licenses > Red Hat Operating Systems,Service & Support,Unlimited,0,Unlimited,Selection constraint for Red Hat Operating Systems: no max,G3J26A,Standard,Red Hat Enterprise Linux for Virtual Datacenters 2 Sockets 5 Year Subscription 24x7 Support LTU,0,"$20,895.00",,NA,,No,Obsolete (OB),,Not published by OCA,Obsolete (OB),03/31/2014,09/17/2024,"{""Extended Price (USD)"":""NA""}",UNCHANGED,"$20,895.00",$0.00,$0.00,"$2,026.00"
Software & Licenses,Red Hat Operating Systems,HPE OCA > OCA Solution > Software & Licenses > Red Hat Operating Systems,Service & Support,Unlimited,0,Unlimited,Selection constraint for Red Hat Operating Systems: no max,G3J27A,Standard,Red Hat Enterprise Linux for Virtual Datacenters 2 Sockets 5 Year Subscription 9x5 Support LTU,0,"$13,057.00",,NA,,No,Obsolete (OB),,Not published by OCA,Obsolete (OB),03/31/2014,09/17/2024,"{""Extended Price (USD)"":""NA""}",UNCHANGED,"$13,057.00",$0.00,$0.00,"$2,026.00"
Software & Licenses,Red Hat Operating Systems,HPE OCA > OCA Solution > Software & Licenses > Red Hat Operating Systems,Service & Support,Unlimited,0,Unlimited,Selection constraint for Red Hat Operating Systems: no max,G3J28A,Standard,Red Hat Enterprise Linux Server 2 Sockets or 2 Guests 1 Year Subscription 24x7 Support LTU,0,"$1,429.00",,NA,,No,Obsolete (OB),,Not published by OCA,Obsolete (OB),03/31/2014,09/17/2024,"{""Extended Price (USD)"":""NA""}",UNCHANGED,"$1,429.00",$0.00,$0.00,"$2,026.00"
Software & Licenses,Red Hat Operating Systems,HPE OCA > OCA Solution > Software & Licenses > Red Hat Operating Systems,Service & Support,Unlimited,0,Unlimited,Selection constraint for Red Hat Operating Systems: no max,G3J29A,Standard,Red Hat Enterprise Linux Server 2 Sockets or 2 Guests 1 Year Subscription 9x5 Support LTU,0,$879.00,,NA,,No,Obsolete (OB),,Not published by OCA,Obsolete (OB),03/31/2014,09/17/2024,"{""Extended Price (USD)"":""NA""}",UNCHANGED,$879.00,$0.00,$0.00,"$2,026.00"
Software & Licenses,Red Hat Operating Systems,HPE OCA > OCA Solution > Software & Licenses > Red Hat Operating Systems,Service & Support,Unlimited,0,Unlimited,Selection constraint for Red Hat Operating Systems: no max,G3J30A,Standard,Red Hat Enterprise Linux Server 2 Sockets or 2 Guests 3 Year Subscription 24x7 Support LTU,0,"$4,072.00",,NA,,No,Obsolete (OB),,Not published by OCA,Obsolete (OB),03/31/2014,09/17/2024,"{""Extended Price (USD)"":""NA""}",UNCHANGED,"$4,072.00",$0.00,$0.00,"$2,026.00"
Software & Licenses,Red Hat Operating Systems,HPE OCA > OCA Solution > Software & Licenses > Red Hat Operating Systems,Service & Support,Unlimited,0,Unlimited,Selection constraint for Red Hat Operating Systems: no max,G3J31A,Standard,Red Hat Enterprise Linux Server 2 Sockets or 2 Guests 3 Year Subscription 9x5 Support LTU,0,"$2,505.00",,NA,,No,Obsolete (OB),,Not published by OCA,Obsolete (OB),03/31/2014,09/17/2024,"{""Extended Price (USD)"":""NA""}",UNCHANGED,"$2,505.00",$0.00,$0.00,"$2,026.00"
Software & Licenses,Red Hat Operating Systems,HPE OCA > OCA Solution > Software & Licenses > Red Hat Operating Systems,Service & Support,Unlimited,0,Unlimited,Selection constraint for Red Hat Operating Systems: no max,G3J32A,Standard,Red Hat Enterprise Linux Server 2 Sockets or 2 Guests 5 Year Subscription 24x7 Support LTU,0,"$6,787.00",,NA,,No,Obsolete (OB),,Not published by OCA,Obsolete (OB),03/31/2014,09/17/2024,"{""Extended Price (USD)"":""NA""}",UNCHANGED,"$6,787.00",$0.00,$0.00,"$2,026.00"
Software & Licenses,Red Hat Operating Systems,HPE OCA > OCA Solution > Software & Licenses > Red Hat Operating Systems,Service & Support,Unlimited,0,Unlimited,Selection constraint for Red Hat Operating Systems: no max,G3J33A,Standard,Red Hat Enterprise Linux Server 2 Sockets or 2 Guests 5 Year Subscription 9x5 Support LTU,0,"$4,175.00",,NA,,No,Obsolete (OB),,Not published by OCA,Obsolete (OB),03/31/2014,09/17/2024,"{""Extended Price (USD)"":""NA""}",UNCHANGED,"$4,175.00",$0.00,$0.00,"$2,026.00"
Software & Licenses,Red Hat Operating Systems,HPE OCA > OCA Solution > Software & Licenses > Red Hat Operating Systems,Service & Support,Unlimited,0,Unlimited,Selection constraint for Red Hat Operating Systems: no max,G5J62A,Standard,Red Hat Enterprise Linux Server 2 Sockets 4 Guests 1 Year Subscription 24x7 Support LTU,0,"$2,144.00",,NA,,No,Obsolete (OB),,Not published by OCA,Obsolete (OB),03/31/2014,09/17/2024,"{""Extended Price (USD)"":""NA""}",UNCHANGED,"$2,144.00",$0.00,$0.00,"$2,026.00"
Software & Licenses,Red Hat Operating Systems,HPE OCA > OCA Solution > Software & Licenses > Red Hat Operating Systems,Service & Support,Unlimited,0,Unlimited,Selection constraint for Red Hat Operating Systems: no max,G5J63A,Standard,Red Hat Enterprise Linux Server 2 Sockets 4 Guests 1 Year Subscription 9x5 Support LTU,0,"$1,319.00",,NA,,No,Obsolete (OB),,Not published by OCA,Obsolete (OB),03/31/2014,09/17/2024,"{""Extended Price (USD)"":""NA""}",UNCHANGED,"$1,319.00",$0.00,$0.00,"$2,026.00"
Software & Licenses,Red Hat Operating Systems,HPE OCA > OCA Solution > Software & Licenses > Red Hat Operating Systems,Service & Support,Unlimited,0,Unlimited,Selection constraint for Red Hat Operating Systems: no max,G5J64A,Standard,Red Hat Enterprise Linux Server 2 Sockets 4 Guests 3 Year Subscription 24x7 Support LTU,0,"$6,110.00",,NA,,No,Obsolete (OB),,Not published by OCA,Obsolete (OB),03/31/2014,09/17/2024,"{""Extended Price (USD)"":""NA""}",UNCHANGED,"$6,110.00",$0.00,$0.00,"$2,026.00"
Software & Licenses,Red Hat Operating Systems,HPE OCA > OCA Solution > Software & Licenses > Red Hat Operating Systems,Service & Support,Unlimited,0,Unlimited,Selection constraint for Red Hat Operating Systems: no max,G5J65A,Standard,Red Hat Enterprise Linux Server 2 Sockets 4 Guests 3 Year Subscription 9x5 Support LTU,0,"$3,759.00",,NA,,No,Obsolete (OB),,Not published by OCA,Obsolete (OB),03/31/2014,09/17/2024,"{""Extended Price (USD)"":""NA""}",UNCHANGED,"$3,759.00",$0.00,$0.00,"$2,026.00"
Software & Licenses,Red Hat Operating Systems,HPE OCA > OCA Solution > Software & Licenses > Red Hat Operating Systems,Service & Support,Unlimited,0,Unlimited,Selection constraint for Red Hat Operating Systems: no max,J8J35A,Standard,Red Hat Enterprise Linux Server 2 Sockets 1 Guest 1 Year Subscription 9x5 Support LTU,0,$879.00,,NA,,No,Obsolete (OB),,Not published by OCA,Obsolete (OB),08/18/2014,09/17/2024,"{""Extended Price (USD)"":""NA""}",UNCHANGED,$879.00,$0.00,$0.00,"$2,026.00"
Software & Licenses,Red Hat Operating Systems,HPE OCA > OCA Solution > Software & Licenses > Red Hat Operating Systems,Service & Support,Unlimited,0,Unlimited,Selection constraint for Red Hat Operating Systems: no max,J8J36A,Standard,Red Hat Enterprise Linux Server 2 Sockets 1 Guest 1 Year Subscription 24x7 Support LTU,0,"$1,429.00",,NA,,No,Obsolete (OB),,Not published by OCA,Obsolete (OB),08/18/2014,09/17/2024,"{""Extended Price (USD)"":""NA""}",UNCHANGED,"$1,429.00",$0.00,$0.00,"$2,026.00"
Software & Licenses,Red Hat Operating Systems,HPE OCA > OCA Solution > Software & Licenses > Red Hat Operating Systems,Service & Support,Unlimited,0,Unlimited,Selection constraint for Red Hat Operating Systems: no max,S4R31A,Standard,Red Hat Enterprise Linux Virtual Datacenter 2 Sockets 1-year Subscription 24x7 Support LTU,0,"$4,839.00",,NA,,No,Available,,Not published by OCA,Active,10/07/2024,11/03/2027,"{""Extended Price (USD)"":""NA""}",ADDED,N/A,"$4,839.00",$100.00,"$2,026.00"
Software & Licenses,Red Hat Operating Systems,HPE OCA > OCA Solution > Software & Licenses > Red Hat Operating Systems,Service & Support,Unlimited,0,Unlimited,Selection constraint for Red Hat Operating Systems: no max,S4R32A,Standard,Red Hat Enterprise Linux Virtual Datacenter 2 Sockets 3-year Subscription 24x7 Support LTU,0,"$14,516.00",,NA,,No,Available,,Not published by OCA,Active,10/07/2024,11/03/2027,"{""Extended Price (USD)"":""NA""}",ADDED,N/A,"$14,516.00",$100.00,"$2,026.00"
Software & Licenses,Red Hat Operating Systems,HPE OCA > OCA Solution > Software & Licenses > Red Hat Operating Systems,Service & Support,Unlimited,0,Unlimited,Selection constraint for Red Hat Operating Systems: no max,S4R33A,Standard,Red Hat Enterprise Linux Virtual Datacenter 2 Sockets 5-year Subscription 24x7 Support LTU,0,"$24,194.00",,NA,,No,Available,,Not published by OCA,Active,10/07/2024,11/03/2027,"{""Extended Price (USD)"":""NA""}",ADDED,N/A,"$24,194.00",$100.00,"$2,026.00"
Software & Licenses,Red Hat Operating Systems,HPE OCA > OCA Solution > Software & Licenses > Red Hat Operating Systems,Service & Support,Unlimited,0,Unlimited,Selection constraint for Red Hat Operating Systems: no max,S4R34A,Standard,Red Hat Enterprise Linux Virtual Datacenter 2 Sockets 1-year Subscription 9x5 Support LTU,0,"$3,024.00",,NA,,No,Available,,Not published by OCA,Active,10/07/2024,11/03/2027,"{""Extended Price (USD)"":""NA""}",ADDED,N/A,"$3,024.00",$100.00,"$2,026.00"
Software & Licenses,Red Hat Operating Systems,HPE OCA > OCA Solution > Software & Licenses > Red Hat Operating Systems,Service & Support,Unlimited,0,Unlimited,Selection constraint for Red Hat Operating Systems: no max,S4R35A,Standard,Red Hat Enterprise Linux Virtual Datacenter 2 Sockets 3-year Subscription 9x5 Support LTU,0,"$9,072.00",,NA,,No,Available,,Not published by OCA,Active,10/07/2024,11/03/2027,"{""Extended Price (USD)"":""NA""}",ADDED,N/A,"$9,072.00",$100.00,"$2,026.00"
Software & Licenses,Red Hat Operating Systems,HPE OCA > OCA Solution > Software & Licenses > Red Hat Operating Systems,Service & Support,Unlimited,0,Unlimited,Selection constraint for Red Hat Operating Systems: no max,S4R36A,Standard,Red Hat Enterprise Linux Virtual Datacenter 2 Sockets 5-year Subscription 9x5 Support LTU,0,"$15,119.00",,NA,,No,Available,,Not published by OCA,Active,10/07/2024,11/03/2027,"{""Extended Price (USD)"":""NA""}",ADDED,N/A,"$15,119.00",$100.00,"$2,026.00"
Software & Licenses,Red Hat Operating Systems,HPE OCA > OCA Solution > Software & Licenses > Red Hat Operating Systems,Service & Support,Unlimited,0,Unlimited,Selection constraint for Red Hat Operating Systems: no max,S4R37A,Standard,Red Hat Enterprise Linux Server 2 Sockets or 2 Guests 1-year Subscription 24x7 Support LTU,0,"$1,429.00",,NA,,No,Available,,Not published by OCA,Active,10/07/2024,11/03/2027,"{""Extended Price (USD)"":""NA""}",ADDED,N/A,"$1,429.00",$100.00,"$2,026.00"
Software & Licenses,Red Hat Operating Systems,HPE OCA > OCA Solution > Software & Licenses > Red Hat Operating Systems,Service & Support,Unlimited,0,Unlimited,Selection constraint for Red Hat Operating Systems: no max,S4R38A,Standard,Red Hat Enterprise Linux Server 2 Sockets or 2 Guests 3-year Subscription 24x7 Support LTU,0,"$4,072.00",,NA,,No,Available,,Not published by OCA,Active,10/07/2024,11/03/2027,"{""Extended Price (USD)"":""NA""}",ADDED,N/A,"$4,072.00",$100.00,"$2,026.00"
Software & Licenses,Red Hat Operating Systems,HPE OCA > OCA Solution > Software & Licenses > Red Hat Operating Systems,Service & Support,Unlimited,0,Unlimited,Selection constraint for Red Hat Operating Systems: no max,S4R39A,Standard,Red Hat Enterprise Linux Server 2 Sockets or 2 Guests 5-year Subscription 24x7 Support LTU,0,"$6,787.00",,NA,,No,Available,,Not published by OCA,Active,10/07/2024,11/03/2027,"{""Extended Price (USD)"":""NA""}",ADDED,N/A,"$6,787.00",$100.00,"$2,026.00"
Software & Licenses,Red Hat Operating Systems,HPE OCA > OCA Solution > Software & Licenses > Red Hat Operating Systems,Service & Support,Unlimited,0,Unlimited,Selection constraint for Red Hat Operating Systems: no max,S4R40A,Standard,Red Hat Enterprise Linux Server 2 Sockets or 2 Guests 1-year Subscription 9x5 Support LTU,0,$879.00,,NA,,No,Available,,Not published by OCA,Active,10/07/2024,11/03/2027,"{""Extended Price (USD)"":""NA""}",ADDED,N/A,$879.00,$100.00,"$2,026.00"
Software & Licenses,Red Hat Operating Systems,HPE OCA > OCA Solution > Software & Licenses > Red Hat Operating Systems,Service & Support,Unlimited,0,Unlimited,Selection constraint for Red Hat Operating Systems: no max,S4R41A,Standard,Red Hat Enterprise Linux Server 2 Sockets or 2 Guests 3-year Subscription 9x5 Support LTU,0,"$2,505.00",,NA,,No,Available,,Not published by OCA,Active,10/07/2024,11/03/2027,"{""Extended Price (USD)"":""NA""}",ADDED,N/A,"$2,505.00",$100.00,"$2,026.00"
Software & Licenses,Red Hat Operating Systems,HPE OCA > OCA Solution > Software & Licenses > Red Hat Operating Systems,Service & Support,Unlimited,0,Unlimited,Selection constraint for Red Hat Operating Systems: no max,S4R42A,Standard,Red Hat Enterprise Linux Server 2 Sockets or 2 Guests 5-year Subscription 9x5 Support LTU,0,"$4,175.00",,NA,,No,Available,,Not published by OCA,Active,10/07/2024,11/03/2027,"{""Extended Price (USD)"":""NA""}",ADDED,N/A,"$4,175.00",$100.00,"$2,026.00"
Software & Licenses,Red Hat Operating Systems,HPE OCA > OCA Solution > Software & Licenses > Red Hat Operating Systems,Service & Support,Unlimited,0,Unlimited,Selection constraint for Red Hat Operating Systems: no max,S4R43A,Standard,Red Hat Enterprise Linux Server 2 Sockets 1 Guest 1-year Subscription 24x7 Support LTU,0,"$1,429.00",,NA,,No,Available,,Not published by OCA,Active,10/07/2024,11/03/2027,"{""Extended Price (USD)"":""NA""}",ADDED,N/A,"$1,429.00",$100.00,"$2,026.00"
Software & Licenses,Red Hat Operating Systems,HPE OCA > OCA Solution > Software & Licenses > Red Hat Operating Systems,Service & Support,Unlimited,0,Unlimited,Selection constraint for Red Hat Operating Systems: no max,S4R44A,Standard,Red Hat Enterprise Linux Server 2 Sockets 1 Guest 1-year Subscription 9x5 Support LTU,0,$879.00,,NA,,No,Available,,Not published by OCA,Active,10/07/2024,11/03/2027,"{""Extended Price (USD)"":""NA""}",ADDED,N/A,$879.00,$100.00,"$2,026.00"
Software & Licenses,Red Hat Operating Systems,HPE OCA > OCA Solution > Software & Licenses > Red Hat Operating Systems,Service & Support,Unlimited,0,Unlimited,Selection constraint for Red Hat Operating Systems: no max,S4R45A,Standard,Red Hat Enterprise Linux Server 2 Sockets 4 Guests 1-year Subscription 24x7 Support LTU,0,"$2,144.00",,NA,,No,Available,,Not published by OCA,Active,10/07/2024,11/03/2027,"{""Extended Price (USD)"":""NA""}",ADDED,N/A,"$2,144.00",$100.00,"$2,026.00"
Software & Licenses,Red Hat Operating Systems,HPE OCA > OCA Solution > Software & Licenses > Red Hat Operating Systems,Service & Support,Unlimited,0,Unlimited,Selection constraint for Red Hat Operating Systems: no max,S4R46A,Standard,Red Hat Enterprise Linux Server 2 Sockets 4 Guests 1-year Subscription 9x5 Support LTU,0,"$1,319.00",,NA,,No,Available,,Not published by OCA,Active,10/07/2024,11/03/2027,"{""Extended Price (USD)"":""NA""}",ADDED,N/A,"$1,319.00",$100.00,"$2,026.00"
Software & Licenses,Red Hat Operating Systems,HPE OCA > OCA Solution > Software & Licenses > Red Hat Operating Systems,Service & Support,Unlimited,0,Unlimited,Selection constraint for Red Hat Operating Systems: no max,S4R47A,Standard,Red Hat Enterprise Linux Server 2 Sockets 4 Guests 3-year Subscription 24x7 Support LTU,0,"$6,110.00",,NA,,No,Available,,Not published by OCA,Active,10/07/2024,11/03/2027,"{""Extended Price (USD)"":""NA""}",ADDED,N/A,"$6,110.00",$100.00,"$2,026.00"
Software & Licenses,Red Hat Operating Systems,HPE OCA > OCA Solution > Software & Licenses > Red Hat Operating Systems,Service & Support,Unlimited,0,Unlimited,Selection constraint for Red Hat Operating Systems: no max,S4R48A,Standard,Red Hat Enterprise Linux Server 2 Sockets 4 Guests 3-year Subscription 9x5 Support LTU,0,"$3,759.00",,NA,,No,Available,,Not published by OCA,Active,10/07/2024,11/03/2027,"{""Extended Price (USD)"":""NA""}",ADDED,N/A,"$3,759.00",$100.00,"$2,026.00"
Software & Licenses,Red Hat SAP Operating System,HPE OCA > OCA Solution > Software & Licenses > Red Hat SAP Operating System,Service & Support,Unlimited,0,Unlimited,Selection constraint for Red Hat SAP Operating System: no max,Q5W19A,Standard,Red Hat Enterprise Linux for SAP (Physical/Virtual Nodes) 3yr Subscription 9x5 Support Flex LTU,0,"$2,505.00",,NA,,No,Available,,Not published by OCA,Active,06/05/2017,09/30/2028,"{""Extended Price (USD)"":""NA""}",UNCHANGED,"$2,505.00",$0.00,$0.00,"$2,026.00"
Software & Licenses,Red Hat SAP Operating System,HPE OCA > OCA Solution > Software & Licenses > Red Hat SAP Operating System,Service & Support,Unlimited,0,Unlimited,Selection constraint for Red Hat SAP Operating System: no max,Q5W20A,Standard,Red Hat Enterprise Linux for SAP (Physical/Virtual Nodes) 3yr Subscription 24x7 Support Flex LTU,0,"$4,072.00",,NA,,No,Available,,Not published by OCA,Active,06/05/2017,09/30/2028,"{""Extended Price (USD)"":""NA""}",UNCHANGED,"$4,072.00",$0.00,$0.00,"$2,026.00"
Software & Licenses,Red Hat SAP Operating System,HPE OCA > OCA Solution > Software & Licenses > Red Hat SAP Operating System,Service & Support,Unlimited,0,Unlimited,Selection constraint for Red Hat SAP Operating System: no max,Q5W21A,Standard,Red Hat Enterprise Linux for SAP (Physical/Virtual Nodes) 5yr Subscription 9x5 Support Flex LTU,0,"$4,175.00",,NA,,No,Available,,Not published by OCA,Active,06/05/2017,09/30/2028,"{""Extended Price (USD)"":""NA""}",UNCHANGED,"$4,175.00",$0.00,$0.00,"$2,026.00"
Software & Licenses,Red Hat SAP Operating System,HPE OCA > OCA Solution > Software & Licenses > Red Hat SAP Operating System,Service & Support,Unlimited,0,Unlimited,Selection constraint for Red Hat SAP Operating System: no max,Q5W22A,Standard,Red Hat Enterprise Linux for SAP (Physical/Virtual Nodes) 5yr Subscription 24x7 Support Flex LTU,0,"$6,787.00",,NA,,No,Available,,Not published by OCA,Active,06/05/2017,09/30/2028,"{""Extended Price (USD)"":""NA""}",UNCHANGED,"$6,787.00",$0.00,$0.00,"$2,026.00"
Software & Licenses,Red Hat SAP Operating System,HPE OCA > OCA Solution > Software & Licenses > Red Hat SAP Operating System,Service & Support,Unlimited,0,Unlimited,Selection constraint for Red Hat SAP Operating System: no max,Q5W23A,Standard,Red Hat Enterprise Linux for SAP for Virtual Datacenters 3yr Subscription 9x5 Support Flex LTU,0,"$9,072.00",,NA,,No,Available,,Not published by OCA,Active,06/05/2017,09/30/2028,"{""Extended Price (USD)"":""NA""}",UNCHANGED,"$9,072.00",$0.00,$0.00,"$2,026.00"
Software & Licenses,Red Hat SAP Operating System,HPE OCA > OCA Solution > Software & Licenses > Red Hat SAP Operating System,Service & Support,Unlimited,0,Unlimited,Selection constraint for Red Hat SAP Operating System: no max,Q5W24A,Standard,Red Hat Enterprise Linux for SAP for Virtual Datacenters 3yr Subscription 24x7 Support Flex LTU,0,"$14,516.00",,NA,,No,Available,,Not published by OCA,Active,06/05/2017,09/30/2028,"{""Extended Price (USD)"":""NA""}",UNCHANGED,"$14,516.00",$0.00,$0.00,"$2,026.00"
Software & Licenses,Red Hat SAP Operating System,HPE OCA > OCA Solution > Software & Licenses > Red Hat SAP Operating System,Service & Support,Unlimited,0,Unlimited,Selection constraint for Red Hat SAP Operating System: no max,Q5W25A,Standard,Red Hat Enterprise Linux for SAP for Virtual Datacenters 5yr Subscription 9x5 Support Flex LTU,0,"$15,119.00",,NA,,No,Available,,Not published by OCA,Active,06/05/2017,09/30/2028,"{""Extended Price (USD)"":""NA""}",UNCHANGED,"$15,119.00",$0.00,$0.00,"$2,026.00"
Software & Licenses,Red Hat SAP Operating System,HPE OCA > OCA Solution > Software & Licenses > Red Hat SAP Operating System,Service & Support,Unlimited,0,Unlimited,Selection constraint for Red Hat SAP Operating System: no max,Q5W26A,Standard,Red Hat Enterprise Linux for SAP for Virtual Datacenters 5yr Subscription 24x7 Support Flex LTU,0,"$24,194.00",,NA,,No,Available,,Not published by OCA,Active,06/05/2017,09/30/2028,"{""Extended Price (USD)"":""NA""}",UNCHANGED,"$24,194.00",$0.00,$0.00,"$2,026.00"
Software & Licenses,Red Hat SAP Operating System,HPE OCA > OCA Solution > Software & Licenses > Red Hat SAP Operating System,Service & Support,Unlimited,0,Unlimited,Selection constraint for Red Hat SAP Operating System: no max,Q8U15A,Standard,Red Hat Enterprise Linux for SAP Solutions for Virtual DC 3yr Subscription 24x7 Support LTU,0,"$24,680.00",,NA,,No,Available,,Not published by OCA,Active,12/04/2017,11/30/2027,"{""Extended Price (USD)"":""NA""}",UNCHANGED,"$24,680.00",$0.00,$0.00,"$2,026.00"
Software & Licenses,Red Hat SAP Operating System,HPE OCA > OCA Solution > Software & Licenses > Red Hat SAP Operating System,Service & Support,Unlimited,0,Unlimited,Selection constraint for Red Hat SAP Operating System: no max,Q8U16A,Standard,Red Hat Enterprise Linux for SAP Solutions for Virtual DC 5yr Subscription 24x7 Support LTU,0,"$41,134.00",,NA,,No,Available,,Not published by OCA,Active,12/04/2017,11/30/2027,"{""Extended Price (USD)"":""NA""}",UNCHANGED,"$41,134.00",$0.00,$0.00,"$2,026.00"
Software & Licenses,Red Hat SAP Operating System,HPE OCA > OCA Solution > Software & Licenses > Red Hat SAP Operating System,Service & Support,Unlimited,0,Unlimited,Selection constraint for Red Hat SAP Operating System: no max,Q8U17A,Standard,Red Hat Enterprise Linux for SAP Solutions for Virtual DC 3yr Subscription 9x5 Support LTU,0,"$20,325.00",,NA,,No,Available,,Not published by OCA,Active,12/04/2017,11/30/2027,"{""Extended Price (USD)"":""NA""}",UNCHANGED,"$20,325.00",$0.00,$0.00,"$2,026.00"
Software & Licenses,Red Hat SAP Operating System,HPE OCA > OCA Solution > Software & Licenses > Red Hat SAP Operating System,Service & Support,Unlimited,0,Unlimited,Selection constraint for Red Hat SAP Operating System: no max,Q8U18A,Standard,Red Hat Enterprise Linux for SAP Solutions for Virtual DC 5yr Subscription 9x5 Support LTU,0,"$33,874.00",,NA,,No,Available,,Not published by OCA,Active,12/04/2017,11/30/2027,"{""Extended Price (USD)"":""NA""}",UNCHANGED,"$33,874.00",$0.00,$0.00,"$2,026.00"
Software & Licenses,Red Hat SAP Operating System,HPE OCA > OCA Solution > Software & Licenses > Red Hat SAP Operating System,Service & Support,Unlimited,0,Unlimited,Selection constraint for Red Hat SAP Operating System: no max,Q8U19A,Standard,Red Hat Enterprise Linux for SAP Solutions for Physical Nodes 3yr Subscription 24x7 Support LTU,0,"$6,737.00",,NA,,No,Available,,Not published by OCA,Active,12/04/2017,11/30/2027,"{""Extended Price (USD)"":""NA""}",UNCHANGED,"$6,737.00",$0.00,$0.00,"$2,026.00"
Software & Licenses,Red Hat SAP Operating System,HPE OCA > OCA Solution > Software & Licenses > Red Hat SAP Operating System,Service & Support,Unlimited,0,Unlimited,Selection constraint for Red Hat SAP Operating System: no max,Q8U20A,Standard,Red Hat Enterprise Linux for SAP Solutions for Physical Nodes 5yr Subscription 24x7 Support LTU,0,"$11,229.00",,NA,,No,Available,,Not published by OCA,Active,12/04/2017,11/30/2027,"{""Extended Price (USD)"":""NA""}",UNCHANGED,"$11,229.00",$0.00,$0.00,"$2,026.00"
Software & Licenses,Red Hat SAP Operating System,HPE OCA > OCA Solution > Software & Licenses > Red Hat SAP Operating System,Service & Support,Unlimited,0,Unlimited,Selection constraint for Red Hat SAP Operating System: no max,Q8U21A,Standard,Red Hat Enterprise Linux for SAP Solutions for Physical Nodes 3yr Subscription 9x5 Support LTU,0,"$5,483.00",,NA,,No,Available,,Not published by OCA,Active,12/04/2017,11/30/2027,"{""Extended Price (USD)"":""NA""}",UNCHANGED,"$5,483.00",$0.00,$0.00,"$2,026.00"
Software & Licenses,Red Hat SAP Operating System,HPE OCA > OCA Solution > Software & Licenses > Red Hat SAP Operating System,Service & Support,Unlimited,0,Unlimited,Selection constraint for Red Hat SAP Operating System: no max,Q8U22A,Standard,Red Hat Enterprise Linux for SAP Solutions for Physical Nodes 5yr Subscription 9x5 Support LTU,0,"$9,139.00",,NA,,No,Available,,Not published by OCA,Active,12/04/2017,11/30/2027,"{""Extended Price (USD)"":""NA""}",UNCHANGED,"$9,139.00",$0.00,$0.00,"$2,026.00"
Software & Licenses,Red Hat-Virtualization,HPE OCA > OCA Solution > Software & Licenses > Red Hat-Virtualization,Service & Support,Unlimited,0,Unlimited,Selection constraint for Red Hat-Virtualization: no max,Q0D22A,Standard,Red Hat Enterprise Linux Server 2 Sockets 4 Guests 5yr Subscription 24x7 Support Flexible LTU,0,"$10,183.00",,NA,,No,Available,,Not published by OCA,Active,08/15/2016,09/30/2028,"{""Extended Price (USD)"":""NA""}",UNCHANGED,"$10,183.00",$0.00,$0.00,"$2,026.00"
Software & Licenses,Red Hat-Virtualization,HPE OCA > OCA Solution > Software & Licenses > Red Hat-Virtualization,Service & Support,Unlimited,0,Unlimited,Selection constraint for Red Hat-Virtualization: no max,Q0D23A,Standard,Red Hat Enterprise Linux Server 2 Sockets 4 Guests 5yr Subscription 9x5 Support Flexible LTU,0,"$6,264.00",,NA,,No,Available,,Not published by OCA,Active,08/15/2016,09/30/2028,"{""Extended Price (USD)"":""NA""}",UNCHANGED,"$6,264.00",$0.00,$0.00,"$2,026.00"
Software & Licenses,Red Hat-Virtualization,HPE OCA > OCA Solution > Software & Licenses > Red Hat-Virtualization,Operating System / License,Unlimited,0,Unlimited,Selection constraint for Red Hat-Virtualization: no max,Q0D25A,Standard,Red Hat High Availability 2 Sockets or 2 Guests 5yr Subscription Flexible LTU,0,"$2,085.00",,NA,,No,Available,,Not published by OCA,Active,08/15/2016,11/30/2027,"{""Extended Price (USD)"":""NA""}",UNCHANGED,"$2,085.00",$0.00,$0.00,"$2,026.00"
Software & Licenses,Red Hat-Virtualization,HPE OCA > OCA Solution > Software & Licenses > Red Hat-Virtualization,Operating System / License,Unlimited,0,Unlimited,Selection constraint for Red Hat-Virtualization: no max,Q0D26A,Standard,Red Hat High Availability 2 Sockets Unlimited Guests 5yr Subscription Flexible LTU,0,"$7,532.00",,NA,,No,Available,,Not published by OCA,Active,08/15/2016,11/30/2027,"{""Extended Price (USD)"":""NA""}",UNCHANGED,"$7,532.00",$0.00,$0.00,"$2,026.00"
Software & Licenses,Red Hat-Virtualization,HPE OCA > OCA Solution > Software & Licenses > Red Hat-Virtualization,Operating System / License,Unlimited,0,Unlimited,Selection constraint for Red Hat-Virtualization: no max,Q0D29A,Standard,Red Hat Resilient Storage 2 Sockets or 2 Guests 5yr Subscription Flexible LTU,0,"$4,395.00",,NA,,No,Available,,Not published by OCA,Active,08/15/2016,11/30/2027,"{""Extended Price (USD)"":""NA""}",UNCHANGED,"$4,395.00",$0.00,$0.00,"$2,026.00"
Software & Licenses,Red Hat-Virtualization,HPE OCA > OCA Solution > Software & Licenses > Red Hat-Virtualization,Operating System / License,Unlimited,0,Unlimited,Selection constraint for Red Hat-Virtualization: no max,Q0D30A,Standard,Red Hat Resilient Storage 2 Sockets Unlimited Guests 5yr Subscription Flexible LTU,0,"$15,095.00",,NA,,No,Available,,Not published by OCA,Active,08/15/2016,11/30/2027,"{""Extended Price (USD)"":""NA""}",UNCHANGED,"$15,095.00",$0.00,$0.00,"$2,026.00"
Software & Licenses,SUSE Add-ons,HPE OCA > OCA Solution > Software & Licenses > SUSE Add-ons,Operating System / License,Unlimited,0,Unlimited,Selection constraint for SUSE Add-ons: no max,M6K34A,Standard,SUSE Linux Enterprise High Availability Extension 1-2 Sockets 3 Year Subscription Flx LTU,0,"$2,040.00",,NA,,No,Available,,Not published by OCA,Active,06/01/2015,09/30/2027,"{""Extended Price (USD)"":""NA""}",UNCHANGED,"$2,040.00",$0.00,$0.00,"$2,026.00"
Software & Licenses,SUSE containers,HPE OCA > OCA Solution > Software & Licenses > SUSE containers,Service & Support,Unlimited,0,Unlimited,Selection constraint for SUSE containers: no max,M6K28A,Standard,SUSE Linux Enterprise Server 1-2 Sockets or 1-2 VM 3 Year Subscription 24x7 Support Flx LTU,0,"$3,780.00",,NA,,No,Obsolete (OB),,Not published by OCA,Obsolete (OB),06/01/2015,05/05/2024,"{""Extended Price (USD)"":""NA""}",UNCHANGED,"$3,780.00",$0.00,$0.00,"$2,026.00"
Software & Licenses,SUSE containers,HPE OCA > OCA Solution > Software & Licenses > SUSE containers,Service & Support,Unlimited,0,Unlimited,Selection constraint for SUSE containers: no max,N0U73A,Standard,SUSE Linux Enterprise Server SAP 1-2 Sockets or 1-2 VM 3-year Subscription 24x7 Support Flexible LTU,0,"$7,803.00",,NA,,No,Obsolete (OB),,Not published by OCA,Obsolete (OB),08/17/2015,03/02/2026,"{""Extended Price (USD)"":""NA""}",UNCHANGED,"$7,803.00",$0.00,$0.00,"$2,026.00"
Software & Licenses,SUSE containers,HPE OCA > OCA Solution > Software & Licenses > SUSE containers,Service & Support,Unlimited,0,Unlimited,Selection constraint for SUSE containers: no max,N0U75A,Standard,SUSE Linux Enterprise Server SAP 1-2 Sockets or 1-2 VM 5-year Subscription 24x7 Support Flexible LTU,0,"$13,005.00",,NA,,No,Obsolete (OB),,Not published by OCA,Obsolete (OB),08/17/2015,03/02/2026,"{""Extended Price (USD)"":""NA""}",UNCHANGED,"$13,005.00",$0.00,$0.00,"$2,026.00"
Software & Licenses,SUSE containers,HPE OCA > OCA Solution > Software & Licenses > SUSE containers,Service & Support,Unlimited,0,Unlimited,Selection constraint for SUSE containers: no max,N7F54A,Standard,SUSE Linux Enterprise Server 1-2 Sockets or 1-2 VM 1 Year Subscription 24x7 Support Flx LTU,0,"$1,400.00",,NA,,No,Obsolete (OB),,Not published by OCA,Obsolete (OB),08/17/2015,05/05/2024,"{""Extended Price (USD)"":""NA""}",UNCHANGED,"$1,400.00",$0.00,$0.00,"$2,026.00"
Software & Licenses,SUSE containers,HPE OCA > OCA Solution > Software & Licenses > SUSE containers,Service & Support,Unlimited,0,Unlimited,Selection constraint for SUSE containers: no max,N7F55A,Standard,SUSE Linux Enterprise Server 1-2 Sockets or 1-2 VM 1 Year Subscription 9x5 Support Flx LTU,0,$859.00,,NA,,No,Obsolete (OB),,Not published by OCA,Obsolete (OB),08/17/2015,05/05/2024,"{""Extended Price (USD)"":""NA""}",UNCHANGED,$859.00,$0.00,$0.00,"$2,026.00"
Software & Licenses,SUSE containers,HPE OCA > OCA Solution > Software & Licenses > SUSE containers,Operating System / License,Unlimited,0,Unlimited,Selection constraint for SUSE containers: no max,R8V84A,Standard,SUSE Linux Enterprise Server for SAP 1-2 Sockets Unlimited VM w/Live Patching 3yr 24x7 Flexible LTU,0,"$18,873.00",,NA,,No,Obsolete (OB),,Not published by OCA,Obsolete (OB),10/04/2021,03/02/2026,"{""Extended Price (USD)"":""NA""}",ADDED,N/A,"$18,873.00",$100.00,"$2,026.00"
Software & Licenses,SUSE containers,HPE OCA > OCA Solution > Software & Licenses > SUSE containers,Operating System / License,Unlimited,0,Unlimited,Selection constraint for SUSE containers: no max,R8V85A,Standard,SUSE Linux Enterprise Server for SAP 1-2 Sockets Unlimited VM w/Live Patching 5yr 24x7 Flexible LTU,0,"$31,455.00",,NA,,No,Obsolete (OB),,Not published by OCA,Obsolete (OB),10/04/2021,03/02/2026,"{""Extended Price (USD)"":""NA""}",ADDED,N/A,"$31,455.00",$100.00,"$2,026.00"
Software & Licenses,SUSE containers,HPE OCA > OCA Solution > Software & Licenses > SUSE containers,Operating System / License,Unlimited,0,Unlimited,Selection constraint for SUSE containers: no max,S3R49A,Standard,SUSE Linux Enterprise Server w/SUSE Manager Lifecycle Management+ 1-2 Sockets/1-2 VM 3yr 24x7 LTU,0,"$4,399.00",,NA,,No,Obsolete (OB),,Not published by OCA,Obsolete (OB),05/06/2024,03/02/2026,"{""Extended Price (USD)"":""NA""}",ADDED,N/A,"$4,399.00",$100.00,"$2,026.00"
Software & Licenses,SUSE containers,HPE OCA > OCA Solution > Software & Licenses > SUSE containers,Operating System / License,Unlimited,0,Unlimited,Selection constraint for SUSE containers: no max,S3R50A,Standard,SUSE Linux Enterprise Server w/SUSE Manager Lifecycle Management+ 1-2 Sockets/1-2 VM 1yr 24x7 LTU,0,"$1,599.00",,NA,,No,Obsolete (OB),,Not published by OCA,Obsolete (OB),05/06/2024,03/02/2026,"{""Extended Price (USD)"":""NA""}",ADDED,N/A,"$1,599.00",$100.00,"$2,026.00"
Software & Licenses,SUSE containers,HPE OCA > OCA Solution > Software & Licenses > SUSE containers,Operating System / License,Unlimited,0,Unlimited,Selection constraint for SUSE containers: no max,S3R51A,Standard,SUSE Linux Enterprise Server w/SUSE Manager Lifecycle Management+ 1-2 Sockets/1-2 VM 1yr 9x5 LTU,0,"$1,099.00",,NA,,No,Obsolete (OB),,Not published by OCA,Obsolete (OB),05/06/2024,03/02/2026,"{""Extended Price (USD)"":""NA""}",ADDED,N/A,"$1,099.00",$100.00,"$2,026.00"
Software & Licenses,SUSE containers,HPE OCA > OCA Solution > Software & Licenses > SUSE containers,Operating System / License,Unlimited,0,Unlimited,Selection constraint for SUSE containers: no max,S3R52A,Standard,SUSE Linux Enterprise Server w/SUSE Manager Lifecycle Management+ 1-2 Sockets/1-2 VM 5yr 24x7 LTU,0,"$7,196.00",,NA,,No,Obsolete (OB),,Not published by OCA,Obsolete (OB),05/06/2024,03/02/2026,"{""Extended Price (USD)"":""NA""}",ADDED,N/A,"$7,196.00",$100.00,"$2,026.00"
Software & Licenses,SUSE containers,HPE OCA > OCA Solution > Software & Licenses > SUSE containers,Operating System / License,Unlimited,0,Unlimited,Selection constraint for SUSE containers: no max,S3R53A,Standard,SUSE Linux Enterprise Server w/SUSE Manager Lifecycle Management+ 1-2 Sockets/1-2 VM 3yr 9x5 LTU,0,"$2,990.00",,NA,,No,Obsolete (OB),,Not published by OCA,Obsolete (OB),05/06/2024,03/02/2026,"{""Extended Price (USD)"":""NA""}",ADDED,N/A,"$2,990.00",$100.00,"$2,026.00"
Software & Licenses,SUSE containers,HPE OCA > OCA Solution > Software & Licenses > SUSE containers,Operating System / License,Unlimited,0,Unlimited,Selection constraint for SUSE containers: no max,S3R54A,Standard,SUSE Linux Enterprise Server w/SUSE Manager Lifecycle Management+ 1-2 Sockets/1-2 VM 5yr 9x5 LTU,0,"$4,946.00",,NA,,No,Obsolete (OB),,Not published by OCA,Obsolete (OB),05/06/2024,03/02/2026,"{""Extended Price (USD)"":""NA""}",ADDED,N/A,"$4,946.00",$100.00,"$2,026.00"
Software & Licenses,SUSE containers,HPE OCA > OCA Solution > Software & Licenses > SUSE containers,Service & Support,Unlimited,0,Unlimited,Selection constraint for SUSE containers: no max,S7N85A,Standard,SUSE Linux Enterprise Server for SAP Applications 1-2 Sockets or 1-2 VM 3-year Sub 24x7 Support LTU,0,"$7,803.00",,NA,,No,Available,,Not published by OCA,Active,03/02/2026,04/30/2028,"{""Extended Price (USD)"":""NA""}",ADDED,N/A,"$7,803.00",$100.00,"$2,026.00"
Software & Licenses,SUSE containers,HPE OCA > OCA Solution > Software & Licenses > SUSE containers,Service & Support,Unlimited,0,Unlimited,Selection constraint for SUSE containers: no max,S7N86A,Standard,SUSE Linux Enterprise Server for SAP Applications 1-2 Sockets or 1-2 VM 5-year Sub 24x7 Support LTU,0,"$13,005.00",,NA,,No,Available,,Not published by OCA,Active,03/02/2026,04/30/2028,"{""Extended Price (USD)"":""NA""}",ADDED,N/A,"$13,005.00",$100.00,"$2,026.00"
Software & Licenses,SUSE containers,HPE OCA > OCA Solution > Software & Licenses > SUSE containers,Operating System / License,Unlimited,0,Unlimited,Selection constraint for SUSE containers: no max,S7N89A,Standard,SUSE Linux Enterprise Server w/SUSE Multi-Linux Mgr Lifecycle Mgmt+ 1-2 Skts/1-2 VM 1yr 24x7 LTU,0,"$1,599.00",,NA,,No,Available,,Not published by OCA,Active,03/02/2026,04/30/2028,"{""Extended Price (USD)"":""NA""}",ADDED,N/A,"$1,599.00",$100.00,"$2,026.00"
Software & Licenses,SUSE containers,HPE OCA > OCA Solution > Software & Licenses > SUSE containers,Operating System / License,Unlimited,0,Unlimited,Selection constraint for SUSE containers: no max,S7N90A,Standard,SUSE Linux Enterprise Server w/SUSE Multi-Linux Mgr Lifecycle Mgmt+ 1-2 Skts/1-2 VM 1yr 9x5 LTU,0,"$1,099.00",,NA,,No,Available,,Not published by OCA,Active,03/02/2026,04/30/2028,"{""Extended Price (USD)"":""NA""}",ADDED,N/A,"$1,099.00",$100.00,"$2,026.00"
Software & Licenses,SUSE containers,HPE OCA > OCA Solution > Software & Licenses > SUSE containers,Operating System / License,Unlimited,0,Unlimited,Selection constraint for SUSE containers: no max,S7N91A,Standard,SUSE Linux Enterprise Server w/SUSE Multi-Linux Mgr Lifecycle Mgmt+ 1-2 Skts/1-2 VM 3yr 24x7 LTU,0,"$4,399.00",,NA,,No,Available,,Not published by OCA,Active,03/02/2026,04/30/2028,"{""Extended Price (USD)"":""NA""}",ADDED,N/A,"$4,399.00",$100.00,"$2,026.00"
Software & Licenses,SUSE containers,HPE OCA > OCA Solution > Software & Licenses > SUSE containers,Operating System / License,Unlimited,0,Unlimited,Selection constraint for SUSE containers: no max,S7N92A,Standard,SUSE Linux Enterprise Server w/SUSE Multi-Linux Mgr Lifecycle Mgmt+ 1-2 Skts/1-2 VM 3yr 9x5 LTU,0,"$2,990.00",,NA,,No,Available,,Not published by OCA,Active,03/02/2026,04/30/2028,"{""Extended Price (USD)"":""NA""}",ADDED,N/A,"$2,990.00",$100.00,"$2,026.00"
Software & Licenses,SUSE containers,HPE OCA > OCA Solution > Software & Licenses > SUSE containers,Operating System / License,Unlimited,0,Unlimited,Selection constraint for SUSE containers: no max,S7N93A,Standard,SUSE Linux Enterprise Server w/SUSE Multi-Linux Mgr Lifecycle Mgmt+ 1-2 Skts/1-2 VM 5yr 24x7 LTU,0,"$7,196.00",,NA,,No,Available,,Not published by OCA,Active,03/02/2026,04/30/2028,"{""Extended Price (USD)"":""NA""}",ADDED,N/A,"$7,196.00",$100.00,"$2,026.00"
Software & Licenses,SUSE containers,HPE OCA > OCA Solution > Software & Licenses > SUSE containers,Operating System / License,Unlimited,0,Unlimited,Selection constraint for SUSE containers: no max,S7N94A,Standard,SUSE Linux Enterprise Server w/SUSE Multi-Linux Mgr Lifecycle Mgmt+ 1-2 Skts/1-2 VM 5yr 9x5 LTU,0,"$4,946.00",,NA,,No,Available,,Not published by OCA,Active,03/02/2026,04/30/2028,"{""Extended Price (USD)"":""NA""}",ADDED,N/A,"$4,946.00",$100.00,"$2,026.00"
Software & Licenses,SUSE containers,HPE OCA > OCA Solution > Software & Licenses > SUSE containers,Operating System / License,Unlimited,0,Unlimited,Selection constraint for SUSE containers: no max,S7P12A,Standard,SUSE Linux Enterprise Server for SAP Applications 1-2 Sockets or 1-2 VM 3-year Sub 24x7 Sup Flex LTU,0,"$7,803.00",,NA,,No,Available,,Not published by OCA,Active,03/02/2026,04/30/2028,"{""Extended Price (USD)"":""NA""}",ADDED,N/A,"$7,803.00",$100.00,"$2,026.00"
Software & Licenses,SUSE containers,HPE OCA > OCA Solution > Software & Licenses > SUSE containers,Operating System / License,Unlimited,0,Unlimited,Selection constraint for SUSE containers: no max,S7P13A,Standard,SUSE Linux Enterprise Server for SAP Applications 1-2 Sockets or 1-2 VM 5-year Sub 24x7 Sup Flex LTU,0,"$13,005.00",,NA,,No,Available,,Not published by OCA,Active,03/02/2026,04/30/2028,"{""Extended Price (USD)"":""NA""}",ADDED,N/A,"$13,005.00",$100.00,"$2,026.00"
Software & Licenses,SUSE SAP Operating Systems,HPE OCA > OCA Solution > Software & Licenses > SUSE SAP Operating Systems,Service & Support,Unlimited,0,Unlimited,Selection constraint for SUSE SAP Operating Systems: no max,M6K30A,Standard,SUSE Linux Enterprise Server SAP 1-2 Sockets or 1-2 VM 3 Year Subscription 24x7 Support Flx LTU,0,"$7,803.00",,NA,,No,Obsolete (OB),,Not published by OCA,Obsolete (OB),06/01/2015,03/02/2026,"{""Extended Price (USD)"":""NA""}",UNCHANGED,"$7,803.00",$0.00,$0.00,"$2,026.00"
Software & Licenses,SUSE SAP Operating Systems,HPE OCA > OCA Solution > Software & Licenses > SUSE SAP Operating Systems,Service & Support,Unlimited,0,Unlimited,Selection constraint for SUSE SAP Operating Systems: no max,M6K32A,Standard,SUSE Linux Enterprise Server SAP 1-2 Sockets or 1-2 VM 5 Year Subscription 24x7 Support Flx LTU,0,"$13,005.00",,NA,,No,Obsolete (OB),,Not published by OCA,Obsolete (OB),06/01/2015,03/02/2026,"{""Extended Price (USD)"":""NA""}",UNCHANGED,"$13,005.00",$0.00,$0.00,"$2,026.00"
Software & Licenses,OneView Management Software,HPE OCA > OCA Solution > Software & Licenses > OneView Management Software,Service & Support,max 1,0,1,Selection constraint for OneView Management Software: max 1,E5Y44A,Standard,HPE OneView for ProLiant DL Server including 3yr 24x7 Support Bundle Track 1-server LTU,0,$799.00,,NA,,No,Available,,Not published by OCA,Active,11/01/2013,07/31/2030,"{""Extended Price (USD)"":""NA""}",UNCHANGED,$799.00,$0.00,$0.00,"$2,026.00"
Software & Licenses,OneView Management Software,HPE OCA > OCA Solution > Software & Licenses > OneView Management Software,Service & Support,max 1,0,1,Selection constraint for OneView Management Software: max 1,E5Y43A,Standard,HPE OneView for ProLiant DL Server including 3yr 24x7 Support FIO Bundle Physical 1-server LTU,0,$849.00,,NA,,No,Available,,Not published by OCA,Active,11/01/2013,07/31/2030,"{""Extended Price (USD)"":""NA""}",UNCHANGED,$849.00,$0.00,$0.00,"$2,026.00"
Software & Licenses,OneView Management Software,HPE OCA > OCA Solution > Software & Licenses > OneView Management Software,Service & Support,max 1,0,1,Selection constraint for OneView Management Software: max 1,E5Y36A,Standard,HPE OneView including 3yr 24x7 Support Track 1-server LTU,0,$999.00,,NA,,No,Available,,Not published by OCA,Active,11/01/2013,07/31/2030,"{""Extended Price (USD)"":""NA""}",UNCHANGED,$999.00,$0.00,$0.00,"$2,026.00"
Software & Licenses,OneView Management Software,HPE OCA > OCA Solution > Software & Licenses > OneView Management Software,Service & Support,max 1,0,1,Selection constraint for OneView Management Software: max 1,P8B31A,Standard,HPE OneView w/o iLO including 3yr 24x7 Support 1-server FIO LTU,0,$480.00,,NA,,No,Available,,Not published by OCA,Active,10/09/2015,07/31/2030,"{""Extended Price (USD)"":""NA""}",UNCHANGED,$480.00,$0.00,$0.00,"$2,026.00"
Software & Licenses,OneView Management Software,HPE OCA > OCA Solution > Software & Licenses > OneView Management Software,Service & Support,max 1,0,1,Selection constraint for OneView Management Software: max 1,P8B25A,Standard,HPE OneView w/o iLO including 3yr 24x7 Support Track 1-server LTU,0,$499.00,,NA,,No,Available,,Not published by OCA,Active,10/09/2015,07/31/2030,"{""Extended Price (USD)"":""NA""}",UNCHANGED,$499.00,$0.00,$0.00,"$2,026.00"
Software & Licenses,Proliant Software Media Kits,HPE OCA > OCA Solution > Software & Licenses > Proliant Software Media Kits,Operating System / License,Unlimited,0,Unlimited,Not Supported ProStack Server Software,S1T84A,Standard,HPE Alletra dHCI for ProLiant Gen11 with VMware ESXi 7.0 FIO Software,0,$1.00,,NA,,No,Obsolete (OB),,Not published by OCA,Obsolete (OB),08/07/2023,09/30/2025,"{""Extended Price (USD)"":""NA""}",ADDED,N/A,$1.00,$100.00,"$2,026.00"
Software & Licenses,Proliant Software Media Kits,HPE OCA > OCA Solution > Software & Licenses > Proliant Software Media Kits,Operating System / License,Unlimited,0,Unlimited,Not Supported ProStack Server Software,S1T85A,Standard,HPE Alletra dHCI for ProLiant Gen11 with VMware ESXi 8.0 FIO Software,0,$1.00,,NA,,No,Not published by OCA,,Not published by OCA,Active,08/07/2023,09/30/2027,"{""Extended Price (USD)"":""NA""}",ADDED,N/A,$1.00,$100.00,"$2,026.00"
Software & Licenses,Proliant Software Media Kits,HPE OCA > OCA Solution > Software & Licenses > Proliant Software Media Kits,Operating System / License,Unlimited,0,Unlimited,Not Supported ProStack Server Software,S3V79A,Standard,HPE GreenLake for Private Cloud Business Edition w/AL STG MP Addl ProLiant G11 w/VMware 7.0 FIO SW,0,$1.00,,NA,,No,Not published by OCA,,Not published by OCA,Active,07/01/2024,09/30/2027,"{""Extended Price (USD)"":""NA""}",ADDED,N/A,$1.00,$100.00,"$2,026.00"
Software & Licenses,Proliant Software Media Kits,HPE OCA > OCA Solution > Software & Licenses > Proliant Software Media Kits,Operating System / License,Unlimited,0,Unlimited,Not Supported ProStack Server Software,S3V80A,Standard,HPE GreenLake for Private Cloud Business Edition w/AL STG MP Addl ProLiant G11 w/VMware 8.0 FIO SW,0,$1.00,,NA,,No,Not published by OCA,,Not published by OCA,Active,07/01/2024,09/30/2027,"{""Extended Price (USD)"":""NA""}",ADDED,N/A,$1.00,$100.00,"$2,026.00"
Software & Licenses,Proliant Software Media Kits,HPE OCA > OCA Solution > Software & Licenses > Proliant Software Media Kits,Operating System / License,Unlimited,0,Unlimited,Not Supported ProStack Server Software,S3V87A,Standard,HPE GreenLake for Private Cloud Business Edition w/Alletra STG MP Compatible Servers Tracking,0,$1.00,,NA,,No,Not published by OCA,,Not published by OCA,Active,07/01/2024,09/30/2027,"{""Extended Price (USD)"":""NA""}",ADDED,N/A,$1.00,$100.00,"$2,026.00"
Software & Licenses,Proliant Software Media Kits,HPE OCA > OCA Solution > Software & Licenses > Proliant Software Media Kits,Service & Support,Unlimited,0,Unlimited,Not Supported ProStack Server Software,S4V16A,Standard,HPE Virtualization Service FIO Software,0,$1.00,,NA,,No,Obsolete (OB),,Not published by OCA,Obsolete (OB),05/05/2025,09/10/2025,"{""Extended Price (USD)"":""NA""}",ADDED,N/A,$1.00,$100.00,"$2,026.00"
Software & Licenses,Proliant Software Media Kits,HPE OCA > OCA Solution > Software & Licenses > Proliant Software Media Kits,Operating System / License,Unlimited,0,Unlimited,Not Supported ProStack Server Software,S6F19A,Standard,HPE Morpheus VM Essentials Software FIO E-LTU,0,$1.00,,NA,,No,Not published by OCA,,Not published by OCA,Active,07/07/2025,03/31/2028,"{""Extended Price (USD)"":""NA""}",ADDED,N/A,$1.00,$100.00,"$2,026.00"
Software & Licenses,Integrated Lights Out Software,HPE OCA > OCA Solution > Software & Licenses > Integrated Lights Out Software,Service & Support,Unlimited,0,Unlimited,Selection constraint for Integrated Lights Out Software: no max,512485-B21,Standard,HPE iLO Advanced 1-server License with 1yr Support on iLO Licensed Features,0,$399.00,,NA,,No,Available,,Not published by OCA,Active,11/18/2008,01/25/2036,"{""Extended Price (USD)"":""NA""}",UNCHANGED,$399.00,$0.00,$0.00,2026-08-27: (no price) → 2026-08-28: (no price) → 2026-09-09: $399.00 → 2026-09-10: $399.00
Software & Licenses,Integrated Lights Out Software,HPE OCA > OCA Solution > Software & Licenses > Integrated Lights Out Software,Service & Support,Unlimited,0,Unlimited,Selection constraint for Integrated Lights Out Software: no max,BD505A,Standard,HPE iLO Advanced 1-server License with 3yr Support on iLO Licensed Features,1,$469.00,,$469.00,,No,Available,,Not published by OCA,Active,03/26/2012,01/25/2036,"{""Extended Price (USD)"":""469.00""}",UNCHANGED,$469.00,$0.00,$0.00,2026-08-27: (no price) → 2026-08-28: (no price) → 2026-09-09: $469.00 → 2026-09-10: $469.00
Software & Licenses,Integrated Lights Out Software,HPE OCA > OCA Solution > Software & Licenses > Integrated Lights Out Software,Service & Support,Unlimited,0,Unlimited,Selection constraint for Integrated Lights Out Software: no max,512487-B21,Standard,HPE iLO Advanced AKA Tracking License with 1yr Support on iLO Licensed Features,0,$399.00,,NA,,No,Available,,Not published by OCA,Active,03/04/2015,01/25/2036,"{""Extended Price (USD)"":""NA""}",UNCHANGED,$399.00,$0.00,$0.00,2026-08-27: (no price) → 2026-08-28: (no price) → 2026-09-09: $399.00 → 2026-09-10: $399.00
Software & Licenses,Integrated Lights Out Software,HPE OCA > OCA Solution > Software & Licenses > Integrated Lights Out Software,Service & Support,Unlimited,0,Unlimited,Selection constraint for Integrated Lights Out Software: no max,BD507A,Standard,HPE iLO Advanced AKA Tracking License with 3yr Support on iLO Licensed Features,0,$469.00,,NA,,No,Available,,Not published by OCA,Active,03/26/2012,01/25/2036,"{""Extended Price (USD)"":""NA""}",UNCHANGED,$469.00,$0.00,$0.00,2026-08-27: (no price) → 2026-08-28: (no price) → 2026-09-09: $469.00 → 2026-09-10: $469.00
Software & Licenses,Integrated Lights Out Software,HPE OCA > OCA Solution > Software & Licenses > Integrated Lights Out Software,Service & Support,Unlimited,0,Unlimited,Selection constraint for Integrated Lights Out Software: no max,E6U59ABE,Standard,HPE iLO Advanced Electronic License with 1yr Support on iLO Licensed Features,0,$399.00,,NA,,No,Available,,Not published by OCA,Active,09/10/2013,01/25/2036,"{""Extended Price (USD)"":""NA""}",UNCHANGED,$399.00,$0.00,$0.00,2026-08-27: (no price) → 2026-08-28: (no price) → 2026-09-09: $399.00 → 2026-09-10: $399.00
Software & Licenses,Integrated Lights Out Software,HPE OCA > OCA Solution > Software & Licenses > Integrated Lights Out Software,Service & Support,Unlimited,0,Unlimited,Selection constraint for Integrated Lights Out Software: no max,E6U64ABE,Standard,HPE iLO Advanced Electronic License with 3yr Support on iLO Licensed Features,0,$467.00,,NA,,No,Available,,Not published by OCA,Active,09/10/2013,01/25/2036,"{""Extended Price (USD)"":""NA""}",UNCHANGED,$467.00,$0.00,$0.00,2026-08-27: (no price) → 2026-08-28: (no price) → 2026-09-09: $467.00 → 2026-09-10: $467.00
Software & Licenses,Integrated Lights Out Software,HPE OCA > OCA Solution > Software & Licenses > Integrated Lights Out Software,Service & Support,Unlimited,0,Unlimited,Selection constraint for Integrated Lights Out Software: no max,512486-B21,Standard,HPE iLO Advanced Flexible Quantity License with 1yr Support on iLO Licensed Features,0,$399.00,,NA,,No,Obsolete (OB),,Not published by OCA,Obsolete (OB),11/18/2008,10/01/2024,"{""Extended Price (USD)"":""NA""}",UNCHANGED,$399.00,$0.00,$0.00,2026-08-27: (no price) → 2026-08-28: (no price) → 2026-09-09: $399.00 → 2026-09-10: $399.00
Software & Licenses,Integrated Lights Out Software,HPE OCA > OCA Solution > Software & Licenses > Integrated Lights Out Software,Service & Support,Unlimited,0,Unlimited,Selection constraint for Integrated Lights Out Software: no max,BD506A,Standard,HPE iLO Advanced Flexible Quantity License with 3yr Support on iLO Licensed Features,0,$469.00,,NA,,No,Obsolete (OB),,Not published by OCA,Obsolete (OB),03/26/2012,10/01/2024,"{""Extended Price (USD)"":""NA""}",UNCHANGED,$469.00,$0.00,$0.00,2026-08-27: (no price) → 2026-08-28: (no price) → 2026-09-09: $469.00 → 2026-09-10: $469.00
Software & Licenses,Integrated Lights Out Software,HPE OCA > OCA Solution > Software & Licenses > Integrated Lights Out Software,Operating System / License,Unlimited,0,Unlimited,Selection constraint for Integrated Lights Out Software: no max,P11086-B21,Standard,Microsoft Windows Server 2016 Downgrade Datacenter FIO Not Pre-installed English SW,0,$28.00,NA,NA,,No,Obsolete (OB),,Not published by OCA,Obsolete (OB),04/02/2019,05/31/2025,"{""Price Delta (USD)"":""NA"",""Extended Price (USD)"":""NA""}",UNCHANGED,$28.00,$0.00,$0.00,"$2,026.00"
Software & Licenses,Integrated Lights Out Software,HPE OCA > OCA Solution > Software & Licenses > Integrated Lights Out Software,Operating System / License,Unlimited,0,Unlimited,Selection constraint for Integrated Lights Out Software: no max,P11086-051,Standard,Microsoft Windows Server 2016 Downgrade Datacenter FIO Not Pre-installed French SW,0,$28.00,NA,NA,,No,Obsolete (OB),,Not published by OCA,Obsolete (OB),04/02/2019,05/31/2025,"{""Price Delta (USD)"":""NA"",""Extended Price (USD)"":""NA""}",UNCHANGED,$28.00,$0.00,$0.00,"$2,026.00"
Software & Licenses,Integrated Lights Out Software,HPE OCA > OCA Solution > Software & Licenses > Integrated Lights Out Software,Operating System / License,Unlimited,0,Unlimited,Selection constraint for Integrated Lights Out Software: no max,P11086-041,Standard,Microsoft Windows Server 2016 Downgrade Datacenter FIO Not Pre-installed German SW,0,$20.00,NA,NA,,No,Obsolete (OB),,Not published by OCA,Obsolete (OB),04/02/2019,05/31/2025,"{""Price Delta (USD)"":""NA"",""Extended Price (USD)"":""NA""}",UNCHANGED,$20.00,$0.00,$0.00,"$2,026.00"
Software & Licenses,Integrated Lights Out Software,HPE OCA > OCA Solution > Software & Licenses > Integrated Lights Out Software,Operating System / License,Unlimited,0,Unlimited,Selection constraint for Integrated Lights Out Software: no max,P11086-061,Standard,Microsoft Windows Server 2016 Downgrade Datacenter FIO Not Pre-installed Italian SW,0,$20.00,NA,NA,,No,Obsolete (OB),,Not published by OCA,Obsolete (OB),04/02/2019,05/31/2025,"{""Price Delta (USD)"":""NA"",""Extended Price (USD)"":""NA""}",UNCHANGED,$20.00,$0.00,$0.00,"$2,026.00"
Software & Licenses,Integrated Lights Out Software,HPE OCA > OCA Solution > Software & Licenses > Integrated Lights Out Software,Operating System / License,Unlimited,0,Unlimited,Selection constraint for Integrated Lights Out Software: no max,P11086-291,Standard,Microsoft Windows Server 2016 Downgrade Datacenter FIO Not Pre-installed Japanese SW,0,$0.00,NA,NA,,No,Obsolete (OB),,Not published by OCA,Obsolete (OB),04/02/2019,05/31/2025,"{""Price Delta (USD)"":""NA"",""Extended Price (USD)"":""NA""}",UNCHANGED,N/A,$0.00,$0.00,2026-09-10: (no price)
Software & Licenses,Integrated Lights Out Software,HPE OCA > OCA Solution > Software & Licenses > Integrated Lights Out Software,Operating System / License,Unlimited,0,Unlimited,Selection constraint for Integrated Lights Out Software: no max,P11086-071,Standard,Microsoft Windows Server 2016 Downgrade Datacenter FIO Not Pre-installed Spanish SW,0,$20.00,NA,NA,,No,Obsolete (OB),,Not published by OCA,Obsolete (OB),04/02/2019,05/31/2025,"{""Price Delta (USD)"":""NA"",""Extended Price (USD)"":""NA""}",UNCHANGED,$20.00,$0.00,$0.00,"$2,026.00"
Software & Licenses,Integrated Lights Out Software,HPE OCA > OCA Solution > Software & Licenses > Integrated Lights Out Software,Operating System / License,Unlimited,0,Unlimited,Selection constraint for Integrated Lights Out Software: no max,P11083-B21,Standard,Microsoft Windows Server 2016 Downgrade Standard FIO Not Pre-installed English SW,0,$20.00,NA,NA,,No,Obsolete (OB),,Not published by OCA,Obsolete (OB),04/02/2019,05/31/2025,"{""Price Delta (USD)"":""NA"",""Extended Price (USD)"":""NA""}",UNCHANGED,$20.00,$0.00,$0.00,"$2,026.00"
Software & Licenses,Integrated Lights Out Software,HPE OCA > OCA Solution > Software & Licenses > Integrated Lights Out Software,Operating System / License,Unlimited,0,Unlimited,Selection constraint for Integrated Lights Out Software: no max,P11083-051,Standard,Microsoft Windows Server 2016 Downgrade Standard FIO Not Pre-installed French SW,0,$20.00,NA,NA,,No,Obsolete (OB),,Not published by OCA,Obsolete (OB),04/02/2019,05/31/2025,"{""Price Delta (USD)"":""NA"",""Extended Price (USD)"":""NA""}",UNCHANGED,$20.00,$0.00,$0.00,"$2,026.00"
Software & Licenses,Integrated Lights Out Software,HPE OCA > OCA Solution > Software & Licenses > Integrated Lights Out Software,Operating System / License,Unlimited,0,Unlimited,Selection constraint for Integrated Lights Out Software: no max,P11083-041,Standard,Microsoft Windows Server 2016 Downgrade Standard FIO Not Pre-installed German SW,0,$20.00,NA,NA,,No,Obsolete (OB),,Not published by OCA,Obsolete (OB),04/02/2019,05/31/2025,"{""Price Delta (USD)"":""NA"",""Extended Price (USD)"":""NA""}",UNCHANGED,$20.00,$0.00,$0.00,"$2,026.00"
Software & Licenses,Integrated Lights Out Software,HPE OCA > OCA Solution > Software & Licenses > Integrated Lights Out Software,Operating System / License,Unlimited,0,Unlimited,Selection constraint for Integrated Lights Out Software: no max,P11083-061,Standard,Microsoft Windows Server 2016 Downgrade Standard FIO Not Pre-installed Italian SW,0,$28.00,NA,NA,,No,Obsolete (OB),,Not published by OCA,Obsolete (OB),04/02/2019,05/31/2025,"{""Price Delta (USD)"":""NA"",""Extended Price (USD)"":""NA""}",UNCHANGED,$28.00,$0.00,$0.00,"$2,026.00"
Software & Licenses,Integrated Lights Out Software,HPE OCA > OCA Solution > Software & Licenses > Integrated Lights Out Software,Operating System / License,Unlimited,0,Unlimited,Selection constraint for Integrated Lights Out Software: no max,P11083-291,Standard,Microsoft Windows Server 2016 Downgrade Standard FIO Not Pre-installed Japanese SW,0,$0.00,NA,NA,,No,Obsolete (OB),,Not published by OCA,Obsolete (OB),04/02/2019,05/31/2025,"{""Price Delta (USD)"":""NA"",""Extended Price (USD)"":""NA""}",UNCHANGED,N/A,$0.00,$0.00,2026-09-10: (no price)
Software & Licenses,Integrated Lights Out Software,HPE OCA > OCA Solution > Software & Licenses > Integrated Lights Out Software,Operating System / License,Unlimited,0,Unlimited,Selection constraint for Integrated Lights Out Software: no max,P11083-071,Standard,Microsoft Windows Server 2016 Downgrade Standard FIO Not Pre-installed Spanish SW,0,$20.00,NA,NA,,No,Obsolete (OB),,Not published by OCA,Obsolete (OB),04/02/2019,05/31/2025,"{""Price Delta (USD)"":""NA"",""Extended Price (USD)"":""NA""}",UNCHANGED,$20.00,$0.00,$0.00,"$2,026.00"
Software & Licenses,Integrated Lights Out Software,HPE OCA > OCA Solution > Software & Licenses > Integrated Lights Out Software,Operating System / License,Unlimited,0,Unlimited,Selection constraint for Integrated Lights Out Software: no max,P45879-B21,Standard,Microsoft Windows Server 2019 16-core Downgrade Datacenter FIO Not Pre-installed English SW,0,$20.00,NA,NA,,No,Available,,Not published by OCA,Active,12/06/2021,01/31/2027,"{""Price Delta (USD)"":""NA"",""Extended Price (USD)"":""NA""}",UNCHANGED,$20.00,$0.00,$0.00,"$2,026.00"
Software & Licenses,Integrated Lights Out Software,HPE OCA > OCA Solution > Software & Licenses > Integrated Lights Out Software,Operating System / License,Unlimited,0,Unlimited,Selection constraint for Integrated Lights Out Software: no max,P45879-051,Standard,Microsoft Windows Server 2019 16-core Downgrade Datacenter FIO Not Pre-installed French SW,0,$20.00,NA,NA,,No,Available,,Not published by OCA,Active,12/06/2021,01/31/2027,"{""Price Delta (USD)"":""NA"",""Extended Price (USD)"":""NA""}",UNCHANGED,$20.00,$0.00,$0.00,"$2,026.00"
Software & Licenses,Integrated Lights Out Software,HPE OCA > OCA Solution > Software & Licenses > Integrated Lights Out Software,Operating System / License,Unlimited,0,Unlimited,Selection constraint for Integrated Lights Out Software: no max,P45879-041,Standard,Microsoft Windows Server 2019 16-core Downgrade Datacenter FIO Not Pre-installed German SW,0,$20.00,NA,NA,,No,Available,,Not published by OCA,Active,12/06/2021,01/31/2027,"{""Price Delta (USD)"":""NA"",""Extended Price (USD)"":""NA""}",UNCHANGED,$20.00,$0.00,$0.00,"$2,026.00"
Software & Licenses,Integrated Lights Out Software,HPE OCA > OCA Solution > Software & Licenses > Integrated Lights Out Software,Operating System / License,Unlimited,0,Unlimited,Selection constraint for Integrated Lights Out Software: no max,P45879-061,Standard,Microsoft Windows Server 2019 16-core Downgrade Datacenter FIO Not Pre-installed Italian SW,0,$20.00,NA,NA,,No,Available,,Not published by OCA,Active,12/06/2021,01/31/2027,"{""Price Delta (USD)"":""NA"",""Extended Price (USD)"":""NA""}",UNCHANGED,$20.00,$0.00,$0.00,"$2,026.00"
Software & Licenses,Integrated Lights Out Software,HPE OCA > OCA Solution > Software & Licenses > Integrated Lights Out Software,Operating System / License,Unlimited,0,Unlimited,Selection constraint for Integrated Lights Out Software: no max,P45879-291,Standard,Microsoft Windows Server 2019 16-core Downgrade Datacenter FIO Not Pre-installed Japanese SW,0,"$99,999.00",NA,NA,,No,Available,,Not published by OCA,Active,12/06/2021,01/31/2027,"{""Price Delta (USD)"":""NA"",""Extended Price (USD)"":""NA""}",UNCHANGED,"$99,999.00",$0.00,$0.00,"$2,026.00"
Software & Licenses,Integrated Lights Out Software,HPE OCA > OCA Solution > Software & Licenses > Integrated Lights Out Software,Operating System / License,Unlimited,0,Unlimited,Selection constraint for Integrated Lights Out Software: no max,P45879-071,Standard,Microsoft Windows Server 2019 16-core Downgrade Datacenter FIO Not Pre-installed Spanish SW,0,$20.00,NA,NA,,No,Available,,Not published by OCA,Active,12/06/2021,01/31/2027,"{""Price Delta (USD)"":""NA"",""Extended Price (USD)"":""NA""}",UNCHANGED,$20.00,$0.00,$0.00,"$2,026.00"
Software & Licenses,Integrated Lights Out Software,HPE OCA > OCA Solution > Software & Licenses > Integrated Lights Out Software,Operating System / License,Unlimited,0,Unlimited,Selection constraint for Integrated Lights Out Software: no max,P45862-B21,Standard,Microsoft Windows Server 2019 16-core Downgrade Standard FIO Not Pre-installed English SW,0,$20.00,NA,NA,,No,Available,,Not published by OCA,Active,12/06/2021,01/31/2027,"{""Price Delta (USD)"":""NA"",""Extended Price (USD)"":""NA""}",UNCHANGED,$20.00,$0.00,$0.00,"$2,026.00"
Software & Licenses,Integrated Lights Out Software,HPE OCA > OCA Solution > Software & Licenses > Integrated Lights Out Software,Operating System / License,Unlimited,0,Unlimited,Selection constraint for Integrated Lights Out Software: no max,P45862-051,Standard,Microsoft Windows Server 2019 16-core Downgrade Standard FIO Not Pre-installed French SW,0,$20.00,NA,NA,,No,Available,,Not published by OCA,Active,12/06/2021,01/31/2027,"{""Price Delta (USD)"":""NA"",""Extended Price (USD)"":""NA""}",UNCHANGED,$20.00,$0.00,$0.00,"$2,026.00"
Software & Licenses,Integrated Lights Out Software,HPE OCA > OCA Solution > Software & Licenses > Integrated Lights Out Software,Operating System / License,Unlimited,0,Unlimited,Selection constraint for Integrated Lights Out Software: no max,P45862-041,Standard,Microsoft Windows Server 2019 16-core Downgrade Standard FIO Not Pre-installed German SW,0,$20.00,NA,NA,,No,Available,,Not published by OCA,Active,12/06/2021,01/31/2027,"{""Price Delta (USD)"":""NA"",""Extended Price (USD)"":""NA""}",UNCHANGED,$20.00,$0.00,$0.00,"$2,026.00"
Software & Licenses,Integrated Lights Out Software,HPE OCA > OCA Solution > Software & Licenses > Integrated Lights Out Software,Operating System / License,Unlimited,0,Unlimited,Selection constraint for Integrated Lights Out Software: no max,P45862-061,Standard,Microsoft Windows Server 2019 16-core Downgrade Standard FIO Not Pre-installed Italian SW,0,$20.00,NA,NA,,No,Available,,Not published by OCA,Active,12/06/2021,01/31/2027,"{""Price Delta (USD)"":""NA"",""Extended Price (USD)"":""NA""}",UNCHANGED,$20.00,$0.00,$0.00,"$2,026.00"
Software & Licenses,Integrated Lights Out Software,HPE OCA > OCA Solution > Software & Licenses > Integrated Lights Out Software,Operating System / License,Unlimited,0,Unlimited,Selection constraint for Integrated Lights Out Software: no max,P45862-291,Standard,Microsoft Windows Server 2019 16-core Downgrade Standard FIO Not Pre-installed Japanese SW,0,"$99,999.00",NA,NA,,No,Available,,Not published by OCA,Active,12/06/2021,01/31/2027,"{""Price Delta (USD)"":""NA"",""Extended Price (USD)"":""NA""}",UNCHANGED,"$99,999.00",$0.00,$0.00,"$2,026.00"
Software & Licenses,Integrated Lights Out Software,HPE OCA > OCA Solution > Software & Licenses > Integrated Lights Out Software,Operating System / License,Unlimited,0,Unlimited,Selection constraint for Integrated Lights Out Software: no max,P45862-071,Standard,Microsoft Windows Server 2019 16-core Downgrade Standard FIO Not Pre-installed Spanish SW,0,$20.00,NA,NA,,No,Available,,Not published by OCA,Active,12/06/2021,01/31/2027,"{""Price Delta (USD)"":""NA"",""Extended Price (USD)"":""NA""}",UNCHANGED,$20.00,$0.00,$0.00,"$2,026.00"
Software & Licenses,Integrated Lights Out Software,HPE OCA > OCA Solution > Software & Licenses > Integrated Lights Out Software,Operating System / License,Unlimited,0,Unlimited,Selection constraint for Integrated Lights Out Software: no max,S6L47A,Standard,Microsoft Windows Server 2019 Downgrade Datacenter FIO Not Pre-installed WW ESD LTU,0,$20.00,NA,NA,,No,Available,,Not published by OCA,Active,09/02/2025,11/30/2027,"{""Price Delta (USD)"":""NA"",""Extended Price (USD)"":""NA""}",ADDED,N/A,$20.00,$100.00,"$2,026.00"
Software & Licenses,Integrated Lights Out Software,HPE OCA > OCA Solution > Software & Licenses > Integrated Lights Out Software,Operating System / License,Unlimited,0,Unlimited,Selection constraint for Integrated Lights Out Software: no max,S6L45A,Standard,Microsoft Windows Server 2019 Downgrade Datacenter Reseller Option Kit Japanese ESD LTU,0,$20.00,NA,NA,,No,Available,,Not published by OCA,Active,09/02/2025,11/30/2027,"{""Price Delta (USD)"":""NA"",""Extended Price (USD)"":""NA""}",ADDED,N/A,$20.00,$100.00,"$2,026.00"
Software & Licenses,Integrated Lights Out Software,HPE OCA > OCA Solution > Software & Licenses > Integrated Lights Out Software,Operating System / License,Unlimited,0,Unlimited,Selection constraint for Integrated Lights Out Software: no max,S6L46A,Standard,Microsoft Windows Server 2019 Downgrade Standard FIO Not Pre-installed WW ESD LTU,0,$20.00,NA,NA,,No,Available,,Not published by OCA,Active,09/02/2025,11/30/2027,"{""Price Delta (USD)"":""NA"",""Extended Price (USD)"":""NA""}",ADDED,N/A,$20.00,$100.00,"$2,026.00"
Software & Licenses,Integrated Lights Out Software,HPE OCA > OCA Solution > Software & Licenses > Integrated Lights Out Software,Operating System / License,Unlimited,0,Unlimited,Selection constraint for Integrated Lights Out Software: no max,S6L44A,Standard,Microsoft Windows Server 2019 Downgrade Standard Reseller Option Kit Japanese ESD LTU,0,$20.00,NA,NA,,No,Available,,Not published by OCA,Active,09/02/2025,11/30/2027,"{""Price Delta (USD)"":""NA"",""Extended Price (USD)"":""NA""}",ADDED,N/A,$20.00,$100.00,"$2,026.00"
Software & Licenses,Integrated Lights Out Software,HPE OCA > OCA Solution > Software & Licenses > Integrated Lights Out Software,Operating System / License,Unlimited,0,Unlimited,Selection constraint for Integrated Lights Out Software: no max,P77125-291,Standard,Microsoft Windows Server 2022 Downgrade Datacenter FIO Not Pre-installed Japanese SW,0,$0.00,NA,NA,,No,Available,,Not published by OCA,Active,12/02/2024,01/31/2027,"{""Price Delta (USD)"":""NA"",""Extended Price (USD)"":""NA""}",UNCHANGED,N/A,$0.00,$0.00,2026-09-10: (no price)
Software & Licenses,Integrated Lights Out Software,HPE OCA > OCA Solution > Software & Licenses > Integrated Lights Out Software,Operating System / License,Unlimited,0,Unlimited,Selection constraint for Integrated Lights Out Software: no max,S6L48A,Standard,Microsoft Windows Server 2022 Downgrade Datacenter FIO Not Pre-installed WW ESD LTU,0,$33.00,NA,NA,,No,Available,,Not published by OCA,Active,09/02/2025,11/30/2027,"{""Price Delta (USD)"":""NA"",""Extended Price (USD)"":""NA""}",ADDED,N/A,$33.00,$100.00,"$2,026.00"
Software & Licenses,Integrated Lights Out Software,HPE OCA > OCA Solution > Software & Licenses > Integrated Lights Out Software,Operating System / License,Unlimited,0,Unlimited,Selection constraint for Integrated Lights Out Software: no max,P77125-B21,Standard,Microsoft Windows Server 2022 Downgrade Datacenter FIO Not Pre-installed WW SW,0,$33.00,NA,NA,,No,Available,,Not published by OCA,Active,12/02/2024,01/31/2027,"{""Price Delta (USD)"":""NA"",""Extended Price (USD)"":""NA""}",UNCHANGED,$33.00,$0.00,$0.00,"$2,026.00"
Software & Licenses,Integrated Lights Out Software,HPE OCA > OCA Solution > Software & Licenses > Integrated Lights Out Software,Operating System / License,Unlimited,0,Unlimited,Selection constraint for Integrated Lights Out Software: no max,P77124-291,Standard,Microsoft Windows Server 2022 Downgrade Standard FIO Not Pre-installed Japanese SW,0,$0.00,NA,NA,,No,Available,,Not published by OCA,Active,12/02/2024,01/31/2027,"{""Price Delta (USD)"":""NA"",""Extended Price (USD)"":""NA""}",UNCHANGED,N/A,$0.00,$0.00,2026-09-10: (no price)
Software & Licenses,Integrated Lights Out Software,HPE OCA > OCA Solution > Software & Licenses > Integrated Lights Out Software,Operating System / License,Unlimited,0,Unlimited,Selection constraint for Integrated Lights Out Software: no max,S6L43A,Standard,Microsoft Windows Server 2022 Downgrade Standard FIO Not Pre-installed WW ESD LTU,0,$33.00,NA,NA,,No,Available,,Not published by OCA,Active,09/02/2025,11/30/2027,"{""Price Delta (USD)"":""NA"",""Extended Price (USD)"":""NA""}",ADDED,N/A,$33.00,$100.00,"$2,026.00"
Software & Licenses,Integrated Lights Out Software,HPE OCA > OCA Solution > Software & Licenses > Integrated Lights Out Software,Operating System / License,Unlimited,0,Unlimited,Selection constraint for Integrated Lights Out Software: no max,P77124-B21,Standard,Microsoft Windows Server 2022 Downgrade Standard FIO Not Pre-installed WW SW,0,$33.00,NA,NA,,No,Available,,Not published by OCA,Active,12/02/2024,01/31/2027,"{""Price Delta (USD)"":""NA"",""Extended Price (USD)"":""NA""}",UNCHANGED,$33.00,$0.00,$0.00,"$2,026.00"
Software & Licenses,Integrated Lights Out Software,HPE OCA > OCA Solution > Software & Licenses > Integrated Lights Out Software,Operating System / License,Unlimited,0,Unlimited,Selection constraint for Integrated Lights Out Software: no max,S6L41A,Standard,Microsoft Windows Server 2022 Downgrade Standard Reseller Option Kit Japanese ESD LTU,0,$33.00,NA,NA,,No,Available,,Not published by OCA,Active,09/02/2025,11/30/2027,"{""Price Delta (USD)"":""NA"",""Extended Price (USD)"":""NA""}",ADDED,N/A,$33.00,$100.00,"$2,026.00"
Software & Licenses,Proliant Software Media Kits,HPE OCA > OCA Solution > Software & Licenses > Proliant Software Media Kits,Operating System / License,Unlimited,0,Unlimited,Selection constraint for Proliant Software Media Kits: no max,Q5T84A,Standard,SUSE Linux Enterprise High Availability Extension 1-2 Sockets 1yr Subscription Flexible LTU,0,$752.00,,NA,,No,Available,,Not published by OCA,Active,06/05/2017,09/30/2027,"{""Extended Price (USD)"":""NA""}",UNCHANGED,$752.00,$0.00,$0.00,2026-08-27: (no price) → 2026-08-28: (no price) → 2026-09-09: $752.00 → 2026-09-10: $752.00
Software & Licenses,Proliant Software Media Kits,HPE OCA > OCA Solution > Software & Licenses > Proliant Software Media Kits,Operating System / License,Unlimited,0,Unlimited,Selection constraint for Proliant Software Media Kits: no max,Q5T85A,Standard,SUSE Linux Enterprise High Availability Extension 1-2 Sockets 5yr Subscription Flexible LTU,0,"$3,390.00",,NA,,No,Available,,Not published by OCA,Active,06/05/2017,09/30/2027,"{""Extended Price (USD)"":""NA""}",UNCHANGED,"$3,390.00",$0.00,$0.00,2026-08-27: (no price) → 2026-08-28: (no price) → 2026-09-09: $3390.00 → 2026-09-10: $3390.00
Software & Licenses,Linux Value Added Software,HPE OCA > OCA Solution > Software & Licenses > Linux Value Added Software,Operating System / License,Unlimited,0,Unlimited,Selection constraint for Linux Value Added Software: no max,G5J66A,Standard,Red Hat High Availability 2 Sockets Unlimited Guests 1 Year Subscription LTU,0,"$1,370.00",,NA,,No,Obsolete (OB),,Not published by OCA,Obsolete (OB),03/31/2014,09/17/2024,"{""Extended Price (USD)"":""NA""}",UNCHANGED,"$1,370.00",$0.00,$0.00,"$2,026.00"
Software & Licenses,Linux Value Added Software,HPE OCA > OCA Solution > Software & Licenses > Linux Value Added Software,Operating System / License,Unlimited,0,Unlimited,Selection constraint for Linux Value Added Software: no max,S4T26A,Standard,Red Hat High Availability 2 Sockets Unlimited Guests 1-year Subscription LTU,0,"$1,506.00",,NA,,No,Available,,Not published by OCA,Active,10/07/2024,11/07/2027,"{""Extended Price (USD)"":""NA""}",ADDED,N/A,"$1,506.00",$100.00,"$2,026.00"
Software & Licenses,Linux Value Added Software,HPE OCA > OCA Solution > Software & Licenses > Linux Value Added Software,Operating System / License,Unlimited,0,Unlimited,Selection constraint for Linux Value Added Software: no max,G5J67A,Standard,Red Hat High Availability 2 Sockets Unlimited Guests 3 Year Subscription LTU,0,"$3,903.00",,NA,,No,Obsolete (OB),,Not published by OCA,Obsolete (OB),03/31/2014,09/17/2024,"{""Extended Price (USD)"":""NA""}",UNCHANGED,"$3,903.00",$0.00,$0.00,"$2,026.00"
Software & Licenses,Linux Value Added Software,HPE OCA > OCA Solution > Software & Licenses > Linux Value Added Software,Operating System / License,Unlimited,0,Unlimited,Selection constraint for Linux Value Added Software: no max,S4T27A,Standard,Red Hat High Availability 2 Sockets Unlimited Guests 3-year Subscription LTU,0,"$4,519.00",,NA,,No,Available,,Not published by OCA,Active,10/07/2024,11/07/2027,"{""Extended Price (USD)"":""NA""}",ADDED,N/A,"$4,519.00",$100.00,"$2,026.00"
Software & Licenses,Linux Value Added Software,HPE OCA > OCA Solution > Software & Licenses > Linux Value Added Software,Operating System / License,Unlimited,0,Unlimited,Selection constraint for Linux Value Added Software: no max,G3J34A,Standard,Red Hat High Availability 2 Sockets or 2 Guests 1 Year Subscription LTU,0,$439.00,,NA,,No,Obsolete (OB),,Not published by OCA,Obsolete (OB),03/31/2014,09/17/2024,"{""Extended Price (USD)"":""NA""}",UNCHANGED,$439.00,$0.00,$0.00,"$2,026.00"
Software & Licenses,Linux Value Added Software,HPE OCA > OCA Solution > Software & Licenses > Linux Value Added Software,Operating System / License,Unlimited,0,Unlimited,Selection constraint for Linux Value Added Software: no max,S4T22A,Standard,Red Hat High Availability 2 Sockets or 2 Guests 1-year Subscription LTU,0,$439.00,,NA,,No,Available,,Not published by OCA,Active,10/07/2024,11/07/2027,"{""Extended Price (USD)"":""NA""}",ADDED,N/A,$439.00,$100.00,"$2,026.00"
Software & Licenses,Linux Value Added Software,HPE OCA > OCA Solution > Software & Licenses > Linux Value Added Software,Operating System / License,Unlimited,0,Unlimited,Selection constraint for Linux Value Added Software: no max,G3J35A,Standard,Red Hat High Availability 2 Sockets or 2 Guests 3 Year Subscription LTU,0,"$1,251.00",,NA,,No,Obsolete (OB),,Not published by OCA,Obsolete (OB),03/31/2014,09/17/2024,"{""Extended Price (USD)"":""NA""}",UNCHANGED,"$1,251.00",$0.00,$0.00,"$2,026.00"
Software & Licenses,Linux Value Added Software,HPE OCA > OCA Solution > Software & Licenses > Linux Value Added Software,Operating System / License,Unlimited,0,Unlimited,Selection constraint for Linux Value Added Software: no max,S4T23A,Standard,Red Hat High Availability 2 Sockets or 2 Guests 3-year Subscription LTU,0,"$1,251.00",,NA,,No,Available,,Not published by OCA,Active,10/07/2024,11/07/2027,"{""Extended Price (USD)"":""NA""}",ADDED,N/A,"$1,251.00",$100.00,"$2,026.00"
Software & Licenses,Linux Value Added Software,HPE OCA > OCA Solution > Software & Licenses > Linux Value Added Software,Operating System / License,Unlimited,0,Unlimited,Selection constraint for Linux Value Added Software: no max,G3J36A,Standard,Red Hat Resilient Storage 2 Sockets or 2 Guests 1 Year Subscription LTU,0,$879.00,,NA,,No,Obsolete (OB),,Not published by OCA,Obsolete (OB),03/31/2014,09/17/2024,"{""Extended Price (USD)"":""NA""}",UNCHANGED,$879.00,$0.00,$0.00,"$2,026.00"
Software & Licenses,Linux Value Added Software,HPE OCA > OCA Solution > Software & Licenses > Linux Value Added Software,Operating System / License,Unlimited,0,Unlimited,Selection constraint for Linux Value Added Software: no max,S4T24A,Standard,Red Hat Resilient Storage 2 Sockets or 2 Guests 1-year Subscription LTU,0,$879.00,,NA,,No,Available,,Not published by OCA,Active,10/07/2024,11/07/2027,"{""Extended Price (USD)"":""NA""}",ADDED,N/A,$879.00,$100.00,"$2,026.00"
Software & Licenses,Linux Value Added Software,HPE OCA > OCA Solution > Software & Licenses > Linux Value Added Software,Operating System / License,Unlimited,0,Unlimited,Selection constraint for Linux Value Added Software: no max,G3J37A,Standard,Red Hat Resilient Storage 2 Sockets or 2 Guests 3 Year Subscription LTU,0,"$2,505.00",,NA,,No,Obsolete (OB),,Not published by OCA,Obsolete (OB),03/31/2014,09/17/2024,"{""Extended Price (USD)"":""NA""}",UNCHANGED,"$2,505.00",$0.00,$0.00,"$2,026.00"
Software & Licenses,Linux Value Added Software,HPE OCA > OCA Solution > Software & Licenses > Linux Value Added Software,Operating System / License,Unlimited,0,Unlimited,Selection constraint for Linux Value Added Software: no max,S4T25A,Standard,Red Hat Resilient Storage 2 Sockets or 2 Guests 3-year Subscription LTU,0,"$2,637.00",,NA,,No,Available,,Not published by OCA,Active,10/07/2024,11/07/2027,"{""Extended Price (USD)"":""NA""}",ADDED,N/A,"$2,637.00",$100.00,"$2,026.00"
Software & Licenses,Linux Value Added Software,HPE OCA > OCA Solution > Software & Licenses > Linux Value Added Software,Operating System / License,Unlimited,0,Unlimited,Selection constraint for Linux Value Added Software: no max,R2A03A,Standard,Red Hat Satellite 2 Sockets Unlimited Guests 1yr Subscription Flexible LTU,0,"$1,482.00",,NA,,No,Available,,Not published by OCA,Active,02/04/2019,09/30/2028,"{""Extended Price (USD)"":""NA""}",ADDED,N/A,"$1,482.00",$100.00,"$2,026.00"
Software & Licenses,Linux Value Added Software,HPE OCA > OCA Solution > Software & Licenses > Linux Value Added Software,Operating System / License,Unlimited,0,Unlimited,Selection constraint for Linux Value Added Software: no max,R2A04A,Standard,Red Hat Satellite 2 Sockets Unlimited Guests 3-year Subscription Flexible LTU,0,"$4,447.00",,NA,,No,Available,,Not published by OCA,Active,02/04/2019,09/30/2028,"{""Extended Price (USD)"":""NA""}",ADDED,N/A,"$4,447.00",$100.00,"$2,026.00"
Software & Licenses,Linux Value Added Software,HPE OCA > OCA Solution > Software & Licenses > Linux Value Added Software,Operating System / License,Unlimited,0,Unlimited,Selection constraint for Linux Value Added Software: no max,R2A05A,Standard,Red Hat Satellite 2 Sockets Unlimited Guests 5-year Subscription Flexible LTU,0,"$7,411.00",,NA,,No,Available,,Not published by OCA,Active,02/04/2019,09/30/2028,"{""Extended Price (USD)"":""NA""}",ADDED,N/A,"$7,411.00",$100.00,"$2,026.00"
Software & Licenses,Linux Value Added Software,HPE OCA > OCA Solution > Software & Licenses > Linux Value Added Software,Operating System / License,Unlimited,0,Unlimited,Selection constraint for Linux Value Added Software: no max,R2A00A,Standard,Red Hat Satellite 2 Sockets or 2 Guests 1yr Subscription Flexible LTU,0,$385.00,,NA,,No,Available,,Not published by OCA,Active,02/04/2019,09/30/2028,"{""Extended Price (USD)"":""NA""}",ADDED,N/A,$385.00,$100.00,"$2,026.00"
Software & Licenses,Linux Value Added Software,HPE OCA > OCA Solution > Software & Licenses > Linux Value Added Software,Operating System / License,Unlimited,0,Unlimited,Selection constraint for Linux Value Added Software: no max,R2A01A,Standard,Red Hat Satellite 2 Sockets or 2 Guests 3-year Subscription Flexible LTU,0,"$1,097.00",,NA,,No,Available,,Not published by OCA,Active,02/04/2019,09/30/2028,"{""Extended Price (USD)"":""NA""}",ADDED,N/A,"$1,097.00",$100.00,"$2,026.00"
Software & Licenses,Linux Value Added Software,HPE OCA > OCA Solution > Software & Licenses > Linux Value Added Software,Operating System / License,Unlimited,0,Unlimited,Selection constraint for Linux Value Added Software: no max,R2A02A,Standard,Red Hat Satellite 2 Sockets or 2 Guests 5-year Subscription Flexible LTU,0,"$1,828.00",,NA,,No,Available,,Not published by OCA,Active,02/04/2019,09/30/2028,"{""Extended Price (USD)"":""NA""}",ADDED,N/A,"$1,828.00",$100.00,"$2,026.00"
Software & Licenses,HPC Software Products,HPE OCA > OCA Solution > Software & Licenses > HPC Software Products,Service & Support,Unlimited,0,Unlimited,Selection constraint for HPC Software Products: no max,Q2A48A,Standard,HPE Performance Message Passing Interface for 1 Socket 3yr Support LTU,0,$249.00,,NA,,No,Available,,Not published by OCA,Active,07/07/2017,07/31/2027,"{""Extended Price (USD)"":""NA""}",UNCHANGED,$249.00,$0.00,$0.00,"$2,026.00"
Software & Licenses,HPC Software Products,HPE OCA > OCA Solution > Software & Licenses > HPC Software Products,Operating System / License,Unlimited,0,Unlimited,Selection constraint for HPC Software Products: no max,Q9V61A,Standard,HPE Performance Cluster Manager FIO Software,0,$1.00,,NA,,No,Available,,Not published by OCA,Active,06/04/2018,01/31/2027,"{""Extended Price (USD)"":""NA""}",UNCHANGED,$1.00,$0.00,$0.00,"$2,026.00"
Software & Licenses,HPC Software Products,HPE OCA > OCA Solution > Software & Licenses > HPC Software Products,Operating System / License,Unlimited,0,Unlimited,Selection constraint for HPC Software Products: no max,Q9V62A,Standard,HPE Performance Cluster Manager Media Kit,0,$49.00,,NA,,No,Obsolete (OB),,Not published by OCA,Obsolete (OB),06/04/2018,05/30/2026,"{""Extended Price (USD)"":""NA""}",UNCHANGED,$49.00,$0.00,$0.00,"$2,026.00"
Software & Licenses,HPC Software Products,HPE OCA > OCA Solution > Software & Licenses > HPC Software Products,Operating System / License,Unlimited,0,Unlimited,Selection constraint for HPC Software Products: no max,R1Z69A,Standard,SUSE Linux Enterprise Server 15 FIO Software,0,$1.00,,NA,,No,Available,,Not published by OCA,Active,02/04/2019,09/30/2027,"{""Extended Price (USD)"":""NA""}",ADDED,N/A,$1.00,$100.00,"$2,026.00"
Software & Licenses,HPC Software Products,HPE OCA > OCA Solution > Software & Licenses > HPC Software Products,Operating System / License,Unlimited,0,Unlimited,Selection constraint for HPC Software Products: no max,R4T04A,Standard,Red Hat Enterprise Linux 8 FIO Software,0,$1.00,,NA,,No,Obsolete (OB),,Not published by OCA,Obsolete (OB),02/03/2020,04/30/2026,"{""Extended Price (USD)"":""NA""}",ADDED,N/A,$1.00,$100.00,"$2,026.00"
Software & Licenses,HPC Software Products,HPE OCA > OCA Solution > Software & Licenses > HPC Software Products,Service & Support,Unlimited,0,Unlimited,Selection constraint for HPC Software Products: no max,S2M19A,Standard,Intel oneAPI Base and HPC Premium Support Maximum 63 Nodes up to 10 Developers 1-year LTU,0,"$23,466.00",,NA,,No,Obsolete (OB),,Not published by OCA,Obsolete (OB),10/02/2023,06/26/2025,"{""Extended Price (USD)"":""NA""}",ADDED,N/A,"$23,466.00",$100.00,"$2,026.00"
Software & Licenses,HPC Software Products,HPE OCA > OCA Solution > Software & Licenses > HPC Software Products,Service & Support,Unlimited,0,Unlimited,Selection constraint for HPC Software Products: no max,S2M21A,Standard,Intel oneAPI Base and HPC Premium Support Maximum 63 Nodes up to 25 Developers 1-year LTU,0,"$46,916.00",,NA,,No,Obsolete (OB),,Not published by OCA,Obsolete (OB),10/02/2023,06/25/2025,"{""Extended Price (USD)"":""NA""}",ADDED,N/A,"$46,916.00",$100.00,"$2,026.00"
Software & Licenses,HPC Software Products,HPE OCA > OCA Solution > Software & Licenses > HPC Software Products,Service & Support,Unlimited,0,Unlimited,Selection constraint for HPC Software Products: no max,S2M23A,Standard,Intel oneAPI Base and HPC Premium Support Maximum 63 Nodes up to 50 Developers 1-year LTU,0,"$70,366.00",,NA,,No,Obsolete (OB),,Not published by OCA,Obsolete (OB),10/02/2023,06/25/2025,"{""Extended Price (USD)"":""NA""}",ADDED,N/A,"$70,366.00",$100.00,"$2,026.00"
Software & Licenses,HPC Software Products,HPE OCA > OCA Solution > Software & Licenses > HPC Software Products,Service & Support,Unlimited,0,Unlimited,Selection constraint for HPC Software Products: no max,S2M25A,Standard,Intel oneAPI Base and HPC Premium Support Maximum 63 Nodes up to 10 Developers 3-year LTU,0,"$39,921.00",,NA,,No,Obsolete (OB),,Not published by OCA,Obsolete (OB),10/02/2023,06/26/2025,"{""Extended Price (USD)"":""NA""}",ADDED,N/A,"$39,921.00",$100.00,"$2,026.00"
Software & Licenses,HPC Software Products,HPE OCA > OCA Solution > Software & Licenses > HPC Software Products,Service & Support,Unlimited,0,Unlimited,Selection constraint for HPC Software Products: no max,S2M27A,Standard,Intel oneAPI Base and HPC Premium Support Maximum 63 Nodes up to 25 Developers 3-year LTU,0,"$79,746.00",,NA,,No,Obsolete (OB),,Not published by OCA,Obsolete (OB),10/02/2023,06/26/2025,"{""Extended Price (USD)"":""NA""}",ADDED,N/A,"$79,746.00",$100.00,"$2,026.00"
Software & Licenses,HPC Software Products,HPE OCA > OCA Solution > Software & Licenses > HPC Software Products,Service & Support,Unlimited,0,Unlimited,Selection constraint for HPC Software Products: no max,S2M29A,Standard,Intel oneAPI Base and HPC Premium Support Maximum 63 Nodes up to 50 Developers 3-year LTU,0,"$119,571.00",,NA,,No,Obsolete (OB),,Not published by OCA,Obsolete (OB),10/02/2023,06/25/2025,"{""Extended Price (USD)"":""NA""}",ADDED,N/A,"$119,571.00",$100.00,"$2,026.00"
Software & Licenses,HPC Software Products,HPE OCA > OCA Solution > Software & Licenses > HPC Software Products,Service & Support,Unlimited,0,Unlimited,Selection constraint for HPC Software Products: no max,S2M31A,Standard,Intel oneAPI Base and HPC Support Max 63 Nodes up to 10 Developers 1yr Renewal Pre-expiration LTU,0,"$14,884.00",,NA,,No,Obsolete (OB),,Not published by OCA,Obsolete (OB),10/02/2023,06/26/2025,"{""Extended Price (USD)"":""NA""}",ADDED,N/A,"$14,884.00",$100.00,"$2,026.00"
Software & Licenses,HPC Software Products,HPE OCA > OCA Solution > Software & Licenses > HPC Software Products,Service & Support,Unlimited,0,Unlimited,Selection constraint for HPC Software Products: no max,S2M32A,Standard,Intel oneAPI Base and HPC Support Max 63 Nodes up to 10 Developers 1yr Renewal Post-expiration LTU,0,"$29,615.00",,NA,,No,Obsolete (OB),,Not published by OCA,Obsolete (OB),10/02/2023,06/26/2025,"{""Extended Price (USD)"":""NA""}",ADDED,N/A,"$29,615.00",$100.00,"$2,026.00"
Software & Licenses,HPC Software Products,HPE OCA > OCA Solution > Software & Licenses > HPC Software Products,Service & Support,Unlimited,0,Unlimited,Selection constraint for HPC Software Products: no max,S2M33A,Standard,Intel oneAPI Base and HPC Support Max 63 Nodes up to 25 Developers 1yr Renewal Pre-expiration LTU,0,"$29,615.00",,NA,,No,Obsolete (OB),,Not published by OCA,Obsolete (OB),10/02/2023,06/26/2025,"{""Extended Price (USD)"":""NA""}",ADDED,N/A,"$29,615.00",$100.00,"$2,026.00"
Software & Licenses,HPC Software Products,HPE OCA > OCA Solution > Software & Licenses > HPC Software Products,Service & Support,Unlimited,0,Unlimited,Selection constraint for HPC Software Products: no max,S2M34A,Standard,Intel oneAPI Base and HPC Support Max 63 Nodes up to 25 Developers 1yr Renewal Post-expiration LTU,0,"$59,072.00",,NA,,No,Obsolete (OB),,Not published by OCA,Obsolete (OB),10/02/2023,06/25/2025,"{""Extended Price (USD)"":""NA""}",ADDED,N/A,"$59,072.00",$100.00,"$2,026.00"
Software & Licenses,HPC Software Products,HPE OCA > OCA Solution > Software & Licenses > HPC Software Products,Service & Support,Unlimited,0,Unlimited,Selection constraint for HPC Software Products: no max,S2M35A,Standard,Intel oneAPI Base and HPC Support Max 63 Nodes up to 50 Developers 1yr Renewal Pre-expiration LTU,0,"$44,343.00",,NA,,No,Obsolete (OB),,Not published by OCA,Obsolete (OB),10/02/2023,06/25/2025,"{""Extended Price (USD)"":""NA""}",ADDED,N/A,"$44,343.00",$100.00,"$2,026.00"
Software & Licenses,HPC Software Products,HPE OCA > OCA Solution > Software & Licenses > HPC Software Products,Service & Support,Unlimited,0,Unlimited,Selection constraint for HPC Software Products: no max,S2M36A,Standard,Intel oneAPI Base and HPC Support Max 63 Nodes up to 50 Developers 1yr Renewal Post-expiration LTU,0,"$88,674.00",,NA,,No,Obsolete (OB),,Not published by OCA,Obsolete (OB),10/02/2023,06/25/2025,"{""Extended Price (USD)"":""NA""}",ADDED,N/A,"$88,674.00",$100.00,"$2,026.00"
Software & Licenses,HPC Software Products,HPE OCA > OCA Solution > Software & Licenses > HPC Software Products,Service & Support,Unlimited,0,Unlimited,Selection constraint for HPC Software Products: no max,S2M37A,Standard,Intel oneAPI Base and HPC Premium Support 64-256 Nodes 1-year LTU,0,"$119,609.00",,NA,,No,Obsolete (OB),,Not published by OCA,Obsolete (OB),10/02/2023,06/25/2025,"{""Extended Price (USD)"":""NA""}",ADDED,N/A,"$119,609.00",$100.00,"$2,026.00"
Software & Licenses,HPC Software Products,HPE OCA > OCA Solution > Software & Licenses > HPC Software Products,Service & Support,Unlimited,0,Unlimited,Selection constraint for HPC Software Products: no max,S2M39A,Standard,Intel oneAPI Base and HPC Premium Support 64-256 Nodes 3-year LTU,0,"$203,256.00",,NA,,No,Obsolete (OB),,Not published by OCA,Obsolete (OB),10/02/2023,06/25/2025,"{""Extended Price (USD)"":""NA""}",ADDED,N/A,"$203,256.00",$100.00,"$2,026.00"
Software & Licenses,HPC Software Products,HPE OCA > OCA Solution > Software & Licenses > HPC Software Products,Service & Support,Unlimited,0,Unlimited,Selection constraint for HPC Software Products: no max,S2M41A,Standard,Intel oneAPI Base and HPC Premium Support 64-256 Nodes 4-year LTU,0,"$243,905.00",,NA,,No,Obsolete (OB),,Not published by OCA,Obsolete (OB),10/02/2023,06/25/2025,"{""Extended Price (USD)"":""NA""}",ADDED,N/A,"$243,905.00",$100.00,"$2,026.00"
Software & Licenses,HPC Software Products,HPE OCA > OCA Solution > Software & Licenses > HPC Software Products,Service & Support,Unlimited,0,Unlimited,Selection constraint for HPC Software Products: no max,S2M43A,Standard,Intel oneAPI Base and HPC Premium Support 64-256 Nodes 5-year LTU,0,"$264,229.00",,NA,,No,Obsolete (OB),,Not published by OCA,Obsolete (OB),10/02/2023,06/25/2025,"{""Extended Price (USD)"":""NA""}",ADDED,N/A,"$264,229.00",$100.00,"$2,026.00"
Software & Licenses,HPC Software Products,HPE OCA > OCA Solution > Software & Licenses > HPC Software Products,Service & Support,Unlimited,0,Unlimited,Selection constraint for HPC Software Products: no max,S2M45A,Standard,Intel oneAPI Base and HPC Premium Support 257-512 Nodes 1-year LTU,0,"$158,299.00",,NA,,No,Obsolete (OB),,Not published by OCA,Obsolete (OB),10/02/2023,06/26/2025,"{""Extended Price (USD)"":""NA""}",ADDED,N/A,"$158,299.00",$100.00,"$2,026.00"
Software & Licenses,HPC Software Products,HPE OCA > OCA Solution > Software & Licenses > HPC Software Products,Service & Support,Unlimited,0,Unlimited,Selection constraint for HPC Software Products: no max,S2M47A,Standard,Intel oneAPI Base and HPC Premium Support 257-512 Nodes 3-year LTU,0,"$269,011.00",,NA,,No,Obsolete (OB),,Not published by OCA,Obsolete (OB),10/02/2023,06/25/2025,"{""Extended Price (USD)"":""NA""}",ADDED,N/A,"$269,011.00",$100.00,"$2,026.00"
Software & Licenses,HPC Software Products,HPE OCA > OCA Solution > Software & Licenses > HPC Software Products,Service & Support,Unlimited,0,Unlimited,Selection constraint for HPC Software Products: no max,S2M49A,Standard,Intel oneAPI Base and HPC Premium Support 257-512 Nodes 4-year LTU,0,"$322,811.00",,NA,,No,Obsolete (OB),,Not published by OCA,Obsolete (OB),10/02/2023,06/25/2025,"{""Extended Price (USD)"":""NA""}",ADDED,N/A,"$322,811.00",$100.00,"$2,026.00"
Software & Licenses,HPC Software Products,HPE OCA > OCA Solution > Software & Licenses > HPC Software Products,Service & Support,Unlimited,0,Unlimited,Selection constraint for HPC Software Products: no max,S2M51A,Standard,Intel oneAPI Base and HPC Premium Support 257-512 Nodes 5-year LTU,0,"$349,711.00",,NA,,No,Obsolete (OB),,Not published by OCA,Obsolete (OB),10/02/2023,06/25/2025,"{""Extended Price (USD)"":""NA""}",ADDED,N/A,"$349,711.00",$100.00,"$2,026.00"
Software & Licenses,HPC Software Products,HPE OCA > OCA Solution > Software & Licenses > HPC Software Products,Service & Support,Unlimited,0,Unlimited,Selection constraint for HPC Software Products: no max,S2M53A,Standard,Intel oneAPI Base and HPC Premium Support 512+ Nodes 1-year LTU,0,"$246,235.00",,NA,,No,Obsolete (OB),,Not published by OCA,Obsolete (OB),10/02/2023,06/26/2025,"{""Extended Price (USD)"":""NA""}",ADDED,N/A,"$246,235.00",$100.00,"$2,026.00"
Software & Licenses,HPC Software Products,HPE OCA > OCA Solution > Software & Licenses > HPC Software Products,Service & Support,Unlimited,0,Unlimited,Selection constraint for HPC Software Products: no max,S2M55A,Standard,Intel oneAPI Base and HPC Premium Support 512+ Nodes 3-year LTU,0,"$418,455.00",,NA,,No,Obsolete (OB),,Not published by OCA,Obsolete (OB),10/02/2023,06/25/2025,"{""Extended Price (USD)"":""NA""}",ADDED,N/A,"$418,455.00",$100.00,"$2,026.00"
Software & Licenses,HPC Software Products,HPE OCA > OCA Solution > Software & Licenses > HPC Software Products,Service & Support,Unlimited,0,Unlimited,Selection constraint for HPC Software Products: no max,S2M57A,Standard,Intel oneAPI Base and HPC Premium Support 512+ Nodes 4-year LTU,0,"$502,140.00",,NA,,No,Obsolete (OB),,Not published by OCA,Obsolete (OB),10/02/2023,06/25/2025,"{""Extended Price (USD)"":""NA""}",ADDED,N/A,"$502,140.00",$100.00,"$2,026.00"
Software & Licenses,HPC Software Products,HPE OCA > OCA Solution > Software & Licenses > HPC Software Products,Service & Support,Unlimited,0,Unlimited,Selection constraint for HPC Software Products: no max,S2M59A,Standard,Intel oneAPI Base and HPC Premium Support 512+ Nodes 5-year LTU,0,"$543,984.00",,NA,,No,Obsolete (OB),,Not published by OCA,Obsolete (OB),10/02/2023,06/25/2025,"{""Extended Price (USD)"":""NA""}",ADDED,N/A,"$543,984.00",$100.00,"$2,026.00"
Software & Licenses,HPC Software Products,HPE OCA > OCA Solution > Software & Licenses > HPC Software Products,Service & Support,Unlimited,0,Unlimited,Selection constraint for HPC Software Products: no max,S2M61A,Standard,Intel oneAPI Base and HPC Support 64-256 Nodes 1-year Renewal Pre-expiration LTU,0,"$79,803.00",,NA,,No,Obsolete (OB),,Not published by OCA,Obsolete (OB),10/02/2023,06/25/2025,"{""Extended Price (USD)"":""NA""}",ADDED,N/A,"$79,803.00",$100.00,"$2,026.00"
Software & Licenses,HPC Software Products,HPE OCA > OCA Solution > Software & Licenses > HPC Software Products,Service & Support,Unlimited,0,Unlimited,Selection constraint for HPC Software Products: no max,S2M62A,Standard,Intel oneAPI Base and HPC Support 257-512 Nodes 1-year Renewal Pre-expiration LTU,0,"$104,184.00",,NA,,No,Obsolete (OB),,Not published by OCA,Obsolete (OB),10/02/2023,06/25/2025,"{""Extended Price (USD)"":""NA""}",ADDED,N/A,"$104,184.00",$100.00,"$2,026.00"
Software & Licenses,HPC Software Products,HPE OCA > OCA Solution > Software & Licenses > HPC Software Products,Service & Support,Unlimited,0,Unlimited,Selection constraint for HPC Software Products: no max,S2M63A,Standard,Intel oneAPI Base and HPC Support 512+ Nodes 1-year Renewal Pre-expiration LTU,0,"$159,593.00",,NA,,No,Obsolete (OB),,Not published by OCA,Obsolete (OB),10/02/2023,06/25/2025,"{""Extended Price (USD)"":""NA""}",ADDED,N/A,"$159,593.00",$100.00,"$2,026.00"
Software & Licenses,HPC Software Products,HPE OCA > OCA Solution > Software & Licenses > HPC Software Products,Service & Support,Unlimited,0,Unlimited,Selection constraint for HPC Software Products: no max,BB086AA,Standard,HPE Serviceguard Continentalclusters for Linux Media Kit,0,$50.00,,NA,,No,Obsolete (OB),,Not published by OCA,Obsolete (OB),12/03/2012,04/01/2023,"{""Extended Price (USD)"":""NA""}",UNCHANGED,$50.00,$0.00,$0.00,"$2,026.00"
Software & Licenses,HPC Software Products,HPE OCA > OCA Solution > Software & Licenses > HPC Software Products,Service & Support,Unlimited,0,Unlimited,Selection constraint for HPC Software Products: no max,BB094AA,Standard,HPE Serviceguard for Linux x86 Base DVD Media,0,$50.00,,NA,,No,Obsolete (OB),,Not published by OCA,Obsolete (OB),02/18/2014,04/01/2023,"{""Extended Price (USD)"":""NA""}",UNCHANGED,$50.00,$0.00,$0.00,"$2,026.00"
Software & Licenses,HPC Software Products,HPE OCA > OCA Solution > Software & Licenses > HPC Software Products,Service & Support,Unlimited,0,Unlimited,Selection constraint for HPC Software Products: no max,BB094AC,Standard,HPE Serviceguard for Linux x86 1yr 24x7 Base PSL Flexible LTU,0,"$2,583.00",,NA,,No,Obsolete (OB),,Not published by OCA,Obsolete (OB),02/18/2014,04/01/2023,"{""Extended Price (USD)"":""NA""}",UNCHANGED,"$2,583.00",$0.00,$0.00,"$2,026.00"
Software & Licenses,HPC Software Products,HPE OCA > OCA Solution > Software & Licenses > HPC Software Products,Service & Support,Unlimited,0,Unlimited,Selection constraint for HPC Software Products: no max,BB094ACE,Standard,HPE Serviceguard for Linux x86 1yr 24x7 Base PSL E-LTU,0,"$2,583.00",,NA,,No,Obsolete (OB),,Not published by OCA,Obsolete (OB),02/18/2014,04/01/2023,"{""Extended Price (USD)"":""NA""}",UNCHANGED,"$2,583.00",$0.00,$0.00,"$2,026.00"
Software & Licenses,HPC Software Products,HPE OCA > OCA Solution > Software & Licenses > HPC Software Products,Service & Support,Unlimited,0,Unlimited,Selection constraint for HPC Software Products: no max,BB095AA,Standard,HPE Serviceguard for Linux x86 Advanced DVD Media,0,$50.00,,NA,,No,Obsolete (OB),,Not published by OCA,Obsolete (OB),02/18/2014,04/01/2023,"{""Extended Price (USD)"":""NA""}",UNCHANGED,$50.00,$0.00,$0.00,"$2,026.00"
Software & Licenses,HPC Software Products,HPE OCA > OCA Solution > Software & Licenses > HPC Software Products,Service & Support,Unlimited,0,Unlimited,Selection constraint for HPC Software Products: no max,BB095AC,Standard,HPE Serviceguard for Linux x86 1yr 24x7 Advanced PSL Flexible LTU,0,"$3,653.00",,NA,,No,Obsolete (OB),,Not published by OCA,Obsolete (OB),02/18/2014,04/01/2023,"{""Extended Price (USD)"":""NA""}",UNCHANGED,"$3,653.00",$0.00,$0.00,"$2,026.00"
Software & Licenses,HPC Software Products,HPE OCA > OCA Solution > Software & Licenses > HPC Software Products,Service & Support,Unlimited,0,Unlimited,Selection constraint for HPC Software Products: no max,BB095ACE,Standard,HPE Serviceguard for Linux x86 1yr 24x7 Advanced PSL E-LTU,0,"$3,653.00",,NA,,No,Obsolete (OB),,Not published by OCA,Obsolete (OB),02/18/2014,04/01/2023,"{""Extended Price (USD)"":""NA""}",UNCHANGED,"$3,653.00",$0.00,$0.00,"$2,026.00"
Software & Licenses,HPC Software Products,HPE OCA > OCA Solution > Software & Licenses > HPC Software Products,Service & Support,Unlimited,0,Unlimited,Selection constraint for HPC Software Products: no max,BB096AC,Standard,HPE Serviceguard for Linux x86 Advanced PSL Flexible LTU Upgrade from SGLX Base PSL LTU,0,"$1,070.00",,NA,,No,Obsolete (OB),,Not published by OCA,Obsolete (OB),02/18/2014,04/01/2023,"{""Extended Price (USD)"":""NA""}",UNCHANGED,"$1,070.00",$0.00,$0.00,"$2,026.00"
Software & Licenses,HPC Software Products,HPE OCA > OCA Solution > Software & Licenses > HPC Software Products,Service & Support,Unlimited,0,Unlimited,Selection constraint for HPC Software Products: no max,BB097AA,Standard,HPE Serviceguard for Linux x86 Enterprise DVD Media,0,$50.00,,NA,,No,Obsolete (OB),,Not published by OCA,Obsolete (OB),02/18/2014,04/01/2023,"{""Extended Price (USD)"":""NA""}",UNCHANGED,$50.00,$0.00,$0.00,"$2,026.00"
Software & Licenses,HPC Software Products,HPE OCA > OCA Solution > Software & Licenses > HPC Software Products,Service & Support,Unlimited,0,Unlimited,Selection constraint for HPC Software Products: no max,BB097AC,Standard,HPE Serviceguard for Linux x86 1yr 24x7 Enterprise PSL Flexible LTU,0,"$4,760.00",,NA,,No,Obsolete (OB),,Not published by OCA,Obsolete (OB),02/18/2014,04/01/2023,"{""Extended Price (USD)"":""NA""}",UNCHANGED,"$4,760.00",$0.00,$0.00,"$2,026.00"
Software & Licenses,HPC Software Products,HPE OCA > OCA Solution > Software & Licenses > HPC Software Products,Service & Support,Unlimited,0,Unlimited,Selection constraint for HPC Software Products: no max,BB097ACE,Standard,HPE Serviceguard for Linux x86 1yr 24x7 Enterprise PSL E-LTU,0,"$4,760.00",,NA,,No,Obsolete (OB),,Not published by OCA,Obsolete (OB),02/18/2014,04/01/2023,"{""Extended Price (USD)"":""NA""}",UNCHANGED,"$4,760.00",$0.00,$0.00,"$2,026.00"
Software & Licenses,HPC Software Products,HPE OCA > OCA Solution > Software & Licenses > HPC Software Products,Service & Support,Unlimited,0,Unlimited,Selection constraint for HPC Software Products: no max,BB098AC,Standard,HPE Serviceguard for Linux x86 Enterprise PSL Flexible LTU Upgrade from SGLX Base PSL LTU,0,"$2,177.00",,NA,,No,Obsolete (OB),,Not published by OCA,Obsolete (OB),02/18/2014,04/01/2023,"{""Extended Price (USD)"":""NA""}",UNCHANGED,"$2,177.00",$0.00,$0.00,"$2,026.00"
Software & Licenses,HPC Software Products,HPE OCA > OCA Solution > Software & Licenses > HPC Software Products,Service & Support,Unlimited,0,Unlimited,Selection constraint for HPC Software Products: no max,BB099AC,Standard,HPE Serviceguard for Linux x86 Enterprise PSL Flexible LTU Upgrade from SGLX Advanced PSL LTU,0,"$1,107.00",,NA,,No,Obsolete (OB),,Not published by OCA,Obsolete (OB),02/18/2014,04/01/2023,"{""Extended Price (USD)"":""NA""}",UNCHANGED,"$1,107.00",$0.00,$0.00,"$2,026.00"
Software & Licenses,HPC Software Products,HPE OCA > OCA Solution > Software & Licenses > HPC Software Products,Operating System / License,Unlimited,0,Unlimited,Selection constraint for HPC Software Products: no max,BB100AC,Standard,HPE Continentalcluster for Linux x86 1yr 24x7 PSL Flexible LTU,0,$962.00,,NA,,No,Obsolete (OB),,Not published by OCA,Obsolete (OB),03/31/2014,04/01/2023,"{""Extended Price (USD)"":""NA""}",UNCHANGED,$962.00,$0.00,$0.00,"$2,026.00"
Software & Licenses,HPC Software Products,HPE OCA > OCA Solution > Software & Licenses > HPC Software Products,Operating System / License,Unlimited,0,Unlimited,Selection constraint for HPC Software Products: no max,BB100ACE,Standard,HPE Continentalcluster for Linux x86 1yr 24x7 PSL Flexible E-LTU,0,$962.00,,NA,,No,Obsolete (OB),,Not published by OCA,Obsolete (OB),03/31/2014,04/01/2023,"{""Extended Price (USD)"":""NA""}",UNCHANGED,$962.00,$0.00,$0.00,"$2,026.00"
Software & Licenses,HPC Software Products,HPE OCA > OCA Solution > Software & Licenses > HPC Software Products,Service & Support,Unlimited,0,Unlimited,Selection constraint for HPC Software Products: no max,R7Q01AC,Standard,HPE Serviceguard for Linux x86 Premium for SAP HANA 1-year 24x7 Support Perpetual PSL Flexible LTU,0,"$6,430.00",,NA,,No,Obsolete (OB),,Not published by OCA,Obsolete (OB),04/06/2021,04/01/2023,"{""Extended Price (USD)"":""NA""}",ADDED,N/A,"$6,430.00",$100.00,"$2,026.00"
Software & Licenses,HPC Software Products,HPE OCA > OCA Solution > Software & Licenses > HPC Software Products,Operating System / License,Unlimited,0,Unlimited,Selection constraint for HPC Software Products: no max,R7Q02A,Standard,HPE SGLX Prem Media,0,$50.00,,NA,,No,Obsolete (OB),,Not published by OCA,Obsolete (OB),04/06/2021,04/01/2023,"{""Extended Price (USD)"":""NA""}",ADDED,N/A,$50.00,$100.00,"$2,026.00"
Software & Licenses,HPC Software Products,HPE OCA > OCA Solution > Software & Licenses > HPC Software Products,Service & Support,Unlimited,0,Unlimited,Selection constraint for HPC Software Products: no max,R8V48A,Standard,HPE Serviceguard for Linux x86 Flex Storage Add-On Media,0,$50.00,,NA,,No,Obsolete (OB),,Not published by OCA,Obsolete (OB),10/04/2021,04/01/2025,"{""Extended Price (USD)"":""NA""}",ADDED,N/A,$50.00,$100.00,"$2,026.00"
Software & Licenses,Partner Software - Operating System 8pks,HPE OCA > OCA Solution > Software & Licenses > Partner Software - Operating System 8pks,Operating System / License,max 30969,0,"30,969",Selection constraint for Partner Software - Operating System 8pks: max 30969,R1P40A,Standard,Red Hat Enterprise Linux for HPC Compute Node 1yr Subscription Flexible LTU,0,$87.00,,NA,,No,Available,,Not published by OCA,Active,12/03/2018,09/30/2028,"{""Extended Price (USD)"":""NA""}",ADDED,N/A,$87.00,$100.00,"$2,026.00"
Software & Licenses,Partner Software - Operating System 8pks,HPE OCA > OCA Solution > Software & Licenses > Partner Software - Operating System 8pks,Operating System / License,max 30969,0,"30,969",Selection constraint for Partner Software - Operating System 8pks: max 30969,R1P41A,Standard,Red Hat Enterprise Linux for HPC Compute Node 3yr Subscription Flexible LTU,0,$248.00,,NA,,No,Available,,Not published by OCA,Active,12/03/2018,09/30/2028,"{""Extended Price (USD)"":""NA""}",ADDED,N/A,$248.00,$100.00,"$2,026.00"
Software & Licenses,Partner Software - Operating System 8pks,HPE OCA > OCA Solution > Software & Licenses > Partner Software - Operating System 8pks,Operating System / License,max 30969,0,"30,969",Selection constraint for Partner Software - Operating System 8pks: max 30969,R1P42A,Standard,Red Hat Enterprise Linux for HPC Compute Node 5yr Subscription Flexible LTU,0,$413.00,,NA,,No,Available,,Not published by OCA,Active,12/03/2018,09/30/2028,"{""Extended Price (USD)"":""NA""}",ADDED,N/A,$413.00,$100.00,"$2,026.00"
Software & Licenses,Partner Software - Operating System 8pks,HPE OCA > OCA Solution > Software & Licenses > Partner Software - Operating System 8pks,Service & Support,max 30969,0,"30,969",Selection constraint for Partner Software - Operating System 8pks: max 30969,R1P34A,Standard,Red Hat Enterprise Linux for HPC Head Node 1yr Subscription 24x7 Support Flexible LTU,0,"$2,858.00",,NA,,No,Available,,Not published by OCA,Active,12/03/2018,09/30/2028,"{""Extended Price (USD)"":""NA""}",ADDED,N/A,"$2,858.00",$100.00,"$2,026.00"
Software & Licenses,Partner Software - Operating System 8pks,HPE OCA > OCA Solution > Software & Licenses > Partner Software - Operating System 8pks,Service & Support,max 30969,0,"30,969",Selection constraint for Partner Software - Operating System 8pks: max 30969,R1P37A,Standard,Red Hat Enterprise Linux for HPC Head Node 1yr Subscription 9x5 Support Flexible LTU,0,"$1,758.00",,NA,,No,Available,,Not published by OCA,Active,12/03/2018,09/30/2028,"{""Extended Price (USD)"":""NA""}",ADDED,N/A,"$1,758.00",$100.00,"$2,026.00"
Software & Licenses,Partner Software - Operating System 8pks,HPE OCA > OCA Solution > Software & Licenses > Partner Software - Operating System 8pks,Service & Support,max 30969,0,"30,969",Selection constraint for Partner Software - Operating System 8pks: max 30969,R1P35A,Standard,Red Hat Enterprise Linux for HPC Head Node 3yr Subscription 24x7 Support Flexible LTU,0,"$8,145.00",,NA,,No,Available,,Not published by OCA,Active,12/03/2018,09/30/2028,"{""Extended Price (USD)"":""NA""}",ADDED,N/A,"$8,145.00",$100.00,"$2,026.00"
Software & Licenses,Partner Software - Operating System 8pks,HPE OCA > OCA Solution > Software & Licenses > Partner Software - Operating System 8pks,Service & Support,max 30969,0,"30,969",Selection constraint for Partner Software - Operating System 8pks: max 30969,R1P38A,Standard,Red Hat Enterprise Linux for HPC Head Node 3yr Subscription 9x5 Support Flexible LTU,0,"$5,010.00",,NA,,No,Available,,Not published by OCA,Active,12/03/2018,09/30/2028,"{""Extended Price (USD)"":""NA""}",ADDED,N/A,"$5,010.00",$100.00,"$2,026.00"
Software & Licenses,Partner Software - Operating System 8pks,HPE OCA > OCA Solution > Software & Licenses > Partner Software - Operating System 8pks,Service & Support,max 30969,0,"30,969",Selection constraint for Partner Software - Operating System 8pks: max 30969,R1P36A,Standard,Red Hat Enterprise Linux for HPC Head Node 5yr Subscription 24x7 Support Flexible LTU,0,"$13,575.00",,NA,,No,Available,,Not published by OCA,Active,12/03/2018,09/30/2028,"{""Extended Price (USD)"":""NA""}",ADDED,N/A,"$13,575.00",$100.00,"$2,026.00"
Software & Licenses,Partner Software - Operating System 8pks,HPE OCA > OCA Solution > Software & Licenses > Partner Software - Operating System 8pks,Service & Support,max 30969,0,"30,969",Selection constraint for Partner Software - Operating System 8pks: max 30969,R1P39A,Standard,Red Hat Enterprise Linux for HPC Head Node 5yr Subscription 9x5 Support Flexible LTU,0,"$8,350.00",,NA,,No,Available,,Not published by OCA,Active,12/03/2018,09/30/2028,"{""Extended Price (USD)"":""NA""}",ADDED,N/A,"$8,350.00",$100.00,"$2,026.00"
Software & Licenses,Partner Software - Operating System 8pks,HPE OCA > OCA Solution > Software & Licenses > Partner Software - Operating System 8pks,Service & Support,max 30969,0,"30,969",Selection constraint for Partner Software - Operating System 8pks: max 30969,R8R77A,Standard,SUSE Linux Enterprise Server HPC 1-2 Sockets 3-year Subscription 24x7 Support LTU,0,$408.00,,NA,,No,Obsolete (OB),,Not published by OCA,Obsolete (OB),08/04/2021,10/07/2024,"{""Extended Price (USD)"":""NA""}",ADDED,N/A,$408.00,$100.00,"$2,026.00"
Software & Licenses,Partner Software - Operating System 8pks,HPE OCA > OCA Solution > Software & Licenses > Partner Software - Operating System 8pks,Operating System / License,max 30969,0,"30,969",Selection constraint for Partner Software - Operating System 8pks: max 30969,P46123-AA1,Standard,Microsoft Windows Server 2022 16-core Datacenter Reseller Option Kit Chinese Simplified SW,0,"$99,999.00",,NA,,No,Obsolete (OB),,Not published by OCA,Obsolete (OB),11/01/2021,05/31/2025,"{""Extended Price (USD)"":""NA""}",UNCHANGED,"$99,999.00",$0.00,$0.00,"$2,026.00"
Software & Licenses,Partner Software - Operating System 8pks,HPE OCA > OCA Solution > Software & Licenses > Partner Software - Operating System 8pks,Operating System / License,max 30969,0,"30,969",Selection constraint for Partner Software - Operating System 8pks: max 30969,P46123-AB1,Standard,Microsoft Windows Server 2022 16-core Datacenter Reseller Option Kit Chinese Traditional SW,0,"$99,999.00",,NA,,No,Obsolete (OB),,Not published by OCA,Obsolete (OB),11/01/2021,05/31/2025,"{""Extended Price (USD)"":""NA""}",UNCHANGED,"$99,999.00",$0.00,$0.00,"$2,026.00"
Software & Licenses,Partner Software - Operating System 8pks,HPE OCA > OCA Solution > Software & Licenses > Partner Software - Operating System 8pks,Operating System / License,max 30969,0,"30,969",Selection constraint for Partner Software - Operating System 8pks: max 30969,P46123-371,Standard,Microsoft Windows Server 2022 16-core Datacenter Reseller Option Kit English/Korean/Japanese SW,0,"$99,999.00",,NA,,No,Obsolete (OB),,Not published by OCA,Obsolete (OB),10/04/2021,05/31/2025,"{""Extended Price (USD)"":""NA""}",UNCHANGED,"$99,999.00",$0.00,$0.00,"$2,026.00"
Software & Licenses,Partner Software - Operating System 8pks,HPE OCA > OCA Solution > Software & Licenses > Partner Software - Operating System 8pks,Operating System / License,max 30969,0,"30,969",Selection constraint for Partner Software - Operating System 8pks: max 30969,P46123-021,Standard,Microsoft Windows Server 2022 16-core Datacenter Reseller Option Kit en/cs/pl/ru/sv SW,0,"$4,946.00",,NA,,No,Obsolete (OB),,Not published by OCA,Obsolete (OB),11/01/2021,05/31/2025,"{""Extended Price (USD)"":""NA""}",UNCHANGED,"$4,946.00",$0.00,$0.00,"$2,026.00"
Software & Licenses,Partner Software - Operating System 8pks,HPE OCA > OCA Solution > Software & Licenses > Partner Software - Operating System 8pks,Operating System / License,max 30969,0,"30,969",Selection constraint for Partner Software - Operating System 8pks: max 30969,P46123-A21,Standard,Microsoft Windows Server 2022 16-core Datacenter Reseller Option Kit en/fr/it/de/es/nl/pt SW,0,"$4,946.00",,NA,,No,Obsolete (OB),,Not published by OCA,Obsolete (OB),10/04/2021,05/31/2025,"{""Extended Price (USD)"":""NA""}",UNCHANGED,"$4,946.00",$0.00,$0.00,"$2,026.00"
Software & Licenses,Partner Software - Operating System 8pks,HPE OCA > OCA Solution > Software & Licenses > Partner Software - Operating System 8pks,Operating System / License,max 30969,0,"30,969",Selection constraint for Partner Software - Operating System 8pks: max 30969,P46128-B21,Standard,Microsoft Windows Server 2022 16-core Datacenter w/Reassignment Reseller Option Kit en/fr/de/es SW,0,"$7,260.00",,NA,,No,Obsolete (OB),,Not published by OCA,Obsolete (OB),11/01/2021,05/31/2025,"{""Extended Price (USD)"":""NA""}",UNCHANGED,"$7,260.00",$0.00,$0.00,"$2,026.00"
Software & Licenses,Partner Software - Operating System 8pks,HPE OCA > OCA Solution > Software & Licenses > Partner Software - Operating System 8pks,Operating System / License,max 30969,0,"30,969",Selection constraint for Partner Software - Operating System 8pks: max 30969,P46128-291,Standard,Microsoft Windows Server 2022 16-core Datacenter with Reassignment Reseller Option Kit Japanese SW,0,"$99,999.00",,NA,,No,Obsolete (OB),,Not published by OCA,Obsolete (OB),11/01/2021,05/31/2025,"{""Extended Price (USD)"":""NA""}",UNCHANGED,"$99,999.00",$0.00,$0.00,"$2,026.00"
Software & Licenses,Partner Software - Operating System 8pks,HPE OCA > OCA Solution > Software & Licenses > Partner Software - Operating System 8pks,Operating System / License,max 30969,0,"30,969",Selection constraint for Partner Software - Operating System 8pks: max 30969,P46171-AA1,Standard,Microsoft Windows Server 2022 16-core Standard Reseller Option Kit Chinese Simplified SW,0,"$99,999.00",,NA,,No,Obsolete (OB),,Not published by OCA,Obsolete (OB),11/01/2021,05/31/2025,"{""Extended Price (USD)"":""NA""}",UNCHANGED,"$99,999.00",$0.00,$0.00,"$2,026.00"
Software & Licenses,Partner Software - Operating System 8pks,HPE OCA > OCA Solution > Software & Licenses > Partner Software - Operating System 8pks,Operating System / License,max 30969,0,"30,969",Selection constraint for Partner Software - Operating System 8pks: max 30969,P46171-AB1,Standard,Microsoft Windows Server 2022 16-core Standard Reseller Option Kit Chinese Traditional SW,0,"$99,999.00",,NA,,No,Obsolete (OB),,Not published by OCA,Obsolete (OB),11/01/2021,05/31/2025,"{""Extended Price (USD)"":""NA""}",UNCHANGED,"$99,999.00",$0.00,$0.00,"$2,026.00"
Software & Licenses,Partner Software - Operating System 8pks,HPE OCA > OCA Solution > Software & Licenses > Partner Software - Operating System 8pks,Operating System / License,max 30969,0,"30,969",Selection constraint for Partner Software - Operating System 8pks: max 30969,P46171-371,Standard,Microsoft Windows Server 2022 16-core Standard Reseller Option Kit English/Korean/Japanese SW,0,"$99,999.00",,NA,,No,Obsolete (OB),,Not published by OCA,Obsolete (OB),10/04/2021,05/31/2025,"{""Extended Price (USD)"":""NA""}",UNCHANGED,"$99,999.00",$0.00,$0.00,"$2,026.00"
Software & Licenses,Partner Software - Operating System 8pks,HPE OCA > OCA Solution > Software & Licenses > Partner Software - Operating System 8pks,Operating System / License,max 30969,0,"30,969",Selection constraint for Partner Software - Operating System 8pks: max 30969,P46171-021,Standard,Microsoft Windows Server 2022 16-core Standard Reseller Option Kit en/cs/pl/ru/sv SW,0,$988.00,,NA,,No,Obsolete (OB),,Not published by OCA,Obsolete (OB),11/01/2021,05/31/2025,"{""Extended Price (USD)"":""NA""}",UNCHANGED,$988.00,$0.00,$0.00,"$2,026.00"
Software & Licenses,Partner Software - Operating System 8pks,HPE OCA > OCA Solution > Software & Licenses > Partner Software - Operating System 8pks,Operating System / License,max 30969,0,"30,969",Selection constraint for Partner Software - Operating System 8pks: max 30969,P46171-A21,Standard,Microsoft Windows Server 2022 16-core Standard Reseller Option Kit en/fr/it/de/es/nl/pt SW,0,$988.00,,NA,,No,Obsolete (OB),,Not published by OCA,Obsolete (OB),10/04/2021,05/31/2025,"{""Extended Price (USD)"":""NA""}",UNCHANGED,$988.00,$0.00,$0.00,"$2,026.00"
Software & Licenses,Partner Software - Operating System 8pks,HPE OCA > OCA Solution > Software & Licenses > Partner Software - Operating System 8pks,Operating System / License,max 30969,0,"30,969",Selection constraint for Partner Software - Operating System 8pks: max 30969,S6L39A,Standard,Microsoft Windows Server 2025 10-core Essentials Reseller Option Kit WW ESD LTU,0,$445.00,,NA,,No,Available,,Not published by OCA,Active,09/02/2025,11/30/2027,"{""Extended Price (USD)"":""NA""}",ADDED,N/A,$445.00,$100.00,"$2,026.00"
Software & Licenses,Partner Software - Operating System 8pks,HPE OCA > OCA Solution > Software & Licenses > Partner Software - Operating System 8pks,Operating System / License,max 30969,0,"30,969",Selection constraint for Partner Software - Operating System 8pks: max 30969,P77102-291,Standard,Microsoft Windows Server 2025 16-core Datacenter Reassignment Reseller Option Kit Japanese SW,0,$0.00,,NA,,No,Available,,Not published by OCA,Active,12/02/2024,01/31/2027,"{""Extended Price (USD)"":""NA""}",UNCHANGED,N/A,$0.00,$0.00,2026-09-10: (no price)
Software & Licenses,Partner Software - Operating System 8pks,HPE OCA > OCA Solution > Software & Licenses > Partner Software - Operating System 8pks,Operating System / License,max 30969,0,"30,969",Selection constraint for Partner Software - Operating System 8pks: max 30969,S6L37A,Standard,Microsoft Windows Server 2025 16-core Datacenter Reassignment Reseller Option Kit WW ESD LTU,0,"$7,733.00",,NA,,No,Available,,Not published by OCA,Active,09/02/2025,11/30/2027,"{""Extended Price (USD)"":""NA""}",ADDED,N/A,"$7,733.00",$100.00,"$2,026.00"
Software & Licenses,Partner Software - Operating System 8pks,HPE OCA > OCA Solution > Software & Licenses > Partner Software - Operating System 8pks,Operating System / License,max 30969,0,"30,969",Selection constraint for Partner Software - Operating System 8pks: max 30969,P77102-B21,Standard,Microsoft Windows Server 2025 16-core Datacenter Reassignment Reseller Option Kit en/fr/de/es SW,0,"$7,733.00",,NA,,No,Available,,Not published by OCA,Active,12/02/2024,01/31/2027,"{""Extended Price (USD)"":""NA""}",UNCHANGED,"$7,733.00",$0.00,$0.00,"$2,026.00"
Software & Licenses,Partner Software - Operating System 8pks,HPE OCA > OCA Solution > Software & Licenses > Partner Software - Operating System 8pks,Operating System / License,max 30969,0,"30,969",Selection constraint for Partner Software - Operating System 8pks: max 30969,P77101-AA1,Standard,Microsoft Windows Server 2025 16-core Datacenter Reseller Option Kit Chinese Simplified SW,0,$0.00,,NA,,No,Available,,Not published by OCA,Active,12/02/2024,01/31/2027,"{""Extended Price (USD)"":""NA""}",UNCHANGED,N/A,$0.00,$0.00,2026-09-10: (no price)
Software & Licenses,Partner Software - Operating System 8pks,HPE OCA > OCA Solution > Software & Licenses > Partner Software - Operating System 8pks,Operating System / License,max 30969,0,"30,969",Selection constraint for Partner Software - Operating System 8pks: max 30969,P77101-AB1,Standard,Microsoft Windows Server 2025 16-core Datacenter Reseller Option Kit Chinese Traditional SW,0,$0.00,,NA,,No,Available,,Not published by OCA,Active,12/02/2024,01/31/2027,"{""Extended Price (USD)"":""NA""}",UNCHANGED,N/A,$0.00,$0.00,2026-09-10: (no price)
Software & Licenses,Partner Software - Operating System 8pks,HPE OCA > OCA Solution > Software & Licenses > Partner Software - Operating System 8pks,Operating System / License,max 30969,0,"30,969",Selection constraint for Partner Software - Operating System 8pks: max 30969,P77101-291,Standard,Microsoft Windows Server 2025 16-core Datacenter Reseller Option Kit Japanese SW,0,$0.00,,NA,,No,Available,,Not published by OCA,Active,12/02/2024,01/31/2027,"{""Extended Price (USD)"":""NA""}",UNCHANGED,N/A,$0.00,$0.00,2026-09-10: (no price)
Software & Licenses,Partner Software - Operating System 8pks,HPE OCA > OCA Solution > Software & Licenses > Partner Software - Operating System 8pks,Operating System / License,max 30969,0,"30,969",Selection constraint for Partner Software - Operating System 8pks: max 30969,S6L36A,Standard,Microsoft Windows Server 2025 16-core Datacenter Reseller Option Kit WW ESD LTU,0,"$5,712.00",,NA,,No,Available,,Not published by OCA,Active,09/02/2025,11/30/2027,"{""Extended Price (USD)"":""NA""}",ADDED,N/A,"$5,712.00",$100.00,"$2,026.00"
Software & Licenses,Partner Software - Operating System 8pks,HPE OCA > OCA Solution > Software & Licenses > Partner Software - Operating System 8pks,Operating System / License,max 30969,0,"30,969",Selection constraint for Partner Software - Operating System 8pks: max 30969,P77101-021,Standard,Microsoft Windows Server 2025 16-core Datacenter Reseller Option Kit en/cs/pl/ru/sv SW,0,"$5,712.00",,NA,,No,Available,,Not published by OCA,Active,12/02/2024,01/31/2027,"{""Extended Price (USD)"":""NA""}",UNCHANGED,"$5,712.00",$0.00,$0.00,"$2,026.00"
Software & Licenses,Partner Software - Operating System 8pks,HPE OCA > OCA Solution > Software & Licenses > Partner Software - Operating System 8pks,Operating System / License,max 30969,0,"30,969",Selection constraint for Partner Software - Operating System 8pks: max 30969,P77101-A21,Standard,Microsoft Windows Server 2025 16-core Datacenter Reseller Option Kit en/fr/de/es/it/pt/nl SW,0,"$5,712.00",,NA,,No,Available,,Not published by OCA,Active,12/02/2024,01/31/2027,"{""Extended Price (USD)"":""NA""}",UNCHANGED,"$5,712.00",$0.00,$0.00,"$2,026.00"
Software & Licenses,Partner Software - Operating System 8pks,HPE OCA > OCA Solution > Software & Licenses > Partner Software - Operating System 8pks,Operating System / License,max 30969,0,"30,969",Selection constraint for Partner Software - Operating System 8pks: max 30969,P77101-371,Standard,Microsoft Windows Server 2025 16-core Datacenter Reseller Option Kit en/ko SW,0,$0.00,,NA,,No,Available,,Not published by OCA,Active,12/02/2024,01/31/2027,"{""Extended Price (USD)"":""NA""}",UNCHANGED,N/A,$0.00,$0.00,2026-09-10: (no price)
Software & Licenses,Partner Software - Operating System 8pks,HPE OCA > OCA Solution > Software & Licenses > Partner Software - Operating System 8pks,Operating System / License,max 30969,0,"30,969",Selection constraint for Partner Software - Operating System 8pks: max 30969,P77100-AA1,Standard,Microsoft Windows Server 2025 16-core Standard Reseller Option Kit Chinese Simplified SW,0,$0.00,,NA,,No,Available,,Not published by OCA,Active,12/02/2024,01/31/2027,"{""Extended Price (USD)"":""NA""}",UNCHANGED,N/A,$0.00,$0.00,2026-09-10: (no price)
Software & Licenses,Partner Software - Operating System 8pks,HPE OCA > OCA Solution > Software & Licenses > Partner Software - Operating System 8pks,Operating System / License,max 30969,0,"30,969",Selection constraint for Partner Software - Operating System 8pks: max 30969,P77100-AB1,Standard,Microsoft Windows Server 2025 16-core Standard Reseller Option Kit Chinese Traditional SW,0,$0.00,,NA,,No,Available,,Not published by OCA,Active,12/02/2024,01/31/2027,"{""Extended Price (USD)"":""NA""}",UNCHANGED,N/A,$0.00,$0.00,2026-09-10: (no price)
Software & Licenses,Partner Software - Operating System 8pks,HPE OCA > OCA Solution > Software & Licenses > Partner Software - Operating System 8pks,Operating System / License,max 30969,0,"30,969",Selection constraint for Partner Software - Operating System 8pks: max 30969,P77100-291,Standard,Microsoft Windows Server 2025 16-core Standard Reseller Option Kit Japanese SW,0,$0.00,,NA,,No,Available,,Not published by OCA,Active,12/02/2024,01/31/2027,"{""Extended Price (USD)"":""NA""}",UNCHANGED,N/A,$0.00,$0.00,2026-09-10: (no price)
Software & Licenses,Partner Software - Operating System 8pks,HPE OCA > OCA Solution > Software & Licenses > Partner Software - Operating System 8pks,Operating System / License,max 30969,0,"30,969",Selection constraint for Partner Software - Operating System 8pks: max 30969,S6L38A,Standard,Microsoft Windows Server 2025 16-core Standard Reseller Option Kit WW ESD LTU,0,"$1,147.00",,NA,,No,Available,,Not published by OCA,Active,09/02/2025,11/30/2027,"{""Extended Price (USD)"":""NA""}",ADDED,N/A,"$1,147.00",$100.00,"$2,026.00"
Software & Licenses,Partner Software - Operating System 8pks,HPE OCA > OCA Solution > Software & Licenses > Partner Software - Operating System 8pks,Operating System / License,max 30969,0,"30,969",Selection constraint for Partner Software - Operating System 8pks: max 30969,P77100-021,Standard,Microsoft Windows Server 2025 16-core Standard Reseller Option Kit en/cs/pl/ru/sv SW,0,"$1,147.00",,NA,,No,Available,,Not published by OCA,Active,12/02/2024,01/31/2027,"{""Extended Price (USD)"":""NA""}",UNCHANGED,"$1,147.00",$0.00,$0.00,"$2,026.00"
Software & Licenses,Partner Software - Operating System 8pks,HPE OCA > OCA Solution > Software & Licenses > Partner Software - Operating System 8pks,Operating System / License,max 30969,0,"30,969",Selection constraint for Partner Software - Operating System 8pks: max 30969,P77100-A21,Standard,Microsoft Windows Server 2025 16-core Standard Reseller Option Kit en/fr/de/es/it/pt/nl SW,0,"$1,147.00",,NA,,No,Available,,Not published by OCA,Active,12/02/2024,01/31/2027,"{""Extended Price (USD)"":""NA""}",UNCHANGED,"$1,147.00",$0.00,$0.00,"$2,026.00"
Software & Licenses,Partner Software - Operating System 8pks,HPE OCA > OCA Solution > Software & Licenses > Partner Software - Operating System 8pks,Operating System / License,max 30969,0,"30,969",Selection constraint for Partner Software - Operating System 8pks: max 30969,P77100-371,Standard,Microsoft Windows Server 2025 16-core Standard Reseller Option Kit en/ko SW,0,$0.00,,NA,,No,Available,,Not published by OCA,Active,12/02/2024,01/31/2027,"{""Extended Price (USD)"":""NA""}",UNCHANGED,N/A,$0.00,$0.00,2026-09-10: (no price)