Main Category	Sub-Category	Hierarchy Path	Component Role	Constraint Text	Subcategory Min Qty	Subcategory Max Qty	Table Rule/Note	Product #	Option Type	Description	Current Qty	Unit Price (USD)	Price Delta (USD)	Extended Price (USD)	Price per GB (USD)	HPE Recommended	Availability	Lead Time	Lead Time Source	Lifecycle Status	Start Date	Discontinued Date	Vendor Attributes (JSON)	Diff Status	Previous List Price (USD)	Price Change (USD)	Price Change (%)	Price History Trail
Support Services	RAID Settings	HPE OCA > DL380a Gen12 [P76706-B21] > Support Services > RAID Settings	Service & Support	max 1	0	1	Selection constraint for RAID Settings: max 1	389692-B21	Standard	HPE Customer Defined RAID Setting Service	0	1.00		NA		No	Available		Not published by OCA	Active	02/02/2005	12/31/2043	{"Extended Price (USD)":"NA"}	ADDED	N/A	+$1.00	+100.00%	2026-09-30: $1.00
Software & Licenses	HPC Software Products	HPE OCA > DL380a Gen12 [P76706-B21] > Software & Licenses > HPC Software Products	Service & Support	Unlimited	0	Unlimited	Selection constraint for HPC Software Products: no max	Q9V60AAE	Service	HPE Performance Cluster Manager 1 Node 3yr 24x7 Support Perpetual E-LTU	0	3500.00		NA		No	Available		Not published by OCA	Active	06/04/2018	01/31/2027	{"Extended Price (USD)":"NA"}	PRICE_AND_ATTRIBUTE_CHANGED	N/A	+$3500.00	0.00%	2026-09-10: (no price) → 2026-09-30: $3500.00
Software & Licenses	High Availability Computing - Cluster Software	HPE OCA > DL380a Gen12 [P76706-B21] > Software & Licenses > High Availability Computing - Cluster Software	Service & Support	Unlimited	0	Unlimited	Selection constraint for High Availability Computing - Cluster Software: no max | R1T30AAE conditional visibility: portal selector activation required (DS); PORTAL_CONDITIONAL | R1T31AAE conditional visibility: portal selector activation required (DS); PORTAL_CONDITIONAL | R1T32AAE conditional visibility: portal selector activation required (DS); PORTAL_CONDITIONAL | R1T36AAE conditional visibility: portal selector activation required (DS); PORTAL_CONDITIONAL | R7P98AAE conditional visibility: portal selector activation required (DS); PORTAL_CONDITIONAL | R8V45AAE conditional visibility: portal selector activation required (DS); PORTAL_CONDITIONAL | R8V46AAE conditional visibility: portal selector activation required (DS); PORTAL_CONDITIONAL | S0W12AAE conditional visibility: portal selector activation required (DS); PORTAL_CONDITIONAL | S0W13AAE conditional visibility: portal selector activation required (DS); PORTAL_CONDITIONAL | S0W14AAE conditional visibility: portal selector activation required (DS); PORTAL_CONDITIONAL | S0W15AAE conditional visibility: portal selector activation required (DS); PORTAL_CONDITIONAL | S0W16AAE conditional visibility: portal selector activation required (DS); PORTAL_CONDITIONAL | S0W17AAE conditional visibility: portal selector activation required (DS); PORTAL_CONDITIONAL | S0W18AAE conditional visibility: portal selector activation required (DS); PORTAL_CONDITIONAL | S0W19AAE conditional visibility: portal selector activation required (DS); PORTAL_CONDITIONAL | S0W20AAE conditional visibility: portal selector activation required (DS); PORTAL_CONDITIONAL | S0W21AAE conditional visibility: portal selector activation required (DS); PORTAL_CONDITIONAL | S0W22AAE conditional visibility: portal selector activation required (DS); PORTAL_CONDITIONAL | S0W23AAE conditional visibility: portal selector activation required (DS); PORTAL_CONDITIONAL | S0W24AAE conditional visibility: portal selector activation required (DS); PORTAL_CONDITIONAL | S0W25AAE conditional visibility: portal selector activation required (DS); PORTAL_CONDITIONAL | S0W26AAE conditional visibility: portal selector activation required (DS); PORTAL_CONDITIONAL | S0W27AAE conditional visibility: portal selector activation required (DS); PORTAL_CONDITIONAL | S0W28AAE conditional visibility: portal selector activation required (DS); PORTAL_CONDITIONAL | S0W29AAE conditional visibility: portal selector activation required (DS); PORTAL_CONDITIONAL	R1T30AAE	Service	HPE Serviceguard for Linux x86 Base 1yr Subscription 24x7 Support PSL E-LTU	0	1074.00		NA		No	Available		Not published by OCA	Active	03/04/2019	09/30/2028	{"Extended Price (USD)":"NA"}	PRICE_AND_ATTRIBUTE_CHANGED	N/A	+$1074.00	0.00%	2026-09-10: (no price) → 2026-09-30: $1074.00
Software & Licenses	High Availability Computing - Cluster Software	HPE OCA > DL380a Gen12 [P76706-B21] > Software & Licenses > High Availability Computing - Cluster Software	Service & Support	Unlimited	0	Unlimited	Selection constraint for High Availability Computing - Cluster Software: no max | R1T30AAE conditional visibility: portal selector activation required (DS); PORTAL_CONDITIONAL | R1T31AAE conditional visibility: portal selector activation required (DS); PORTAL_CONDITIONAL | R1T32AAE conditional visibility: portal selector activation required (DS); PORTAL_CONDITIONAL | R1T36AAE conditional visibility: portal selector activation required (DS); PORTAL_CONDITIONAL | R7P98AAE conditional visibility: portal selector activation required (DS); PORTAL_CONDITIONAL | R8V45AAE conditional visibility: portal selector activation required (DS); PORTAL_CONDITIONAL | R8V46AAE conditional visibility: portal selector activation required (DS); PORTAL_CONDITIONAL | S0W12AAE conditional visibility: portal selector activation required (DS); PORTAL_CONDITIONAL | S0W13AAE conditional visibility: portal selector activation required (DS); PORTAL_CONDITIONAL | S0W14AAE conditional visibility: portal selector activation required (DS); PORTAL_CONDITIONAL | S0W15AAE conditional visibility: portal selector activation required (DS); PORTAL_CONDITIONAL | S0W16AAE conditional visibility: portal selector activation required (DS); PORTAL_CONDITIONAL | S0W17AAE conditional visibility: portal selector activation required (DS); PORTAL_CONDITIONAL | S0W18AAE conditional visibility: portal selector activation required (DS); PORTAL_CONDITIONAL | S0W19AAE conditional visibility: portal selector activation required (DS); PORTAL_CONDITIONAL | S0W20AAE conditional visibility: portal selector activation required (DS); PORTAL_CONDITIONAL | S0W21AAE conditional visibility: portal selector activation required (DS); PORTAL_CONDITIONAL | S0W22AAE conditional visibility: portal selector activation required (DS); PORTAL_CONDITIONAL | S0W23AAE conditional visibility: portal selector activation required (DS); PORTAL_CONDITIONAL | S0W24AAE conditional visibility: portal selector activation required (DS); PORTAL_CONDITIONAL | S0W25AAE conditional visibility: portal selector activation required (DS); PORTAL_CONDITIONAL | S0W26AAE conditional visibility: portal selector activation required (DS); PORTAL_CONDITIONAL | S0W27AAE conditional visibility: portal selector activation required (DS); PORTAL_CONDITIONAL | S0W28AAE conditional visibility: portal selector activation required (DS); PORTAL_CONDITIONAL | S0W29AAE conditional visibility: portal selector activation required (DS); PORTAL_CONDITIONAL	R1T31AAE	Service	HPE Serviceguard for Linux x86 Advanced 1yr Subscription 24x7 Support PSL E-LTU	0	1511.00		NA		No	Available		Not published by OCA	Active	03/04/2019	09/30/2028	{"Extended Price (USD)":"NA"}	PRICE_AND_ATTRIBUTE_CHANGED	N/A	+$1511.00	0.00%	2026-09-10: (no price) → 2026-09-30: $1511.00
Software & Licenses	High Availability Computing - Cluster Software	HPE OCA > DL380a Gen12 [P76706-B21] > Software & Licenses > High Availability Computing - Cluster Software	Service & Support	Unlimited	0	Unlimited	Selection constraint for High Availability Computing - Cluster Software: no max | R1T30AAE conditional visibility: portal selector activation required (DS); PORTAL_CONDITIONAL | R1T31AAE conditional visibility: portal selector activation required (DS); PORTAL_CONDITIONAL | R1T32AAE conditional visibility: portal selector activation required (DS); PORTAL_CONDITIONAL | R1T36AAE conditional visibility: portal selector activation required (DS); PORTAL_CONDITIONAL | R7P98AAE conditional visibility: portal selector activation required (DS); PORTAL_CONDITIONAL | R8V45AAE conditional visibility: portal selector activation required (DS); PORTAL_CONDITIONAL | R8V46AAE conditional visibility: portal selector activation required (DS); PORTAL_CONDITIONAL | S0W12AAE conditional visibility: portal selector activation required (DS); PORTAL_CONDITIONAL | S0W13AAE conditional visibility: portal selector activation required (DS); PORTAL_CONDITIONAL | S0W14AAE conditional visibility: portal selector activation required (DS); PORTAL_CONDITIONAL | S0W15AAE conditional visibility: portal selector activation required (DS); PORTAL_CONDITIONAL | S0W16AAE conditional visibility: portal selector activation required (DS); PORTAL_CONDITIONAL | S0W17AAE conditional visibility: portal selector activation required (DS); PORTAL_CONDITIONAL | S0W18AAE conditional visibility: portal selector activation required (DS); PORTAL_CONDITIONAL | S0W19AAE conditional visibility: portal selector activation required (DS); PORTAL_CONDITIONAL | S0W20AAE conditional visibility: portal selector activation required (DS); PORTAL_CONDITIONAL | S0W21AAE conditional visibility: portal selector activation required (DS); PORTAL_CONDITIONAL | S0W22AAE conditional visibility: portal selector activation required (DS); PORTAL_CONDITIONAL | S0W23AAE conditional visibility: portal selector activation required (DS); PORTAL_CONDITIONAL | S0W24AAE conditional visibility: portal selector activation required (DS); PORTAL_CONDITIONAL | S0W25AAE conditional visibility: portal selector activation required (DS); PORTAL_CONDITIONAL | S0W26AAE conditional visibility: portal selector activation required (DS); PORTAL_CONDITIONAL | S0W27AAE conditional visibility: portal selector activation required (DS); PORTAL_CONDITIONAL | S0W28AAE conditional visibility: portal selector activation required (DS); PORTAL_CONDITIONAL | S0W29AAE conditional visibility: portal selector activation required (DS); PORTAL_CONDITIONAL	R1T32AAE	Service	HPE Serviceguard for Linux x86 Enterprise 1yr Subscription 24x7 Support PSL E-LTU	0	1984.00		NA		No	Available		Not published by OCA	Active	03/04/2019	09/30/2028	{"Extended Price (USD)":"NA"}	PRICE_AND_ATTRIBUTE_CHANGED	N/A	+$1984.00	0.00%	2026-09-10: (no price) → 2026-09-30: $1984.00
Software & Licenses	High Availability Computing - Cluster Software	HPE OCA > DL380a Gen12 [P76706-B21] > Software & Licenses > High Availability Computing - Cluster Software	Service & Support	Unlimited	0	Unlimited	Selection constraint for High Availability Computing - Cluster Software: no max | R1T30AAE conditional visibility: portal selector activation required (DS); PORTAL_CONDITIONAL | R1T31AAE conditional visibility: portal selector activation required (DS); PORTAL_CONDITIONAL | R1T32AAE conditional visibility: portal selector activation required (DS); PORTAL_CONDITIONAL | R1T36AAE conditional visibility: portal selector activation required (DS); PORTAL_CONDITIONAL | R7P98AAE conditional visibility: portal selector activation required (DS); PORTAL_CONDITIONAL | R8V45AAE conditional visibility: portal selector activation required (DS); PORTAL_CONDITIONAL | R8V46AAE conditional visibility: portal selector activation required (DS); PORTAL_CONDITIONAL | S0W12AAE conditional visibility: portal selector activation required (DS); PORTAL_CONDITIONAL | S0W13AAE conditional visibility: portal selector activation required (DS); PORTAL_CONDITIONAL | S0W14AAE conditional visibility: portal selector activation required (DS); PORTAL_CONDITIONAL | S0W15AAE conditional visibility: portal selector activation required (DS); PORTAL_CONDITIONAL | S0W16AAE conditional visibility: portal selector activation required (DS); PORTAL_CONDITIONAL | S0W17AAE conditional visibility: portal selector activation required (DS); PORTAL_CONDITIONAL | S0W18AAE conditional visibility: portal selector activation required (DS); PORTAL_CONDITIONAL | S0W19AAE conditional visibility: portal selector activation required (DS); PORTAL_CONDITIONAL | S0W20AAE conditional visibility: portal selector activation required (DS); PORTAL_CONDITIONAL | S0W21AAE conditional visibility: portal selector activation required (DS); PORTAL_CONDITIONAL | S0W22AAE conditional visibility: portal selector activation required (DS); PORTAL_CONDITIONAL | S0W23AAE conditional visibility: portal selector activation required (DS); PORTAL_CONDITIONAL | S0W24AAE conditional visibility: portal selector activation required (DS); PORTAL_CONDITIONAL | S0W25AAE conditional visibility: portal selector activation required (DS); PORTAL_CONDITIONAL | S0W26AAE conditional visibility: portal selector activation required (DS); PORTAL_CONDITIONAL | S0W27AAE conditional visibility: portal selector activation required (DS); PORTAL_CONDITIONAL | S0W28AAE conditional visibility: portal selector activation required (DS); PORTAL_CONDITIONAL | S0W29AAE conditional visibility: portal selector activation required (DS); PORTAL_CONDITIONAL	R1T36AAE	Service	HPE Serviceguard for Linux x86 Enterprise for SAP HANA 1yr Subscription 24x7 Support PSL E-LTU	0	1984.00		NA		No	Available		Not published by OCA	Active	03/04/2019	09/30/2028	{"Extended Price (USD)":"NA"}	PRICE_AND_ATTRIBUTE_CHANGED	N/A	+$1984.00	0.00%	2026-09-10: (no price) → 2026-09-30: $1984.00
Software & Licenses	High Availability Computing - Cluster Software	HPE OCA > DL380a Gen12 [P76706-B21] > Software & Licenses > High Availability Computing - Cluster Software	Service & Support	Unlimited	0	Unlimited	Selection constraint for High Availability Computing - Cluster Software: no max | R1T30AAE conditional visibility: portal selector activation required (DS); PORTAL_CONDITIONAL | R1T31AAE conditional visibility: portal selector activation required (DS); PORTAL_CONDITIONAL | R1T32AAE conditional visibility: portal selector activation required (DS); PORTAL_CONDITIONAL | R1T36AAE conditional visibility: portal selector activation required (DS); PORTAL_CONDITIONAL | R7P98AAE conditional visibility: portal selector activation required (DS); PORTAL_CONDITIONAL | R8V45AAE conditional visibility: portal selector activation required (DS); PORTAL_CONDITIONAL | R8V46AAE conditional visibility: portal selector activation required (DS); PORTAL_CONDITIONAL | S0W12AAE conditional visibility: portal selector activation required (DS); PORTAL_CONDITIONAL | S0W13AAE conditional visibility: portal selector activation required (DS); PORTAL_CONDITIONAL | S0W14AAE conditional visibility: portal selector activation required (DS); PORTAL_CONDITIONAL | S0W15AAE conditional visibility: portal selector activation required (DS); PORTAL_CONDITIONAL | S0W16AAE conditional visibility: portal selector activation required (DS); PORTAL_CONDITIONAL | S0W17AAE conditional visibility: portal selector activation required (DS); PORTAL_CONDITIONAL | S0W18AAE conditional visibility: portal selector activation required (DS); PORTAL_CONDITIONAL | S0W19AAE conditional visibility: portal selector activation required (DS); PORTAL_CONDITIONAL | S0W20AAE conditional visibility: portal selector activation required (DS); PORTAL_CONDITIONAL | S0W21AAE conditional visibility: portal selector activation required (DS); PORTAL_CONDITIONAL | S0W22AAE conditional visibility: portal selector activation required (DS); PORTAL_CONDITIONAL | S0W23AAE conditional visibility: portal selector activation required (DS); PORTAL_CONDITIONAL | S0W24AAE conditional visibility: portal selector activation required (DS); PORTAL_CONDITIONAL | S0W25AAE conditional visibility: portal selector activation required (DS); PORTAL_CONDITIONAL | S0W26AAE conditional visibility: portal selector activation required (DS); PORTAL_CONDITIONAL | S0W27AAE conditional visibility: portal selector activation required (DS); PORTAL_CONDITIONAL | S0W28AAE conditional visibility: portal selector activation required (DS); PORTAL_CONDITIONAL | S0W29AAE conditional visibility: portal selector activation required (DS); PORTAL_CONDITIONAL	R7P98AAE	Service	HPE Serviceguard for Linux x86 Premium for SAP HANA 1-year Subscription 24x7 Support PSL E-LTU	0	2630.00		NA		No	Available		Not published by OCA	Active	04/06/2021	09/30/2028	{"Extended Price (USD)":"NA"}	PRICE_AND_ATTRIBUTE_CHANGED	N/A	+$2630.00	0.00%	2026-09-10: (no price) → 2026-09-30: $2630.00
Software & Licenses	High Availability Computing - Cluster Software	HPE OCA > DL380a Gen12 [P76706-B21] > Software & Licenses > High Availability Computing - Cluster Software	Service & Support	Unlimited	0	Unlimited	Selection constraint for High Availability Computing - Cluster Software: no max | R1T30AAE conditional visibility: portal selector activation required (DS); PORTAL_CONDITIONAL | R1T31AAE conditional visibility: portal selector activation required (DS); PORTAL_CONDITIONAL | R1T32AAE conditional visibility: portal selector activation required (DS); PORTAL_CONDITIONAL | R1T36AAE conditional visibility: portal selector activation required (DS); PORTAL_CONDITIONAL | R7P98AAE conditional visibility: portal selector activation required (DS); PORTAL_CONDITIONAL | R8V45AAE conditional visibility: portal selector activation required (DS); PORTAL_CONDITIONAL | R8V46AAE conditional visibility: portal selector activation required (DS); PORTAL_CONDITIONAL | S0W12AAE conditional visibility: portal selector activation required (DS); PORTAL_CONDITIONAL | S0W13AAE conditional visibility: portal selector activation required (DS); PORTAL_CONDITIONAL | S0W14AAE conditional visibility: portal selector activation required (DS); PORTAL_CONDITIONAL | S0W15AAE conditional visibility: portal selector activation required (DS); PORTAL_CONDITIONAL | S0W16AAE conditional visibility: portal selector activation required (DS); PORTAL_CONDITIONAL | S0W17AAE conditional visibility: portal selector activation required (DS); PORTAL_CONDITIONAL | S0W18AAE conditional visibility: portal selector activation required (DS); PORTAL_CONDITIONAL | S0W19AAE conditional visibility: portal selector activation required (DS); PORTAL_CONDITIONAL | S0W20AAE conditional visibility: portal selector activation required (DS); PORTAL_CONDITIONAL | S0W21AAE conditional visibility: portal selector activation required (DS); PORTAL_CONDITIONAL | S0W22AAE conditional visibility: portal selector activation required (DS); PORTAL_CONDITIONAL | S0W23AAE conditional visibility: portal selector activation required (DS); PORTAL_CONDITIONAL | S0W24AAE conditional visibility: portal selector activation required (DS); PORTAL_CONDITIONAL | S0W25AAE conditional visibility: portal selector activation required (DS); PORTAL_CONDITIONAL | S0W26AAE conditional visibility: portal selector activation required (DS); PORTAL_CONDITIONAL | S0W27AAE conditional visibility: portal selector activation required (DS); PORTAL_CONDITIONAL | S0W28AAE conditional visibility: portal selector activation required (DS); PORTAL_CONDITIONAL | S0W29AAE conditional visibility: portal selector activation required (DS); PORTAL_CONDITIONAL	R8V45AAE	Service	HPE Serviceguard for Linux x86 Flex Storage Add-On 1yr Subscription 24x7 Support per Instance E-LTU	0	4725.00		NA		No	Available		Not published by OCA	Active	10/04/2021	09/30/2028	{"Extended Price (USD)":"NA"}	PRICE_AND_ATTRIBUTE_CHANGED	N/A	+$4725.00	0.00%	2026-09-10: (no price) → 2026-09-30: $4725.00
Software & Licenses	High Availability Computing - Cluster Software	HPE OCA > DL380a Gen12 [P76706-B21] > Software & Licenses > High Availability Computing - Cluster Software	Service & Support	Unlimited	0	Unlimited	Selection constraint for High Availability Computing - Cluster Software: no max | R1T30AAE conditional visibility: portal selector activation required (DS); PORTAL_CONDITIONAL | R1T31AAE conditional visibility: portal selector activation required (DS); PORTAL_CONDITIONAL | R1T32AAE conditional visibility: portal selector activation required (DS); PORTAL_CONDITIONAL | R1T36AAE conditional visibility: portal selector activation required (DS); PORTAL_CONDITIONAL | R7P98AAE conditional visibility: portal selector activation required (DS); PORTAL_CONDITIONAL | R8V45AAE conditional visibility: portal selector activation required (DS); PORTAL_CONDITIONAL | R8V46AAE conditional visibility: portal selector activation required (DS); PORTAL_CONDITIONAL | S0W12AAE conditional visibility: portal selector activation required (DS); PORTAL_CONDITIONAL | S0W13AAE conditional visibility: portal selector activation required (DS); PORTAL_CONDITIONAL | S0W14AAE conditional visibility: portal selector activation required (DS); PORTAL_CONDITIONAL | S0W15AAE conditional visibility: portal selector activation required (DS); PORTAL_CONDITIONAL | S0W16AAE conditional visibility: portal selector activation required (DS); PORTAL_CONDITIONAL | S0W17AAE conditional visibility: portal selector activation required (DS); PORTAL_CONDITIONAL | S0W18AAE conditional visibility: portal selector activation required (DS); PORTAL_CONDITIONAL | S0W19AAE conditional visibility: portal selector activation required (DS); PORTAL_CONDITIONAL | S0W20AAE conditional visibility: portal selector activation required (DS); PORTAL_CONDITIONAL | S0W21AAE conditional visibility: portal selector activation required (DS); PORTAL_CONDITIONAL | S0W22AAE conditional visibility: portal selector activation required (DS); PORTAL_CONDITIONAL | S0W23AAE conditional visibility: portal selector activation required (DS); PORTAL_CONDITIONAL | S0W24AAE conditional visibility: portal selector activation required (DS); PORTAL_CONDITIONAL | S0W25AAE conditional visibility: portal selector activation required (DS); PORTAL_CONDITIONAL | S0W26AAE conditional visibility: portal selector activation required (DS); PORTAL_CONDITIONAL | S0W27AAE conditional visibility: portal selector activation required (DS); PORTAL_CONDITIONAL | S0W28AAE conditional visibility: portal selector activation required (DS); PORTAL_CONDITIONAL | S0W29AAE conditional visibility: portal selector activation required (DS); PORTAL_CONDITIONAL	R8V46AAE	Service	HPE Serviceguard for Linux x86 Flex Storage Add-On 3yr Subscription 24x7 Support per Instance E-LTU	0	12474.00		NA		No	Direct Ship (DS)		Not published by OCA	Direct Ship (DS)	10/04/2021	09/30/2026	{"Extended Price (USD)":"NA"}	ADDED	N/A	+$12474.00	+100.00%	2026-09-30: $12474.00
Software & Licenses	High Availability Computing - Cluster Software	HPE OCA > DL380a Gen12 [P76706-B21] > Software & Licenses > High Availability Computing - Cluster Software	Operating System / License	Unlimited	0	Unlimited	Selection constraint for High Availability Computing - Cluster Software: no max | R1T30AAE conditional visibility: portal selector activation required (DS); PORTAL_CONDITIONAL | R1T31AAE conditional visibility: portal selector activation required (DS); PORTAL_CONDITIONAL | R1T32AAE conditional visibility: portal selector activation required (DS); PORTAL_CONDITIONAL | R1T36AAE conditional visibility: portal selector activation required (DS); PORTAL_CONDITIONAL | R7P98AAE conditional visibility: portal selector activation required (DS); PORTAL_CONDITIONAL | R8V45AAE conditional visibility: portal selector activation required (DS); PORTAL_CONDITIONAL | R8V46AAE conditional visibility: portal selector activation required (DS); PORTAL_CONDITIONAL | S0W12AAE conditional visibility: portal selector activation required (DS); PORTAL_CONDITIONAL | S0W13AAE conditional visibility: portal selector activation required (DS); PORTAL_CONDITIONAL | S0W14AAE conditional visibility: portal selector activation required (DS); PORTAL_CONDITIONAL | S0W15AAE conditional visibility: portal selector activation required (DS); PORTAL_CONDITIONAL | S0W16AAE conditional visibility: portal selector activation required (DS); PORTAL_CONDITIONAL | S0W17AAE conditional visibility: portal selector activation required (DS); PORTAL_CONDITIONAL | S0W18AAE conditional visibility: portal selector activation required (DS); PORTAL_CONDITIONAL | S0W19AAE conditional visibility: portal selector activation required (DS); PORTAL_CONDITIONAL | S0W20AAE conditional visibility: portal selector activation required (DS); PORTAL_CONDITIONAL | S0W21AAE conditional visibility: portal selector activation required (DS); PORTAL_CONDITIONAL | S0W22AAE conditional visibility: portal selector activation required (DS); PORTAL_CONDITIONAL | S0W23AAE conditional visibility: portal selector activation required (DS); PORTAL_CONDITIONAL | S0W24AAE conditional visibility: portal selector activation required (DS); PORTAL_CONDITIONAL | S0W25AAE conditional visibility: portal selector activation required (DS); PORTAL_CONDITIONAL | S0W26AAE conditional visibility: portal selector activation required (DS); PORTAL_CONDITIONAL | S0W27AAE conditional visibility: portal selector activation required (DS); PORTAL_CONDITIONAL | S0W28AAE conditional visibility: portal selector activation required (DS); PORTAL_CONDITIONAL | S0W29AAE conditional visibility: portal selector activation required (DS); PORTAL_CONDITIONAL	S0W12AAE	Service	HPE Serviceguard for Linux v15 High Availability E5 2 Cores or 4 vCPUs 1yr Subscription 24x7 E-LTU	0	69.00		NA		No	Available		Not published by OCA	Active	01/10/2023	09/30/2028	{"Extended Price (USD)":"NA"}	PRICE_AND_ATTRIBUTE_CHANGED	N/A	+$69.00	0.00%	2026-09-10: (no price) → 2026-09-30: $69.00
Software & Licenses	High Availability Computing - Cluster Software	HPE OCA > DL380a Gen12 [P76706-B21] > Software & Licenses > High Availability Computing - Cluster Software	Operating System / License	Unlimited	0	Unlimited	Selection constraint for High Availability Computing - Cluster Software: no max | R1T30AAE conditional visibility: portal selector activation required (DS); PORTAL_CONDITIONAL | R1T31AAE conditional visibility: portal selector activation required (DS); PORTAL_CONDITIONAL | R1T32AAE conditional visibility: portal selector activation required (DS); PORTAL_CONDITIONAL | R1T36AAE conditional visibility: portal selector activation required (DS); PORTAL_CONDITIONAL | R7P98AAE conditional visibility: portal selector activation required (DS); PORTAL_CONDITIONAL | R8V45AAE conditional visibility: portal selector activation required (DS); PORTAL_CONDITIONAL | R8V46AAE conditional visibility: portal selector activation required (DS); PORTAL_CONDITIONAL | S0W12AAE conditional visibility: portal selector activation required (DS); PORTAL_CONDITIONAL | S0W13AAE conditional visibility: portal selector activation required (DS); PORTAL_CONDITIONAL | S0W14AAE conditional visibility: portal selector activation required (DS); PORTAL_CONDITIONAL | S0W15AAE conditional visibility: portal selector activation required (DS); PORTAL_CONDITIONAL | S0W16AAE conditional visibility: portal selector activation required (DS); PORTAL_CONDITIONAL | S0W17AAE conditional visibility: portal selector activation required (DS); PORTAL_CONDITIONAL | S0W18AAE conditional visibility: portal selector activation required (DS); PORTAL_CONDITIONAL | S0W19AAE conditional visibility: portal selector activation required (DS); PORTAL_CONDITIONAL | S0W20AAE conditional visibility: portal selector activation required (DS); PORTAL_CONDITIONAL | S0W21AAE conditional visibility: portal selector activation required (DS); PORTAL_CONDITIONAL | S0W22AAE conditional visibility: portal selector activation required (DS); PORTAL_CONDITIONAL | S0W23AAE conditional visibility: portal selector activation required (DS); PORTAL_CONDITIONAL | S0W24AAE conditional visibility: portal selector activation required (DS); PORTAL_CONDITIONAL | S0W25AAE conditional visibility: portal selector activation required (DS); PORTAL_CONDITIONAL | S0W26AAE conditional visibility: portal selector activation required (DS); PORTAL_CONDITIONAL | S0W27AAE conditional visibility: portal selector activation required (DS); PORTAL_CONDITIONAL | S0W28AAE conditional visibility: portal selector activation required (DS); PORTAL_CONDITIONAL | S0W29AAE conditional visibility: portal selector activation required (DS); PORTAL_CONDITIONAL	S0W13AAE	Service	HPE Serviceguard for Linux v15 High Availability E5 2 Cores or 4 vCPUs 3yr Subscription 24x7 E-LTU	0	182.00		NA		No	Direct Ship (DS)		Not published by OCA	Direct Ship (DS)	01/10/2023	09/30/2026	{"Extended Price (USD)":"NA"}	ADDED	N/A	+$182.00	+100.00%	2026-09-30: $182.00
Software & Licenses	High Availability Computing - Cluster Software	HPE OCA > DL380a Gen12 [P76706-B21] > Software & Licenses > High Availability Computing - Cluster Software	Operating System / License	Unlimited	0	Unlimited	Selection constraint for High Availability Computing - Cluster Software: no max | R1T30AAE conditional visibility: portal selector activation required (DS); PORTAL_CONDITIONAL | R1T31AAE conditional visibility: portal selector activation required (DS); PORTAL_CONDITIONAL | R1T32AAE conditional visibility: portal selector activation required (DS); PORTAL_CONDITIONAL | R1T36AAE conditional visibility: portal selector activation required (DS); PORTAL_CONDITIONAL | R7P98AAE conditional visibility: portal selector activation required (DS); PORTAL_CONDITIONAL | R8V45AAE conditional visibility: portal selector activation required (DS); PORTAL_CONDITIONAL | R8V46AAE conditional visibility: portal selector activation required (DS); PORTAL_CONDITIONAL | S0W12AAE conditional visibility: portal selector activation required (DS); PORTAL_CONDITIONAL | S0W13AAE conditional visibility: portal selector activation required (DS); PORTAL_CONDITIONAL | S0W14AAE conditional visibility: portal selector activation required (DS); PORTAL_CONDITIONAL | S0W15AAE conditional visibility: portal selector activation required (DS); PORTAL_CONDITIONAL | S0W16AAE conditional visibility: portal selector activation required (DS); PORTAL_CONDITIONAL | S0W17AAE conditional visibility: portal selector activation required (DS); PORTAL_CONDITIONAL | S0W18AAE conditional visibility: portal selector activation required (DS); PORTAL_CONDITIONAL | S0W19AAE conditional visibility: portal selector activation required (DS); PORTAL_CONDITIONAL | S0W20AAE conditional visibility: portal selector activation required (DS); PORTAL_CONDITIONAL | S0W21AAE conditional visibility: portal selector activation required (DS); PORTAL_CONDITIONAL | S0W22AAE conditional visibility: portal selector activation required (DS); PORTAL_CONDITIONAL | S0W23AAE conditional visibility: portal selector activation required (DS); PORTAL_CONDITIONAL | S0W24AAE conditional visibility: portal selector activation required (DS); PORTAL_CONDITIONAL | S0W25AAE conditional visibility: portal selector activation required (DS); PORTAL_CONDITIONAL | S0W26AAE conditional visibility: portal selector activation required (DS); PORTAL_CONDITIONAL | S0W27AAE conditional visibility: portal selector activation required (DS); PORTAL_CONDITIONAL | S0W28AAE conditional visibility: portal selector activation required (DS); PORTAL_CONDITIONAL | S0W29AAE conditional visibility: portal selector activation required (DS); PORTAL_CONDITIONAL	S0W14AAE	Service	HPE Serviceguard for Linux v15 High Availability E5 2 Cores or 4 vCPUs 5yr Subscription 24x7 E-LTU	0	276.00		NA		No	Available		Not published by OCA	Active	01/10/2023	12/27/2027	{"Extended Price (USD)":"NA"}	PRICE_AND_ATTRIBUTE_CHANGED	N/A	+$276.00	0.00%	2026-09-10: (no price) → 2026-09-30: $276.00
Software & Licenses	High Availability Computing - Cluster Software	HPE OCA > DL380a Gen12 [P76706-B21] > Software & Licenses > High Availability Computing - Cluster Software	Operating System / License	Unlimited	0	Unlimited	Selection constraint for High Availability Computing - Cluster Software: no max | R1T30AAE conditional visibility: portal selector activation required (DS); PORTAL_CONDITIONAL | R1T31AAE conditional visibility: portal selector activation required (DS); PORTAL_CONDITIONAL | R1T32AAE conditional visibility: portal selector activation required (DS); PORTAL_CONDITIONAL | R1T36AAE conditional visibility: portal selector activation required (DS); PORTAL_CONDITIONAL | R7P98AAE conditional visibility: portal selector activation required (DS); PORTAL_CONDITIONAL | R8V45AAE conditional visibility: portal selector activation required (DS); PORTAL_CONDITIONAL | R8V46AAE conditional visibility: portal selector activation required (DS); PORTAL_CONDITIONAL | S0W12AAE conditional visibility: portal selector activation required (DS); PORTAL_CONDITIONAL | S0W13AAE conditional visibility: portal selector activation required (DS); PORTAL_CONDITIONAL | S0W14AAE conditional visibility: portal selector activation required (DS); PORTAL_CONDITIONAL | S0W15AAE conditional visibility: portal selector activation required (DS); PORTAL_CONDITIONAL | S0W16AAE conditional visibility: portal selector activation required (DS); PORTAL_CONDITIONAL | S0W17AAE conditional visibility: portal selector activation required (DS); PORTAL_CONDITIONAL | S0W18AAE conditional visibility: portal selector activation required (DS); PORTAL_CONDITIONAL | S0W19AAE conditional visibility: portal selector activation required (DS); PORTAL_CONDITIONAL | S0W20AAE conditional visibility: portal selector activation required (DS); PORTAL_CONDITIONAL | S0W21AAE conditional visibility: portal selector activation required (DS); PORTAL_CONDITIONAL | S0W22AAE conditional visibility: portal selector activation required (DS); PORTAL_CONDITIONAL | S0W23AAE conditional visibility: portal selector activation required (DS); PORTAL_CONDITIONAL | S0W24AAE conditional visibility: portal selector activation required (DS); PORTAL_CONDITIONAL | S0W25AAE conditional visibility: portal selector activation required (DS); PORTAL_CONDITIONAL | S0W26AAE conditional visibility: portal selector activation required (DS); PORTAL_CONDITIONAL | S0W27AAE conditional visibility: portal selector activation required (DS); PORTAL_CONDITIONAL | S0W28AAE conditional visibility: portal selector activation required (DS); PORTAL_CONDITIONAL | S0W29AAE conditional visibility: portal selector activation required (DS); PORTAL_CONDITIONAL	S0W15AAE	Service	HPE Serviceguard for Linux v15 HA and Disaster Recovery E7 2 Cores or 4 vCPUs 1y Sub 24x7 E-LTU	0	124.00		NA		No	Available		Not published by OCA	Active	01/10/2023	09/30/2028	{"Extended Price (USD)":"NA"}	PRICE_AND_ATTRIBUTE_CHANGED	N/A	+$124.00	0.00%	2026-09-10: (no price) → 2026-09-30: $124.00
Software & Licenses	High Availability Computing - Cluster Software	HPE OCA > DL380a Gen12 [P76706-B21] > Software & Licenses > High Availability Computing - Cluster Software	Operating System / License	Unlimited	0	Unlimited	Selection constraint for High Availability Computing - Cluster Software: no max | R1T30AAE conditional visibility: portal selector activation required (DS); PORTAL_CONDITIONAL | R1T31AAE conditional visibility: portal selector activation required (DS); PORTAL_CONDITIONAL | R1T32AAE conditional visibility: portal selector activation required (DS); PORTAL_CONDITIONAL | R1T36AAE conditional visibility: portal selector activation required (DS); PORTAL_CONDITIONAL | R7P98AAE conditional visibility: portal selector activation required (DS); PORTAL_CONDITIONAL | R8V45AAE conditional visibility: portal selector activation required (DS); PORTAL_CONDITIONAL | R8V46AAE conditional visibility: portal selector activation required (DS); PORTAL_CONDITIONAL | S0W12AAE conditional visibility: portal selector activation required (DS); PORTAL_CONDITIONAL | S0W13AAE conditional visibility: portal selector activation required (DS); PORTAL_CONDITIONAL | S0W14AAE conditional visibility: portal selector activation required (DS); PORTAL_CONDITIONAL | S0W15AAE conditional visibility: portal selector activation required (DS); PORTAL_CONDITIONAL | S0W16AAE conditional visibility: portal selector activation required (DS); PORTAL_CONDITIONAL | S0W17AAE conditional visibility: portal selector activation required (DS); PORTAL_CONDITIONAL | S0W18AAE conditional visibility: portal selector activation required (DS); PORTAL_CONDITIONAL | S0W19AAE conditional visibility: portal selector activation required (DS); PORTAL_CONDITIONAL | S0W20AAE conditional visibility: portal selector activation required (DS); PORTAL_CONDITIONAL | S0W21AAE conditional visibility: portal selector activation required (DS); PORTAL_CONDITIONAL | S0W22AAE conditional visibility: portal selector activation required (DS); PORTAL_CONDITIONAL | S0W23AAE conditional visibility: portal selector activation required (DS); PORTAL_CONDITIONAL | S0W24AAE conditional visibility: portal selector activation required (DS); PORTAL_CONDITIONAL | S0W25AAE conditional visibility: portal selector activation required (DS); PORTAL_CONDITIONAL | S0W26AAE conditional visibility: portal selector activation required (DS); PORTAL_CONDITIONAL | S0W27AAE conditional visibility: portal selector activation required (DS); PORTAL_CONDITIONAL | S0W28AAE conditional visibility: portal selector activation required (DS); PORTAL_CONDITIONAL | S0W29AAE conditional visibility: portal selector activation required (DS); PORTAL_CONDITIONAL	S0W16AAE	Service	HPE Serviceguard for Linux v15 HA and Disaster Recovery E7 2 Cores or 4 vCPUs 3y Sub 24x7 E-LTU	0	327.00		NA		No	Direct Ship (DS)		Not published by OCA	Direct Ship (DS)	01/10/2023	09/30/2026	{"Extended Price (USD)":"NA"}	ADDED	N/A	+$327.00	+100.00%	2026-09-30: $327.00
Software & Licenses	High Availability Computing - Cluster Software	HPE OCA > DL380a Gen12 [P76706-B21] > Software & Licenses > High Availability Computing - Cluster Software	Operating System / License	Unlimited	0	Unlimited	Selection constraint for High Availability Computing - Cluster Software: no max | R1T30AAE conditional visibility: portal selector activation required (DS); PORTAL_CONDITIONAL | R1T31AAE conditional visibility: portal selector activation required (DS); PORTAL_CONDITIONAL | R1T32AAE conditional visibility: portal selector activation required (DS); PORTAL_CONDITIONAL | R1T36AAE conditional visibility: portal selector activation required (DS); PORTAL_CONDITIONAL | R7P98AAE conditional visibility: portal selector activation required (DS); PORTAL_CONDITIONAL | R8V45AAE conditional visibility: portal selector activation required (DS); PORTAL_CONDITIONAL | R8V46AAE conditional visibility: portal selector activation required (DS); PORTAL_CONDITIONAL | S0W12AAE conditional visibility: portal selector activation required (DS); PORTAL_CONDITIONAL | S0W13AAE conditional visibility: portal selector activation required (DS); PORTAL_CONDITIONAL | S0W14AAE conditional visibility: portal selector activation required (DS); PORTAL_CONDITIONAL | S0W15AAE conditional visibility: portal selector activation required (DS); PORTAL_CONDITIONAL | S0W16AAE conditional visibility: portal selector activation required (DS); PORTAL_CONDITIONAL | S0W17AAE conditional visibility: portal selector activation required (DS); PORTAL_CONDITIONAL | S0W18AAE conditional visibility: portal selector activation required (DS); PORTAL_CONDITIONAL | S0W19AAE conditional visibility: portal selector activation required (DS); PORTAL_CONDITIONAL | S0W20AAE conditional visibility: portal selector activation required (DS); PORTAL_CONDITIONAL | S0W21AAE conditional visibility: portal selector activation required (DS); PORTAL_CONDITIONAL | S0W22AAE conditional visibility: portal selector activation required (DS); PORTAL_CONDITIONAL | S0W23AAE conditional visibility: portal selector activation required (DS); PORTAL_CONDITIONAL | S0W24AAE conditional visibility: portal selector activation required (DS); PORTAL_CONDITIONAL | S0W25AAE conditional visibility: portal selector activation required (DS); PORTAL_CONDITIONAL | S0W26AAE conditional visibility: portal selector activation required (DS); PORTAL_CONDITIONAL | S0W27AAE conditional visibility: portal selector activation required (DS); PORTAL_CONDITIONAL | S0W28AAE conditional visibility: portal selector activation required (DS); PORTAL_CONDITIONAL | S0W29AAE conditional visibility: portal selector activation required (DS); PORTAL_CONDITIONAL	S0W17AAE	Service	HPE Serviceguard for Linux v15 HA and Disaster Recovery E7 2 Cores or 4 vCPUs 5y Sub 24x7 E-LTU	0	496.00		NA		No	Available		Not published by OCA	Active	01/10/2023	12/27/2027	{"Extended Price (USD)":"NA"}	PRICE_AND_ATTRIBUTE_CHANGED	N/A	+$496.00	0.00%	2026-09-10: (no price) → 2026-09-30: $496.00
Software & Licenses	High Availability Computing - Cluster Software	HPE OCA > DL380a Gen12 [P76706-B21] > Software & Licenses > High Availability Computing - Cluster Software	Operating System / License	Unlimited	0	Unlimited	Selection constraint for High Availability Computing - Cluster Software: no max | R1T30AAE conditional visibility: portal selector activation required (DS); PORTAL_CONDITIONAL | R1T31AAE conditional visibility: portal selector activation required (DS); PORTAL_CONDITIONAL | R1T32AAE conditional visibility: portal selector activation required (DS); PORTAL_CONDITIONAL | R1T36AAE conditional visibility: portal selector activation required (DS); PORTAL_CONDITIONAL | R7P98AAE conditional visibility: portal selector activation required (DS); PORTAL_CONDITIONAL | R8V45AAE conditional visibility: portal selector activation required (DS); PORTAL_CONDITIONAL | R8V46AAE conditional visibility: portal selector activation required (DS); PORTAL_CONDITIONAL | S0W12AAE conditional visibility: portal selector activation required (DS); PORTAL_CONDITIONAL | S0W13AAE conditional visibility: portal selector activation required (DS); PORTAL_CONDITIONAL | S0W14AAE conditional visibility: portal selector activation required (DS); PORTAL_CONDITIONAL | S0W15AAE conditional visibility: portal selector activation required (DS); PORTAL_CONDITIONAL | S0W16AAE conditional visibility: portal selector activation required (DS); PORTAL_CONDITIONAL | S0W17AAE conditional visibility: portal selector activation required (DS); PORTAL_CONDITIONAL | S0W18AAE conditional visibility: portal selector activation required (DS); PORTAL_CONDITIONAL | S0W19AAE conditional visibility: portal selector activation required (DS); PORTAL_CONDITIONAL | S0W20AAE conditional visibility: portal selector activation required (DS); PORTAL_CONDITIONAL | S0W21AAE conditional visibility: portal selector activation required (DS); PORTAL_CONDITIONAL | S0W22AAE conditional visibility: portal selector activation required (DS); PORTAL_CONDITIONAL | S0W23AAE conditional visibility: portal selector activation required (DS); PORTAL_CONDITIONAL | S0W24AAE conditional visibility: portal selector activation required (DS); PORTAL_CONDITIONAL | S0W25AAE conditional visibility: portal selector activation required (DS); PORTAL_CONDITIONAL | S0W26AAE conditional visibility: portal selector activation required (DS); PORTAL_CONDITIONAL | S0W27AAE conditional visibility: portal selector activation required (DS); PORTAL_CONDITIONAL | S0W28AAE conditional visibility: portal selector activation required (DS); PORTAL_CONDITIONAL | S0W29AAE conditional visibility: portal selector activation required (DS); PORTAL_CONDITIONAL	S0W18AAE	Service	HPE Serviceguard for Linux v15 SAP Add-on 2 Cores or 4 vCPUs 1-year Subscription 24x7 E-LTU	0	42.00		NA		No	Available		Not published by OCA	Active	01/10/2023	09/30/2028	{"Extended Price (USD)":"NA"}	PRICE_AND_ATTRIBUTE_CHANGED	N/A	+$42.00	0.00%	2026-09-10: (no price) → 2026-09-30: $42.00
Software & Licenses	High Availability Computing - Cluster Software	HPE OCA > DL380a Gen12 [P76706-B21] > Software & Licenses > High Availability Computing - Cluster Software	Operating System / License	Unlimited	0	Unlimited	Selection constraint for High Availability Computing - Cluster Software: no max | R1T30AAE conditional visibility: portal selector activation required (DS); PORTAL_CONDITIONAL | R1T31AAE conditional visibility: portal selector activation required (DS); PORTAL_CONDITIONAL | R1T32AAE conditional visibility: portal selector activation required (DS); PORTAL_CONDITIONAL | R1T36AAE conditional visibility: portal selector activation required (DS); PORTAL_CONDITIONAL | R7P98AAE conditional visibility: portal selector activation required (DS); PORTAL_CONDITIONAL | R8V45AAE conditional visibility: portal selector activation required (DS); PORTAL_CONDITIONAL | R8V46AAE conditional visibility: portal selector activation required (DS); PORTAL_CONDITIONAL | S0W12AAE conditional visibility: portal selector activation required (DS); PORTAL_CONDITIONAL | S0W13AAE conditional visibility: portal selector activation required (DS); PORTAL_CONDITIONAL | S0W14AAE conditional visibility: portal selector activation required (DS); PORTAL_CONDITIONAL | S0W15AAE conditional visibility: portal selector activation required (DS); PORTAL_CONDITIONAL | S0W16AAE conditional visibility: portal selector activation required (DS); PORTAL_CONDITIONAL | S0W17AAE conditional visibility: portal selector activation required (DS); PORTAL_CONDITIONAL | S0W18AAE conditional visibility: portal selector activation required (DS); PORTAL_CONDITIONAL | S0W19AAE conditional visibility: portal selector activation required (DS); PORTAL_CONDITIONAL | S0W20AAE conditional visibility: portal selector activation required (DS); PORTAL_CONDITIONAL | S0W21AAE conditional visibility: portal selector activation required (DS); PORTAL_CONDITIONAL | S0W22AAE conditional visibility: portal selector activation required (DS); PORTAL_CONDITIONAL | S0W23AAE conditional visibility: portal selector activation required (DS); PORTAL_CONDITIONAL | S0W24AAE conditional visibility: portal selector activation required (DS); PORTAL_CONDITIONAL | S0W25AAE conditional visibility: portal selector activation required (DS); PORTAL_CONDITIONAL | S0W26AAE conditional visibility: portal selector activation required (DS); PORTAL_CONDITIONAL | S0W27AAE conditional visibility: portal selector activation required (DS); PORTAL_CONDITIONAL | S0W28AAE conditional visibility: portal selector activation required (DS); PORTAL_CONDITIONAL | S0W29AAE conditional visibility: portal selector activation required (DS); PORTAL_CONDITIONAL	S0W19AAE	Service	HPE Serviceguard for Linux v15 SAP Add-on 2 Cores or 4 vCPUs 3-year Subscription 24x7 E-LTU	0	111.00		NA		No	Direct Ship (DS)		Not published by OCA	Direct Ship (DS)	01/10/2023	09/30/2026	{"Extended Price (USD)":"NA"}	ADDED	N/A	+$111.00	+100.00%	2026-09-30: $111.00
Software & Licenses	High Availability Computing - Cluster Software	HPE OCA > DL380a Gen12 [P76706-B21] > Software & Licenses > High Availability Computing - Cluster Software	Operating System / License	Unlimited	0	Unlimited	Selection constraint for High Availability Computing - Cluster Software: no max | R1T30AAE conditional visibility: portal selector activation required (DS); PORTAL_CONDITIONAL | R1T31AAE conditional visibility: portal selector activation required (DS); PORTAL_CONDITIONAL | R1T32AAE conditional visibility: portal selector activation required (DS); PORTAL_CONDITIONAL | R1T36AAE conditional visibility: portal selector activation required (DS); PORTAL_CONDITIONAL | R7P98AAE conditional visibility: portal selector activation required (DS); PORTAL_CONDITIONAL | R8V45AAE conditional visibility: portal selector activation required (DS); PORTAL_CONDITIONAL | R8V46AAE conditional visibility: portal selector activation required (DS); PORTAL_CONDITIONAL | S0W12AAE conditional visibility: portal selector activation required (DS); PORTAL_CONDITIONAL | S0W13AAE conditional visibility: portal selector activation required (DS); PORTAL_CONDITIONAL | S0W14AAE conditional visibility: portal selector activation required (DS); PORTAL_CONDITIONAL | S0W15AAE conditional visibility: portal selector activation required (DS); PORTAL_CONDITIONAL | S0W16AAE conditional visibility: portal selector activation required (DS); PORTAL_CONDITIONAL | S0W17AAE conditional visibility: portal selector activation required (DS); PORTAL_CONDITIONAL | S0W18AAE conditional visibility: portal selector activation required (DS); PORTAL_CONDITIONAL | S0W19AAE conditional visibility: portal selector activation required (DS); PORTAL_CONDITIONAL | S0W20AAE conditional visibility: portal selector activation required (DS); PORTAL_CONDITIONAL | S0W21AAE conditional visibility: portal selector activation required (DS); PORTAL_CONDITIONAL | S0W22AAE conditional visibility: portal selector activation required (DS); PORTAL_CONDITIONAL | S0W23AAE conditional visibility: portal selector activation required (DS); PORTAL_CONDITIONAL | S0W24AAE conditional visibility: portal selector activation required (DS); PORTAL_CONDITIONAL | S0W25AAE conditional visibility: portal selector activation required (DS); PORTAL_CONDITIONAL | S0W26AAE conditional visibility: portal selector activation required (DS); PORTAL_CONDITIONAL | S0W27AAE conditional visibility: portal selector activation required (DS); PORTAL_CONDITIONAL | S0W28AAE conditional visibility: portal selector activation required (DS); PORTAL_CONDITIONAL | S0W29AAE conditional visibility: portal selector activation required (DS); PORTAL_CONDITIONAL	S0W20AAE	Service	HPE Serviceguard for Linux v15 SAP Add-on 2 Cores or 4 vCPUs 5-year Subscription 24x7 E-LTU	0	168.00		NA		No	Available		Not published by OCA	Active	01/10/2023	12/27/2027	{"Extended Price (USD)":"NA"}	PRICE_AND_ATTRIBUTE_CHANGED	N/A	+$168.00	0.00%	2026-09-10: (no price) → 2026-09-30: $168.00
Software & Licenses	High Availability Computing - Cluster Software	HPE OCA > DL380a Gen12 [P76706-B21] > Software & Licenses > High Availability Computing - Cluster Software	Operating System / License	Unlimited	0	Unlimited	Selection constraint for High Availability Computing - Cluster Software: no max | R1T30AAE conditional visibility: portal selector activation required (DS); PORTAL_CONDITIONAL | R1T31AAE conditional visibility: portal selector activation required (DS); PORTAL_CONDITIONAL | R1T32AAE conditional visibility: portal selector activation required (DS); PORTAL_CONDITIONAL | R1T36AAE conditional visibility: portal selector activation required (DS); PORTAL_CONDITIONAL | R7P98AAE conditional visibility: portal selector activation required (DS); PORTAL_CONDITIONAL | R8V45AAE conditional visibility: portal selector activation required (DS); PORTAL_CONDITIONAL | R8V46AAE conditional visibility: portal selector activation required (DS); PORTAL_CONDITIONAL | S0W12AAE conditional visibility: portal selector activation required (DS); PORTAL_CONDITIONAL | S0W13AAE conditional visibility: portal selector activation required (DS); PORTAL_CONDITIONAL | S0W14AAE conditional visibility: portal selector activation required (DS); PORTAL_CONDITIONAL | S0W15AAE conditional visibility: portal selector activation required (DS); PORTAL_CONDITIONAL | S0W16AAE conditional visibility: portal selector activation required (DS); PORTAL_CONDITIONAL | S0W17AAE conditional visibility: portal selector activation required (DS); PORTAL_CONDITIONAL | S0W18AAE conditional visibility: portal selector activation required (DS); PORTAL_CONDITIONAL | S0W19AAE conditional visibility: portal selector activation required (DS); PORTAL_CONDITIONAL | S0W20AAE conditional visibility: portal selector activation required (DS); PORTAL_CONDITIONAL | S0W21AAE conditional visibility: portal selector activation required (DS); PORTAL_CONDITIONAL | S0W22AAE conditional visibility: portal selector activation required (DS); PORTAL_CONDITIONAL | S0W23AAE conditional visibility: portal selector activation required (DS); PORTAL_CONDITIONAL | S0W24AAE conditional visibility: portal selector activation required (DS); PORTAL_CONDITIONAL | S0W25AAE conditional visibility: portal selector activation required (DS); PORTAL_CONDITIONAL | S0W26AAE conditional visibility: portal selector activation required (DS); PORTAL_CONDITIONAL | S0W27AAE conditional visibility: portal selector activation required (DS); PORTAL_CONDITIONAL | S0W28AAE conditional visibility: portal selector activation required (DS); PORTAL_CONDITIONAL | S0W29AAE conditional visibility: portal selector activation required (DS); PORTAL_CONDITIONAL	S0W21AAE	Service	HPE Serviceguard for Linux v15 Oracle Add-on 2 Cores or 4 vCPUs 1-year Subscription 24x7 E-LTU	0	150.00		NA		No	Available		Not published by OCA	Active	01/10/2023	09/30/2028	{"Extended Price (USD)":"NA"}	PRICE_AND_ATTRIBUTE_CHANGED	N/A	+$150.00	0.00%	2026-09-10: (no price) → 2026-09-30: $150.00
Software & Licenses	High Availability Computing - Cluster Software	HPE OCA > DL380a Gen12 [P76706-B21] > Software & Licenses > High Availability Computing - Cluster Software	Operating System / License	Unlimited	0	Unlimited	Selection constraint for High Availability Computing - Cluster Software: no max | R1T30AAE conditional visibility: portal selector activation required (DS); PORTAL_CONDITIONAL | R1T31AAE conditional visibility: portal selector activation required (DS); PORTAL_CONDITIONAL | R1T32AAE conditional visibility: portal selector activation required (DS); PORTAL_CONDITIONAL | R1T36AAE conditional visibility: portal selector activation required (DS); PORTAL_CONDITIONAL | R7P98AAE conditional visibility: portal selector activation required (DS); PORTAL_CONDITIONAL | R8V45AAE conditional visibility: portal selector activation required (DS); PORTAL_CONDITIONAL | R8V46AAE conditional visibility: portal selector activation required (DS); PORTAL_CONDITIONAL | S0W12AAE conditional visibility: portal selector activation required (DS); PORTAL_CONDITIONAL | S0W13AAE conditional visibility: portal selector activation required (DS); PORTAL_CONDITIONAL | S0W14AAE conditional visibility: portal selector activation required (DS); PORTAL_CONDITIONAL | S0W15AAE conditional visibility: portal selector activation required (DS); PORTAL_CONDITIONAL | S0W16AAE conditional visibility: portal selector activation required (DS); PORTAL_CONDITIONAL | S0W17AAE conditional visibility: portal selector activation required (DS); PORTAL_CONDITIONAL | S0W18AAE conditional visibility: portal selector activation required (DS); PORTAL_CONDITIONAL | S0W19AAE conditional visibility: portal selector activation required (DS); PORTAL_CONDITIONAL | S0W20AAE conditional visibility: portal selector activation required (DS); PORTAL_CONDITIONAL | S0W21AAE conditional visibility: portal selector activation required (DS); PORTAL_CONDITIONAL | S0W22AAE conditional visibility: portal selector activation required (DS); PORTAL_CONDITIONAL | S0W23AAE conditional visibility: portal selector activation required (DS); PORTAL_CONDITIONAL | S0W24AAE conditional visibility: portal selector activation required (DS); PORTAL_CONDITIONAL | S0W25AAE conditional visibility: portal selector activation required (DS); PORTAL_CONDITIONAL | S0W26AAE conditional visibility: portal selector activation required (DS); PORTAL_CONDITIONAL | S0W27AAE conditional visibility: portal selector activation required (DS); PORTAL_CONDITIONAL | S0W28AAE conditional visibility: portal selector activation required (DS); PORTAL_CONDITIONAL | S0W29AAE conditional visibility: portal selector activation required (DS); PORTAL_CONDITIONAL	S0W22AAE	Service	HPE Serviceguard for Linux v15 Oracle Add-on 2 Cores or 4 vCPUs 3-year Subscription 24x7 E-LTU	0	396.00		NA		No	Direct Ship (DS)		Not published by OCA	Direct Ship (DS)	01/10/2023	09/30/2026	{"Extended Price (USD)":"NA"}	ADDED	N/A	+$396.00	+100.00%	2026-09-30: $396.00
Software & Licenses	High Availability Computing - Cluster Software	HPE OCA > DL380a Gen12 [P76706-B21] > Software & Licenses > High Availability Computing - Cluster Software	Operating System / License	Unlimited	0	Unlimited	Selection constraint for High Availability Computing - Cluster Software: no max | R1T30AAE conditional visibility: portal selector activation required (DS); PORTAL_CONDITIONAL | R1T31AAE conditional visibility: portal selector activation required (DS); PORTAL_CONDITIONAL | R1T32AAE conditional visibility: portal selector activation required (DS); PORTAL_CONDITIONAL | R1T36AAE conditional visibility: portal selector activation required (DS); PORTAL_CONDITIONAL | R7P98AAE conditional visibility: portal selector activation required (DS); PORTAL_CONDITIONAL | R8V45AAE conditional visibility: portal selector activation required (DS); PORTAL_CONDITIONAL | R8V46AAE conditional visibility: portal selector activation required (DS); PORTAL_CONDITIONAL | S0W12AAE conditional visibility: portal selector activation required (DS); PORTAL_CONDITIONAL | S0W13AAE conditional visibility: portal selector activation required (DS); PORTAL_CONDITIONAL | S0W14AAE conditional visibility: portal selector activation required (DS); PORTAL_CONDITIONAL | S0W15AAE conditional visibility: portal selector activation required (DS); PORTAL_CONDITIONAL | S0W16AAE conditional visibility: portal selector activation required (DS); PORTAL_CONDITIONAL | S0W17AAE conditional visibility: portal selector activation required (DS); PORTAL_CONDITIONAL | S0W18AAE conditional visibility: portal selector activation required (DS); PORTAL_CONDITIONAL | S0W19AAE conditional visibility: portal selector activation required (DS); PORTAL_CONDITIONAL | S0W20AAE conditional visibility: portal selector activation required (DS); PORTAL_CONDITIONAL | S0W21AAE conditional visibility: portal selector activation required (DS); PORTAL_CONDITIONAL | S0W22AAE conditional visibility: portal selector activation required (DS); PORTAL_CONDITIONAL | S0W23AAE conditional visibility: portal selector activation required (DS); PORTAL_CONDITIONAL | S0W24AAE conditional visibility: portal selector activation required (DS); PORTAL_CONDITIONAL | S0W25AAE conditional visibility: portal selector activation required (DS); PORTAL_CONDITIONAL | S0W26AAE conditional visibility: portal selector activation required (DS); PORTAL_CONDITIONAL | S0W27AAE conditional visibility: portal selector activation required (DS); PORTAL_CONDITIONAL | S0W28AAE conditional visibility: portal selector activation required (DS); PORTAL_CONDITIONAL | S0W29AAE conditional visibility: portal selector activation required (DS); PORTAL_CONDITIONAL	S0W23AAE	Service	HPE Serviceguard for Linux v15 Oracle Add-on 2 Cores or 4 vCPUs 5-year Subscription 24x7 E-LTU	0	600.00		NA		No	Available		Not published by OCA	Active	01/10/2023	12/27/2027	{"Extended Price (USD)":"NA"}	PRICE_AND_ATTRIBUTE_CHANGED	N/A	+$600.00	0.00%	2026-09-10: (no price) → 2026-09-30: $600.00
Software & Licenses	High Availability Computing - Cluster Software	HPE OCA > DL380a Gen12 [P76706-B21] > Software & Licenses > High Availability Computing - Cluster Software	Operating System / License	Unlimited	0	Unlimited	Selection constraint for High Availability Computing - Cluster Software: no max | R1T30AAE conditional visibility: portal selector activation required (DS); PORTAL_CONDITIONAL | R1T31AAE conditional visibility: portal selector activation required (DS); PORTAL_CONDITIONAL | R1T32AAE conditional visibility: portal selector activation required (DS); PORTAL_CONDITIONAL | R1T36AAE conditional visibility: portal selector activation required (DS); PORTAL_CONDITIONAL | R7P98AAE conditional visibility: portal selector activation required (DS); PORTAL_CONDITIONAL | R8V45AAE conditional visibility: portal selector activation required (DS); PORTAL_CONDITIONAL | R8V46AAE conditional visibility: portal selector activation required (DS); PORTAL_CONDITIONAL | S0W12AAE conditional visibility: portal selector activation required (DS); PORTAL_CONDITIONAL | S0W13AAE conditional visibility: portal selector activation required (DS); PORTAL_CONDITIONAL | S0W14AAE conditional visibility: portal selector activation required (DS); PORTAL_CONDITIONAL | S0W15AAE conditional visibility: portal selector activation required (DS); PORTAL_CONDITIONAL | S0W16AAE conditional visibility: portal selector activation required (DS); PORTAL_CONDITIONAL | S0W17AAE conditional visibility: portal selector activation required (DS); PORTAL_CONDITIONAL | S0W18AAE conditional visibility: portal selector activation required (DS); PORTAL_CONDITIONAL | S0W19AAE conditional visibility: portal selector activation required (DS); PORTAL_CONDITIONAL | S0W20AAE conditional visibility: portal selector activation required (DS); PORTAL_CONDITIONAL | S0W21AAE conditional visibility: portal selector activation required (DS); PORTAL_CONDITIONAL | S0W22AAE conditional visibility: portal selector activation required (DS); PORTAL_CONDITIONAL | S0W23AAE conditional visibility: portal selector activation required (DS); PORTAL_CONDITIONAL | S0W24AAE conditional visibility: portal selector activation required (DS); PORTAL_CONDITIONAL | S0W25AAE conditional visibility: portal selector activation required (DS); PORTAL_CONDITIONAL | S0W26AAE conditional visibility: portal selector activation required (DS); PORTAL_CONDITIONAL | S0W27AAE conditional visibility: portal selector activation required (DS); PORTAL_CONDITIONAL | S0W28AAE conditional visibility: portal selector activation required (DS); PORTAL_CONDITIONAL | S0W29AAE conditional visibility: portal selector activation required (DS); PORTAL_CONDITIONAL	S0W24AAE	Service	HPE Serviceguard for Linux v15 Microsoft SQL Server Add-on 2 Cores or 4 vCPUs 1y Sub 24x7 E-LTU	0	57.00		NA		No	Available		Not published by OCA	Active	01/10/2023	09/30/2028	{"Extended Price (USD)":"NA"}	PRICE_AND_ATTRIBUTE_CHANGED	N/A	+$57.00	0.00%	2026-09-10: (no price) → 2026-09-30: $57.00
Software & Licenses	High Availability Computing - Cluster Software	HPE OCA > DL380a Gen12 [P76706-B21] > Software & Licenses > High Availability Computing - Cluster Software	Operating System / License	Unlimited	0	Unlimited	Selection constraint for High Availability Computing - Cluster Software: no max | R1T30AAE conditional visibility: portal selector activation required (DS); PORTAL_CONDITIONAL | R1T31AAE conditional visibility: portal selector activation required (DS); PORTAL_CONDITIONAL | R1T32AAE conditional visibility: portal selector activation required (DS); PORTAL_CONDITIONAL | R1T36AAE conditional visibility: portal selector activation required (DS); PORTAL_CONDITIONAL | R7P98AAE conditional visibility: portal selector activation required (DS); PORTAL_CONDITIONAL | R8V45AAE conditional visibility: portal selector activation required (DS); PORTAL_CONDITIONAL | R8V46AAE conditional visibility: portal selector activation required (DS); PORTAL_CONDITIONAL | S0W12AAE conditional visibility: portal selector activation required (DS); PORTAL_CONDITIONAL | S0W13AAE conditional visibility: portal selector activation required (DS); PORTAL_CONDITIONAL | S0W14AAE conditional visibility: portal selector activation required (DS); PORTAL_CONDITIONAL | S0W15AAE conditional visibility: portal selector activation required (DS); PORTAL_CONDITIONAL | S0W16AAE conditional visibility: portal selector activation required (DS); PORTAL_CONDITIONAL | S0W17AAE conditional visibility: portal selector activation required (DS); PORTAL_CONDITIONAL | S0W18AAE conditional visibility: portal selector activation required (DS); PORTAL_CONDITIONAL | S0W19AAE conditional visibility: portal selector activation required (DS); PORTAL_CONDITIONAL | S0W20AAE conditional visibility: portal selector activation required (DS); PORTAL_CONDITIONAL | S0W21AAE conditional visibility: portal selector activation required (DS); PORTAL_CONDITIONAL | S0W22AAE conditional visibility: portal selector activation required (DS); PORTAL_CONDITIONAL | S0W23AAE conditional visibility: portal selector activation required (DS); PORTAL_CONDITIONAL | S0W24AAE conditional visibility: portal selector activation required (DS); PORTAL_CONDITIONAL | S0W25AAE conditional visibility: portal selector activation required (DS); PORTAL_CONDITIONAL | S0W26AAE conditional visibility: portal selector activation required (DS); PORTAL_CONDITIONAL | S0W27AAE conditional visibility: portal selector activation required (DS); PORTAL_CONDITIONAL | S0W28AAE conditional visibility: portal selector activation required (DS); PORTAL_CONDITIONAL | S0W29AAE conditional visibility: portal selector activation required (DS); PORTAL_CONDITIONAL	S0W25AAE	Service	HPE Serviceguard for Linux v15 Microsoft SQL Server Add-on 2 Cores or 4 vCPUs 3y Sub 24x7 E-LTU	0	150.00		NA		No	Direct Ship (DS)		Not published by OCA	Direct Ship (DS)	01/10/2023	09/30/2026	{"Extended Price (USD)":"NA"}	ADDED	N/A	+$150.00	+100.00%	2026-09-30: $150.00
Software & Licenses	High Availability Computing - Cluster Software	HPE OCA > DL380a Gen12 [P76706-B21] > Software & Licenses > High Availability Computing - Cluster Software	Operating System / License	Unlimited	0	Unlimited	Selection constraint for High Availability Computing - Cluster Software: no max | R1T30AAE conditional visibility: portal selector activation required (DS); PORTAL_CONDITIONAL | R1T31AAE conditional visibility: portal selector activation required (DS); PORTAL_CONDITIONAL | R1T32AAE conditional visibility: portal selector activation required (DS); PORTAL_CONDITIONAL | R1T36AAE conditional visibility: portal selector activation required (DS); PORTAL_CONDITIONAL | R7P98AAE conditional visibility: portal selector activation required (DS); PORTAL_CONDITIONAL | R8V45AAE conditional visibility: portal selector activation required (DS); PORTAL_CONDITIONAL | R8V46AAE conditional visibility: portal selector activation required (DS); PORTAL_CONDITIONAL | S0W12AAE conditional visibility: portal selector activation required (DS); PORTAL_CONDITIONAL | S0W13AAE conditional visibility: portal selector activation required (DS); PORTAL_CONDITIONAL | S0W14AAE conditional visibility: portal selector activation required (DS); PORTAL_CONDITIONAL | S0W15AAE conditional visibility: portal selector activation required (DS); PORTAL_CONDITIONAL | S0W16AAE conditional visibility: portal selector activation required (DS); PORTAL_CONDITIONAL | S0W17AAE conditional visibility: portal selector activation required (DS); PORTAL_CONDITIONAL | S0W18AAE conditional visibility: portal selector activation required (DS); PORTAL_CONDITIONAL | S0W19AAE conditional visibility: portal selector activation required (DS); PORTAL_CONDITIONAL | S0W20AAE conditional visibility: portal selector activation required (DS); PORTAL_CONDITIONAL | S0W21AAE conditional visibility: portal selector activation required (DS); PORTAL_CONDITIONAL | S0W22AAE conditional visibility: portal selector activation required (DS); PORTAL_CONDITIONAL | S0W23AAE conditional visibility: portal selector activation required (DS); PORTAL_CONDITIONAL | S0W24AAE conditional visibility: portal selector activation required (DS); PORTAL_CONDITIONAL | S0W25AAE conditional visibility: portal selector activation required (DS); PORTAL_CONDITIONAL | S0W26AAE conditional visibility: portal selector activation required (DS); PORTAL_CONDITIONAL | S0W27AAE conditional visibility: portal selector activation required (DS); PORTAL_CONDITIONAL | S0W28AAE conditional visibility: portal selector activation required (DS); PORTAL_CONDITIONAL | S0W29AAE conditional visibility: portal selector activation required (DS); PORTAL_CONDITIONAL	S0W26AAE	Service	HPE Serviceguard for Linux v15 Microsoft SQL Server Add-on 2 Cores or 4 vCPUs 5y Sub 24x7 E-LTU	0	228.00		NA		No	Available		Not published by OCA	Active	01/10/2023	12/27/2027	{"Extended Price (USD)":"NA"}	PRICE_AND_ATTRIBUTE_CHANGED	N/A	+$228.00	0.00%	2026-09-10: (no price) → 2026-09-30: $228.00
Software & Licenses	High Availability Computing - Cluster Software	HPE OCA > DL380a Gen12 [P76706-B21] > Software & Licenses > High Availability Computing - Cluster Software	Operating System / License	Unlimited	0	Unlimited	Selection constraint for High Availability Computing - Cluster Software: no max | R1T30AAE conditional visibility: portal selector activation required (DS); PORTAL_CONDITIONAL | R1T31AAE conditional visibility: portal selector activation required (DS); PORTAL_CONDITIONAL | R1T32AAE conditional visibility: portal selector activation required (DS); PORTAL_CONDITIONAL | R1T36AAE conditional visibility: portal selector activation required (DS); PORTAL_CONDITIONAL | R7P98AAE conditional visibility: portal selector activation required (DS); PORTAL_CONDITIONAL | R8V45AAE conditional visibility: portal selector activation required (DS); PORTAL_CONDITIONAL | R8V46AAE conditional visibility: portal selector activation required (DS); PORTAL_CONDITIONAL | S0W12AAE conditional visibility: portal selector activation required (DS); PORTAL_CONDITIONAL | S0W13AAE conditional visibility: portal selector activation required (DS); PORTAL_CONDITIONAL | S0W14AAE conditional visibility: portal selector activation required (DS); PORTAL_CONDITIONAL | S0W15AAE conditional visibility: portal selector activation required (DS); PORTAL_CONDITIONAL | S0W16AAE conditional visibility: portal selector activation required (DS); PORTAL_CONDITIONAL | S0W17AAE conditional visibility: portal selector activation required (DS); PORTAL_CONDITIONAL | S0W18AAE conditional visibility: portal selector activation required (DS); PORTAL_CONDITIONAL | S0W19AAE conditional visibility: portal selector activation required (DS); PORTAL_CONDITIONAL | S0W20AAE conditional visibility: portal selector activation required (DS); PORTAL_CONDITIONAL | S0W21AAE conditional visibility: portal selector activation required (DS); PORTAL_CONDITIONAL | S0W22AAE conditional visibility: portal selector activation required (DS); PORTAL_CONDITIONAL | S0W23AAE conditional visibility: portal selector activation required (DS); PORTAL_CONDITIONAL | S0W24AAE conditional visibility: portal selector activation required (DS); PORTAL_CONDITIONAL | S0W25AAE conditional visibility: portal selector activation required (DS); PORTAL_CONDITIONAL | S0W26AAE conditional visibility: portal selector activation required (DS); PORTAL_CONDITIONAL | S0W27AAE conditional visibility: portal selector activation required (DS); PORTAL_CONDITIONAL | S0W28AAE conditional visibility: portal selector activation required (DS); PORTAL_CONDITIONAL | S0W29AAE conditional visibility: portal selector activation required (DS); PORTAL_CONDITIONAL	S0W27AAE	Service	HPE Serviceguard for Linux v15 NFS Add-on 2 Cores or 4 vCPUs 1-year Subscription 24x7 E-LTU	0	25.00		NA		No	Available		Not published by OCA	Active	01/10/2023	09/30/2028	{"Extended Price (USD)":"NA"}	PRICE_AND_ATTRIBUTE_CHANGED	N/A	+$25.00	0.00%	2026-09-10: (no price) → 2026-09-30: $25.00
Software & Licenses	High Availability Computing - Cluster Software	HPE OCA > DL380a Gen12 [P76706-B21] > Software & Licenses > High Availability Computing - Cluster Software	Operating System / License	Unlimited	0	Unlimited	Selection constraint for High Availability Computing - Cluster Software: no max | R1T30AAE conditional visibility: portal selector activation required (DS); PORTAL_CONDITIONAL | R1T31AAE conditional visibility: portal selector activation required (DS); PORTAL_CONDITIONAL | R1T32AAE conditional visibility: portal selector activation required (DS); PORTAL_CONDITIONAL | R1T36AAE conditional visibility: portal selector activation required (DS); PORTAL_CONDITIONAL | R7P98AAE conditional visibility: portal selector activation required (DS); PORTAL_CONDITIONAL | R8V45AAE conditional visibility: portal selector activation required (DS); PORTAL_CONDITIONAL | R8V46AAE conditional visibility: portal selector activation required (DS); PORTAL_CONDITIONAL | S0W12AAE conditional visibility: portal selector activation required (DS); PORTAL_CONDITIONAL | S0W13AAE conditional visibility: portal selector activation required (DS); PORTAL_CONDITIONAL | S0W14AAE conditional visibility: portal selector activation required (DS); PORTAL_CONDITIONAL | S0W15AAE conditional visibility: portal selector activation required (DS); PORTAL_CONDITIONAL | S0W16AAE conditional visibility: portal selector activation required (DS); PORTAL_CONDITIONAL | S0W17AAE conditional visibility: portal selector activation required (DS); PORTAL_CONDITIONAL | S0W18AAE conditional visibility: portal selector activation required (DS); PORTAL_CONDITIONAL | S0W19AAE conditional visibility: portal selector activation required (DS); PORTAL_CONDITIONAL | S0W20AAE conditional visibility: portal selector activation required (DS); PORTAL_CONDITIONAL | S0W21AAE conditional visibility: portal selector activation required (DS); PORTAL_CONDITIONAL | S0W22AAE conditional visibility: portal selector activation required (DS); PORTAL_CONDITIONAL | S0W23AAE conditional visibility: portal selector activation required (DS); PORTAL_CONDITIONAL | S0W24AAE conditional visibility: portal selector activation required (DS); PORTAL_CONDITIONAL | S0W25AAE conditional visibility: portal selector activation required (DS); PORTAL_CONDITIONAL | S0W26AAE conditional visibility: portal selector activation required (DS); PORTAL_CONDITIONAL | S0W27AAE conditional visibility: portal selector activation required (DS); PORTAL_CONDITIONAL | S0W28AAE conditional visibility: portal selector activation required (DS); PORTAL_CONDITIONAL | S0W29AAE conditional visibility: portal selector activation required (DS); PORTAL_CONDITIONAL	S0W28AAE	Service	HPE Serviceguard for Linux v15 NFS Add-on 2 Cores or 4 vCPUs 3-year Subscription 24x7 E-LTU	0	66.00		NA		No	Direct Ship (DS)		Not published by OCA	Direct Ship (DS)	01/10/2023	09/30/2026	{"Extended Price (USD)":"NA"}	ADDED	N/A	+$66.00	+100.00%	2026-09-30: $66.00
Software & Licenses	High Availability Computing - Cluster Software	HPE OCA > DL380a Gen12 [P76706-B21] > Software & Licenses > High Availability Computing - Cluster Software	Operating System / License	Unlimited	0	Unlimited	Selection constraint for High Availability Computing - Cluster Software: no max | R1T30AAE conditional visibility: portal selector activation required (DS); PORTAL_CONDITIONAL | R1T31AAE conditional visibility: portal selector activation required (DS); PORTAL_CONDITIONAL | R1T32AAE conditional visibility: portal selector activation required (DS); PORTAL_CONDITIONAL | R1T36AAE conditional visibility: portal selector activation required (DS); PORTAL_CONDITIONAL | R7P98AAE conditional visibility: portal selector activation required (DS); PORTAL_CONDITIONAL | R8V45AAE conditional visibility: portal selector activation required (DS); PORTAL_CONDITIONAL | R8V46AAE conditional visibility: portal selector activation required (DS); PORTAL_CONDITIONAL | S0W12AAE conditional visibility: portal selector activation required (DS); PORTAL_CONDITIONAL | S0W13AAE conditional visibility: portal selector activation required (DS); PORTAL_CONDITIONAL | S0W14AAE conditional visibility: portal selector activation required (DS); PORTAL_CONDITIONAL | S0W15AAE conditional visibility: portal selector activation required (DS); PORTAL_CONDITIONAL | S0W16AAE conditional visibility: portal selector activation required (DS); PORTAL_CONDITIONAL | S0W17AAE conditional visibility: portal selector activation required (DS); PORTAL_CONDITIONAL | S0W18AAE conditional visibility: portal selector activation required (DS); PORTAL_CONDITIONAL | S0W19AAE conditional visibility: portal selector activation required (DS); PORTAL_CONDITIONAL | S0W20AAE conditional visibility: portal selector activation required (DS); PORTAL_CONDITIONAL | S0W21AAE conditional visibility: portal selector activation required (DS); PORTAL_CONDITIONAL | S0W22AAE conditional visibility: portal selector activation required (DS); PORTAL_CONDITIONAL | S0W23AAE conditional visibility: portal selector activation required (DS); PORTAL_CONDITIONAL | S0W24AAE conditional visibility: portal selector activation required (DS); PORTAL_CONDITIONAL | S0W25AAE conditional visibility: portal selector activation required (DS); PORTAL_CONDITIONAL | S0W26AAE conditional visibility: portal selector activation required (DS); PORTAL_CONDITIONAL | S0W27AAE conditional visibility: portal selector activation required (DS); PORTAL_CONDITIONAL | S0W28AAE conditional visibility: portal selector activation required (DS); PORTAL_CONDITIONAL | S0W29AAE conditional visibility: portal selector activation required (DS); PORTAL_CONDITIONAL	S0W29AAE	Service	HPE Serviceguard for Linux v15 NFS Add-on 2 Cores or 4 vCPUs 5-year Subscription 24x7 E-LTU	0	100.00		NA		No	Available		Not published by OCA	Active	01/10/2023	12/27/2027	{"Extended Price (USD)":"NA"}	PRICE_AND_ATTRIBUTE_CHANGED	N/A	+$100.00	0.00%	2026-09-10: (no price) → 2026-09-30: $100.00
Graphics & GPU	NVIDIA GPU SW	HPE OCA > DL380a Gen12 [P76706-B21] > Graphics & GPU > NVIDIA GPU SW	GPU / Accelerator	Unlimited	0	Unlimited	Selection constraint for NVIDIA GPU SW: no max	R3Q35AAE	Service	NVIDIA RTX Virtual Workstation 1 Concurrent User 1-year Subscription E-LTU	0	305.00		NA		No	Available		Not published by OCA	Active	06/01/2020	10/31/2027	{"Extended Price (USD)":"NA"}	PRICE_AND_ATTRIBUTE_CHANGED	N/A	+$305.00	0.00%	2026-09-10: (no price) → 2026-09-30: $305.00
Graphics & GPU	NVIDIA GPU SW	HPE OCA > DL380a Gen12 [P76706-B21] > Graphics & GPU > NVIDIA GPU SW	GPU / Accelerator	Unlimited	0	Unlimited	Selection constraint for NVIDIA GPU SW: no max	R3Q37AAE	Service	NVIDIA RTX Virtual Workstation 1 Concurrent User 3-year Subscription E-LTU	0	867.00		NA		No	Available		Not published by OCA	Active	06/01/2020	10/31/2027	{"Extended Price (USD)":"NA"}	PRICE_AND_ATTRIBUTE_CHANGED	N/A	+$867.00	0.00%	2026-09-10: (no price) → 2026-09-30: $867.00
Graphics & GPU	NVIDIA GPU SW	HPE OCA > DL380a Gen12 [P76706-B21] > Graphics & GPU > NVIDIA GPU SW	GPU / Accelerator	Unlimited	0	Unlimited	Selection constraint for NVIDIA GPU SW: no max	R3Q38AAE	Service	NVIDIA RTX Virtual Workstation 1 Concurrent User 4-year Subscription E-LTU	0	1149.00		NA		No	Available		Not published by OCA	Active	06/01/2020	10/31/2027	{"Extended Price (USD)":"NA"}	PRICE_AND_ATTRIBUTE_CHANGED	N/A	+$1149.00	0.00%	2026-09-10: (no price) → 2026-09-30: $1149.00
Graphics & GPU	NVIDIA GPU SW	HPE OCA > DL380a Gen12 [P76706-B21] > Graphics & GPU > NVIDIA GPU SW	GPU / Accelerator	Unlimited	0	Unlimited	Selection constraint for NVIDIA GPU SW: no max	R3Q39AAE	Service	NVIDIA RTX Virtual Workstation 1 Concurrent User 5-year Subscription E-LTU	0	1429.00		NA		No	Available		Not published by OCA	Active	06/01/2020	10/31/2027	{"Extended Price (USD)":"NA"}	PRICE_AND_ATTRIBUTE_CHANGED	N/A	+$1429.00	0.00%	2026-09-10: (no price) → 2026-09-30: $1429.00
Graphics & GPU	NVIDIA GPU SW	HPE OCA > DL380a Gen12 [P76706-B21] > Graphics & GPU > NVIDIA GPU SW	GPU / Accelerator	Unlimited	0	Unlimited	Selection constraint for NVIDIA GPU SW: no max	R3Q40AAE	Service	NVIDIA RTX Virtual Workstation 1 Concurrent User Education 1-year Subscription Renewal E-LTU	0	96.00		NA		No	Available		Not published by OCA	Active	06/01/2020	10/31/2027	{"Extended Price (USD)":"NA"}	PRICE_AND_ATTRIBUTE_CHANGED	N/A	+$96.00	0.00%	2026-09-10: (no price) → 2026-09-30: $96.00
Graphics & GPU	NVIDIA GPU SW	HPE OCA > DL380a Gen12 [P76706-B21] > Graphics & GPU > NVIDIA GPU SW	GPU / Accelerator	Unlimited	0	Unlimited	Selection constraint for NVIDIA GPU SW: no max	R3Q42AAE	Service	NVIDIA RTX Virtual Workstation 1 Concurrent User Education 3-year Subscription Renewal E-LTU	0	241.00		NA		No	Available		Not published by OCA	Active	06/01/2020	10/31/2027	{"Extended Price (USD)":"NA"}	PRICE_AND_ATTRIBUTE_CHANGED	N/A	+$241.00	0.00%	2026-09-10: (no price) → 2026-09-30: $241.00
Graphics & GPU	NVIDIA GPU SW	HPE OCA > DL380a Gen12 [P76706-B21] > Graphics & GPU > NVIDIA GPU SW	GPU / Accelerator	Unlimited	0	Unlimited	Selection constraint for NVIDIA GPU SW: no max	R3Q44AAE	Service	NVIDIA Virtual Applications 1 Concurrent User 1-year Subscription E-LTU	0	37.00		NA		No	Available		Not published by OCA	Active	06/01/2020	10/31/2027	{"Extended Price (USD)":"NA"}	PRICE_AND_ATTRIBUTE_CHANGED	N/A	+$37.00	0.00%	2026-09-10: (no price) → 2026-09-30: $37.00
Graphics & GPU	NVIDIA GPU SW	HPE OCA > DL380a Gen12 [P76706-B21] > Graphics & GPU > NVIDIA GPU SW	GPU / Accelerator	Unlimited	0	Unlimited	Selection constraint for NVIDIA GPU SW: no max	R3Q46AAE	Service	NVIDIA Virtual Applications 1 Concurrent User 3-year Subscription E-LTU	0	63.00		NA		No	Available		Not published by OCA	Active	06/01/2020	10/31/2027	{"Extended Price (USD)":"NA"}	PRICE_AND_ATTRIBUTE_CHANGED	N/A	+$63.00	0.00%	2026-09-10: (no price) → 2026-09-30: $63.00
Graphics & GPU	NVIDIA GPU SW	HPE OCA > DL380a Gen12 [P76706-B21] > Graphics & GPU > NVIDIA GPU SW	GPU / Accelerator	Unlimited	0	Unlimited	Selection constraint for NVIDIA GPU SW: no max	R3Q47AAE	Service	NVIDIA Virtual Applications 1 Concurrent User 4-year Subscription E-LTU	0	75.00		NA		No	Available		Not published by OCA	Active	06/01/2020	10/31/2027	{"Extended Price (USD)":"NA"}	PRICE_AND_ATTRIBUTE_CHANGED	N/A	+$75.00	0.00%	2026-09-10: (no price) → 2026-09-30: $75.00
Graphics & GPU	NVIDIA GPU SW	HPE OCA > DL380a Gen12 [P76706-B21] > Graphics & GPU > NVIDIA GPU SW	GPU / Accelerator	Unlimited	0	Unlimited	Selection constraint for NVIDIA GPU SW: no max	R3Q48AAE	Service	NVIDIA Virtual Applications 1 Concurrent User 5-year Subscription E-LTU	0	89.00		NA		No	Available		Not published by OCA	Active	06/01/2020	10/31/2027	{"Extended Price (USD)":"NA"}	PRICE_AND_ATTRIBUTE_CHANGED	N/A	+$89.00	0.00%	2026-09-10: (no price) → 2026-09-30: $89.00
Graphics & GPU	NVIDIA GPU SW	HPE OCA > DL380a Gen12 [P76706-B21] > Graphics & GPU > NVIDIA GPU SW	GPU / Accelerator	Unlimited	0	Unlimited	Selection constraint for NVIDIA GPU SW: no max	R3Q49AAE	Service	NVIDIA Virtual PC 1 Concurrent User 1-year Subscription E-LTU	0	89.00		NA		No	Available		Not published by OCA	Active	06/01/2020	10/31/2027	{"Extended Price (USD)":"NA"}	PRICE_AND_ATTRIBUTE_CHANGED	N/A	+$89.00	0.00%	2026-09-10: (no price) → 2026-09-30: $89.00
Graphics & GPU	NVIDIA GPU SW	HPE OCA > DL380a Gen12 [P76706-B21] > Graphics & GPU > NVIDIA GPU SW	GPU / Accelerator	Unlimited	0	Unlimited	Selection constraint for NVIDIA GPU SW: no max	R3Q51AAE	Service	NVIDIA Virtual PC 1 Concurrent User 3-year Subscription E-LTU	0	213.00		NA		No	Available		Not published by OCA	Active	06/01/2020	10/31/2027	{"Extended Price (USD)":"NA"}	PRICE_AND_ATTRIBUTE_CHANGED	N/A	+$213.00	0.00%	2026-09-10: (no price) → 2026-09-30: $213.00
Graphics & GPU	NVIDIA GPU SW	HPE OCA > DL380a Gen12 [P76706-B21] > Graphics & GPU > NVIDIA GPU SW	GPU / Accelerator	Unlimited	0	Unlimited	Selection constraint for NVIDIA GPU SW: no max	R3Q52AAE	Service	NVIDIA Virtual PC 1 Concurrent User 4-year Subscription E-LTU	0	242.00		NA		No	Available		Not published by OCA	Active	06/01/2020	10/31/2027	{"Extended Price (USD)":"NA"}	PRICE_AND_ATTRIBUTE_CHANGED	N/A	+$242.00	0.00%	2026-09-10: (no price) → 2026-09-30: $242.00
Graphics & GPU	NVIDIA GPU SW	HPE OCA > DL380a Gen12 [P76706-B21] > Graphics & GPU > NVIDIA GPU SW	GPU / Accelerator	Unlimited	0	Unlimited	Selection constraint for NVIDIA GPU SW: no max	R3Q53AAE	Service	NVIDIA Virtual PC 1 Concurrent User 5-year Subscription E-LTU	0	274.00		NA		No	Available		Not published by OCA	Active	06/01/2020	10/31/2027	{"Extended Price (USD)":"NA"}	PRICE_AND_ATTRIBUTE_CHANGED	N/A	+$274.00	0.00%	2026-09-10: (no price) → 2026-09-30: $274.00
Graphics & GPU	NVIDIA GPU SW	HPE OCA > DL380a Gen12 [P76706-B21] > Graphics & GPU > NVIDIA GPU SW	GPU / Accelerator	Unlimited	0	Unlimited	Selection constraint for NVIDIA GPU SW: no max	R3Q63AAE	Service	NVIDIA RTX Virtual Workstation SUMS 1 Concurrent User 1-year Subscription Renewal E-LTU	0	184.00		NA		No	Available		Not published by OCA	Active	06/01/2020	10/31/2027	{"Extended Price (USD)":"NA"}	PRICE_AND_ATTRIBUTE_CHANGED	N/A	+$184.00	0.00%	2026-09-10: (no price) → 2026-09-30: $184.00
Graphics & GPU	NVIDIA GPU SW	HPE OCA > DL380a Gen12 [P76706-B21] > Graphics & GPU > NVIDIA GPU SW	GPU / Accelerator	Unlimited	0	Unlimited	Selection constraint for NVIDIA GPU SW: no max	R3Q67AAE	Service	NVIDIA RTX Virtual Workstation SUMS 1 Concurrent User 5-year Subscription E-LTU	0	647.00		NA		No	Available		Not published by OCA	Active	06/01/2020	10/31/2027	{"Extended Price (USD)":"NA"}	PRICE_AND_ATTRIBUTE_CHANGED	N/A	+$647.00	0.00%	2026-09-10: (no price) → 2026-09-30: $647.00
Graphics & GPU	NVIDIA GPU SW	HPE OCA > DL380a Gen12 [P76706-B21] > Graphics & GPU > NVIDIA GPU SW	GPU / Accelerator	Unlimited	0	Unlimited	Selection constraint for NVIDIA GPU SW: no max	R3Q68AAE	Service	NVIDIA RTX Virtual Workstation SUMS 1 Concurrent User Education 1-year Subscription Renewal E-LTU	0	64.00		NA		No	Available		Not published by OCA	Active	06/01/2020	10/31/2027	{"Extended Price (USD)":"NA"}	PRICE_AND_ATTRIBUTE_CHANGED	N/A	+$64.00	0.00%	2026-09-10: (no price) → 2026-09-30: $64.00
Graphics & GPU	NVIDIA GPU SW	HPE OCA > DL380a Gen12 [P76706-B21] > Graphics & GPU > NVIDIA GPU SW	GPU / Accelerator	Unlimited	0	Unlimited	Selection constraint for NVIDIA GPU SW: no max	R3Q72AAE	Service	NVIDIA RTX Virtual Workstation SUMS 1 Concurrent User Education 5-year Subscription E-LTU	0	180.00		NA		No	Available		Not published by OCA	Active	06/01/2020	10/31/2027	{"Extended Price (USD)":"NA"}	PRICE_AND_ATTRIBUTE_CHANGED	N/A	+$180.00	0.00%	2026-09-10: (no price) → 2026-09-30: $180.00
Graphics & GPU	NVIDIA GPU SW	HPE OCA > DL380a Gen12 [P76706-B21] > Graphics & GPU > NVIDIA GPU SW	GPU / Accelerator	Unlimited	0	Unlimited	Selection constraint for NVIDIA GPU SW: no max	R3Q73AAE	Service	NVIDIA Virtual Applications SUMS 1 Concurrent User 1-year Subscription Renewal E-LTU	0	35.00		NA		No	Available		Not published by OCA	Active	06/01/2020	10/31/2027	{"Extended Price (USD)":"NA"}	PRICE_AND_ATTRIBUTE_CHANGED	N/A	+$35.00	0.00%	2026-09-10: (no price) → 2026-09-30: $35.00
Graphics & GPU	NVIDIA GPU SW	HPE OCA > DL380a Gen12 [P76706-B21] > Graphics & GPU > NVIDIA GPU SW	GPU / Accelerator	Unlimited	0	Unlimited	Selection constraint for NVIDIA GPU SW: no max	R3Q77AAE	Service	NVIDIA Virtual Applications SUMS 1 Concurrent User 5-year Subscription E-LTU	0	61.00		NA		No	Available		Not published by OCA	Active	06/01/2020	10/31/2027	{"Extended Price (USD)":"NA"}	PRICE_AND_ATTRIBUTE_CHANGED	N/A	+$61.00	0.00%	2026-09-10: (no price) → 2026-09-30: $61.00
Graphics & GPU	NVIDIA GPU SW	HPE OCA > DL380a Gen12 [P76706-B21] > Graphics & GPU > NVIDIA GPU SW	GPU / Accelerator	Unlimited	0	Unlimited	Selection constraint for NVIDIA GPU SW: no max	R3Q79AAE	Service	NVIDIA Virtual PC 1 Concurrent User 1-year Subscription Renewal E-LTU	0	106.00		NA		No	Available		Not published by OCA	Active	06/01/2020	10/31/2027	{"Extended Price (USD)":"NA"}	PRICE_AND_ATTRIBUTE_CHANGED	N/A	+$106.00	0.00%	2026-09-10: (no price) → 2026-09-30: $106.00
Graphics & GPU	NVIDIA GPU SW	HPE OCA > DL380a Gen12 [P76706-B21] > Graphics & GPU > NVIDIA GPU SW	GPU / Accelerator	Unlimited	0	Unlimited	Selection constraint for NVIDIA GPU SW: no max	R3Q81AAE	Service	NVIDIA Virtual PC 1 Concurrent User 3-year Subscription Renewal E-LTU	0	266.00		NA		No	Available		Not published by OCA	Active	06/01/2020	10/31/2027	{"Extended Price (USD)":"NA"}	PRICE_AND_ATTRIBUTE_CHANGED	N/A	+$266.00	0.00%	2026-09-10: (no price) → 2026-09-30: $266.00
Graphics & GPU	NVIDIA GPU SW	HPE OCA > DL380a Gen12 [P76706-B21] > Graphics & GPU > NVIDIA GPU SW	GPU / Accelerator	Unlimited	0	Unlimited	Selection constraint for NVIDIA GPU SW: no max	R3Q93AAE	Service	NVIDIA RTX Virtual Workstation 1 Concurrent User Perpetual E-LTU	0	530.00		NA		No	Available		Not published by OCA	Active	06/01/2020	10/31/2027	{"Extended Price (USD)":"NA"}	PRICE_AND_ATTRIBUTE_CHANGED	N/A	+$530.00	0.00%	2026-09-10: (no price) → 2026-09-30: $530.00
Graphics & GPU	NVIDIA GPU SW	HPE OCA > DL380a Gen12 [P76706-B21] > Graphics & GPU > NVIDIA GPU SW	GPU / Accelerator	Unlimited	0	Unlimited	Selection constraint for NVIDIA GPU SW: no max	R3Q94AAE	Service	NVIDIA RTX Virtual Workstation 1 Concurrent User Education Perpetual E-LTU	0	134.00		NA		No	Available		Not published by OCA	Active	06/01/2020	10/31/2027	{"Extended Price (USD)":"NA"}	PRICE_AND_ATTRIBUTE_CHANGED	N/A	+$134.00	0.00%	2026-09-10: (no price) → 2026-09-30: $134.00
Graphics & GPU	NVIDIA GPU SW	HPE OCA > DL380a Gen12 [P76706-B21] > Graphics & GPU > NVIDIA GPU SW	GPU / Accelerator	Unlimited	0	Unlimited	Selection constraint for NVIDIA GPU SW: no max	R3Q95AAE	Service	NVIDIA RTX Virtual Workstation 1 Concurrent User 1-year Subscription Renewal E-LTU	0	385.00		NA		No	Available		Not published by OCA	Active	06/01/2020	10/31/2027	{"Extended Price (USD)":"NA"}	PRICE_AND_ATTRIBUTE_CHANGED	N/A	+$385.00	0.00%	2026-09-10: (no price) → 2026-09-30: $385.00
Graphics & GPU	NVIDIA GPU SW	HPE OCA > DL380a Gen12 [P76706-B21] > Graphics & GPU > NVIDIA GPU SW	GPU / Accelerator	Unlimited	0	Unlimited	Selection constraint for NVIDIA GPU SW: no max	R3R01AAE	Service	NVIDIA Virtual Applications 1 Concurrent User Perpetual E-LTU	0	51.00		NA		No	Available		Not published by OCA	Active	06/01/2020	10/31/2027	{"Extended Price (USD)":"NA"}	PRICE_AND_ATTRIBUTE_CHANGED	N/A	+$51.00	0.00%	2026-09-10: (no price) → 2026-09-30: $51.00
Graphics & GPU	NVIDIA GPU SW	HPE OCA > DL380a Gen12 [P76706-B21] > Graphics & GPU > NVIDIA GPU SW	GPU / Accelerator	Unlimited	0	Unlimited	Selection constraint for NVIDIA GPU SW: no max	R3R02AAE	Service	NVIDIA Virtual Applications 1 Concurrent User 1-year Subscription Renewal E-LTU	0	41.00		NA		No	Available		Not published by OCA	Active	06/01/2020	10/31/2027	{"Extended Price (USD)":"NA"}	PRICE_AND_ATTRIBUTE_CHANGED	N/A	+$41.00	0.00%	2026-09-10: (no price) → 2026-09-30: $41.00
Graphics & GPU	NVIDIA GPU SW	HPE OCA > DL380a Gen12 [P76706-B21] > Graphics & GPU > NVIDIA GPU SW	GPU / Accelerator	Unlimited	0	Unlimited	Selection constraint for NVIDIA GPU SW: no max	R3R03AAE	Service	NVIDIA Virtual Applications 1 Concurrent User 3-year Subscription Renewal E-LTU	0	73.00		NA		No	Available		Not published by OCA	Active	06/01/2020	10/31/2027	{"Extended Price (USD)":"NA"}	PRICE_AND_ATTRIBUTE_CHANGED	N/A	+$73.00	0.00%	2026-09-10: (no price) → 2026-09-30: $73.00
Graphics & GPU	NVIDIA GPU SW	HPE OCA > DL380a Gen12 [P76706-B21] > Graphics & GPU > NVIDIA GPU SW	GPU / Accelerator	Unlimited	0	Unlimited	Selection constraint for NVIDIA GPU SW: no max	R3R06AAE	Service	NVIDIA Virtual PC 1 Concurrent User Perpetual E-LTU	0	150.00		NA		No	Available		Not published by OCA	Active	06/01/2020	10/31/2027	{"Extended Price (USD)":"NA"}	PRICE_AND_ATTRIBUTE_CHANGED	N/A	+$150.00	0.00%	2026-09-10: (no price) → 2026-09-30: $150.00
Graphics & GPU	NVIDIA GPU SW	HPE OCA > DL380a Gen12 [P76706-B21] > Graphics & GPU > NVIDIA GPU SW	GPU / Accelerator	Unlimited	0	Unlimited	Selection constraint for NVIDIA GPU SW: no max	R3R07AAE	Service	NVIDIA Virtual PC SUMS 1 Concurrent User 1-year Subscription Renewal E-LTU	0	71.00		NA		No	Available		Not published by OCA	Active	06/01/2020	10/31/2027	{"Extended Price (USD)":"NA"}	PRICE_AND_ATTRIBUTE_CHANGED	N/A	+$71.00	0.00%	2026-09-10: (no price) → 2026-09-30: $71.00
Graphics & GPU	NVIDIA GPU SW	HPE OCA > DL380a Gen12 [P76706-B21] > Graphics & GPU > NVIDIA GPU SW	GPU / Accelerator	Unlimited	0	Unlimited	Selection constraint for NVIDIA GPU SW: no max	R3R12AAE	Service	NVIDIA RTX Virtual Workstation 1 Concurrent User 3-year Subscription Renewal E-LTU	0	1108.00		NA		No	Available		Not published by OCA	Active	06/01/2020	10/31/2027	{"Extended Price (USD)":"NA"}	PRICE_AND_ATTRIBUTE_CHANGED	N/A	+$1108.00	0.00%	2026-09-10: (no price) → 2026-09-30: $1108.00
Graphics & GPU	NVIDIA GPU SW	HPE OCA > DL380a Gen12 [P76706-B21] > Graphics & GPU > NVIDIA GPU SW	GPU / Accelerator	Unlimited	0	Unlimited	Selection constraint for NVIDIA GPU SW: no max	R3R21AAE	Service	NVIDIA Virtual PC SUMS 1 Concurrent User 5-year Subscription E-LTU	0	199.00		NA		No	Available		Not published by OCA	Active	06/01/2020	10/31/2027	{"Extended Price (USD)":"NA"}	PRICE_AND_ATTRIBUTE_CHANGED	N/A	+$199.00	0.00%	2026-09-10: (no price) → 2026-09-30: $199.00
Graphics & GPU	NVIDIA GPU SW	HPE OCA > DL380a Gen12 [P76706-B21] > Graphics & GPU > NVIDIA GPU SW	GPU / Accelerator	Unlimited	0	Unlimited	Selection constraint for NVIDIA GPU SW: no max	R3R26AAE	Service	NVIDIA RTX Virtual Workstation 1 Concurrent User Education 1-year Subscription E-LTU	0	86.00		NA		No	Available		Not published by OCA	Active	06/01/2020	10/31/2027	{"Extended Price (USD)":"NA"}	PRICE_AND_ATTRIBUTE_CHANGED	N/A	+$86.00	0.00%	2026-09-10: (no price) → 2026-09-30: $86.00
Graphics & GPU	NVIDIA GPU SW	HPE OCA > DL380a Gen12 [P76706-B21] > Graphics & GPU > NVIDIA GPU SW	GPU / Accelerator	Unlimited	0	Unlimited	Selection constraint for NVIDIA GPU SW: no max	R3R27AAE	Service	NVIDIA RTX Virtual Workstation 1 Concurrent User Education 3-year Subscription E-LTU	0	210.00		NA		No	Available		Not published by OCA	Active	06/01/2020	10/31/2027	{"Extended Price (USD)":"NA"}	PRICE_AND_ATTRIBUTE_CHANGED	N/A	+$210.00	0.00%	2026-09-10: (no price) → 2026-09-30: $210.00
Graphics & GPU	NVIDIA GPU SW	HPE OCA > DL380a Gen12 [P76706-B21] > Graphics & GPU > NVIDIA GPU SW	Service & Support	Unlimited	0	Unlimited	Selection constraint for NVIDIA GPU SW: no max	S2S16AAE	Service	NVIDIA AI Enterprise per GPU 1-year Subscription 9x5 Support E-LTU	0	5252.00		NA		No	Available		Not published by OCA	Active	10/02/2023	10/31/2028	{"Extended Price (USD)":"NA"}	PRICE_AND_ATTRIBUTE_CHANGED	N/A	+$5252.00	0.00%	2026-09-10: (no price) → 2026-09-30: $5252.00
Graphics & GPU	NVIDIA GPU SW	HPE OCA > DL380a Gen12 [P76706-B21] > Graphics & GPU > NVIDIA GPU SW	Service & Support	Unlimited	0	Unlimited	Selection constraint for NVIDIA GPU SW: no max	S2S17AAE	Service	NVIDIA AI Enterprise per GPU 3-year Subscription 9x5 Support E-LTU	0	15755.00		NA		No	Available		Not published by OCA	Active	10/02/2023	10/31/2028	{"Extended Price (USD)":"NA"}	PRICE_AND_ATTRIBUTE_CHANGED	N/A	+$15755.00	0.00%	2026-09-10: (no price) → 2026-09-30: $15755.00
Graphics & GPU	NVIDIA GPU SW	HPE OCA > DL380a Gen12 [P76706-B21] > Graphics & GPU > NVIDIA GPU SW	Service & Support	Unlimited	0	Unlimited	Selection constraint for NVIDIA GPU SW: no max	S2S18AAE	Service	NVIDIA AI Enterprise per GPU 5-year Subscription 9x5 Support E-LTU	0	21006.00		NA		No	Available		Not published by OCA	Active	10/02/2023	10/31/2028	{"Extended Price (USD)":"NA"}	PRICE_AND_ATTRIBUTE_CHANGED	N/A	+$21006.00	0.00%	2026-09-10: (no price) → 2026-09-30: $21006.00
Graphics & GPU	NVIDIA GPU SW	HPE OCA > DL380a Gen12 [P76706-B21] > Graphics & GPU > NVIDIA GPU SW	Service & Support	Unlimited	0	Unlimited	Selection constraint for NVIDIA GPU SW: no max	S2S19AAE	Service	NVIDIA AI Enterprise per GPU 1-year Subscription 9x5 Support Renewal E-LTU	0	5252.00		NA		No	Available		Not published by OCA	Active	11/06/2023	10/31/2028	{"Extended Price (USD)":"NA"}	PRICE_AND_ATTRIBUTE_CHANGED	N/A	+$5252.00	0.00%	2026-09-10: (no price) → 2026-09-30: $5252.00
Graphics & GPU	NVIDIA GPU SW	HPE OCA > DL380a Gen12 [P76706-B21] > Graphics & GPU > NVIDIA GPU SW	Service & Support	Unlimited	0	Unlimited	Selection constraint for NVIDIA GPU SW: no max	S2S20AAE	Service	NVIDIA AI Enterprise per GPU 3-year Subscription 9x5 Support Renewal E-LTU	0	15755.00		NA		No	Available		Not published by OCA	Active	11/06/2023	10/31/2028	{"Extended Price (USD)":"NA"}	PRICE_AND_ATTRIBUTE_CHANGED	N/A	+$15755.00	0.00%	2026-09-10: (no price) → 2026-09-30: $15755.00
Graphics & GPU	NVIDIA GPU SW	HPE OCA > DL380a Gen12 [P76706-B21] > Graphics & GPU > NVIDIA GPU SW	Service & Support	Unlimited	0	Unlimited	Selection constraint for NVIDIA GPU SW: no max	S2S21AAE	Service	NVIDIA AI Enterprise per GPU 5-year Subscription 9x5 Support Renewal E-LTU	0	26258.00		NA		No	Available		Not published by OCA	Active	11/06/2023	10/31/2028	{"Extended Price (USD)":"NA"}	PRICE_AND_ATTRIBUTE_CHANGED	N/A	+$26258.00	0.00%	2026-09-10: (no price) → 2026-09-30: $26258.00
Graphics & GPU	NVIDIA GPU SW	HPE OCA > DL380a Gen12 [P76706-B21] > Graphics & GPU > NVIDIA GPU SW	Service & Support	Unlimited	0	Unlimited	Selection constraint for NVIDIA GPU SW: no max	S2S22AAE	Service	NVIDIA AI Enterprise Educational per GPU 1-year Subscription 9x5 Support E-LTU	0	1313.00		NA		No	Available		Not published by OCA	Active	10/02/2023	10/31/2028	{"Extended Price (USD)":"NA"}	PRICE_AND_ATTRIBUTE_CHANGED	N/A	+$1313.00	0.00%	2026-09-10: (no price) → 2026-09-30: $1313.00
Graphics & GPU	NVIDIA GPU SW	HPE OCA > DL380a Gen12 [P76706-B21] > Graphics & GPU > NVIDIA GPU SW	Service & Support	Unlimited	0	Unlimited	Selection constraint for NVIDIA GPU SW: no max	S2S23AAE	Service	NVIDIA AI Enterprise Educational per GPU 3-year Subscription 9x5 Support E-LTU	0	3939.00		NA		No	Available		Not published by OCA	Active	10/02/2023	10/31/2028	{"Extended Price (USD)":"NA"}	PRICE_AND_ATTRIBUTE_CHANGED	N/A	+$3939.00	0.00%	2026-09-10: (no price) → 2026-09-30: $3939.00
Graphics & GPU	NVIDIA GPU SW	HPE OCA > DL380a Gen12 [P76706-B21] > Graphics & GPU > NVIDIA GPU SW	Service & Support	Unlimited	0	Unlimited	Selection constraint for NVIDIA GPU SW: no max	S2S24AAE	Service	NVIDIA AI Enterprise Educational per GPU 5-year Subscription 9x5 Support E-LTU	0	5252.00		NA		No	Available		Not published by OCA	Active	10/02/2023	10/31/2028	{"Extended Price (USD)":"NA"}	PRICE_AND_ATTRIBUTE_CHANGED	N/A	+$5252.00	0.00%	2026-09-10: (no price) → 2026-09-30: $5252.00
Graphics & GPU	NVIDIA GPU SW	HPE OCA > DL380a Gen12 [P76706-B21] > Graphics & GPU > NVIDIA GPU SW	Service & Support	Unlimited	0	Unlimited	Selection constraint for NVIDIA GPU SW: no max	S2S25AAE	Service	NVIDIA AI Enterprise Educational per GPU 1-year Subscription 9x5 Support Renewal E-LTU	0	1313.00		NA		No	Available		Not published by OCA	Active	11/06/2023	10/31/2028	{"Extended Price (USD)":"NA"}	PRICE_AND_ATTRIBUTE_CHANGED	N/A	+$1313.00	0.00%	2026-09-10: (no price) → 2026-09-30: $1313.00
Graphics & GPU	NVIDIA GPU SW	HPE OCA > DL380a Gen12 [P76706-B21] > Graphics & GPU > NVIDIA GPU SW	Service & Support	Unlimited	0	Unlimited	Selection constraint for NVIDIA GPU SW: no max	S2S26AAE	Service	NVIDIA AI Enterprise Educational per GPU 3-year Subscription 9x5 Support Renewal E-LTU	0	3939.00		NA		No	Available		Not published by OCA	Active	11/06/2023	10/31/2028	{"Extended Price (USD)":"NA"}	PRICE_AND_ATTRIBUTE_CHANGED	N/A	+$3939.00	0.00%	2026-09-10: (no price) → 2026-09-30: $3939.00
Graphics & GPU	NVIDIA GPU SW	HPE OCA > DL380a Gen12 [P76706-B21] > Graphics & GPU > NVIDIA GPU SW	Service & Support	Unlimited	0	Unlimited	Selection constraint for NVIDIA GPU SW: no max	S2S27AAE	Service	NVIDIA AI Enterprise Educational per GPU 5-year Subscription 9x5 Support Renewal E-LTU	0	6564.00		NA		No	Available		Not published by OCA	Active	11/06/2023	10/31/2028	{"Extended Price (USD)":"NA"}	PRICE_AND_ATTRIBUTE_CHANGED	N/A	+$6564.00	0.00%	2026-09-10: (no price) → 2026-09-30: $6564.00
Graphics & GPU	NVIDIA GPU SW	HPE OCA > DL380a Gen12 [P76706-B21] > Graphics & GPU > NVIDIA GPU SW	Service & Support	Unlimited	0	Unlimited	Selection constraint for NVIDIA GPU SW: no max	S2S28AAE	Service	NVIDIA AI Enterprise per GPU 1-year 24x7 Support E-LTU	0	1284.00		NA		No	Available		Not published by OCA	Active	10/02/2023	10/31/2028	{"Extended Price (USD)":"NA"}	PRICE_AND_ATTRIBUTE_CHANGED	N/A	+$1284.00	0.00%	2026-09-10: (no price) → 2026-09-30: $1284.00
Graphics & GPU	NVIDIA GPU SW	HPE OCA > DL380a Gen12 [P76706-B21] > Graphics & GPU > NVIDIA GPU SW	Service & Support	Unlimited	0	Unlimited	Selection constraint for NVIDIA GPU SW: no max	S2S29AAE	Service	NVIDIA AI Enterprise per GPU 3-year 24x7 Support E-LTU	0	3851.00		NA		No	Available		Not published by OCA	Active	10/02/2023	10/31/2028	{"Extended Price (USD)":"NA"}	PRICE_AND_ATTRIBUTE_CHANGED	N/A	+$3851.00	0.00%	2026-09-10: (no price) → 2026-09-30: $3851.00
Graphics & GPU	NVIDIA GPU SW	HPE OCA > DL380a Gen12 [P76706-B21] > Graphics & GPU > NVIDIA GPU SW	Service & Support	Unlimited	0	Unlimited	Selection constraint for NVIDIA GPU SW: no max	S2S30AAE	Service	NVIDIA AI Enterprise per GPU 5-year 24x7 Support E-LTU	0	6419.00		NA		No	Available		Not published by OCA	Active	10/02/2023	10/31/2028	{"Extended Price (USD)":"NA"}	PRICE_AND_ATTRIBUTE_CHANGED	N/A	+$6419.00	0.00%	2026-09-10: (no price) → 2026-09-30: $6419.00
Graphics & GPU	NVIDIA GPU SW	HPE OCA > DL380a Gen12 [P76706-B21] > Graphics & GPU > NVIDIA GPU SW	Service & Support	Unlimited	0	Unlimited	Selection constraint for NVIDIA GPU SW: no max	S2S31AAE	Service	NVIDIA AI Enterprise Educational per GPU 1-year 24x7 Support E-LTU	0	899.00		NA		No	Available		Not published by OCA	Active	10/02/2023	10/31/2028	{"Extended Price (USD)":"NA"}	PRICE_AND_ATTRIBUTE_CHANGED	N/A	+$899.00	0.00%	2026-09-10: (no price) → 2026-09-30: $899.00
Graphics & GPU	NVIDIA GPU SW	HPE OCA > DL380a Gen12 [P76706-B21] > Graphics & GPU > NVIDIA GPU SW	Service & Support	Unlimited	0	Unlimited	Selection constraint for NVIDIA GPU SW: no max	S2S32AAE	Service	NVIDIA AI Enterprise Educational per GPU 3-year 24x7 Support E-LTU	0	2696.00		NA		No	Available		Not published by OCA	Active	10/02/2023	10/31/2028	{"Extended Price (USD)":"NA"}	PRICE_AND_ATTRIBUTE_CHANGED	N/A	+$2696.00	0.00%	2026-09-10: (no price) → 2026-09-30: $2696.00
Graphics & GPU	NVIDIA GPU SW	HPE OCA > DL380a Gen12 [P76706-B21] > Graphics & GPU > NVIDIA GPU SW	Service & Support	Unlimited	0	Unlimited	Selection constraint for NVIDIA GPU SW: no max	S2S33AAE	Service	NVIDIA AI Enterprise Educational per GPU 5-year 24x7 Support E-LTU	0	4494.00		NA		No	Available		Not published by OCA	Active	10/02/2023	10/31/2028	{"Extended Price (USD)":"NA"}	PRICE_AND_ATTRIBUTE_CHANGED	N/A	+$4494.00	0.00%	2026-09-10: (no price) → 2026-09-30: $4494.00
Graphics & GPU	NVIDIA GPU SW	HPE OCA > DL380a Gen12 [P76706-B21] > Graphics & GPU > NVIDIA GPU SW	Service & Support	Unlimited	0	Unlimited	Selection constraint for NVIDIA GPU SW: no max	S2S34AAE	Service	NVIDIA AI Enterprise per GPU 1-year 24x7 Support Renewal E-LTU	0	1284.00		NA		No	Available		Not published by OCA	Active	11/06/2023	10/31/2028	{"Extended Price (USD)":"NA"}	PRICE_AND_ATTRIBUTE_CHANGED	N/A	+$1284.00	0.00%	2026-09-10: (no price) → 2026-09-30: $1284.00
Graphics & GPU	NVIDIA GPU SW	HPE OCA > DL380a Gen12 [P76706-B21] > Graphics & GPU > NVIDIA GPU SW	Service & Support	Unlimited	0	Unlimited	Selection constraint for NVIDIA GPU SW: no max	S2S35AAE	Service	NVIDIA AI Enterprise per GPU 3-year 24x7 Support Renewal E-LTU	0	3851.00		NA		No	Available		Not published by OCA	Active	11/06/2023	10/31/2028	{"Extended Price (USD)":"NA"}	PRICE_AND_ATTRIBUTE_CHANGED	N/A	+$3851.00	0.00%	2026-09-10: (no price) → 2026-09-30: $3851.00
Graphics & GPU	NVIDIA GPU SW	HPE OCA > DL380a Gen12 [P76706-B21] > Graphics & GPU > NVIDIA GPU SW	Service & Support	Unlimited	0	Unlimited	Selection constraint for NVIDIA GPU SW: no max	S2S36AAE	Service	NVIDIA AI Enterprise per GPU 5-year 24x7 Support Renewal E-LTU	0	6419.00		NA		No	Available		Not published by OCA	Active	11/06/2023	10/31/2028	{"Extended Price (USD)":"NA"}	PRICE_AND_ATTRIBUTE_CHANGED	N/A	+$6419.00	0.00%	2026-09-10: (no price) → 2026-09-30: $6419.00
Graphics & GPU	NVIDIA GPU SW	HPE OCA > DL380a Gen12 [P76706-B21] > Graphics & GPU > NVIDIA GPU SW	Service & Support	Unlimited	0	Unlimited	Selection constraint for NVIDIA GPU SW: no max	S2S37AAE	Service	NVIDIA AI Enterprise Educational per GPU 1-year 24x7 Support Renewal E-LTU	0	899.00		NA		No	Available		Not published by OCA	Active	11/06/2023	10/31/2028	{"Extended Price (USD)":"NA"}	PRICE_AND_ATTRIBUTE_CHANGED	N/A	+$899.00	0.00%	2026-09-10: (no price) → 2026-09-30: $899.00
Graphics & GPU	NVIDIA GPU SW	HPE OCA > DL380a Gen12 [P76706-B21] > Graphics & GPU > NVIDIA GPU SW	Service & Support	Unlimited	0	Unlimited	Selection constraint for NVIDIA GPU SW: no max	S2S38AAE	Service	NVIDIA AI Enterprise Educational per GPU 3-year 24x7 Support Renewal E-LTU	0	2696.00		NA		No	Available		Not published by OCA	Active	11/06/2023	10/31/2028	{"Extended Price (USD)":"NA"}	PRICE_AND_ATTRIBUTE_CHANGED	N/A	+$2696.00	0.00%	2026-09-10: (no price) → 2026-09-30: $2696.00
Graphics & GPU	NVIDIA GPU SW	HPE OCA > DL380a Gen12 [P76706-B21] > Graphics & GPU > NVIDIA GPU SW	Service & Support	Unlimited	0	Unlimited	Selection constraint for NVIDIA GPU SW: no max	S2S39AAE	Service	NVIDIA AI Enterprise Educational per GPU 5-year 24x7 Support Renewal E-LTU	0	4493.00		NA		No	Available		Not published by OCA	Active	11/06/2023	10/31/2028	{"Extended Price (USD)":"NA"}	PRICE_AND_ATTRIBUTE_CHANGED	N/A	+$4493.00	0.00%	2026-09-10: (no price) → 2026-09-30: $4493.00
Graphics & GPU	NVIDIA GPU SW	HPE OCA > DL380a Gen12 [P76706-B21] > Graphics & GPU > NVIDIA GPU SW	GPU / Accelerator	Unlimited	0	Unlimited	Selection constraint for NVIDIA GPU SW: no max	S7K93AAE	Service	NVIDIA RTX PRO 6000 Blackwell Server Edition per GPU 3-year E-LTU	0	7884.00		NA		No	Available		Not published by OCA	Active	12/01/2025	04/29/2027	{"Extended Price (USD)":"NA"}	PRICE_AND_ATTRIBUTE_CHANGED	N/A	+$7884.00	0.00%	2026-09-10: (no price) → 2026-09-30: $7884.00
Graphics & GPU	NVIDIA GPU SW	HPE OCA > DL380a Gen12 [P76706-B21] > Graphics & GPU > NVIDIA GPU SW	GPU / Accelerator	Unlimited	0	Unlimited	Selection constraint for NVIDIA GPU SW: no max	S7K94AAE	Service	NVIDIA RTX PRO 6000 Blackwell Server Edition per GPU 5-year E-LTU	0	10507.00		NA		No	Available		Not published by OCA	Active	12/01/2025	04/29/2027	{"Extended Price (USD)":"NA"}	PRICE_AND_ATTRIBUTE_CHANGED	N/A	+$10507.00	0.00%	2026-09-10: (no price) → 2026-09-30: $10507.00
Software & Licenses	Partner Software - Operating System	HPE OCA > DL380a Gen12 [P76706-B21] > Software & Licenses > Partner Software - Operating System	Operating System / License	Unlimited	0	Unlimited	Selection constraint for Partner Software - Operating System: no max	R1P40AAE	Service	Red Hat Enterprise Linux for HPC Compute Node 1yr Subscription E-LTU	0	87.00		NA		No	Available		Not published by OCA	Active	12/03/2018	09/30/2028	{"Extended Price (USD)":"NA"}	PRICE_AND_ATTRIBUTE_CHANGED	N/A	+$87.00	0.00%	2026-09-10: (no price) → 2026-09-30: $87.00
Software & Licenses	Partner Software - Operating System	HPE OCA > DL380a Gen12 [P76706-B21] > Software & Licenses > Partner Software - Operating System	Operating System / License	Unlimited	0	Unlimited	Selection constraint for Partner Software - Operating System: no max	R1P41AAE	Service	Red Hat Enterprise Linux for HPC Compute Node 3yr Subscription E-LTU	0	248.00		NA		No	Available		Not published by OCA	Active	12/03/2018	09/30/2028	{"Extended Price (USD)":"NA"}	PRICE_AND_ATTRIBUTE_CHANGED	N/A	+$248.00	0.00%	2026-09-10: (no price) → 2026-09-30: $248.00
Software & Licenses	Partner Software - Operating System	HPE OCA > DL380a Gen12 [P76706-B21] > Software & Licenses > Partner Software - Operating System	Operating System / License	Unlimited	0	Unlimited	Selection constraint for Partner Software - Operating System: no max	R1P42AAE	Service	Red Hat Enterprise Linux for HPC Compute Node 5yr Subscription E-LTU	0	413.00		NA		No	Available		Not published by OCA	Active	12/03/2018	09/30/2028	{"Extended Price (USD)":"NA"}	PRICE_AND_ATTRIBUTE_CHANGED	N/A	+$413.00	0.00%	2026-09-10: (no price) → 2026-09-30: $413.00
Software & Licenses	Partner Software - Operating System	HPE OCA > DL380a Gen12 [P76706-B21] > Software & Licenses > Partner Software - Operating System	Operating System / License	Unlimited	0	Unlimited	Selection constraint for Partner Software - Operating System: no max	R2Z51AAE	Service	Red Hat Enterprise Linux for HPC Compute Node with Smart Management 1yr E-LTU	0	138.00		NA		No	Available		Not published by OCA	Active	08/05/2019	09/30/2028	{"Extended Price (USD)":"NA"}	PRICE_AND_ATTRIBUTE_CHANGED	N/A	+$138.00	0.00%	2026-09-10: (no price) → 2026-09-30: $138.00
Software & Licenses	Partner Software - Operating System	HPE OCA > DL380a Gen12 [P76706-B21] > Software & Licenses > Partner Software - Operating System	Operating System / License	Unlimited	0	Unlimited	Selection constraint for Partner Software - Operating System: no max	R2Z52AAE	Service	Red Hat Enterprise Linux for HPC Compute Node with Smart Management 3yr E-LTU	0	392.00		NA		No	Available		Not published by OCA	Active	08/05/2019	09/30/2028	{"Extended Price (USD)":"NA"}	PRICE_AND_ATTRIBUTE_CHANGED	N/A	+$392.00	0.00%	2026-09-10: (no price) → 2026-09-30: $392.00
Software & Licenses	Partner Software - Operating System	HPE OCA > DL380a Gen12 [P76706-B21] > Software & Licenses > Partner Software - Operating System	Operating System / License	Unlimited	0	Unlimited	Selection constraint for Partner Software - Operating System: no max	R2Z53AAE	Service	Red Hat Enterprise Linux for HPC Compute Node with Smart Management 5yr E-LTU	0	653.00		NA		No	Available		Not published by OCA	Active	08/05/2019	09/30/2028	{"Extended Price (USD)":"NA"}	PRICE_AND_ATTRIBUTE_CHANGED	N/A	+$653.00	0.00%	2026-09-10: (no price) → 2026-09-30: $653.00
Software & Licenses	Partner Software - Operating System	HPE OCA > DL380a Gen12 [P76706-B21] > Software & Licenses > Partner Software - Operating System	Service & Support	Unlimited	0	Unlimited	Selection constraint for Partner Software - Operating System: no max	R1P34AAE	Service	Red Hat Enterprise Linux for HPC Head Node 1yr Subscription 24x7 Support E-LTU	0	2858.00		NA		No	Available		Not published by OCA	Active	12/03/2018	09/30/2028	{"Extended Price (USD)":"NA"}	PRICE_AND_ATTRIBUTE_CHANGED	N/A	+$2858.00	0.00%	2026-09-10: (no price) → 2026-09-30: $2858.00
Software & Licenses	Partner Software - Operating System	HPE OCA > DL380a Gen12 [P76706-B21] > Software & Licenses > Partner Software - Operating System	Service & Support	Unlimited	0	Unlimited	Selection constraint for Partner Software - Operating System: no max	R1P37AAE	Service	Red Hat Enterprise Linux for HPC Head Node 1yr Subscription 9x5 Support E-LTU	0	1758.00		NA		No	Available		Not published by OCA	Active	12/03/2018	09/30/2028	{"Extended Price (USD)":"NA"}	PRICE_AND_ATTRIBUTE_CHANGED	N/A	+$1758.00	0.00%	2026-09-10: (no price) → 2026-09-30: $1758.00
Software & Licenses	Partner Software - Operating System	HPE OCA > DL380a Gen12 [P76706-B21] > Software & Licenses > Partner Software - Operating System	Service & Support	Unlimited	0	Unlimited	Selection constraint for Partner Software - Operating System: no max	R1P35AAE	Service	Red Hat Enterprise Linux for HPC Head Node 3yr Subscription 24x7 Support E-LTU	0	8145.00		NA		No	Available		Not published by OCA	Active	12/03/2018	09/30/2028	{"Extended Price (USD)":"NA"}	PRICE_AND_ATTRIBUTE_CHANGED	N/A	+$8145.00	0.00%	2026-09-10: (no price) → 2026-09-30: $8145.00
Software & Licenses	Partner Software - Operating System	HPE OCA > DL380a Gen12 [P76706-B21] > Software & Licenses > Partner Software - Operating System	Service & Support	Unlimited	0	Unlimited	Selection constraint for Partner Software - Operating System: no max	R1P38AAE	Service	Red Hat Enterprise Linux for HPC Head Node 3yr Subscription 9x5 Support E-LTU	0	5010.00		NA		No	Available		Not published by OCA	Active	12/03/2018	09/30/2028	{"Extended Price (USD)":"NA"}	PRICE_AND_ATTRIBUTE_CHANGED	N/A	+$5010.00	0.00%	2026-09-10: (no price) → 2026-09-30: $5010.00
Software & Licenses	Partner Software - Operating System	HPE OCA > DL380a Gen12 [P76706-B21] > Software & Licenses > Partner Software - Operating System	Service & Support	Unlimited	0	Unlimited	Selection constraint for Partner Software - Operating System: no max	R1P36AAE	Service	Red Hat Enterprise Linux for HPC Head Node 5yr Subscription 24x7 Support E-LTU	0	13575.00		NA		No	Available		Not published by OCA	Active	12/03/2018	09/30/2028	{"Extended Price (USD)":"NA"}	PRICE_AND_ATTRIBUTE_CHANGED	N/A	+$13575.00	0.00%	2026-09-10: (no price) → 2026-09-30: $13575.00
Software & Licenses	Partner Software - Operating System	HPE OCA > DL380a Gen12 [P76706-B21] > Software & Licenses > Partner Software - Operating System	Service & Support	Unlimited	0	Unlimited	Selection constraint for Partner Software - Operating System: no max	R1P39AAE	Service	Red Hat Enterprise Linux for HPC Head Node 5yr Subscription 9x5 Support E-LTU	0	8350.00		NA		No	Available		Not published by OCA	Active	12/03/2018	09/30/2028	{"Extended Price (USD)":"NA"}	PRICE_AND_ATTRIBUTE_CHANGED	N/A	+$8350.00	0.00%	2026-09-10: (no price) → 2026-09-30: $8350.00
Software & Licenses	Partner Software - Operating System	HPE OCA > DL380a Gen12 [P76706-B21] > Software & Licenses > Partner Software - Operating System	Operating System / License	Unlimited	0	Unlimited	Selection constraint for Partner Software - Operating System: no max	R2Z45AAE	Service	Red Hat Enterprise Linux for HPC Head Node with Smart Management 1yr 24x7 E-LTU	0	3243.00		NA		No	Available		Not published by OCA	Active	08/05/2019	09/30/2028	{"Extended Price (USD)":"NA"}	PRICE_AND_ATTRIBUTE_CHANGED	N/A	+$3243.00	0.00%	2026-09-10: (no price) → 2026-09-30: $3243.00
Software & Licenses	Partner Software - Operating System	HPE OCA > DL380a Gen12 [P76706-B21] > Software & Licenses > Partner Software - Operating System	Operating System / License	Unlimited	0	Unlimited	Selection constraint for Partner Software - Operating System: no max	R2Z46AAE	Service	Red Hat Enterprise Linux for HPC Head Node with Smart Management 3yr 24x7 E-LTU	0	9242.00		NA		No	Available		Not published by OCA	Active	08/05/2019	09/30/2028	{"Extended Price (USD)":"NA"}	PRICE_AND_ATTRIBUTE_CHANGED	N/A	+$9242.00	0.00%	2026-09-10: (no price) → 2026-09-30: $9242.00
Software & Licenses	Partner Software - Operating System	HPE OCA > DL380a Gen12 [P76706-B21] > Software & Licenses > Partner Software - Operating System	Operating System / License	Unlimited	0	Unlimited	Selection constraint for Partner Software - Operating System: no max	R2Z47AAE	Service	Red Hat Enterprise Linux for HPC Head Node with Smart Management 5yr 24x7 E-LTU	0	15403.00		NA		No	Available		Not published by OCA	Active	08/05/2019	09/30/2028	{"Extended Price (USD)":"NA"}	PRICE_AND_ATTRIBUTE_CHANGED	N/A	+$15403.00	0.00%	2026-09-10: (no price) → 2026-09-30: $15403.00
Software & Licenses	Partner Software - Operating System	HPE OCA > DL380a Gen12 [P76706-B21] > Software & Licenses > Partner Software - Operating System	Service & Support	Unlimited	0	Unlimited	Selection constraint for Partner Software - Operating System: no max	Q9S73AAE	Service	SUSE Linux Enterprise Server HPC 1-2 Sockets 1-year Subscription 9x5 Support E-LTU	0	108.00		NA		No	Available		Not published by OCA	Active	04/02/2018	04/30/2028	{"Extended Price (USD)":"NA"}	PRICE_AND_ATTRIBUTE_CHANGED	N/A	+$108.00	0.00%	2026-09-10: (no price) → 2026-09-30: $108.00
Software & Licenses	Partner Software - Operating System	HPE OCA > DL380a Gen12 [P76706-B21] > Software & Licenses > Partner Software - Operating System	Service & Support	Unlimited	0	Unlimited	Selection constraint for Partner Software - Operating System: no max	Q9S76AAE	Service	SUSE Linux Enterprise Server HPC 1-2 Sockets 1yr Subscription 24x7 Support E-LTU	0	151.00		NA		No	Available		Not published by OCA	Active	04/02/2018	04/30/2028	{"Extended Price (USD)":"NA"}	PRICE_AND_ATTRIBUTE_CHANGED	N/A	+$151.00	0.00%	2026-09-10: (no price) → 2026-09-30: $151.00
Software & Licenses	Partner Software - Operating System	HPE OCA > DL380a Gen12 [P76706-B21] > Software & Licenses > Partner Software - Operating System	Service & Support	Unlimited	0	Unlimited	Selection constraint for Partner Software - Operating System: no max	Q9S74AAE	Service	SUSE Linux Enterprise Server HPC 1-2 Sockets 3-year Subscription 9x5 Support E-LTU	0	292.00		NA		No	Available		Not published by OCA	Active	04/02/2018	04/30/2028	{"Extended Price (USD)":"NA"}	PRICE_AND_ATTRIBUTE_CHANGED	N/A	+$292.00	0.00%	2026-09-10: (no price) → 2026-09-30: $292.00
Software & Licenses	Partner Software - Operating System	HPE OCA > DL380a Gen12 [P76706-B21] > Software & Licenses > Partner Software - Operating System	Service & Support	Unlimited	0	Unlimited	Selection constraint for Partner Software - Operating System: no max	Q9S77AAE	Service	SUSE Linux Enterprise Server HPC 1-2 Sockets 3yr Subscription 24x7 Support E-LTU	0	408.00		NA		No	Available		Not published by OCA	Active	04/02/2018	04/30/2028	{"Extended Price (USD)":"NA"}	PRICE_AND_ATTRIBUTE_CHANGED	N/A	+$408.00	0.00%	2026-09-10: (no price) → 2026-09-30: $408.00
Software & Licenses	Partner Software - Operating System	HPE OCA > DL380a Gen12 [P76706-B21] > Software & Licenses > Partner Software - Operating System	Service & Support	Unlimited	0	Unlimited	Selection constraint for Partner Software - Operating System: no max	Q9S75AAE	Service	SUSE Linux Enterprise Server HPC 1-2 Sockets 5-year Subscription 9x5 Support E-LTU	0	486.00		NA		No	Available		Not published by OCA	Active	04/02/2018	04/30/2028	{"Extended Price (USD)":"NA"}	PRICE_AND_ATTRIBUTE_CHANGED	N/A	+$486.00	0.00%	2026-09-10: (no price) → 2026-09-30: $486.00
Software & Licenses	Partner Software - Operating System	HPE OCA > DL380a Gen12 [P76706-B21] > Software & Licenses > Partner Software - Operating System	Service & Support	Unlimited	0	Unlimited	Selection constraint for Partner Software - Operating System: no max	Q9S78AAE	Service	SUSE Linux Enterprise Server HPC 1-2 Sockets 5yr Subscription 24x7 Support E-LTU	0	680.00		NA		No	Available		Not published by OCA	Active	04/02/2018	04/30/2028	{"Extended Price (USD)":"NA"}	PRICE_AND_ATTRIBUTE_CHANGED	N/A	+$680.00	0.00%	2026-09-10: (no price) → 2026-09-30: $680.00
HPE Compute Ops Management	Compute Ops Management SKUs	HPE OCA > DL380a Gen12 [P76706-B21] > HPE Compute Ops Management > Compute Ops Management SKUs	Option Component	min 1, Required	1	Required	Selection constraint for Compute Ops Management SKUs: required	R7A11AAE	Service	HPE Compute Ops Management Standard 3-year Upfront ProLiant SaaS	0	450.00		NA		No	Available		Not published by OCA	Active	06/06/2022	02/29/2028	{"Extended Price (USD)":"NA"}	PRICE_AND_ATTRIBUTE_CHANGED	N/A	+$450.00	0.00%	2026-09-10: (no price) → 2026-09-30: $450.00
HPE Compute Ops Management	Compute Ops Management SKUs	HPE OCA > DL380a Gen12 [P76706-B21] > HPE Compute Ops Management > Compute Ops Management SKUs	Option Component	min 1, Required	1	Required	Selection constraint for Compute Ops Management SKUs: required	R7A12AAE	Service	HPE Compute Ops Management Standard 5-year Upfront ProLiant SaaS	1	750.00		750.00		No	Available		Not published by OCA	Active	06/06/2022	02/29/2028	{"Extended Price (USD)":"750.00"}	PRICE_AND_ATTRIBUTE_CHANGED	N/A	+$750.00	0.00%	2026-09-10: (no price) → 2026-09-30: $750.00
HPE Compute Ops Management	Compute Ops Management SKUs	HPE OCA > DL380a Gen12 [P76706-B21] > HPE Compute Ops Management > Compute Ops Management SKUs	Option Component	min 1, Required	1	Required	Selection constraint for Compute Ops Management SKUs: required	S2E10AAE	Service	HPE Compute Ops Management Standard 7-year Upfront ProLiant SaaS	0	1050.00		NA		No	Available		Not published by OCA	Active	09/03/2024	02/29/2028	{"Extended Price (USD)":"NA"}	PRICE_AND_ATTRIBUTE_CHANGED	N/A	+$1050.00	0.00%	2026-09-10: (no price) → 2026-09-30: $1050.00
HPE Compute Ops Management	Compute Ops Management SKUs	HPE OCA > DL380a Gen12 [P76706-B21] > HPE Compute Ops Management > Compute Ops Management SKUs	Option Component	min 1, Required	1	Required	Selection constraint for Compute Ops Management SKUs: required	S5E59AAE	Service	HPE Compute Ops Management Advanced 3-year Upfront ProLiant SaaS	0	919.08		NA		No	Available		Not published by OCA	Active	04/07/2025	02/29/2028	{"Extended Price (USD)":"NA"}	PRICE_AND_ATTRIBUTE_CHANGED	N/A	+$919.08	0.00%	2026-09-10: (no price) → 2026-09-30: $919.08
HPE Compute Ops Management	Compute Ops Management SKUs	HPE OCA > DL380a Gen12 [P76706-B21] > HPE Compute Ops Management > Compute Ops Management SKUs	Option Component	min 1, Required	1	Required	Selection constraint for Compute Ops Management SKUs: required	S5E60AAE	Service	HPE Compute Ops Management Advanced 5-year Upfront ProLiant SaaS	0	1531.80		NA		No	Available		Not published by OCA	Active	04/07/2025	02/29/2028	{"Extended Price (USD)":"NA"}	PRICE_AND_ATTRIBUTE_CHANGED	N/A	+$1531.80	0.00%	2026-09-10: (no price) → 2026-09-30: $1531.80
HPE Compute Ops Management	Compute Ops Management SKUs	HPE OCA > DL380a Gen12 [P76706-B21] > HPE Compute Ops Management > Compute Ops Management SKUs	Option Component	min 1, Required	1	Required	Selection constraint for Compute Ops Management SKUs: required	S5E61AAE	Service	HPE Compute Ops Management Advanced 7-year Upfront ProLiant SaaS	0	2144.52		NA		No	Available		Not published by OCA	Active	04/07/2025	02/29/2028	{"Extended Price (USD)":"NA"}	PRICE_AND_ATTRIBUTE_CHANGED	N/A	+$2144.52	0.00%	2026-09-10: (no price) → 2026-09-30: $2144.52
Accessories & Infrastructure	Compute Ops Management Enablement SKUs	HPE OCA > DL380a Gen12 [P76706-B21] > Accessories & Infrastructure > Compute Ops Management Enablement SKUs	Chassis Infrastructure	max 1	0	1	Selection constraint for Compute Ops Management Enablement SKUs: max 1	S2R34AAE	Service	HPE Compute Ops Management Standard with ProLiant Enablement	0	1.00		NA		No	Available		Not published by OCA	Active	11/06/2023	02/29/2028	{"Extended Price (USD)":"NA"}	PRICE_AND_ATTRIBUTE_CHANGED	N/A	+$1.00	0.00%	2026-09-10: (no price) → 2026-09-30: $1.00
Accessories & Infrastructure	Compute Ops Management Enablement SKUs	HPE OCA > DL380a Gen12 [P76706-B21] > Accessories & Infrastructure > Compute Ops Management Enablement SKUs	Chassis Infrastructure	max 1	0	1	Selection constraint for Compute Ops Management Enablement SKUs: max 1	S6C28AAE	Service	HPE Compute Ops Management Advanced Flex with ProLiant Enablement	0	0.00		NA		No	Available		Not published by OCA	Active	05/05/2025	06/30/2028	{"Extended Price (USD)":"NA"}	ATTRIBUTE_CHANGED	N/A	$0.00	0.00%	2026-09-10: (no price) → 2026-09-30: (no price)
Software & Licenses	Red Hat (add-ons)	HPE OCA > DL380a Gen12 [P76706-B21] > Software & Licenses > Red Hat (add-ons)	Operating System / License	Unlimited	0	Unlimited	Selection constraint for Red Hat (add-ons): no max	G5J66AAE	Service	Red Hat High Availability 2 Sockets Unlimited Guests 1 Year Subscription E-LTU	0	1506.00		NA		No	Available		Not published by OCA	Active	03/31/2014	09/30/2028	{"Extended Price (USD)":"NA"}	PRICE_AND_ATTRIBUTE_CHANGED	N/A	+$1506.00	0.00%	2026-09-10: (no price) → 2026-09-30: $1506.00
Software & Licenses	Red Hat (add-ons)	HPE OCA > DL380a Gen12 [P76706-B21] > Software & Licenses > Red Hat (add-ons)	Operating System / License	Unlimited	0	Unlimited	Selection constraint for Red Hat (add-ons): no max	G5J67AAE	Service	Red Hat High Availability 2 Sockets Unlimited Guests 3 Year Subscription E-LTU	0	4519.00		NA		No	Available		Not published by OCA	Active	03/31/2014	09/30/2028	{"Extended Price (USD)":"NA"}	PRICE_AND_ATTRIBUTE_CHANGED	N/A	+$4519.00	0.00%	2026-09-10: (no price) → 2026-09-30: $4519.00
Software & Licenses	Red Hat (add-ons)	HPE OCA > DL380a Gen12 [P76706-B21] > Software & Licenses > Red Hat (add-ons)	Operating System / License	Unlimited	0	Unlimited	Selection constraint for Red Hat (add-ons): no max	G3J34AAE	Service	Red Hat High Availability 2 Sockets or 2 Guests 1 Year Subscription E-LTU	0	439.00		NA		No	Available		Not published by OCA	Active	03/31/2014	09/30/2028	{"Extended Price (USD)":"NA"}	PRICE_AND_ATTRIBUTE_CHANGED	N/A	+$439.00	0.00%	2026-09-10: (no price) → 2026-09-30: $439.00
Software & Licenses	Red Hat (add-ons)	HPE OCA > DL380a Gen12 [P76706-B21] > Software & Licenses > Red Hat (add-ons)	Operating System / License	Unlimited	0	Unlimited	Selection constraint for Red Hat (add-ons): no max	G3J35AAE	Service	Red Hat High Availability 2 Sockets or 2 Guests 3 Year Subscription E-LTU	0	1317.00		NA		No	Available		Not published by OCA	Active	03/31/2014	09/30/2028	{"Extended Price (USD)":"NA"}	PRICE_AND_ATTRIBUTE_CHANGED	N/A	+$1317.00	0.00%	2026-09-10: (no price) → 2026-09-30: $1317.00
Software & Licenses	Red Hat (add-ons)	HPE OCA > DL380a Gen12 [P76706-B21] > Software & Licenses > Red Hat (add-ons)	Operating System / License	Unlimited	0	Unlimited	Selection constraint for Red Hat (add-ons): no max	G5J68AAE	Service	Red Hat Resilient Storage 2 Sockets Unlimited Guests 1 Year Subscription E-LTU	0	3019.00		NA		No	Available		Not published by OCA	Active	03/31/2014	09/30/2028	{"Extended Price (USD)":"NA"}	PRICE_AND_ATTRIBUTE_CHANGED	N/A	+$3019.00	0.00%	2026-09-10: (no price) → 2026-09-30: $3019.00
Software & Licenses	Red Hat (add-ons)	HPE OCA > DL380a Gen12 [P76706-B21] > Software & Licenses > Red Hat (add-ons)	Operating System / License	Unlimited	0	Unlimited	Selection constraint for Red Hat (add-ons): no max	G5J69AAE	Service	Red Hat Resilient Storage 2 Sockets Unlimited Guests 3 Year Subscription E-LTU	0	9057.00		NA		No	Available		Not published by OCA	Active	03/31/2014	09/30/2028	{"Extended Price (USD)":"NA"}	PRICE_AND_ATTRIBUTE_CHANGED	N/A	+$9057.00	0.00%	2026-09-10: (no price) → 2026-09-30: $9057.00
Software & Licenses	Red Hat (add-ons)	HPE OCA > DL380a Gen12 [P76706-B21] > Software & Licenses > Red Hat (add-ons)	Operating System / License	Unlimited	0	Unlimited	Selection constraint for Red Hat (add-ons): no max	G3J36AAE	Service	Red Hat Resilient Storage 2 Sockets or 2 Guests 1 Year Subscription E-LTU	0	879.00		NA		No	Available		Not published by OCA	Active	03/31/2014	09/30/2028	{"Extended Price (USD)":"NA"}	PRICE_AND_ATTRIBUTE_CHANGED	N/A	+$879.00	0.00%	2026-09-10: (no price) → 2026-09-30: $879.00
Software & Licenses	Red Hat (add-ons)	HPE OCA > DL380a Gen12 [P76706-B21] > Software & Licenses > Red Hat (add-ons)	Operating System / License	Unlimited	0	Unlimited	Selection constraint for Red Hat (add-ons): no max	G3J37AAE	Service	Red Hat Resilient Storage 2 Sockets or 2 Guests 3 Year Subscription E-LTU	0	2637.00		NA		No	Available		Not published by OCA	Active	03/31/2014	09/30/2028	{"Extended Price (USD)":"NA"}	PRICE_AND_ATTRIBUTE_CHANGED	N/A	+$2637.00	0.00%	2026-09-10: (no price) → 2026-09-30: $2637.00
Software & Licenses	Red Hat (add-ons)	HPE OCA > DL380a Gen12 [P76706-B21] > Software & Licenses > Red Hat (add-ons)	Operating System / License	Unlimited	0	Unlimited	Selection constraint for Red Hat (add-ons): no max	R2A03AAE	Service	Red Hat Satellite 2 Sockets Unlimited Guests 1yr Subscription E-LTU	0	1482.00		NA		No	Available		Not published by OCA	Active	02/04/2019	09/30/2028	{"Extended Price (USD)":"NA"}	PRICE_AND_ATTRIBUTE_CHANGED	N/A	+$1482.00	0.00%	2026-09-10: (no price) → 2026-09-30: $1482.00
Software & Licenses	Red Hat (add-ons)	HPE OCA > DL380a Gen12 [P76706-B21] > Software & Licenses > Red Hat (add-ons)	Operating System / License	Unlimited	0	Unlimited	Selection constraint for Red Hat (add-ons): no max	R2A04AAE	Service	Red Hat Satellite 2 Sockets Unlimited Guests 3-year Subscription E-LTU	0	4447.00		NA		No	Available		Not published by OCA	Active	02/04/2019	09/30/2028	{"Extended Price (USD)":"NA"}	PRICE_AND_ATTRIBUTE_CHANGED	N/A	+$4447.00	0.00%	2026-09-10: (no price) → 2026-09-30: $4447.00
Software & Licenses	Red Hat (add-ons)	HPE OCA > DL380a Gen12 [P76706-B21] > Software & Licenses > Red Hat (add-ons)	Operating System / License	Unlimited	0	Unlimited	Selection constraint for Red Hat (add-ons): no max	R2A05AAE	Service	Red Hat Satellite 2 Sockets Unlimited Guests 5-year Subscription E-LTU	0	7411.00		NA		No	Available		Not published by OCA	Active	02/04/2019	09/30/2028	{"Extended Price (USD)":"NA"}	PRICE_AND_ATTRIBUTE_CHANGED	N/A	+$7411.00	0.00%	2026-09-10: (no price) → 2026-09-30: $7411.00
Software & Licenses	Red Hat (add-ons)	HPE OCA > DL380a Gen12 [P76706-B21] > Software & Licenses > Red Hat (add-ons)	Operating System / License	Unlimited	0	Unlimited	Selection constraint for Red Hat (add-ons): no max	R2A00AAE	Service	Red Hat Satellite 2 Sockets or 2 Guests 1yr Subscription E-LTU	0	385.00		NA		No	Available		Not published by OCA	Active	02/04/2019	09/30/2028	{"Extended Price (USD)":"NA"}	PRICE_AND_ATTRIBUTE_CHANGED	N/A	+$385.00	0.00%	2026-09-10: (no price) → 2026-09-30: $385.00
Software & Licenses	Red Hat (add-ons)	HPE OCA > DL380a Gen12 [P76706-B21] > Software & Licenses > Red Hat (add-ons)	Operating System / License	Unlimited	0	Unlimited	Selection constraint for Red Hat (add-ons): no max	R2A01AAE	Service	Red Hat Satellite 2 Sockets or 2 Guests 3-year Subscription E-LTU	0	1097.00		NA		No	Available		Not published by OCA	Active	02/04/2019	09/30/2028	{"Extended Price (USD)":"NA"}	PRICE_AND_ATTRIBUTE_CHANGED	N/A	+$1097.00	0.00%	2026-09-10: (no price) → 2026-09-30: $1097.00
Software & Licenses	Red Hat (add-ons)	HPE OCA > DL380a Gen12 [P76706-B21] > Software & Licenses > Red Hat (add-ons)	Operating System / License	Unlimited	0	Unlimited	Selection constraint for Red Hat (add-ons): no max	R2A02AAE	Service	Red Hat Satellite 2 Sockets or 2 Guests 5-year Subscription E-LTU	0	1828.00		NA		No	Available		Not published by OCA	Active	02/04/2019	09/30/2028	{"Extended Price (USD)":"NA"}	PRICE_AND_ATTRIBUTE_CHANGED	N/A	+$1828.00	0.00%	2026-09-10: (no price) → 2026-09-30: $1828.00
Software & Licenses	OneView Management Software	HPE OCA > DL380a Gen12 [P76706-B21] > Software & Licenses > OneView Management Software	Service & Support	max 1	0	1	Selection constraint for OneView Management Software: max 1	E5Y35AAE	Service	HPE OneView including 3yr 24x7 Support Flexible Quantity E-LTU	0	999.00		NA		No	Available		Not published by OCA	Active	12/09/2013	07/31/2030	{"Extended Price (USD)":"NA"}	PRICE_AND_ATTRIBUTE_CHANGED	N/A	+$999.00	0.00%	2026-09-10: (no price) → 2026-09-30: $999.00
Software & Licenses	OneView Management Software	HPE OCA > DL380a Gen12 [P76706-B21] > Software & Licenses > OneView Management Software	Service & Support	max 1	0	1	Selection constraint for OneView Management Software: max 1	P8B26AAE	Service	HPE OneView w/o iLO including 3yr 24x7 Support Flexible Quantity E-LTU	0	499.00		NA		No	Available		Not published by OCA	Active	10/09/2015	07/31/2030	{"Extended Price (USD)":"NA"}	PRICE_AND_ATTRIBUTE_CHANGED	N/A	+$499.00	0.00%	2026-09-10: (no price) → 2026-09-30: $499.00
Storage Controllers	INTEL VROC Products	HPE OCA > DL380a Gen12 [P76706-B21] > Storage Controllers > INTEL VROC Products	Storage Controller	max 1	0	1	Selection constraint for INTEL VROC Products: max 1	R7J59AAE	Service	Intel Virtual RAID on CPU Premium E-RTU for HPE	0	371.00		NA		No	Available		Not published by OCA	Active	04/06/2021	02/29/2028	{"Extended Price (USD)":"NA"}	PRICE_AND_ATTRIBUTE_CHANGED	N/A	+$371.00	0.00%	2026-09-10: (no price) → 2026-09-30: $371.00
Storage Controllers	INTEL VROC Products	HPE OCA > DL380a Gen12 [P76706-B21] > Storage Controllers > INTEL VROC Products	Storage Controller	max 1	0	1	Selection constraint for INTEL VROC Products: max 1	S3Q39AAE	Service	Intel Virtual RAID on CPU RAID 1 E-RTU for HPE	0	229.00		NA		No	Available		Not published by OCA	Active	04/01/2024	02/29/2028	{"Extended Price (USD)":"NA"}	PRICE_AND_ATTRIBUTE_CHANGED	N/A	+$229.00	0.00%	2026-09-10: (no price) → 2026-09-30: $229.00
Software & Licenses	Supported Operating System	HPE OCA > DL380a Gen12 [P76706-B21] > Software & Licenses > Supported Operating System	Service & Support	Unlimited	0	Unlimited	Selection constraint for Supported Operating System: no max | Q0D22AAE conditional visibility: portal selector activation required (OB); PORTAL_CONDITIONAL | Q0D23AAE conditional visibility: portal selector activation required (OB); PORTAL_CONDITIONAL | Q0D25AAE conditional visibility: portal selector activation required (OB); PORTAL_CONDITIONAL | Q0D26AAE conditional visibility: portal selector activation required (OB); PORTAL_CONDITIONAL | Q0D29AAE conditional visibility: portal selector activation required (OB); PORTAL_CONDITIONAL | Q0D30AAE conditional visibility: portal selector activation required (OB); PORTAL_CONDITIONAL | Q5W19AAE conditional visibility: portal selector activation required (OB); PORTAL_CONDITIONAL | Q5W20AAE conditional visibility: portal selector activation required (OB); PORTAL_CONDITIONAL | Q5W21AAE conditional visibility: portal selector activation required (OB); PORTAL_CONDITIONAL | Q5W22AAE conditional visibility: portal selector activation required (OB); PORTAL_CONDITIONAL | Q5W23AAE conditional visibility: portal selector activation required (OB); PORTAL_CONDITIONAL | Q5W24AAE conditional visibility: portal selector activation required (OB); PORTAL_CONDITIONAL | Q5W25AAE conditional visibility: portal selector activation required (OB); PORTAL_CONDITIONAL | Q5W26AAE conditional visibility: portal selector activation required (OB); PORTAL_CONDITIONAL | Q8U15AAE conditional visibility: portal selector activation required (OB); PORTAL_CONDITIONAL | Q8U16AAE conditional visibility: portal selector activation required (OB); PORTAL_CONDITIONAL | Q8U17AAE conditional visibility: portal selector activation required (OB); PORTAL_CONDITIONAL | Q8U18AAE conditional visibility: portal selector activation required (OB); PORTAL_CONDITIONAL | Q8U19AAE conditional visibility: portal selector activation required (OB); PORTAL_CONDITIONAL | Q8U20AAE conditional visibility: portal selector activation required (OB); PORTAL_CONDITIONAL | Q8U21AAE conditional visibility: portal selector activation required (OB); PORTAL_CONDITIONAL | Q8U22AAE conditional visibility: portal selector activation required (OB); PORTAL_CONDITIONAL | S3B60AAE conditional visibility: portal selector activation required (OB); PORTAL_CONDITIONAL | S3B61AAE conditional visibility: portal selector activation required (OB); PORTAL_CONDITIONAL | S3B62AAE conditional visibility: portal selector activation required (OB); PORTAL_CONDITIONAL | S3B63AAE conditional visibility: portal selector activation required (OB); PORTAL_CONDITIONAL | S3B64AAE conditional visibility: portal selector activation required (OB); PORTAL_CONDITIONAL | S3B65AAE conditional visibility: portal selector activation required (OB); PORTAL_CONDITIONAL | S3B66AAE conditional visibility: portal selector activation required (OB); PORTAL_CONDITIONAL | S3B67AAE conditional visibility: portal selector activation required (OB); PORTAL_CONDITIONAL | S3B68AAE conditional visibility: portal selector activation required (OB); PORTAL_CONDITIONAL | S3B69AAE conditional visibility: portal selector activation required (OB); PORTAL_CONDITIONAL | S3B70AAE conditional visibility: portal selector activation required (OB); PORTAL_CONDITIONAL | S3B71AAE conditional visibility: portal selector activation required (OB); PORTAL_CONDITIONAL | S7N77AAE conditional visibility: portal selector activation required (OB); PORTAL_CONDITIONAL | S7N78AAE conditional visibility: portal selector activation required (OB); PORTAL_CONDITIONAL	Q0D22AAE	Service	Red Hat Enterprise Linux Server 2 Sockets 4 Guests 5yr Subscription 24x7 Support E-LTU	0	10183.00		NA		No	Available		Not published by OCA	Active	08/15/2016	09/30/2028	{"Extended Price (USD)":"NA"}	PRICE_AND_ATTRIBUTE_CHANGED	N/A	+$10183.00	0.00%	2026-09-10: (no price) → 2026-09-30: $10183.00
Software & Licenses	Supported Operating System	HPE OCA > DL380a Gen12 [P76706-B21] > Software & Licenses > Supported Operating System	Service & Support	Unlimited	0	Unlimited	Selection constraint for Supported Operating System: no max | Q0D22AAE conditional visibility: portal selector activation required (OB); PORTAL_CONDITIONAL | Q0D23AAE conditional visibility: portal selector activation required (OB); PORTAL_CONDITIONAL | Q0D25AAE conditional visibility: portal selector activation required (OB); PORTAL_CONDITIONAL | Q0D26AAE conditional visibility: portal selector activation required (OB); PORTAL_CONDITIONAL | Q0D29AAE conditional visibility: portal selector activation required (OB); PORTAL_CONDITIONAL | Q0D30AAE conditional visibility: portal selector activation required (OB); PORTAL_CONDITIONAL | Q5W19AAE conditional visibility: portal selector activation required (OB); PORTAL_CONDITIONAL | Q5W20AAE conditional visibility: portal selector activation required (OB); PORTAL_CONDITIONAL | Q5W21AAE conditional visibility: portal selector activation required (OB); PORTAL_CONDITIONAL | Q5W22AAE conditional visibility: portal selector activation required (OB); PORTAL_CONDITIONAL | Q5W23AAE conditional visibility: portal selector activation required (OB); PORTAL_CONDITIONAL | Q5W24AAE conditional visibility: portal selector activation required (OB); PORTAL_CONDITIONAL | Q5W25AAE conditional visibility: portal selector activation required (OB); PORTAL_CONDITIONAL | Q5W26AAE conditional visibility: portal selector activation required (OB); PORTAL_CONDITIONAL | Q8U15AAE conditional visibility: portal selector activation required (OB); PORTAL_CONDITIONAL | Q8U16AAE conditional visibility: portal selector activation required (OB); PORTAL_CONDITIONAL | Q8U17AAE conditional visibility: portal selector activation required (OB); PORTAL_CONDITIONAL | Q8U18AAE conditional visibility: portal selector activation required (OB); PORTAL_CONDITIONAL | Q8U19AAE conditional visibility: portal selector activation required (OB); PORTAL_CONDITIONAL | Q8U20AAE conditional visibility: portal selector activation required (OB); PORTAL_CONDITIONAL | Q8U21AAE conditional visibility: portal selector activation required (OB); PORTAL_CONDITIONAL | Q8U22AAE conditional visibility: portal selector activation required (OB); PORTAL_CONDITIONAL | S3B60AAE conditional visibility: portal selector activation required (OB); PORTAL_CONDITIONAL | S3B61AAE conditional visibility: portal selector activation required (OB); PORTAL_CONDITIONAL | S3B62AAE conditional visibility: portal selector activation required (OB); PORTAL_CONDITIONAL | S3B63AAE conditional visibility: portal selector activation required (OB); PORTAL_CONDITIONAL | S3B64AAE conditional visibility: portal selector activation required (OB); PORTAL_CONDITIONAL | S3B65AAE conditional visibility: portal selector activation required (OB); PORTAL_CONDITIONAL | S3B66AAE conditional visibility: portal selector activation required (OB); PORTAL_CONDITIONAL | S3B67AAE conditional visibility: portal selector activation required (OB); PORTAL_CONDITIONAL | S3B68AAE conditional visibility: portal selector activation required (OB); PORTAL_CONDITIONAL | S3B69AAE conditional visibility: portal selector activation required (OB); PORTAL_CONDITIONAL | S3B70AAE conditional visibility: portal selector activation required (OB); PORTAL_CONDITIONAL | S3B71AAE conditional visibility: portal selector activation required (OB); PORTAL_CONDITIONAL | S7N77AAE conditional visibility: portal selector activation required (OB); PORTAL_CONDITIONAL | S7N78AAE conditional visibility: portal selector activation required (OB); PORTAL_CONDITIONAL	Q0D23AAE	Service	Red Hat Enterprise Linux Server 2 Sockets 4 Guests 5yr Subscription 9x5 Support E-LTU	0	6264.00		NA		No	Available		Not published by OCA	Active	08/15/2016	09/30/2028	{"Extended Price (USD)":"NA"}	PRICE_AND_ATTRIBUTE_CHANGED	N/A	+$6264.00	0.00%	2026-09-10: (no price) → 2026-09-30: $6264.00
Software & Licenses	Supported Operating System	HPE OCA > DL380a Gen12 [P76706-B21] > Software & Licenses > Supported Operating System	Operating System / License	Unlimited	0	Unlimited	Selection constraint for Supported Operating System: no max | Q0D22AAE conditional visibility: portal selector activation required (OB); PORTAL_CONDITIONAL | Q0D23AAE conditional visibility: portal selector activation required (OB); PORTAL_CONDITIONAL | Q0D25AAE conditional visibility: portal selector activation required (OB); PORTAL_CONDITIONAL | Q0D26AAE conditional visibility: portal selector activation required (OB); PORTAL_CONDITIONAL | Q0D29AAE conditional visibility: portal selector activation required (OB); PORTAL_CONDITIONAL | Q0D30AAE conditional visibility: portal selector activation required (OB); PORTAL_CONDITIONAL | Q5W19AAE conditional visibility: portal selector activation required (OB); PORTAL_CONDITIONAL | Q5W20AAE conditional visibility: portal selector activation required (OB); PORTAL_CONDITIONAL | Q5W21AAE conditional visibility: portal selector activation required (OB); PORTAL_CONDITIONAL | Q5W22AAE conditional visibility: portal selector activation required (OB); PORTAL_CONDITIONAL | Q5W23AAE conditional visibility: portal selector activation required (OB); PORTAL_CONDITIONAL | Q5W24AAE conditional visibility: portal selector activation required (OB); PORTAL_CONDITIONAL | Q5W25AAE conditional visibility: portal selector activation required (OB); PORTAL_CONDITIONAL | Q5W26AAE conditional visibility: portal selector activation required (OB); PORTAL_CONDITIONAL | Q8U15AAE conditional visibility: portal selector activation required (OB); PORTAL_CONDITIONAL | Q8U16AAE conditional visibility: portal selector activation required (OB); PORTAL_CONDITIONAL | Q8U17AAE conditional visibility: portal selector activation required (OB); PORTAL_CONDITIONAL | Q8U18AAE conditional visibility: portal selector activation required (OB); PORTAL_CONDITIONAL | Q8U19AAE conditional visibility: portal selector activation required (OB); PORTAL_CONDITIONAL | Q8U20AAE conditional visibility: portal selector activation required (OB); PORTAL_CONDITIONAL | Q8U21AAE conditional visibility: portal selector activation required (OB); PORTAL_CONDITIONAL | Q8U22AAE conditional visibility: portal selector activation required (OB); PORTAL_CONDITIONAL | S3B60AAE conditional visibility: portal selector activation required (OB); PORTAL_CONDITIONAL | S3B61AAE conditional visibility: portal selector activation required (OB); PORTAL_CONDITIONAL | S3B62AAE conditional visibility: portal selector activation required (OB); PORTAL_CONDITIONAL | S3B63AAE conditional visibility: portal selector activation required (OB); PORTAL_CONDITIONAL | S3B64AAE conditional visibility: portal selector activation required (OB); PORTAL_CONDITIONAL | S3B65AAE conditional visibility: portal selector activation required (OB); PORTAL_CONDITIONAL | S3B66AAE conditional visibility: portal selector activation required (OB); PORTAL_CONDITIONAL | S3B67AAE conditional visibility: portal selector activation required (OB); PORTAL_CONDITIONAL | S3B68AAE conditional visibility: portal selector activation required (OB); PORTAL_CONDITIONAL | S3B69AAE conditional visibility: portal selector activation required (OB); PORTAL_CONDITIONAL | S3B70AAE conditional visibility: portal selector activation required (OB); PORTAL_CONDITIONAL | S3B71AAE conditional visibility: portal selector activation required (OB); PORTAL_CONDITIONAL | S7N77AAE conditional visibility: portal selector activation required (OB); PORTAL_CONDITIONAL | S7N78AAE conditional visibility: portal selector activation required (OB); PORTAL_CONDITIONAL	Q0D25AAE	Service	Red Hat High Availability 2 Sockets or 2 Guests 5yr Subscription E-LTU	0	2085.00		NA		No	Available		Not published by OCA	Active	08/15/2016	11/30/2027	{"Extended Price (USD)":"NA"}	PRICE_AND_ATTRIBUTE_CHANGED	N/A	+$2085.00	0.00%	2026-09-10: (no price) → 2026-09-30: $2085.00
Software & Licenses	Supported Operating System	HPE OCA > DL380a Gen12 [P76706-B21] > Software & Licenses > Supported Operating System	Operating System / License	Unlimited	0	Unlimited	Selection constraint for Supported Operating System: no max | Q0D22AAE conditional visibility: portal selector activation required (OB); PORTAL_CONDITIONAL | Q0D23AAE conditional visibility: portal selector activation required (OB); PORTAL_CONDITIONAL | Q0D25AAE conditional visibility: portal selector activation required (OB); PORTAL_CONDITIONAL | Q0D26AAE conditional visibility: portal selector activation required (OB); PORTAL_CONDITIONAL | Q0D29AAE conditional visibility: portal selector activation required (OB); PORTAL_CONDITIONAL | Q0D30AAE conditional visibility: portal selector activation required (OB); PORTAL_CONDITIONAL | Q5W19AAE conditional visibility: portal selector activation required (OB); PORTAL_CONDITIONAL | Q5W20AAE conditional visibility: portal selector activation required (OB); PORTAL_CONDITIONAL | Q5W21AAE conditional visibility: portal selector activation required (OB); PORTAL_CONDITIONAL | Q5W22AAE conditional visibility: portal selector activation required (OB); PORTAL_CONDITIONAL | Q5W23AAE conditional visibility: portal selector activation required (OB); PORTAL_CONDITIONAL | Q5W24AAE conditional visibility: portal selector activation required (OB); PORTAL_CONDITIONAL | Q5W25AAE conditional visibility: portal selector activation required (OB); PORTAL_CONDITIONAL | Q5W26AAE conditional visibility: portal selector activation required (OB); PORTAL_CONDITIONAL | Q8U15AAE conditional visibility: portal selector activation required (OB); PORTAL_CONDITIONAL | Q8U16AAE conditional visibility: portal selector activation required (OB); PORTAL_CONDITIONAL | Q8U17AAE conditional visibility: portal selector activation required (OB); PORTAL_CONDITIONAL | Q8U18AAE conditional visibility: portal selector activation required (OB); PORTAL_CONDITIONAL | Q8U19AAE conditional visibility: portal selector activation required (OB); PORTAL_CONDITIONAL | Q8U20AAE conditional visibility: portal selector activation required (OB); PORTAL_CONDITIONAL | Q8U21AAE conditional visibility: portal selector activation required (OB); PORTAL_CONDITIONAL | Q8U22AAE conditional visibility: portal selector activation required (OB); PORTAL_CONDITIONAL | S3B60AAE conditional visibility: portal selector activation required (OB); PORTAL_CONDITIONAL | S3B61AAE conditional visibility: portal selector activation required (OB); PORTAL_CONDITIONAL | S3B62AAE conditional visibility: portal selector activation required (OB); PORTAL_CONDITIONAL | S3B63AAE conditional visibility: portal selector activation required (OB); PORTAL_CONDITIONAL | S3B64AAE conditional visibility: portal selector activation required (OB); PORTAL_CONDITIONAL | S3B65AAE conditional visibility: portal selector activation required (OB); PORTAL_CONDITIONAL | S3B66AAE conditional visibility: portal selector activation required (OB); PORTAL_CONDITIONAL | S3B67AAE conditional visibility: portal selector activation required (OB); PORTAL_CONDITIONAL | S3B68AAE conditional visibility: portal selector activation required (OB); PORTAL_CONDITIONAL | S3B69AAE conditional visibility: portal selector activation required (OB); PORTAL_CONDITIONAL | S3B70AAE conditional visibility: portal selector activation required (OB); PORTAL_CONDITIONAL | S3B71AAE conditional visibility: portal selector activation required (OB); PORTAL_CONDITIONAL | S7N77AAE conditional visibility: portal selector activation required (OB); PORTAL_CONDITIONAL | S7N78AAE conditional visibility: portal selector activation required (OB); PORTAL_CONDITIONAL	Q0D26AAE	Service	Red Hat High Availability 2 Sockets Unlimited Guests 5yr Subscription E-LTU	0	7532.00		NA		No	Available		Not published by OCA	Active	08/15/2016	11/30/2027	{"Extended Price (USD)":"NA"}	PRICE_AND_ATTRIBUTE_CHANGED	N/A	+$7532.00	0.00%	2026-09-10: (no price) → 2026-09-30: $7532.00
Software & Licenses	Supported Operating System	HPE OCA > DL380a Gen12 [P76706-B21] > Software & Licenses > Supported Operating System	Operating System / License	Unlimited	0	Unlimited	Selection constraint for Supported Operating System: no max | Q0D22AAE conditional visibility: portal selector activation required (OB); PORTAL_CONDITIONAL | Q0D23AAE conditional visibility: portal selector activation required (OB); PORTAL_CONDITIONAL | Q0D25AAE conditional visibility: portal selector activation required (OB); PORTAL_CONDITIONAL | Q0D26AAE conditional visibility: portal selector activation required (OB); PORTAL_CONDITIONAL | Q0D29AAE conditional visibility: portal selector activation required (OB); PORTAL_CONDITIONAL | Q0D30AAE conditional visibility: portal selector activation required (OB); PORTAL_CONDITIONAL | Q5W19AAE conditional visibility: portal selector activation required (OB); PORTAL_CONDITIONAL | Q5W20AAE conditional visibility: portal selector activation required (OB); PORTAL_CONDITIONAL | Q5W21AAE conditional visibility: portal selector activation required (OB); PORTAL_CONDITIONAL | Q5W22AAE conditional visibility: portal selector activation required (OB); PORTAL_CONDITIONAL | Q5W23AAE conditional visibility: portal selector activation required (OB); PORTAL_CONDITIONAL | Q5W24AAE conditional visibility: portal selector activation required (OB); PORTAL_CONDITIONAL | Q5W25AAE conditional visibility: portal selector activation required (OB); PORTAL_CONDITIONAL | Q5W26AAE conditional visibility: portal selector activation required (OB); PORTAL_CONDITIONAL | Q8U15AAE conditional visibility: portal selector activation required (OB); PORTAL_CONDITIONAL | Q8U16AAE conditional visibility: portal selector activation required (OB); PORTAL_CONDITIONAL | Q8U17AAE conditional visibility: portal selector activation required (OB); PORTAL_CONDITIONAL | Q8U18AAE conditional visibility: portal selector activation required (OB); PORTAL_CONDITIONAL | Q8U19AAE conditional visibility: portal selector activation required (OB); PORTAL_CONDITIONAL | Q8U20AAE conditional visibility: portal selector activation required (OB); PORTAL_CONDITIONAL | Q8U21AAE conditional visibility: portal selector activation required (OB); PORTAL_CONDITIONAL | Q8U22AAE conditional visibility: portal selector activation required (OB); PORTAL_CONDITIONAL | S3B60AAE conditional visibility: portal selector activation required (OB); PORTAL_CONDITIONAL | S3B61AAE conditional visibility: portal selector activation required (OB); PORTAL_CONDITIONAL | S3B62AAE conditional visibility: portal selector activation required (OB); PORTAL_CONDITIONAL | S3B63AAE conditional visibility: portal selector activation required (OB); PORTAL_CONDITIONAL | S3B64AAE conditional visibility: portal selector activation required (OB); PORTAL_CONDITIONAL | S3B65AAE conditional visibility: portal selector activation required (OB); PORTAL_CONDITIONAL | S3B66AAE conditional visibility: portal selector activation required (OB); PORTAL_CONDITIONAL | S3B67AAE conditional visibility: portal selector activation required (OB); PORTAL_CONDITIONAL | S3B68AAE conditional visibility: portal selector activation required (OB); PORTAL_CONDITIONAL | S3B69AAE conditional visibility: portal selector activation required (OB); PORTAL_CONDITIONAL | S3B70AAE conditional visibility: portal selector activation required (OB); PORTAL_CONDITIONAL | S3B71AAE conditional visibility: portal selector activation required (OB); PORTAL_CONDITIONAL | S7N77AAE conditional visibility: portal selector activation required (OB); PORTAL_CONDITIONAL | S7N78AAE conditional visibility: portal selector activation required (OB); PORTAL_CONDITIONAL	Q0D29AAE	Service	Red Hat Resilient Storage 2 Sockets or 2 Guests 5yr Subscription E-LTU	0	4395.00		NA		No	Available		Not published by OCA	Active	08/15/2016	11/30/2027	{"Extended Price (USD)":"NA"}	PRICE_AND_ATTRIBUTE_CHANGED	N/A	+$4395.00	0.00%	2026-09-10: (no price) → 2026-09-30: $4395.00
Software & Licenses	Supported Operating System	HPE OCA > DL380a Gen12 [P76706-B21] > Software & Licenses > Supported Operating System	Operating System / License	Unlimited	0	Unlimited	Selection constraint for Supported Operating System: no max | Q0D22AAE conditional visibility: portal selector activation required (OB); PORTAL_CONDITIONAL | Q0D23AAE conditional visibility: portal selector activation required (OB); PORTAL_CONDITIONAL | Q0D25AAE conditional visibility: portal selector activation required (OB); PORTAL_CONDITIONAL | Q0D26AAE conditional visibility: portal selector activation required (OB); PORTAL_CONDITIONAL | Q0D29AAE conditional visibility: portal selector activation required (OB); PORTAL_CONDITIONAL | Q0D30AAE conditional visibility: portal selector activation required (OB); PORTAL_CONDITIONAL | Q5W19AAE conditional visibility: portal selector activation required (OB); PORTAL_CONDITIONAL | Q5W20AAE conditional visibility: portal selector activation required (OB); PORTAL_CONDITIONAL | Q5W21AAE conditional visibility: portal selector activation required (OB); PORTAL_CONDITIONAL | Q5W22AAE conditional visibility: portal selector activation required (OB); PORTAL_CONDITIONAL | Q5W23AAE conditional visibility: portal selector activation required (OB); PORTAL_CONDITIONAL | Q5W24AAE conditional visibility: portal selector activation required (OB); PORTAL_CONDITIONAL | Q5W25AAE conditional visibility: portal selector activation required (OB); PORTAL_CONDITIONAL | Q5W26AAE conditional visibility: portal selector activation required (OB); PORTAL_CONDITIONAL | Q8U15AAE conditional visibility: portal selector activation required (OB); PORTAL_CONDITIONAL | Q8U16AAE conditional visibility: portal selector activation required (OB); PORTAL_CONDITIONAL | Q8U17AAE conditional visibility: portal selector activation required (OB); PORTAL_CONDITIONAL | Q8U18AAE conditional visibility: portal selector activation required (OB); PORTAL_CONDITIONAL | Q8U19AAE conditional visibility: portal selector activation required (OB); PORTAL_CONDITIONAL | Q8U20AAE conditional visibility: portal selector activation required (OB); PORTAL_CONDITIONAL | Q8U21AAE conditional visibility: portal selector activation required (OB); PORTAL_CONDITIONAL | Q8U22AAE conditional visibility: portal selector activation required (OB); PORTAL_CONDITIONAL | S3B60AAE conditional visibility: portal selector activation required (OB); PORTAL_CONDITIONAL | S3B61AAE conditional visibility: portal selector activation required (OB); PORTAL_CONDITIONAL | S3B62AAE conditional visibility: portal selector activation required (OB); PORTAL_CONDITIONAL | S3B63AAE conditional visibility: portal selector activation required (OB); PORTAL_CONDITIONAL | S3B64AAE conditional visibility: portal selector activation required (OB); PORTAL_CONDITIONAL | S3B65AAE conditional visibility: portal selector activation required (OB); PORTAL_CONDITIONAL | S3B66AAE conditional visibility: portal selector activation required (OB); PORTAL_CONDITIONAL | S3B67AAE conditional visibility: portal selector activation required (OB); PORTAL_CONDITIONAL | S3B68AAE conditional visibility: portal selector activation required (OB); PORTAL_CONDITIONAL | S3B69AAE conditional visibility: portal selector activation required (OB); PORTAL_CONDITIONAL | S3B70AAE conditional visibility: portal selector activation required (OB); PORTAL_CONDITIONAL | S3B71AAE conditional visibility: portal selector activation required (OB); PORTAL_CONDITIONAL | S7N77AAE conditional visibility: portal selector activation required (OB); PORTAL_CONDITIONAL | S7N78AAE conditional visibility: portal selector activation required (OB); PORTAL_CONDITIONAL	Q0D30AAE	Service	Red Hat Resilient Storage 2 Sockets Unlimited Guests 5yr Subscription E-LTU	0	15095.00		NA		No	Available		Not published by OCA	Active	08/15/2016	11/30/2027	{"Extended Price (USD)":"NA"}	PRICE_AND_ATTRIBUTE_CHANGED	N/A	+$15095.00	0.00%	2026-09-10: (no price) → 2026-09-30: $15095.00
Software & Licenses	Supported Operating System	HPE OCA > DL380a Gen12 [P76706-B21] > Software & Licenses > Supported Operating System	Service & Support	Unlimited	0	Unlimited	Selection constraint for Supported Operating System: no max | Q0D22AAE conditional visibility: portal selector activation required (OB); PORTAL_CONDITIONAL | Q0D23AAE conditional visibility: portal selector activation required (OB); PORTAL_CONDITIONAL | Q0D25AAE conditional visibility: portal selector activation required (OB); PORTAL_CONDITIONAL | Q0D26AAE conditional visibility: portal selector activation required (OB); PORTAL_CONDITIONAL | Q0D29AAE conditional visibility: portal selector activation required (OB); PORTAL_CONDITIONAL | Q0D30AAE conditional visibility: portal selector activation required (OB); PORTAL_CONDITIONAL | Q5W19AAE conditional visibility: portal selector activation required (OB); PORTAL_CONDITIONAL | Q5W20AAE conditional visibility: portal selector activation required (OB); PORTAL_CONDITIONAL | Q5W21AAE conditional visibility: portal selector activation required (OB); PORTAL_CONDITIONAL | Q5W22AAE conditional visibility: portal selector activation required (OB); PORTAL_CONDITIONAL | Q5W23AAE conditional visibility: portal selector activation required (OB); PORTAL_CONDITIONAL | Q5W24AAE conditional visibility: portal selector activation required (OB); PORTAL_CONDITIONAL | Q5W25AAE conditional visibility: portal selector activation required (OB); PORTAL_CONDITIONAL | Q5W26AAE conditional visibility: portal selector activation required (OB); PORTAL_CONDITIONAL | Q8U15AAE conditional visibility: portal selector activation required (OB); PORTAL_CONDITIONAL | Q8U16AAE conditional visibility: portal selector activation required (OB); PORTAL_CONDITIONAL | Q8U17AAE conditional visibility: portal selector activation required (OB); PORTAL_CONDITIONAL | Q8U18AAE conditional visibility: portal selector activation required (OB); PORTAL_CONDITIONAL | Q8U19AAE conditional visibility: portal selector activation required (OB); PORTAL_CONDITIONAL | Q8U20AAE conditional visibility: portal selector activation required (OB); PORTAL_CONDITIONAL | Q8U21AAE conditional visibility: portal selector activation required (OB); PORTAL_CONDITIONAL | Q8U22AAE conditional visibility: portal selector activation required (OB); PORTAL_CONDITIONAL | S3B60AAE conditional visibility: portal selector activation required (OB); PORTAL_CONDITIONAL | S3B61AAE conditional visibility: portal selector activation required (OB); PORTAL_CONDITIONAL | S3B62AAE conditional visibility: portal selector activation required (OB); PORTAL_CONDITIONAL | S3B63AAE conditional visibility: portal selector activation required (OB); PORTAL_CONDITIONAL | S3B64AAE conditional visibility: portal selector activation required (OB); PORTAL_CONDITIONAL | S3B65AAE conditional visibility: portal selector activation required (OB); PORTAL_CONDITIONAL | S3B66AAE conditional visibility: portal selector activation required (OB); PORTAL_CONDITIONAL | S3B67AAE conditional visibility: portal selector activation required (OB); PORTAL_CONDITIONAL | S3B68AAE conditional visibility: portal selector activation required (OB); PORTAL_CONDITIONAL | S3B69AAE conditional visibility: portal selector activation required (OB); PORTAL_CONDITIONAL | S3B70AAE conditional visibility: portal selector activation required (OB); PORTAL_CONDITIONAL | S3B71AAE conditional visibility: portal selector activation required (OB); PORTAL_CONDITIONAL | S7N77AAE conditional visibility: portal selector activation required (OB); PORTAL_CONDITIONAL | S7N78AAE conditional visibility: portal selector activation required (OB); PORTAL_CONDITIONAL	Q5W19AAE	Service	Red Hat Enterprise Linux for SAP (Physical/Virtual Nodes) 3yr Subscription 9x5 Support E-LTU	0	2505.00		NA		No	Available		Not published by OCA	Active	06/05/2017	09/30/2028	{"Extended Price (USD)":"NA"}	PRICE_AND_ATTRIBUTE_CHANGED	N/A	+$2505.00	0.00%	2026-09-10: (no price) → 2026-09-30: $2505.00
Software & Licenses	Supported Operating System	HPE OCA > DL380a Gen12 [P76706-B21] > Software & Licenses > Supported Operating System	Service & Support	Unlimited	0	Unlimited	Selection constraint for Supported Operating System: no max | Q0D22AAE conditional visibility: portal selector activation required (OB); PORTAL_CONDITIONAL | Q0D23AAE conditional visibility: portal selector activation required (OB); PORTAL_CONDITIONAL | Q0D25AAE conditional visibility: portal selector activation required (OB); PORTAL_CONDITIONAL | Q0D26AAE conditional visibility: portal selector activation required (OB); PORTAL_CONDITIONAL | Q0D29AAE conditional visibility: portal selector activation required (OB); PORTAL_CONDITIONAL | Q0D30AAE conditional visibility: portal selector activation required (OB); PORTAL_CONDITIONAL | Q5W19AAE conditional visibility: portal selector activation required (OB); PORTAL_CONDITIONAL | Q5W20AAE conditional visibility: portal selector activation required (OB); PORTAL_CONDITIONAL | Q5W21AAE conditional visibility: portal selector activation required (OB); PORTAL_CONDITIONAL | Q5W22AAE conditional visibility: portal selector activation required (OB); PORTAL_CONDITIONAL | Q5W23AAE conditional visibility: portal selector activation required (OB); PORTAL_CONDITIONAL | Q5W24AAE conditional visibility: portal selector activation required (OB); PORTAL_CONDITIONAL | Q5W25AAE conditional visibility: portal selector activation required (OB); PORTAL_CONDITIONAL | Q5W26AAE conditional visibility: portal selector activation required (OB); PORTAL_CONDITIONAL | Q8U15AAE conditional visibility: portal selector activation required (OB); PORTAL_CONDITIONAL | Q8U16AAE conditional visibility: portal selector activation required (OB); PORTAL_CONDITIONAL | Q8U17AAE conditional visibility: portal selector activation required (OB); PORTAL_CONDITIONAL | Q8U18AAE conditional visibility: portal selector activation required (OB); PORTAL_CONDITIONAL | Q8U19AAE conditional visibility: portal selector activation required (OB); PORTAL_CONDITIONAL | Q8U20AAE conditional visibility: portal selector activation required (OB); PORTAL_CONDITIONAL | Q8U21AAE conditional visibility: portal selector activation required (OB); PORTAL_CONDITIONAL | Q8U22AAE conditional visibility: portal selector activation required (OB); PORTAL_CONDITIONAL | S3B60AAE conditional visibility: portal selector activation required (OB); PORTAL_CONDITIONAL | S3B61AAE conditional visibility: portal selector activation required (OB); PORTAL_CONDITIONAL | S3B62AAE conditional visibility: portal selector activation required (OB); PORTAL_CONDITIONAL | S3B63AAE conditional visibility: portal selector activation required (OB); PORTAL_CONDITIONAL | S3B64AAE conditional visibility: portal selector activation required (OB); PORTAL_CONDITIONAL | S3B65AAE conditional visibility: portal selector activation required (OB); PORTAL_CONDITIONAL | S3B66AAE conditional visibility: portal selector activation required (OB); PORTAL_CONDITIONAL | S3B67AAE conditional visibility: portal selector activation required (OB); PORTAL_CONDITIONAL | S3B68AAE conditional visibility: portal selector activation required (OB); PORTAL_CONDITIONAL | S3B69AAE conditional visibility: portal selector activation required (OB); PORTAL_CONDITIONAL | S3B70AAE conditional visibility: portal selector activation required (OB); PORTAL_CONDITIONAL | S3B71AAE conditional visibility: portal selector activation required (OB); PORTAL_CONDITIONAL | S7N77AAE conditional visibility: portal selector activation required (OB); PORTAL_CONDITIONAL | S7N78AAE conditional visibility: portal selector activation required (OB); PORTAL_CONDITIONAL	Q5W20AAE	Service	Red Hat Enterprise Linux for SAP (Physical/Virtual Nodes) 3yr Subscription 24x7 Support E-LTU	0	4072.00		NA		No	Available		Not published by OCA	Active	06/05/2017	09/30/2028	{"Extended Price (USD)":"NA"}	PRICE_AND_ATTRIBUTE_CHANGED	N/A	+$4072.00	0.00%	2026-09-10: (no price) → 2026-09-30: $4072.00
Software & Licenses	Supported Operating System	HPE OCA > DL380a Gen12 [P76706-B21] > Software & Licenses > Supported Operating System	Service & Support	Unlimited	0	Unlimited	Selection constraint for Supported Operating System: no max | Q0D22AAE conditional visibility: portal selector activation required (OB); PORTAL_CONDITIONAL | Q0D23AAE conditional visibility: portal selector activation required (OB); PORTAL_CONDITIONAL | Q0D25AAE conditional visibility: portal selector activation required (OB); PORTAL_CONDITIONAL | Q0D26AAE conditional visibility: portal selector activation required (OB); PORTAL_CONDITIONAL | Q0D29AAE conditional visibility: portal selector activation required (OB); PORTAL_CONDITIONAL | Q0D30AAE conditional visibility: portal selector activation required (OB); PORTAL_CONDITIONAL | Q5W19AAE conditional visibility: portal selector activation required (OB); PORTAL_CONDITIONAL | Q5W20AAE conditional visibility: portal selector activation required (OB); PORTAL_CONDITIONAL | Q5W21AAE conditional visibility: portal selector activation required (OB); PORTAL_CONDITIONAL | Q5W22AAE conditional visibility: portal selector activation required (OB); PORTAL_CONDITIONAL | Q5W23AAE conditional visibility: portal selector activation required (OB); PORTAL_CONDITIONAL | Q5W24AAE conditional visibility: portal selector activation required (OB); PORTAL_CONDITIONAL | Q5W25AAE conditional visibility: portal selector activation required (OB); PORTAL_CONDITIONAL | Q5W26AAE conditional visibility: portal selector activation required (OB); PORTAL_CONDITIONAL | Q8U15AAE conditional visibility: portal selector activation required (OB); PORTAL_CONDITIONAL | Q8U16AAE conditional visibility: portal selector activation required (OB); PORTAL_CONDITIONAL | Q8U17AAE conditional visibility: portal selector activation required (OB); PORTAL_CONDITIONAL | Q8U18AAE conditional visibility: portal selector activation required (OB); PORTAL_CONDITIONAL | Q8U19AAE conditional visibility: portal selector activation required (OB); PORTAL_CONDITIONAL | Q8U20AAE conditional visibility: portal selector activation required (OB); PORTAL_CONDITIONAL | Q8U21AAE conditional visibility: portal selector activation required (OB); PORTAL_CONDITIONAL | Q8U22AAE conditional visibility: portal selector activation required (OB); PORTAL_CONDITIONAL | S3B60AAE conditional visibility: portal selector activation required (OB); PORTAL_CONDITIONAL | S3B61AAE conditional visibility: portal selector activation required (OB); PORTAL_CONDITIONAL | S3B62AAE conditional visibility: portal selector activation required (OB); PORTAL_CONDITIONAL | S3B63AAE conditional visibility: portal selector activation required (OB); PORTAL_CONDITIONAL | S3B64AAE conditional visibility: portal selector activation required (OB); PORTAL_CONDITIONAL | S3B65AAE conditional visibility: portal selector activation required (OB); PORTAL_CONDITIONAL | S3B66AAE conditional visibility: portal selector activation required (OB); PORTAL_CONDITIONAL | S3B67AAE conditional visibility: portal selector activation required (OB); PORTAL_CONDITIONAL | S3B68AAE conditional visibility: portal selector activation required (OB); PORTAL_CONDITIONAL | S3B69AAE conditional visibility: portal selector activation required (OB); PORTAL_CONDITIONAL | S3B70AAE conditional visibility: portal selector activation required (OB); PORTAL_CONDITIONAL | S3B71AAE conditional visibility: portal selector activation required (OB); PORTAL_CONDITIONAL | S7N77AAE conditional visibility: portal selector activation required (OB); PORTAL_CONDITIONAL | S7N78AAE conditional visibility: portal selector activation required (OB); PORTAL_CONDITIONAL	Q5W21AAE	Service	Red Hat Enterprise Linux for SAP (Physical/Virtual Nodes) 5yr Subscription 9x5 Support E-LTU	0	4175.00		NA		No	Available		Not published by OCA	Active	06/05/2017	09/30/2028	{"Extended Price (USD)":"NA"}	PRICE_AND_ATTRIBUTE_CHANGED	N/A	+$4175.00	0.00%	2026-09-10: (no price) → 2026-09-30: $4175.00
Software & Licenses	Supported Operating System	HPE OCA > DL380a Gen12 [P76706-B21] > Software & Licenses > Supported Operating System	Service & Support	Unlimited	0	Unlimited	Selection constraint for Supported Operating System: no max | Q0D22AAE conditional visibility: portal selector activation required (OB); PORTAL_CONDITIONAL | Q0D23AAE conditional visibility: portal selector activation required (OB); PORTAL_CONDITIONAL | Q0D25AAE conditional visibility: portal selector activation required (OB); PORTAL_CONDITIONAL | Q0D26AAE conditional visibility: portal selector activation required (OB); PORTAL_CONDITIONAL | Q0D29AAE conditional visibility: portal selector activation required (OB); PORTAL_CONDITIONAL | Q0D30AAE conditional visibility: portal selector activation required (OB); PORTAL_CONDITIONAL | Q5W19AAE conditional visibility: portal selector activation required (OB); PORTAL_CONDITIONAL | Q5W20AAE conditional visibility: portal selector activation required (OB); PORTAL_CONDITIONAL | Q5W21AAE conditional visibility: portal selector activation required (OB); PORTAL_CONDITIONAL | Q5W22AAE conditional visibility: portal selector activation required (OB); PORTAL_CONDITIONAL | Q5W23AAE conditional visibility: portal selector activation required (OB); PORTAL_CONDITIONAL | Q5W24AAE conditional visibility: portal selector activation required (OB); PORTAL_CONDITIONAL | Q5W25AAE conditional visibility: portal selector activation required (OB); PORTAL_CONDITIONAL | Q5W26AAE conditional visibility: portal selector activation required (OB); PORTAL_CONDITIONAL | Q8U15AAE conditional visibility: portal selector activation required (OB); PORTAL_CONDITIONAL | Q8U16AAE conditional visibility: portal selector activation required (OB); PORTAL_CONDITIONAL | Q8U17AAE conditional visibility: portal selector activation required (OB); PORTAL_CONDITIONAL | Q8U18AAE conditional visibility: portal selector activation required (OB); PORTAL_CONDITIONAL | Q8U19AAE conditional visibility: portal selector activation required (OB); PORTAL_CONDITIONAL | Q8U20AAE conditional visibility: portal selector activation required (OB); PORTAL_CONDITIONAL | Q8U21AAE conditional visibility: portal selector activation required (OB); PORTAL_CONDITIONAL | Q8U22AAE conditional visibility: portal selector activation required (OB); PORTAL_CONDITIONAL | S3B60AAE conditional visibility: portal selector activation required (OB); PORTAL_CONDITIONAL | S3B61AAE conditional visibility: portal selector activation required (OB); PORTAL_CONDITIONAL | S3B62AAE conditional visibility: portal selector activation required (OB); PORTAL_CONDITIONAL | S3B63AAE conditional visibility: portal selector activation required (OB); PORTAL_CONDITIONAL | S3B64AAE conditional visibility: portal selector activation required (OB); PORTAL_CONDITIONAL | S3B65AAE conditional visibility: portal selector activation required (OB); PORTAL_CONDITIONAL | S3B66AAE conditional visibility: portal selector activation required (OB); PORTAL_CONDITIONAL | S3B67AAE conditional visibility: portal selector activation required (OB); PORTAL_CONDITIONAL | S3B68AAE conditional visibility: portal selector activation required (OB); PORTAL_CONDITIONAL | S3B69AAE conditional visibility: portal selector activation required (OB); PORTAL_CONDITIONAL | S3B70AAE conditional visibility: portal selector activation required (OB); PORTAL_CONDITIONAL | S3B71AAE conditional visibility: portal selector activation required (OB); PORTAL_CONDITIONAL | S7N77AAE conditional visibility: portal selector activation required (OB); PORTAL_CONDITIONAL | S7N78AAE conditional visibility: portal selector activation required (OB); PORTAL_CONDITIONAL	Q5W22AAE	Service	Red Hat Enterprise Linux for SAP (Physical/Virtual Nodes) 5yr Subscription 24x7 Support E-LTU	0	6787.00		NA		No	Available		Not published by OCA	Active	06/05/2017	09/30/2028	{"Extended Price (USD)":"NA"}	PRICE_AND_ATTRIBUTE_CHANGED	N/A	+$6787.00	0.00%	2026-09-10: (no price) → 2026-09-30: $6787.00
Software & Licenses	Supported Operating System	HPE OCA > DL380a Gen12 [P76706-B21] > Software & Licenses > Supported Operating System	Service & Support	Unlimited	0	Unlimited	Selection constraint for Supported Operating System: no max | Q0D22AAE conditional visibility: portal selector activation required (OB); PORTAL_CONDITIONAL | Q0D23AAE conditional visibility: portal selector activation required (OB); PORTAL_CONDITIONAL | Q0D25AAE conditional visibility: portal selector activation required (OB); PORTAL_CONDITIONAL | Q0D26AAE conditional visibility: portal selector activation required (OB); PORTAL_CONDITIONAL | Q0D29AAE conditional visibility: portal selector activation required (OB); PORTAL_CONDITIONAL | Q0D30AAE conditional visibility: portal selector activation required (OB); PORTAL_CONDITIONAL | Q5W19AAE conditional visibility: portal selector activation required (OB); PORTAL_CONDITIONAL | Q5W20AAE conditional visibility: portal selector activation required (OB); PORTAL_CONDITIONAL | Q5W21AAE conditional visibility: portal selector activation required (OB); PORTAL_CONDITIONAL | Q5W22AAE conditional visibility: portal selector activation required (OB); PORTAL_CONDITIONAL | Q5W23AAE conditional visibility: portal selector activation required (OB); PORTAL_CONDITIONAL | Q5W24AAE conditional visibility: portal selector activation required (OB); PORTAL_CONDITIONAL | Q5W25AAE conditional visibility: portal selector activation required (OB); PORTAL_CONDITIONAL | Q5W26AAE conditional visibility: portal selector activation required (OB); PORTAL_CONDITIONAL | Q8U15AAE conditional visibility: portal selector activation required (OB); PORTAL_CONDITIONAL | Q8U16AAE conditional visibility: portal selector activation required (OB); PORTAL_CONDITIONAL | Q8U17AAE conditional visibility: portal selector activation required (OB); PORTAL_CONDITIONAL | Q8U18AAE conditional visibility: portal selector activation required (OB); PORTAL_CONDITIONAL | Q8U19AAE conditional visibility: portal selector activation required (OB); PORTAL_CONDITIONAL | Q8U20AAE conditional visibility: portal selector activation required (OB); PORTAL_CONDITIONAL | Q8U21AAE conditional visibility: portal selector activation required (OB); PORTAL_CONDITIONAL | Q8U22AAE conditional visibility: portal selector activation required (OB); PORTAL_CONDITIONAL | S3B60AAE conditional visibility: portal selector activation required (OB); PORTAL_CONDITIONAL | S3B61AAE conditional visibility: portal selector activation required (OB); PORTAL_CONDITIONAL | S3B62AAE conditional visibility: portal selector activation required (OB); PORTAL_CONDITIONAL | S3B63AAE conditional visibility: portal selector activation required (OB); PORTAL_CONDITIONAL | S3B64AAE conditional visibility: portal selector activation required (OB); PORTAL_CONDITIONAL | S3B65AAE conditional visibility: portal selector activation required (OB); PORTAL_CONDITIONAL | S3B66AAE conditional visibility: portal selector activation required (OB); PORTAL_CONDITIONAL | S3B67AAE conditional visibility: portal selector activation required (OB); PORTAL_CONDITIONAL | S3B68AAE conditional visibility: portal selector activation required (OB); PORTAL_CONDITIONAL | S3B69AAE conditional visibility: portal selector activation required (OB); PORTAL_CONDITIONAL | S3B70AAE conditional visibility: portal selector activation required (OB); PORTAL_CONDITIONAL | S3B71AAE conditional visibility: portal selector activation required (OB); PORTAL_CONDITIONAL | S7N77AAE conditional visibility: portal selector activation required (OB); PORTAL_CONDITIONAL | S7N78AAE conditional visibility: portal selector activation required (OB); PORTAL_CONDITIONAL	Q5W23AAE	Service	Red Hat Enterprise Linux for SAP for Virtual Datacenters 3yr Subscription 9x5 Support E-LTU	0	9072.00		NA		No	Available		Not published by OCA	Active	06/05/2017	09/30/2028	{"Extended Price (USD)":"NA"}	PRICE_AND_ATTRIBUTE_CHANGED	N/A	+$9072.00	0.00%	2026-09-10: (no price) → 2026-09-30: $9072.00
Software & Licenses	Supported Operating System	HPE OCA > DL380a Gen12 [P76706-B21] > Software & Licenses > Supported Operating System	Service & Support	Unlimited	0	Unlimited	Selection constraint for Supported Operating System: no max | Q0D22AAE conditional visibility: portal selector activation required (OB); PORTAL_CONDITIONAL | Q0D23AAE conditional visibility: portal selector activation required (OB); PORTAL_CONDITIONAL | Q0D25AAE conditional visibility: portal selector activation required (OB); PORTAL_CONDITIONAL | Q0D26AAE conditional visibility: portal selector activation required (OB); PORTAL_CONDITIONAL | Q0D29AAE conditional visibility: portal selector activation required (OB); PORTAL_CONDITIONAL | Q0D30AAE conditional visibility: portal selector activation required (OB); PORTAL_CONDITIONAL | Q5W19AAE conditional visibility: portal selector activation required (OB); PORTAL_CONDITIONAL | Q5W20AAE conditional visibility: portal selector activation required (OB); PORTAL_CONDITIONAL | Q5W21AAE conditional visibility: portal selector activation required (OB); PORTAL_CONDITIONAL | Q5W22AAE conditional visibility: portal selector activation required (OB); PORTAL_CONDITIONAL | Q5W23AAE conditional visibility: portal selector activation required (OB); PORTAL_CONDITIONAL | Q5W24AAE conditional visibility: portal selector activation required (OB); PORTAL_CONDITIONAL | Q5W25AAE conditional visibility: portal selector activation required (OB); PORTAL_CONDITIONAL | Q5W26AAE conditional visibility: portal selector activation required (OB); PORTAL_CONDITIONAL | Q8U15AAE conditional visibility: portal selector activation required (OB); PORTAL_CONDITIONAL | Q8U16AAE conditional visibility: portal selector activation required (OB); PORTAL_CONDITIONAL | Q8U17AAE conditional visibility: portal selector activation required (OB); PORTAL_CONDITIONAL | Q8U18AAE conditional visibility: portal selector activation required (OB); PORTAL_CONDITIONAL | Q8U19AAE conditional visibility: portal selector activation required (OB); PORTAL_CONDITIONAL | Q8U20AAE conditional visibility: portal selector activation required (OB); PORTAL_CONDITIONAL | Q8U21AAE conditional visibility: portal selector activation required (OB); PORTAL_CONDITIONAL | Q8U22AAE conditional visibility: portal selector activation required (OB); PORTAL_CONDITIONAL | S3B60AAE conditional visibility: portal selector activation required (OB); PORTAL_CONDITIONAL | S3B61AAE conditional visibility: portal selector activation required (OB); PORTAL_CONDITIONAL | S3B62AAE conditional visibility: portal selector activation required (OB); PORTAL_CONDITIONAL | S3B63AAE conditional visibility: portal selector activation required (OB); PORTAL_CONDITIONAL | S3B64AAE conditional visibility: portal selector activation required (OB); PORTAL_CONDITIONAL | S3B65AAE conditional visibility: portal selector activation required (OB); PORTAL_CONDITIONAL | S3B66AAE conditional visibility: portal selector activation required (OB); PORTAL_CONDITIONAL | S3B67AAE conditional visibility: portal selector activation required (OB); PORTAL_CONDITIONAL | S3B68AAE conditional visibility: portal selector activation required (OB); PORTAL_CONDITIONAL | S3B69AAE conditional visibility: portal selector activation required (OB); PORTAL_CONDITIONAL | S3B70AAE conditional visibility: portal selector activation required (OB); PORTAL_CONDITIONAL | S3B71AAE conditional visibility: portal selector activation required (OB); PORTAL_CONDITIONAL | S7N77AAE conditional visibility: portal selector activation required (OB); PORTAL_CONDITIONAL | S7N78AAE conditional visibility: portal selector activation required (OB); PORTAL_CONDITIONAL	Q5W24AAE	Service	Red Hat Enterprise Linux for SAP for Virtual Datacenters 3yr Subscription 24x7 Support E-LTU	0	14516.00		NA		No	Available		Not published by OCA	Active	06/05/2017	09/30/2028	{"Extended Price (USD)":"NA"}	PRICE_AND_ATTRIBUTE_CHANGED	N/A	+$14516.00	0.00%	2026-09-10: (no price) → 2026-09-30: $14516.00
Software & Licenses	Supported Operating System	HPE OCA > DL380a Gen12 [P76706-B21] > Software & Licenses > Supported Operating System	Service & Support	Unlimited	0	Unlimited	Selection constraint for Supported Operating System: no max | Q0D22AAE conditional visibility: portal selector activation required (OB); PORTAL_CONDITIONAL | Q0D23AAE conditional visibility: portal selector activation required (OB); PORTAL_CONDITIONAL | Q0D25AAE conditional visibility: portal selector activation required (OB); PORTAL_CONDITIONAL | Q0D26AAE conditional visibility: portal selector activation required (OB); PORTAL_CONDITIONAL | Q0D29AAE conditional visibility: portal selector activation required (OB); PORTAL_CONDITIONAL | Q0D30AAE conditional visibility: portal selector activation required (OB); PORTAL_CONDITIONAL | Q5W19AAE conditional visibility: portal selector activation required (OB); PORTAL_CONDITIONAL | Q5W20AAE conditional visibility: portal selector activation required (OB); PORTAL_CONDITIONAL | Q5W21AAE conditional visibility: portal selector activation required (OB); PORTAL_CONDITIONAL | Q5W22AAE conditional visibility: portal selector activation required (OB); PORTAL_CONDITIONAL | Q5W23AAE conditional visibility: portal selector activation required (OB); PORTAL_CONDITIONAL | Q5W24AAE conditional visibility: portal selector activation required (OB); PORTAL_CONDITIONAL | Q5W25AAE conditional visibility: portal selector activation required (OB); PORTAL_CONDITIONAL | Q5W26AAE conditional visibility: portal selector activation required (OB); PORTAL_CONDITIONAL | Q8U15AAE conditional visibility: portal selector activation required (OB); PORTAL_CONDITIONAL | Q8U16AAE conditional visibility: portal selector activation required (OB); PORTAL_CONDITIONAL | Q8U17AAE conditional visibility: portal selector activation required (OB); PORTAL_CONDITIONAL | Q8U18AAE conditional visibility: portal selector activation required (OB); PORTAL_CONDITIONAL | Q8U19AAE conditional visibility: portal selector activation required (OB); PORTAL_CONDITIONAL | Q8U20AAE conditional visibility: portal selector activation required (OB); PORTAL_CONDITIONAL | Q8U21AAE conditional visibility: portal selector activation required (OB); PORTAL_CONDITIONAL | Q8U22AAE conditional visibility: portal selector activation required (OB); PORTAL_CONDITIONAL | S3B60AAE conditional visibility: portal selector activation required (OB); PORTAL_CONDITIONAL | S3B61AAE conditional visibility: portal selector activation required (OB); PORTAL_CONDITIONAL | S3B62AAE conditional visibility: portal selector activation required (OB); PORTAL_CONDITIONAL | S3B63AAE conditional visibility: portal selector activation required (OB); PORTAL_CONDITIONAL | S3B64AAE conditional visibility: portal selector activation required (OB); PORTAL_CONDITIONAL | S3B65AAE conditional visibility: portal selector activation required (OB); PORTAL_CONDITIONAL | S3B66AAE conditional visibility: portal selector activation required (OB); PORTAL_CONDITIONAL | S3B67AAE conditional visibility: portal selector activation required (OB); PORTAL_CONDITIONAL | S3B68AAE conditional visibility: portal selector activation required (OB); PORTAL_CONDITIONAL | S3B69AAE conditional visibility: portal selector activation required (OB); PORTAL_CONDITIONAL | S3B70AAE conditional visibility: portal selector activation required (OB); PORTAL_CONDITIONAL | S3B71AAE conditional visibility: portal selector activation required (OB); PORTAL_CONDITIONAL | S7N77AAE conditional visibility: portal selector activation required (OB); PORTAL_CONDITIONAL | S7N78AAE conditional visibility: portal selector activation required (OB); PORTAL_CONDITIONAL	Q5W25AAE	Service	Red Hat Enterprise Linux for SAP for Virtual Datacenters 5yr Subscription 9x5 Support E-LTU	0	15119.00		NA		No	Available		Not published by OCA	Active	06/05/2017	09/30/2028	{"Extended Price (USD)":"NA"}	PRICE_AND_ATTRIBUTE_CHANGED	N/A	+$15119.00	0.00%	2026-09-10: (no price) → 2026-09-30: $15119.00
Software & Licenses	Supported Operating System	HPE OCA > DL380a Gen12 [P76706-B21] > Software & Licenses > Supported Operating System	Service & Support	Unlimited	0	Unlimited	Selection constraint for Supported Operating System: no max | Q0D22AAE conditional visibility: portal selector activation required (OB); PORTAL_CONDITIONAL | Q0D23AAE conditional visibility: portal selector activation required (OB); PORTAL_CONDITIONAL | Q0D25AAE conditional visibility: portal selector activation required (OB); PORTAL_CONDITIONAL | Q0D26AAE conditional visibility: portal selector activation required (OB); PORTAL_CONDITIONAL | Q0D29AAE conditional visibility: portal selector activation required (OB); PORTAL_CONDITIONAL | Q0D30AAE conditional visibility: portal selector activation required (OB); PORTAL_CONDITIONAL | Q5W19AAE conditional visibility: portal selector activation required (OB); PORTAL_CONDITIONAL | Q5W20AAE conditional visibility: portal selector activation required (OB); PORTAL_CONDITIONAL | Q5W21AAE conditional visibility: portal selector activation required (OB); PORTAL_CONDITIONAL | Q5W22AAE conditional visibility: portal selector activation required (OB); PORTAL_CONDITIONAL | Q5W23AAE conditional visibility: portal selector activation required (OB); PORTAL_CONDITIONAL | Q5W24AAE conditional visibility: portal selector activation required (OB); PORTAL_CONDITIONAL | Q5W25AAE conditional visibility: portal selector activation required (OB); PORTAL_CONDITIONAL | Q5W26AAE conditional visibility: portal selector activation required (OB); PORTAL_CONDITIONAL | Q8U15AAE conditional visibility: portal selector activation required (OB); PORTAL_CONDITIONAL | Q8U16AAE conditional visibility: portal selector activation required (OB); PORTAL_CONDITIONAL | Q8U17AAE conditional visibility: portal selector activation required (OB); PORTAL_CONDITIONAL | Q8U18AAE conditional visibility: portal selector activation required (OB); PORTAL_CONDITIONAL | Q8U19AAE conditional visibility: portal selector activation required (OB); PORTAL_CONDITIONAL | Q8U20AAE conditional visibility: portal selector activation required (OB); PORTAL_CONDITIONAL | Q8U21AAE conditional visibility: portal selector activation required (OB); PORTAL_CONDITIONAL | Q8U22AAE conditional visibility: portal selector activation required (OB); PORTAL_CONDITIONAL | S3B60AAE conditional visibility: portal selector activation required (OB); PORTAL_CONDITIONAL | S3B61AAE conditional visibility: portal selector activation required (OB); PORTAL_CONDITIONAL | S3B62AAE conditional visibility: portal selector activation required (OB); PORTAL_CONDITIONAL | S3B63AAE conditional visibility: portal selector activation required (OB); PORTAL_CONDITIONAL | S3B64AAE conditional visibility: portal selector activation required (OB); PORTAL_CONDITIONAL | S3B65AAE conditional visibility: portal selector activation required (OB); PORTAL_CONDITIONAL | S3B66AAE conditional visibility: portal selector activation required (OB); PORTAL_CONDITIONAL | S3B67AAE conditional visibility: portal selector activation required (OB); PORTAL_CONDITIONAL | S3B68AAE conditional visibility: portal selector activation required (OB); PORTAL_CONDITIONAL | S3B69AAE conditional visibility: portal selector activation required (OB); PORTAL_CONDITIONAL | S3B70AAE conditional visibility: portal selector activation required (OB); PORTAL_CONDITIONAL | S3B71AAE conditional visibility: portal selector activation required (OB); PORTAL_CONDITIONAL | S7N77AAE conditional visibility: portal selector activation required (OB); PORTAL_CONDITIONAL | S7N78AAE conditional visibility: portal selector activation required (OB); PORTAL_CONDITIONAL	Q5W26AAE	Service	Red Hat Enterprise Linux for SAP for Virtual Datacenters 5yr Subscription 24x7 Support E-LTU	0	24194.00		NA		No	Available		Not published by OCA	Active	06/05/2017	09/30/2028	{"Extended Price (USD)":"NA"}	PRICE_AND_ATTRIBUTE_CHANGED	N/A	+$24194.00	0.00%	2026-09-10: (no price) → 2026-09-30: $24194.00
Software & Licenses	Supported Operating System	HPE OCA > DL380a Gen12 [P76706-B21] > Software & Licenses > Supported Operating System	Service & Support	Unlimited	0	Unlimited	Selection constraint for Supported Operating System: no max | Q0D22AAE conditional visibility: portal selector activation required (OB); PORTAL_CONDITIONAL | Q0D23AAE conditional visibility: portal selector activation required (OB); PORTAL_CONDITIONAL | Q0D25AAE conditional visibility: portal selector activation required (OB); PORTAL_CONDITIONAL | Q0D26AAE conditional visibility: portal selector activation required (OB); PORTAL_CONDITIONAL | Q0D29AAE conditional visibility: portal selector activation required (OB); PORTAL_CONDITIONAL | Q0D30AAE conditional visibility: portal selector activation required (OB); PORTAL_CONDITIONAL | Q5W19AAE conditional visibility: portal selector activation required (OB); PORTAL_CONDITIONAL | Q5W20AAE conditional visibility: portal selector activation required (OB); PORTAL_CONDITIONAL | Q5W21AAE conditional visibility: portal selector activation required (OB); PORTAL_CONDITIONAL | Q5W22AAE conditional visibility: portal selector activation required (OB); PORTAL_CONDITIONAL | Q5W23AAE conditional visibility: portal selector activation required (OB); PORTAL_CONDITIONAL | Q5W24AAE conditional visibility: portal selector activation required (OB); PORTAL_CONDITIONAL | Q5W25AAE conditional visibility: portal selector activation required (OB); PORTAL_CONDITIONAL | Q5W26AAE conditional visibility: portal selector activation required (OB); PORTAL_CONDITIONAL | Q8U15AAE conditional visibility: portal selector activation required (OB); PORTAL_CONDITIONAL | Q8U16AAE conditional visibility: portal selector activation required (OB); PORTAL_CONDITIONAL | Q8U17AAE conditional visibility: portal selector activation required (OB); PORTAL_CONDITIONAL | Q8U18AAE conditional visibility: portal selector activation required (OB); PORTAL_CONDITIONAL | Q8U19AAE conditional visibility: portal selector activation required (OB); PORTAL_CONDITIONAL | Q8U20AAE conditional visibility: portal selector activation required (OB); PORTAL_CONDITIONAL | Q8U21AAE conditional visibility: portal selector activation required (OB); PORTAL_CONDITIONAL | Q8U22AAE conditional visibility: portal selector activation required (OB); PORTAL_CONDITIONAL | S3B60AAE conditional visibility: portal selector activation required (OB); PORTAL_CONDITIONAL | S3B61AAE conditional visibility: portal selector activation required (OB); PORTAL_CONDITIONAL | S3B62AAE conditional visibility: portal selector activation required (OB); PORTAL_CONDITIONAL | S3B63AAE conditional visibility: portal selector activation required (OB); PORTAL_CONDITIONAL | S3B64AAE conditional visibility: portal selector activation required (OB); PORTAL_CONDITIONAL | S3B65AAE conditional visibility: portal selector activation required (OB); PORTAL_CONDITIONAL | S3B66AAE conditional visibility: portal selector activation required (OB); PORTAL_CONDITIONAL | S3B67AAE conditional visibility: portal selector activation required (OB); PORTAL_CONDITIONAL | S3B68AAE conditional visibility: portal selector activation required (OB); PORTAL_CONDITIONAL | S3B69AAE conditional visibility: portal selector activation required (OB); PORTAL_CONDITIONAL | S3B70AAE conditional visibility: portal selector activation required (OB); PORTAL_CONDITIONAL | S3B71AAE conditional visibility: portal selector activation required (OB); PORTAL_CONDITIONAL | S7N77AAE conditional visibility: portal selector activation required (OB); PORTAL_CONDITIONAL | S7N78AAE conditional visibility: portal selector activation required (OB); PORTAL_CONDITIONAL	Q8U15AAE	Service	Red Hat Enterprise Linux for SAP Solutions for Virtual DC 3yr Subscription 24x7 Support E-LTU	0	24680.00		NA		No	Available		Not published by OCA	Active	12/04/2017	11/30/2027	{"Extended Price (USD)":"NA"}	PRICE_AND_ATTRIBUTE_CHANGED	N/A	+$24680.00	0.00%	2026-09-10: (no price) → 2026-09-30: $24680.00
Software & Licenses	Supported Operating System	HPE OCA > DL380a Gen12 [P76706-B21] > Software & Licenses > Supported Operating System	Service & Support	Unlimited	0	Unlimited	Selection constraint for Supported Operating System: no max | Q0D22AAE conditional visibility: portal selector activation required (OB); PORTAL_CONDITIONAL | Q0D23AAE conditional visibility: portal selector activation required (OB); PORTAL_CONDITIONAL | Q0D25AAE conditional visibility: portal selector activation required (OB); PORTAL_CONDITIONAL | Q0D26AAE conditional visibility: portal selector activation required (OB); PORTAL_CONDITIONAL | Q0D29AAE conditional visibility: portal selector activation required (OB); PORTAL_CONDITIONAL | Q0D30AAE conditional visibility: portal selector activation required (OB); PORTAL_CONDITIONAL | Q5W19AAE conditional visibility: portal selector activation required (OB); PORTAL_CONDITIONAL | Q5W20AAE conditional visibility: portal selector activation required (OB); PORTAL_CONDITIONAL | Q5W21AAE conditional visibility: portal selector activation required (OB); PORTAL_CONDITIONAL | Q5W22AAE conditional visibility: portal selector activation required (OB); PORTAL_CONDITIONAL | Q5W23AAE conditional visibility: portal selector activation required (OB); PORTAL_CONDITIONAL | Q5W24AAE conditional visibility: portal selector activation required (OB); PORTAL_CONDITIONAL | Q5W25AAE conditional visibility: portal selector activation required (OB); PORTAL_CONDITIONAL | Q5W26AAE conditional visibility: portal selector activation required (OB); PORTAL_CONDITIONAL | Q8U15AAE conditional visibility: portal selector activation required (OB); PORTAL_CONDITIONAL | Q8U16AAE conditional visibility: portal selector activation required (OB); PORTAL_CONDITIONAL | Q8U17AAE conditional visibility: portal selector activation required (OB); PORTAL_CONDITIONAL | Q8U18AAE conditional visibility: portal selector activation required (OB); PORTAL_CONDITIONAL | Q8U19AAE conditional visibility: portal selector activation required (OB); PORTAL_CONDITIONAL | Q8U20AAE conditional visibility: portal selector activation required (OB); PORTAL_CONDITIONAL | Q8U21AAE conditional visibility: portal selector activation required (OB); PORTAL_CONDITIONAL | Q8U22AAE conditional visibility: portal selector activation required (OB); PORTAL_CONDITIONAL | S3B60AAE conditional visibility: portal selector activation required (OB); PORTAL_CONDITIONAL | S3B61AAE conditional visibility: portal selector activation required (OB); PORTAL_CONDITIONAL | S3B62AAE conditional visibility: portal selector activation required (OB); PORTAL_CONDITIONAL | S3B63AAE conditional visibility: portal selector activation required (OB); PORTAL_CONDITIONAL | S3B64AAE conditional visibility: portal selector activation required (OB); PORTAL_CONDITIONAL | S3B65AAE conditional visibility: portal selector activation required (OB); PORTAL_CONDITIONAL | S3B66AAE conditional visibility: portal selector activation required (OB); PORTAL_CONDITIONAL | S3B67AAE conditional visibility: portal selector activation required (OB); PORTAL_CONDITIONAL | S3B68AAE conditional visibility: portal selector activation required (OB); PORTAL_CONDITIONAL | S3B69AAE conditional visibility: portal selector activation required (OB); PORTAL_CONDITIONAL | S3B70AAE conditional visibility: portal selector activation required (OB); PORTAL_CONDITIONAL | S3B71AAE conditional visibility: portal selector activation required (OB); PORTAL_CONDITIONAL | S7N77AAE conditional visibility: portal selector activation required (OB); PORTAL_CONDITIONAL | S7N78AAE conditional visibility: portal selector activation required (OB); PORTAL_CONDITIONAL	Q8U16AAE	Service	Red Hat Enterprise Linux for SAP Solutions for Virtual DC 5yr Subscription 24x7 Support E-LTU	0	41134.00		NA		No	Available		Not published by OCA	Active	12/04/2017	11/30/2027	{"Extended Price (USD)":"NA"}	PRICE_AND_ATTRIBUTE_CHANGED	N/A	+$41134.00	0.00%	2026-09-10: (no price) → 2026-09-30: $41134.00
Software & Licenses	Supported Operating System	HPE OCA > DL380a Gen12 [P76706-B21] > Software & Licenses > Supported Operating System	Service & Support	Unlimited	0	Unlimited	Selection constraint for Supported Operating System: no max | Q0D22AAE conditional visibility: portal selector activation required (OB); PORTAL_CONDITIONAL | Q0D23AAE conditional visibility: portal selector activation required (OB); PORTAL_CONDITIONAL | Q0D25AAE conditional visibility: portal selector activation required (OB); PORTAL_CONDITIONAL | Q0D26AAE conditional visibility: portal selector activation required (OB); PORTAL_CONDITIONAL | Q0D29AAE conditional visibility: portal selector activation required (OB); PORTAL_CONDITIONAL | Q0D30AAE conditional visibility: portal selector activation required (OB); PORTAL_CONDITIONAL | Q5W19AAE conditional visibility: portal selector activation required (OB); PORTAL_CONDITIONAL | Q5W20AAE conditional visibility: portal selector activation required (OB); PORTAL_CONDITIONAL | Q5W21AAE conditional visibility: portal selector activation required (OB); PORTAL_CONDITIONAL | Q5W22AAE conditional visibility: portal selector activation required (OB); PORTAL_CONDITIONAL | Q5W23AAE conditional visibility: portal selector activation required (OB); PORTAL_CONDITIONAL | Q5W24AAE conditional visibility: portal selector activation required (OB); PORTAL_CONDITIONAL | Q5W25AAE conditional visibility: portal selector activation required (OB); PORTAL_CONDITIONAL | Q5W26AAE conditional visibility: portal selector activation required (OB); PORTAL_CONDITIONAL | Q8U15AAE conditional visibility: portal selector activation required (OB); PORTAL_CONDITIONAL | Q8U16AAE conditional visibility: portal selector activation required (OB); PORTAL_CONDITIONAL | Q8U17AAE conditional visibility: portal selector activation required (OB); PORTAL_CONDITIONAL | Q8U18AAE conditional visibility: portal selector activation required (OB); PORTAL_CONDITIONAL | Q8U19AAE conditional visibility: portal selector activation required (OB); PORTAL_CONDITIONAL | Q8U20AAE conditional visibility: portal selector activation required (OB); PORTAL_CONDITIONAL | Q8U21AAE conditional visibility: portal selector activation required (OB); PORTAL_CONDITIONAL | Q8U22AAE conditional visibility: portal selector activation required (OB); PORTAL_CONDITIONAL | S3B60AAE conditional visibility: portal selector activation required (OB); PORTAL_CONDITIONAL | S3B61AAE conditional visibility: portal selector activation required (OB); PORTAL_CONDITIONAL | S3B62AAE conditional visibility: portal selector activation required (OB); PORTAL_CONDITIONAL | S3B63AAE conditional visibility: portal selector activation required (OB); PORTAL_CONDITIONAL | S3B64AAE conditional visibility: portal selector activation required (OB); PORTAL_CONDITIONAL | S3B65AAE conditional visibility: portal selector activation required (OB); PORTAL_CONDITIONAL | S3B66AAE conditional visibility: portal selector activation required (OB); PORTAL_CONDITIONAL | S3B67AAE conditional visibility: portal selector activation required (OB); PORTAL_CONDITIONAL | S3B68AAE conditional visibility: portal selector activation required (OB); PORTAL_CONDITIONAL | S3B69AAE conditional visibility: portal selector activation required (OB); PORTAL_CONDITIONAL | S3B70AAE conditional visibility: portal selector activation required (OB); PORTAL_CONDITIONAL | S3B71AAE conditional visibility: portal selector activation required (OB); PORTAL_CONDITIONAL | S7N77AAE conditional visibility: portal selector activation required (OB); PORTAL_CONDITIONAL | S7N78AAE conditional visibility: portal selector activation required (OB); PORTAL_CONDITIONAL	Q8U17AAE	Service	Red Hat Enterprise Linux for SAP Solutions for Virtual DC 3yr Subscription 9x5 Support E-LTU	0	20325.00		NA		No	Available		Not published by OCA	Active	12/04/2017	11/30/2027	{"Extended Price (USD)":"NA"}	PRICE_AND_ATTRIBUTE_CHANGED	N/A	+$20325.00	0.00%	2026-09-10: (no price) → 2026-09-30: $20325.00
Software & Licenses	Supported Operating System	HPE OCA > DL380a Gen12 [P76706-B21] > Software & Licenses > Supported Operating System	Service & Support	Unlimited	0	Unlimited	Selection constraint for Supported Operating System: no max | Q0D22AAE conditional visibility: portal selector activation required (OB); PORTAL_CONDITIONAL | Q0D23AAE conditional visibility: portal selector activation required (OB); PORTAL_CONDITIONAL | Q0D25AAE conditional visibility: portal selector activation required (OB); PORTAL_CONDITIONAL | Q0D26AAE conditional visibility: portal selector activation required (OB); PORTAL_CONDITIONAL | Q0D29AAE conditional visibility: portal selector activation required (OB); PORTAL_CONDITIONAL | Q0D30AAE conditional visibility: portal selector activation required (OB); PORTAL_CONDITIONAL | Q5W19AAE conditional visibility: portal selector activation required (OB); PORTAL_CONDITIONAL | Q5W20AAE conditional visibility: portal selector activation required (OB); PORTAL_CONDITIONAL | Q5W21AAE conditional visibility: portal selector activation required (OB); PORTAL_CONDITIONAL | Q5W22AAE conditional visibility: portal selector activation required (OB); PORTAL_CONDITIONAL | Q5W23AAE conditional visibility: portal selector activation required (OB); PORTAL_CONDITIONAL | Q5W24AAE conditional visibility: portal selector activation required (OB); PORTAL_CONDITIONAL | Q5W25AAE conditional visibility: portal selector activation required (OB); PORTAL_CONDITIONAL | Q5W26AAE conditional visibility: portal selector activation required (OB); PORTAL_CONDITIONAL | Q8U15AAE conditional visibility: portal selector activation required (OB); PORTAL_CONDITIONAL | Q8U16AAE conditional visibility: portal selector activation required (OB); PORTAL_CONDITIONAL | Q8U17AAE conditional visibility: portal selector activation required (OB); PORTAL_CONDITIONAL | Q8U18AAE conditional visibility: portal selector activation required (OB); PORTAL_CONDITIONAL | Q8U19AAE conditional visibility: portal selector activation required (OB); PORTAL_CONDITIONAL | Q8U20AAE conditional visibility: portal selector activation required (OB); PORTAL_CONDITIONAL | Q8U21AAE conditional visibility: portal selector activation required (OB); PORTAL_CONDITIONAL | Q8U22AAE conditional visibility: portal selector activation required (OB); PORTAL_CONDITIONAL | S3B60AAE conditional visibility: portal selector activation required (OB); PORTAL_CONDITIONAL | S3B61AAE conditional visibility: portal selector activation required (OB); PORTAL_CONDITIONAL | S3B62AAE conditional visibility: portal selector activation required (OB); PORTAL_CONDITIONAL | S3B63AAE conditional visibility: portal selector activation required (OB); PORTAL_CONDITIONAL | S3B64AAE conditional visibility: portal selector activation required (OB); PORTAL_CONDITIONAL | S3B65AAE conditional visibility: portal selector activation required (OB); PORTAL_CONDITIONAL | S3B66AAE conditional visibility: portal selector activation required (OB); PORTAL_CONDITIONAL | S3B67AAE conditional visibility: portal selector activation required (OB); PORTAL_CONDITIONAL | S3B68AAE conditional visibility: portal selector activation required (OB); PORTAL_CONDITIONAL | S3B69AAE conditional visibility: portal selector activation required (OB); PORTAL_CONDITIONAL | S3B70AAE conditional visibility: portal selector activation required (OB); PORTAL_CONDITIONAL | S3B71AAE conditional visibility: portal selector activation required (OB); PORTAL_CONDITIONAL | S7N77AAE conditional visibility: portal selector activation required (OB); PORTAL_CONDITIONAL | S7N78AAE conditional visibility: portal selector activation required (OB); PORTAL_CONDITIONAL	Q8U18AAE	Service	Red Hat Enterprise Linux for SAP Solutions for Virtual DC 5yr Subscription 9x5 Support E-LTU	0	33874.00		NA		No	Available		Not published by OCA	Active	12/04/2017	11/30/2027	{"Extended Price (USD)":"NA"}	PRICE_AND_ATTRIBUTE_CHANGED	N/A	+$33874.00	0.00%	2026-09-10: (no price) → 2026-09-30: $33874.00
Software & Licenses	Supported Operating System	HPE OCA > DL380a Gen12 [P76706-B21] > Software & Licenses > Supported Operating System	Service & Support	Unlimited	0	Unlimited	Selection constraint for Supported Operating System: no max | Q0D22AAE conditional visibility: portal selector activation required (OB); PORTAL_CONDITIONAL | Q0D23AAE conditional visibility: portal selector activation required (OB); PORTAL_CONDITIONAL | Q0D25AAE conditional visibility: portal selector activation required (OB); PORTAL_CONDITIONAL | Q0D26AAE conditional visibility: portal selector activation required (OB); PORTAL_CONDITIONAL | Q0D29AAE conditional visibility: portal selector activation required (OB); PORTAL_CONDITIONAL | Q0D30AAE conditional visibility: portal selector activation required (OB); PORTAL_CONDITIONAL | Q5W19AAE conditional visibility: portal selector activation required (OB); PORTAL_CONDITIONAL | Q5W20AAE conditional visibility: portal selector activation required (OB); PORTAL_CONDITIONAL | Q5W21AAE conditional visibility: portal selector activation required (OB); PORTAL_CONDITIONAL | Q5W22AAE conditional visibility: portal selector activation required (OB); PORTAL_CONDITIONAL | Q5W23AAE conditional visibility: portal selector activation required (OB); PORTAL_CONDITIONAL | Q5W24AAE conditional visibility: portal selector activation required (OB); PORTAL_CONDITIONAL | Q5W25AAE conditional visibility: portal selector activation required (OB); PORTAL_CONDITIONAL | Q5W26AAE conditional visibility: portal selector activation required (OB); PORTAL_CONDITIONAL | Q8U15AAE conditional visibility: portal selector activation required (OB); PORTAL_CONDITIONAL | Q8U16AAE conditional visibility: portal selector activation required (OB); PORTAL_CONDITIONAL | Q8U17AAE conditional visibility: portal selector activation required (OB); PORTAL_CONDITIONAL | Q8U18AAE conditional visibility: portal selector activation required (OB); PORTAL_CONDITIONAL | Q8U19AAE conditional visibility: portal selector activation required (OB); PORTAL_CONDITIONAL | Q8U20AAE conditional visibility: portal selector activation required (OB); PORTAL_CONDITIONAL | Q8U21AAE conditional visibility: portal selector activation required (OB); PORTAL_CONDITIONAL | Q8U22AAE conditional visibility: portal selector activation required (OB); PORTAL_CONDITIONAL | S3B60AAE conditional visibility: portal selector activation required (OB); PORTAL_CONDITIONAL | S3B61AAE conditional visibility: portal selector activation required (OB); PORTAL_CONDITIONAL | S3B62AAE conditional visibility: portal selector activation required (OB); PORTAL_CONDITIONAL | S3B63AAE conditional visibility: portal selector activation required (OB); PORTAL_CONDITIONAL | S3B64AAE conditional visibility: portal selector activation required (OB); PORTAL_CONDITIONAL | S3B65AAE conditional visibility: portal selector activation required (OB); PORTAL_CONDITIONAL | S3B66AAE conditional visibility: portal selector activation required (OB); PORTAL_CONDITIONAL | S3B67AAE conditional visibility: portal selector activation required (OB); PORTAL_CONDITIONAL | S3B68AAE conditional visibility: portal selector activation required (OB); PORTAL_CONDITIONAL | S3B69AAE conditional visibility: portal selector activation required (OB); PORTAL_CONDITIONAL | S3B70AAE conditional visibility: portal selector activation required (OB); PORTAL_CONDITIONAL | S3B71AAE conditional visibility: portal selector activation required (OB); PORTAL_CONDITIONAL | S7N77AAE conditional visibility: portal selector activation required (OB); PORTAL_CONDITIONAL | S7N78AAE conditional visibility: portal selector activation required (OB); PORTAL_CONDITIONAL	Q8U19AAE	Service	Red Hat Enterprise Linux for SAP Solutions for Physical Nodes 3yr Subscription 24x7 Support E-LTU	0	6737.00		NA		No	Available		Not published by OCA	Active	12/04/2017	11/30/2027	{"Extended Price (USD)":"NA"}	PRICE_AND_ATTRIBUTE_CHANGED	N/A	+$6737.00	0.00%	2026-09-10: (no price) → 2026-09-30: $6737.00
Software & Licenses	Supported Operating System	HPE OCA > DL380a Gen12 [P76706-B21] > Software & Licenses > Supported Operating System	Service & Support	Unlimited	0	Unlimited	Selection constraint for Supported Operating System: no max | Q0D22AAE conditional visibility: portal selector activation required (OB); PORTAL_CONDITIONAL | Q0D23AAE conditional visibility: portal selector activation required (OB); PORTAL_CONDITIONAL | Q0D25AAE conditional visibility: portal selector activation required (OB); PORTAL_CONDITIONAL | Q0D26AAE conditional visibility: portal selector activation required (OB); PORTAL_CONDITIONAL | Q0D29AAE conditional visibility: portal selector activation required (OB); PORTAL_CONDITIONAL | Q0D30AAE conditional visibility: portal selector activation required (OB); PORTAL_CONDITIONAL | Q5W19AAE conditional visibility: portal selector activation required (OB); PORTAL_CONDITIONAL | Q5W20AAE conditional visibility: portal selector activation required (OB); PORTAL_CONDITIONAL | Q5W21AAE conditional visibility: portal selector activation required (OB); PORTAL_CONDITIONAL | Q5W22AAE conditional visibility: portal selector activation required (OB); PORTAL_CONDITIONAL | Q5W23AAE conditional visibility: portal selector activation required (OB); PORTAL_CONDITIONAL | Q5W24AAE conditional visibility: portal selector activation required (OB); PORTAL_CONDITIONAL | Q5W25AAE conditional visibility: portal selector activation required (OB); PORTAL_CONDITIONAL | Q5W26AAE conditional visibility: portal selector activation required (OB); PORTAL_CONDITIONAL | Q8U15AAE conditional visibility: portal selector activation required (OB); PORTAL_CONDITIONAL | Q8U16AAE conditional visibility: portal selector activation required (OB); PORTAL_CONDITIONAL | Q8U17AAE conditional visibility: portal selector activation required (OB); PORTAL_CONDITIONAL | Q8U18AAE conditional visibility: portal selector activation required (OB); PORTAL_CONDITIONAL | Q8U19AAE conditional visibility: portal selector activation required (OB); PORTAL_CONDITIONAL | Q8U20AAE conditional visibility: portal selector activation required (OB); PORTAL_CONDITIONAL | Q8U21AAE conditional visibility: portal selector activation required (OB); PORTAL_CONDITIONAL | Q8U22AAE conditional visibility: portal selector activation required (OB); PORTAL_CONDITIONAL | S3B60AAE conditional visibility: portal selector activation required (OB); PORTAL_CONDITIONAL | S3B61AAE conditional visibility: portal selector activation required (OB); PORTAL_CONDITIONAL | S3B62AAE conditional visibility: portal selector activation required (OB); PORTAL_CONDITIONAL | S3B63AAE conditional visibility: portal selector activation required (OB); PORTAL_CONDITIONAL | S3B64AAE conditional visibility: portal selector activation required (OB); PORTAL_CONDITIONAL | S3B65AAE conditional visibility: portal selector activation required (OB); PORTAL_CONDITIONAL | S3B66AAE conditional visibility: portal selector activation required (OB); PORTAL_CONDITIONAL | S3B67AAE conditional visibility: portal selector activation required (OB); PORTAL_CONDITIONAL | S3B68AAE conditional visibility: portal selector activation required (OB); PORTAL_CONDITIONAL | S3B69AAE conditional visibility: portal selector activation required (OB); PORTAL_CONDITIONAL | S3B70AAE conditional visibility: portal selector activation required (OB); PORTAL_CONDITIONAL | S3B71AAE conditional visibility: portal selector activation required (OB); PORTAL_CONDITIONAL | S7N77AAE conditional visibility: portal selector activation required (OB); PORTAL_CONDITIONAL | S7N78AAE conditional visibility: portal selector activation required (OB); PORTAL_CONDITIONAL	Q8U20AAE	Service	Red Hat Enterprise Linux for SAP Solutions for Physical Nodes 5yr Subscription 24x7 Support E-LTU	0	11229.00		NA		No	Available		Not published by OCA	Active	12/04/2017	11/30/2027	{"Extended Price (USD)":"NA"}	PRICE_AND_ATTRIBUTE_CHANGED	N/A	+$11229.00	0.00%	2026-09-10: (no price) → 2026-09-30: $11229.00
Software & Licenses	Supported Operating System	HPE OCA > DL380a Gen12 [P76706-B21] > Software & Licenses > Supported Operating System	Service & Support	Unlimited	0	Unlimited	Selection constraint for Supported Operating System: no max | Q0D22AAE conditional visibility: portal selector activation required (OB); PORTAL_CONDITIONAL | Q0D23AAE conditional visibility: portal selector activation required (OB); PORTAL_CONDITIONAL | Q0D25AAE conditional visibility: portal selector activation required (OB); PORTAL_CONDITIONAL | Q0D26AAE conditional visibility: portal selector activation required (OB); PORTAL_CONDITIONAL | Q0D29AAE conditional visibility: portal selector activation required (OB); PORTAL_CONDITIONAL | Q0D30AAE conditional visibility: portal selector activation required (OB); PORTAL_CONDITIONAL | Q5W19AAE conditional visibility: portal selector activation required (OB); PORTAL_CONDITIONAL | Q5W20AAE conditional visibility: portal selector activation required (OB); PORTAL_CONDITIONAL | Q5W21AAE conditional visibility: portal selector activation required (OB); PORTAL_CONDITIONAL | Q5W22AAE conditional visibility: portal selector activation required (OB); PORTAL_CONDITIONAL | Q5W23AAE conditional visibility: portal selector activation required (OB); PORTAL_CONDITIONAL | Q5W24AAE conditional visibility: portal selector activation required (OB); PORTAL_CONDITIONAL | Q5W25AAE conditional visibility: portal selector activation required (OB); PORTAL_CONDITIONAL | Q5W26AAE conditional visibility: portal selector activation required (OB); PORTAL_CONDITIONAL | Q8U15AAE conditional visibility: portal selector activation required (OB); PORTAL_CONDITIONAL | Q8U16AAE conditional visibility: portal selector activation required (OB); PORTAL_CONDITIONAL | Q8U17AAE conditional visibility: portal selector activation required (OB); PORTAL_CONDITIONAL | Q8U18AAE conditional visibility: portal selector activation required (OB); PORTAL_CONDITIONAL | Q8U19AAE conditional visibility: portal selector activation required (OB); PORTAL_CONDITIONAL | Q8U20AAE conditional visibility: portal selector activation required (OB); PORTAL_CONDITIONAL | Q8U21AAE conditional visibility: portal selector activation required (OB); PORTAL_CONDITIONAL | Q8U22AAE conditional visibility: portal selector activation required (OB); PORTAL_CONDITIONAL | S3B60AAE conditional visibility: portal selector activation required (OB); PORTAL_CONDITIONAL | S3B61AAE conditional visibility: portal selector activation required (OB); PORTAL_CONDITIONAL | S3B62AAE conditional visibility: portal selector activation required (OB); PORTAL_CONDITIONAL | S3B63AAE conditional visibility: portal selector activation required (OB); PORTAL_CONDITIONAL | S3B64AAE conditional visibility: portal selector activation required (OB); PORTAL_CONDITIONAL | S3B65AAE conditional visibility: portal selector activation required (OB); PORTAL_CONDITIONAL | S3B66AAE conditional visibility: portal selector activation required (OB); PORTAL_CONDITIONAL | S3B67AAE conditional visibility: portal selector activation required (OB); PORTAL_CONDITIONAL | S3B68AAE conditional visibility: portal selector activation required (OB); PORTAL_CONDITIONAL | S3B69AAE conditional visibility: portal selector activation required (OB); PORTAL_CONDITIONAL | S3B70AAE conditional visibility: portal selector activation required (OB); PORTAL_CONDITIONAL | S3B71AAE conditional visibility: portal selector activation required (OB); PORTAL_CONDITIONAL | S7N77AAE conditional visibility: portal selector activation required (OB); PORTAL_CONDITIONAL | S7N78AAE conditional visibility: portal selector activation required (OB); PORTAL_CONDITIONAL	Q8U21AAE	Service	Red Hat Enterprise Linux for SAP Solutions for Physical Nodes 3yr Subscription 9x5 Support E-LTU	0	5483.00		NA		No	Available		Not published by OCA	Active	12/04/2017	11/30/2027	{"Extended Price (USD)":"NA"}	PRICE_AND_ATTRIBUTE_CHANGED	N/A	+$5483.00	0.00%	2026-09-10: (no price) → 2026-09-30: $5483.00
Software & Licenses	Supported Operating System	HPE OCA > DL380a Gen12 [P76706-B21] > Software & Licenses > Supported Operating System	Service & Support	Unlimited	0	Unlimited	Selection constraint for Supported Operating System: no max | Q0D22AAE conditional visibility: portal selector activation required (OB); PORTAL_CONDITIONAL | Q0D23AAE conditional visibility: portal selector activation required (OB); PORTAL_CONDITIONAL | Q0D25AAE conditional visibility: portal selector activation required (OB); PORTAL_CONDITIONAL | Q0D26AAE conditional visibility: portal selector activation required (OB); PORTAL_CONDITIONAL | Q0D29AAE conditional visibility: portal selector activation required (OB); PORTAL_CONDITIONAL | Q0D30AAE conditional visibility: portal selector activation required (OB); PORTAL_CONDITIONAL | Q5W19AAE conditional visibility: portal selector activation required (OB); PORTAL_CONDITIONAL | Q5W20AAE conditional visibility: portal selector activation required (OB); PORTAL_CONDITIONAL | Q5W21AAE conditional visibility: portal selector activation required (OB); PORTAL_CONDITIONAL | Q5W22AAE conditional visibility: portal selector activation required (OB); PORTAL_CONDITIONAL | Q5W23AAE conditional visibility: portal selector activation required (OB); PORTAL_CONDITIONAL | Q5W24AAE conditional visibility: portal selector activation required (OB); PORTAL_CONDITIONAL | Q5W25AAE conditional visibility: portal selector activation required (OB); PORTAL_CONDITIONAL | Q5W26AAE conditional visibility: portal selector activation required (OB); PORTAL_CONDITIONAL | Q8U15AAE conditional visibility: portal selector activation required (OB); PORTAL_CONDITIONAL | Q8U16AAE conditional visibility: portal selector activation required (OB); PORTAL_CONDITIONAL | Q8U17AAE conditional visibility: portal selector activation required (OB); PORTAL_CONDITIONAL | Q8U18AAE conditional visibility: portal selector activation required (OB); PORTAL_CONDITIONAL | Q8U19AAE conditional visibility: portal selector activation required (OB); PORTAL_CONDITIONAL | Q8U20AAE conditional visibility: portal selector activation required (OB); PORTAL_CONDITIONAL | Q8U21AAE conditional visibility: portal selector activation required (OB); PORTAL_CONDITIONAL | Q8U22AAE conditional visibility: portal selector activation required (OB); PORTAL_CONDITIONAL | S3B60AAE conditional visibility: portal selector activation required (OB); PORTAL_CONDITIONAL | S3B61AAE conditional visibility: portal selector activation required (OB); PORTAL_CONDITIONAL | S3B62AAE conditional visibility: portal selector activation required (OB); PORTAL_CONDITIONAL | S3B63AAE conditional visibility: portal selector activation required (OB); PORTAL_CONDITIONAL | S3B64AAE conditional visibility: portal selector activation required (OB); PORTAL_CONDITIONAL | S3B65AAE conditional visibility: portal selector activation required (OB); PORTAL_CONDITIONAL | S3B66AAE conditional visibility: portal selector activation required (OB); PORTAL_CONDITIONAL | S3B67AAE conditional visibility: portal selector activation required (OB); PORTAL_CONDITIONAL | S3B68AAE conditional visibility: portal selector activation required (OB); PORTAL_CONDITIONAL | S3B69AAE conditional visibility: portal selector activation required (OB); PORTAL_CONDITIONAL | S3B70AAE conditional visibility: portal selector activation required (OB); PORTAL_CONDITIONAL | S3B71AAE conditional visibility: portal selector activation required (OB); PORTAL_CONDITIONAL | S7N77AAE conditional visibility: portal selector activation required (OB); PORTAL_CONDITIONAL | S7N78AAE conditional visibility: portal selector activation required (OB); PORTAL_CONDITIONAL	Q8U22AAE	Service	Red Hat Enterprise Linux for SAP Solutions for Physical Nodes 5yr Subscription 9x5 Support E-LTU	0	9139.00		NA		No	Available		Not published by OCA	Active	12/04/2017	11/30/2027	{"Extended Price (USD)":"NA"}	PRICE_AND_ATTRIBUTE_CHANGED	N/A	+$9139.00	0.00%	2026-09-10: (no price) → 2026-09-30: $9139.00
Software & Licenses	Supported Operating System	HPE OCA > DL380a Gen12 [P76706-B21] > Software & Licenses > Supported Operating System	Service & Support	Unlimited	0	Unlimited	Selection constraint for Supported Operating System: no max | Q0D22AAE conditional visibility: portal selector activation required (OB); PORTAL_CONDITIONAL | Q0D23AAE conditional visibility: portal selector activation required (OB); PORTAL_CONDITIONAL | Q0D25AAE conditional visibility: portal selector activation required (OB); PORTAL_CONDITIONAL | Q0D26AAE conditional visibility: portal selector activation required (OB); PORTAL_CONDITIONAL | Q0D29AAE conditional visibility: portal selector activation required (OB); PORTAL_CONDITIONAL | Q0D30AAE conditional visibility: portal selector activation required (OB); PORTAL_CONDITIONAL | Q5W19AAE conditional visibility: portal selector activation required (OB); PORTAL_CONDITIONAL | Q5W20AAE conditional visibility: portal selector activation required (OB); PORTAL_CONDITIONAL | Q5W21AAE conditional visibility: portal selector activation required (OB); PORTAL_CONDITIONAL | Q5W22AAE conditional visibility: portal selector activation required (OB); PORTAL_CONDITIONAL | Q5W23AAE conditional visibility: portal selector activation required (OB); PORTAL_CONDITIONAL | Q5W24AAE conditional visibility: portal selector activation required (OB); PORTAL_CONDITIONAL | Q5W25AAE conditional visibility: portal selector activation required (OB); PORTAL_CONDITIONAL | Q5W26AAE conditional visibility: portal selector activation required (OB); PORTAL_CONDITIONAL | Q8U15AAE conditional visibility: portal selector activation required (OB); PORTAL_CONDITIONAL | Q8U16AAE conditional visibility: portal selector activation required (OB); PORTAL_CONDITIONAL | Q8U17AAE conditional visibility: portal selector activation required (OB); PORTAL_CONDITIONAL | Q8U18AAE conditional visibility: portal selector activation required (OB); PORTAL_CONDITIONAL | Q8U19AAE conditional visibility: portal selector activation required (OB); PORTAL_CONDITIONAL | Q8U20AAE conditional visibility: portal selector activation required (OB); PORTAL_CONDITIONAL | Q8U21AAE conditional visibility: portal selector activation required (OB); PORTAL_CONDITIONAL | Q8U22AAE conditional visibility: portal selector activation required (OB); PORTAL_CONDITIONAL | S3B60AAE conditional visibility: portal selector activation required (OB); PORTAL_CONDITIONAL | S3B61AAE conditional visibility: portal selector activation required (OB); PORTAL_CONDITIONAL | S3B62AAE conditional visibility: portal selector activation required (OB); PORTAL_CONDITIONAL | S3B63AAE conditional visibility: portal selector activation required (OB); PORTAL_CONDITIONAL | S3B64AAE conditional visibility: portal selector activation required (OB); PORTAL_CONDITIONAL | S3B65AAE conditional visibility: portal selector activation required (OB); PORTAL_CONDITIONAL | S3B66AAE conditional visibility: portal selector activation required (OB); PORTAL_CONDITIONAL | S3B67AAE conditional visibility: portal selector activation required (OB); PORTAL_CONDITIONAL | S3B68AAE conditional visibility: portal selector activation required (OB); PORTAL_CONDITIONAL | S3B69AAE conditional visibility: portal selector activation required (OB); PORTAL_CONDITIONAL | S3B70AAE conditional visibility: portal selector activation required (OB); PORTAL_CONDITIONAL | S3B71AAE conditional visibility: portal selector activation required (OB); PORTAL_CONDITIONAL | S7N77AAE conditional visibility: portal selector activation required (OB); PORTAL_CONDITIONAL | S7N78AAE conditional visibility: portal selector activation required (OB); PORTAL_CONDITIONAL	S3B60AAE	Service	SUSE Storage per Node Add-on 5-15 Nodes 1-year Subscription 24x7 Support E-LTU	0	1980.00		NA		No	Obsolete (OB)		Not published by OCA	Obsolete (OB)	03/04/2024	12/31/2024	{"Extended Price (USD)":"NA"}	PRICE_AND_ATTRIBUTE_CHANGED	N/A	+$1980.00	0.00%	2026-09-10: (no price) → 2026-09-30: $1980.00
Software & Licenses	Supported Operating System	HPE OCA > DL380a Gen12 [P76706-B21] > Software & Licenses > Supported Operating System	Service & Support	Unlimited	0	Unlimited	Selection constraint for Supported Operating System: no max | Q0D22AAE conditional visibility: portal selector activation required (OB); PORTAL_CONDITIONAL | Q0D23AAE conditional visibility: portal selector activation required (OB); PORTAL_CONDITIONAL | Q0D25AAE conditional visibility: portal selector activation required (OB); PORTAL_CONDITIONAL | Q0D26AAE conditional visibility: portal selector activation required (OB); PORTAL_CONDITIONAL | Q0D29AAE conditional visibility: portal selector activation required (OB); PORTAL_CONDITIONAL | Q0D30AAE conditional visibility: portal selector activation required (OB); PORTAL_CONDITIONAL | Q5W19AAE conditional visibility: portal selector activation required (OB); PORTAL_CONDITIONAL | Q5W20AAE conditional visibility: portal selector activation required (OB); PORTAL_CONDITIONAL | Q5W21AAE conditional visibility: portal selector activation required (OB); PORTAL_CONDITIONAL | Q5W22AAE conditional visibility: portal selector activation required (OB); PORTAL_CONDITIONAL | Q5W23AAE conditional visibility: portal selector activation required (OB); PORTAL_CONDITIONAL | Q5W24AAE conditional visibility: portal selector activation required (OB); PORTAL_CONDITIONAL | Q5W25AAE conditional visibility: portal selector activation required (OB); PORTAL_CONDITIONAL | Q5W26AAE conditional visibility: portal selector activation required (OB); PORTAL_CONDITIONAL | Q8U15AAE conditional visibility: portal selector activation required (OB); PORTAL_CONDITIONAL | Q8U16AAE conditional visibility: portal selector activation required (OB); PORTAL_CONDITIONAL | Q8U17AAE conditional visibility: portal selector activation required (OB); PORTAL_CONDITIONAL | Q8U18AAE conditional visibility: portal selector activation required (OB); PORTAL_CONDITIONAL | Q8U19AAE conditional visibility: portal selector activation required (OB); PORTAL_CONDITIONAL | Q8U20AAE conditional visibility: portal selector activation required (OB); PORTAL_CONDITIONAL | Q8U21AAE conditional visibility: portal selector activation required (OB); PORTAL_CONDITIONAL | Q8U22AAE conditional visibility: portal selector activation required (OB); PORTAL_CONDITIONAL | S3B60AAE conditional visibility: portal selector activation required (OB); PORTAL_CONDITIONAL | S3B61AAE conditional visibility: portal selector activation required (OB); PORTAL_CONDITIONAL | S3B62AAE conditional visibility: portal selector activation required (OB); PORTAL_CONDITIONAL | S3B63AAE conditional visibility: portal selector activation required (OB); PORTAL_CONDITIONAL | S3B64AAE conditional visibility: portal selector activation required (OB); PORTAL_CONDITIONAL | S3B65AAE conditional visibility: portal selector activation required (OB); PORTAL_CONDITIONAL | S3B66AAE conditional visibility: portal selector activation required (OB); PORTAL_CONDITIONAL | S3B67AAE conditional visibility: portal selector activation required (OB); PORTAL_CONDITIONAL | S3B68AAE conditional visibility: portal selector activation required (OB); PORTAL_CONDITIONAL | S3B69AAE conditional visibility: portal selector activation required (OB); PORTAL_CONDITIONAL | S3B70AAE conditional visibility: portal selector activation required (OB); PORTAL_CONDITIONAL | S3B71AAE conditional visibility: portal selector activation required (OB); PORTAL_CONDITIONAL | S7N77AAE conditional visibility: portal selector activation required (OB); PORTAL_CONDITIONAL | S7N78AAE conditional visibility: portal selector activation required (OB); PORTAL_CONDITIONAL	S3B61AAE	Service	SUSE Storage per Node Add-on 16-50 Nodes 1-year Subscription 24x7 Support E-LTU	0	1860.00		NA		No	Obsolete (OB)		Not published by OCA	Obsolete (OB)	03/04/2024	12/31/2024	{"Extended Price (USD)":"NA"}	PRICE_AND_ATTRIBUTE_CHANGED	N/A	+$1860.00	0.00%	2026-09-10: (no price) → 2026-09-30: $1860.00
Software & Licenses	Supported Operating System	HPE OCA > DL380a Gen12 [P76706-B21] > Software & Licenses > Supported Operating System	Service & Support	Unlimited	0	Unlimited	Selection constraint for Supported Operating System: no max | Q0D22AAE conditional visibility: portal selector activation required (OB); PORTAL_CONDITIONAL | Q0D23AAE conditional visibility: portal selector activation required (OB); PORTAL_CONDITIONAL | Q0D25AAE conditional visibility: portal selector activation required (OB); PORTAL_CONDITIONAL | Q0D26AAE conditional visibility: portal selector activation required (OB); PORTAL_CONDITIONAL | Q0D29AAE conditional visibility: portal selector activation required (OB); PORTAL_CONDITIONAL | Q0D30AAE conditional visibility: portal selector activation required (OB); PORTAL_CONDITIONAL | Q5W19AAE conditional visibility: portal selector activation required (OB); PORTAL_CONDITIONAL | Q5W20AAE conditional visibility: portal selector activation required (OB); PORTAL_CONDITIONAL | Q5W21AAE conditional visibility: portal selector activation required (OB); PORTAL_CONDITIONAL | Q5W22AAE conditional visibility: portal selector activation required (OB); PORTAL_CONDITIONAL | Q5W23AAE conditional visibility: portal selector activation required (OB); PORTAL_CONDITIONAL | Q5W24AAE conditional visibility: portal selector activation required (OB); PORTAL_CONDITIONAL | Q5W25AAE conditional visibility: portal selector activation required (OB); PORTAL_CONDITIONAL | Q5W26AAE conditional visibility: portal selector activation required (OB); PORTAL_CONDITIONAL | Q8U15AAE conditional visibility: portal selector activation required (OB); PORTAL_CONDITIONAL | Q8U16AAE conditional visibility: portal selector activation required (OB); PORTAL_CONDITIONAL | Q8U17AAE conditional visibility: portal selector activation required (OB); PORTAL_CONDITIONAL | Q8U18AAE conditional visibility: portal selector activation required (OB); PORTAL_CONDITIONAL | Q8U19AAE conditional visibility: portal selector activation required (OB); PORTAL_CONDITIONAL | Q8U20AAE conditional visibility: portal selector activation required (OB); PORTAL_CONDITIONAL | Q8U21AAE conditional visibility: portal selector activation required (OB); PORTAL_CONDITIONAL | Q8U22AAE conditional visibility: portal selector activation required (OB); PORTAL_CONDITIONAL | S3B60AAE conditional visibility: portal selector activation required (OB); PORTAL_CONDITIONAL | S3B61AAE conditional visibility: portal selector activation required (OB); PORTAL_CONDITIONAL | S3B62AAE conditional visibility: portal selector activation required (OB); PORTAL_CONDITIONAL | S3B63AAE conditional visibility: portal selector activation required (OB); PORTAL_CONDITIONAL | S3B64AAE conditional visibility: portal selector activation required (OB); PORTAL_CONDITIONAL | S3B65AAE conditional visibility: portal selector activation required (OB); PORTAL_CONDITIONAL | S3B66AAE conditional visibility: portal selector activation required (OB); PORTAL_CONDITIONAL | S3B67AAE conditional visibility: portal selector activation required (OB); PORTAL_CONDITIONAL | S3B68AAE conditional visibility: portal selector activation required (OB); PORTAL_CONDITIONAL | S3B69AAE conditional visibility: portal selector activation required (OB); PORTAL_CONDITIONAL | S3B70AAE conditional visibility: portal selector activation required (OB); PORTAL_CONDITIONAL | S3B71AAE conditional visibility: portal selector activation required (OB); PORTAL_CONDITIONAL | S7N77AAE conditional visibility: portal selector activation required (OB); PORTAL_CONDITIONAL | S7N78AAE conditional visibility: portal selector activation required (OB); PORTAL_CONDITIONAL	S3B62AAE	Service	SUSE Storage per Node Add-on 5-15 Nodes 3-year Subscription 24x7 Support E-LTU	0	5346.00		NA		No	Obsolete (OB)		Not published by OCA	Obsolete (OB)	03/04/2024	12/31/2024	{"Extended Price (USD)":"NA"}	PRICE_AND_ATTRIBUTE_CHANGED	N/A	+$5346.00	0.00%	2026-09-10: (no price) → 2026-09-30: $5346.00
Software & Licenses	Supported Operating System	HPE OCA > DL380a Gen12 [P76706-B21] > Software & Licenses > Supported Operating System	Service & Support	Unlimited	0	Unlimited	Selection constraint for Supported Operating System: no max | Q0D22AAE conditional visibility: portal selector activation required (OB); PORTAL_CONDITIONAL | Q0D23AAE conditional visibility: portal selector activation required (OB); PORTAL_CONDITIONAL | Q0D25AAE conditional visibility: portal selector activation required (OB); PORTAL_CONDITIONAL | Q0D26AAE conditional visibility: portal selector activation required (OB); PORTAL_CONDITIONAL | Q0D29AAE conditional visibility: portal selector activation required (OB); PORTAL_CONDITIONAL | Q0D30AAE conditional visibility: portal selector activation required (OB); PORTAL_CONDITIONAL | Q5W19AAE conditional visibility: portal selector activation required (OB); PORTAL_CONDITIONAL | Q5W20AAE conditional visibility: portal selector activation required (OB); PORTAL_CONDITIONAL | Q5W21AAE conditional visibility: portal selector activation required (OB); PORTAL_CONDITIONAL | Q5W22AAE conditional visibility: portal selector activation required (OB); PORTAL_CONDITIONAL | Q5W23AAE conditional visibility: portal selector activation required (OB); PORTAL_CONDITIONAL | Q5W24AAE conditional visibility: portal selector activation required (OB); PORTAL_CONDITIONAL | Q5W25AAE conditional visibility: portal selector activation required (OB); PORTAL_CONDITIONAL | Q5W26AAE conditional visibility: portal selector activation required (OB); PORTAL_CONDITIONAL | Q8U15AAE conditional visibility: portal selector activation required (OB); PORTAL_CONDITIONAL | Q8U16AAE conditional visibility: portal selector activation required (OB); PORTAL_CONDITIONAL | Q8U17AAE conditional visibility: portal selector activation required (OB); PORTAL_CONDITIONAL | Q8U18AAE conditional visibility: portal selector activation required (OB); PORTAL_CONDITIONAL | Q8U19AAE conditional visibility: portal selector activation required (OB); PORTAL_CONDITIONAL | Q8U20AAE conditional visibility: portal selector activation required (OB); PORTAL_CONDITIONAL | Q8U21AAE conditional visibility: portal selector activation required (OB); PORTAL_CONDITIONAL | Q8U22AAE conditional visibility: portal selector activation required (OB); PORTAL_CONDITIONAL | S3B60AAE conditional visibility: portal selector activation required (OB); PORTAL_CONDITIONAL | S3B61AAE conditional visibility: portal selector activation required (OB); PORTAL_CONDITIONAL | S3B62AAE conditional visibility: portal selector activation required (OB); PORTAL_CONDITIONAL | S3B63AAE conditional visibility: portal selector activation required (OB); PORTAL_CONDITIONAL | S3B64AAE conditional visibility: portal selector activation required (OB); PORTAL_CONDITIONAL | S3B65AAE conditional visibility: portal selector activation required (OB); PORTAL_CONDITIONAL | S3B66AAE conditional visibility: portal selector activation required (OB); PORTAL_CONDITIONAL | S3B67AAE conditional visibility: portal selector activation required (OB); PORTAL_CONDITIONAL | S3B68AAE conditional visibility: portal selector activation required (OB); PORTAL_CONDITIONAL | S3B69AAE conditional visibility: portal selector activation required (OB); PORTAL_CONDITIONAL | S3B70AAE conditional visibility: portal selector activation required (OB); PORTAL_CONDITIONAL | S3B71AAE conditional visibility: portal selector activation required (OB); PORTAL_CONDITIONAL | S7N77AAE conditional visibility: portal selector activation required (OB); PORTAL_CONDITIONAL | S7N78AAE conditional visibility: portal selector activation required (OB); PORTAL_CONDITIONAL	S3B63AAE	Service	SUSE Storage per Node Add-on 16-50 Nodes 3-year Subscription 24x7 Support E-LTU	0	5022.00		NA		No	Obsolete (OB)		Not published by OCA	Obsolete (OB)	03/04/2024	12/31/2024	{"Extended Price (USD)":"NA"}	PRICE_AND_ATTRIBUTE_CHANGED	N/A	+$5022.00	0.00%	2026-09-10: (no price) → 2026-09-30: $5022.00
Software & Licenses	Supported Operating System	HPE OCA > DL380a Gen12 [P76706-B21] > Software & Licenses > Supported Operating System	Service & Support	Unlimited	0	Unlimited	Selection constraint for Supported Operating System: no max | Q0D22AAE conditional visibility: portal selector activation required (OB); PORTAL_CONDITIONAL | Q0D23AAE conditional visibility: portal selector activation required (OB); PORTAL_CONDITIONAL | Q0D25AAE conditional visibility: portal selector activation required (OB); PORTAL_CONDITIONAL | Q0D26AAE conditional visibility: portal selector activation required (OB); PORTAL_CONDITIONAL | Q0D29AAE conditional visibility: portal selector activation required (OB); PORTAL_CONDITIONAL | Q0D30AAE conditional visibility: portal selector activation required (OB); PORTAL_CONDITIONAL | Q5W19AAE conditional visibility: portal selector activation required (OB); PORTAL_CONDITIONAL | Q5W20AAE conditional visibility: portal selector activation required (OB); PORTAL_CONDITIONAL | Q5W21AAE conditional visibility: portal selector activation required (OB); PORTAL_CONDITIONAL | Q5W22AAE conditional visibility: portal selector activation required (OB); PORTAL_CONDITIONAL | Q5W23AAE conditional visibility: portal selector activation required (OB); PORTAL_CONDITIONAL | Q5W24AAE conditional visibility: portal selector activation required (OB); PORTAL_CONDITIONAL | Q5W25AAE conditional visibility: portal selector activation required (OB); PORTAL_CONDITIONAL | Q5W26AAE conditional visibility: portal selector activation required (OB); PORTAL_CONDITIONAL | Q8U15AAE conditional visibility: portal selector activation required (OB); PORTAL_CONDITIONAL | Q8U16AAE conditional visibility: portal selector activation required (OB); PORTAL_CONDITIONAL | Q8U17AAE conditional visibility: portal selector activation required (OB); PORTAL_CONDITIONAL | Q8U18AAE conditional visibility: portal selector activation required (OB); PORTAL_CONDITIONAL | Q8U19AAE conditional visibility: portal selector activation required (OB); PORTAL_CONDITIONAL | Q8U20AAE conditional visibility: portal selector activation required (OB); PORTAL_CONDITIONAL | Q8U21AAE conditional visibility: portal selector activation required (OB); PORTAL_CONDITIONAL | Q8U22AAE conditional visibility: portal selector activation required (OB); PORTAL_CONDITIONAL | S3B60AAE conditional visibility: portal selector activation required (OB); PORTAL_CONDITIONAL | S3B61AAE conditional visibility: portal selector activation required (OB); PORTAL_CONDITIONAL | S3B62AAE conditional visibility: portal selector activation required (OB); PORTAL_CONDITIONAL | S3B63AAE conditional visibility: portal selector activation required (OB); PORTAL_CONDITIONAL | S3B64AAE conditional visibility: portal selector activation required (OB); PORTAL_CONDITIONAL | S3B65AAE conditional visibility: portal selector activation required (OB); PORTAL_CONDITIONAL | S3B66AAE conditional visibility: portal selector activation required (OB); PORTAL_CONDITIONAL | S3B67AAE conditional visibility: portal selector activation required (OB); PORTAL_CONDITIONAL | S3B68AAE conditional visibility: portal selector activation required (OB); PORTAL_CONDITIONAL | S3B69AAE conditional visibility: portal selector activation required (OB); PORTAL_CONDITIONAL | S3B70AAE conditional visibility: portal selector activation required (OB); PORTAL_CONDITIONAL | S3B71AAE conditional visibility: portal selector activation required (OB); PORTAL_CONDITIONAL | S7N77AAE conditional visibility: portal selector activation required (OB); PORTAL_CONDITIONAL | S7N78AAE conditional visibility: portal selector activation required (OB); PORTAL_CONDITIONAL	S3B64AAE	Service	SUSE Storage per Node Add-on 5-15 Nodes 5-year Subscription 24x7 Support E-LTU	0	8910.00		NA		No	Obsolete (OB)		Not published by OCA	Obsolete (OB)	03/04/2024	12/31/2024	{"Extended Price (USD)":"NA"}	PRICE_AND_ATTRIBUTE_CHANGED	N/A	+$8910.00	0.00%	2026-09-10: (no price) → 2026-09-30: $8910.00
Software & Licenses	Supported Operating System	HPE OCA > DL380a Gen12 [P76706-B21] > Software & Licenses > Supported Operating System	Service & Support	Unlimited	0	Unlimited	Selection constraint for Supported Operating System: no max | Q0D22AAE conditional visibility: portal selector activation required (OB); PORTAL_CONDITIONAL | Q0D23AAE conditional visibility: portal selector activation required (OB); PORTAL_CONDITIONAL | Q0D25AAE conditional visibility: portal selector activation required (OB); PORTAL_CONDITIONAL | Q0D26AAE conditional visibility: portal selector activation required (OB); PORTAL_CONDITIONAL | Q0D29AAE conditional visibility: portal selector activation required (OB); PORTAL_CONDITIONAL | Q0D30AAE conditional visibility: portal selector activation required (OB); PORTAL_CONDITIONAL | Q5W19AAE conditional visibility: portal selector activation required (OB); PORTAL_CONDITIONAL | Q5W20AAE conditional visibility: portal selector activation required (OB); PORTAL_CONDITIONAL | Q5W21AAE conditional visibility: portal selector activation required (OB); PORTAL_CONDITIONAL | Q5W22AAE conditional visibility: portal selector activation required (OB); PORTAL_CONDITIONAL | Q5W23AAE conditional visibility: portal selector activation required (OB); PORTAL_CONDITIONAL | Q5W24AAE conditional visibility: portal selector activation required (OB); PORTAL_CONDITIONAL | Q5W25AAE conditional visibility: portal selector activation required (OB); PORTAL_CONDITIONAL | Q5W26AAE conditional visibility: portal selector activation required (OB); PORTAL_CONDITIONAL | Q8U15AAE conditional visibility: portal selector activation required (OB); PORTAL_CONDITIONAL | Q8U16AAE conditional visibility: portal selector activation required (OB); PORTAL_CONDITIONAL | Q8U17AAE conditional visibility: portal selector activation required (OB); PORTAL_CONDITIONAL | Q8U18AAE conditional visibility: portal selector activation required (OB); PORTAL_CONDITIONAL | Q8U19AAE conditional visibility: portal selector activation required (OB); PORTAL_CONDITIONAL | Q8U20AAE conditional visibility: portal selector activation required (OB); PORTAL_CONDITIONAL | Q8U21AAE conditional visibility: portal selector activation required (OB); PORTAL_CONDITIONAL | Q8U22AAE conditional visibility: portal selector activation required (OB); PORTAL_CONDITIONAL | S3B60AAE conditional visibility: portal selector activation required (OB); PORTAL_CONDITIONAL | S3B61AAE conditional visibility: portal selector activation required (OB); PORTAL_CONDITIONAL | S3B62AAE conditional visibility: portal selector activation required (OB); PORTAL_CONDITIONAL | S3B63AAE conditional visibility: portal selector activation required (OB); PORTAL_CONDITIONAL | S3B64AAE conditional visibility: portal selector activation required (OB); PORTAL_CONDITIONAL | S3B65AAE conditional visibility: portal selector activation required (OB); PORTAL_CONDITIONAL | S3B66AAE conditional visibility: portal selector activation required (OB); PORTAL_CONDITIONAL | S3B67AAE conditional visibility: portal selector activation required (OB); PORTAL_CONDITIONAL | S3B68AAE conditional visibility: portal selector activation required (OB); PORTAL_CONDITIONAL | S3B69AAE conditional visibility: portal selector activation required (OB); PORTAL_CONDITIONAL | S3B70AAE conditional visibility: portal selector activation required (OB); PORTAL_CONDITIONAL | S3B71AAE conditional visibility: portal selector activation required (OB); PORTAL_CONDITIONAL | S7N77AAE conditional visibility: portal selector activation required (OB); PORTAL_CONDITIONAL | S7N78AAE conditional visibility: portal selector activation required (OB); PORTAL_CONDITIONAL	S3B65AAE	Service	SUSE Storage per Node Add-on 16-50 Nodes 5-year Subscription 24x7 Support E-LTU	0	8370.00		NA		No	Obsolete (OB)		Not published by OCA	Obsolete (OB)	03/04/2024	12/31/2024	{"Extended Price (USD)":"NA"}	PRICE_AND_ATTRIBUTE_CHANGED	N/A	+$8370.00	0.00%	2026-09-10: (no price) → 2026-09-30: $8370.00
Software & Licenses	Supported Operating System	HPE OCA > DL380a Gen12 [P76706-B21] > Software & Licenses > Supported Operating System	Operating System / License	Unlimited	0	Unlimited	Selection constraint for Supported Operating System: no max | Q0D22AAE conditional visibility: portal selector activation required (OB); PORTAL_CONDITIONAL | Q0D23AAE conditional visibility: portal selector activation required (OB); PORTAL_CONDITIONAL | Q0D25AAE conditional visibility: portal selector activation required (OB); PORTAL_CONDITIONAL | Q0D26AAE conditional visibility: portal selector activation required (OB); PORTAL_CONDITIONAL | Q0D29AAE conditional visibility: portal selector activation required (OB); PORTAL_CONDITIONAL | Q0D30AAE conditional visibility: portal selector activation required (OB); PORTAL_CONDITIONAL | Q5W19AAE conditional visibility: portal selector activation required (OB); PORTAL_CONDITIONAL | Q5W20AAE conditional visibility: portal selector activation required (OB); PORTAL_CONDITIONAL | Q5W21AAE conditional visibility: portal selector activation required (OB); PORTAL_CONDITIONAL | Q5W22AAE conditional visibility: portal selector activation required (OB); PORTAL_CONDITIONAL | Q5W23AAE conditional visibility: portal selector activation required (OB); PORTAL_CONDITIONAL | Q5W24AAE conditional visibility: portal selector activation required (OB); PORTAL_CONDITIONAL | Q5W25AAE conditional visibility: portal selector activation required (OB); PORTAL_CONDITIONAL | Q5W26AAE conditional visibility: portal selector activation required (OB); PORTAL_CONDITIONAL | Q8U15AAE conditional visibility: portal selector activation required (OB); PORTAL_CONDITIONAL | Q8U16AAE conditional visibility: portal selector activation required (OB); PORTAL_CONDITIONAL | Q8U17AAE conditional visibility: portal selector activation required (OB); PORTAL_CONDITIONAL | Q8U18AAE conditional visibility: portal selector activation required (OB); PORTAL_CONDITIONAL | Q8U19AAE conditional visibility: portal selector activation required (OB); PORTAL_CONDITIONAL | Q8U20AAE conditional visibility: portal selector activation required (OB); PORTAL_CONDITIONAL | Q8U21AAE conditional visibility: portal selector activation required (OB); PORTAL_CONDITIONAL | Q8U22AAE conditional visibility: portal selector activation required (OB); PORTAL_CONDITIONAL | S3B60AAE conditional visibility: portal selector activation required (OB); PORTAL_CONDITIONAL | S3B61AAE conditional visibility: portal selector activation required (OB); PORTAL_CONDITIONAL | S3B62AAE conditional visibility: portal selector activation required (OB); PORTAL_CONDITIONAL | S3B63AAE conditional visibility: portal selector activation required (OB); PORTAL_CONDITIONAL | S3B64AAE conditional visibility: portal selector activation required (OB); PORTAL_CONDITIONAL | S3B65AAE conditional visibility: portal selector activation required (OB); PORTAL_CONDITIONAL | S3B66AAE conditional visibility: portal selector activation required (OB); PORTAL_CONDITIONAL | S3B67AAE conditional visibility: portal selector activation required (OB); PORTAL_CONDITIONAL | S3B68AAE conditional visibility: portal selector activation required (OB); PORTAL_CONDITIONAL | S3B69AAE conditional visibility: portal selector activation required (OB); PORTAL_CONDITIONAL | S3B70AAE conditional visibility: portal selector activation required (OB); PORTAL_CONDITIONAL | S3B71AAE conditional visibility: portal selector activation required (OB); PORTAL_CONDITIONAL | S7N77AAE conditional visibility: portal selector activation required (OB); PORTAL_CONDITIONAL | S7N78AAE conditional visibility: portal selector activation required (OB); PORTAL_CONDITIONAL	S3B66AAE	Service	SUSE Rancher Prime with Rancher Prime Management Server per Node 5-15 Nodes 1yr Sub 24x7 Sup E-LTU	0	5400.00		NA		No	Obsolete (OB)		Not published by OCA	Obsolete (OB)	03/04/2024	12/31/2024	{"Extended Price (USD)":"NA"}	PRICE_AND_ATTRIBUTE_CHANGED	N/A	+$5400.00	0.00%	2026-09-10: (no price) → 2026-09-30: $5400.00
Software & Licenses	Supported Operating System	HPE OCA > DL380a Gen12 [P76706-B21] > Software & Licenses > Supported Operating System	Operating System / License	Unlimited	0	Unlimited	Selection constraint for Supported Operating System: no max | Q0D22AAE conditional visibility: portal selector activation required (OB); PORTAL_CONDITIONAL | Q0D23AAE conditional visibility: portal selector activation required (OB); PORTAL_CONDITIONAL | Q0D25AAE conditional visibility: portal selector activation required (OB); PORTAL_CONDITIONAL | Q0D26AAE conditional visibility: portal selector activation required (OB); PORTAL_CONDITIONAL | Q0D29AAE conditional visibility: portal selector activation required (OB); PORTAL_CONDITIONAL | Q0D30AAE conditional visibility: portal selector activation required (OB); PORTAL_CONDITIONAL | Q5W19AAE conditional visibility: portal selector activation required (OB); PORTAL_CONDITIONAL | Q5W20AAE conditional visibility: portal selector activation required (OB); PORTAL_CONDITIONAL | Q5W21AAE conditional visibility: portal selector activation required (OB); PORTAL_CONDITIONAL | Q5W22AAE conditional visibility: portal selector activation required (OB); PORTAL_CONDITIONAL | Q5W23AAE conditional visibility: portal selector activation required (OB); PORTAL_CONDITIONAL | Q5W24AAE conditional visibility: portal selector activation required (OB); PORTAL_CONDITIONAL | Q5W25AAE conditional visibility: portal selector activation required (OB); PORTAL_CONDITIONAL | Q5W26AAE conditional visibility: portal selector activation required (OB); PORTAL_CONDITIONAL | Q8U15AAE conditional visibility: portal selector activation required (OB); PORTAL_CONDITIONAL | Q8U16AAE conditional visibility: portal selector activation required (OB); PORTAL_CONDITIONAL | Q8U17AAE conditional visibility: portal selector activation required (OB); PORTAL_CONDITIONAL | Q8U18AAE conditional visibility: portal selector activation required (OB); PORTAL_CONDITIONAL | Q8U19AAE conditional visibility: portal selector activation required (OB); PORTAL_CONDITIONAL | Q8U20AAE conditional visibility: portal selector activation required (OB); PORTAL_CONDITIONAL | Q8U21AAE conditional visibility: portal selector activation required (OB); PORTAL_CONDITIONAL | Q8U22AAE conditional visibility: portal selector activation required (OB); PORTAL_CONDITIONAL | S3B60AAE conditional visibility: portal selector activation required (OB); PORTAL_CONDITIONAL | S3B61AAE conditional visibility: portal selector activation required (OB); PORTAL_CONDITIONAL | S3B62AAE conditional visibility: portal selector activation required (OB); PORTAL_CONDITIONAL | S3B63AAE conditional visibility: portal selector activation required (OB); PORTAL_CONDITIONAL | S3B64AAE conditional visibility: portal selector activation required (OB); PORTAL_CONDITIONAL | S3B65AAE conditional visibility: portal selector activation required (OB); PORTAL_CONDITIONAL | S3B66AAE conditional visibility: portal selector activation required (OB); PORTAL_CONDITIONAL | S3B67AAE conditional visibility: portal selector activation required (OB); PORTAL_CONDITIONAL | S3B68AAE conditional visibility: portal selector activation required (OB); PORTAL_CONDITIONAL | S3B69AAE conditional visibility: portal selector activation required (OB); PORTAL_CONDITIONAL | S3B70AAE conditional visibility: portal selector activation required (OB); PORTAL_CONDITIONAL | S3B71AAE conditional visibility: portal selector activation required (OB); PORTAL_CONDITIONAL | S7N77AAE conditional visibility: portal selector activation required (OB); PORTAL_CONDITIONAL | S7N78AAE conditional visibility: portal selector activation required (OB); PORTAL_CONDITIONAL	S3B67AAE	Service	SUSE Rancher Prime w/2x Rancher Prime Management Server per Node 16-50 Nodes 1yr Sub 24x7 Sup E-LTU	0	3851.00		NA		No	Obsolete (OB)		Not published by OCA	Obsolete (OB)	03/04/2024	12/31/2024	{"Extended Price (USD)":"NA"}	PRICE_AND_ATTRIBUTE_CHANGED	N/A	+$3851.00	0.00%	2026-09-10: (no price) → 2026-09-30: $3851.00
Software & Licenses	Supported Operating System	HPE OCA > DL380a Gen12 [P76706-B21] > Software & Licenses > Supported Operating System	Operating System / License	Unlimited	0	Unlimited	Selection constraint for Supported Operating System: no max | Q0D22AAE conditional visibility: portal selector activation required (OB); PORTAL_CONDITIONAL | Q0D23AAE conditional visibility: portal selector activation required (OB); PORTAL_CONDITIONAL | Q0D25AAE conditional visibility: portal selector activation required (OB); PORTAL_CONDITIONAL | Q0D26AAE conditional visibility: portal selector activation required (OB); PORTAL_CONDITIONAL | Q0D29AAE conditional visibility: portal selector activation required (OB); PORTAL_CONDITIONAL | Q0D30AAE conditional visibility: portal selector activation required (OB); PORTAL_CONDITIONAL | Q5W19AAE conditional visibility: portal selector activation required (OB); PORTAL_CONDITIONAL | Q5W20AAE conditional visibility: portal selector activation required (OB); PORTAL_CONDITIONAL | Q5W21AAE conditional visibility: portal selector activation required (OB); PORTAL_CONDITIONAL | Q5W22AAE conditional visibility: portal selector activation required (OB); PORTAL_CONDITIONAL | Q5W23AAE conditional visibility: portal selector activation required (OB); PORTAL_CONDITIONAL | Q5W24AAE conditional visibility: portal selector activation required (OB); PORTAL_CONDITIONAL | Q5W25AAE conditional visibility: portal selector activation required (OB); PORTAL_CONDITIONAL | Q5W26AAE conditional visibility: portal selector activation required (OB); PORTAL_CONDITIONAL | Q8U15AAE conditional visibility: portal selector activation required (OB); PORTAL_CONDITIONAL | Q8U16AAE conditional visibility: portal selector activation required (OB); PORTAL_CONDITIONAL | Q8U17AAE conditional visibility: portal selector activation required (OB); PORTAL_CONDITIONAL | Q8U18AAE conditional visibility: portal selector activation required (OB); PORTAL_CONDITIONAL | Q8U19AAE conditional visibility: portal selector activation required (OB); PORTAL_CONDITIONAL | Q8U20AAE conditional visibility: portal selector activation required (OB); PORTAL_CONDITIONAL | Q8U21AAE conditional visibility: portal selector activation required (OB); PORTAL_CONDITIONAL | Q8U22AAE conditional visibility: portal selector activation required (OB); PORTAL_CONDITIONAL | S3B60AAE conditional visibility: portal selector activation required (OB); PORTAL_CONDITIONAL | S3B61AAE conditional visibility: portal selector activation required (OB); PORTAL_CONDITIONAL | S3B62AAE conditional visibility: portal selector activation required (OB); PORTAL_CONDITIONAL | S3B63AAE conditional visibility: portal selector activation required (OB); PORTAL_CONDITIONAL | S3B64AAE conditional visibility: portal selector activation required (OB); PORTAL_CONDITIONAL | S3B65AAE conditional visibility: portal selector activation required (OB); PORTAL_CONDITIONAL | S3B66AAE conditional visibility: portal selector activation required (OB); PORTAL_CONDITIONAL | S3B67AAE conditional visibility: portal selector activation required (OB); PORTAL_CONDITIONAL | S3B68AAE conditional visibility: portal selector activation required (OB); PORTAL_CONDITIONAL | S3B69AAE conditional visibility: portal selector activation required (OB); PORTAL_CONDITIONAL | S3B70AAE conditional visibility: portal selector activation required (OB); PORTAL_CONDITIONAL | S3B71AAE conditional visibility: portal selector activation required (OB); PORTAL_CONDITIONAL | S7N77AAE conditional visibility: portal selector activation required (OB); PORTAL_CONDITIONAL | S7N78AAE conditional visibility: portal selector activation required (OB); PORTAL_CONDITIONAL	S3B68AAE	Service	SUSE Rancher Prime with Rancher Prime Management Server per Node 5-15 Nodes 3yr Sub 24x7 Sup E-LTU	0	14580.00		NA		No	Obsolete (OB)		Not published by OCA	Obsolete (OB)	03/04/2024	12/31/2024	{"Extended Price (USD)":"NA"}	PRICE_AND_ATTRIBUTE_CHANGED	N/A	+$14580.00	0.00%	2026-09-10: (no price) → 2026-09-30: $14580.00
Software & Licenses	Supported Operating System	HPE OCA > DL380a Gen12 [P76706-B21] > Software & Licenses > Supported Operating System	Operating System / License	Unlimited	0	Unlimited	Selection constraint for Supported Operating System: no max | Q0D22AAE conditional visibility: portal selector activation required (OB); PORTAL_CONDITIONAL | Q0D23AAE conditional visibility: portal selector activation required (OB); PORTAL_CONDITIONAL | Q0D25AAE conditional visibility: portal selector activation required (OB); PORTAL_CONDITIONAL | Q0D26AAE conditional visibility: portal selector activation required (OB); PORTAL_CONDITIONAL | Q0D29AAE conditional visibility: portal selector activation required (OB); PORTAL_CONDITIONAL | Q0D30AAE conditional visibility: portal selector activation required (OB); PORTAL_CONDITIONAL | Q5W19AAE conditional visibility: portal selector activation required (OB); PORTAL_CONDITIONAL | Q5W20AAE conditional visibility: portal selector activation required (OB); PORTAL_CONDITIONAL | Q5W21AAE conditional visibility: portal selector activation required (OB); PORTAL_CONDITIONAL | Q5W22AAE conditional visibility: portal selector activation required (OB); PORTAL_CONDITIONAL | Q5W23AAE conditional visibility: portal selector activation required (OB); PORTAL_CONDITIONAL | Q5W24AAE conditional visibility: portal selector activation required (OB); PORTAL_CONDITIONAL | Q5W25AAE conditional visibility: portal selector activation required (OB); PORTAL_CONDITIONAL | Q5W26AAE conditional visibility: portal selector activation required (OB); PORTAL_CONDITIONAL | Q8U15AAE conditional visibility: portal selector activation required (OB); PORTAL_CONDITIONAL | Q8U16AAE conditional visibility: portal selector activation required (OB); PORTAL_CONDITIONAL | Q8U17AAE conditional visibility: portal selector activation required (OB); PORTAL_CONDITIONAL | Q8U18AAE conditional visibility: portal selector activation required (OB); PORTAL_CONDITIONAL | Q8U19AAE conditional visibility: portal selector activation required (OB); PORTAL_CONDITIONAL | Q8U20AAE conditional visibility: portal selector activation required (OB); PORTAL_CONDITIONAL | Q8U21AAE conditional visibility: portal selector activation required (OB); PORTAL_CONDITIONAL | Q8U22AAE conditional visibility: portal selector activation required (OB); PORTAL_CONDITIONAL | S3B60AAE conditional visibility: portal selector activation required (OB); PORTAL_CONDITIONAL | S3B61AAE conditional visibility: portal selector activation required (OB); PORTAL_CONDITIONAL | S3B62AAE conditional visibility: portal selector activation required (OB); PORTAL_CONDITIONAL | S3B63AAE conditional visibility: portal selector activation required (OB); PORTAL_CONDITIONAL | S3B64AAE conditional visibility: portal selector activation required (OB); PORTAL_CONDITIONAL | S3B65AAE conditional visibility: portal selector activation required (OB); PORTAL_CONDITIONAL | S3B66AAE conditional visibility: portal selector activation required (OB); PORTAL_CONDITIONAL | S3B67AAE conditional visibility: portal selector activation required (OB); PORTAL_CONDITIONAL | S3B68AAE conditional visibility: portal selector activation required (OB); PORTAL_CONDITIONAL | S3B69AAE conditional visibility: portal selector activation required (OB); PORTAL_CONDITIONAL | S3B70AAE conditional visibility: portal selector activation required (OB); PORTAL_CONDITIONAL | S3B71AAE conditional visibility: portal selector activation required (OB); PORTAL_CONDITIONAL | S7N77AAE conditional visibility: portal selector activation required (OB); PORTAL_CONDITIONAL | S7N78AAE conditional visibility: portal selector activation required (OB); PORTAL_CONDITIONAL	S3B69AAE	Service	SUSE Rancher Prime w/2x Rancher Prime Management Server per Node 16-50 Nodes 3yr Sub 24x7 Sup E-LTU	0	10395.00		NA		No	Obsolete (OB)		Not published by OCA	Obsolete (OB)	03/04/2024	12/31/2024	{"Extended Price (USD)":"NA"}	PRICE_AND_ATTRIBUTE_CHANGED	N/A	+$10395.00	0.00%	2026-09-10: (no price) → 2026-09-30: $10395.00
Software & Licenses	Supported Operating System	HPE OCA > DL380a Gen12 [P76706-B21] > Software & Licenses > Supported Operating System	Operating System / License	Unlimited	0	Unlimited	Selection constraint for Supported Operating System: no max | Q0D22AAE conditional visibility: portal selector activation required (OB); PORTAL_CONDITIONAL | Q0D23AAE conditional visibility: portal selector activation required (OB); PORTAL_CONDITIONAL | Q0D25AAE conditional visibility: portal selector activation required (OB); PORTAL_CONDITIONAL | Q0D26AAE conditional visibility: portal selector activation required (OB); PORTAL_CONDITIONAL | Q0D29AAE conditional visibility: portal selector activation required (OB); PORTAL_CONDITIONAL | Q0D30AAE conditional visibility: portal selector activation required (OB); PORTAL_CONDITIONAL | Q5W19AAE conditional visibility: portal selector activation required (OB); PORTAL_CONDITIONAL | Q5W20AAE conditional visibility: portal selector activation required (OB); PORTAL_CONDITIONAL | Q5W21AAE conditional visibility: portal selector activation required (OB); PORTAL_CONDITIONAL | Q5W22AAE conditional visibility: portal selector activation required (OB); PORTAL_CONDITIONAL | Q5W23AAE conditional visibility: portal selector activation required (OB); PORTAL_CONDITIONAL | Q5W24AAE conditional visibility: portal selector activation required (OB); PORTAL_CONDITIONAL | Q5W25AAE conditional visibility: portal selector activation required (OB); PORTAL_CONDITIONAL | Q5W26AAE conditional visibility: portal selector activation required (OB); PORTAL_CONDITIONAL | Q8U15AAE conditional visibility: portal selector activation required (OB); PORTAL_CONDITIONAL | Q8U16AAE conditional visibility: portal selector activation required (OB); PORTAL_CONDITIONAL | Q8U17AAE conditional visibility: portal selector activation required (OB); PORTAL_CONDITIONAL | Q8U18AAE conditional visibility: portal selector activation required (OB); PORTAL_CONDITIONAL | Q8U19AAE conditional visibility: portal selector activation required (OB); PORTAL_CONDITIONAL | Q8U20AAE conditional visibility: portal selector activation required (OB); PORTAL_CONDITIONAL | Q8U21AAE conditional visibility: portal selector activation required (OB); PORTAL_CONDITIONAL | Q8U22AAE conditional visibility: portal selector activation required (OB); PORTAL_CONDITIONAL | S3B60AAE conditional visibility: portal selector activation required (OB); PORTAL_CONDITIONAL | S3B61AAE conditional visibility: portal selector activation required (OB); PORTAL_CONDITIONAL | S3B62AAE conditional visibility: portal selector activation required (OB); PORTAL_CONDITIONAL | S3B63AAE conditional visibility: portal selector activation required (OB); PORTAL_CONDITIONAL | S3B64AAE conditional visibility: portal selector activation required (OB); PORTAL_CONDITIONAL | S3B65AAE conditional visibility: portal selector activation required (OB); PORTAL_CONDITIONAL | S3B66AAE conditional visibility: portal selector activation required (OB); PORTAL_CONDITIONAL | S3B67AAE conditional visibility: portal selector activation required (OB); PORTAL_CONDITIONAL | S3B68AAE conditional visibility: portal selector activation required (OB); PORTAL_CONDITIONAL | S3B69AAE conditional visibility: portal selector activation required (OB); PORTAL_CONDITIONAL | S3B70AAE conditional visibility: portal selector activation required (OB); PORTAL_CONDITIONAL | S3B71AAE conditional visibility: portal selector activation required (OB); PORTAL_CONDITIONAL | S7N77AAE conditional visibility: portal selector activation required (OB); PORTAL_CONDITIONAL | S7N78AAE conditional visibility: portal selector activation required (OB); PORTAL_CONDITIONAL	S3B70AAE	Service	SUSE Rancher Prime with Rancher Prime Management Server per Node 5-15 Nodes 5yr Sub 24x7 Sup E-LTU	0	24300.00		NA		No	Obsolete (OB)		Not published by OCA	Obsolete (OB)	03/04/2024	12/31/2024	{"Extended Price (USD)":"NA"}	PRICE_AND_ATTRIBUTE_CHANGED	N/A	+$24300.00	0.00%	2026-09-10: (no price) → 2026-09-30: $24300.00
Software & Licenses	Supported Operating System	HPE OCA > DL380a Gen12 [P76706-B21] > Software & Licenses > Supported Operating System	Operating System / License	Unlimited	0	Unlimited	Selection constraint for Supported Operating System: no max | Q0D22AAE conditional visibility: portal selector activation required (OB); PORTAL_CONDITIONAL | Q0D23AAE conditional visibility: portal selector activation required (OB); PORTAL_CONDITIONAL | Q0D25AAE conditional visibility: portal selector activation required (OB); PORTAL_CONDITIONAL | Q0D26AAE conditional visibility: portal selector activation required (OB); PORTAL_CONDITIONAL | Q0D29AAE conditional visibility: portal selector activation required (OB); PORTAL_CONDITIONAL | Q0D30AAE conditional visibility: portal selector activation required (OB); PORTAL_CONDITIONAL | Q5W19AAE conditional visibility: portal selector activation required (OB); PORTAL_CONDITIONAL | Q5W20AAE conditional visibility: portal selector activation required (OB); PORTAL_CONDITIONAL | Q5W21AAE conditional visibility: portal selector activation required (OB); PORTAL_CONDITIONAL | Q5W22AAE conditional visibility: portal selector activation required (OB); PORTAL_CONDITIONAL | Q5W23AAE conditional visibility: portal selector activation required (OB); PORTAL_CONDITIONAL | Q5W24AAE conditional visibility: portal selector activation required (OB); PORTAL_CONDITIONAL | Q5W25AAE conditional visibility: portal selector activation required (OB); PORTAL_CONDITIONAL | Q5W26AAE conditional visibility: portal selector activation required (OB); PORTAL_CONDITIONAL | Q8U15AAE conditional visibility: portal selector activation required (OB); PORTAL_CONDITIONAL | Q8U16AAE conditional visibility: portal selector activation required (OB); PORTAL_CONDITIONAL | Q8U17AAE conditional visibility: portal selector activation required (OB); PORTAL_CONDITIONAL | Q8U18AAE conditional visibility: portal selector activation required (OB); PORTAL_CONDITIONAL | Q8U19AAE conditional visibility: portal selector activation required (OB); PORTAL_CONDITIONAL | Q8U20AAE conditional visibility: portal selector activation required (OB); PORTAL_CONDITIONAL | Q8U21AAE conditional visibility: portal selector activation required (OB); PORTAL_CONDITIONAL | Q8U22AAE conditional visibility: portal selector activation required (OB); PORTAL_CONDITIONAL | S3B60AAE conditional visibility: portal selector activation required (OB); PORTAL_CONDITIONAL | S3B61AAE conditional visibility: portal selector activation required (OB); PORTAL_CONDITIONAL | S3B62AAE conditional visibility: portal selector activation required (OB); PORTAL_CONDITIONAL | S3B63AAE conditional visibility: portal selector activation required (OB); PORTAL_CONDITIONAL | S3B64AAE conditional visibility: portal selector activation required (OB); PORTAL_CONDITIONAL | S3B65AAE conditional visibility: portal selector activation required (OB); PORTAL_CONDITIONAL | S3B66AAE conditional visibility: portal selector activation required (OB); PORTAL_CONDITIONAL | S3B67AAE conditional visibility: portal selector activation required (OB); PORTAL_CONDITIONAL | S3B68AAE conditional visibility: portal selector activation required (OB); PORTAL_CONDITIONAL | S3B69AAE conditional visibility: portal selector activation required (OB); PORTAL_CONDITIONAL | S3B70AAE conditional visibility: portal selector activation required (OB); PORTAL_CONDITIONAL | S3B71AAE conditional visibility: portal selector activation required (OB); PORTAL_CONDITIONAL | S7N77AAE conditional visibility: portal selector activation required (OB); PORTAL_CONDITIONAL | S7N78AAE conditional visibility: portal selector activation required (OB); PORTAL_CONDITIONAL	S3B71AAE	Service	SUSE Rancher Prime w/2x Rancher Prime Management Server per Node 16-50 Nodes 5yr Sub 24x7 Sup E-LTU	0	17325.00		NA		No	Obsolete (OB)		Not published by OCA	Obsolete (OB)	03/04/2024	12/31/2024	{"Extended Price (USD)":"NA"}	PRICE_AND_ATTRIBUTE_CHANGED	N/A	+$17325.00	0.00%	2026-09-10: (no price) → 2026-09-30: $17325.00
Software & Licenses	Supported Operating System	HPE OCA > DL380a Gen12 [P76706-B21] > Software & Licenses > Supported Operating System	Operating System / License	Unlimited	0	Unlimited	Selection constraint for Supported Operating System: no max | Q0D22AAE conditional visibility: portal selector activation required (OB); PORTAL_CONDITIONAL | Q0D23AAE conditional visibility: portal selector activation required (OB); PORTAL_CONDITIONAL | Q0D25AAE conditional visibility: portal selector activation required (OB); PORTAL_CONDITIONAL | Q0D26AAE conditional visibility: portal selector activation required (OB); PORTAL_CONDITIONAL | Q0D29AAE conditional visibility: portal selector activation required (OB); PORTAL_CONDITIONAL | Q0D30AAE conditional visibility: portal selector activation required (OB); PORTAL_CONDITIONAL | Q5W19AAE conditional visibility: portal selector activation required (OB); PORTAL_CONDITIONAL | Q5W20AAE conditional visibility: portal selector activation required (OB); PORTAL_CONDITIONAL | Q5W21AAE conditional visibility: portal selector activation required (OB); PORTAL_CONDITIONAL | Q5W22AAE conditional visibility: portal selector activation required (OB); PORTAL_CONDITIONAL | Q5W23AAE conditional visibility: portal selector activation required (OB); PORTAL_CONDITIONAL | Q5W24AAE conditional visibility: portal selector activation required (OB); PORTAL_CONDITIONAL | Q5W25AAE conditional visibility: portal selector activation required (OB); PORTAL_CONDITIONAL | Q5W26AAE conditional visibility: portal selector activation required (OB); PORTAL_CONDITIONAL | Q8U15AAE conditional visibility: portal selector activation required (OB); PORTAL_CONDITIONAL | Q8U16AAE conditional visibility: portal selector activation required (OB); PORTAL_CONDITIONAL | Q8U17AAE conditional visibility: portal selector activation required (OB); PORTAL_CONDITIONAL | Q8U18AAE conditional visibility: portal selector activation required (OB); PORTAL_CONDITIONAL | Q8U19AAE conditional visibility: portal selector activation required (OB); PORTAL_CONDITIONAL | Q8U20AAE conditional visibility: portal selector activation required (OB); PORTAL_CONDITIONAL | Q8U21AAE conditional visibility: portal selector activation required (OB); PORTAL_CONDITIONAL | Q8U22AAE conditional visibility: portal selector activation required (OB); PORTAL_CONDITIONAL | S3B60AAE conditional visibility: portal selector activation required (OB); PORTAL_CONDITIONAL | S3B61AAE conditional visibility: portal selector activation required (OB); PORTAL_CONDITIONAL | S3B62AAE conditional visibility: portal selector activation required (OB); PORTAL_CONDITIONAL | S3B63AAE conditional visibility: portal selector activation required (OB); PORTAL_CONDITIONAL | S3B64AAE conditional visibility: portal selector activation required (OB); PORTAL_CONDITIONAL | S3B65AAE conditional visibility: portal selector activation required (OB); PORTAL_CONDITIONAL | S3B66AAE conditional visibility: portal selector activation required (OB); PORTAL_CONDITIONAL | S3B67AAE conditional visibility: portal selector activation required (OB); PORTAL_CONDITIONAL | S3B68AAE conditional visibility: portal selector activation required (OB); PORTAL_CONDITIONAL | S3B69AAE conditional visibility: portal selector activation required (OB); PORTAL_CONDITIONAL | S3B70AAE conditional visibility: portal selector activation required (OB); PORTAL_CONDITIONAL | S3B71AAE conditional visibility: portal selector activation required (OB); PORTAL_CONDITIONAL | S7N77AAE conditional visibility: portal selector activation required (OB); PORTAL_CONDITIONAL | S7N78AAE conditional visibility: portal selector activation required (OB); PORTAL_CONDITIONAL	S7N77AAE	Service	SUSE Linux Enterprise Server for SAP Applications 1-2 Sockets Unlimited VM 3yr Sub 24x7 Sup E-LTU	0	18873.00		NA		No	Available		Not published by OCA	Active	03/02/2026	04/30/2028	{"Extended Price (USD)":"NA"}	PRICE_AND_ATTRIBUTE_CHANGED	N/A	+$18873.00	0.00%	2026-09-10: (no price) → 2026-09-30: $18873.00
Software & Licenses	Supported Operating System	HPE OCA > DL380a Gen12 [P76706-B21] > Software & Licenses > Supported Operating System	Operating System / License	Unlimited	0	Unlimited	Selection constraint for Supported Operating System: no max | Q0D22AAE conditional visibility: portal selector activation required (OB); PORTAL_CONDITIONAL | Q0D23AAE conditional visibility: portal selector activation required (OB); PORTAL_CONDITIONAL | Q0D25AAE conditional visibility: portal selector activation required (OB); PORTAL_CONDITIONAL | Q0D26AAE conditional visibility: portal selector activation required (OB); PORTAL_CONDITIONAL | Q0D29AAE conditional visibility: portal selector activation required (OB); PORTAL_CONDITIONAL | Q0D30AAE conditional visibility: portal selector activation required (OB); PORTAL_CONDITIONAL | Q5W19AAE conditional visibility: portal selector activation required (OB); PORTAL_CONDITIONAL | Q5W20AAE conditional visibility: portal selector activation required (OB); PORTAL_CONDITIONAL | Q5W21AAE conditional visibility: portal selector activation required (OB); PORTAL_CONDITIONAL | Q5W22AAE conditional visibility: portal selector activation required (OB); PORTAL_CONDITIONAL | Q5W23AAE conditional visibility: portal selector activation required (OB); PORTAL_CONDITIONAL | Q5W24AAE conditional visibility: portal selector activation required (OB); PORTAL_CONDITIONAL | Q5W25AAE conditional visibility: portal selector activation required (OB); PORTAL_CONDITIONAL | Q5W26AAE conditional visibility: portal selector activation required (OB); PORTAL_CONDITIONAL | Q8U15AAE conditional visibility: portal selector activation required (OB); PORTAL_CONDITIONAL | Q8U16AAE conditional visibility: portal selector activation required (OB); PORTAL_CONDITIONAL | Q8U17AAE conditional visibility: portal selector activation required (OB); PORTAL_CONDITIONAL | Q8U18AAE conditional visibility: portal selector activation required (OB); PORTAL_CONDITIONAL | Q8U19AAE conditional visibility: portal selector activation required (OB); PORTAL_CONDITIONAL | Q8U20AAE conditional visibility: portal selector activation required (OB); PORTAL_CONDITIONAL | Q8U21AAE conditional visibility: portal selector activation required (OB); PORTAL_CONDITIONAL | Q8U22AAE conditional visibility: portal selector activation required (OB); PORTAL_CONDITIONAL | S3B60AAE conditional visibility: portal selector activation required (OB); PORTAL_CONDITIONAL | S3B61AAE conditional visibility: portal selector activation required (OB); PORTAL_CONDITIONAL | S3B62AAE conditional visibility: portal selector activation required (OB); PORTAL_CONDITIONAL | S3B63AAE conditional visibility: portal selector activation required (OB); PORTAL_CONDITIONAL | S3B64AAE conditional visibility: portal selector activation required (OB); PORTAL_CONDITIONAL | S3B65AAE conditional visibility: portal selector activation required (OB); PORTAL_CONDITIONAL | S3B66AAE conditional visibility: portal selector activation required (OB); PORTAL_CONDITIONAL | S3B67AAE conditional visibility: portal selector activation required (OB); PORTAL_CONDITIONAL | S3B68AAE conditional visibility: portal selector activation required (OB); PORTAL_CONDITIONAL | S3B69AAE conditional visibility: portal selector activation required (OB); PORTAL_CONDITIONAL | S3B70AAE conditional visibility: portal selector activation required (OB); PORTAL_CONDITIONAL | S3B71AAE conditional visibility: portal selector activation required (OB); PORTAL_CONDITIONAL | S7N77AAE conditional visibility: portal selector activation required (OB); PORTAL_CONDITIONAL | S7N78AAE conditional visibility: portal selector activation required (OB); PORTAL_CONDITIONAL	S7N78AAE	Service	SUSE Linux Enterprise Server for SAP Applications 1-2 Sockets Unlimited VM 5yr Sub 24x7 Sup E-LTU	0	31455.00		NA		No	Available		Not published by OCA	Active	03/02/2026	04/30/2028	{"Extended Price (USD)":"NA"}	PRICE_AND_ATTRIBUTE_CHANGED	N/A	+$31455.00	0.00%	2026-09-10: (no price) → 2026-09-30: $31455.00
Software & Licenses	Red Hat OpenShift Platform Container	HPE OCA > DL380a Gen12 [P76706-B21] > Software & Licenses > Red Hat OpenShift Platform Container	Service & Support	Unlimited	0	Unlimited	Selection constraint for Red Hat OpenShift Platform Container: no max | R6J26AAE conditional visibility: portal selector activation required (OB); PORTAL_CONDITIONAL | R6J29AAE conditional visibility: portal selector activation required (OB); PORTAL_CONDITIONAL | R6J33AAE conditional visibility: portal selector activation required (OB); PORTAL_CONDITIONAL | R6J34AAE conditional visibility: portal selector activation required (OB); PORTAL_CONDITIONAL | R6J35AAE conditional visibility: portal selector activation required (OB); PORTAL_CONDITIONAL | S3Z84AAE conditional visibility: portal selector activation required (OB); PORTAL_CONDITIONAL | S3Z85AAE conditional visibility: portal selector activation required (OB); PORTAL_CONDITIONAL | S3Z86AAE conditional visibility: portal selector activation required (OB); PORTAL_CONDITIONAL | S3Z87AAE conditional visibility: portal selector activation required (OB); PORTAL_CONDITIONAL | S3Z88AAE conditional visibility: portal selector activation required (OB); PORTAL_CONDITIONAL | S3Z89AAE conditional visibility: portal selector activation required (OB); PORTAL_CONDITIONAL | S3Z90AAE conditional visibility: portal selector activation required (OB); PORTAL_CONDITIONAL | S3Z91AAE conditional visibility: portal selector activation required (OB); PORTAL_CONDITIONAL	R6J26AAE	Service	Red Hat Ansible Automation Platform 100 Nodes 1yr Subscription 9x5 RH Support E-LTU	0	21544.00		NA		No	Available		Not published by OCA	Active	08/03/2020	09/30/2028	{"Extended Price (USD)":"NA"}	PRICE_AND_ATTRIBUTE_CHANGED	N/A	+$21544.00	0.00%	2026-09-10: (no price) → 2026-09-30: $21544.00
Software & Licenses	Red Hat OpenShift Platform Container	HPE OCA > DL380a Gen12 [P76706-B21] > Software & Licenses > Red Hat OpenShift Platform Container	Service & Support	Unlimited	0	Unlimited	Selection constraint for Red Hat OpenShift Platform Container: no max | R6J26AAE conditional visibility: portal selector activation required (OB); PORTAL_CONDITIONAL | R6J29AAE conditional visibility: portal selector activation required (OB); PORTAL_CONDITIONAL | R6J33AAE conditional visibility: portal selector activation required (OB); PORTAL_CONDITIONAL | R6J34AAE conditional visibility: portal selector activation required (OB); PORTAL_CONDITIONAL | R6J35AAE conditional visibility: portal selector activation required (OB); PORTAL_CONDITIONAL | S3Z84AAE conditional visibility: portal selector activation required (OB); PORTAL_CONDITIONAL | S3Z85AAE conditional visibility: portal selector activation required (OB); PORTAL_CONDITIONAL | S3Z86AAE conditional visibility: portal selector activation required (OB); PORTAL_CONDITIONAL | S3Z87AAE conditional visibility: portal selector activation required (OB); PORTAL_CONDITIONAL | S3Z88AAE conditional visibility: portal selector activation required (OB); PORTAL_CONDITIONAL | S3Z89AAE conditional visibility: portal selector activation required (OB); PORTAL_CONDITIONAL | S3Z90AAE conditional visibility: portal selector activation required (OB); PORTAL_CONDITIONAL | S3Z91AAE conditional visibility: portal selector activation required (OB); PORTAL_CONDITIONAL	R6J29AAE	Service	Red Hat Ansible Automation Platform 100 Nodes 3yr Subscription 9x5 RH Support E-LTU	0	86513.00		NA		No	Obsolete (OB)		Not published by OCA	Obsolete (OB)	08/03/2020	03/01/2025	{"Extended Price (USD)":"NA"}	PRICE_AND_ATTRIBUTE_CHANGED	N/A	+$86513.00	0.00%	2026-09-10: (no price) → 2026-09-30: $86513.00
Software & Licenses	Red Hat OpenShift Platform Container	HPE OCA > DL380a Gen12 [P76706-B21] > Software & Licenses > Red Hat OpenShift Platform Container	Service & Support	Unlimited	0	Unlimited	Selection constraint for Red Hat OpenShift Platform Container: no max | R6J26AAE conditional visibility: portal selector activation required (OB); PORTAL_CONDITIONAL | R6J29AAE conditional visibility: portal selector activation required (OB); PORTAL_CONDITIONAL | R6J33AAE conditional visibility: portal selector activation required (OB); PORTAL_CONDITIONAL | R6J34AAE conditional visibility: portal selector activation required (OB); PORTAL_CONDITIONAL | R6J35AAE conditional visibility: portal selector activation required (OB); PORTAL_CONDITIONAL | S3Z84AAE conditional visibility: portal selector activation required (OB); PORTAL_CONDITIONAL | S3Z85AAE conditional visibility: portal selector activation required (OB); PORTAL_CONDITIONAL | S3Z86AAE conditional visibility: portal selector activation required (OB); PORTAL_CONDITIONAL | S3Z87AAE conditional visibility: portal selector activation required (OB); PORTAL_CONDITIONAL | S3Z88AAE conditional visibility: portal selector activation required (OB); PORTAL_CONDITIONAL | S3Z89AAE conditional visibility: portal selector activation required (OB); PORTAL_CONDITIONAL | S3Z90AAE conditional visibility: portal selector activation required (OB); PORTAL_CONDITIONAL | S3Z91AAE conditional visibility: portal selector activation required (OB); PORTAL_CONDITIONAL	R6J33AAE	Service	Red Hat OpenShift Container Platform 2 Cores or 4 vCPUs 1yr Subscription 9x5 RH Support E-LTU	0	4475.00		NA		No	Available		Not published by OCA	Active	08/03/2020	09/30/2028	{"Extended Price (USD)":"NA"}	PRICE_AND_ATTRIBUTE_CHANGED	N/A	+$4475.00	0.00%	2026-09-10: (no price) → 2026-09-30: $4475.00
Software & Licenses	Red Hat OpenShift Platform Container	HPE OCA > DL380a Gen12 [P76706-B21] > Software & Licenses > Red Hat OpenShift Platform Container	Service & Support	Unlimited	0	Unlimited	Selection constraint for Red Hat OpenShift Platform Container: no max | R6J26AAE conditional visibility: portal selector activation required (OB); PORTAL_CONDITIONAL | R6J29AAE conditional visibility: portal selector activation required (OB); PORTAL_CONDITIONAL | R6J33AAE conditional visibility: portal selector activation required (OB); PORTAL_CONDITIONAL | R6J34AAE conditional visibility: portal selector activation required (OB); PORTAL_CONDITIONAL | R6J35AAE conditional visibility: portal selector activation required (OB); PORTAL_CONDITIONAL | S3Z84AAE conditional visibility: portal selector activation required (OB); PORTAL_CONDITIONAL | S3Z85AAE conditional visibility: portal selector activation required (OB); PORTAL_CONDITIONAL | S3Z86AAE conditional visibility: portal selector activation required (OB); PORTAL_CONDITIONAL | S3Z87AAE conditional visibility: portal selector activation required (OB); PORTAL_CONDITIONAL | S3Z88AAE conditional visibility: portal selector activation required (OB); PORTAL_CONDITIONAL | S3Z89AAE conditional visibility: portal selector activation required (OB); PORTAL_CONDITIONAL | S3Z90AAE conditional visibility: portal selector activation required (OB); PORTAL_CONDITIONAL | S3Z91AAE conditional visibility: portal selector activation required (OB); PORTAL_CONDITIONAL	R6J34AAE	Service	Red Hat OpenShift Container Platform 2 Cores or 4 vCPUs 3yr Subscription 24x7 RH Support E-LTU	0	26642.00		NA		No	Obsolete (OB)		Not published by OCA	Obsolete (OB)	08/03/2020	03/01/2025	{"Extended Price (USD)":"NA"}	PRICE_AND_ATTRIBUTE_CHANGED	N/A	+$26642.00	0.00%	2026-09-10: (no price) → 2026-09-30: $26642.00
Software & Licenses	Red Hat OpenShift Platform Container	HPE OCA > DL380a Gen12 [P76706-B21] > Software & Licenses > Red Hat OpenShift Platform Container	Service & Support	Unlimited	0	Unlimited	Selection constraint for Red Hat OpenShift Platform Container: no max | R6J26AAE conditional visibility: portal selector activation required (OB); PORTAL_CONDITIONAL | R6J29AAE conditional visibility: portal selector activation required (OB); PORTAL_CONDITIONAL | R6J33AAE conditional visibility: portal selector activation required (OB); PORTAL_CONDITIONAL | R6J34AAE conditional visibility: portal selector activation required (OB); PORTAL_CONDITIONAL | R6J35AAE conditional visibility: portal selector activation required (OB); PORTAL_CONDITIONAL | S3Z84AAE conditional visibility: portal selector activation required (OB); PORTAL_CONDITIONAL | S3Z85AAE conditional visibility: portal selector activation required (OB); PORTAL_CONDITIONAL | S3Z86AAE conditional visibility: portal selector activation required (OB); PORTAL_CONDITIONAL | S3Z87AAE conditional visibility: portal selector activation required (OB); PORTAL_CONDITIONAL | S3Z88AAE conditional visibility: portal selector activation required (OB); PORTAL_CONDITIONAL | S3Z89AAE conditional visibility: portal selector activation required (OB); PORTAL_CONDITIONAL | S3Z90AAE conditional visibility: portal selector activation required (OB); PORTAL_CONDITIONAL | S3Z91AAE conditional visibility: portal selector activation required (OB); PORTAL_CONDITIONAL	R6J35AAE	Service	Red Hat OpenShift Container Platform 2 Cores or 4 vCPUs 3yr Subscription 9x5 RH Support E-LTU	0	17987.00		NA		No	Obsolete (OB)		Not published by OCA	Obsolete (OB)	08/03/2020	03/01/2025	{"Extended Price (USD)":"NA"}	PRICE_AND_ATTRIBUTE_CHANGED	N/A	+$17987.00	0.00%	2026-09-10: (no price) → 2026-09-30: $17987.00
Software & Licenses	Red Hat OpenShift Platform Container	HPE OCA > DL380a Gen12 [P76706-B21] > Software & Licenses > Red Hat OpenShift Platform Container	Service & Support	Unlimited	0	Unlimited	Selection constraint for Red Hat OpenShift Platform Container: no max | R6J26AAE conditional visibility: portal selector activation required (OB); PORTAL_CONDITIONAL | R6J29AAE conditional visibility: portal selector activation required (OB); PORTAL_CONDITIONAL | R6J33AAE conditional visibility: portal selector activation required (OB); PORTAL_CONDITIONAL | R6J34AAE conditional visibility: portal selector activation required (OB); PORTAL_CONDITIONAL | R6J35AAE conditional visibility: portal selector activation required (OB); PORTAL_CONDITIONAL | S3Z84AAE conditional visibility: portal selector activation required (OB); PORTAL_CONDITIONAL | S3Z85AAE conditional visibility: portal selector activation required (OB); PORTAL_CONDITIONAL | S3Z86AAE conditional visibility: portal selector activation required (OB); PORTAL_CONDITIONAL | S3Z87AAE conditional visibility: portal selector activation required (OB); PORTAL_CONDITIONAL | S3Z88AAE conditional visibility: portal selector activation required (OB); PORTAL_CONDITIONAL | S3Z89AAE conditional visibility: portal selector activation required (OB); PORTAL_CONDITIONAL | S3Z90AAE conditional visibility: portal selector activation required (OB); PORTAL_CONDITIONAL | S3Z91AAE conditional visibility: portal selector activation required (OB); PORTAL_CONDITIONAL	S3Z84AAE	Service	Red Hat OpenShift Container Platform Bare Metal 1 Physical Node 1yr Subscription 24x7 Support E-LTU	0	53719.00		NA		No	EOL Warning (90-Day)		Not published by OCA	EOL Warning (90-Day)	06/03/2024	11/02/2026	{"Extended Price (USD)":"NA"}	PRICE_AND_ATTRIBUTE_CHANGED	N/A	+$53719.00	0.00%	2026-09-10: (no price) → 2026-09-30: $53719.00
Software & Licenses	Red Hat OpenShift Platform Container	HPE OCA > DL380a Gen12 [P76706-B21] > Software & Licenses > Red Hat OpenShift Platform Container	Operating System / License	Unlimited	0	Unlimited	Selection constraint for Red Hat OpenShift Platform Container: no max | R6J26AAE conditional visibility: portal selector activation required (OB); PORTAL_CONDITIONAL | R6J29AAE conditional visibility: portal selector activation required (OB); PORTAL_CONDITIONAL | R6J33AAE conditional visibility: portal selector activation required (OB); PORTAL_CONDITIONAL | R6J34AAE conditional visibility: portal selector activation required (OB); PORTAL_CONDITIONAL | R6J35AAE conditional visibility: portal selector activation required (OB); PORTAL_CONDITIONAL | S3Z84AAE conditional visibility: portal selector activation required (OB); PORTAL_CONDITIONAL | S3Z85AAE conditional visibility: portal selector activation required (OB); PORTAL_CONDITIONAL | S3Z86AAE conditional visibility: portal selector activation required (OB); PORTAL_CONDITIONAL | S3Z87AAE conditional visibility: portal selector activation required (OB); PORTAL_CONDITIONAL | S3Z88AAE conditional visibility: portal selector activation required (OB); PORTAL_CONDITIONAL | S3Z89AAE conditional visibility: portal selector activation required (OB); PORTAL_CONDITIONAL | S3Z90AAE conditional visibility: portal selector activation required (OB); PORTAL_CONDITIONAL | S3Z91AAE conditional visibility: portal selector activation required (OB); PORTAL_CONDITIONAL	S3Z85AAE	Service	Red Hat OpenShift Container Platform Bare Metal 1-2 Sockets up to 64 Cores 3yr Sub 24x7 Sup E-LTU	0	51040.00		NA		No	Obsolete (OB)		Not published by OCA	Obsolete (OB)	06/03/2024	03/01/2025	{"Extended Price (USD)":"NA"}	PRICE_AND_ATTRIBUTE_CHANGED	N/A	+$51040.00	0.00%	2026-09-10: (no price) → 2026-09-30: $51040.00
Software & Licenses	Red Hat OpenShift Platform Container	HPE OCA > DL380a Gen12 [P76706-B21] > Software & Licenses > Red Hat OpenShift Platform Container	Service & Support	Unlimited	0	Unlimited	Selection constraint for Red Hat OpenShift Platform Container: no max | R6J26AAE conditional visibility: portal selector activation required (OB); PORTAL_CONDITIONAL | R6J29AAE conditional visibility: portal selector activation required (OB); PORTAL_CONDITIONAL | R6J33AAE conditional visibility: portal selector activation required (OB); PORTAL_CONDITIONAL | R6J34AAE conditional visibility: portal selector activation required (OB); PORTAL_CONDITIONAL | R6J35AAE conditional visibility: portal selector activation required (OB); PORTAL_CONDITIONAL | S3Z84AAE conditional visibility: portal selector activation required (OB); PORTAL_CONDITIONAL | S3Z85AAE conditional visibility: portal selector activation required (OB); PORTAL_CONDITIONAL | S3Z86AAE conditional visibility: portal selector activation required (OB); PORTAL_CONDITIONAL | S3Z87AAE conditional visibility: portal selector activation required (OB); PORTAL_CONDITIONAL | S3Z88AAE conditional visibility: portal selector activation required (OB); PORTAL_CONDITIONAL | S3Z89AAE conditional visibility: portal selector activation required (OB); PORTAL_CONDITIONAL | S3Z90AAE conditional visibility: portal selector activation required (OB); PORTAL_CONDITIONAL | S3Z91AAE conditional visibility: portal selector activation required (OB); PORTAL_CONDITIONAL	S3Z86AAE	Service	Red Hat OpenShift Container Platform Bare Metal 1 Physical Node 1yr Subscription 9x5 Support E-LTU	0	35808.00		NA		No	EOL Warning (90-Day)		Not published by OCA	EOL Warning (90-Day)	06/03/2024	11/02/2026	{"Extended Price (USD)":"NA"}	PRICE_AND_ATTRIBUTE_CHANGED	N/A	+$35808.00	0.00%	2026-09-10: (no price) → 2026-09-30: $35808.00
Software & Licenses	Red Hat OpenShift Platform Container	HPE OCA > DL380a Gen12 [P76706-B21] > Software & Licenses > Red Hat OpenShift Platform Container	Operating System / License	Unlimited	0	Unlimited	Selection constraint for Red Hat OpenShift Platform Container: no max | R6J26AAE conditional visibility: portal selector activation required (OB); PORTAL_CONDITIONAL | R6J29AAE conditional visibility: portal selector activation required (OB); PORTAL_CONDITIONAL | R6J33AAE conditional visibility: portal selector activation required (OB); PORTAL_CONDITIONAL | R6J34AAE conditional visibility: portal selector activation required (OB); PORTAL_CONDITIONAL | R6J35AAE conditional visibility: portal selector activation required (OB); PORTAL_CONDITIONAL | S3Z84AAE conditional visibility: portal selector activation required (OB); PORTAL_CONDITIONAL | S3Z85AAE conditional visibility: portal selector activation required (OB); PORTAL_CONDITIONAL | S3Z86AAE conditional visibility: portal selector activation required (OB); PORTAL_CONDITIONAL | S3Z87AAE conditional visibility: portal selector activation required (OB); PORTAL_CONDITIONAL | S3Z88AAE conditional visibility: portal selector activation required (OB); PORTAL_CONDITIONAL | S3Z89AAE conditional visibility: portal selector activation required (OB); PORTAL_CONDITIONAL | S3Z90AAE conditional visibility: portal selector activation required (OB); PORTAL_CONDITIONAL | S3Z91AAE conditional visibility: portal selector activation required (OB); PORTAL_CONDITIONAL	S3Z87AAE	Service	Red Hat OpenShift Container Platform Bare Metal 1-2 Sockets up to 64 Cores 3yr Sub 9x5 Sup E-LTU	0	34030.00		NA		No	Obsolete (OB)		Not published by OCA	Obsolete (OB)	06/03/2024	03/01/2025	{"Extended Price (USD)":"NA"}	PRICE_AND_ATTRIBUTE_CHANGED	N/A	+$34030.00	0.00%	2026-09-10: (no price) → 2026-09-30: $34030.00
Software & Licenses	Red Hat OpenShift Platform Container	HPE OCA > DL380a Gen12 [P76706-B21] > Software & Licenses > Red Hat OpenShift Platform Container	Operating System / License	Unlimited	0	Unlimited	Selection constraint for Red Hat OpenShift Platform Container: no max | R6J26AAE conditional visibility: portal selector activation required (OB); PORTAL_CONDITIONAL | R6J29AAE conditional visibility: portal selector activation required (OB); PORTAL_CONDITIONAL | R6J33AAE conditional visibility: portal selector activation required (OB); PORTAL_CONDITIONAL | R6J34AAE conditional visibility: portal selector activation required (OB); PORTAL_CONDITIONAL | R6J35AAE conditional visibility: portal selector activation required (OB); PORTAL_CONDITIONAL | S3Z84AAE conditional visibility: portal selector activation required (OB); PORTAL_CONDITIONAL | S3Z85AAE conditional visibility: portal selector activation required (OB); PORTAL_CONDITIONAL | S3Z86AAE conditional visibility: portal selector activation required (OB); PORTAL_CONDITIONAL | S3Z87AAE conditional visibility: portal selector activation required (OB); PORTAL_CONDITIONAL | S3Z88AAE conditional visibility: portal selector activation required (OB); PORTAL_CONDITIONAL | S3Z89AAE conditional visibility: portal selector activation required (OB); PORTAL_CONDITIONAL | S3Z90AAE conditional visibility: portal selector activation required (OB); PORTAL_CONDITIONAL | S3Z91AAE conditional visibility: portal selector activation required (OB); PORTAL_CONDITIONAL	S3Z88AAE	Service	Red Hat OpenShift Container Platform Plus Bare Metal 1 Physical Node 1yr Subscription 24x7 Sup E-LTU	0	22385.00		NA		No	EOL Warning (90-Day)		Not published by OCA	EOL Warning (90-Day)	06/03/2024	11/02/2026	{"Extended Price (USD)":"NA"}	PRICE_AND_ATTRIBUTE_CHANGED	N/A	+$22385.00	0.00%	2026-09-10: (no price) → 2026-09-30: $22385.00
Software & Licenses	Red Hat OpenShift Platform Container	HPE OCA > DL380a Gen12 [P76706-B21] > Software & Licenses > Red Hat OpenShift Platform Container	Operating System / License	Unlimited	0	Unlimited	Selection constraint for Red Hat OpenShift Platform Container: no max | R6J26AAE conditional visibility: portal selector activation required (OB); PORTAL_CONDITIONAL | R6J29AAE conditional visibility: portal selector activation required (OB); PORTAL_CONDITIONAL | R6J33AAE conditional visibility: portal selector activation required (OB); PORTAL_CONDITIONAL | R6J34AAE conditional visibility: portal selector activation required (OB); PORTAL_CONDITIONAL | R6J35AAE conditional visibility: portal selector activation required (OB); PORTAL_CONDITIONAL | S3Z84AAE conditional visibility: portal selector activation required (OB); PORTAL_CONDITIONAL | S3Z85AAE conditional visibility: portal selector activation required (OB); PORTAL_CONDITIONAL | S3Z86AAE conditional visibility: portal selector activation required (OB); PORTAL_CONDITIONAL | S3Z87AAE conditional visibility: portal selector activation required (OB); PORTAL_CONDITIONAL | S3Z88AAE conditional visibility: portal selector activation required (OB); PORTAL_CONDITIONAL | S3Z89AAE conditional visibility: portal selector activation required (OB); PORTAL_CONDITIONAL | S3Z90AAE conditional visibility: portal selector activation required (OB); PORTAL_CONDITIONAL | S3Z91AAE conditional visibility: portal selector activation required (OB); PORTAL_CONDITIONAL	S3Z89AAE	Service	Red Hat OpenShift Container Platform Plus Bare Metal 1-2Skt up to 64 Cores 3yr Sub 24x7 Sup E-LTU	0	63798.00		NA		No	Obsolete (OB)		Not published by OCA	Obsolete (OB)	06/03/2024	03/01/2025	{"Extended Price (USD)":"NA"}	PRICE_AND_ATTRIBUTE_CHANGED	N/A	+$63798.00	0.00%	2026-09-10: (no price) → 2026-09-30: $63798.00
Software & Licenses	Red Hat OpenShift Platform Container	HPE OCA > DL380a Gen12 [P76706-B21] > Software & Licenses > Red Hat OpenShift Platform Container	Operating System / License	Unlimited	0	Unlimited	Selection constraint for Red Hat OpenShift Platform Container: no max | R6J26AAE conditional visibility: portal selector activation required (OB); PORTAL_CONDITIONAL | R6J29AAE conditional visibility: portal selector activation required (OB); PORTAL_CONDITIONAL | R6J33AAE conditional visibility: portal selector activation required (OB); PORTAL_CONDITIONAL | R6J34AAE conditional visibility: portal selector activation required (OB); PORTAL_CONDITIONAL | R6J35AAE conditional visibility: portal selector activation required (OB); PORTAL_CONDITIONAL | S3Z84AAE conditional visibility: portal selector activation required (OB); PORTAL_CONDITIONAL | S3Z85AAE conditional visibility: portal selector activation required (OB); PORTAL_CONDITIONAL | S3Z86AAE conditional visibility: portal selector activation required (OB); PORTAL_CONDITIONAL | S3Z87AAE conditional visibility: portal selector activation required (OB); PORTAL_CONDITIONAL | S3Z88AAE conditional visibility: portal selector activation required (OB); PORTAL_CONDITIONAL | S3Z89AAE conditional visibility: portal selector activation required (OB); PORTAL_CONDITIONAL | S3Z90AAE conditional visibility: portal selector activation required (OB); PORTAL_CONDITIONAL | S3Z91AAE conditional visibility: portal selector activation required (OB); PORTAL_CONDITIONAL	S3Z90AAE	Service	Red Hat OpenShift Container Platform Plus Bare Metal 1 Physical Node 1yr Subscription 9x5 Sup E-LTU	0	14999.00		NA		No	EOL Warning (90-Day)		Not published by OCA	EOL Warning (90-Day)	06/03/2024	11/02/2026	{"Extended Price (USD)":"NA"}	PRICE_AND_ATTRIBUTE_CHANGED	N/A	+$14999.00	0.00%	2026-09-10: (no price) → 2026-09-30: $14999.00
Software & Licenses	Red Hat OpenShift Platform Container	HPE OCA > DL380a Gen12 [P76706-B21] > Software & Licenses > Red Hat OpenShift Platform Container	Operating System / License	Unlimited	0	Unlimited	Selection constraint for Red Hat OpenShift Platform Container: no max | R6J26AAE conditional visibility: portal selector activation required (OB); PORTAL_CONDITIONAL | R6J29AAE conditional visibility: portal selector activation required (OB); PORTAL_CONDITIONAL | R6J33AAE conditional visibility: portal selector activation required (OB); PORTAL_CONDITIONAL | R6J34AAE conditional visibility: portal selector activation required (OB); PORTAL_CONDITIONAL | R6J35AAE conditional visibility: portal selector activation required (OB); PORTAL_CONDITIONAL | S3Z84AAE conditional visibility: portal selector activation required (OB); PORTAL_CONDITIONAL | S3Z85AAE conditional visibility: portal selector activation required (OB); PORTAL_CONDITIONAL | S3Z86AAE conditional visibility: portal selector activation required (OB); PORTAL_CONDITIONAL | S3Z87AAE conditional visibility: portal selector activation required (OB); PORTAL_CONDITIONAL | S3Z88AAE conditional visibility: portal selector activation required (OB); PORTAL_CONDITIONAL | S3Z89AAE conditional visibility: portal selector activation required (OB); PORTAL_CONDITIONAL | S3Z90AAE conditional visibility: portal selector activation required (OB); PORTAL_CONDITIONAL | S3Z91AAE conditional visibility: portal selector activation required (OB); PORTAL_CONDITIONAL	S3Z91AAE	Service	Red Hat OpenShift Container Platform Plus Bare Metal 1-2Skt up to 64 Cores 3yr Sub 9x5 Sup E-LTU	0	42748.00		NA		No	Obsolete (OB)		Not published by OCA	Obsolete (OB)	06/03/2024	03/01/2025	{"Extended Price (USD)":"NA"}	PRICE_AND_ATTRIBUTE_CHANGED	N/A	+$42748.00	0.00%	2026-09-10: (no price) → 2026-09-30: $42748.00
Software & Licenses	SUSE Linux Enterprise Server	HPE OCA > DL380a Gen12 [P76706-B21] > Software & Licenses > SUSE Linux Enterprise Server	Operating System / License	Unlimited	0	Unlimited	Selection constraint for SUSE Linux Enterprise Server: no max	S7N75AAE	Service	SUSE Linux Enterprise Server for SAP Applications 1-2 Sockets or 1-2 VM 3-year Sub 24x7 Sup E-LTU	0	7803.00		NA		No	Available		Not published by OCA	Active	03/02/2026	04/30/2028	{"Extended Price (USD)":"NA"}	PRICE_AND_ATTRIBUTE_CHANGED	N/A	+$7803.00	0.00%	2026-09-10: (no price) → 2026-09-30: $7803.00
Software & Licenses	SUSE Linux Enterprise Server	HPE OCA > DL380a Gen12 [P76706-B21] > Software & Licenses > SUSE Linux Enterprise Server	Operating System / License	Unlimited	0	Unlimited	Selection constraint for SUSE Linux Enterprise Server: no max	S7N76AAE	Service	SUSE Linux Enterprise Server for SAP Applications 1-2 Sockets or 1-2 VM 5-year Sub 24x7 Sup E-LTU	0	13005.00		NA		No	Available		Not published by OCA	Active	03/02/2026	04/30/2028	{"Extended Price (USD)":"NA"}	PRICE_AND_ATTRIBUTE_CHANGED	N/A	+$13005.00	0.00%	2026-09-10: (no price) → 2026-09-30: $13005.00
Software & Licenses	SUSE Linux Enterprise Server	HPE OCA > DL380a Gen12 [P76706-B21] > Software & Licenses > SUSE Linux Enterprise Server	Operating System / License	Unlimited	0	Unlimited	Selection constraint for SUSE Linux Enterprise Server: no max	S7N79AAE	Service	SUSE Linux Enterprise Server w/SUSE Multi-Linux Mgr Lifecycle Mgmt+ 1-2 Skts/1-2 VM 1yr 24x7 E-LTU	0	1599.00		NA		No	Available		Not published by OCA	Active	03/02/2026	04/30/2028	{"Extended Price (USD)":"NA"}	PRICE_AND_ATTRIBUTE_CHANGED	N/A	+$1599.00	0.00%	2026-09-10: (no price) → 2026-09-30: $1599.00
Software & Licenses	SUSE Linux Enterprise Server	HPE OCA > DL380a Gen12 [P76706-B21] > Software & Licenses > SUSE Linux Enterprise Server	Operating System / License	Unlimited	0	Unlimited	Selection constraint for SUSE Linux Enterprise Server: no max	S7N80AAE	Service	SUSE Linux Enterprise Server w/SUSE Multi-Linux Mgr Lifecycle Mgmt+ 1-2 Skts/1-2 VM 1yr 9x5 E-LTU	0	1099.00		NA		No	Available		Not published by OCA	Active	03/02/2026	04/30/2028	{"Extended Price (USD)":"NA"}	PRICE_AND_ATTRIBUTE_CHANGED	N/A	+$1099.00	0.00%	2026-09-10: (no price) → 2026-09-30: $1099.00
Software & Licenses	SUSE Linux Enterprise Server	HPE OCA > DL380a Gen12 [P76706-B21] > Software & Licenses > SUSE Linux Enterprise Server	Operating System / License	Unlimited	0	Unlimited	Selection constraint for SUSE Linux Enterprise Server: no max	S7N81AAE	Service	SUSE Linux Enterprise Server w/SUSE Multi-Linux Mgr Lifecycle Mgmt+ 1-2 Skts/1-2 VM 3yr 24x7 E-LTU	0	4399.00		NA		No	Available		Not published by OCA	Active	03/02/2026	04/30/2028	{"Extended Price (USD)":"NA"}	PRICE_AND_ATTRIBUTE_CHANGED	N/A	+$4399.00	0.00%	2026-09-10: (no price) → 2026-09-30: $4399.00
Software & Licenses	SUSE Linux Enterprise Server	HPE OCA > DL380a Gen12 [P76706-B21] > Software & Licenses > SUSE Linux Enterprise Server	Operating System / License	Unlimited	0	Unlimited	Selection constraint for SUSE Linux Enterprise Server: no max	S7N82AAE	Service	SUSE Linux Enterprise Server w/SUSE Multi-Linux Mgr Lifecycle Mgmt+ 1-2 Skts/1-2 VM 3yr 9x5 E-LTU	0	2990.00		NA		No	Available		Not published by OCA	Active	03/02/2026	04/30/2028	{"Extended Price (USD)":"NA"}	PRICE_AND_ATTRIBUTE_CHANGED	N/A	+$2990.00	0.00%	2026-09-10: (no price) → 2026-09-30: $2990.00
Software & Licenses	SUSE Linux Enterprise Server	HPE OCA > DL380a Gen12 [P76706-B21] > Software & Licenses > SUSE Linux Enterprise Server	Operating System / License	Unlimited	0	Unlimited	Selection constraint for SUSE Linux Enterprise Server: no max	S7N83AAE	Service	SUSE Linux Enterprise Server w/SUSE Multi-Linux Mgr Lifecycle Mgmt+ 1-2 Skts/1-2 VM 5yr 24x7 E-LTU	0	7196.00		NA		No	Available		Not published by OCA	Active	03/02/2026	04/30/2028	{"Extended Price (USD)":"NA"}	PRICE_AND_ATTRIBUTE_CHANGED	N/A	+$7196.00	0.00%	2026-09-10: (no price) → 2026-09-30: $7196.00
Software & Licenses	SUSE Linux Enterprise Server	HPE OCA > DL380a Gen12 [P76706-B21] > Software & Licenses > SUSE Linux Enterprise Server	Operating System / License	Unlimited	0	Unlimited	Selection constraint for SUSE Linux Enterprise Server: no max	S7N84AAE	Service	SUSE Linux Enterprise Server w/SUSE Multi-Linux Mgr Lifecycle Mgmt+ 1-2 Skts/1-2 VM 5yr 9x5 E-LTU	0	4946.00		NA		No	Available		Not published by OCA	Active	03/02/2026	04/30/2028	{"Extended Price (USD)":"NA"}	PRICE_AND_ATTRIBUTE_CHANGED	N/A	+$4946.00	0.00%	2026-09-10: (no price) → 2026-09-30: $4946.00
Software & Licenses	SUSE Linux Enterprise Server	HPE OCA > DL380a Gen12 [P76706-B21] > Software & Licenses > SUSE Linux Enterprise Server	Service & Support	Unlimited	0	Unlimited	Selection constraint for SUSE Linux Enterprise Server: no max	S7N95AAE	Service	SUSE Linux Enterprise Server 1-2 Sockets 1-year Subscription 24x7 Support E-LTU	0	1299.00		NA		No	Available		Not published by OCA	Active	03/02/2026	04/30/2028	{"Extended Price (USD)":"NA"}	PRICE_AND_ATTRIBUTE_CHANGED	N/A	+$1299.00	0.00%	2026-09-10: (no price) → 2026-09-30: $1299.00
Software & Licenses	SUSE Linux Enterprise Server	HPE OCA > DL380a Gen12 [P76706-B21] > Software & Licenses > SUSE Linux Enterprise Server	Service & Support	Unlimited	0	Unlimited	Selection constraint for SUSE Linux Enterprise Server: no max	S7N96AAE	Service	SUSE Linux Enterprise Server 1-2 Sockets 3-year Subscription 24x7 Support E-LTU	0	3507.00		NA		No	Available		Not published by OCA	Active	03/02/2026	04/30/2028	{"Extended Price (USD)":"NA"}	PRICE_AND_ATTRIBUTE_CHANGED	N/A	+$3507.00	0.00%	2026-09-10: (no price) → 2026-09-30: $3507.00
Software & Licenses	SUSE Linux Enterprise Server	HPE OCA > DL380a Gen12 [P76706-B21] > Software & Licenses > SUSE Linux Enterprise Server	Service & Support	Unlimited	0	Unlimited	Selection constraint for SUSE Linux Enterprise Server: no max	S7N97AAE	Service	SUSE Linux Enterprise Server 1-2 Sockets 5-year Subscription 24x7 Support E-LTU	0	5846.00		NA		No	Available		Not published by OCA	Active	03/02/2026	04/30/2028	{"Extended Price (USD)":"NA"}	PRICE_AND_ATTRIBUTE_CHANGED	N/A	+$5846.00	0.00%	2026-09-10: (no price) → 2026-09-30: $5846.00
Software & Licenses	SUSE Linux Enterprise Server	HPE OCA > DL380a Gen12 [P76706-B21] > Software & Licenses > SUSE Linux Enterprise Server	Service & Support	Unlimited	0	Unlimited	Selection constraint for SUSE Linux Enterprise Server: no max	S7N98AAE	Service	SUSE Linux Enterprise Server 1 VM 1-year Subscription 24x7 Support E-LTU	0	699.00		NA		No	Available		Not published by OCA	Active	03/02/2026	04/30/2028	{"Extended Price (USD)":"NA"}	PRICE_AND_ATTRIBUTE_CHANGED	N/A	+$699.00	0.00%	2026-09-10: (no price) → 2026-09-30: $699.00
Software & Licenses	SUSE Linux Enterprise Server	HPE OCA > DL380a Gen12 [P76706-B21] > Software & Licenses > SUSE Linux Enterprise Server	Service & Support	Unlimited	0	Unlimited	Selection constraint for SUSE Linux Enterprise Server: no max	S7N99AAE	Service	SUSE Linux Enterprise Server 1 VM 3-year Subscription 24x7 Support E-LTU	0	1887.00		NA		No	Available		Not published by OCA	Active	03/02/2026	04/30/2028	{"Extended Price (USD)":"NA"}	PRICE_AND_ATTRIBUTE_CHANGED	N/A	+$1887.00	0.00%	2026-09-10: (no price) → 2026-09-30: $1887.00
Software & Licenses	SUSE Linux Enterprise Server	HPE OCA > DL380a Gen12 [P76706-B21] > Software & Licenses > SUSE Linux Enterprise Server	Service & Support	Unlimited	0	Unlimited	Selection constraint for SUSE Linux Enterprise Server: no max	S7P00AAE	Service	SUSE Linux Enterprise Server 1 VM 5-year Subscription 24x7 Support E-LTU	0	3146.00		NA		No	Available		Not published by OCA	Active	03/02/2026	04/30/2028	{"Extended Price (USD)":"NA"}	PRICE_AND_ATTRIBUTE_CHANGED	N/A	+$3146.00	0.00%	2026-09-10: (no price) → 2026-09-30: $3146.00
Software & Licenses	Red Hat Enterprise Linux Server-Virtualization	HPE OCA > DL380a Gen12 [P76706-B21] > Software & Licenses > Red Hat Enterprise Linux Server-Virtualization	Service & Support	Unlimited	0	Unlimited	Selection constraint for Red Hat Enterprise Linux Server-Virtualization: no max	G3J22AAE	Service	Red Hat Enterprise Linux for Virtual Datacenters 2 Sockets 1 Year Subscription 24x7 Support E-LTU	0	4839.00		NA		No	Available		Not published by OCA	Active	03/31/2014	09/30/2028	{"Extended Price (USD)":"NA"}	PRICE_AND_ATTRIBUTE_CHANGED	N/A	+$4839.00	0.00%	2026-09-10: (no price) → 2026-09-30: $4839.00
Software & Licenses	Red Hat Enterprise Linux Server-Virtualization	HPE OCA > DL380a Gen12 [P76706-B21] > Software & Licenses > Red Hat Enterprise Linux Server-Virtualization	Service & Support	Unlimited	0	Unlimited	Selection constraint for Red Hat Enterprise Linux Server-Virtualization: no max	G3J23AAE	Service	Red Hat Enterprise Linux for Virtual Datacenters 2 Sockets 1 Year Subscription 9x5 Support E-LTU	0	3024.00		NA		No	Available		Not published by OCA	Active	03/31/2014	09/30/2028	{"Extended Price (USD)":"NA"}	PRICE_AND_ATTRIBUTE_CHANGED	N/A	+$3024.00	0.00%	2026-09-10: (no price) → 2026-09-30: $3024.00
Software & Licenses	Red Hat Enterprise Linux Server-Virtualization	HPE OCA > DL380a Gen12 [P76706-B21] > Software & Licenses > Red Hat Enterprise Linux Server-Virtualization	Service & Support	Unlimited	0	Unlimited	Selection constraint for Red Hat Enterprise Linux Server-Virtualization: no max	G3J24AAE	Service	Red Hat Enterprise Linux for Virtual Datacenters 2 Sockets 3 Year Subscription 24x7 Support E-LTU	0	14516.00		NA		No	Available		Not published by OCA	Active	03/31/2014	09/30/2028	{"Extended Price (USD)":"NA"}	PRICE_AND_ATTRIBUTE_CHANGED	N/A	+$14516.00	0.00%	2026-09-10: (no price) → 2026-09-30: $14516.00
Software & Licenses	Red Hat Enterprise Linux Server-Virtualization	HPE OCA > DL380a Gen12 [P76706-B21] > Software & Licenses > Red Hat Enterprise Linux Server-Virtualization	Service & Support	Unlimited	0	Unlimited	Selection constraint for Red Hat Enterprise Linux Server-Virtualization: no max	G3J25AAE	Service	Red Hat Enterprise Linux for Virtual Datacenters 2 Sockets 3 Year Subscription 9x5 Support E-LTU	0	9072.00		NA		No	Available		Not published by OCA	Active	03/31/2014	09/30/2028	{"Extended Price (USD)":"NA"}	PRICE_AND_ATTRIBUTE_CHANGED	N/A	+$9072.00	0.00%	2026-09-10: (no price) → 2026-09-30: $9072.00
Software & Licenses	Red Hat Enterprise Linux Server-Virtualization	HPE OCA > DL380a Gen12 [P76706-B21] > Software & Licenses > Red Hat Enterprise Linux Server-Virtualization	Service & Support	Unlimited	0	Unlimited	Selection constraint for Red Hat Enterprise Linux Server-Virtualization: no max	G3J26AAE	Service	Red Hat Enterprise Linux for Virtual Datacenters 2 Sockets 5 Year Subscription 24x7 Support E-LTU	0	24194.00		NA		No	Available		Not published by OCA	Active	03/31/2014	09/30/2028	{"Extended Price (USD)":"NA"}	PRICE_AND_ATTRIBUTE_CHANGED	N/A	+$24194.00	0.00%	2026-09-10: (no price) → 2026-09-30: $24194.00
Software & Licenses	Red Hat Enterprise Linux Server-Virtualization	HPE OCA > DL380a Gen12 [P76706-B21] > Software & Licenses > Red Hat Enterprise Linux Server-Virtualization	Service & Support	Unlimited	0	Unlimited	Selection constraint for Red Hat Enterprise Linux Server-Virtualization: no max	G3J27AAE	Service	Red Hat Enterprise Linux for Virtual Datacenters 2 Sockets 5 Year Subscription 9x5 Support E-LTU	0	15119.00		NA		No	Available		Not published by OCA	Active	03/31/2014	09/30/2028	{"Extended Price (USD)":"NA"}	PRICE_AND_ATTRIBUTE_CHANGED	N/A	+$15119.00	0.00%	2026-09-10: (no price) → 2026-09-30: $15119.00
Software & Licenses	Red Hat Enterprise Linux Server-Virtualization	HPE OCA > DL380a Gen12 [P76706-B21] > Software & Licenses > Red Hat Enterprise Linux Server-Virtualization	Service & Support	Unlimited	0	Unlimited	Selection constraint for Red Hat Enterprise Linux Server-Virtualization: no max	G3J28AAE	Service	Red Hat Enterprise Linux Server 2 Sockets or 2 Guests 1 Year Subscription 24x7 Support E-LTU	0	1429.00		NA		No	Available		Not published by OCA	Active	03/31/2014	09/30/2028	{"Extended Price (USD)":"NA"}	PRICE_AND_ATTRIBUTE_CHANGED	N/A	+$1429.00	0.00%	2026-09-10: (no price) → 2026-09-30: $1429.00
Software & Licenses	Red Hat Enterprise Linux Server-Virtualization	HPE OCA > DL380a Gen12 [P76706-B21] > Software & Licenses > Red Hat Enterprise Linux Server-Virtualization	Service & Support	Unlimited	0	Unlimited	Selection constraint for Red Hat Enterprise Linux Server-Virtualization: no max	G3J29AAE	Service	Red Hat Enterprise Linux Server 2 Sockets or 2 Guests 1 Year Subscription 9x5 Support E-LTU	0	879.00		NA		No	Available		Not published by OCA	Active	03/31/2014	09/30/2028	{"Extended Price (USD)":"NA"}	PRICE_AND_ATTRIBUTE_CHANGED	N/A	+$879.00	0.00%	2026-09-10: (no price) → 2026-09-30: $879.00
Software & Licenses	Red Hat Enterprise Linux Server-Virtualization	HPE OCA > DL380a Gen12 [P76706-B21] > Software & Licenses > Red Hat Enterprise Linux Server-Virtualization	Service & Support	Unlimited	0	Unlimited	Selection constraint for Red Hat Enterprise Linux Server-Virtualization: no max	G3J30AAE	Service	Red Hat Enterprise Linux Server 2 Sockets or 2 Guests 3 Year Subscription 24x7 Support E-LTU	0	4287.00		NA		No	Available		Not published by OCA	Active	03/31/2014	09/30/2028	{"Extended Price (USD)":"NA"}	PRICE_AND_ATTRIBUTE_CHANGED	N/A	+$4287.00	0.00%	2026-09-10: (no price) → 2026-09-30: $4287.00
Software & Licenses	Red Hat Enterprise Linux Server-Virtualization	HPE OCA > DL380a Gen12 [P76706-B21] > Software & Licenses > Red Hat Enterprise Linux Server-Virtualization	Service & Support	Unlimited	0	Unlimited	Selection constraint for Red Hat Enterprise Linux Server-Virtualization: no max	G3J31AAE	Service	Red Hat Enterprise Linux Server 2 Sockets or 2 Guests 3 Year Subscription 9x5 Support E-LTU	0	2637.00		NA		No	Available		Not published by OCA	Active	03/31/2014	09/30/2028	{"Extended Price (USD)":"NA"}	PRICE_AND_ATTRIBUTE_CHANGED	N/A	+$2637.00	0.00%	2026-09-10: (no price) → 2026-09-30: $2637.00
Software & Licenses	Red Hat Enterprise Linux Server-Virtualization	HPE OCA > DL380a Gen12 [P76706-B21] > Software & Licenses > Red Hat Enterprise Linux Server-Virtualization	Operating System / License	Unlimited	0	Unlimited	Selection constraint for Red Hat Enterprise Linux Server-Virtualization: no max	G3J32AAE	Service	RHEL Server 2 Sckt/2 Gst 5yr 24x7 E-LTU	0	7145.00		NA		No	Available		Not published by OCA	Active	03/31/2014	09/30/2028	{"Extended Price (USD)":"NA"}	PRICE_AND_ATTRIBUTE_CHANGED	N/A	+$7145.00	0.00%	2026-09-10: (no price) → 2026-09-30: $7145.00
Software & Licenses	Red Hat Enterprise Linux Server-Virtualization	HPE OCA > DL380a Gen12 [P76706-B21] > Software & Licenses > Red Hat Enterprise Linux Server-Virtualization	Service & Support	Unlimited	0	Unlimited	Selection constraint for Red Hat Enterprise Linux Server-Virtualization: no max	G3J33AAE	Service	Red Hat Enterprise Linux Server 2 Sockets or Guests 5 Year Subscription 9x5 Support E-LTU	0	4395.00		NA		No	Available		Not published by OCA	Active	03/31/2014	09/30/2028	{"Extended Price (USD)":"NA"}	PRICE_AND_ATTRIBUTE_CHANGED	N/A	+$4395.00	0.00%	2026-09-10: (no price) → 2026-09-30: $4395.00
Software & Licenses	Red Hat Enterprise Linux Server-Virtualization	HPE OCA > DL380a Gen12 [P76706-B21] > Software & Licenses > Red Hat Enterprise Linux Server-Virtualization	Service & Support	Unlimited	0	Unlimited	Selection constraint for Red Hat Enterprise Linux Server-Virtualization: no max	G5J62AAE	Service	Red Hat Enterprise Linux Server 2 Sockets 4 Guests 1 Year Subscription 24x7 Support E-LTU	0	2144.00		NA		No	Available		Not published by OCA	Active	03/31/2014	09/30/2028	{"Extended Price (USD)":"NA"}	PRICE_AND_ATTRIBUTE_CHANGED	N/A	+$2144.00	0.00%	2026-09-10: (no price) → 2026-09-30: $2144.00
Software & Licenses	Red Hat Enterprise Linux Server-Virtualization	HPE OCA > DL380a Gen12 [P76706-B21] > Software & Licenses > Red Hat Enterprise Linux Server-Virtualization	Service & Support	Unlimited	0	Unlimited	Selection constraint for Red Hat Enterprise Linux Server-Virtualization: no max	G5J63AAE	Service	Red Hat Enterprise Linux Server 2 Sockets 4 Guests 1 Year Subscription 9x5 Support E-LTU	0	1319.00		NA		No	Available		Not published by OCA	Active	03/31/2014	09/30/2028	{"Extended Price (USD)":"NA"}	PRICE_AND_ATTRIBUTE_CHANGED	N/A	+$1319.00	0.00%	2026-09-10: (no price) → 2026-09-30: $1319.00
Software & Licenses	Red Hat Enterprise Linux Server-Virtualization	HPE OCA > DL380a Gen12 [P76706-B21] > Software & Licenses > Red Hat Enterprise Linux Server-Virtualization	Service & Support	Unlimited	0	Unlimited	Selection constraint for Red Hat Enterprise Linux Server-Virtualization: no max	G5J64AAE	Service	Red Hat Enterprise Linux Server 2 Sockets 4 Guests 3 Year Subscription 24x7 Support E-LTU	0	6432.00		NA		No	Available		Not published by OCA	Active	03/31/2014	09/30/2028	{"Extended Price (USD)":"NA"}	PRICE_AND_ATTRIBUTE_CHANGED	N/A	+$6432.00	0.00%	2026-09-10: (no price) → 2026-09-30: $6432.00
Software & Licenses	Red Hat Enterprise Linux Server-Virtualization	HPE OCA > DL380a Gen12 [P76706-B21] > Software & Licenses > Red Hat Enterprise Linux Server-Virtualization	Service & Support	Unlimited	0	Unlimited	Selection constraint for Red Hat Enterprise Linux Server-Virtualization: no max	G5J65AAE	Service	Red Hat Enterprise Linux Server 2 Sockets 4 Guests 3 Year Subscription 9x5 Support E-LTU	0	3957.00		NA		No	Available		Not published by OCA	Active	03/31/2014	09/30/2028	{"Extended Price (USD)":"NA"}	PRICE_AND_ATTRIBUTE_CHANGED	N/A	+$3957.00	0.00%	2026-09-10: (no price) → 2026-09-30: $3957.00
Software & Licenses	Red Hat Enterprise Linux Server-Virtualization	HPE OCA > DL380a Gen12 [P76706-B21] > Software & Licenses > Red Hat Enterprise Linux Server-Virtualization	Service & Support	Unlimited	0	Unlimited	Selection constraint for Red Hat Enterprise Linux Server-Virtualization: no max	J8J35AAE	Service	Red Hat Enterprise Linux Server 2 Sockets 1 Guest 1 Year Subscription 9x5 Support E-LTU	0	879.00		NA		No	Available		Not published by OCA	Active	08/18/2014	09/30/2028	{"Extended Price (USD)":"NA"}	PRICE_AND_ATTRIBUTE_CHANGED	N/A	+$879.00	0.00%	2026-09-10: (no price) → 2026-09-30: $879.00
Software & Licenses	Red Hat Enterprise Linux Server-Virtualization	HPE OCA > DL380a Gen12 [P76706-B21] > Software & Licenses > Red Hat Enterprise Linux Server-Virtualization	Service & Support	Unlimited	0	Unlimited	Selection constraint for Red Hat Enterprise Linux Server-Virtualization: no max	J8J36AAE	Service	Red Hat Enterprise Linux Server 2 Sockets 1 Guest 1 Year Subscription 24x7 Support E-LTU	0	1429.00		NA		No	Available		Not published by OCA	Active	08/18/2014	09/30/2028	{"Extended Price (USD)":"NA"}	PRICE_AND_ATTRIBUTE_CHANGED	N/A	+$1429.00	0.00%	2026-09-10: (no price) → 2026-09-30: $1429.00
Support Services	System Options	HPE OCA > DL380a Gen12 [P76706-B21] > Support Services > System Options	Service & Support		0		S2G27AAE conditional visibility: portal selector activation required (OB); PORTAL_CONDITIONAL | S2G28AAE conditional visibility: portal selector activation required (OB); PORTAL_CONDITIONAL	S2G27AAE	Service	VMware Cloud Foundation Enterprise per CPU 3-year BYOL Support Service	0	1948.00		NA		No	Obsolete (OB)		Not published by OCA	Obsolete (OB)	08/07/2023	09/30/2025	{"Extended Price (USD)":"NA"}	PRICE_AND_ATTRIBUTE_CHANGED	N/A	+$1948.00	0.00%	2026-09-10: (no price) → 2026-09-30: $1948.00
Support Services	System Options	HPE OCA > DL380a Gen12 [P76706-B21] > Support Services > System Options	Service & Support		0		S2G27AAE conditional visibility: portal selector activation required (OB); PORTAL_CONDITIONAL | S2G28AAE conditional visibility: portal selector activation required (OB); PORTAL_CONDITIONAL	S2G28AAE	Service	VMware Cloud Foundation Enterprise per CPU 5-year BYOL Support Service	0	2449.00		NA		No	Obsolete (OB)		Not published by OCA	Obsolete (OB)	08/07/2023	09/30/2025	{"Extended Price (USD)":"NA"}	PRICE_AND_ATTRIBUTE_CHANGED	N/A	+$2449.00	0.00%	2026-09-10: (no price) → 2026-09-30: $2449.00
Support Services	System Options	HPE OCA > DL380a Gen12 [P76706-B21] > Support Services > System Options	Service & Support		0		Private Product is not valid for current customer account | S4F94AAE conditional visibility: portal selector activation required (Private Product is not valid for current customer account); PORTAL_CONDITIONAL | S4G00AAE conditional visibility: portal selector activation required (Private Product is not valid for current customer account); PORTAL_CONDITIONAL | S4R76AAE conditional visibility: portal selector activation required (Private Product is not valid for current customer account); PORTAL_CONDITIONAL	S4F94AAE	Service	VMware Cloud Foundation Term per Core 3-year Subscription 24x7 Support E-RTU                       Product is obsolete: S4F94AAEProduct is obsolete: S4F94AAE	0	1568.00		NA		No	Obsolete (OB)		Not published by OCA	Obsolete (OB)	07/01/2024	11/04/2025	{"Extended Price (USD)":"NA"}	PRICE_AND_ATTRIBUTE_CHANGED	N/A	+$1568.00	0.00%	2026-09-10: (no price) → 2026-09-30: $1568.00
Support Services	System Options	HPE OCA > DL380a Gen12 [P76706-B21] > Support Services > System Options	Service & Support		0		Private Product is not valid for current customer account | S4F94AAE conditional visibility: portal selector activation required (Private Product is not valid for current customer account); PORTAL_CONDITIONAL | S4G00AAE conditional visibility: portal selector activation required (Private Product is not valid for current customer account); PORTAL_CONDITIONAL | S4R76AAE conditional visibility: portal selector activation required (Private Product is not valid for current customer account); PORTAL_CONDITIONAL	S4G00AAE	Service	VMware Cloud Foundation Term per Core 5-year Subscription 24x7 Support E-RTU                       Product is obsolete: S4G00AAEProduct is obsolete: S4G00AAE	0	2637.00		NA		No	Obsolete (OB)		Not published by OCA	Obsolete (OB)	07/01/2024	11/04/2025	{"Extended Price (USD)":"NA"}	PRICE_AND_ATTRIBUTE_CHANGED	N/A	+$2637.00	0.00%	2026-09-10: (no price) → 2026-09-30: $2637.00
Support Services	System Options	HPE OCA > DL380a Gen12 [P76706-B21] > Support Services > System Options	Operating System / License		0		Private Product is not valid for current customer account | S4F94AAE conditional visibility: portal selector activation required (Private Product is not valid for current customer account); PORTAL_CONDITIONAL | S4G00AAE conditional visibility: portal selector activation required (Private Product is not valid for current customer account); PORTAL_CONDITIONAL | S4R76AAE conditional visibility: portal selector activation required (Private Product is not valid for current customer account); PORTAL_CONDITIONAL	S4R76AAE	Service	VMware Cloud Foundation Term per Core 1-year 24x7 E-RTU	0	519.00		NA		No	Not published by OCA		Not published by OCA	Active	08/05/2024	09/06/2028	{"Extended Price (USD)":"NA"}	PRICE_AND_ATTRIBUTE_CHANGED	N/A	+$519.00	0.00%	2026-09-10: (no price) → 2026-09-30: $519.00