Main Category	Sub-Category	Constraint	Rule Type	Rule Text
Unknown	Logical Size Settings	max 1	Quantity Constraint	Quantity: max 1
Unknown		Unlimited	Quantity Constraint	Quantity: Unlimited
Energy Star	Energy Star	max 1	Quantity Constraint	Quantity: max 1
Processor	Processor	max 2	Quantity Constraint	Quantity: max 2
Processor	Heatsink Kit	max 2	Quantity Constraint	Quantity: max 2
Memory	Memory	max 32	Quantity Constraint	Quantity: max 32
Memory	Memory Blank Kit	max 1	Quantity Constraint	Quantity: max 1
Smart Chassis	Top Selling Smart Chassis Combinations	Unlimited	Quantity Constraint	Quantity: Unlimited
Smart Chassis	Drive Cage	max 9	Quantity Constraint	Quantity: max 9
Smart Chassis	Riser Cards (required)	max 3	Quantity Constraint	Quantity: max 3
Smart Chassis	Riser Cards	min 1, Required	Quantity Constraint	Quantity: min 1, Required
Smart Chassis	Riser Accessories	max 6	Quantity Constraint	Quantity: max 6
Smart Chassis	SAS Controller	max 5	Quantity Constraint	Quantity: max 5
Smart Chassis	Smart Chassis Configuration	min 1, Required	Quantity Constraint	Quantity: min 1, Required
Ambient Temperature	AmbientTemperature	min 1, Required	Quantity Constraint	Quantity: min 1, Required
Storage Devices	Smart Storage Battery	max 2	Quantity Constraint	Quantity: max 2
Storage Devices	Internal Storage Controller Cables	max 3	Quantity Constraint	Quantity: max 3
Storage Devices	RAID Settings	max 1	Quantity Constraint	Quantity: max 1
Storage Devices	Optical Drive	max 1	Quantity Constraint	Quantity: max 1
Storage Devices	Optical Drive Accessories	max 2	Quantity Constraint	Quantity: max 2
Security Options	Security Hardware	max 3	Quantity Constraint	Quantity: max 3
Factory Configuration Settings	Factory Configuration Settings	max 1	Quantity Constraint	Quantity: max 1
Factory Configuration Settings	Trusted Supply Chain	max 1	Quantity Constraint	Quantity: max 1
Factory Configuration Settings	Drive Configuration Settings	max 1	Quantity Constraint	Quantity: max 1
Factory Configuration Settings	Complex Configuration	max 1	Quantity Constraint	Quantity: max 1
Factory Configuration Settings	Identifier/Tracking SKUs	max 1	Quantity Constraint	Quantity: max 1
Factory Configuration Settings	vSAN Tracking SKUs	max 1	Quantity Constraint	Quantity: max 1
Factory Configuration Settings	iLO Common Password	max 1	Quantity Constraint	Quantity: max 1
Networking	Ethernet PCIe	max 5	Quantity Constraint	Quantity: max 5
Networking	InfiniBand PCIe	max 3	Quantity Constraint	Quantity: max 3
Networking	Transceivers	max 16	Quantity Constraint	Quantity: max 16
Networking	Fibre Channel HBA	max 3	Quantity Constraint	Quantity: max 3
Networking	OCP Ethernet	max 2	Quantity Constraint	Quantity: max 2
Networking	Fibre Channel Cables and SFP	max 1	Quantity Constraint	Quantity: max 1
Networking	Upgrades	max 2	Quantity Constraint	Quantity: max 2
Networking	Networking Accessories	max 1	Quantity Constraint	Quantity: max 1
Networking	Management Hardware	max 1	Quantity Constraint	Quantity: max 1
Networking	Memory Setting	max 1	Quantity Constraint	Quantity: max 1
OS Boot Device	OS Boot Device	max 3	Quantity Constraint	Quantity: max 3
Manufacturing Services	Manufacturing Services	max 3	Quantity Constraint	Quantity: max 3
Rack Options	Rack Options	max 3	Quantity Constraint	Quantity: max 3
Graphics Options	Graphics	max 5	Quantity Constraint	Quantity: max 5
Graphics Options	Graphics Accessories	max 3	Quantity Constraint	Quantity: max 3
Power Supplies	Power Supplies	max 2	Quantity Constraint	Quantity: max 2
Power Supplies	Power Cooling Options	max 3	Quantity Constraint	Quantity: max 3
Accessories	Power Cords	max 2	Quantity Constraint	Quantity: max 2
AI-at-Scale	AI-at-Scale	Unlimited	Quantity Constraint	Quantity: Unlimited
HPC Software Products	HPC Software Products	Unlimited	Quantity Constraint	Quantity: Unlimited
HPC Software Products	High Availability Computing - Cluster Software	Unlimited	Quantity Constraint	Quantity: Unlimited
HPC Software Products	Partner Software - Interconnect Management Array	Unlimited	Quantity Constraint	Quantity: Unlimited
HPC Software Products	NVIDIA GPU SW	Unlimited	Quantity Constraint	Quantity: Unlimited
HPC Software Products	Partner Software - Operating System	Unlimited	Quantity Constraint	Quantity: Unlimited
HPE Compute Ops Management	Compute Ops Management SKUs (required)	max 1	Quantity Constraint	Quantity: max 1
HPE Compute Ops Management	Compute Ops Management SKUs	min 1, Required	Quantity Constraint	Quantity: min 1, Required
HPE Compute Ops Management	Compute Ops Management Enablement SKUs	max 1	Quantity Constraint	Quantity: max 1
HPE Compute Ops Management	OEM Software	Unlimited	Quantity Constraint	Quantity: Unlimited
HPE Compute Ops Management	Proliant Software Media Kits	Unlimited	Quantity Constraint	Quantity: Unlimited
HPE Compute Ops Management	Red Hat (add-ons)	Unlimited	Quantity Constraint	Quantity: Unlimited
HPE Compute Ops Management	SUSE Add-ons	Unlimited	Quantity Constraint	Quantity: Unlimited
HPE Compute Ops Management	iLO	Unlimited	Quantity Constraint	Quantity: Unlimited
HPE Compute Ops Management	OneView Management Software	max 1	Quantity Constraint	Quantity: max 1
HPE Compute Ops Management	Data Management Framework (SGI DMF)	Unlimited	Quantity Constraint	Quantity: Unlimited
HPE Compute Ops Management	INTEL VROC Products	max 1	Quantity Constraint	Quantity: max 1
HPE Compute Ops Management	Supported Operating System	Unlimited	Quantity Constraint	Quantity: Unlimited
HPE Compute Ops Management	MS Windows Server	Unlimited	Quantity Constraint	Quantity: Unlimited
HPE Compute Ops Management	Red Hat OpenShift Platform Container	Unlimited	Quantity Constraint	Quantity: Unlimited
HPE Compute Ops Management	Resale Option Kit	Unlimited	Quantity Constraint	Quantity: Unlimited
HPE Compute Ops Management	SUSE containers	Unlimited	Quantity Constraint	Quantity: Unlimited
HPE Compute Ops Management	SUSE Linux Enterprise Server	Unlimited	Quantity Constraint	Quantity: Unlimited
HPE Compute Ops Management	Microsoft Windows CAL Packs	Unlimited	Quantity Constraint	Quantity: Unlimited
HPE Compute Ops Management	HPE Virtualization	Unlimited	Quantity Constraint	Quantity: Unlimited
HPE Compute Ops Management	Red Hat Enterprise Linux Server-Virtualization	Unlimited	Quantity Constraint	Quantity: Unlimited
HPE Compute Ops Management	VMware vCloud Products	Unlimited	Quantity Constraint	Quantity: Unlimited
Chassis	Variants	min 1, max 1 — Active OCA CTO chassis	Configuration Rule	Select exactly one currently discoverable, non-TAA/non-GTA CTO base chassis
Accessories & Infrastructure	Energy Star Configuration Presets	max 1	Configuration Rule	Selection constraint for Energy Star Configuration Presets: max 1
Accessories & Infrastructure	Energy Star Configuration Presets	max 1	Configuration Rule	P68503-B21 conditional visibility: portal selector activation required (Show more >>); PORTAL_CONDITIONAL
Processor	Processor	max 2	Configuration Rule	Selection constraint for Processor: max 2
Processor	Processor	max 2	Configuration Rule	P71117-B21 conditional visibility: portal selector activation required (Show more >>); PORTAL_CONDITIONAL
Processor	Processor	max 2	Configuration Rule	P73834-B21 conditional visibility: portal selector activation required (Show more >>); PORTAL_CONDITIONAL
Processor	Processor	max 2	Configuration Rule	P74506-B21 conditional visibility: portal selector activation required (Show more >>); PORTAL_CONDITIONAL
Processor	Processor	max 2	Configuration Rule	P74508-B21 conditional visibility: portal selector activation required (Show more >>); PORTAL_CONDITIONAL
Processor	Processor	max 2	Configuration Rule	P74509-B21 conditional visibility: portal selector activation required (Show more >>); PORTAL_CONDITIONAL
Processor	Processor	max 2	Configuration Rule	P74570-B21 conditional visibility: portal selector activation required (Show more >>); PORTAL_CONDITIONAL
Processor	Processor	max 2	Configuration Rule	P74571-B21 conditional visibility: portal selector activation required (Show more >>); PORTAL_CONDITIONAL
Processor	Processor	max 2	Configuration Rule	P71118-B21 conditional visibility: portal selector activation required (Show more >>); PORTAL_CONDITIONAL
Processor	Processor	max 2	Configuration Rule	P71119-B21 conditional visibility: portal selector activation required (Show more >>); PORTAL_CONDITIONAL
Processor	Processor	max 2	Configuration Rule	P71120-B21 conditional visibility: portal selector activation required (Show more >>); PORTAL_CONDITIONAL
Processor	Processor	max 2	Configuration Rule	P71121-B21 conditional visibility: portal selector activation required (Show more >>); PORTAL_CONDITIONAL
Processor	Processor	max 2	Configuration Rule	P71122-B21 conditional visibility: portal selector activation required (Show more >>); PORTAL_CONDITIONAL
Processor	Processor	max 2	Configuration Rule	P71124-B21 conditional visibility: portal selector activation required (Show more >>); PORTAL_CONDITIONAL
Processor	Processor	max 2	Configuration Rule	P73829-B21 conditional visibility: portal selector activation required (Show more >>); PORTAL_CONDITIONAL
Processor	Processor	max 2	Configuration Rule	P73831-B21 conditional visibility: portal selector activation required (Show more >>); PORTAL_CONDITIONAL
Processor	Processor	max 2	Configuration Rule	P73832-B21 conditional visibility: portal selector activation required (Show more >>); PORTAL_CONDITIONAL
Processor	Processor	max 2	Configuration Rule	P73835-B21 conditional visibility: portal selector activation required (Show more >>); PORTAL_CONDITIONAL
Processor	Processor	max 2	Configuration Rule	P73837-B21 conditional visibility: portal selector activation required (Show more >>); PORTAL_CONDITIONAL
Processor	Processor	max 2	Configuration Rule	P73838-B21 conditional visibility: portal selector activation required (Show more >>); PORTAL_CONDITIONAL
Processor	Processor	max 2	Configuration Rule	P74503-B21 conditional visibility: portal selector activation required (Show more >>); PORTAL_CONDITIONAL
Processor	Processor	max 2	Configuration Rule	P74504-B21 conditional visibility: portal selector activation required (Show more >>); PORTAL_CONDITIONAL
Processor	Processor	max 2	Configuration Rule	P74507-B21 conditional visibility: portal selector activation required (Show more >>); PORTAL_CONDITIONAL
Processor	Processor	max 2	Configuration Rule	P74568-B21 conditional visibility: portal selector activation required (Show more >>); PORTAL_CONDITIONAL
Processor	Processor	max 2	Configuration Rule	P74572-B21 conditional visibility: portal selector activation required (Show more >>); PORTAL_CONDITIONAL
Processor	Processor	max 2	Configuration Rule	P74573-B21 conditional visibility: portal selector activation required (Show more >>); PORTAL_CONDITIONAL
Processor	Processor	max 2	Configuration Rule	P74575-B21 conditional visibility: portal selector activation required (Show more >>); PORTAL_CONDITIONAL
Processor	Processor	max 2	Configuration Rule	P74576-B21 conditional visibility: portal selector activation required (Show more >>); PORTAL_CONDITIONAL
Processor	Processor	max 2	Configuration Rule	P74577-B21 conditional visibility: portal selector activation required (Show more >>); PORTAL_CONDITIONAL
Processor	Processor	max 2	Configuration Rule	P74578-B21 conditional visibility: portal selector activation required (Show more >>); PORTAL_CONDITIONAL
Processor	Processor	max 2	Configuration Rule	P74579-B21 conditional visibility: portal selector activation required (Show more >>); PORTAL_CONDITIONAL
Processor	Processor	max 2	Configuration Rule	P81591-B21 conditional visibility: portal selector activation required (Show more >>); PORTAL_CONDITIONAL
Processor	Processor	max 2	Configuration Rule	P87302-B21 conditional visibility: portal selector activation required (Show more >>); PORTAL_CONDITIONAL
Processor	Processor	max 2	Configuration Rule	P90157-B21 conditional visibility: portal selector activation required (Show more >>); PORTAL_CONDITIONAL
Processor	Processor	max 2	Configuration Rule	P94926-B21 conditional visibility: portal selector activation required (Show more >>); PORTAL_CONDITIONAL
Cooling / Thermal	Heatsink Kit	max 2	Configuration Rule	Selection constraint for Heatsink Kit: max 2
Cooling / Thermal	Heatsink Kit	max 2	Configuration Rule	P74792-B21 conditional visibility: portal selector activation required (Show more >>); PORTAL_CONDITIONAL
Cooling / Thermal	Standard & Performance Heat Sinks	max 1	Configuration Rule	Mixing of Heat sink is not allowed.
Cooling / Thermal	Standard & Performance Heat Sinks	max 1	Configuration Rule	P49145-B21 conditional visibility: portal selector activation required (Mixing of Heat sink is not allowed.); PORTAL_CONDITIONAL
Cooling / Thermal	Standard & Performance Heat Sinks	max 1	Configuration Rule	P74204-B21 conditional visibility: portal selector activation required (Mixing of Heat sink is not allowed.); PORTAL_CONDITIONAL
Cooling / Thermal	Standard & Performance Heat Sinks	max 1	Configuration Rule	P74208-B21 conditional visibility: portal selector activation required (Mixing of Heat sink is not allowed.); PORTAL_CONDITIONAL
Cooling / Thermal	Standard & Performance Heat Sinks	max 1	Configuration Rule	P74787-B21 conditional visibility: portal selector activation required (Mixing of Heat sink is not allowed.); PORTAL_CONDITIONAL
Cooling / Thermal	Standard & Performance Heat Sinks	max 1	Configuration Rule	P74794-B21 conditional visibility: portal selector activation required (Mixing of Heat sink is not allowed.); PORTAL_CONDITIONAL
Memory	Memory	max 32	Configuration Rule	Selection constraint for Memory: max 32
Memory	Memory	max 32	Configuration Rule	P69727-F21 conditional visibility: portal selector activation required (CS); PORTAL_CONDITIONAL
Memory	Memory	max 32	Configuration Rule	Mixing of x4 and x8 memory is not allowed
Memory	Memory	max 32	Configuration Rule	P69728-F21 conditional visibility: portal selector activation required (Mixing of x4 and x8 memory is not allowed); PORTAL_CONDITIONAL
Memory	Memory	max 32	Configuration Rule	96GB Memory cannot be mixed with any other Memory.
Memory	Memory	max 32	Configuration Rule	P69729-F21 conditional visibility: portal selector activation required (96GB Memory cannot be mixed with any other Memory.); PORTAL_CONDITIONAL
Memory	Memory	max 32	Configuration Rule	128GB Memory cannot be mixed with any other Memory.
Memory	Memory	max 32	Configuration Rule	P69730-F21 conditional visibility: portal selector activation required (128GB Memory cannot be mixed with any other Memory.); PORTAL_CONDITIONAL
Memory	Memory	max 32	Configuration Rule	Mixing of 3DS and non 3DS memory is not allowed.
Memory	Memory	max 32	Configuration Rule	P73447-F21 conditional visibility: portal selector activation required (Mixing of 3DS and non 3DS memory is not allowed.); PORTAL_CONDITIONAL
Memory	Memory Blank Kit	max 1	Configuration Rule	Selection constraint for Memory Blank Kit: max 1
Memory	Memory Blank Kit	max 1	Configuration Rule	P07818-B21 conditional visibility: portal selector activation required (Show more >>); PORTAL_CONDITIONAL
Drive Enclosures / Drives	Drive Cage	max 9	Configuration Rule	Selection constraint for Drive Cage: max 9
Drive Enclosures / Drives	Drive Cage	max 9	Configuration Rule	P74734-B21 conditional visibility: portal selector activation required (Show more >>); PORTAL_CONDITIONAL
Drive Enclosures / Drives	Drive Cage	max 9	Configuration Rule	P74743-B21 conditional visibility: portal selector activation required (Show more >>); PORTAL_CONDITIONAL
Drive Enclosures / Drives	Drive Cage	max 9	Configuration Rule	P74749-B21 conditional visibility: portal selector activation required (Show more >>); PORTAL_CONDITIONAL
Drive Enclosures / Drives	Drive Cage	max 9	Configuration Rule	P75740-B21 conditional visibility: portal selector activation required (Show more >>); PORTAL_CONDITIONAL
Drive Enclosures / Drives	Drive Cage	max 9	Configuration Rule	P75741-B21 conditional visibility: portal selector activation required (Show more >>); PORTAL_CONDITIONAL
Drive Enclosures / Drives	Drive Cage	max 9	Configuration Rule	P75807-B21 conditional visibility: portal selector activation required (Show more >>); PORTAL_CONDITIONAL
Drive Enclosures / Drives	Drive Cage	max 9	Configuration Rule	P76449-B21 conditional visibility: portal selector activation required (Show more >>); PORTAL_CONDITIONAL
Drive Enclosures / Drives	Drive Cage	max 9	Configuration Rule	P76450-B21 conditional visibility: portal selector activation required (Show more >>); PORTAL_CONDITIONAL
Drive Enclosures / Drives	Drive Cage	max 9	Configuration Rule	Supported with EDSFF CTO Server only.
Drive Enclosures / Drives	Drive Cage	max 9	Configuration Rule	P74738-B21 conditional visibility: portal selector activation required (Supported with EDSFF CTO Server only.); PORTAL_CONDITIONAL
Drive Enclosures / Drives	Drive Cage	max 9	Configuration Rule	Supported with 8LFF and 12LFF CTO Server only.
Drive Enclosures / Drives	Drive Cage	max 9	Configuration Rule	P74741-B21 conditional visibility: portal selector activation required (Supported with 8LFF and 12LFF CTO Server only.); PORTAL_CONDITIONAL
Drive Enclosures / Drives	Drive Cage	max 9	Configuration Rule	P74746-B21 conditional visibility: portal selector activation required (Supported with 8LFF and 12LFF CTO Server only.); PORTAL_CONDITIONAL
Drive Enclosures / Drives	Drive Cage	max 9	Configuration Rule	P75411-B21 conditional visibility: portal selector activation required (Supported with 8LFF and 12LFF CTO Server only.); PORTAL_CONDITIONAL
Drive Enclosures / Drives	Drive Cage	max 9	Configuration Rule	P76875-B21 conditional visibility: portal selector activation required (Supported with 8LFF and 12LFF CTO Server only.); PORTAL_CONDITIONAL
Drive Enclosures / Drives	SFF Drive Cages & Enablement	max 1	Configuration Rule	Supported with 8LFF CTO Server only.
Drive Enclosures / Drives	SFF Drive Cages & Enablement	max 1	Configuration Rule	P74744-B21 conditional visibility: portal selector activation required (Supported with 8LFF CTO Server only.); PORTAL_CONDITIONAL
Networking	Tertiary PCIe Risers	no max	Configuration Rule	Define connection for 8SFF x4 Cage only needed if cage is selected.
Networking	Tertiary PCIe Risers	no max	Configuration Rule	P77955-B21 conditional visibility: portal selector activation required (Define connection for 8SFF x4 Cage only needed if cage is selected.); PORTAL_CONDITIONAL
Networking	Tertiary PCIe Risers	no max	Configuration Rule	P77958-B21 conditional visibility: portal selector activation required (Define connection for 8SFF x4 Cage only needed if cage is selected.); PORTAL_CONDITIONAL
Networking	Tertiary PCIe Risers	no max	Configuration Rule	P77931-B21 conditional visibility: portal selector activation required (Define connection for 8SFF x4 Cage only needed if cage is selected.); PORTAL_CONDITIONAL
Networking	Tertiary PCIe Risers	no max	Configuration Rule	P78064-B21 conditional visibility: portal selector activation required (Define connection for 8SFF x4 Cage only needed if cage is selected.); PORTAL_CONDITIONAL
Networking	Tertiary PCIe Risers	no max	Configuration Rule	P77934-B21 conditional visibility: portal selector activation required (Define connection for 8SFF x4 Cage only needed if cage is selected.); PORTAL_CONDITIONAL
Networking	Tertiary PCIe Risers	no max	Configuration Rule	P77937-B21 conditional visibility: portal selector activation required (Define connection for 8SFF x4 Cage only needed if cage is selected.); PORTAL_CONDITIONAL
Networking	Tertiary PCIe Risers	no max	Configuration Rule	P77940-B21 conditional visibility: portal selector activation required (Define connection for 8SFF x4 Cage only needed if cage is selected.); PORTAL_CONDITIONAL
Networking	Tertiary PCIe Risers	no max	Configuration Rule	P77961-B21 conditional visibility: portal selector activation required (Define connection for 8SFF x4 Cage only needed if cage is selected.); PORTAL_CONDITIONAL
Networking	Tertiary PCIe Risers	no max	Configuration Rule	P78070-B21 conditional visibility: portal selector activation required (Define connection for 8SFF x4 Cage only needed if cage is selected.); PORTAL_CONDITIONAL
Networking	Tertiary PCIe Risers	no max	Configuration Rule	P78047-B21 conditional visibility: portal selector activation required (Define connection for 8SFF x4 Cage only needed if cage is selected.); PORTAL_CONDITIONAL
Networking	Tertiary PCIe Risers	no max	Configuration Rule	P78058-B21 conditional visibility: portal selector activation required (Define connection for 8SFF x4 Cage only needed if cage is selected.); PORTAL_CONDITIONAL
Networking	Tertiary PCIe Risers	no max	Configuration Rule	P78061-B21 conditional visibility: portal selector activation required (Define connection for 8SFF x4 Cage only needed if cage is selected.); PORTAL_CONDITIONAL
Networking	Tertiary PCIe Risers	no max	Configuration Rule	P77943-B21 conditional visibility: portal selector activation required (Define connection for 8SFF x4 Cage only needed if cage is selected.); PORTAL_CONDITIONAL
Drive Enclosures / Drives	Drive Cage	max 9	Configuration Rule	873763-B21 conditional visibility: portal selector activation required (Show more >>); PORTAL_CONDITIONAL
PCIe Risers	Riser Cards	required	Configuration Rule	Selection constraint for Riser Cards: required
PCIe Risers	Riser Cards	required	Configuration Rule	P48802-B21 conditional visibility: portal selector activation required (Show more >>); PORTAL_CONDITIONAL
PCIe Risers	Riser Cards	required	Configuration Rule	P48803-B21 conditional visibility: portal selector activation required (Show more >>); PORTAL_CONDITIONAL
PCIe Risers	Riser Cards	required	Configuration Rule	P51083-B21 conditional visibility: portal selector activation required (Show more >>); PORTAL_CONDITIONAL
PCIe Risers	Riser Cards	required	Configuration Rule	P76451-B21 conditional visibility: portal selector activation required (Show more >>); PORTAL_CONDITIONAL
PCIe Risers	Tertiary PCIe Risers	max 1	Configuration Rule	Tertiary x8x16 Riser and OCPA x16/ CPU1 OCPB x8 cannot be selected together.
PCIe Risers	Tertiary PCIe Risers	max 1	Configuration Rule	P74737-B21 conditional visibility: portal selector activation required (Tertiary x8x16 Riser and OCPA x16/ CPU1 OCPB x8 cannot be selected together.); PORTAL_CONDITIONAL
PCIe Risers	Primary PCIe Risers	max 1	Configuration Rule	Supported with EDSFF CTO Server only.
PCIe Risers	Primary PCIe Risers	max 1	Configuration Rule	P80997-B21 conditional visibility: portal selector activation required (Supported with EDSFF CTO Server only.); PORTAL_CONDITIONAL
PCIe Risers	Primary PCIe Risers	max 1	Configuration Rule	P83356-B21 conditional visibility: portal selector activation required (Supported with EDSFF CTO Server only.); PORTAL_CONDITIONAL
PCIe Risers	Riser Accessories	max 6	Configuration Rule	Selection constraint for Riser Accessories: max 6
PCIe Risers	Riser Accessories	max 6	Configuration Rule	P76471-B21 conditional visibility: portal selector activation required (Show more >>); PORTAL_CONDITIONAL
PCIe Risers	Riser Accessories	max 6	Configuration Rule	P78117-B21 conditional visibility: portal selector activation required (Show more >>); PORTAL_CONDITIONAL
PCIe Risers	Riser Accessories	max 6	Configuration Rule	P78120-B21 conditional visibility: portal selector activation required (Show more >>); PORTAL_CONDITIONAL
Storage Controllers	SAS Controller	max 5	Configuration Rule	Selection constraint for SAS Controller: max 5
Storage Controllers	SAS Controller	max 5	Configuration Rule	P75697-B21 conditional visibility: portal selector activation required (CS); PORTAL_CONDITIONAL
Storage Controllers	SAS Controller	max 5	Configuration Rule	P47777-B21 conditional visibility: portal selector activation required (CS); PORTAL_CONDITIONAL
Storage Controllers	SAS Controller	max 5	Configuration Rule	P47789-B21 conditional visibility: portal selector activation required (CS); PORTAL_CONDITIONAL
Storage Controllers	SAS Controller	max 5	Configuration Rule	P74775-B21 conditional visibility: portal selector activation required (CS); PORTAL_CONDITIONAL
Storage Controllers	SAS Controller	max 5	Configuration Rule	P25527-B21 conditional visibility: portal selector activation required (CS); PORTAL_CONDITIONAL
Storage Controllers	SAS Controller	max 5	Configuration Rule	P47785-B21 conditional visibility: portal selector activation required (CS); PORTAL_CONDITIONAL
Storage Controllers	SAS Controller	max 5	Configuration Rule	P47781-B21 conditional visibility: portal selector activation required (CS); PORTAL_CONDITIONAL
Storage Controllers	SAS Controller	max 5	Configuration Rule	P58335-B21 conditional visibility: portal selector activation required (CS); PORTAL_CONDITIONAL
Storage Controllers	SAS Controller	max 5	Configuration Rule	P95072-B21 conditional visibility: portal selector activation required (CS); PORTAL_CONDITIONAL
Accessories & Infrastructure	AmbientTemperature	required	Configuration Rule	Selection constraint for AmbientTemperature: required
Accessories & Infrastructure	AmbientTemperature	required	Configuration Rule	P79567-B21 conditional visibility: portal selector activation required (Show more >>); PORTAL_CONDITIONAL
Accessories & Infrastructure	AmbientTemperature	required	Configuration Rule	P79564-B21 conditional visibility: portal selector activation required (Show more >>); PORTAL_CONDITIONAL
Accessories & Infrastructure	AmbientTemperature	required	Configuration Rule	P79561-B21 conditional visibility: portal selector activation required (Show more >>); PORTAL_CONDITIONAL
Accessories & Infrastructure	AmbientTemperature	required	Configuration Rule	P79558-B21 conditional visibility: portal selector activation required (Show more >>); PORTAL_CONDITIONAL
Accessories & Infrastructure	AmbientTemperature	required	Configuration Rule	P79555-B21 conditional visibility: portal selector activation required (Show more >>); PORTAL_CONDITIONAL
Accessories & Infrastructure	AmbientTemperature	required	Configuration Rule	P79552-B21 conditional visibility: portal selector activation required (Show more >>); PORTAL_CONDITIONAL
Storage Controllers	Smart Storage Batteries	max 2	Configuration Rule	Selection constraint for Smart Storage Batteries: max 2
Storage Controllers	Smart Storage Batteries	max 2	Configuration Rule	P01366-B21 conditional visibility: portal selector activation required (Show more >>); PORTAL_CONDITIONAL
Storage Controllers	Smart Storage Batteries	max 2	Configuration Rule	P02377-B21 conditional visibility: portal selector activation required (Show more >>); PORTAL_CONDITIONAL
Storage Controllers	Smart Storage Batteries	max 2	Configuration Rule	P48918-B21 conditional visibility: portal selector activation required (Show more >>); PORTAL_CONDITIONAL
Storage Controllers	Smart Storage Batteries	max 2	Configuration Rule	P65038-B21 conditional visibility: portal selector activation required (Show more >>); PORTAL_CONDITIONAL
Storage Controllers	Internal Storage Controller Cables	max 3	Configuration Rule	Selection constraint for Internal Storage Controller Cables: max 3
Storage Controllers	Internal Storage Controller Cables	max 3	Configuration Rule	P76454-B21 conditional visibility: portal selector activation required (Show more >>); PORTAL_CONDITIONAL
Storage Controllers	Internal Storage Controller Cables	max 3	Configuration Rule	P76456-B21 conditional visibility: portal selector activation required (Show more >>); PORTAL_CONDITIONAL
Storage Controllers	Internal Storage Controller Cables	max 3	Configuration Rule	P76461-B21 conditional visibility: portal selector activation required (Show more >>); PORTAL_CONDITIONAL
Storage Controllers	Internal Storage Controller Cables	max 3	Configuration Rule	P76462-B21 conditional visibility: portal selector activation required (Show more >>); PORTAL_CONDITIONAL
Storage Controllers	Internal Storage Controller Cables	max 3	Configuration Rule	P76464-B21 conditional visibility: portal selector activation required (Show more >>); PORTAL_CONDITIONAL
Storage Controllers	Internal Storage Controller Cables	max 3	Configuration Rule	P76465-B21 conditional visibility: portal selector activation required (Show more >>); PORTAL_CONDITIONAL
Storage Controllers	Internal Storage Controller Cables	max 3	Configuration Rule	P76467-B21 conditional visibility: portal selector activation required (Show more >>); PORTAL_CONDITIONAL
Storage Controllers	Internal Storage Controller Cables	max 3	Configuration Rule	P76468-B21 conditional visibility: portal selector activation required (Show more >>); PORTAL_CONDITIONAL
Storage Controllers	Internal Storage Controller Cables	max 3	Configuration Rule	P76475-B21 conditional visibility: portal selector activation required (Show more >>); PORTAL_CONDITIONAL
Storage Controllers	Internal Storage Controller Cables	max 3	Configuration Rule	P77476-B21 conditional visibility: portal selector activation required (Show more >>); PORTAL_CONDITIONAL
Storage Controllers	Internal Storage Controller Cables	max 3	Configuration Rule	P77477-B21 conditional visibility: portal selector activation required (Show more >>); PORTAL_CONDITIONAL
Storage Controllers	Internal Storage Controller Cables	max 3	Configuration Rule	P77478-B21 conditional visibility: portal selector activation required (Show more >>); PORTAL_CONDITIONAL
Storage Controllers	Internal Storage Controller Cables	max 3	Configuration Rule	P77482-B21 conditional visibility: portal selector activation required (Show more >>); PORTAL_CONDITIONAL
Storage Controllers	Internal Storage Controller Cables	max 3	Configuration Rule	P77483-B21 conditional visibility: portal selector activation required (Show more >>); PORTAL_CONDITIONAL
Storage Controllers	Internal Storage Controller Cables	max 3	Configuration Rule	P77486-B21 conditional visibility: portal selector activation required (Show more >>); PORTAL_CONDITIONAL
Storage Controllers	Internal Storage Controller Cables	max 3	Configuration Rule	P77489-B21 conditional visibility: portal selector activation required (Show more >>); PORTAL_CONDITIONAL
Storage Controllers	Internal Storage Controller Cables	max 3	Configuration Rule	P77490-B21 conditional visibility: portal selector activation required (Show more >>); PORTAL_CONDITIONAL
Storage Controllers	Internal Storage Controller Cables	max 3	Configuration Rule	P77491-B21 conditional visibility: portal selector activation required (Show more >>); PORTAL_CONDITIONAL
Storage Controllers	Internal Storage Controller Cables	max 3	Configuration Rule	P77493-B21 conditional visibility: portal selector activation required (Show more >>); PORTAL_CONDITIONAL
Storage Controllers	Internal Storage Controller Cables	max 3	Configuration Rule	P83800-B21 conditional visibility: portal selector activation required (Show more >>); PORTAL_CONDITIONAL
Storage Controllers	Internal Storage Controller Cables	max 3	Configuration Rule	P84481-B21 conditional visibility: portal selector activation required (Show more >>); PORTAL_CONDITIONAL
Storage Controllers	Internal Storage Controller Cables	max 3	Configuration Rule	P87235-B21 conditional visibility: portal selector activation required (Show more >>); PORTAL_CONDITIONAL
Storage Controllers	Internal Storage Controller Cables	max 3	Configuration Rule	P87236-B21 conditional visibility: portal selector activation required (Show more >>); PORTAL_CONDITIONAL
Storage Controllers	Internal Storage Controller Cables	max 3	Configuration Rule	P76452-B21 conditional visibility: portal selector activation required (Show more >>); PORTAL_CONDITIONAL
Storage Controllers	Internal Storage Controller Cables	max 3	Configuration Rule	P76453-B21 conditional visibility: portal selector activation required (Show more >>); PORTAL_CONDITIONAL
Storage Controllers	Internal Storage Controller Cables	max 3	Configuration Rule	P76463-B21 conditional visibility: portal selector activation required (Show more >>); PORTAL_CONDITIONAL
Storage Controllers	Internal Storage Controller Cables	max 3	Configuration Rule	P77488-B21 conditional visibility: portal selector activation required (Show more >>); PORTAL_CONDITIONAL
Storage Controllers	Internal Storage Controller Cables	max 3	Configuration Rule	P77492-B21 conditional visibility: portal selector activation required (Show more >>); PORTAL_CONDITIONAL
Storage Controllers	Internal Storage Controller Cables	max 3	Configuration Rule	P83801-B21 conditional visibility: portal selector activation required (Show more >>); PORTAL_CONDITIONAL
Cables & Enablement Kits	Storage Controller Cable Kits	max 1	Configuration Rule	Supported with 8LFF and 12LFF CTO Server only.
Cables & Enablement Kits	Storage Controller Cable Kits	max 1	Configuration Rule	P76473-B21 conditional visibility: portal selector activation required (Supported with 8LFF and 12LFF CTO Server only.); PORTAL_CONDITIONAL
Cables & Enablement Kits	Storage Controller Cable Kits	max 1	Configuration Rule	P76474-B21 conditional visibility: portal selector activation required (Supported with 8LFF and 12LFF CTO Server only.); PORTAL_CONDITIONAL
Cables & Enablement Kits	Storage Controller Cable Kits	max 1	Configuration Rule	P77474-B21 conditional visibility: portal selector activation required (Supported with 8LFF and 12LFF CTO Server only.); PORTAL_CONDITIONAL
Cables & Enablement Kits	Storage Controller Cable Kits	max 1	Configuration Rule	P77475-B21 conditional visibility: portal selector activation required (Supported with 8LFF and 12LFF CTO Server only.); PORTAL_CONDITIONAL
Cables & Enablement Kits	Storage Controller Cable Kits	max 1	Configuration Rule	P77484-B21 conditional visibility: portal selector activation required (Supported with 8LFF and 12LFF CTO Server only.); PORTAL_CONDITIONAL
Cables & Enablement Kits	Storage Controller Cable Kits	max 1	Configuration Rule	P77485-B21 conditional visibility: portal selector activation required (Supported with 8LFF and 12LFF CTO Server only.); PORTAL_CONDITIONAL
Cables & Enablement Kits	SFF Drive Cages & Enablement	max 1	Configuration Rule	Supported with 8LFF CTO Server only and requires 2SFF SBS Cage.
Cables & Enablement Kits	SFF Drive Cages & Enablement	max 1	Configuration Rule	P77481-B21 conditional visibility: portal selector activation required (Supported with 8LFF CTO Server only and requires 2SFF SBS Cage.); PORTAL_CONDITIONAL
Cables & Enablement Kits	SFF Drive Cages & Enablement	max 1	Configuration Rule	P76476-B21 conditional visibility: portal selector activation required (Supported with 8LFF CTO Server only and requires 2SFF SBS Cage.); PORTAL_CONDITIONAL
Cables & Enablement Kits	SFF Drive Cages & Enablement	max 1	Configuration Rule	P77480-B21 conditional visibility: portal selector activation required (Supported with 8LFF CTO Server only and requires 2SFF SBS Cage.); PORTAL_CONDITIONAL
Cables & Enablement Kits	Energy Star	max 1	Configuration Rule	Supported with 12EDSFF CTO Server only.
Cables & Enablement Kits	Energy Star	max 1	Configuration Rule	P83798-B21 conditional visibility: portal selector activation required (Supported with 12EDSFF CTO Server only.); PORTAL_CONDITIONAL
Cables & Enablement Kits	Energy Star	max 1	Configuration Rule	P87968-B21 conditional visibility: portal selector activation required (Supported with 12EDSFF CTO Server only.); PORTAL_CONDITIONAL
Cables & Enablement Kits	Energy Star	max 1	Configuration Rule	P83799-B21 conditional visibility: portal selector activation required (Supported with 12EDSFF CTO Server only.); PORTAL_CONDITIONAL
Storage Controllers	Storage Controllers Options	max 1	Configuration Rule	Selection constraint for RAID Settings: max 1
Storage Controllers	Storage Controllers Options	max 1	Configuration Rule	339777-B21 conditional visibility: portal selector activation required (Show more >>); PORTAL_CONDITIONAL
Storage Controllers	Storage Controllers Options	max 1	Configuration Rule	339778-B21 conditional visibility: portal selector activation required (Show more >>); PORTAL_CONDITIONAL
Storage Controllers	Storage Controllers Options	max 1	Configuration Rule	339779-B21 conditional visibility: portal selector activation required (Show more >>); PORTAL_CONDITIONAL
Storage Controllers	Storage Controllers Options	max 1	Configuration Rule	339780-B21 conditional visibility: portal selector activation required (Show more >>); PORTAL_CONDITIONAL
Drive Enclosures / Drives	Optical Drive	max 1	Configuration Rule	Selection constraint for Optical Drive: max 1
Drive Enclosures / Drives	Optical Drive	max 1	Configuration Rule	726536-B21 conditional visibility: portal selector activation required (Show more >>); PORTAL_CONDITIONAL
Drive Enclosures / Drives	Optical Drive	max 1	Configuration Rule	726537-B21 conditional visibility: portal selector activation required (Show more >>); PORTAL_CONDITIONAL
Drive Enclosures / Drives	Optical Drive	max 1	Configuration Rule	BTO products are not allowed in CTO Base Model.
Drive Enclosures / Drives	Optical Drive	max 1	Configuration Rule	701498-B21 conditional visibility: portal selector activation required (BTO products are not allowed in CTO Base Model.); PORTAL_CONDITIONAL
Cables & Enablement Kits	Optical Drive Accessories	max 2	Configuration Rule	Selection constraint for Optical Drive Accessories: max 2
Cables & Enablement Kits	Optical Drive Accessories	max 2	Configuration Rule	P72199-B21 conditional visibility: portal selector activation required (Show more >>); PORTAL_CONDITIONAL
Cables & Enablement Kits	Compute Ops Management Enablement SKUs	max 1	Configuration Rule	Supported with 8LFF CTO Server only.
Cables & Enablement Kits	Compute Ops Management Enablement SKUs	max 1	Configuration Rule	P74752-B21 conditional visibility: portal selector activation required (Supported with 8LFF CTO Server only.); PORTAL_CONDITIONAL
Memory	Memory Blank Kit	max 1	Configuration Rule	BTO products are not allowed in CTO Base Model.
Memory	Memory Blank Kit	max 1	Configuration Rule	807878-B21 conditional visibility: portal selector activation required (BTO products are not allowed in CTO Base Model.); PORTAL_CONDITIONAL
Memory	Memory Blank Kit	max 1	Configuration Rule	666987-B21 conditional visibility: portal selector activation required (BTO products are not allowed in CTO Base Model.); PORTAL_CONDITIONAL
Accessories & Infrastructure	Chassis Infrastructure & Rail Kits	max 3	Configuration Rule	Selection constraint for Chassis Infrastructure & Rail Kits: max 3
Accessories & Infrastructure	Chassis Infrastructure & Rail Kits	max 3	Configuration Rule	875519-B21 conditional visibility: portal selector activation required (Show more >>); PORTAL_CONDITIONAL
Accessories & Infrastructure	Chassis Infrastructure & Rail Kits	max 3	Configuration Rule	P48922-B21 conditional visibility: portal selector activation required (Show more >>); PORTAL_CONDITIONAL
Accessories & Infrastructure	Chassis Infrastructure & Rail Kits	max 3	Configuration Rule	P50400-B21 conditional visibility: portal selector activation required (Show more >>); PORTAL_CONDITIONAL
Accessories & Infrastructure	Chassis Infrastructure & Rail Kits	max 3	Configuration Rule	S6B45A conditional visibility: portal selector activation required (Show more >>); PORTAL_CONDITIONAL
Cables & Enablement Kits	Factory Configuration Settings	max 1	Configuration Rule	Selection constraint for Factory Configuration Settings: max 1
Cables & Enablement Kits	Factory Configuration Settings	max 1	Configuration Rule	P35876-B21 conditional visibility: portal selector activation required (Show more >>); PORTAL_CONDITIONAL
Accessories & Infrastructure	Trusted Supply Chain	max 1	Configuration Rule	Selection constraint for Trusted Supply Chain: max 1
Accessories & Infrastructure	Trusted Supply Chain	max 1	Configuration Rule	P36394-B21 conditional visibility: portal selector activation required (Show more >>); PORTAL_CONDITIONAL
Drive Enclosures / Drives	Drive Configuration Settings	max 1	Configuration Rule	Selection constraint for Drive Configuration Settings: max 1
Drive Enclosures / Drives	Drive Configuration Settings	max 1	Configuration Rule	P79376-B21 conditional visibility: portal selector activation required (Show more >>); PORTAL_CONDITIONAL
Drive Enclosures / Drives	Drive Configuration Settings	max 1	Configuration Rule	P79379-B21 conditional visibility: portal selector activation required (Show more >>); PORTAL_CONDITIONAL
Drive Enclosures / Drives	Storage Controller Cable Kits	max 1	Configuration Rule	Selection constraint for Storage Controller Cable Kits: max 1
Drive Enclosures / Drives	Storage Controller Cable Kits	max 1	Configuration Rule	P79308-B21 conditional visibility: portal selector activation required (Show more >>); PORTAL_CONDITIONAL
Drive Enclosures / Drives	Storage Controller Cable Kits	max 1	Configuration Rule	P79311-B21 conditional visibility: portal selector activation required (Show more >>); PORTAL_CONDITIONAL
Drive Enclosures / Drives	Storage Controller Cable Kits	max 1	Configuration Rule	P79314-B21 conditional visibility: portal selector activation required (Show more >>); PORTAL_CONDITIONAL
Drive Enclosures / Drives	Drive Cage	max 9	Configuration Rule	Supported with 12EDSFF CTO Server only.
Drive Enclosures / Drives	Drive Cage	max 9	Configuration Rule	P87692-B21 conditional visibility: portal selector activation required (Supported with 12EDSFF CTO Server only.); PORTAL_CONDITIONAL
Drive Enclosures / Drives	Drive Cage	max 9	Configuration Rule	P92742-B21 conditional visibility: portal selector activation required (Supported with 12EDSFF CTO Server only.); PORTAL_CONDITIONAL
Accessories & Infrastructure	Logical Size Settings	max 1	Configuration Rule	Selection constraint for Logical Size Settings: max 1
Accessories & Infrastructure	Logical Size Settings	max 1	Configuration Rule	436007-B21 conditional visibility: portal selector activation required (OB); PORTAL_CONDITIONAL
Software & Licenses	Server Management & Operating System Licenses	max 1	Configuration Rule	Selection constraint for Server Management & Operating System Licenses: max 1
Software & Licenses	Server Management & Operating System Licenses	max 1	Configuration Rule	P42104-B21 conditional visibility: portal selector activation required (Show more >>); PORTAL_CONDITIONAL
Accessories & Infrastructure	vSAN Tracking SKUs	max 1	Configuration Rule	Selection constraint for vSAN Tracking SKUs: max 1
Accessories & Infrastructure	vSAN Tracking SKUs	max 1	Configuration Rule	P63226-B21 conditional visibility: portal selector activation required (Show more >>); PORTAL_CONDITIONAL
Software & Licenses	vSAN Tracking SKUs	max 1	Configuration Rule	Selection constraint for vSAN Tracking SKUs: max 1
Software & Licenses	vSAN Tracking SKUs	max 1	Configuration Rule	P27078-B21 conditional visibility: portal selector activation required (Show more >>); PORTAL_CONDITIONAL
Software & Licenses	iLO Common Password	max 1	Configuration Rule	Selection constraint for iLO Common Password: max 1
Software & Licenses	iLO Common Password	max 1	Configuration Rule	P08040-B21 conditional visibility: portal selector activation required (Show more >>); PORTAL_CONDITIONAL
Networking	Ethernet PCIe	max 5	Configuration Rule	Selection constraint for Ethernet PCIe: max 5
Networking	Ethernet PCIe	max 5	Configuration Rule	S2A69A conditional visibility: portal selector activation required (Show more >>); PORTAL_CONDITIONAL
Networking	Ethernet PCIe	max 5	Configuration Rule	P08443-B21 conditional visibility: portal selector activation required (Show more >>); PORTAL_CONDITIONAL
Networking	Ethernet PCIe	max 5	Configuration Rule	P25960-B21 conditional visibility: portal selector activation required (Show more >>); PORTAL_CONDITIONAL
Networking	Ethernet PCIe	max 5	Configuration Rule	P26253-B21 conditional visibility: portal selector activation required (Show more >>); PORTAL_CONDITIONAL
Networking	Ethernet PCIe	max 5	Configuration Rule	P26259-B21 conditional visibility: portal selector activation required (Show more >>); PORTAL_CONDITIONAL
Networking	Ethernet PCIe	max 5	Configuration Rule	P26262-B21 conditional visibility: portal selector activation required (Show more >>); PORTAL_CONDITIONAL
Networking	Ethernet PCIe	max 5	Configuration Rule	P42044-B21 conditional visibility: portal selector activation required (Show more >>); PORTAL_CONDITIONAL
Networking	Ethernet PCIe	max 5	Configuration Rule	P51178-B21 conditional visibility: portal selector activation required (Show more >>); PORTAL_CONDITIONAL
Networking	Ethernet PCIe	max 5	Configuration Rule	R8M41A conditional visibility: portal selector activation required (Show more >>); PORTAL_CONDITIONAL
Networking	Ethernet PCIe	max 5	Configuration Rule	P21112-B21 conditional visibility: portal selector activation required (Show more >>); PORTAL_CONDITIONAL
Networking	Ethernet PCIe	max 5	Configuration Rule	P08458-B21 conditional visibility: portal selector activation required (Show more >>); PORTAL_CONDITIONAL
Networking	Ethernet PCIe	max 5	Configuration Rule	P21109-B21 conditional visibility: portal selector activation required (Show more >>); PORTAL_CONDITIONAL
Networking	Ethernet PCIe	max 5	Configuration Rule	P26264-B21 conditional visibility: portal selector activation required (Show more >>); PORTAL_CONDITIONAL
Networking	Ethernet PCIe	max 5	Configuration Rule	P73111-B21 conditional visibility: portal selector activation required (Show more >>); PORTAL_CONDITIONAL
Networking	Ethernet PCIe	max 5	Configuration Rule	P87940-B21 conditional visibility: portal selector activation required (Show more >>); PORTAL_CONDITIONAL
Graphics & GPU	GPU Accelerators	max 1	Configuration Rule	Private Product is not valid for current customer account
Graphics & GPU	GPU Accelerators	max 1	Configuration Rule	P74383-B21 conditional visibility: portal selector activation required (Private Product is not valid for current customer account); PORTAL_CONDITIONAL
Networking	InfiniBand PCIe	max 3	Configuration Rule	Selection constraint for InfiniBand PCIe: max 3
Networking	InfiniBand PCIe	max 3	Configuration Rule	P45641-H23 conditional visibility: portal selector activation required (OB); PORTAL_CONDITIONAL
Networking	InfiniBand PCIe	max 3	Configuration Rule	P45642-H23 conditional visibility: portal selector activation required (OB); PORTAL_CONDITIONAL
Networking	InfiniBand PCIe	max 3	Configuration Rule	P66386-H21 conditional visibility: portal selector activation required (OB); PORTAL_CONDITIONAL
Networking	InfiniBand PCIe	max 3	Configuration Rule	P79115-H21 conditional visibility: portal selector activation required (OB); PORTAL_CONDITIONAL
Networking	InfiniBand PCIe	max 3	Configuration Rule	P45641-B23 conditional visibility: portal selector activation required (OB); PORTAL_CONDITIONAL
Networking	InfiniBand PCIe	max 3	Configuration Rule	P45641-H24 conditional visibility: portal selector activation required (OB); PORTAL_CONDITIONAL
Networking	InfiniBand PCIe	max 3	Configuration Rule	P45642-B22 conditional visibility: portal selector activation required (OB); PORTAL_CONDITIONAL
Networking	InfiniBand PCIe	max 3	Configuration Rule	P45642-H22 conditional visibility: portal selector activation required (OB); PORTAL_CONDITIONAL
Networking	InfiniBand PCIe	max 3	Configuration Rule	P65333-B21 conditional visibility: portal selector activation required (OB); PORTAL_CONDITIONAL
Networking	InfiniBand PCIe	max 3	Configuration Rule	P65333-H21 conditional visibility: portal selector activation required (OB); PORTAL_CONDITIONAL
Networking	InfiniBand PCIe	max 3	Configuration Rule	P66387-H21 conditional visibility: portal selector activation required (OB); PORTAL_CONDITIONAL
Networking	InfiniBand PCIe	max 3	Configuration Rule	P79114-H21 conditional visibility: portal selector activation required (OB); PORTAL_CONDITIONAL
Networking	InfiniBand PCIe	max 3	Configuration Rule	P79115-B21 conditional visibility: portal selector activation required (OB); PORTAL_CONDITIONAL
Networking	InfiniBand PCIe	max 3	Configuration Rule	P81264-H21 conditional visibility: portal selector activation required (OB); PORTAL_CONDITIONAL
Networking	Transceivers	max 16	Configuration Rule	Selection constraint for Transceivers: max 16
Networking	Transceivers	max 16	Configuration Rule	P49764-B21 conditional visibility: portal selector activation required (OB); PORTAL_CONDITIONAL
Networking	Transceivers	max 16	Configuration Rule	Q8J73A conditional visibility: portal selector activation required (OB); PORTAL_CONDITIONAL
Networking	Transceivers	max 16	Configuration Rule	Q9S71A conditional visibility: portal selector activation required (OB); PORTAL_CONDITIONAL
Networking	Transceivers	max 16	Configuration Rule	453151-B21 conditional visibility: portal selector activation required (OB); PORTAL_CONDITIONAL
Networking	Transceivers	max 16	Configuration Rule	453154-B21 conditional visibility: portal selector activation required (OB); PORTAL_CONDITIONAL
Networking	Transceivers	max 16	Configuration Rule	455883-B21 conditional visibility: portal selector activation required (OB); PORTAL_CONDITIONAL
Networking	Transceivers	max 16	Configuration Rule	455886-B21 conditional visibility: portal selector activation required (OB); PORTAL_CONDITIONAL
Networking	Transceivers	max 16	Configuration Rule	845398-B21 conditional visibility: portal selector activation required (OB); PORTAL_CONDITIONAL
Networking	Transceivers	max 16	Configuration Rule	845966-B21 conditional visibility: portal selector activation required (OB); PORTAL_CONDITIONAL
Networking	Transceivers	max 16	Configuration Rule	845970-B21 conditional visibility: portal selector activation required (OB); PORTAL_CONDITIONAL
Networking	Transceivers	max 16	Configuration Rule	845972-B21 conditional visibility: portal selector activation required (OB); PORTAL_CONDITIONAL
Networking	Transceivers	max 16	Configuration Rule	P65334-B21 conditional visibility: portal selector activation required (OB); PORTAL_CONDITIONAL
Networking	Transceivers	max 16	Configuration Rule	P79829-B21 conditional visibility: portal selector activation required (OB); PORTAL_CONDITIONAL
Networking	Transceivers	max 16	Configuration Rule	P82314-B21 conditional visibility: portal selector activation required (OB); PORTAL_CONDITIONAL
Networking	Transceivers	max 16	Configuration Rule	P86377-B21 conditional visibility: portal selector activation required (OB); PORTAL_CONDITIONAL
Networking	Transceivers	max 16	Configuration Rule	P87585-B21 conditional visibility: portal selector activation required (OB); PORTAL_CONDITIONAL
Networking	Transceivers	max 16	Configuration Rule	P89422-B21 conditional visibility: portal selector activation required (OB); PORTAL_CONDITIONAL
Networking	Transceivers	max 16	Configuration Rule	P89423-B21 conditional visibility: portal selector activation required (OB); PORTAL_CONDITIONAL
Networking	Transceivers	max 16	Configuration Rule	Q2F19A conditional visibility: portal selector activation required (OB); PORTAL_CONDITIONAL
Networking	Fibre Channel HBA	max 3	Configuration Rule	Selection constraint for Fibre Channel HBA: max 3
Networking	Fibre Channel HBA	max 3	Configuration Rule	S4T09A conditional visibility: portal selector activation required (Show more >>); PORTAL_CONDITIONAL
Networking	Fibre Channel HBA	max 3	Configuration Rule	S4S01A conditional visibility: portal selector activation required (Show more >>); PORTAL_CONDITIONAL
Networking	Fibre Channel HBA	max 3	Configuration Rule	R2E08A conditional visibility: portal selector activation required (Show more >>); PORTAL_CONDITIONAL
Networking	Fibre Channel HBA	max 3	Configuration Rule	R2E09A conditional visibility: portal selector activation required (Show more >>); PORTAL_CONDITIONAL
Networking	Fibre Channel HBA	max 3	Configuration Rule	R7N86A conditional visibility: portal selector activation required (Show more >>); PORTAL_CONDITIONAL
Networking	Fibre Channel HBA	max 3	Configuration Rule	R7N87A conditional visibility: portal selector activation required (Show more >>); PORTAL_CONDITIONAL
Networking	OCP Ethernet	max 2	Configuration Rule	Selection constraint for OCP Ethernet: max 2
Networking	OCP Ethernet	max 2	Configuration Rule	P10115-B21 conditional visibility: portal selector activation required (Show more >>); PORTAL_CONDITIONAL
Networking	OCP Ethernet	max 2	Configuration Rule	P42041-B21 conditional visibility: portal selector activation required (Show more >>); PORTAL_CONDITIONAL
Networking	OCP Ethernet	max 2	Configuration Rule	P51181-B21 conditional visibility: portal selector activation required (Show more >>); PORTAL_CONDITIONAL
Networking	OCP Ethernet	max 2	Configuration Rule	P22767-B21 conditional visibility: portal selector activation required (Show more >>); PORTAL_CONDITIONAL
Networking	OCP Ethernet	max 2	Configuration Rule	P26256-B21 conditional visibility: portal selector activation required (Show more >>); PORTAL_CONDITIONAL
Networking	OCP Ethernet	max 2	Configuration Rule	P79833-B21 conditional visibility: portal selector activation required (Show more >>); PORTAL_CONDITIONAL
Networking	OCP Ethernet	max 2	Configuration Rule	P10097-B21 conditional visibility: portal selector activation required (Show more >>); PORTAL_CONDITIONAL
Networking	OCP Ethernet	max 2	Configuration Rule	P10106-B21 conditional visibility: portal selector activation required (Show more >>); PORTAL_CONDITIONAL
Networking	OCP Ethernet	max 2	Configuration Rule	P26269-B21 conditional visibility: portal selector activation required (Show more >>); PORTAL_CONDITIONAL
Networking	OCP Ethernet	max 2	Configuration Rule	P41614-B21 conditional visibility: portal selector activation required (Show more >>); PORTAL_CONDITIONAL
Networking	OCP Ethernet	max 2	Configuration Rule	P73114-B21 conditional visibility: portal selector activation required (Show more >>); PORTAL_CONDITIONAL
Networking	OCP3 Networking Adapters	max 1	Configuration Rule	Private Product is not valid for current customer account
Networking	OCP3 Networking Adapters	max 1	Configuration Rule	P89140-B21 conditional visibility: portal selector activation required (Private Product is not valid for current customer account); PORTAL_CONDITIONAL
Cables & Enablement Kits	Energy Star	max 1	Configuration Rule	BTO products are not allowed in CTO Base Model.
Cables & Enablement Kits	Energy Star	max 1	Configuration Rule	AJ833A conditional visibility: portal selector activation required (BTO products are not allowed in CTO Base Model.); PORTAL_CONDITIONAL
Cables & Enablement Kits	Energy Star	max 1	Configuration Rule	AJ836A conditional visibility: portal selector activation required (BTO products are not allowed in CTO Base Model.); PORTAL_CONDITIONAL
Cables & Enablement Kits	Energy Star	max 1	Configuration Rule	AJ838A conditional visibility: portal selector activation required (BTO products are not allowed in CTO Base Model.); PORTAL_CONDITIONAL
Cables & Enablement Kits	Energy Star	max 1	Configuration Rule	AJ839A conditional visibility: portal selector activation required (BTO products are not allowed in CTO Base Model.); PORTAL_CONDITIONAL
Cables & Enablement Kits	Energy Star	max 1	Configuration Rule	AJ834A conditional visibility: portal selector activation required (BTO products are not allowed in CTO Base Model.); PORTAL_CONDITIONAL
Cables & Enablement Kits	Energy Star	max 1	Configuration Rule	AJ837A conditional visibility: portal selector activation required (BTO products are not allowed in CTO Base Model.); PORTAL_CONDITIONAL
Cables & Enablement Kits	OCP3 Networking Adapters	max 2	Configuration Rule	Selection constraint for OCP3 Networking Adapters: max 2
Cables & Enablement Kits	OCP3 Networking Adapters	max 2	Configuration Rule	P72201-B21 conditional visibility: portal selector activation required (Show more >>); PORTAL_CONDITIONAL
Cables & Enablement Kits	OCP3 Networking Adapters	max 2	Configuration Rule	P72203-B21 conditional visibility: portal selector activation required (Show more >>); PORTAL_CONDITIONAL
Cables & Enablement Kits	OCP3 Networking Adapters	max 2	Configuration Rule	P72205-B21 conditional visibility: portal selector activation required (Show more >>); PORTAL_CONDITIONAL
Cables & Enablement Kits	OCP3 Networking Adapters	max 2	Configuration Rule	P72207-B21 conditional visibility: portal selector activation required (Show more >>); PORTAL_CONDITIONAL
Cables & Enablement Kits	OCP3 Networking Adapters	max 2	Configuration Rule	P74757-B21 conditional visibility: portal selector activation required (Show more >>); PORTAL_CONDITIONAL
Cables & Enablement Kits	OCP3 Networking Adapters	max 2	Configuration Rule	P74758-B21 conditional visibility: portal selector activation required (Show more >>); PORTAL_CONDITIONAL
Networking	Networking Accessories	max 1	Configuration Rule	Selection constraint for Networking Accessories: max 1
Networking	Networking Accessories	max 1	Configuration Rule	P95271-B21 conditional visibility: portal selector activation required (Show more >>); PORTAL_CONDITIONAL
Cables & Enablement Kits	Energy Star	max 1	Configuration Rule	Private Product is not valid for current customer account
Cables & Enablement Kits	Energy Star	max 1	Configuration Rule	P74606-B21 conditional visibility: portal selector activation required (Private Product is not valid for current customer account); PORTAL_CONDITIONAL
Cables & Enablement Kits	Energy Star	max 1	Configuration Rule	P97416-B21 conditional visibility: portal selector activation required (Private Product is not valid for current customer account); PORTAL_CONDITIONAL
Cables & Enablement Kits	Management Hardware	max 1	Configuration Rule	Selection constraint for Management Hardware: max 1
Cables & Enablement Kits	Management Hardware	max 1	Configuration Rule	P48824-B21 conditional visibility: portal selector activation required (Show more >>); PORTAL_CONDITIONAL
Memory	Memory Setting	max 1	Configuration Rule	Selection constraint for Memory Setting: max 1
Memory	Memory Setting	max 1	Configuration Rule	875293-B21 conditional visibility: portal selector activation required (Show more >>); PORTAL_CONDITIONAL
Cables & Enablement Kits	Solid State Drives (NVMe/SAS/SATA)	max 3	Configuration Rule	Selection constraint for Solid State Drives (NVMe/SAS/SATA): max 3
Cables & Enablement Kits	Solid State Drives (NVMe/SAS/SATA)	max 3	Configuration Rule	P78279-B21 conditional visibility: portal selector activation required (Show more >>); PORTAL_CONDITIONAL
Cables & Enablement Kits	Solid State Drives (NVMe/SAS/SATA)	max 3	Configuration Rule	P81162-B21 conditional visibility: portal selector activation required (Show more >>); PORTAL_CONDITIONAL
Cables & Enablement Kits	Solid State Drives (NVMe/SAS/SATA)	max 3	Configuration Rule	P74755-B21 conditional visibility: portal selector activation required (Show more >>); PORTAL_CONDITIONAL
Cables & Enablement Kits	Solid State Drives (NVMe/SAS/SATA)	max 3	Configuration Rule	P74759-B21 conditional visibility: portal selector activation required (Show more >>); PORTAL_CONDITIONAL
Cables & Enablement Kits	Solid State Drives (NVMe/SAS/SATA)	max 3	Configuration Rule	P77928-B21 conditional visibility: portal selector activation required (Show more >>); PORTAL_CONDITIONAL
Cables & Enablement Kits	Solid State Drives (NVMe/SAS/SATA)	max 3	Configuration Rule	P81160-B21 conditional visibility: portal selector activation required (Show more >>); PORTAL_CONDITIONAL
Accessories & Infrastructure	Accessories & Infrastructure Options	max 3	Configuration Rule	Selection constraint for Manufacturing Services: max 3
Accessories & Infrastructure	Accessories & Infrastructure Options	max 3	Configuration Rule	P60283-B21 conditional visibility: portal selector activation required (Show more >>); PORTAL_CONDITIONAL
Accessories & Infrastructure	Accessories & Infrastructure Options	max 3	Configuration Rule	P73325-B21 conditional visibility: portal selector activation required (Show more >>); PORTAL_CONDITIONAL
Accessories & Infrastructure	Chassis Infrastructure & Rail Kits	max 3	Configuration Rule	P22020-B21 conditional visibility: portal selector activation required (Show more >>); PORTAL_CONDITIONAL
Accessories & Infrastructure	Chassis Infrastructure & Rail Kits	max 3	Configuration Rule	P52341-B21 conditional visibility: portal selector activation required (Show more >>); PORTAL_CONDITIONAL
Accessories & Infrastructure	Chassis Infrastructure & Rail Kits	max 3	Configuration Rule	P70744-B21 conditional visibility: portal selector activation required (Show more >>); PORTAL_CONDITIONAL
Accessories & Infrastructure	Chassis Infrastructure & Rail Kits	max 3	Configuration Rule	P74748-B21 conditional visibility: portal selector activation required (Show more >>); PORTAL_CONDITIONAL
Graphics & GPU	Graphics	max 5	Configuration Rule	Selection constraint for Graphics: max 5
Graphics & GPU	Graphics	max 5	Configuration Rule	S2L70C conditional visibility: portal selector activation required (OB); PORTAL_CONDITIONAL
Graphics & GPU	Graphics	max 5	Configuration Rule	S6W30C conditional visibility: portal selector activation required (OB); PORTAL_CONDITIONAL
Graphics & GPU	Graphics	max 5	Configuration Rule	S0K89C conditional visibility: portal selector activation required (OB); PORTAL_CONDITIONAL
Graphics & GPU	Graphics	max 5	Configuration Rule	S2D86C conditional visibility: portal selector activation required (OB); PORTAL_CONDITIONAL
Graphics & GPU	Graphics	max 5	Configuration Rule	S5T74C conditional visibility: portal selector activation required (OB); PORTAL_CONDITIONAL
Graphics & GPU	GPU Accelerators	max 1	Configuration Rule	RTX Pro 6000/ RTX Pro 6000D/ H200 NVL GPU and 30C Ambient Temperature cannot be selected together.
Graphics & GPU	GPU Accelerators	max 1	Configuration Rule	S3U30C conditional visibility: portal selector activation required (RTX Pro 6000/ RTX Pro 6000D/ H200 NVL GPU and 30C Ambient Temperature cannot be selected together.); PORTAL_CONDITIONAL
Graphics & GPU	GPU Accelerators	max 1	Configuration Rule	S6A73C conditional visibility: portal selector activation required (RTX Pro 6000/ RTX Pro 6000D/ H200 NVL GPU and 30C Ambient Temperature cannot be selected together.); PORTAL_CONDITIONAL
Graphics & GPU	GPU Accelerators	max 1	Configuration Rule	S6W21C conditional visibility: portal selector activation required (RTX Pro 6000/ RTX Pro 6000D/ H200 NVL GPU and 30C Ambient Temperature cannot be selected together.); PORTAL_CONDITIONAL
Graphics & GPU	NVIDIA GPU SW	no max	Configuration Rule	Private Product is not valid for current customer account
Graphics & GPU	NVIDIA GPU SW	no max	Configuration Rule	S7J51C conditional visibility: portal selector activation required (Private Product is not valid for current customer account); PORTAL_CONDITIONAL
Graphics & GPU	Graphics Accessories	max 3	Configuration Rule	Selection constraint for Graphics Accessories: max 3
Graphics & GPU	Graphics Accessories	max 3	Configuration Rule	P56072-B21 conditional visibility: portal selector activation required (Show more >>); PORTAL_CONDITIONAL
Graphics & GPU	Graphics Accessories	max 3	Configuration Rule	P77896-B21 conditional visibility: portal selector activation required (Show more >>); PORTAL_CONDITIONAL
Graphics & GPU	Graphics Accessories	max 3	Configuration Rule	P93055-B21 conditional visibility: portal selector activation required (Show more >>); PORTAL_CONDITIONAL
Power Supplies	Power Supplies	max 2	Configuration Rule	Selection constraint for Power Supplies: max 2
Power Supplies	Power Supplies	max 2	Configuration Rule	P03178-B21 conditional visibility: portal selector activation required (Show more >>); PORTAL_CONDITIONAL
Power Supplies	Flex Slot Power Supplies	max 1	Configuration Rule	Mixing of Power supplies are not allowed.
Power Supplies	Flex Slot Power Supplies	max 1	Configuration Rule	P38995-B21 conditional visibility: portal selector activation required (Mixing of Power supplies are not allowed.); PORTAL_CONDITIONAL
Power Supplies	Flex Slot Power Supplies	max 1	Configuration Rule	P38997-B21 conditional visibility: portal selector activation required (Mixing of Power supplies are not allowed.); PORTAL_CONDITIONAL
Power Supplies	Flex Slot Power Supplies	max 1	Configuration Rule	P44712-B21 conditional visibility: portal selector activation required (Mixing of Power supplies are not allowed.); PORTAL_CONDITIONAL
Power Supplies	-48VDC Power Supplies & Cable Kits	max 1	Configuration Rule	If AC Power Supply is selected then only AC Power Cords should be in the drop-down.
Power Supplies	-48VDC Power Supplies & Cable Kits	max 1	Configuration Rule	P17023-B21 conditional visibility: portal selector activation required (If AC Power Supply is selected then only AC Power Cords should be in the drop-down.); PORTAL_CONDITIONAL
Cooling / Thermal	Power Cooling Options	max 3	Configuration Rule	Selection constraint for Power Cooling Options: max 3
Cooling / Thermal	Power Cooling Options	max 3	Configuration Rule	P48820-B21 conditional visibility: portal selector activation required (Show more >>); PORTAL_CONDITIONAL
Cooling / Thermal	Power Cooling Options	max 3	Configuration Rule	P49146-B21 conditional visibility: portal selector activation required (Show more >>); PORTAL_CONDITIONAL
Cooling / Thermal	Power Cooling Options	max 3	Configuration Rule	P62038-B21 conditional visibility: portal selector activation required (Show more >>); PORTAL_CONDITIONAL
Cooling / Thermal	Power Cooling Options	max 3	Configuration Rule	P62042-B21 conditional visibility: portal selector activation required (Show more >>); PORTAL_CONDITIONAL
Cooling / Thermal	Power Cooling Options	max 3	Configuration Rule	P81130-B21 conditional visibility: portal selector activation required (Show more >>); PORTAL_CONDITIONAL
Cables & Enablement Kits	-48VDC Power Supplies & Cable Kits	max 1	Configuration Rule	HPE 1600W -48VDC Pwr Cbl Lug Kit(P36877-B21) Supported only with HPE 1600W FS -48VDC Ht Plg PS Kit (P17023-B21).
Cables & Enablement Kits	-48VDC Power Supplies & Cable Kits	max 1	Configuration Rule	P36877-B21 conditional visibility: portal selector activation required (HPE 1600W -48VDC Pwr Cbl Lug Kit(P36877-B21) Supported only with HPE 1600W FS -48VDC Ht Plg PS Kit (P17023-B21).); PORTAL_CONDITIONAL
Cables & Enablement Kits	Power Cords	max 2	Configuration Rule	Selection constraint for Power Cords: max 2
Cables & Enablement Kits	Power Cords	max 2	Configuration Rule	P78145-B21 conditional visibility: portal selector activation required (Show more >>); PORTAL_CONDITIONAL
Cables & Enablement Kits	Power Cords & Jumper Cables	max 1	Configuration Rule	Max quantity of product limited by space available.
Cables & Enablement Kits	Power Cords & Jumper Cables	max 1	Configuration Rule	AF556A conditional visibility: portal selector activation required (Max quantity of product limited by space available.); PORTAL_CONDITIONAL
Cables & Enablement Kits	Power Cords & Jumper Cables	max 1	Configuration Rule	AF557A conditional visibility: portal selector activation required (Max quantity of product limited by space available.); PORTAL_CONDITIONAL
Cables & Enablement Kits	Power Cords & Jumper Cables	max 1	Configuration Rule	AF568A conditional visibility: portal selector activation required (Max quantity of product limited by space available.); PORTAL_CONDITIONAL
Cables & Enablement Kits	Power Cords & Jumper Cables	max 1	Configuration Rule	AF570A conditional visibility: portal selector activation required (Max quantity of product limited by space available.); PORTAL_CONDITIONAL
Cables & Enablement Kits	Power Cords & Jumper Cables	max 1	Configuration Rule	AF573A conditional visibility: portal selector activation required (Max quantity of product limited by space available.); PORTAL_CONDITIONAL
Cables & Enablement Kits	Power Cords & Jumper Cables	max 1	Configuration Rule	P78130-B21 conditional visibility: portal selector activation required (Max quantity of product limited by space available.); PORTAL_CONDITIONAL
Cables & Enablement Kits	Power Cords & Jumper Cables	max 1	Configuration Rule	AF558A conditional visibility: portal selector activation required (Max quantity of product limited by space available.); PORTAL_CONDITIONAL
Cables & Enablement Kits	Power Cords & Jumper Cables	max 1	Configuration Rule	AF559A conditional visibility: portal selector activation required (Max quantity of product limited by space available.); PORTAL_CONDITIONAL
Cables & Enablement Kits	Power Cords & Jumper Cables	max 1	Configuration Rule	AF560A conditional visibility: portal selector activation required (Max quantity of product limited by space available.); PORTAL_CONDITIONAL
Cables & Enablement Kits	Power Cords & Jumper Cables	max 1	Configuration Rule	AF561A conditional visibility: portal selector activation required (Max quantity of product limited by space available.); PORTAL_CONDITIONAL
Cables & Enablement Kits	Power Cords & Jumper Cables	max 1	Configuration Rule	AF562A conditional visibility: portal selector activation required (Max quantity of product limited by space available.); PORTAL_CONDITIONAL
Cables & Enablement Kits	Power Cords & Jumper Cables	max 1	Configuration Rule	AF564A conditional visibility: portal selector activation required (Max quantity of product limited by space available.); PORTAL_CONDITIONAL
Cables & Enablement Kits	Power Cords & Jumper Cables	max 1	Configuration Rule	AF565A conditional visibility: portal selector activation required (Max quantity of product limited by space available.); PORTAL_CONDITIONAL
Cables & Enablement Kits	Power Cords & Jumper Cables	max 1	Configuration Rule	AF566A conditional visibility: portal selector activation required (Max quantity of product limited by space available.); PORTAL_CONDITIONAL
Cables & Enablement Kits	Power Cords & Jumper Cables	max 1	Configuration Rule	AF567A conditional visibility: portal selector activation required (Max quantity of product limited by space available.); PORTAL_CONDITIONAL
Cables & Enablement Kits	Power Cords & Jumper Cables	max 1	Configuration Rule	AF569A conditional visibility: portal selector activation required (Max quantity of product limited by space available.); PORTAL_CONDITIONAL
Cables & Enablement Kits	Power Cords & Jumper Cables	max 1	Configuration Rule	AF572A conditional visibility: portal selector activation required (Max quantity of product limited by space available.); PORTAL_CONDITIONAL
Cables & Enablement Kits	Power Cords & Jumper Cables	max 1	Configuration Rule	AF591A conditional visibility: portal selector activation required (Max quantity of product limited by space available.); PORTAL_CONDITIONAL
Cables & Enablement Kits	Power Cords & Jumper Cables	max 1	Configuration Rule	P78131-B21 conditional visibility: portal selector activation required (Max quantity of product limited by space available.); PORTAL_CONDITIONAL
Cables & Enablement Kits	Power Cords & Jumper Cables	max 1	Configuration Rule	P78144-B21 conditional visibility: portal selector activation required (Max quantity of product limited by space available.); PORTAL_CONDITIONAL
Cables & Enablement Kits	Power Cords & Jumper Cables	max 1	Configuration Rule	P78147-B21 conditional visibility: portal selector activation required (Max quantity of product limited by space available.); PORTAL_CONDITIONAL
Cables & Enablement Kits	Power Cords & Jumper Cables	max 1	Configuration Rule	P78156-B21 conditional visibility: portal selector activation required (Max quantity of product limited by space available.); PORTAL_CONDITIONAL
Cables & Enablement Kits	Power Cords & Jumper Cables	max 1	Configuration Rule	P78940-B21 conditional visibility: portal selector activation required (Max quantity of product limited by space available.); PORTAL_CONDITIONAL
Cables & Enablement Kits	Power Cords & Jumper Cables	max 1	Configuration Rule	P78941-B21 conditional visibility: portal selector activation required (Max quantity of product limited by space available.); PORTAL_CONDITIONAL
Cables & Enablement Kits	Power Cords & Jumper Cables	max 1	Configuration Rule	R1C65A conditional visibility: portal selector activation required (Max quantity of product limited by space available.); PORTAL_CONDITIONAL
Cables & Enablement Kits	-48VDC Power Supplies & Cable Kits	max 1	Configuration Rule	If AC Power Supply is selected then only AC Power Cords should be in the drop-down.
Cables & Enablement Kits	-48VDC Power Supplies & Cable Kits	max 1	Configuration Rule	P22173-B21 conditional visibility: portal selector activation required (If AC Power Supply is selected then only AC Power Cords should be in the drop-down.); PORTAL_CONDITIONAL
Cables & Enablement Kits	Power Cords & Jumper Cables	max 1	Configuration Rule	BTO products are not allowed in CTO Base Model.
Cables & Enablement Kits	Power Cords & Jumper Cables	max 1	Configuration Rule	A0K02A conditional visibility: portal selector activation required (BTO products are not allowed in CTO Base Model.); PORTAL_CONDITIONAL
Cables & Enablement Kits	Power Cords & Jumper Cables	max 1	Configuration Rule	A0N33A conditional visibility: portal selector activation required (BTO products are not allowed in CTO Base Model.); PORTAL_CONDITIONAL
Software & Licenses	Proliant Software Media Kits	no max	Configuration Rule	Not Supported ProStack Server Software
Software & Licenses	Proliant Software Media Kits	no max	Configuration Rule	S7J52A conditional visibility: portal selector activation required (Not Supported ProStack Server Software); PORTAL_CONDITIONAL
Graphics & GPU	GPU Accelerators	no max	Configuration Rule	Selection constraint for GPU Accelerators: no max
Graphics & GPU	GPU Accelerators	no max	Configuration Rule	R8W23AAE conditional visibility: portal selector activation required (OB); PORTAL_CONDITIONAL
Graphics & GPU	GPU Accelerators	no max	Configuration Rule	R8W26AAE conditional visibility: portal selector activation required (OB); PORTAL_CONDITIONAL
Graphics & GPU	GPU Accelerators	no max	Configuration Rule	R8W27AAE conditional visibility: portal selector activation required (OB); PORTAL_CONDITIONAL
Accessories & Infrastructure	Accessories & Infrastructure Options	no max	Configuration Rule	Selection constraint for HPC Software Products: no max
Accessories & Infrastructure	Accessories & Infrastructure Options	no max	Configuration Rule	Q9V62A conditional visibility: portal selector activation required (OB); PORTAL_CONDITIONAL
Software & Licenses	HPC Software Products	no max	Configuration Rule	Selection constraint for HPC Software Products: no max
Software & Licenses	HPC Software Products	no max	Configuration Rule	Q2A48A conditional visibility: portal selector activation required (OB); PORTAL_CONDITIONAL
Software & Licenses	HPC Software Products	no max	Configuration Rule	Q9V61A conditional visibility: portal selector activation required (OB); PORTAL_CONDITIONAL
Software & Licenses	HPC Software Products	no max	Configuration Rule	S2M19A conditional visibility: portal selector activation required (OB); PORTAL_CONDITIONAL
Software & Licenses	HPC Software Products	no max	Configuration Rule	S2M21A conditional visibility: portal selector activation required (OB); PORTAL_CONDITIONAL
Software & Licenses	HPC Software Products	no max	Configuration Rule	S2M23A conditional visibility: portal selector activation required (OB); PORTAL_CONDITIONAL
Software & Licenses	HPC Software Products	no max	Configuration Rule	S2M25A conditional visibility: portal selector activation required (OB); PORTAL_CONDITIONAL
Software & Licenses	HPC Software Products	no max	Configuration Rule	S2M27A conditional visibility: portal selector activation required (OB); PORTAL_CONDITIONAL
Software & Licenses	HPC Software Products	no max	Configuration Rule	S2M29A conditional visibility: portal selector activation required (OB); PORTAL_CONDITIONAL
Software & Licenses	HPC Software Products	no max	Configuration Rule	S2M31A conditional visibility: portal selector activation required (OB); PORTAL_CONDITIONAL
Software & Licenses	HPC Software Products	no max	Configuration Rule	S2M32A conditional visibility: portal selector activation required (OB); PORTAL_CONDITIONAL
Software & Licenses	HPC Software Products	no max	Configuration Rule	S2M33A conditional visibility: portal selector activation required (OB); PORTAL_CONDITIONAL
Software & Licenses	HPC Software Products	no max	Configuration Rule	S2M34A conditional visibility: portal selector activation required (OB); PORTAL_CONDITIONAL
Software & Licenses	HPC Software Products	no max	Configuration Rule	S2M35A conditional visibility: portal selector activation required (OB); PORTAL_CONDITIONAL
Software & Licenses	HPC Software Products	no max	Configuration Rule	S2M36A conditional visibility: portal selector activation required (OB); PORTAL_CONDITIONAL
Software & Licenses	HPC Software Products	no max	Configuration Rule	S2M37A conditional visibility: portal selector activation required (OB); PORTAL_CONDITIONAL
Software & Licenses	HPC Software Products	no max	Configuration Rule	S2M39A conditional visibility: portal selector activation required (OB); PORTAL_CONDITIONAL
Software & Licenses	HPC Software Products	no max	Configuration Rule	S2M41A conditional visibility: portal selector activation required (OB); PORTAL_CONDITIONAL
Software & Licenses	HPC Software Products	no max	Configuration Rule	S2M43A conditional visibility: portal selector activation required (OB); PORTAL_CONDITIONAL
Software & Licenses	HPC Software Products	no max	Configuration Rule	S2M45A conditional visibility: portal selector activation required (OB); PORTAL_CONDITIONAL
Software & Licenses	HPC Software Products	no max	Configuration Rule	S2M47A conditional visibility: portal selector activation required (OB); PORTAL_CONDITIONAL
Software & Licenses	HPC Software Products	no max	Configuration Rule	S2M49A conditional visibility: portal selector activation required (OB); PORTAL_CONDITIONAL
Software & Licenses	HPC Software Products	no max	Configuration Rule	S2M51A conditional visibility: portal selector activation required (OB); PORTAL_CONDITIONAL
Software & Licenses	HPC Software Products	no max	Configuration Rule	S2M53A conditional visibility: portal selector activation required (OB); PORTAL_CONDITIONAL
Software & Licenses	HPC Software Products	no max	Configuration Rule	S2M55A conditional visibility: portal selector activation required (OB); PORTAL_CONDITIONAL
Software & Licenses	HPC Software Products	no max	Configuration Rule	S2M57A conditional visibility: portal selector activation required (OB); PORTAL_CONDITIONAL
Software & Licenses	HPC Software Products	no max	Configuration Rule	S2M59A conditional visibility: portal selector activation required (OB); PORTAL_CONDITIONAL
Software & Licenses	HPC Software Products	no max	Configuration Rule	S2M61A conditional visibility: portal selector activation required (OB); PORTAL_CONDITIONAL
Software & Licenses	HPC Software Products	no max	Configuration Rule	S2M62A conditional visibility: portal selector activation required (OB); PORTAL_CONDITIONAL
Software & Licenses	HPC Software Products	no max	Configuration Rule	S2M63A conditional visibility: portal selector activation required (OB); PORTAL_CONDITIONAL
Software & Licenses	High Availability Computing - Cluster Software	no max	Configuration Rule	Selection constraint for High Availability Computing - Cluster Software: no max
Software & Licenses	High Availability Computing - Cluster Software	no max	Configuration Rule	R8V48A conditional visibility: portal selector activation required (DS); PORTAL_CONDITIONAL
Software & Licenses	Partner Software - Operating System	no max	Configuration Rule	Selection constraint for Partner Software - Operating System: no max
Software & Licenses	Partner Software - Operating System	no max	Configuration Rule	R1P40A conditional visibility: portal selector activation required (Show more >>); PORTAL_CONDITIONAL
Software & Licenses	Partner Software - Operating System	no max	Configuration Rule	R1P41A conditional visibility: portal selector activation required (Show more >>); PORTAL_CONDITIONAL
Software & Licenses	Partner Software - Operating System	no max	Configuration Rule	R1P42A conditional visibility: portal selector activation required (Show more >>); PORTAL_CONDITIONAL
Software & Licenses	Partner Software - Operating System	no max	Configuration Rule	R1P34A conditional visibility: portal selector activation required (Show more >>); PORTAL_CONDITIONAL
Software & Licenses	Partner Software - Operating System	no max	Configuration Rule	R1P37A conditional visibility: portal selector activation required (Show more >>); PORTAL_CONDITIONAL
Software & Licenses	Partner Software - Operating System	no max	Configuration Rule	R1P35A conditional visibility: portal selector activation required (Show more >>); PORTAL_CONDITIONAL
Software & Licenses	Partner Software - Operating System	no max	Configuration Rule	R1P38A conditional visibility: portal selector activation required (Show more >>); PORTAL_CONDITIONAL
Software & Licenses	Partner Software - Operating System	no max	Configuration Rule	R1P36A conditional visibility: portal selector activation required (Show more >>); PORTAL_CONDITIONAL
Software & Licenses	Partner Software - Operating System	no max	Configuration Rule	R1P39A conditional visibility: portal selector activation required (Show more >>); PORTAL_CONDITIONAL
HPE Compute Ops Management	Compute Ops Management SKUs	required	Configuration Rule	Selection constraint for Compute Ops Management SKUs: required
HPE Compute Ops Management	Compute Ops Management SKUs	required	Configuration Rule	S1A05A conditional visibility: portal selector activation required (Show more >>); PORTAL_CONDITIONAL
Software & Licenses	OEM Software	no max	Configuration Rule	Selection constraint for OEM Software: no max
Software & Licenses	OEM Software	no max	Configuration Rule	Q9R65A conditional visibility: portal selector activation required (OB); PORTAL_CONDITIONAL
Software & Licenses	OEM Software	no max	Configuration Rule	Q9R66A conditional visibility: portal selector activation required (OB); PORTAL_CONDITIONAL
Software & Licenses	OEM Software	no max	Configuration Rule	Q9R67A conditional visibility: portal selector activation required (OB); PORTAL_CONDITIONAL
Software & Licenses	OEM Software	no max	Configuration Rule	Q9R68A conditional visibility: portal selector activation required (OB); PORTAL_CONDITIONAL
Software & Licenses	OEM Software	no max	Configuration Rule	N0U73A conditional visibility: portal selector activation required (OB); PORTAL_CONDITIONAL
Software & Licenses	OEM Software	no max	Configuration Rule	N0U75A conditional visibility: portal selector activation required (OB); PORTAL_CONDITIONAL
Software & Licenses	Proliant Software Media Kits	no max	Configuration Rule	Selection constraint for Proliant Software Media Kits: no max
Software & Licenses	Proliant Software Media Kits	no max	Configuration Rule	Q5T84A conditional visibility: portal selector activation required (Show more >>); PORTAL_CONDITIONAL
Software & Licenses	Proliant Software Media Kits	no max	Configuration Rule	Q5T85A conditional visibility: portal selector activation required (Show more >>); PORTAL_CONDITIONAL
Software & Licenses	Red Hat (add-ons)	no max	Configuration Rule	Selection constraint for Red Hat (add-ons): no max
Software & Licenses	Red Hat (add-ons)	no max	Configuration Rule	S4T26A conditional visibility: portal selector activation required (Show more >>); PORTAL_CONDITIONAL
Software & Licenses	Red Hat (add-ons)	no max	Configuration Rule	S4T27A conditional visibility: portal selector activation required (Show more >>); PORTAL_CONDITIONAL
Software & Licenses	Red Hat (add-ons)	no max	Configuration Rule	S4T22A conditional visibility: portal selector activation required (Show more >>); PORTAL_CONDITIONAL
Software & Licenses	Red Hat (add-ons)	no max	Configuration Rule	S4T23A conditional visibility: portal selector activation required (Show more >>); PORTAL_CONDITIONAL
Software & Licenses	Red Hat (add-ons)	no max	Configuration Rule	S4T24A conditional visibility: portal selector activation required (Show more >>); PORTAL_CONDITIONAL
Software & Licenses	Red Hat (add-ons)	no max	Configuration Rule	S4T25A conditional visibility: portal selector activation required (Show more >>); PORTAL_CONDITIONAL
Software & Licenses	Red Hat (add-ons)	no max	Configuration Rule	R2A03A conditional visibility: portal selector activation required (Show more >>); PORTAL_CONDITIONAL
Software & Licenses	Red Hat (add-ons)	no max	Configuration Rule	R2A04A conditional visibility: portal selector activation required (Show more >>); PORTAL_CONDITIONAL
Software & Licenses	Red Hat (add-ons)	no max	Configuration Rule	R2A05A conditional visibility: portal selector activation required (Show more >>); PORTAL_CONDITIONAL
Software & Licenses	Red Hat (add-ons)	no max	Configuration Rule	R2A00A conditional visibility: portal selector activation required (Show more >>); PORTAL_CONDITIONAL
Software & Licenses	Red Hat (add-ons)	no max	Configuration Rule	R2A01A conditional visibility: portal selector activation required (Show more >>); PORTAL_CONDITIONAL
Software & Licenses	Red Hat (add-ons)	no max	Configuration Rule	R2A02A conditional visibility: portal selector activation required (Show more >>); PORTAL_CONDITIONAL
Software & Licenses	SUSE Add-ons	no max	Configuration Rule	Selection constraint for SUSE Add-ons: no max
Software & Licenses	SUSE Add-ons	no max	Configuration Rule	M6K34A conditional visibility: portal selector activation required (Show more >>); PORTAL_CONDITIONAL
Software & Licenses	iLO	no max	Configuration Rule	Selection constraint for iLO: no max
Software & Licenses	iLO	no max	Configuration Rule	512485-B21 conditional visibility: portal selector activation required (Show more >>); PORTAL_CONDITIONAL
Software & Licenses	iLO	no max	Configuration Rule	BD505A conditional visibility: portal selector activation required (Show more >>); PORTAL_CONDITIONAL
Software & Licenses	iLO	no max	Configuration Rule	512487-B21 conditional visibility: portal selector activation required (Show more >>); PORTAL_CONDITIONAL
Software & Licenses	iLO	no max	Configuration Rule	BD507A conditional visibility: portal selector activation required (Show more >>); PORTAL_CONDITIONAL
Software & Licenses	iLO	no max	Configuration Rule	E6U59ABE conditional visibility: portal selector activation required (Show more >>); PORTAL_CONDITIONAL
Software & Licenses	iLO	no max	Configuration Rule	E6U64ABE conditional visibility: portal selector activation required (Show more >>); PORTAL_CONDITIONAL
Software & Licenses	OneView Management Software	max 1	Configuration Rule	Selection constraint for OneView Management Software: max 1
Software & Licenses	OneView Management Software	max 1	Configuration Rule	E5Y44A conditional visibility: portal selector activation required (Show more >>); PORTAL_CONDITIONAL
Software & Licenses	OneView Management Software	max 1	Configuration Rule	E5Y43A conditional visibility: portal selector activation required (Show more >>); PORTAL_CONDITIONAL
Software & Licenses	OneView Management Software	max 1	Configuration Rule	E5Y36A conditional visibility: portal selector activation required (Show more >>); PORTAL_CONDITIONAL
Software & Licenses	OneView Management Software	max 1	Configuration Rule	P8B31A conditional visibility: portal selector activation required (Show more >>); PORTAL_CONDITIONAL
Software & Licenses	OneView Management Software	max 1	Configuration Rule	P8B25A conditional visibility: portal selector activation required (Show more >>); PORTAL_CONDITIONAL
Storage Controllers	INTEL VROC Products	max 1	Configuration Rule	Selection constraint for INTEL VROC Products: max 1
Storage Controllers	INTEL VROC Products	max 1	Configuration Rule	R7J57A conditional visibility: portal selector activation required (Show more >>); PORTAL_CONDITIONAL
Storage Controllers	INTEL VROC Products	max 1	Configuration Rule	S3Q19A conditional visibility: portal selector activation required (Show more >>); PORTAL_CONDITIONAL
Software & Licenses	Supported Operating System	no max	Configuration Rule	Selection constraint for Supported Operating System: no max
Software & Licenses	Supported Operating System	no max	Configuration Rule	Q0D22A conditional visibility: portal selector activation required (OB); PORTAL_CONDITIONAL
Software & Licenses	Supported Operating System	no max	Configuration Rule	Q0D23A conditional visibility: portal selector activation required (OB); PORTAL_CONDITIONAL
Software & Licenses	Supported Operating System	no max	Configuration Rule	Q0D25A conditional visibility: portal selector activation required (OB); PORTAL_CONDITIONAL
Software & Licenses	Supported Operating System	no max	Configuration Rule	Q0D26A conditional visibility: portal selector activation required (OB); PORTAL_CONDITIONAL
Software & Licenses	Supported Operating System	no max	Configuration Rule	Q0D29A conditional visibility: portal selector activation required (OB); PORTAL_CONDITIONAL
Software & Licenses	Supported Operating System	no max	Configuration Rule	Q0D30A conditional visibility: portal selector activation required (OB); PORTAL_CONDITIONAL
Software & Licenses	Supported Operating System	no max	Configuration Rule	Q5W19A conditional visibility: portal selector activation required (OB); PORTAL_CONDITIONAL
Software & Licenses	Supported Operating System	no max	Configuration Rule	Q5W20A conditional visibility: portal selector activation required (OB); PORTAL_CONDITIONAL
Software & Licenses	Supported Operating System	no max	Configuration Rule	Q5W21A conditional visibility: portal selector activation required (OB); PORTAL_CONDITIONAL
Software & Licenses	Supported Operating System	no max	Configuration Rule	Q5W22A conditional visibility: portal selector activation required (OB); PORTAL_CONDITIONAL
Software & Licenses	Supported Operating System	no max	Configuration Rule	Q5W23A conditional visibility: portal selector activation required (OB); PORTAL_CONDITIONAL
Software & Licenses	Supported Operating System	no max	Configuration Rule	Q5W24A conditional visibility: portal selector activation required (OB); PORTAL_CONDITIONAL
Software & Licenses	Supported Operating System	no max	Configuration Rule	Q5W25A conditional visibility: portal selector activation required (OB); PORTAL_CONDITIONAL
Software & Licenses	Supported Operating System	no max	Configuration Rule	Q5W26A conditional visibility: portal selector activation required (OB); PORTAL_CONDITIONAL
Software & Licenses	Supported Operating System	no max	Configuration Rule	Q8U15A conditional visibility: portal selector activation required (OB); PORTAL_CONDITIONAL
Software & Licenses	Supported Operating System	no max	Configuration Rule	Q8U16A conditional visibility: portal selector activation required (OB); PORTAL_CONDITIONAL
Software & Licenses	Supported Operating System	no max	Configuration Rule	Q8U17A conditional visibility: portal selector activation required (OB); PORTAL_CONDITIONAL
Software & Licenses	Supported Operating System	no max	Configuration Rule	Q8U18A conditional visibility: portal selector activation required (OB); PORTAL_CONDITIONAL
Software & Licenses	Supported Operating System	no max	Configuration Rule	Q8U19A conditional visibility: portal selector activation required (OB); PORTAL_CONDITIONAL
Software & Licenses	Supported Operating System	no max	Configuration Rule	Q8U20A conditional visibility: portal selector activation required (OB); PORTAL_CONDITIONAL
Software & Licenses	Supported Operating System	no max	Configuration Rule	Q8U21A conditional visibility: portal selector activation required (OB); PORTAL_CONDITIONAL
Software & Licenses	Supported Operating System	no max	Configuration Rule	Q8U22A conditional visibility: portal selector activation required (OB); PORTAL_CONDITIONAL
Software & Licenses	Supported Operating System	no max	Configuration Rule	R8V72A conditional visibility: portal selector activation required (OB); PORTAL_CONDITIONAL
Software & Licenses	Supported Operating System	no max	Configuration Rule	R8V73A conditional visibility: portal selector activation required (OB); PORTAL_CONDITIONAL
Software & Licenses	Supported Operating System	no max	Configuration Rule	R8V74A conditional visibility: portal selector activation required (OB); PORTAL_CONDITIONAL
Software & Licenses	Supported Operating System	no max	Configuration Rule	R8V75A conditional visibility: portal selector activation required (OB); PORTAL_CONDITIONAL
Software & Licenses	Supported Operating System	no max	Configuration Rule	R8V76A conditional visibility: portal selector activation required (OB); PORTAL_CONDITIONAL
Software & Licenses	Supported Operating System	no max	Configuration Rule	R8V77A conditional visibility: portal selector activation required (OB); PORTAL_CONDITIONAL
Software & Licenses	Supported Operating System	no max	Configuration Rule	R8V78A conditional visibility: portal selector activation required (OB); PORTAL_CONDITIONAL
Software & Licenses	Supported Operating System	no max	Configuration Rule	R8V79A conditional visibility: portal selector activation required (OB); PORTAL_CONDITIONAL
Software & Licenses	Supported Operating System	no max	Configuration Rule	R8V84A conditional visibility: portal selector activation required (OB); PORTAL_CONDITIONAL
Software & Licenses	Supported Operating System	no max	Configuration Rule	R8V85A conditional visibility: portal selector activation required (OB); PORTAL_CONDITIONAL
Software & Licenses	Supported Operating System	no max	Configuration Rule	S7N87A conditional visibility: portal selector activation required (OB); PORTAL_CONDITIONAL
Software & Licenses	Supported Operating System	no max	Configuration Rule	S7N88A conditional visibility: portal selector activation required (OB); PORTAL_CONDITIONAL
Software & Licenses	Supported Operating System	no max	Configuration Rule	S7P10A conditional visibility: portal selector activation required (OB); PORTAL_CONDITIONAL
Software & Licenses	Supported Operating System	no max	Configuration Rule	S7P11A conditional visibility: portal selector activation required (OB); PORTAL_CONDITIONAL
Software & Licenses	Supported Operating System	no max	Configuration Rule	S7P12A conditional visibility: portal selector activation required (OB); PORTAL_CONDITIONAL
Software & Licenses	Supported Operating System	no max	Configuration Rule	S7P13A conditional visibility: portal selector activation required (OB); PORTAL_CONDITIONAL
Software & Licenses	MS Windows Server	no max	Configuration Rule	Selection constraint for MS Windows Server: no max
Software & Licenses	MS Windows Server	no max	Configuration Rule	P45916-291 conditional visibility: portal selector activation required (OB); PORTAL_CONDITIONAL
Software & Licenses	MS Windows Server	no max	Configuration Rule	P45916-B21 conditional visibility: portal selector activation required (OB); PORTAL_CONDITIONAL
Software & Licenses	MS Windows Server	no max	Configuration Rule	P46005-291 conditional visibility: portal selector activation required (OB); PORTAL_CONDITIONAL
Software & Licenses	MS Windows Server	no max	Configuration Rule	P46005-B21 conditional visibility: portal selector activation required (OB); PORTAL_CONDITIONAL
Software & Licenses	MS Windows Server	no max	Configuration Rule	P46195-B21 conditional visibility: portal selector activation required (OB); PORTAL_CONDITIONAL
Software & Licenses	MS Windows Server	no max	Configuration Rule	P46196-B21 conditional visibility: portal selector activation required (OB); PORTAL_CONDITIONAL
Software & Licenses	MS Windows Server	no max	Configuration Rule	P46199-AA1 conditional visibility: portal selector activation required (OB); PORTAL_CONDITIONAL
Software & Licenses	MS Windows Server	no max	Configuration Rule	P46199-AB1 conditional visibility: portal selector activation required (OB); PORTAL_CONDITIONAL
Software & Licenses	MS Windows Server	no max	Configuration Rule	P46199-B21 conditional visibility: portal selector activation required (OB); PORTAL_CONDITIONAL
Software & Licenses	MS Windows Server	no max	Configuration Rule	P46212-B21 conditional visibility: portal selector activation required (OB); PORTAL_CONDITIONAL
Software & Licenses	MS Windows Server	no max	Configuration Rule	P46213-B21 conditional visibility: portal selector activation required (OB); PORTAL_CONDITIONAL
Software & Licenses	MS Windows Server	no max	Configuration Rule	P46214-B21 conditional visibility: portal selector activation required (OB); PORTAL_CONDITIONAL
Software & Licenses	MS Windows Server	no max	Configuration Rule	P77095-291 conditional visibility: portal selector activation required (OB); PORTAL_CONDITIONAL
Software & Licenses	MS Windows Server	no max	Configuration Rule	P77095-B21 conditional visibility: portal selector activation required (OB); PORTAL_CONDITIONAL
Software & Licenses	MS Windows Server	no max	Configuration Rule	P77096-291 conditional visibility: portal selector activation required (OB); PORTAL_CONDITIONAL
Software & Licenses	MS Windows Server	no max	Configuration Rule	P77096-B21 conditional visibility: portal selector activation required (OB); PORTAL_CONDITIONAL
Software & Licenses	MS Windows Server	no max	Configuration Rule	P77097-291 conditional visibility: portal selector activation required (OB); PORTAL_CONDITIONAL
Software & Licenses	MS Windows Server	no max	Configuration Rule	P77097-B21 conditional visibility: portal selector activation required (OB); PORTAL_CONDITIONAL
Software & Licenses	MS Windows Server	no max	Configuration Rule	P77104-B21 conditional visibility: portal selector activation required (OB); PORTAL_CONDITIONAL
Software & Licenses	MS Windows Server	no max	Configuration Rule	P77105-B21 conditional visibility: portal selector activation required (OB); PORTAL_CONDITIONAL
Software & Licenses	MS Windows Server	no max	Configuration Rule	P77106-AA1 conditional visibility: portal selector activation required (OB); PORTAL_CONDITIONAL
Software & Licenses	MS Windows Server	no max	Configuration Rule	P77106-AB1 conditional visibility: portal selector activation required (OB); PORTAL_CONDITIONAL
Software & Licenses	MS Windows Server	no max	Configuration Rule	P77106-B21 conditional visibility: portal selector activation required (OB); PORTAL_CONDITIONAL
Software & Licenses	MS Windows Server	no max	Configuration Rule	P77107-B21 conditional visibility: portal selector activation required (OB); PORTAL_CONDITIONAL
Software & Licenses	MS Windows Server	no max	Configuration Rule	P77108-B21 conditional visibility: portal selector activation required (OB); PORTAL_CONDITIONAL
Software & Licenses	MS Windows Server	no max	Configuration Rule	P77109-B21 conditional visibility: portal selector activation required (OB); PORTAL_CONDITIONAL
Software & Licenses	MS Windows Server	no max	Configuration Rule	S6K30B conditional visibility: portal selector activation required (OB); PORTAL_CONDITIONAL
Software & Licenses	MS Windows Server	no max	Configuration Rule	S6L35B conditional visibility: portal selector activation required (OB); PORTAL_CONDITIONAL
Software & Licenses	Server Management & Operating System Licenses	no max	Configuration Rule	Selection constraint for MS Windows Server: no max
Software & Licenses	Server Management & Operating System Licenses	no max	Configuration Rule	P11085-291 conditional visibility: portal selector activation required (OB); PORTAL_CONDITIONAL
Software & Licenses	Server Management & Operating System Licenses	no max	Configuration Rule	P11084-291 conditional visibility: portal selector activation required (OB); PORTAL_CONDITIONAL
Software & Licenses	Server Management & Operating System Licenses	no max	Configuration Rule	S6L45A conditional visibility: portal selector activation required (OB); PORTAL_CONDITIONAL
Software & Licenses	Server Management & Operating System Licenses	no max	Configuration Rule	S6L44A conditional visibility: portal selector activation required (OB); PORTAL_CONDITIONAL
Software & Licenses	Server Management & Operating System Licenses	no max	Configuration Rule	S6L41A conditional visibility: portal selector activation required (OB); PORTAL_CONDITIONAL
Software & Licenses	MS Windows Server	no max	Configuration Rule	P11086-B21 conditional visibility: portal selector activation required (OB); PORTAL_CONDITIONAL
Software & Licenses	MS Windows Server	no max	Configuration Rule	P11086-051 conditional visibility: portal selector activation required (OB); PORTAL_CONDITIONAL
Software & Licenses	MS Windows Server	no max	Configuration Rule	P11086-041 conditional visibility: portal selector activation required (OB); PORTAL_CONDITIONAL
Software & Licenses	MS Windows Server	no max	Configuration Rule	P11086-061 conditional visibility: portal selector activation required (OB); PORTAL_CONDITIONAL
Software & Licenses	MS Windows Server	no max	Configuration Rule	P11086-291 conditional visibility: portal selector activation required (OB); PORTAL_CONDITIONAL
Software & Licenses	MS Windows Server	no max	Configuration Rule	P11086-071 conditional visibility: portal selector activation required (OB); PORTAL_CONDITIONAL
Software & Licenses	MS Windows Server	no max	Configuration Rule	P11083-B21 conditional visibility: portal selector activation required (OB); PORTAL_CONDITIONAL
Software & Licenses	MS Windows Server	no max	Configuration Rule	P11083-051 conditional visibility: portal selector activation required (OB); PORTAL_CONDITIONAL
Software & Licenses	MS Windows Server	no max	Configuration Rule	P11083-041 conditional visibility: portal selector activation required (OB); PORTAL_CONDITIONAL
Software & Licenses	MS Windows Server	no max	Configuration Rule	P11083-061 conditional visibility: portal selector activation required (OB); PORTAL_CONDITIONAL
Software & Licenses	MS Windows Server	no max	Configuration Rule	P11083-291 conditional visibility: portal selector activation required (OB); PORTAL_CONDITIONAL
Software & Licenses	MS Windows Server	no max	Configuration Rule	P11083-071 conditional visibility: portal selector activation required (OB); PORTAL_CONDITIONAL
Software & Licenses	MS Windows Server	no max	Configuration Rule	P45879-B21 conditional visibility: portal selector activation required (OB); PORTAL_CONDITIONAL
Software & Licenses	MS Windows Server	no max	Configuration Rule	P45879-051 conditional visibility: portal selector activation required (OB); PORTAL_CONDITIONAL
Software & Licenses	MS Windows Server	no max	Configuration Rule	P45879-041 conditional visibility: portal selector activation required (OB); PORTAL_CONDITIONAL
Software & Licenses	MS Windows Server	no max	Configuration Rule	P45879-061 conditional visibility: portal selector activation required (OB); PORTAL_CONDITIONAL
Software & Licenses	MS Windows Server	no max	Configuration Rule	P45879-291 conditional visibility: portal selector activation required (OB); PORTAL_CONDITIONAL
Software & Licenses	MS Windows Server	no max	Configuration Rule	P45879-071 conditional visibility: portal selector activation required (OB); PORTAL_CONDITIONAL
Software & Licenses	MS Windows Server	no max	Configuration Rule	P45862-B21 conditional visibility: portal selector activation required (OB); PORTAL_CONDITIONAL
Software & Licenses	MS Windows Server	no max	Configuration Rule	P45862-051 conditional visibility: portal selector activation required (OB); PORTAL_CONDITIONAL
Software & Licenses	MS Windows Server	no max	Configuration Rule	P45862-041 conditional visibility: portal selector activation required (OB); PORTAL_CONDITIONAL
Software & Licenses	MS Windows Server	no max	Configuration Rule	P45862-061 conditional visibility: portal selector activation required (OB); PORTAL_CONDITIONAL
Software & Licenses	MS Windows Server	no max	Configuration Rule	P45862-291 conditional visibility: portal selector activation required (OB); PORTAL_CONDITIONAL
Software & Licenses	MS Windows Server	no max	Configuration Rule	P45862-071 conditional visibility: portal selector activation required (OB); PORTAL_CONDITIONAL
Software & Licenses	MS Windows Server	no max	Configuration Rule	S6L47A conditional visibility: portal selector activation required (OB); PORTAL_CONDITIONAL
Software & Licenses	MS Windows Server	no max	Configuration Rule	S6L46A conditional visibility: portal selector activation required (OB); PORTAL_CONDITIONAL
Software & Licenses	MS Windows Server	no max	Configuration Rule	P77125-291 conditional visibility: portal selector activation required (OB); PORTAL_CONDITIONAL
Software & Licenses	MS Windows Server	no max	Configuration Rule	S6L48A conditional visibility: portal selector activation required (OB); PORTAL_CONDITIONAL
Software & Licenses	MS Windows Server	no max	Configuration Rule	P77125-B21 conditional visibility: portal selector activation required (OB); PORTAL_CONDITIONAL
Software & Licenses	MS Windows Server	no max	Configuration Rule	P77124-291 conditional visibility: portal selector activation required (OB); PORTAL_CONDITIONAL
Software & Licenses	MS Windows Server	no max	Configuration Rule	S6L43A conditional visibility: portal selector activation required (OB); PORTAL_CONDITIONAL
Software & Licenses	MS Windows Server	no max	Configuration Rule	P77124-B21 conditional visibility: portal selector activation required (OB); PORTAL_CONDITIONAL
Software & Licenses	Server Management & Operating System Licenses	no max	Configuration Rule	Selection constraint for Server Management & Operating System Licenses: no max
Software & Licenses	Server Management & Operating System Licenses	no max	Configuration Rule	P46123-AA1 conditional visibility: portal selector activation required (OB); PORTAL_CONDITIONAL
Software & Licenses	Server Management & Operating System Licenses	no max	Configuration Rule	P46123-AB1 conditional visibility: portal selector activation required (OB); PORTAL_CONDITIONAL
Software & Licenses	Server Management & Operating System Licenses	no max	Configuration Rule	P46123-371 conditional visibility: portal selector activation required (OB); PORTAL_CONDITIONAL
Software & Licenses	Server Management & Operating System Licenses	no max	Configuration Rule	P46123-021 conditional visibility: portal selector activation required (OB); PORTAL_CONDITIONAL
Software & Licenses	Server Management & Operating System Licenses	no max	Configuration Rule	P46123-A21 conditional visibility: portal selector activation required (OB); PORTAL_CONDITIONAL
Software & Licenses	Server Management & Operating System Licenses	no max	Configuration Rule	P46128-B21 conditional visibility: portal selector activation required (OB); PORTAL_CONDITIONAL
Software & Licenses	Server Management & Operating System Licenses	no max	Configuration Rule	P46128-291 conditional visibility: portal selector activation required (OB); PORTAL_CONDITIONAL
Software & Licenses	Server Management & Operating System Licenses	no max	Configuration Rule	P46171-AA1 conditional visibility: portal selector activation required (OB); PORTAL_CONDITIONAL
Software & Licenses	Server Management & Operating System Licenses	no max	Configuration Rule	P46171-AB1 conditional visibility: portal selector activation required (OB); PORTAL_CONDITIONAL
Software & Licenses	Server Management & Operating System Licenses	no max	Configuration Rule	P46171-371 conditional visibility: portal selector activation required (OB); PORTAL_CONDITIONAL
Software & Licenses	Server Management & Operating System Licenses	no max	Configuration Rule	P46171-021 conditional visibility: portal selector activation required (OB); PORTAL_CONDITIONAL
Software & Licenses	Server Management & Operating System Licenses	no max	Configuration Rule	P46171-A21 conditional visibility: portal selector activation required (OB); PORTAL_CONDITIONAL
Software & Licenses	Server Management & Operating System Licenses	no max	Configuration Rule	S6L39A conditional visibility: portal selector activation required (OB); PORTAL_CONDITIONAL
Software & Licenses	Server Management & Operating System Licenses	no max	Configuration Rule	P77102-291 conditional visibility: portal selector activation required (OB); PORTAL_CONDITIONAL
Software & Licenses	Server Management & Operating System Licenses	no max	Configuration Rule	S6L37A conditional visibility: portal selector activation required (OB); PORTAL_CONDITIONAL
Software & Licenses	Server Management & Operating System Licenses	no max	Configuration Rule	P77102-B21 conditional visibility: portal selector activation required (OB); PORTAL_CONDITIONAL
Software & Licenses	Server Management & Operating System Licenses	no max	Configuration Rule	P77101-AA1 conditional visibility: portal selector activation required (OB); PORTAL_CONDITIONAL
Software & Licenses	Server Management & Operating System Licenses	no max	Configuration Rule	P77101-AB1 conditional visibility: portal selector activation required (OB); PORTAL_CONDITIONAL
Software & Licenses	Server Management & Operating System Licenses	no max	Configuration Rule	P77101-291 conditional visibility: portal selector activation required (OB); PORTAL_CONDITIONAL
Software & Licenses	Server Management & Operating System Licenses	no max	Configuration Rule	S6L36A conditional visibility: portal selector activation required (OB); PORTAL_CONDITIONAL
Software & Licenses	Server Management & Operating System Licenses	no max	Configuration Rule	P77101-021 conditional visibility: portal selector activation required (OB); PORTAL_CONDITIONAL
Software & Licenses	Server Management & Operating System Licenses	no max	Configuration Rule	P77101-A21 conditional visibility: portal selector activation required (OB); PORTAL_CONDITIONAL
Software & Licenses	Server Management & Operating System Licenses	no max	Configuration Rule	P77101-371 conditional visibility: portal selector activation required (OB); PORTAL_CONDITIONAL
Software & Licenses	Server Management & Operating System Licenses	no max	Configuration Rule	P77100-AA1 conditional visibility: portal selector activation required (OB); PORTAL_CONDITIONAL
Software & Licenses	Server Management & Operating System Licenses	no max	Configuration Rule	P77100-AB1 conditional visibility: portal selector activation required (OB); PORTAL_CONDITIONAL
Software & Licenses	Server Management & Operating System Licenses	no max	Configuration Rule	P77100-291 conditional visibility: portal selector activation required (OB); PORTAL_CONDITIONAL
Software & Licenses	Server Management & Operating System Licenses	no max	Configuration Rule	S6L38A conditional visibility: portal selector activation required (OB); PORTAL_CONDITIONAL
Software & Licenses	Server Management & Operating System Licenses	no max	Configuration Rule	P77100-021 conditional visibility: portal selector activation required (OB); PORTAL_CONDITIONAL
Software & Licenses	Server Management & Operating System Licenses	no max	Configuration Rule	P77100-A21 conditional visibility: portal selector activation required (OB); PORTAL_CONDITIONAL
Software & Licenses	Server Management & Operating System Licenses	no max	Configuration Rule	P77100-371 conditional visibility: portal selector activation required (OB); PORTAL_CONDITIONAL
Software & Licenses	SUSE Linux Enterprise Server	no max	Configuration Rule	Selection constraint for SUSE Linux Enterprise Server: no max
Software & Licenses	SUSE Linux Enterprise Server	no max	Configuration Rule	M6K30A conditional visibility: portal selector activation required (OB); PORTAL_CONDITIONAL
Software & Licenses	SUSE Linux Enterprise Server	no max	Configuration Rule	M6K32A conditional visibility: portal selector activation required (OB); PORTAL_CONDITIONAL
Software & Licenses	SUSE Linux Enterprise Server	no max	Configuration Rule	S3R49A conditional visibility: portal selector activation required (OB); PORTAL_CONDITIONAL
Software & Licenses	SUSE Linux Enterprise Server	no max	Configuration Rule	S3R50A conditional visibility: portal selector activation required (OB); PORTAL_CONDITIONAL
Software & Licenses	SUSE Linux Enterprise Server	no max	Configuration Rule	S3R51A conditional visibility: portal selector activation required (OB); PORTAL_CONDITIONAL
Software & Licenses	SUSE Linux Enterprise Server	no max	Configuration Rule	S3R52A conditional visibility: portal selector activation required (OB); PORTAL_CONDITIONAL
Software & Licenses	SUSE Linux Enterprise Server	no max	Configuration Rule	S3R53A conditional visibility: portal selector activation required (OB); PORTAL_CONDITIONAL
Software & Licenses	SUSE Linux Enterprise Server	no max	Configuration Rule	S3R54A conditional visibility: portal selector activation required (OB); PORTAL_CONDITIONAL
Software & Licenses	SUSE Linux Enterprise Server	no max	Configuration Rule	S7N85A conditional visibility: portal selector activation required (OB); PORTAL_CONDITIONAL
Software & Licenses	SUSE Linux Enterprise Server	no max	Configuration Rule	S7N86A conditional visibility: portal selector activation required (OB); PORTAL_CONDITIONAL
Software & Licenses	SUSE Linux Enterprise Server	no max	Configuration Rule	S7N89A conditional visibility: portal selector activation required (OB); PORTAL_CONDITIONAL
Software & Licenses	SUSE Linux Enterprise Server	no max	Configuration Rule	S7N90A conditional visibility: portal selector activation required (OB); PORTAL_CONDITIONAL
Software & Licenses	SUSE Linux Enterprise Server	no max	Configuration Rule	S7N91A conditional visibility: portal selector activation required (OB); PORTAL_CONDITIONAL
Software & Licenses	SUSE Linux Enterprise Server	no max	Configuration Rule	S7N92A conditional visibility: portal selector activation required (OB); PORTAL_CONDITIONAL
Software & Licenses	SUSE Linux Enterprise Server	no max	Configuration Rule	S7N93A conditional visibility: portal selector activation required (OB); PORTAL_CONDITIONAL
Software & Licenses	SUSE Linux Enterprise Server	no max	Configuration Rule	S7N94A conditional visibility: portal selector activation required (OB); PORTAL_CONDITIONAL
Software & Licenses	Microsoft Windows CAL Packs	no max	Configuration Rule	Selection constraint for Microsoft Windows CAL Packs: no max
Software & Licenses	Microsoft Windows CAL Packs	no max	Configuration Rule	P46191-AA1 conditional visibility: portal selector activation required (OB); PORTAL_CONDITIONAL
Software & Licenses	Microsoft Windows CAL Packs	no max	Configuration Rule	P46191-B21 conditional visibility: portal selector activation required (OB); PORTAL_CONDITIONAL
Software & Licenses	Microsoft Windows CAL Packs	no max	Configuration Rule	P46194-B21 conditional visibility: portal selector activation required (OB); PORTAL_CONDITIONAL
Software & Licenses	Microsoft Windows CAL Packs	no max	Configuration Rule	P46215-AA1 conditional visibility: portal selector activation required (OB); PORTAL_CONDITIONAL
Software & Licenses	Microsoft Windows CAL Packs	no max	Configuration Rule	P46215-AB1 conditional visibility: portal selector activation required (OB); PORTAL_CONDITIONAL
Software & Licenses	Microsoft Windows CAL Packs	no max	Configuration Rule	P46215-B21 conditional visibility: portal selector activation required (OB); PORTAL_CONDITIONAL
Software & Licenses	Microsoft Windows CAL Packs	no max	Configuration Rule	P46216-B21 conditional visibility: portal selector activation required (OB); PORTAL_CONDITIONAL
Software & Licenses	Microsoft Windows CAL Packs	no max	Configuration Rule	P46217-B21 conditional visibility: portal selector activation required (OB); PORTAL_CONDITIONAL
Software & Licenses	Microsoft Windows CAL Packs	no max	Configuration Rule	P46218-B21 conditional visibility: portal selector activation required (OB); PORTAL_CONDITIONAL
Software & Licenses	Microsoft Windows CAL Packs	no max	Configuration Rule	P46219-B21 conditional visibility: portal selector activation required (OB); PORTAL_CONDITIONAL
Software & Licenses	Microsoft Windows CAL Packs	no max	Configuration Rule	P46220-B21 conditional visibility: portal selector activation required (OB); PORTAL_CONDITIONAL
Software & Licenses	Microsoft Windows CAL Packs	no max	Configuration Rule	P46221-B21 conditional visibility: portal selector activation required (OB); PORTAL_CONDITIONAL
Software & Licenses	Microsoft Windows CAL Packs	no max	Configuration Rule	P46222-B21 conditional visibility: portal selector activation required (OB); PORTAL_CONDITIONAL
Software & Licenses	Microsoft Windows CAL Packs	no max	Configuration Rule	P77110-AA1 conditional visibility: portal selector activation required (OB); PORTAL_CONDITIONAL
Software & Licenses	Microsoft Windows CAL Packs	no max	Configuration Rule	P77110-B21 conditional visibility: portal selector activation required (OB); PORTAL_CONDITIONAL
Software & Licenses	Microsoft Windows CAL Packs	no max	Configuration Rule	P77111-B21 conditional visibility: portal selector activation required (OB); PORTAL_CONDITIONAL
Software & Licenses	Microsoft Windows CAL Packs	no max	Configuration Rule	P77112-AA1 conditional visibility: portal selector activation required (OB); PORTAL_CONDITIONAL
Software & Licenses	Microsoft Windows CAL Packs	no max	Configuration Rule	P77112-AB1 conditional visibility: portal selector activation required (OB); PORTAL_CONDITIONAL
Software & Licenses	Microsoft Windows CAL Packs	no max	Configuration Rule	P77112-B21 conditional visibility: portal selector activation required (OB); PORTAL_CONDITIONAL
Software & Licenses	Microsoft Windows CAL Packs	no max	Configuration Rule	P77113-B21 conditional visibility: portal selector activation required (OB); PORTAL_CONDITIONAL
Software & Licenses	Microsoft Windows CAL Packs	no max	Configuration Rule	P77114-B21 conditional visibility: portal selector activation required (OB); PORTAL_CONDITIONAL
Software & Licenses	Microsoft Windows CAL Packs	no max	Configuration Rule	P77115-B21 conditional visibility: portal selector activation required (OB); PORTAL_CONDITIONAL
Software & Licenses	Microsoft Windows CAL Packs	no max	Configuration Rule	P77116-B21 conditional visibility: portal selector activation required (OB); PORTAL_CONDITIONAL
Software & Licenses	Microsoft Windows CAL Packs	no max	Configuration Rule	P77117-B21 conditional visibility: portal selector activation required (OB); PORTAL_CONDITIONAL
Software & Licenses	Microsoft Windows CAL Packs	no max	Configuration Rule	P77118-B21 conditional visibility: portal selector activation required (OB); PORTAL_CONDITIONAL
Software & Licenses	Microsoft Windows CAL Packs	no max	Configuration Rule	P77119-B21 conditional visibility: portal selector activation required (OB); PORTAL_CONDITIONAL
Software & Licenses	Microsoft Windows CAL Packs	no max	Configuration Rule	P77120-B21 conditional visibility: portal selector activation required (OB); PORTAL_CONDITIONAL
Software & Licenses	Microsoft Windows CAL Packs	no max	Configuration Rule	P77121-B21 conditional visibility: portal selector activation required (OB); PORTAL_CONDITIONAL
Software & Licenses	Microsoft Windows CAL Packs	no max	Configuration Rule	P77122-B21 conditional visibility: portal selector activation required (OB); PORTAL_CONDITIONAL
Software & Licenses	Microsoft Windows CAL Packs	no max	Configuration Rule	P77123-B21 conditional visibility: portal selector activation required (OB); PORTAL_CONDITIONAL
Software & Licenses	Red Hat Enterprise Linux Server-Virtualization	no max	Configuration Rule	Selection constraint for Red Hat Enterprise Linux Server-Virtualization: no max
Software & Licenses	Red Hat Enterprise Linux Server-Virtualization	no max	Configuration Rule	S4R31A conditional visibility: portal selector activation required (Show more >>); PORTAL_CONDITIONAL
Software & Licenses	Red Hat Enterprise Linux Server-Virtualization	no max	Configuration Rule	S4R32A conditional visibility: portal selector activation required (Show more >>); PORTAL_CONDITIONAL
Software & Licenses	Red Hat Enterprise Linux Server-Virtualization	no max	Configuration Rule	S4R33A conditional visibility: portal selector activation required (Show more >>); PORTAL_CONDITIONAL
Software & Licenses	Red Hat Enterprise Linux Server-Virtualization	no max	Configuration Rule	S4R34A conditional visibility: portal selector activation required (Show more >>); PORTAL_CONDITIONAL
Software & Licenses	Red Hat Enterprise Linux Server-Virtualization	no max	Configuration Rule	S4R35A conditional visibility: portal selector activation required (Show more >>); PORTAL_CONDITIONAL
Software & Licenses	Red Hat Enterprise Linux Server-Virtualization	no max	Configuration Rule	S4R36A conditional visibility: portal selector activation required (Show more >>); PORTAL_CONDITIONAL
Software & Licenses	Red Hat Enterprise Linux Server-Virtualization	no max	Configuration Rule	S4R37A conditional visibility: portal selector activation required (Show more >>); PORTAL_CONDITIONAL
Software & Licenses	Red Hat Enterprise Linux Server-Virtualization	no max	Configuration Rule	S4R38A conditional visibility: portal selector activation required (Show more >>); PORTAL_CONDITIONAL
Software & Licenses	Red Hat Enterprise Linux Server-Virtualization	no max	Configuration Rule	S4R39A conditional visibility: portal selector activation required (Show more >>); PORTAL_CONDITIONAL
Software & Licenses	Red Hat Enterprise Linux Server-Virtualization	no max	Configuration Rule	S4R40A conditional visibility: portal selector activation required (Show more >>); PORTAL_CONDITIONAL
Software & Licenses	Red Hat Enterprise Linux Server-Virtualization	no max	Configuration Rule	S4R41A conditional visibility: portal selector activation required (Show more >>); PORTAL_CONDITIONAL
Software & Licenses	Red Hat Enterprise Linux Server-Virtualization	no max	Configuration Rule	S4R42A conditional visibility: portal selector activation required (Show more >>); PORTAL_CONDITIONAL
Software & Licenses	Red Hat Enterprise Linux Server-Virtualization	no max	Configuration Rule	S4R43A conditional visibility: portal selector activation required (Show more >>); PORTAL_CONDITIONAL
Software & Licenses	Red Hat Enterprise Linux Server-Virtualization	no max	Configuration Rule	S4R44A conditional visibility: portal selector activation required (Show more >>); PORTAL_CONDITIONAL
Software & Licenses	Red Hat Enterprise Linux Server-Virtualization	no max	Configuration Rule	S4R45A conditional visibility: portal selector activation required (Show more >>); PORTAL_CONDITIONAL
Software & Licenses	Red Hat Enterprise Linux Server-Virtualization	no max	Configuration Rule	S4R46A conditional visibility: portal selector activation required (Show more >>); PORTAL_CONDITIONAL
Software & Licenses	Red Hat Enterprise Linux Server-Virtualization	no max	Configuration Rule	S4R47A conditional visibility: portal selector activation required (Show more >>); PORTAL_CONDITIONAL
Software & Licenses	Red Hat Enterprise Linux Server-Virtualization	no max	Configuration Rule	S4R48A conditional visibility: portal selector activation required (Show more >>); PORTAL_CONDITIONAL
Support Services	RAID Settings	max 1	Configuration Rule	Selection constraint for RAID Settings: max 1
Support Services	RAID Settings	max 1	Configuration Rule	339781-B21 conditional visibility: portal selector activation required (Show more >>); PORTAL_CONDITIONAL
Support Services	RAID Settings	max 1	Configuration Rule	389692-B21 conditional visibility: portal selector activation required (Show more >>); PORTAL_CONDITIONAL
Support Services	Manufacturing Services	max 3	Configuration Rule	Selection constraint for Manufacturing Services: max 3
Support Services	Manufacturing Services	max 3	Configuration Rule	469774-409 conditional visibility: portal selector activation required (Show more >>); PORTAL_CONDITIONAL
Graphics & GPU	GPU Accelerators	no max	Configuration Rule	R9H29AAE conditional visibility: portal selector activation required (OB); PORTAL_CONDITIONAL
Graphics & GPU	GPU Accelerators	no max	Configuration Rule	R9Y51AAE conditional visibility: portal selector activation required (OB); PORTAL_CONDITIONAL
Graphics & GPU	GPU Accelerators	no max	Configuration Rule	R9Y52AAE conditional visibility: portal selector activation required (OB); PORTAL_CONDITIONAL
Graphics & GPU	GPU Accelerators	no max	Configuration Rule	S1S86AAE conditional visibility: portal selector activation required (OB); PORTAL_CONDITIONAL
Graphics & GPU	GPU Accelerators	no max	Configuration Rule	S1S87AAE conditional visibility: portal selector activation required (OB); PORTAL_CONDITIONAL
Graphics & GPU	GPU Accelerators	no max	Configuration Rule	S1U64AAE conditional visibility: portal selector activation required (OB); PORTAL_CONDITIONAL
Graphics & GPU	GPU Accelerators	no max	Configuration Rule	S2R35AAE conditional visibility: portal selector activation required (OB); PORTAL_CONDITIONAL
Graphics & GPU	GPU Accelerators	no max	Configuration Rule	S3P91AAE conditional visibility: portal selector activation required (OB); PORTAL_CONDITIONAL
Graphics & GPU	GPU Accelerators	no max	Configuration Rule	S3P92AAE conditional visibility: portal selector activation required (OB); PORTAL_CONDITIONAL
Graphics & GPU	GPU Accelerators	no max	Configuration Rule	S3P93AAE conditional visibility: portal selector activation required (OB); PORTAL_CONDITIONAL
Graphics & GPU	GPU Accelerators	no max	Configuration Rule	S3P94AAE conditional visibility: portal selector activation required (OB); PORTAL_CONDITIONAL
Graphics & GPU	GPU Accelerators	no max	Configuration Rule	S3P95AAE conditional visibility: portal selector activation required (OB); PORTAL_CONDITIONAL
Graphics & GPU	GPU Accelerators	no max	Configuration Rule	S3R04AAE conditional visibility: portal selector activation required (OB); PORTAL_CONDITIONAL
Graphics & GPU	GPU Accelerators	no max	Configuration Rule	S3R05AAE conditional visibility: portal selector activation required (OB); PORTAL_CONDITIONAL
Graphics & GPU	GPU Accelerators	no max	Configuration Rule	S3R06AAE conditional visibility: portal selector activation required (OB); PORTAL_CONDITIONAL
Graphics & GPU	GPU Accelerators	no max	Configuration Rule	S3R07AAE conditional visibility: portal selector activation required (OB); PORTAL_CONDITIONAL
Graphics & GPU	GPU Accelerators	no max	Configuration Rule	S3W26AAE conditional visibility: portal selector activation required (OB); PORTAL_CONDITIONAL
Graphics & GPU	GPU Accelerators	no max	Configuration Rule	S3W27AAE conditional visibility: portal selector activation required (OB); PORTAL_CONDITIONAL
Graphics & GPU	GPU Accelerators	no max	Configuration Rule	S3W28AAE conditional visibility: portal selector activation required (OB); PORTAL_CONDITIONAL
Graphics & GPU	GPU Accelerators	no max	Configuration Rule	S3W29AAE conditional visibility: portal selector activation required (OB); PORTAL_CONDITIONAL
Software & Licenses	HPC Software Products	no max	Configuration Rule	Q9V60AAE conditional visibility: portal selector activation required (OB); PORTAL_CONDITIONAL
Software & Licenses	HPC Software Products	no max	Configuration Rule	R6X84AAE conditional visibility: portal selector activation required (OB); PORTAL_CONDITIONAL
Software & Licenses	HPC Software Products	no max	Configuration Rule	S1R55AAE conditional visibility: portal selector activation required (OB); PORTAL_CONDITIONAL
Software & Licenses	HPC Software Products	no max	Configuration Rule	S1R56AAE conditional visibility: portal selector activation required (OB); PORTAL_CONDITIONAL
Software & Licenses	HPC Software Products	no max	Configuration Rule	S1R57AAE conditional visibility: portal selector activation required (OB); PORTAL_CONDITIONAL
Software & Licenses	HPC Software Products	no max	Configuration Rule	S1R58AAE conditional visibility: portal selector activation required (OB); PORTAL_CONDITIONAL
Software & Licenses	HPC Software Products	no max	Configuration Rule	S1R63AAE conditional visibility: portal selector activation required (OB); PORTAL_CONDITIONAL
Software & Licenses	HPC Software Products	no max	Configuration Rule	S1R64AAE conditional visibility: portal selector activation required (OB); PORTAL_CONDITIONAL
Software & Licenses	HPC Software Products	no max	Configuration Rule	S1R65AAE conditional visibility: portal selector activation required (OB); PORTAL_CONDITIONAL
Software & Licenses	HPC Software Products	no max	Configuration Rule	S1R66AAE conditional visibility: portal selector activation required (OB); PORTAL_CONDITIONAL
Software & Licenses	HPC Software Products	no max	Configuration Rule	S1R67AAE conditional visibility: portal selector activation required (OB); PORTAL_CONDITIONAL
Software & Licenses	HPC Software Products	no max	Configuration Rule	S1R68AAE conditional visibility: portal selector activation required (OB); PORTAL_CONDITIONAL
Software & Licenses	HPC Software Products	no max	Configuration Rule	S1R69AAE conditional visibility: portal selector activation required (OB); PORTAL_CONDITIONAL
Software & Licenses	HPC Software Products	no max	Configuration Rule	S1R70AAE conditional visibility: portal selector activation required (OB); PORTAL_CONDITIONAL
Software & Licenses	HPC Software Products	no max	Configuration Rule	S1R71AAE conditional visibility: portal selector activation required (OB); PORTAL_CONDITIONAL
Software & Licenses	HPC Software Products	no max	Configuration Rule	S1R72AAE conditional visibility: portal selector activation required (OB); PORTAL_CONDITIONAL
Software & Licenses	HPC Software Products	no max	Configuration Rule	S1R73AAE conditional visibility: portal selector activation required (OB); PORTAL_CONDITIONAL
Software & Licenses	HPC Software Products	no max	Configuration Rule	S1R74AAE conditional visibility: portal selector activation required (OB); PORTAL_CONDITIONAL
Software & Licenses	HPC Software Products	no max	Configuration Rule	S1R75AAE conditional visibility: portal selector activation required (OB); PORTAL_CONDITIONAL
Software & Licenses	HPC Software Products	no max	Configuration Rule	S1R76AAE conditional visibility: portal selector activation required (OB); PORTAL_CONDITIONAL
Software & Licenses	HPC Software Products	no max	Configuration Rule	S1R77AAE conditional visibility: portal selector activation required (OB); PORTAL_CONDITIONAL
Software & Licenses	HPC Software Products	no max	Configuration Rule	S1R78AAE conditional visibility: portal selector activation required (OB); PORTAL_CONDITIONAL
Software & Licenses	HPC Software Products	no max	Configuration Rule	S2H96AAE conditional visibility: portal selector activation required (OB); PORTAL_CONDITIONAL
Software & Licenses	HPC Software Products	no max	Configuration Rule	S2H97AAE conditional visibility: portal selector activation required (OB); PORTAL_CONDITIONAL
Software & Licenses	HPC Software Products	no max	Configuration Rule	S2H98AAE conditional visibility: portal selector activation required (OB); PORTAL_CONDITIONAL
Software & Licenses	HPC Software Products	no max	Configuration Rule	S2H99AAE conditional visibility: portal selector activation required (OB); PORTAL_CONDITIONAL
Software & Licenses	HPC Software Products	no max	Configuration Rule	S2J00AAE conditional visibility: portal selector activation required (OB); PORTAL_CONDITIONAL
Software & Licenses	HPC Software Products	no max	Configuration Rule	S2J01AAE conditional visibility: portal selector activation required (OB); PORTAL_CONDITIONAL
Software & Licenses	HPC Software Products	no max	Configuration Rule	S2J02AAE conditional visibility: portal selector activation required (OB); PORTAL_CONDITIONAL
Software & Licenses	HPC Software Products	no max	Configuration Rule	S2J03AAE conditional visibility: portal selector activation required (OB); PORTAL_CONDITIONAL
Software & Licenses	HPC Software Products	no max	Configuration Rule	S2J04AAE conditional visibility: portal selector activation required (OB); PORTAL_CONDITIONAL
Software & Licenses	HPC Software Products	no max	Configuration Rule	S2J05AAE conditional visibility: portal selector activation required (OB); PORTAL_CONDITIONAL
Software & Licenses	HPC Software Products	no max	Configuration Rule	S2J06AAE conditional visibility: portal selector activation required (OB); PORTAL_CONDITIONAL
Software & Licenses	HPC Software Products	no max	Configuration Rule	S2J07AAE conditional visibility: portal selector activation required (OB); PORTAL_CONDITIONAL
Software & Licenses	HPC Software Products	no max	Configuration Rule	S2J08AAE conditional visibility: portal selector activation required (OB); PORTAL_CONDITIONAL
Software & Licenses	HPC Software Products	no max	Configuration Rule	S2J09AAE conditional visibility: portal selector activation required (OB); PORTAL_CONDITIONAL
Software & Licenses	HPC Software Products	no max	Configuration Rule	S2J10AAE conditional visibility: portal selector activation required (OB); PORTAL_CONDITIONAL
Software & Licenses	HPC Software Products	no max	Configuration Rule	S2J11AAE conditional visibility: portal selector activation required (OB); PORTAL_CONDITIONAL
Software & Licenses	HPC Software Products	no max	Configuration Rule	S2J12AAE conditional visibility: portal selector activation required (OB); PORTAL_CONDITIONAL
Software & Licenses	HPC Software Products	no max	Configuration Rule	S2J13AAE conditional visibility: portal selector activation required (OB); PORTAL_CONDITIONAL
Software & Licenses	HPC Software Products	no max	Configuration Rule	S2J14AAE conditional visibility: portal selector activation required (OB); PORTAL_CONDITIONAL
Software & Licenses	HPC Software Products	no max	Configuration Rule	S2J15AAE conditional visibility: portal selector activation required (OB); PORTAL_CONDITIONAL
Software & Licenses	HPC Software Products	no max	Configuration Rule	S2J16AAE conditional visibility: portal selector activation required (OB); PORTAL_CONDITIONAL
Software & Licenses	HPC Software Products	no max	Configuration Rule	S2J17AAE conditional visibility: portal selector activation required (OB); PORTAL_CONDITIONAL
Software & Licenses	HPC Software Products	no max	Configuration Rule	S2J18AAE conditional visibility: portal selector activation required (OB); PORTAL_CONDITIONAL
Software & Licenses	HPC Software Products	no max	Configuration Rule	S2J19AAE conditional visibility: portal selector activation required (OB); PORTAL_CONDITIONAL
Software & Licenses	HPC Software Products	no max	Configuration Rule	S2J20AAE conditional visibility: portal selector activation required (OB); PORTAL_CONDITIONAL
Software & Licenses	HPC Software Products	no max	Configuration Rule	S2J21AAE conditional visibility: portal selector activation required (OB); PORTAL_CONDITIONAL
Software & Licenses	HPC Software Products	no max	Configuration Rule	S2J22AAE conditional visibility: portal selector activation required (OB); PORTAL_CONDITIONAL
Software & Licenses	HPC Software Products	no max	Configuration Rule	S2J23AAE conditional visibility: portal selector activation required (OB); PORTAL_CONDITIONAL
Software & Licenses	HPC Software Products	no max	Configuration Rule	S2J24AAE conditional visibility: portal selector activation required (OB); PORTAL_CONDITIONAL
Software & Licenses	HPC Software Products	no max	Configuration Rule	S2J25AAE conditional visibility: portal selector activation required (OB); PORTAL_CONDITIONAL
Software & Licenses	HPC Software Products	no max	Configuration Rule	S2J26AAE conditional visibility: portal selector activation required (OB); PORTAL_CONDITIONAL
Software & Licenses	HPC Software Products	no max	Configuration Rule	S2J27AAE conditional visibility: portal selector activation required (OB); PORTAL_CONDITIONAL
Software & Licenses	HPC Software Products	no max	Configuration Rule	S2J28AAE conditional visibility: portal selector activation required (OB); PORTAL_CONDITIONAL
Software & Licenses	HPC Software Products	no max	Configuration Rule	S2J29AAE conditional visibility: portal selector activation required (OB); PORTAL_CONDITIONAL
Software & Licenses	HPC Software Products	no max	Configuration Rule	S2J30AAE conditional visibility: portal selector activation required (OB); PORTAL_CONDITIONAL
Software & Licenses	HPC Software Products	no max	Configuration Rule	S2J31AAE conditional visibility: portal selector activation required (OB); PORTAL_CONDITIONAL
Software & Licenses	HPC Software Products	no max	Configuration Rule	S2J32AAE conditional visibility: portal selector activation required (OB); PORTAL_CONDITIONAL
Software & Licenses	HPC Software Products	no max	Configuration Rule	S2J33AAE conditional visibility: portal selector activation required (OB); PORTAL_CONDITIONAL
Software & Licenses	HPC Software Products	no max	Configuration Rule	S2J34AAE conditional visibility: portal selector activation required (OB); PORTAL_CONDITIONAL
Software & Licenses	HPC Software Products	no max	Configuration Rule	S2J35AAE conditional visibility: portal selector activation required (OB); PORTAL_CONDITIONAL
Software & Licenses	HPC Software Products	no max	Configuration Rule	S2L38AAE conditional visibility: portal selector activation required (OB); PORTAL_CONDITIONAL
Software & Licenses	HPC Software Products	no max	Configuration Rule	S2L39AAE conditional visibility: portal selector activation required (OB); PORTAL_CONDITIONAL
Software & Licenses	HPC Software Products	no max	Configuration Rule	S2L40AAE conditional visibility: portal selector activation required (OB); PORTAL_CONDITIONAL
Software & Licenses	HPC Software Products	no max	Configuration Rule	S2L41AAE conditional visibility: portal selector activation required (OB); PORTAL_CONDITIONAL
Software & Licenses	HPC Software Products	no max	Configuration Rule	S2L42AAE conditional visibility: portal selector activation required (OB); PORTAL_CONDITIONAL
Software & Licenses	HPC Software Products	no max	Configuration Rule	S2L43AAE conditional visibility: portal selector activation required (OB); PORTAL_CONDITIONAL
Software & Licenses	HPC Software Products	no max	Configuration Rule	S2L44AAE conditional visibility: portal selector activation required (OB); PORTAL_CONDITIONAL
Software & Licenses	HPC Software Products	no max	Configuration Rule	S2L45AAE conditional visibility: portal selector activation required (OB); PORTAL_CONDITIONAL
Software & Licenses	HPC Software Products	no max	Configuration Rule	S2L46AAE conditional visibility: portal selector activation required (OB); PORTAL_CONDITIONAL
Software & Licenses	HPC Software Products	no max	Configuration Rule	S2L47AAE conditional visibility: portal selector activation required (OB); PORTAL_CONDITIONAL
Software & Licenses	HPC Software Products	no max	Configuration Rule	S2L48AAE conditional visibility: portal selector activation required (OB); PORTAL_CONDITIONAL
Software & Licenses	HPC Software Products	no max	Configuration Rule	S2L49AAE conditional visibility: portal selector activation required (OB); PORTAL_CONDITIONAL
Software & Licenses	HPC Software Products	no max	Configuration Rule	S2L50AAE conditional visibility: portal selector activation required (OB); PORTAL_CONDITIONAL
Software & Licenses	HPC Software Products	no max	Configuration Rule	S2L51AAE conditional visibility: portal selector activation required (OB); PORTAL_CONDITIONAL
Software & Licenses	HPC Software Products	no max	Configuration Rule	S2L52AAE conditional visibility: portal selector activation required (OB); PORTAL_CONDITIONAL
Software & Licenses	HPC Software Products	no max	Configuration Rule	S2L53AAE conditional visibility: portal selector activation required (OB); PORTAL_CONDITIONAL
Software & Licenses	HPC Software Products	no max	Configuration Rule	S2L54AAE conditional visibility: portal selector activation required (OB); PORTAL_CONDITIONAL
Software & Licenses	HPC Software Products	no max	Configuration Rule	S2L55AAE conditional visibility: portal selector activation required (OB); PORTAL_CONDITIONAL
Software & Licenses	HPC Software Products	no max	Configuration Rule	S2L56AAE conditional visibility: portal selector activation required (OB); PORTAL_CONDITIONAL
Software & Licenses	HPC Software Products	no max	Configuration Rule	S2L57AAE conditional visibility: portal selector activation required (OB); PORTAL_CONDITIONAL
Software & Licenses	HPC Software Products	no max	Configuration Rule	S4H91AAE conditional visibility: portal selector activation required (OB); PORTAL_CONDITIONAL
Software & Licenses	HPC Software Products	no max	Configuration Rule	S4H93AAE conditional visibility: portal selector activation required (OB); PORTAL_CONDITIONAL
Software & Licenses	HPC Software Products	no max	Configuration Rule	S4H95AAE conditional visibility: portal selector activation required (OB); PORTAL_CONDITIONAL
Software & Licenses	HPC Software Products	no max	Configuration Rule	S4H97AAE conditional visibility: portal selector activation required (OB); PORTAL_CONDITIONAL
Software & Licenses	HPC Software Products	no max	Configuration Rule	S4H99AAE conditional visibility: portal selector activation required (OB); PORTAL_CONDITIONAL
Software & Licenses	HPC Software Products	no max	Configuration Rule	S4J00AAE conditional visibility: portal selector activation required (OB); PORTAL_CONDITIONAL
Software & Licenses	HPC Software Products	no max	Configuration Rule	S4J02AAE conditional visibility: portal selector activation required (OB); PORTAL_CONDITIONAL
Software & Licenses	HPC Software Products	no max	Configuration Rule	S4J04AAE conditional visibility: portal selector activation required (OB); PORTAL_CONDITIONAL
Software & Licenses	HPC Software Products	no max	Configuration Rule	S4J06AAE conditional visibility: portal selector activation required (OB); PORTAL_CONDITIONAL
Software & Licenses	HPC Software Products	no max	Configuration Rule	S4J08AAE conditional visibility: portal selector activation required (OB); PORTAL_CONDITIONAL
Software & Licenses	HPC Software Products	no max	Configuration Rule	S4J09AAE conditional visibility: portal selector activation required (OB); PORTAL_CONDITIONAL
Software & Licenses	HPC Software Products	no max	Configuration Rule	S4J11AAE conditional visibility: portal selector activation required (OB); PORTAL_CONDITIONAL
Software & Licenses	HPC Software Products	no max	Configuration Rule	S4J13AAE conditional visibility: portal selector activation required (OB); PORTAL_CONDITIONAL
Software & Licenses	HPC Software Products	no max	Configuration Rule	S4J15AAE conditional visibility: portal selector activation required (OB); PORTAL_CONDITIONAL
Software & Licenses	HPC Software Products	no max	Configuration Rule	S4J17AAE conditional visibility: portal selector activation required (OB); PORTAL_CONDITIONAL
Software & Licenses	HPC Software Products	no max	Configuration Rule	S4J18AAE conditional visibility: portal selector activation required (OB); PORTAL_CONDITIONAL
Software & Licenses	HPC Software Products	no max	Configuration Rule	S4J19AAE conditional visibility: portal selector activation required (OB); PORTAL_CONDITIONAL
Software & Licenses	HPC Software Products	no max	Configuration Rule	S4J20AAE conditional visibility: portal selector activation required (OB); PORTAL_CONDITIONAL
Software & Licenses	HPC Software Products	no max	Configuration Rule	S4J21AAE conditional visibility: portal selector activation required (OB); PORTAL_CONDITIONAL
Software & Licenses	HPC Software Products	no max	Configuration Rule	S4J22AAE conditional visibility: portal selector activation required (OB); PORTAL_CONDITIONAL
Software & Licenses	HPC Software Products	no max	Configuration Rule	S4J23AAE conditional visibility: portal selector activation required (OB); PORTAL_CONDITIONAL
Software & Licenses	HPC Software Products	no max	Configuration Rule	S4J25AAE conditional visibility: portal selector activation required (OB); PORTAL_CONDITIONAL
Software & Licenses	HPC Software Products	no max	Configuration Rule	S4J27AAE conditional visibility: portal selector activation required (OB); PORTAL_CONDITIONAL
Software & Licenses	HPC Software Products	no max	Configuration Rule	S4J29AAE conditional visibility: portal selector activation required (OB); PORTAL_CONDITIONAL
Software & Licenses	HPC Software Products	no max	Configuration Rule	S4J31AAE conditional visibility: portal selector activation required (OB); PORTAL_CONDITIONAL
Software & Licenses	HPC Software Products	no max	Configuration Rule	S4J33AAE conditional visibility: portal selector activation required (OB); PORTAL_CONDITIONAL
Software & Licenses	HPC Software Products	no max	Configuration Rule	S4J35AAE conditional visibility: portal selector activation required (OB); PORTAL_CONDITIONAL
Software & Licenses	High Availability Computing - Cluster Software	no max	Configuration Rule	R1T30AAE conditional visibility: portal selector activation required (DS); PORTAL_CONDITIONAL
Software & Licenses	High Availability Computing - Cluster Software	no max	Configuration Rule	R1T31AAE conditional visibility: portal selector activation required (DS); PORTAL_CONDITIONAL
Software & Licenses	High Availability Computing - Cluster Software	no max	Configuration Rule	R1T32AAE conditional visibility: portal selector activation required (DS); PORTAL_CONDITIONAL
Software & Licenses	High Availability Computing - Cluster Software	no max	Configuration Rule	R1T36AAE conditional visibility: portal selector activation required (DS); PORTAL_CONDITIONAL
Software & Licenses	High Availability Computing - Cluster Software	no max	Configuration Rule	R7P98AAE conditional visibility: portal selector activation required (DS); PORTAL_CONDITIONAL
Software & Licenses	High Availability Computing - Cluster Software	no max	Configuration Rule	R8V45AAE conditional visibility: portal selector activation required (DS); PORTAL_CONDITIONAL
Software & Licenses	High Availability Computing - Cluster Software	no max	Configuration Rule	R8V46AAE conditional visibility: portal selector activation required (DS); PORTAL_CONDITIONAL
Software & Licenses	High Availability Computing - Cluster Software	no max	Configuration Rule	S0W12AAE conditional visibility: portal selector activation required (DS); PORTAL_CONDITIONAL
Software & Licenses	High Availability Computing - Cluster Software	no max	Configuration Rule	S0W13AAE conditional visibility: portal selector activation required (DS); PORTAL_CONDITIONAL
Software & Licenses	High Availability Computing - Cluster Software	no max	Configuration Rule	S0W14AAE conditional visibility: portal selector activation required (DS); PORTAL_CONDITIONAL
Software & Licenses	High Availability Computing - Cluster Software	no max	Configuration Rule	S0W15AAE conditional visibility: portal selector activation required (DS); PORTAL_CONDITIONAL
Software & Licenses	High Availability Computing - Cluster Software	no max	Configuration Rule	S0W16AAE conditional visibility: portal selector activation required (DS); PORTAL_CONDITIONAL
Software & Licenses	High Availability Computing - Cluster Software	no max	Configuration Rule	S0W17AAE conditional visibility: portal selector activation required (DS); PORTAL_CONDITIONAL
Software & Licenses	High Availability Computing - Cluster Software	no max	Configuration Rule	S0W18AAE conditional visibility: portal selector activation required (DS); PORTAL_CONDITIONAL
Software & Licenses	High Availability Computing - Cluster Software	no max	Configuration Rule	S0W19AAE conditional visibility: portal selector activation required (DS); PORTAL_CONDITIONAL
Software & Licenses	High Availability Computing - Cluster Software	no max	Configuration Rule	S0W20AAE conditional visibility: portal selector activation required (DS); PORTAL_CONDITIONAL
Software & Licenses	High Availability Computing - Cluster Software	no max	Configuration Rule	S0W21AAE conditional visibility: portal selector activation required (DS); PORTAL_CONDITIONAL
Software & Licenses	High Availability Computing - Cluster Software	no max	Configuration Rule	S0W22AAE conditional visibility: portal selector activation required (DS); PORTAL_CONDITIONAL
Software & Licenses	High Availability Computing - Cluster Software	no max	Configuration Rule	S0W23AAE conditional visibility: portal selector activation required (DS); PORTAL_CONDITIONAL
Software & Licenses	High Availability Computing - Cluster Software	no max	Configuration Rule	S0W24AAE conditional visibility: portal selector activation required (DS); PORTAL_CONDITIONAL
Software & Licenses	High Availability Computing - Cluster Software	no max	Configuration Rule	S0W25AAE conditional visibility: portal selector activation required (DS); PORTAL_CONDITIONAL
Software & Licenses	High Availability Computing - Cluster Software	no max	Configuration Rule	S0W26AAE conditional visibility: portal selector activation required (DS); PORTAL_CONDITIONAL
Software & Licenses	High Availability Computing - Cluster Software	no max	Configuration Rule	S0W27AAE conditional visibility: portal selector activation required (DS); PORTAL_CONDITIONAL
Software & Licenses	High Availability Computing - Cluster Software	no max	Configuration Rule	S0W28AAE conditional visibility: portal selector activation required (DS); PORTAL_CONDITIONAL
Software & Licenses	High Availability Computing - Cluster Software	no max	Configuration Rule	S0W29AAE conditional visibility: portal selector activation required (DS); PORTAL_CONDITIONAL
Software & Licenses	Partner Software - Interconnect Management Array	no max	Configuration Rule	Selection constraint for Partner Software - Interconnect Management Array: no max
Software & Licenses	Partner Software - Interconnect Management Array	no max	Configuration Rule	S1D73AAE conditional visibility: portal selector activation required (Show more >>); PORTAL_CONDITIONAL
Software & Licenses	Partner Software - Interconnect Management Array	no max	Configuration Rule	S1D74AAE conditional visibility: portal selector activation required (Show more >>); PORTAL_CONDITIONAL
Software & Licenses	Partner Software - Interconnect Management Array	no max	Configuration Rule	S1D75AAE conditional visibility: portal selector activation required (Show more >>); PORTAL_CONDITIONAL
Graphics & GPU	NVIDIA GPU SW	no max	Configuration Rule	Selection constraint for NVIDIA GPU SW: no max
Graphics & GPU	NVIDIA GPU SW	no max	Configuration Rule	R3Q35AAE conditional visibility: portal selector activation required (Show more >>); PORTAL_CONDITIONAL
Graphics & GPU	NVIDIA GPU SW	no max	Configuration Rule	R3Q37AAE conditional visibility: portal selector activation required (Show more >>); PORTAL_CONDITIONAL
Graphics & GPU	NVIDIA GPU SW	no max	Configuration Rule	R3Q38AAE conditional visibility: portal selector activation required (Show more >>); PORTAL_CONDITIONAL
Graphics & GPU	NVIDIA GPU SW	no max	Configuration Rule	R3Q39AAE conditional visibility: portal selector activation required (Show more >>); PORTAL_CONDITIONAL
Graphics & GPU	NVIDIA GPU SW	no max	Configuration Rule	R3Q40AAE conditional visibility: portal selector activation required (Show more >>); PORTAL_CONDITIONAL
Graphics & GPU	NVIDIA GPU SW	no max	Configuration Rule	R3Q42AAE conditional visibility: portal selector activation required (Show more >>); PORTAL_CONDITIONAL
Graphics & GPU	NVIDIA GPU SW	no max	Configuration Rule	R3Q44AAE conditional visibility: portal selector activation required (Show more >>); PORTAL_CONDITIONAL
Graphics & GPU	NVIDIA GPU SW	no max	Configuration Rule	R3Q46AAE conditional visibility: portal selector activation required (Show more >>); PORTAL_CONDITIONAL
Graphics & GPU	NVIDIA GPU SW	no max	Configuration Rule	R3Q47AAE conditional visibility: portal selector activation required (Show more >>); PORTAL_CONDITIONAL
Graphics & GPU	NVIDIA GPU SW	no max	Configuration Rule	R3Q48AAE conditional visibility: portal selector activation required (Show more >>); PORTAL_CONDITIONAL
Graphics & GPU	NVIDIA GPU SW	no max	Configuration Rule	R3Q49AAE conditional visibility: portal selector activation required (Show more >>); PORTAL_CONDITIONAL
Graphics & GPU	NVIDIA GPU SW	no max	Configuration Rule	R3Q51AAE conditional visibility: portal selector activation required (Show more >>); PORTAL_CONDITIONAL
Graphics & GPU	NVIDIA GPU SW	no max	Configuration Rule	R3Q52AAE conditional visibility: portal selector activation required (Show more >>); PORTAL_CONDITIONAL
Graphics & GPU	NVIDIA GPU SW	no max	Configuration Rule	R3Q53AAE conditional visibility: portal selector activation required (Show more >>); PORTAL_CONDITIONAL
Graphics & GPU	NVIDIA GPU SW	no max	Configuration Rule	R3Q63AAE conditional visibility: portal selector activation required (Show more >>); PORTAL_CONDITIONAL
Graphics & GPU	NVIDIA GPU SW	no max	Configuration Rule	R3Q67AAE conditional visibility: portal selector activation required (Show more >>); PORTAL_CONDITIONAL
Graphics & GPU	NVIDIA GPU SW	no max	Configuration Rule	R3Q68AAE conditional visibility: portal selector activation required (Show more >>); PORTAL_CONDITIONAL
Graphics & GPU	NVIDIA GPU SW	no max	Configuration Rule	R3Q72AAE conditional visibility: portal selector activation required (Show more >>); PORTAL_CONDITIONAL
Graphics & GPU	NVIDIA GPU SW	no max	Configuration Rule	R3Q73AAE conditional visibility: portal selector activation required (Show more >>); PORTAL_CONDITIONAL
Graphics & GPU	NVIDIA GPU SW	no max	Configuration Rule	R3Q77AAE conditional visibility: portal selector activation required (Show more >>); PORTAL_CONDITIONAL
Graphics & GPU	NVIDIA GPU SW	no max	Configuration Rule	R3Q79AAE conditional visibility: portal selector activation required (Show more >>); PORTAL_CONDITIONAL
Graphics & GPU	NVIDIA GPU SW	no max	Configuration Rule	R3Q81AAE conditional visibility: portal selector activation required (Show more >>); PORTAL_CONDITIONAL
Graphics & GPU	NVIDIA GPU SW	no max	Configuration Rule	R3Q93AAE conditional visibility: portal selector activation required (Show more >>); PORTAL_CONDITIONAL
Graphics & GPU	NVIDIA GPU SW	no max	Configuration Rule	R3Q94AAE conditional visibility: portal selector activation required (Show more >>); PORTAL_CONDITIONAL
Graphics & GPU	NVIDIA GPU SW	no max	Configuration Rule	R3Q95AAE conditional visibility: portal selector activation required (Show more >>); PORTAL_CONDITIONAL
Graphics & GPU	NVIDIA GPU SW	no max	Configuration Rule	R3R01AAE conditional visibility: portal selector activation required (Show more >>); PORTAL_CONDITIONAL
Graphics & GPU	NVIDIA GPU SW	no max	Configuration Rule	R3R02AAE conditional visibility: portal selector activation required (Show more >>); PORTAL_CONDITIONAL
Graphics & GPU	NVIDIA GPU SW	no max	Configuration Rule	R3R03AAE conditional visibility: portal selector activation required (Show more >>); PORTAL_CONDITIONAL
Graphics & GPU	NVIDIA GPU SW	no max	Configuration Rule	R3R06AAE conditional visibility: portal selector activation required (Show more >>); PORTAL_CONDITIONAL
Graphics & GPU	NVIDIA GPU SW	no max	Configuration Rule	R3R07AAE conditional visibility: portal selector activation required (Show more >>); PORTAL_CONDITIONAL
Graphics & GPU	NVIDIA GPU SW	no max	Configuration Rule	R3R12AAE conditional visibility: portal selector activation required (Show more >>); PORTAL_CONDITIONAL
Graphics & GPU	NVIDIA GPU SW	no max	Configuration Rule	R3R21AAE conditional visibility: portal selector activation required (Show more >>); PORTAL_CONDITIONAL
Graphics & GPU	NVIDIA GPU SW	no max	Configuration Rule	R3R26AAE conditional visibility: portal selector activation required (Show more >>); PORTAL_CONDITIONAL
Graphics & GPU	NVIDIA GPU SW	no max	Configuration Rule	R3R27AAE conditional visibility: portal selector activation required (Show more >>); PORTAL_CONDITIONAL
Graphics & GPU	NVIDIA GPU SW	no max	Configuration Rule	S2S16AAE conditional visibility: portal selector activation required (Show more >>); PORTAL_CONDITIONAL
Graphics & GPU	NVIDIA GPU SW	no max	Configuration Rule	S2S17AAE conditional visibility: portal selector activation required (Show more >>); PORTAL_CONDITIONAL
Graphics & GPU	NVIDIA GPU SW	no max	Configuration Rule	S2S18AAE conditional visibility: portal selector activation required (Show more >>); PORTAL_CONDITIONAL
Graphics & GPU	NVIDIA GPU SW	no max	Configuration Rule	S2S19AAE conditional visibility: portal selector activation required (Show more >>); PORTAL_CONDITIONAL
Graphics & GPU	NVIDIA GPU SW	no max	Configuration Rule	S2S20AAE conditional visibility: portal selector activation required (Show more >>); PORTAL_CONDITIONAL
Graphics & GPU	NVIDIA GPU SW	no max	Configuration Rule	S2S21AAE conditional visibility: portal selector activation required (Show more >>); PORTAL_CONDITIONAL
Graphics & GPU	NVIDIA GPU SW	no max	Configuration Rule	S2S22AAE conditional visibility: portal selector activation required (Show more >>); PORTAL_CONDITIONAL
Graphics & GPU	NVIDIA GPU SW	no max	Configuration Rule	S2S23AAE conditional visibility: portal selector activation required (Show more >>); PORTAL_CONDITIONAL
Graphics & GPU	NVIDIA GPU SW	no max	Configuration Rule	S2S24AAE conditional visibility: portal selector activation required (Show more >>); PORTAL_CONDITIONAL
Graphics & GPU	NVIDIA GPU SW	no max	Configuration Rule	S2S25AAE conditional visibility: portal selector activation required (Show more >>); PORTAL_CONDITIONAL
Graphics & GPU	NVIDIA GPU SW	no max	Configuration Rule	S2S26AAE conditional visibility: portal selector activation required (Show more >>); PORTAL_CONDITIONAL
Graphics & GPU	NVIDIA GPU SW	no max	Configuration Rule	S2S27AAE conditional visibility: portal selector activation required (Show more >>); PORTAL_CONDITIONAL
Graphics & GPU	NVIDIA GPU SW	no max	Configuration Rule	S2S28AAE conditional visibility: portal selector activation required (Show more >>); PORTAL_CONDITIONAL
Graphics & GPU	NVIDIA GPU SW	no max	Configuration Rule	S2S29AAE conditional visibility: portal selector activation required (Show more >>); PORTAL_CONDITIONAL
Graphics & GPU	NVIDIA GPU SW	no max	Configuration Rule	S2S30AAE conditional visibility: portal selector activation required (Show more >>); PORTAL_CONDITIONAL
Graphics & GPU	NVIDIA GPU SW	no max	Configuration Rule	S2S31AAE conditional visibility: portal selector activation required (Show more >>); PORTAL_CONDITIONAL
Graphics & GPU	NVIDIA GPU SW	no max	Configuration Rule	S2S32AAE conditional visibility: portal selector activation required (Show more >>); PORTAL_CONDITIONAL
Graphics & GPU	NVIDIA GPU SW	no max	Configuration Rule	S2S33AAE conditional visibility: portal selector activation required (Show more >>); PORTAL_CONDITIONAL
Graphics & GPU	NVIDIA GPU SW	no max	Configuration Rule	S2S34AAE conditional visibility: portal selector activation required (Show more >>); PORTAL_CONDITIONAL
Graphics & GPU	NVIDIA GPU SW	no max	Configuration Rule	S2S35AAE conditional visibility: portal selector activation required (Show more >>); PORTAL_CONDITIONAL
Graphics & GPU	NVIDIA GPU SW	no max	Configuration Rule	S2S36AAE conditional visibility: portal selector activation required (Show more >>); PORTAL_CONDITIONAL
Graphics & GPU	NVIDIA GPU SW	no max	Configuration Rule	S2S37AAE conditional visibility: portal selector activation required (Show more >>); PORTAL_CONDITIONAL
Graphics & GPU	NVIDIA GPU SW	no max	Configuration Rule	S2S38AAE conditional visibility: portal selector activation required (Show more >>); PORTAL_CONDITIONAL
Graphics & GPU	NVIDIA GPU SW	no max	Configuration Rule	S2S39AAE conditional visibility: portal selector activation required (Show more >>); PORTAL_CONDITIONAL
Graphics & GPU	NVIDIA GPU SW	no max	Configuration Rule	S7K93AAE conditional visibility: portal selector activation required (Show more >>); PORTAL_CONDITIONAL
Graphics & GPU	NVIDIA GPU SW	no max	Configuration Rule	S7K94AAE conditional visibility: portal selector activation required (Show more >>); PORTAL_CONDITIONAL
Software & Licenses	Partner Software - Operating System	no max	Configuration Rule	R1P40AAE conditional visibility: portal selector activation required (Show more >>); PORTAL_CONDITIONAL
Software & Licenses	Partner Software - Operating System	no max	Configuration Rule	R1P41AAE conditional visibility: portal selector activation required (Show more >>); PORTAL_CONDITIONAL
Software & Licenses	Partner Software - Operating System	no max	Configuration Rule	R1P42AAE conditional visibility: portal selector activation required (Show more >>); PORTAL_CONDITIONAL
Software & Licenses	Partner Software - Operating System	no max	Configuration Rule	R2Z51AAE conditional visibility: portal selector activation required (Show more >>); PORTAL_CONDITIONAL
Software & Licenses	Partner Software - Operating System	no max	Configuration Rule	R2Z52AAE conditional visibility: portal selector activation required (Show more >>); PORTAL_CONDITIONAL
Software & Licenses	Partner Software - Operating System	no max	Configuration Rule	R2Z53AAE conditional visibility: portal selector activation required (Show more >>); PORTAL_CONDITIONAL
Software & Licenses	Partner Software - Operating System	no max	Configuration Rule	R1P34AAE conditional visibility: portal selector activation required (Show more >>); PORTAL_CONDITIONAL
Software & Licenses	Partner Software - Operating System	no max	Configuration Rule	R1P37AAE conditional visibility: portal selector activation required (Show more >>); PORTAL_CONDITIONAL
Software & Licenses	Partner Software - Operating System	no max	Configuration Rule	R1P35AAE conditional visibility: portal selector activation required (Show more >>); PORTAL_CONDITIONAL
Software & Licenses	Partner Software - Operating System	no max	Configuration Rule	R1P38AAE conditional visibility: portal selector activation required (Show more >>); PORTAL_CONDITIONAL
Software & Licenses	Partner Software - Operating System	no max	Configuration Rule	R1P36AAE conditional visibility: portal selector activation required (Show more >>); PORTAL_CONDITIONAL
Software & Licenses	Partner Software - Operating System	no max	Configuration Rule	R1P39AAE conditional visibility: portal selector activation required (Show more >>); PORTAL_CONDITIONAL
Software & Licenses	Partner Software - Operating System	no max	Configuration Rule	R2Z45AAE conditional visibility: portal selector activation required (Show more >>); PORTAL_CONDITIONAL
Software & Licenses	Partner Software - Operating System	no max	Configuration Rule	R2Z46AAE conditional visibility: portal selector activation required (Show more >>); PORTAL_CONDITIONAL
Software & Licenses	Partner Software - Operating System	no max	Configuration Rule	R2Z47AAE conditional visibility: portal selector activation required (Show more >>); PORTAL_CONDITIONAL
Software & Licenses	Partner Software - Operating System	no max	Configuration Rule	Q9S73AAE conditional visibility: portal selector activation required (Show more >>); PORTAL_CONDITIONAL
Software & Licenses	Partner Software - Operating System	no max	Configuration Rule	Q9S76AAE conditional visibility: portal selector activation required (Show more >>); PORTAL_CONDITIONAL
Software & Licenses	Partner Software - Operating System	no max	Configuration Rule	Q9S74AAE conditional visibility: portal selector activation required (Show more >>); PORTAL_CONDITIONAL
Software & Licenses	Partner Software - Operating System	no max	Configuration Rule	Q9S77AAE conditional visibility: portal selector activation required (Show more >>); PORTAL_CONDITIONAL
Software & Licenses	Partner Software - Operating System	no max	Configuration Rule	Q9S75AAE conditional visibility: portal selector activation required (Show more >>); PORTAL_CONDITIONAL
Software & Licenses	Partner Software - Operating System	no max	Configuration Rule	Q9S78AAE conditional visibility: portal selector activation required (Show more >>); PORTAL_CONDITIONAL
HPE Compute Ops Management	Compute Ops Management SKUs	required	Configuration Rule	R7A11AAE conditional visibility: portal selector activation required (Show more >>); PORTAL_CONDITIONAL
HPE Compute Ops Management	Compute Ops Management SKUs	required	Configuration Rule	R7A12AAE conditional visibility: portal selector activation required (Show more >>); PORTAL_CONDITIONAL
HPE Compute Ops Management	Compute Ops Management SKUs	required	Configuration Rule	S2E10AAE conditional visibility: portal selector activation required (Show more >>); PORTAL_CONDITIONAL
HPE Compute Ops Management	Compute Ops Management SKUs	required	Configuration Rule	S5E59AAE conditional visibility: portal selector activation required (Show more >>); PORTAL_CONDITIONAL
HPE Compute Ops Management	Compute Ops Management SKUs	required	Configuration Rule	S5E60AAE conditional visibility: portal selector activation required (Show more >>); PORTAL_CONDITIONAL
HPE Compute Ops Management	Compute Ops Management SKUs	required	Configuration Rule	S5E61AAE conditional visibility: portal selector activation required (Show more >>); PORTAL_CONDITIONAL
Accessories & Infrastructure	Compute Ops Management Enablement SKUs	max 1	Configuration Rule	Selection constraint for Compute Ops Management Enablement SKUs: max 1
Accessories & Infrastructure	Compute Ops Management Enablement SKUs	max 1	Configuration Rule	S2R34AAE conditional visibility: portal selector activation required (Show more >>); PORTAL_CONDITIONAL
Accessories & Infrastructure	Compute Ops Management Enablement SKUs	max 1	Configuration Rule	S6C28AAE conditional visibility: portal selector activation required (Show more >>); PORTAL_CONDITIONAL
Software & Licenses	OEM Software	no max	Configuration Rule	R2U47AAE conditional visibility: portal selector activation required (OB); PORTAL_CONDITIONAL
Software & Licenses	Red Hat (add-ons)	no max	Configuration Rule	G5J66AAE conditional visibility: portal selector activation required (Show more >>); PORTAL_CONDITIONAL
Software & Licenses	Red Hat (add-ons)	no max	Configuration Rule	G5J67AAE conditional visibility: portal selector activation required (Show more >>); PORTAL_CONDITIONAL
Software & Licenses	Red Hat (add-ons)	no max	Configuration Rule	G3J34AAE conditional visibility: portal selector activation required (Show more >>); PORTAL_CONDITIONAL
Software & Licenses	Red Hat (add-ons)	no max	Configuration Rule	G3J35AAE conditional visibility: portal selector activation required (Show more >>); PORTAL_CONDITIONAL
Software & Licenses	Red Hat (add-ons)	no max	Configuration Rule	G5J68AAE conditional visibility: portal selector activation required (Show more >>); PORTAL_CONDITIONAL
Software & Licenses	Red Hat (add-ons)	no max	Configuration Rule	G5J69AAE conditional visibility: portal selector activation required (Show more >>); PORTAL_CONDITIONAL
Software & Licenses	Red Hat (add-ons)	no max	Configuration Rule	G3J36AAE conditional visibility: portal selector activation required (Show more >>); PORTAL_CONDITIONAL
Software & Licenses	Red Hat (add-ons)	no max	Configuration Rule	G3J37AAE conditional visibility: portal selector activation required (Show more >>); PORTAL_CONDITIONAL
Software & Licenses	Red Hat (add-ons)	no max	Configuration Rule	R2A03AAE conditional visibility: portal selector activation required (Show more >>); PORTAL_CONDITIONAL
Software & Licenses	Red Hat (add-ons)	no max	Configuration Rule	R2A04AAE conditional visibility: portal selector activation required (Show more >>); PORTAL_CONDITIONAL
Software & Licenses	Red Hat (add-ons)	no max	Configuration Rule	R2A05AAE conditional visibility: portal selector activation required (Show more >>); PORTAL_CONDITIONAL
Software & Licenses	Red Hat (add-ons)	no max	Configuration Rule	R2A00AAE conditional visibility: portal selector activation required (Show more >>); PORTAL_CONDITIONAL
Software & Licenses	Red Hat (add-ons)	no max	Configuration Rule	R2A01AAE conditional visibility: portal selector activation required (Show more >>); PORTAL_CONDITIONAL
Software & Licenses	Red Hat (add-ons)	no max	Configuration Rule	R2A02AAE conditional visibility: portal selector activation required (Show more >>); PORTAL_CONDITIONAL
Software & Licenses	SUSE Add-ons	no max	Configuration Rule	M6K34AAE conditional visibility: portal selector activation required (Show more >>); PORTAL_CONDITIONAL
Software & Licenses	OneView Management Software	max 1	Configuration Rule	E5Y35AAE conditional visibility: portal selector activation required (Show more >>); PORTAL_CONDITIONAL
Software & Licenses	OneView Management Software	max 1	Configuration Rule	P8B26AAE conditional visibility: portal selector activation required (Show more >>); PORTAL_CONDITIONAL
Software & Licenses	Server Management & Operating System Licenses	no max	Configuration Rule	R1D41AAE conditional visibility: portal selector activation required (DS); PORTAL_CONDITIONAL
Software & Licenses	Server Management & Operating System Licenses	no max	Configuration Rule	R1D42AAE conditional visibility: portal selector activation required (DS); PORTAL_CONDITIONAL
Software & Licenses	Server Management & Operating System Licenses	no max	Configuration Rule	R1D43AAE conditional visibility: portal selector activation required (DS); PORTAL_CONDITIONAL
Software & Licenses	Server Management & Operating System Licenses	no max	Configuration Rule	R1D44AAE conditional visibility: portal selector activation required (DS); PORTAL_CONDITIONAL
Software & Licenses	Server Management & Operating System Licenses	no max	Configuration Rule	R1D45AAE conditional visibility: portal selector activation required (DS); PORTAL_CONDITIONAL
Software & Licenses	Server Management & Operating System Licenses	no max	Configuration Rule	R1D46AAE conditional visibility: portal selector activation required (DS); PORTAL_CONDITIONAL
Software & Licenses	Server Management & Operating System Licenses	no max	Configuration Rule	R1D49AAE conditional visibility: portal selector activation required (DS); PORTAL_CONDITIONAL
Software & Licenses	Server Management & Operating System Licenses	no max	Configuration Rule	R1D50AAE conditional visibility: portal selector activation required (DS); PORTAL_CONDITIONAL
Software & Licenses	Server Management & Operating System Licenses	no max	Configuration Rule	R1D51AAE conditional visibility: portal selector activation required (DS); PORTAL_CONDITIONAL
Software & Licenses	Server Management & Operating System Licenses	no max	Configuration Rule	R1D52AAE conditional visibility: portal selector activation required (DS); PORTAL_CONDITIONAL
Software & Licenses	Server Management & Operating System Licenses	no max	Configuration Rule	R1D53AAE conditional visibility: portal selector activation required (DS); PORTAL_CONDITIONAL
Software & Licenses	Server Management & Operating System Licenses	no max	Configuration Rule	R1D54AAE conditional visibility: portal selector activation required (DS); PORTAL_CONDITIONAL
Software & Licenses	Server Management & Operating System Licenses	no max	Configuration Rule	R1D55AAE conditional visibility: portal selector activation required (DS); PORTAL_CONDITIONAL
Software & Licenses	Server Management & Operating System Licenses	no max	Configuration Rule	R1D56AAE conditional visibility: portal selector activation required (DS); PORTAL_CONDITIONAL
Software & Licenses	Server Management & Operating System Licenses	no max	Configuration Rule	R1D57AAE conditional visibility: portal selector activation required (DS); PORTAL_CONDITIONAL
Software & Licenses	Server Management & Operating System Licenses	no max	Configuration Rule	R1D58AAE conditional visibility: portal selector activation required (DS); PORTAL_CONDITIONAL
Software & Licenses	Server Management & Operating System Licenses	no max	Configuration Rule	R1D59AAE conditional visibility: portal selector activation required (DS); PORTAL_CONDITIONAL
Software & Licenses	Server Management & Operating System Licenses	no max	Configuration Rule	R1D60AAE conditional visibility: portal selector activation required (DS); PORTAL_CONDITIONAL
Software & Licenses	Server Management & Operating System Licenses	no max	Configuration Rule	R1D61AAE conditional visibility: portal selector activation required (DS); PORTAL_CONDITIONAL
Software & Licenses	Server Management & Operating System Licenses	no max	Configuration Rule	R1D62AAE conditional visibility: portal selector activation required (DS); PORTAL_CONDITIONAL
Software & Licenses	Server Management & Operating System Licenses	no max	Configuration Rule	R1D63AAE conditional visibility: portal selector activation required (DS); PORTAL_CONDITIONAL
Software & Licenses	Server Management & Operating System Licenses	no max	Configuration Rule	R1D64AAE conditional visibility: portal selector activation required (DS); PORTAL_CONDITIONAL
Software & Licenses	Server Management & Operating System Licenses	no max	Configuration Rule	R1D65AAE conditional visibility: portal selector activation required (DS); PORTAL_CONDITIONAL
Software & Licenses	Server Management & Operating System Licenses	no max	Configuration Rule	R1D66AAE conditional visibility: portal selector activation required (DS); PORTAL_CONDITIONAL
Storage Controllers	INTEL VROC Products	max 1	Configuration Rule	R7J59AAE conditional visibility: portal selector activation required (Show more >>); PORTAL_CONDITIONAL
Storage Controllers	INTEL VROC Products	max 1	Configuration Rule	S3Q39AAE conditional visibility: portal selector activation required (Show more >>); PORTAL_CONDITIONAL
Software & Licenses	Supported Operating System	no max	Configuration Rule	Q0D22AAE conditional visibility: portal selector activation required (OB); PORTAL_CONDITIONAL
Software & Licenses	Supported Operating System	no max	Configuration Rule	Q0D23AAE conditional visibility: portal selector activation required (OB); PORTAL_CONDITIONAL
Software & Licenses	Supported Operating System	no max	Configuration Rule	Q0D25AAE conditional visibility: portal selector activation required (OB); PORTAL_CONDITIONAL
Software & Licenses	Supported Operating System	no max	Configuration Rule	Q0D26AAE conditional visibility: portal selector activation required (OB); PORTAL_CONDITIONAL
Software & Licenses	Supported Operating System	no max	Configuration Rule	Q0D29AAE conditional visibility: portal selector activation required (OB); PORTAL_CONDITIONAL
Software & Licenses	Supported Operating System	no max	Configuration Rule	Q0D30AAE conditional visibility: portal selector activation required (OB); PORTAL_CONDITIONAL
Software & Licenses	Supported Operating System	no max	Configuration Rule	Q1X74AAE conditional visibility: portal selector activation required (OB); PORTAL_CONDITIONAL
Software & Licenses	Supported Operating System	no max	Configuration Rule	Q1X75AAE conditional visibility: portal selector activation required (OB); PORTAL_CONDITIONAL
Software & Licenses	Supported Operating System	no max	Configuration Rule	Q5W19AAE conditional visibility: portal selector activation required (OB); PORTAL_CONDITIONAL
Software & Licenses	Supported Operating System	no max	Configuration Rule	Q5W20AAE conditional visibility: portal selector activation required (OB); PORTAL_CONDITIONAL
Software & Licenses	Supported Operating System	no max	Configuration Rule	Q5W21AAE conditional visibility: portal selector activation required (OB); PORTAL_CONDITIONAL
Software & Licenses	Supported Operating System	no max	Configuration Rule	Q5W22AAE conditional visibility: portal selector activation required (OB); PORTAL_CONDITIONAL
Software & Licenses	Supported Operating System	no max	Configuration Rule	Q5W23AAE conditional visibility: portal selector activation required (OB); PORTAL_CONDITIONAL
Software & Licenses	Supported Operating System	no max	Configuration Rule	Q5W24AAE conditional visibility: portal selector activation required (OB); PORTAL_CONDITIONAL
Software & Licenses	Supported Operating System	no max	Configuration Rule	Q5W25AAE conditional visibility: portal selector activation required (OB); PORTAL_CONDITIONAL
Software & Licenses	Supported Operating System	no max	Configuration Rule	Q5W26AAE conditional visibility: portal selector activation required (OB); PORTAL_CONDITIONAL
Software & Licenses	Supported Operating System	no max	Configuration Rule	Q8U15AAE conditional visibility: portal selector activation required (OB); PORTAL_CONDITIONAL
Software & Licenses	Supported Operating System	no max	Configuration Rule	Q8U16AAE conditional visibility: portal selector activation required (OB); PORTAL_CONDITIONAL
Software & Licenses	Supported Operating System	no max	Configuration Rule	Q8U17AAE conditional visibility: portal selector activation required (OB); PORTAL_CONDITIONAL
Software & Licenses	Supported Operating System	no max	Configuration Rule	Q8U18AAE conditional visibility: portal selector activation required (OB); PORTAL_CONDITIONAL
Software & Licenses	Supported Operating System	no max	Configuration Rule	Q8U19AAE conditional visibility: portal selector activation required (OB); PORTAL_CONDITIONAL
Software & Licenses	Supported Operating System	no max	Configuration Rule	Q8U20AAE conditional visibility: portal selector activation required (OB); PORTAL_CONDITIONAL
Software & Licenses	Supported Operating System	no max	Configuration Rule	Q8U21AAE conditional visibility: portal selector activation required (OB); PORTAL_CONDITIONAL
Software & Licenses	Supported Operating System	no max	Configuration Rule	Q8U22AAE conditional visibility: portal selector activation required (OB); PORTAL_CONDITIONAL
Software & Licenses	Supported Operating System	no max	Configuration Rule	R8V72AAE conditional visibility: portal selector activation required (OB); PORTAL_CONDITIONAL
Software & Licenses	Supported Operating System	no max	Configuration Rule	R8V73AAE conditional visibility: portal selector activation required (OB); PORTAL_CONDITIONAL
Software & Licenses	Supported Operating System	no max	Configuration Rule	R8V74AAE conditional visibility: portal selector activation required (OB); PORTAL_CONDITIONAL
Software & Licenses	Supported Operating System	no max	Configuration Rule	R8V75AAE conditional visibility: portal selector activation required (OB); PORTAL_CONDITIONAL
Software & Licenses	Supported Operating System	no max	Configuration Rule	R8V76AAE conditional visibility: portal selector activation required (OB); PORTAL_CONDITIONAL
Software & Licenses	Supported Operating System	no max	Configuration Rule	R8V77AAE conditional visibility: portal selector activation required (OB); PORTAL_CONDITIONAL
Software & Licenses	Supported Operating System	no max	Configuration Rule	R8V78AAE conditional visibility: portal selector activation required (OB); PORTAL_CONDITIONAL
Software & Licenses	Supported Operating System	no max	Configuration Rule	R8V86AAE conditional visibility: portal selector activation required (OB); PORTAL_CONDITIONAL
Software & Licenses	Supported Operating System	no max	Configuration Rule	R8V87AAE conditional visibility: portal selector activation required (OB); PORTAL_CONDITIONAL
Software & Licenses	Supported Operating System	no max	Configuration Rule	R8V88AAE conditional visibility: portal selector activation required (OB); PORTAL_CONDITIONAL
Software & Licenses	Supported Operating System	no max	Configuration Rule	R8V89AAE conditional visibility: portal selector activation required (OB); PORTAL_CONDITIONAL
Software & Licenses	Supported Operating System	no max	Configuration Rule	S0F21AAE conditional visibility: portal selector activation required (OB); PORTAL_CONDITIONAL
Software & Licenses	Supported Operating System	no max	Configuration Rule	S0F22AAE conditional visibility: portal selector activation required (OB); PORTAL_CONDITIONAL
Software & Licenses	Supported Operating System	no max	Configuration Rule	S0F24AAE conditional visibility: portal selector activation required (OB); PORTAL_CONDITIONAL
Software & Licenses	Supported Operating System	no max	Configuration Rule	S0F25AAE conditional visibility: portal selector activation required (OB); PORTAL_CONDITIONAL
Software & Licenses	Supported Operating System	no max	Configuration Rule	S0F26AAE conditional visibility: portal selector activation required (OB); PORTAL_CONDITIONAL
Software & Licenses	Supported Operating System	no max	Configuration Rule	S0F27AAE conditional visibility: portal selector activation required (OB); PORTAL_CONDITIONAL
Software & Licenses	Supported Operating System	no max	Configuration Rule	S0F28AAE conditional visibility: portal selector activation required (OB); PORTAL_CONDITIONAL
Software & Licenses	Supported Operating System	no max	Configuration Rule	S0F29AAE conditional visibility: portal selector activation required (OB); PORTAL_CONDITIONAL
Software & Licenses	Supported Operating System	no max	Configuration Rule	S0F30AAE conditional visibility: portal selector activation required (OB); PORTAL_CONDITIONAL
Software & Licenses	Supported Operating System	no max	Configuration Rule	S3B60AAE conditional visibility: portal selector activation required (OB); PORTAL_CONDITIONAL
Software & Licenses	Supported Operating System	no max	Configuration Rule	S3B61AAE conditional visibility: portal selector activation required (OB); PORTAL_CONDITIONAL
Software & Licenses	Supported Operating System	no max	Configuration Rule	S3B62AAE conditional visibility: portal selector activation required (OB); PORTAL_CONDITIONAL
Software & Licenses	Supported Operating System	no max	Configuration Rule	S3B63AAE conditional visibility: portal selector activation required (OB); PORTAL_CONDITIONAL
Software & Licenses	Supported Operating System	no max	Configuration Rule	S3B64AAE conditional visibility: portal selector activation required (OB); PORTAL_CONDITIONAL
Software & Licenses	Supported Operating System	no max	Configuration Rule	S3B65AAE conditional visibility: portal selector activation required (OB); PORTAL_CONDITIONAL
Software & Licenses	Supported Operating System	no max	Configuration Rule	S3B66AAE conditional visibility: portal selector activation required (OB); PORTAL_CONDITIONAL
Software & Licenses	Supported Operating System	no max	Configuration Rule	S3B67AAE conditional visibility: portal selector activation required (OB); PORTAL_CONDITIONAL
Software & Licenses	Supported Operating System	no max	Configuration Rule	S3B68AAE conditional visibility: portal selector activation required (OB); PORTAL_CONDITIONAL
Software & Licenses	Supported Operating System	no max	Configuration Rule	S3B69AAE conditional visibility: portal selector activation required (OB); PORTAL_CONDITIONAL
Software & Licenses	Supported Operating System	no max	Configuration Rule	S3B70AAE conditional visibility: portal selector activation required (OB); PORTAL_CONDITIONAL
Software & Licenses	Supported Operating System	no max	Configuration Rule	S3B71AAE conditional visibility: portal selector activation required (OB); PORTAL_CONDITIONAL
Software & Licenses	Supported Operating System	no max	Configuration Rule	S7N77AAE conditional visibility: portal selector activation required (OB); PORTAL_CONDITIONAL
Software & Licenses	Supported Operating System	no max	Configuration Rule	S7N78AAE conditional visibility: portal selector activation required (OB); PORTAL_CONDITIONAL
Software & Licenses	Red Hat OpenShift Platform Container	no max	Configuration Rule	Selection constraint for Red Hat OpenShift Platform Container: no max
Software & Licenses	Red Hat OpenShift Platform Container	no max	Configuration Rule	R6J26AAE conditional visibility: portal selector activation required (OB); PORTAL_CONDITIONAL
Software & Licenses	Red Hat OpenShift Platform Container	no max	Configuration Rule	R6J29AAE conditional visibility: portal selector activation required (OB); PORTAL_CONDITIONAL
Software & Licenses	Red Hat OpenShift Platform Container	no max	Configuration Rule	R6J33AAE conditional visibility: portal selector activation required (OB); PORTAL_CONDITIONAL
Software & Licenses	Red Hat OpenShift Platform Container	no max	Configuration Rule	R6J34AAE conditional visibility: portal selector activation required (OB); PORTAL_CONDITIONAL
Software & Licenses	Red Hat OpenShift Platform Container	no max	Configuration Rule	R6J35AAE conditional visibility: portal selector activation required (OB); PORTAL_CONDITIONAL
Software & Licenses	Red Hat OpenShift Platform Container	no max	Configuration Rule	S3Z84AAE conditional visibility: portal selector activation required (OB); PORTAL_CONDITIONAL
Software & Licenses	Red Hat OpenShift Platform Container	no max	Configuration Rule	S3Z85AAE conditional visibility: portal selector activation required (OB); PORTAL_CONDITIONAL
Software & Licenses	Red Hat OpenShift Platform Container	no max	Configuration Rule	S3Z86AAE conditional visibility: portal selector activation required (OB); PORTAL_CONDITIONAL
Software & Licenses	Red Hat OpenShift Platform Container	no max	Configuration Rule	S3Z87AAE conditional visibility: portal selector activation required (OB); PORTAL_CONDITIONAL
Software & Licenses	Red Hat OpenShift Platform Container	no max	Configuration Rule	S3Z88AAE conditional visibility: portal selector activation required (OB); PORTAL_CONDITIONAL
Software & Licenses	Red Hat OpenShift Platform Container	no max	Configuration Rule	S3Z89AAE conditional visibility: portal selector activation required (OB); PORTAL_CONDITIONAL
Software & Licenses	Red Hat OpenShift Platform Container	no max	Configuration Rule	S3Z90AAE conditional visibility: portal selector activation required (OB); PORTAL_CONDITIONAL
Software & Licenses	Red Hat OpenShift Platform Container	no max	Configuration Rule	S3Z91AAE conditional visibility: portal selector activation required (OB); PORTAL_CONDITIONAL
Software & Licenses	SUSE containers	no max	Configuration Rule	Selection constraint for SUSE containers: no max
Software & Licenses	SUSE containers	no max	Configuration Rule	S0E93AAE conditional visibility: portal selector activation required (Show more >>); PORTAL_CONDITIONAL
Software & Licenses	SUSE containers	no max	Configuration Rule	S0E94AAE conditional visibility: portal selector activation required (Show more >>); PORTAL_CONDITIONAL
Software & Licenses	SUSE containers	no max	Configuration Rule	S0E95AAE conditional visibility: portal selector activation required (Show more >>); PORTAL_CONDITIONAL
Software & Licenses	SUSE Linux Enterprise Server	no max	Configuration Rule	M6K30AAE conditional visibility: portal selector activation required (OB); PORTAL_CONDITIONAL
Software & Licenses	SUSE Linux Enterprise Server	no max	Configuration Rule	M6K32AAE conditional visibility: portal selector activation required (OB); PORTAL_CONDITIONAL
Software & Licenses	SUSE Linux Enterprise Server	no max	Configuration Rule	S3R49AAE conditional visibility: portal selector activation required (OB); PORTAL_CONDITIONAL
Software & Licenses	SUSE Linux Enterprise Server	no max	Configuration Rule	S3R50AAE conditional visibility: portal selector activation required (OB); PORTAL_CONDITIONAL
Software & Licenses	SUSE Linux Enterprise Server	no max	Configuration Rule	S3R51AAE conditional visibility: portal selector activation required (OB); PORTAL_CONDITIONAL
Software & Licenses	SUSE Linux Enterprise Server	no max	Configuration Rule	S3R52AAE conditional visibility: portal selector activation required (OB); PORTAL_CONDITIONAL
Software & Licenses	SUSE Linux Enterprise Server	no max	Configuration Rule	S3R53AAE conditional visibility: portal selector activation required (OB); PORTAL_CONDITIONAL
Software & Licenses	SUSE Linux Enterprise Server	no max	Configuration Rule	S3R54AAE conditional visibility: portal selector activation required (OB); PORTAL_CONDITIONAL
Software & Licenses	SUSE Linux Enterprise Server	no max	Configuration Rule	S3R55AAE conditional visibility: portal selector activation required (OB); PORTAL_CONDITIONAL
Software & Licenses	SUSE Linux Enterprise Server	no max	Configuration Rule	S3R56AAE conditional visibility: portal selector activation required (OB); PORTAL_CONDITIONAL
Software & Licenses	SUSE Linux Enterprise Server	no max	Configuration Rule	S3R57AAE conditional visibility: portal selector activation required (OB); PORTAL_CONDITIONAL
Software & Licenses	SUSE Linux Enterprise Server	no max	Configuration Rule	S3R58AAE conditional visibility: portal selector activation required (OB); PORTAL_CONDITIONAL
Software & Licenses	SUSE Linux Enterprise Server	no max	Configuration Rule	S3R59AAE conditional visibility: portal selector activation required (OB); PORTAL_CONDITIONAL
Software & Licenses	SUSE Linux Enterprise Server	no max	Configuration Rule	S3R60AAE conditional visibility: portal selector activation required (OB); PORTAL_CONDITIONAL
Software & Licenses	SUSE Linux Enterprise Server	no max	Configuration Rule	S7N75AAE conditional visibility: portal selector activation required (OB); PORTAL_CONDITIONAL
Software & Licenses	SUSE Linux Enterprise Server	no max	Configuration Rule	S7N76AAE conditional visibility: portal selector activation required (OB); PORTAL_CONDITIONAL
Software & Licenses	SUSE Linux Enterprise Server	no max	Configuration Rule	S7N79AAE conditional visibility: portal selector activation required (OB); PORTAL_CONDITIONAL
Software & Licenses	SUSE Linux Enterprise Server	no max	Configuration Rule	S7N80AAE conditional visibility: portal selector activation required (OB); PORTAL_CONDITIONAL
Software & Licenses	SUSE Linux Enterprise Server	no max	Configuration Rule	S7N81AAE conditional visibility: portal selector activation required (OB); PORTAL_CONDITIONAL
Software & Licenses	SUSE Linux Enterprise Server	no max	Configuration Rule	S7N82AAE conditional visibility: portal selector activation required (OB); PORTAL_CONDITIONAL
Software & Licenses	SUSE Linux Enterprise Server	no max	Configuration Rule	S7N83AAE conditional visibility: portal selector activation required (OB); PORTAL_CONDITIONAL
Software & Licenses	SUSE Linux Enterprise Server	no max	Configuration Rule	S7N84AAE conditional visibility: portal selector activation required (OB); PORTAL_CONDITIONAL
Software & Licenses	SUSE Linux Enterprise Server	no max	Configuration Rule	S7N95AAE conditional visibility: portal selector activation required (OB); PORTAL_CONDITIONAL
Software & Licenses	SUSE Linux Enterprise Server	no max	Configuration Rule	S7N96AAE conditional visibility: portal selector activation required (OB); PORTAL_CONDITIONAL
Software & Licenses	SUSE Linux Enterprise Server	no max	Configuration Rule	S7N97AAE conditional visibility: portal selector activation required (OB); PORTAL_CONDITIONAL
Software & Licenses	SUSE Linux Enterprise Server	no max	Configuration Rule	S7N98AAE conditional visibility: portal selector activation required (OB); PORTAL_CONDITIONAL
Software & Licenses	SUSE Linux Enterprise Server	no max	Configuration Rule	S7N99AAE conditional visibility: portal selector activation required (OB); PORTAL_CONDITIONAL
Software & Licenses	SUSE Linux Enterprise Server	no max	Configuration Rule	S7P00AAE conditional visibility: portal selector activation required (OB); PORTAL_CONDITIONAL
Software & Licenses	Server Management & Operating System Licenses	no max	Configuration Rule	S5Q81AAE conditional visibility: portal selector activation required (Show more >>); PORTAL_CONDITIONAL
Software & Licenses	Server Management & Operating System Licenses	no max	Configuration Rule	S5Q82AAE conditional visibility: portal selector activation required (Show more >>); PORTAL_CONDITIONAL
Software & Licenses	Server Management & Operating System Licenses	no max	Configuration Rule	S5Q83AAE conditional visibility: portal selector activation required (Show more >>); PORTAL_CONDITIONAL
Software & Licenses	Red Hat Enterprise Linux Server-Virtualization	no max	Configuration Rule	G3J22AAE conditional visibility: portal selector activation required (Show more >>); PORTAL_CONDITIONAL
Software & Licenses	Red Hat Enterprise Linux Server-Virtualization	no max	Configuration Rule	G3J23AAE conditional visibility: portal selector activation required (Show more >>); PORTAL_CONDITIONAL
Software & Licenses	Red Hat Enterprise Linux Server-Virtualization	no max	Configuration Rule	G3J24AAE conditional visibility: portal selector activation required (Show more >>); PORTAL_CONDITIONAL
Software & Licenses	Red Hat Enterprise Linux Server-Virtualization	no max	Configuration Rule	G3J25AAE conditional visibility: portal selector activation required (Show more >>); PORTAL_CONDITIONAL
Software & Licenses	Red Hat Enterprise Linux Server-Virtualization	no max	Configuration Rule	G3J26AAE conditional visibility: portal selector activation required (Show more >>); PORTAL_CONDITIONAL
Software & Licenses	Red Hat Enterprise Linux Server-Virtualization	no max	Configuration Rule	G3J27AAE conditional visibility: portal selector activation required (Show more >>); PORTAL_CONDITIONAL
Software & Licenses	Red Hat Enterprise Linux Server-Virtualization	no max	Configuration Rule	G3J28AAE conditional visibility: portal selector activation required (Show more >>); PORTAL_CONDITIONAL
Software & Licenses	Red Hat Enterprise Linux Server-Virtualization	no max	Configuration Rule	G3J29AAE conditional visibility: portal selector activation required (Show more >>); PORTAL_CONDITIONAL
Software & Licenses	Red Hat Enterprise Linux Server-Virtualization	no max	Configuration Rule	G3J30AAE conditional visibility: portal selector activation required (Show more >>); PORTAL_CONDITIONAL
Software & Licenses	Red Hat Enterprise Linux Server-Virtualization	no max	Configuration Rule	G3J31AAE conditional visibility: portal selector activation required (Show more >>); PORTAL_CONDITIONAL
Software & Licenses	Red Hat Enterprise Linux Server-Virtualization	no max	Configuration Rule	G3J32AAE conditional visibility: portal selector activation required (Show more >>); PORTAL_CONDITIONAL
Software & Licenses	Red Hat Enterprise Linux Server-Virtualization	no max	Configuration Rule	G3J33AAE conditional visibility: portal selector activation required (Show more >>); PORTAL_CONDITIONAL
Software & Licenses	Red Hat Enterprise Linux Server-Virtualization	no max	Configuration Rule	G5J62AAE conditional visibility: portal selector activation required (Show more >>); PORTAL_CONDITIONAL
Software & Licenses	Red Hat Enterprise Linux Server-Virtualization	no max	Configuration Rule	G5J63AAE conditional visibility: portal selector activation required (Show more >>); PORTAL_CONDITIONAL
Software & Licenses	Red Hat Enterprise Linux Server-Virtualization	no max	Configuration Rule	G5J64AAE conditional visibility: portal selector activation required (Show more >>); PORTAL_CONDITIONAL
Software & Licenses	Red Hat Enterprise Linux Server-Virtualization	no max	Configuration Rule	G5J65AAE conditional visibility: portal selector activation required (Show more >>); PORTAL_CONDITIONAL
Software & Licenses	Red Hat Enterprise Linux Server-Virtualization	no max	Configuration Rule	J8J35AAE conditional visibility: portal selector activation required (Show more >>); PORTAL_CONDITIONAL
Software & Licenses	Red Hat Enterprise Linux Server-Virtualization	no max	Configuration Rule	J8J36AAE conditional visibility: portal selector activation required (Show more >>); PORTAL_CONDITIONAL
Support Services	Energy Star	max 1	Configuration Rule	Selection constraint for Energy Star: max 1
Support Services	Energy Star	max 1	Configuration Rule	S2G27AAE conditional visibility: portal selector activation required (OB); PORTAL_CONDITIONAL
Support Services	Energy Star	max 1	Configuration Rule	S2G28AAE conditional visibility: portal selector activation required (OB); PORTAL_CONDITIONAL
Support Services	Energy Star	max 1	Configuration Rule	Private Product is not valid for current customer account
Support Services	Energy Star	max 1	Configuration Rule	S4F94AAE conditional visibility: portal selector activation required (Private Product is not valid for current customer account); PORTAL_CONDITIONAL
Support Services	Energy Star	max 1	Configuration Rule	S4G00AAE conditional visibility: portal selector activation required (Private Product is not valid for current customer account); PORTAL_CONDITIONAL
Support Services	Energy Star	max 1	Configuration Rule	S4R76AAE conditional visibility: portal selector activation required (Private Product is not valid for current customer account); PORTAL_CONDITIONAL
Support Services	HPE Virtualization	no max	Configuration Rule	Selection constraint for HPE Virtualization: no max
Support Services	Data Management Framework (SGI DMF)	no max	Configuration Rule	Selection constraint for Data Management Framework (SGI DMF): no max
Software & Licenses	VMware vCloud Products	no max	Configuration Rule	Selection constraint for VMware vCloud Products: no max
Learned Feedback Rules	P76453-B21	learned	Learned Feedback Rule	Portal validation flagged restriction on P76453-B21.
Learned Feedback Rules	P74573-B21	learned	Learned Feedback Rule	Intel Xeon 6730P 250W CPU requires HPE ProLiant Compute DL380 Gen12 Performance Heat Sink Kit (P74792-B21) due to exceeding the 185W standard thermal envelope.
Learned Feedback Rules	P74573-B21	learned	Learned Feedback Rule	Intel Xeon 6730P 250W CPU requires HPE ProLiant High Performance Fan Kit (P48820-B21) because it exceeds the 240W system limit for standard chassis fans.
Learned Feedback Rules	P76449-B21	learned	Learned Feedback Rule	Portal validation flagged restriction on P76450-B21.
Learned Feedback Rules	P69728-F21	learned	Learned Feedback Rule	If P69728-F21 is present, DDR5-6400 is mandatory.
Learned Feedback Rules	P48918-B21	learned	Learned Feedback Rule	DL380 Gen12 chassis requires DL380 Gen12 Storage Controller Cable Kit (P76453-B21) instead of 1U Gen11 DL360 Storage Controller Enablement Cable Kit (P48918-B21).
Learned Feedback Rules	P10180-B21	learned	Learned Feedback Rule	P10180-B21 is obsolete Gen11 SKU for DL380 Gen12; replaced by P51181-B21 with mandatory OCP rear cable kit P72203-B21.
Processor	Configuration Rules	Mixing of Heat sink is not allowed.	Learned Feedback Rule	[MUTUAL_EXCLUSION] Mixing of Heat sink is not allowed.
Memory	Configuration Rules	Mixing of x4 and x8 memory is not allowed	Learned Feedback Rule	[MEMORY_MIXING] Mixing of x4 and x8 memory is not allowed
Memory	Configuration Rules	96GB Memory cannot be mixed with any other Memory.	Learned Feedback Rule	[MEMORY_MIXING] 96GB Memory cannot be mixed with any other Memory.
Memory	Configuration Rules	128GB Memory cannot be mixed with any other Memory.	Learned Feedback Rule	[MEMORY_MIXING] 128GB Memory cannot be mixed with any other Memory.
Memory	Configuration Rules	Mixing of 3DS and non 3DS memory is not allowed.	Learned Feedback Rule	[MEMORY_MIXING] Mixing of 3DS and non 3DS memory is not allowed.
Smart Chassis	Configuration Rules	Supported with EDSFF CTO Server only.	Learned Feedback Rule	[CHASSIS_GATE] Supported with EDSFF CTO Server only.
Smart Chassis	Configuration Rules	Supported with 8LFF and 12LFF CTO Server only.	Learned Feedback Rule	[CHASSIS_GATE] Supported with 8LFF and 12LFF CTO Server only.
Smart Chassis	Configuration Rules	Supported with 8LFF CTO Server only.	Learned Feedback Rule	[CHASSIS_GATE] Supported with 8LFF CTO Server only.
Smart Chassis	Configuration Rules	Define connection for 8SFF x4 Cage only needed if cage is selected.	Learned Feedback Rule	[MUTUAL_EXCLUSION] Define connection for 8SFF x4 Cage only needed if cage is selected.
Smart Chassis	Configuration Rules	Tertiary x8x16 Riser and OCPA x16/ CPU1 OCPB x8 cannot be selected together.	Learned Feedback Rule	[SLOT_COLLISION] Tertiary x8x16 Riser and OCPA x16/ CPU1 OCPB x8 cannot be selected together.
Smart Chassis	Configuration Rules	Selected Smart Chassis Configuration is not valid	Learned Feedback Rule	[CHASSIS_GATE] Selected Smart Chassis Configuration is not valid
Storage Devices	Configuration Rules	Supported with 8LFF and 12LFF CTO Server only.	Learned Feedback Rule	[CHASSIS_GATE] Supported with 8LFF and 12LFF CTO Server only.
Storage Devices	Configuration Rules	Supported with 8LFF CTO Server only and requires 2SFF SBS Cage.	Learned Feedback Rule	[CHASSIS_GATE] Supported with 8LFF CTO Server only and requires 2SFF SBS Cage.
Storage Devices	Configuration Rules	Supported with 12EDSFF CTO Server only.	Learned Feedback Rule	[CHASSIS_GATE] Supported with 12EDSFF CTO Server only.
Storage Devices	Configuration Rules	BTO products are not allowed in CTO Base Model.	Learned Feedback Rule	[BTO_DISALLOWED] BTO products are not allowed in CTO Base Model.
Storage Devices	Configuration Rules	Supported with 8LFF CTO Server only.	Learned Feedback Rule	[CHASSIS_GATE] Supported with 8LFF CTO Server only.
Factory Configuration Settings	Configuration Rules	Supported with 12EDSFF CTO Server only.	Learned Feedback Rule	[CHASSIS_GATE] Supported with 12EDSFF CTO Server only.
Networking	Configuration Rules	Private Product is not valid for current customer account	Learned Feedback Rule	[MUTUAL_EXCLUSION] Private Product is not valid for current customer account
Networking	Configuration Rules	BTO products are not allowed in CTO Base Model.	Learned Feedback Rule	[BTO_DISALLOWED] BTO products are not allowed in CTO Base Model.
Graphics Options	Configuration Rules	RTX Pro 6000/ RTX Pro 6000D/ H200 NVL GPU and 30C Ambient Temperature cannot be selected together.	Learned Feedback Rule	[AMBIENT_GATE] RTX Pro 6000/ RTX Pro 6000D/ H200 NVL GPU and 30C Ambient Temperature cannot be selected together.
Graphics Options	Configuration Rules	Private Product is not valid for current customer account	Learned Feedback Rule	[MUTUAL_EXCLUSION] Private Product is not valid for current customer account
Power Supplies	Configuration Rules	Mixing of Power supplies are not allowed.	Learned Feedback Rule	[MUTUAL_EXCLUSION] Mixing of Power supplies are not allowed.
Power Supplies	Configuration Rules	If AC Power Supply is selected then only AC Power Cords should be in the drop-down.	Learned Feedback Rule	[MUTUAL_EXCLUSION] If AC Power Supply is selected then only AC Power Cords should be in the drop-down.
Power Supplies	Configuration Rules	HPE 1600W -48VDC Pwr Cbl Lug Kit(P36877-B21) Supported only with HPE 1600W FS -48VDC Ht Plg PS Kit (P17023-B21).	Learned Feedback Rule	[PAIRED_KIT_REQUIRED] HPE 1600W -48VDC Pwr Cbl Lug Kit(P36877-B21) Supported only with HPE 1600W FS -48VDC Ht Plg PS Kit (P17023-B21).
Power Supplies	Configuration Rules	Max quantity of product limited by space available.	Learned Feedback Rule	[MUTUAL_EXCLUSION] Max quantity of product limited by space available.
Power Supplies	Configuration Rules	BTO products are not allowed in CTO Base Model.	Learned Feedback Rule	[BTO_DISALLOWED] BTO products are not allowed in CTO Base Model.
Private Cloud Business Edition	Configuration Rules	Not Supported ProStack Server Software	Learned Feedback Rule	[MUTUAL_EXCLUSION] Not Supported ProStack Server Software
Virtualization	Configuration Rules	Private Product is not valid for current customer account	Learned Feedback Rule	[MUTUAL_EXCLUSION] Private Product is not valid for current customer account
Networking	Ethernet PCIe		Reference Link	For More details on Adapter - Transceiver support, please refer to: https://www.hpe.com/psnow/doc/A00002507ENW?jumpid=in_lit-psnow-red (Transceivers, Ethernet PCIe, InfiniBand PCIe, OCP Ethernet)
Networking	InfiniBand PCIe		Reference Link	For More details on Adapter - Transceiver support, please refer to: https://www.hpe.com/psnow/doc/A00002507ENW?jumpid=in_lit-psnow-red (Transceivers, Ethernet PCIe, InfiniBand PCIe, OCP Ethernet)
Networking	Transceivers		Reference Link	For More details on Adapter - Transceiver support, please refer to: https://www.hpe.com/psnow/doc/A00002507ENW?jumpid=in_lit-psnow-red (Transceivers, Ethernet PCIe, InfiniBand PCIe, OCP Ethernet)
Networking	OCP Ethernet		Reference Link	For More details on Adapter - Transceiver support, please refer to: https://www.hpe.com/psnow/doc/A00002507ENW?jumpid=in_lit-psnow-red (Transceivers, Ethernet PCIe, InfiniBand PCIe, OCP Ethernet)
HPC Software Products	Partner Software - Operating System		Minimum Requirement	Minimum 1 of any of the OS SKUs must be selected.
HPE Compute Ops Management	Supported Operating System		Minimum Requirement	Minimum 1 of any of the OS SKUs must be selected.
HPE Compute Ops Management	MS Windows Server		Minimum Requirement	Minimum 1 of any of the OS SKUs must be selected.
HPE Compute Ops Management	Resale Option Kit		Minimum Requirement	Minimum 1 of any of the OS SKUs must be selected.
HPE Compute Ops Management	SUSE containers		Minimum Requirement	Minimum 1 of any of the OS SKUs must be selected.
HPE Compute Ops Management	SUSE Linux Enterprise Server		Minimum Requirement	Minimum 1 of any of the OS SKUs must be selected.
HPE Compute Ops Management	Red Hat Enterprise Linux Server-Virtualization		Minimum Requirement	Minimum 1 of any of the OS SKUs must be selected.
HPC Software Products	Partner Software - Operating System		Recommendation	It is recommended to select an Operating System (Partner Software - Operating System, Supported Operating System, MS Windows Server, Resale Option Kit, SUSE containers, SUSE Linux Enterprise Server, Red Hat Enterprise Linux Server-Virtualization)
HPE Compute Ops Management	Supported Operating System		Recommendation	It is recommended to select an Operating System (Partner Software - Operating System, Supported Operating System, MS Windows Server, Resale Option Kit, SUSE containers, SUSE Linux Enterprise Server, Red Hat Enterprise Linux Server-Virtualization)
HPE Compute Ops Management	MS Windows Server		Recommendation	It is recommended to select an Operating System (Partner Software - Operating System, Supported Operating System, MS Windows Server, Resale Option Kit, SUSE containers, SUSE Linux Enterprise Server, Red Hat Enterprise Linux Server-Virtualization)
HPE Compute Ops Management	Resale Option Kit		Recommendation	It is recommended to select an Operating System (Partner Software - Operating System, Supported Operating System, MS Windows Server, Resale Option Kit, SUSE containers, SUSE Linux Enterprise Server, Red Hat Enterprise Linux Server-Virtualization)
HPE Compute Ops Management	SUSE containers		Recommendation	It is recommended to select an Operating System (Partner Software - Operating System, Supported Operating System, MS Windows Server, Resale Option Kit, SUSE containers, SUSE Linux Enterprise Server, Red Hat Enterprise Linux Server-Virtualization)
HPE Compute Ops Management	SUSE Linux Enterprise Server		Recommendation	It is recommended to select an Operating System (Partner Software - Operating System, Supported Operating System, MS Windows Server, Resale Option Kit, SUSE containers, SUSE Linux Enterprise Server, Red Hat Enterprise Linux Server-Virtualization)
HPE Compute Ops Management	Red Hat Enterprise Linux Server-Virtualization		Recommendation	It is recommended to select an Operating System (Partner Software - Operating System, Supported Operating System, MS Windows Server, Resale Option Kit, SUSE containers, SUSE Linux Enterprise Server, Red Hat Enterprise Linux Server-Virtualization)
Power Supplies	Power Supplies		Selection Guide	In order to select the right size power supply for your ProLiant Server it is highly recommended to use 'HPE Power Advisor' located at https://poweradvisorext.it.hpe.com. (Power Supplies)