Main Category	Sub-Category	Hierarchy Path	Component Role	Constraint Text	Subcategory Min Qty	Subcategory Max Qty	Table Rule/Note	Product #	Option Type	Description	Current Qty	Unit Price (USD)	Price Delta (USD)	Extended Price (USD)	Price per GB (USD)	HPE Recommended	Start Date	Discontinued Date	Diff Status	Previous List Price (USD)	Price Change (USD)	Price Change (%)	Price History Trail
Accessories & Infrastructure	Chassis Infrastructure & Rail Kits	HPE OCA > DL380 Gen12 > Accessories & Infrastructure > Chassis Infrastructure & Rail Kits	Chassis Infrastructure	Optional	0	Optional	Selection constraint for Chassis Infrastructure & Rail Kits: optional	875519-B21	Standard	HPE Bezel Lock Kit	0	89.00		NA		No	07/11/2017	06/30/2029	BASELINE	N/A	$0.00	0.00%	2026-09-09: $89.00
Accessories & Infrastructure	Chassis Infrastructure & Rail Kits	HPE OCA > DL380 Gen12 > Accessories & Infrastructure > Chassis Infrastructure & Rail Kits	Cable Kit	Optional	0	Optional	Selection constraint for Chassis Infrastructure & Rail Kits: optional	P48922-B21	Standard	HPE ProLiant DL3XX Gen11 Intrusion Cable Kit	0	38.00		NA		No	11/10/2022	06/30/2029	BASELINE	N/A	$0.00	0.00%	2026-09-09: $38.00
Accessories & Infrastructure	Chassis Infrastructure & Rail Kits	HPE OCA > DL380 Gen12 > Accessories & Infrastructure > Chassis Infrastructure & Rail Kits	Chassis Infrastructure	Optional	0	Optional	Selection constraint for Chassis Infrastructure & Rail Kits: optional	P50400-B21	Standard	HPE Gen11 2U Bezel Kit	0	88.00		NA		No	11/10/2022	06/30/2029	BASELINE	N/A	$0.00	0.00%	2026-09-09: $88.00
Accessories & Infrastructure	Chassis Infrastructure & Rail Kits	HPE OCA > DL380 Gen12 > Accessories & Infrastructure > Chassis Infrastructure & Rail Kits	Chassis Infrastructure	Optional	0	Optional	Selection constraint for Chassis Infrastructure & Rail Kits: optional	S6B45A	Service	Yong Hau HPE-OEM-02 2U Bezel Kit	0	88.00		NA		No	02/13/2025	03/31/2029	BASELINE	N/A	$0.00	0.00%	2026-09-09: $88.00
Drive Enclosures / Drives	Solid State Drives (NVMe/SAS/SATA)	HPE OCA > DL380 Gen12 > Drive Enclosures / Drives > Solid State Drives (NVMe/SAS/SATA)	GPU / Accelerator	max 24	0	24	Selection constraint for Solid State Drives (NVMe/SAS/SATA): max 24	S2A69A	Service	NVIDIA Ethernet 10/25Gb 2-port SFP28 NVMe-oF Crypto Adapter for HPE	0	1650.00		NA		No	03/04/2024	08/06/2027	BASELINE	N/A	$0.00	0.00%	2026-09-09: $1650.00
Drive Enclosures / Drives	Solid State Drives (NVMe/SAS/SATA)	HPE OCA > DL380 Gen12 > Drive Enclosures / Drives > Solid State Drives (NVMe/SAS/SATA)	Network Adapter	max 24	0	24	Selection constraint for Solid State Drives (NVMe/SAS/SATA): max 24	P08443-B21	Standard	Intel E810-XXVDA2 Ethernet 10/25Gb 2-port SFP28 Adapter for HPE	0	1680.00		NA		No	04/06/2021	11/30/2027	BASELINE	N/A	$0.00	0.00%	2026-09-09: $1680.00
Drive Enclosures / Drives	Solid State Drives (NVMe/SAS/SATA)	HPE OCA > DL380 Gen12 > Drive Enclosures / Drives > Solid State Drives (NVMe/SAS/SATA)	Transceiver	max 24	0	24	Selection constraint for Solid State Drives (NVMe/SAS/SATA): max 24	P25960-B21	Standard	Mellanox MCX623106AS-CDAT Ethernet 100Gb 2-port QSFP56 Adapter for HPE	0	4373.00		NA		No	09/28/2020	12/31/2028	BASELINE	N/A	$0.00	0.00%	2026-09-09: $4373.00
Drive Enclosures / Drives	Solid State Drives (NVMe/SAS/SATA)	HPE OCA > DL380 Gen12 > Drive Enclosures / Drives > Solid State Drives (NVMe/SAS/SATA)	Network Adapter	max 24	0	24	Selection constraint for Solid State Drives (NVMe/SAS/SATA): max 24	P26253-B21	Standard	Broadcom BCM57416 Ethernet 10Gb 2-port BASE-T Adapter for HPE	0	1105.00		NA		No	11/02/2020	12/31/2028	BASELINE	N/A	$0.00	0.00%	2026-09-09: $1105.00
Drive Enclosures / Drives	Solid State Drives (NVMe/SAS/SATA)	HPE OCA > DL380 Gen12 > Drive Enclosures / Drives > Solid State Drives (NVMe/SAS/SATA)	Network Adapter	max 24	0	24	Selection constraint for Solid State Drives (NVMe/SAS/SATA): max 24	P26259-B21	Standard	Broadcom BCM57412 Ethernet 10Gb 2-port SFP+ Adapter for HPE	0	940.00		NA		No	10/05/2020	12/31/2028	BASELINE	N/A	$0.00	0.00%	2026-09-09: $940.00
Drive Enclosures / Drives	Solid State Drives (NVMe/SAS/SATA)	HPE OCA > DL380 Gen12 > Drive Enclosures / Drives > Solid State Drives (NVMe/SAS/SATA)	Network Adapter	max 24	0	24	Selection constraint for Solid State Drives (NVMe/SAS/SATA): max 24	P26262-B21	Standard	Broadcom BCM57414 Ethernet 10/25Gb 2-port SFP28 Adapter for HPE	0	1184.00		NA		No	10/05/2020	12/31/2028	BASELINE	N/A	$0.00	0.00%	2026-09-09: $1184.00
Drive Enclosures / Drives	Solid State Drives (NVMe/SAS/SATA)	HPE OCA > DL380 Gen12 > Drive Enclosures / Drives > Solid State Drives (NVMe/SAS/SATA)	Network Adapter	max 24	0	24	Selection constraint for Solid State Drives (NVMe/SAS/SATA): max 24	P42044-B21	Standard	Mellanox MCX631102AS-ADAT Ethernet 10/25Gb 2-port SFP28 Adapter for HPE	0	1500.00		NA		No	02/07/2022	12/31/2028	BASELINE	N/A	$0.00	0.00%	2026-09-09: $1500.00
Drive Enclosures / Drives	Solid State Drives (NVMe/SAS/SATA)	HPE OCA > DL380 Gen12 > Drive Enclosures / Drives > Solid State Drives (NVMe/SAS/SATA)	Network Adapter	max 24	0	24	Selection constraint for Solid State Drives (NVMe/SAS/SATA): max 24	P51178-B21	Standard	Broadcom BCM5719 Ethernet 1Gb 4-port BASE-T Adapter for HPE	0	485.00		NA		No	06/06/2022	12/31/2028	BASELINE	N/A	$0.00	0.00%	2026-09-09: $485.00
Drive Enclosures / Drives	Solid State Drives (NVMe/SAS/SATA)	HPE OCA > DL380 Gen12 > Drive Enclosures / Drives > Solid State Drives (NVMe/SAS/SATA)	GPU / Accelerator	max 24	0	24	Selection constraint for Solid State Drives (NVMe/SAS/SATA): max 24	R8M41A	Service	NVIDIA Ethernet 100Gb 2-port NVMe-oF Offload Adapter for HPE	0	3999.00		NA		No	05/02/2022	02/28/2027	BASELINE	N/A	$0.00	0.00%	2026-09-09: $3999.00
Drive Enclosures / Drives	Solid State Drives (NVMe/SAS/SATA)	HPE OCA > DL380 Gen12 > Drive Enclosures / Drives > Solid State Drives (NVMe/SAS/SATA)	Transceiver	max 24	0	24	Selection constraint for Solid State Drives (NVMe/SAS/SATA): max 24	P21112-B21	Standard	Intel E810-CQDA2 Ethernet 100Gb 2-port QSFP28 Adapter for HPE	0	3600.00		NA		No	04/06/2021	12/31/2028	BASELINE	N/A	$0.00	0.00%	2026-09-09: $3600.00
Drive Enclosures / Drives	Solid State Drives (NVMe/SAS/SATA)	HPE OCA > DL380 Gen12 > Drive Enclosures / Drives > Solid State Drives (NVMe/SAS/SATA)	Network Adapter	max 24	0	24	Selection constraint for Solid State Drives (NVMe/SAS/SATA): max 24	P08458-B21	Standard	Intel E810-XXVDA4 Ethernet 10/25Gb 4-port SFP28 Adapter for HPE	0	3770.00		NA		No	04/06/2021	12/31/2028	BASELINE	N/A	$0.00	0.00%	2026-09-09: $3770.00
Drive Enclosures / Drives	Solid State Drives (NVMe/SAS/SATA)	HPE OCA > DL380 Gen12 > Drive Enclosures / Drives > Solid State Drives (NVMe/SAS/SATA)	Network Adapter	max 24	0	24	Selection constraint for Solid State Drives (NVMe/SAS/SATA): max 24	P21109-B21	Standard	Xilinx X2522-25G-PLUS Ethernet 10/25Gb 2-port SFP28 Adapter for HPE	0	8495.00		NA		No	12/16/2019	04/30/2027	BASELINE	N/A	$0.00	0.00%	2026-09-09: $8495.00
Drive Enclosures / Drives	Solid State Drives (NVMe/SAS/SATA)	HPE OCA > DL380 Gen12 > Drive Enclosures / Drives > Solid State Drives (NVMe/SAS/SATA)	Network Adapter	max 24	0	24	Selection constraint for Solid State Drives (NVMe/SAS/SATA): max 24	P26264-B21	Standard	Broadcom BCM57504 Ethernet 10/25Gb 4-port SFP28 Adapter for HPE	0	2598.00		NA		No	09/06/2022	12/31/2028	BASELINE	N/A	$0.00	0.00%	2026-09-09: $2598.00
Drive Enclosures / Drives	Solid State Drives (NVMe/SAS/SATA)	HPE OCA > DL380 Gen12 > Drive Enclosures / Drives > Solid State Drives (NVMe/SAS/SATA)	Network Adapter	max 24	0	24	Selection constraint for Solid State Drives (NVMe/SAS/SATA): max 24	P73111-B21	Standard	Broadcom BCM57608 Ethernet 100Gb 2-port QSFP112 Adapter for HPE	0	4855.00		NA		No	03/03/2025	12/31/2028	BASELINE	N/A	$0.00	0.00%	2026-09-09: $4855.00
Drive Enclosures / Drives	Solid State Drives (NVMe/SAS/SATA)	HPE OCA > DL380 Gen12 > Drive Enclosures / Drives > Solid State Drives (NVMe/SAS/SATA)	Transceiver	max 24	0	24	Selection constraint for Solid State Drives (NVMe/SAS/SATA): max 24	P87940-B21	Standard	AMD Solarflare X4522-PLUS 10/25GbE 2-port SFP56 Adapter for HPE	0	11755.00		NA		No	05/04/2026	09/30/2029	BASELINE	N/A	$0.00	0.00%	2026-09-09: $11755.00
Networking	PCIe Networking Adapters	HPE OCA > DL380 Gen12 > Networking > PCIe Networking Adapters	Fibre Channel HBA	max 8	0	8	Selection constraint for PCIe Networking Adapters: max 8	S4T09A	Service	HPE SN1720E 64Gb 2p FC SecureHBA	0	9999.00		NA		No	02/24/2025	12/31/2029	BASELINE	N/A	$0.00	0.00%	2026-09-09: $9999.00
Networking	PCIe Networking Adapters	HPE OCA > DL380 Gen12 > Networking > PCIe Networking Adapters	Fibre Channel HBA	max 8	0	8	Selection constraint for PCIe Networking Adapters: max 8	S4S01A	Service	HPE SN1620E 32Gb 2p FC SecureHBA	0	5499.00		NA		No	02/24/2025	12/31/2029	BASELINE	N/A	$0.00	0.00%	2026-09-09: $5499.00
Networking	PCIe Networking Adapters	HPE OCA > DL380 Gen12 > Networking > PCIe Networking Adapters	Fibre Channel HBA	max 8	0	8	Selection constraint for PCIe Networking Adapters: max 8	R2E08A	Service	HPE SN1610Q 32Gb 1-port Fibre Channel Host Bus Adapter	0	4675.00		NA		No	10/07/2019	10/31/2028	BASELINE	N/A	$0.00	0.00%	2026-09-09: $4675.00
Networking	PCIe Networking Adapters	HPE OCA > DL380 Gen12 > Networking > PCIe Networking Adapters	Fibre Channel HBA	max 8	0	8	Selection constraint for PCIe Networking Adapters: max 8	R2E09A	Service	HPE SN1610Q 32Gb 2-port Fibre Channel Host Bus Adapter	0	7410.00		NA		No	10/07/2019	10/31/2028	BASELINE	N/A	$0.00	0.00%	2026-09-09: $7410.00
Networking	PCIe Networking Adapters	HPE OCA > DL380 Gen12 > Networking > PCIe Networking Adapters	Fibre Channel HBA	max 8	0	8	Selection constraint for PCIe Networking Adapters: max 8	R7N86A	Service	HPE SN1700Q 64Gb 1-port Fibre Channel Host Bus Adapter	0	9688.00		NA		No	02/06/2023	10/31/2028	BASELINE	N/A	$0.00	0.00%	2026-09-09: $9688.00
Networking	PCIe Networking Adapters	HPE OCA > DL380 Gen12 > Networking > PCIe Networking Adapters	Fibre Channel HBA	max 8	0	8	Selection constraint for PCIe Networking Adapters: max 8	R7N87A	Service	HPE SN1700Q 64Gb 2-port Fibre Channel Host Bus Adapter	0	12800.00		NA		No	02/06/2023	10/31/2028	BASELINE	N/A	$0.00	0.00%	2026-09-09: $12800.00
Accessories & Infrastructure	System Options	HPE OCA > DL380 Gen12 > Accessories & Infrastructure > System Options	GPU / Accelerator	Optional	0	Optional	Selection constraint for System Options: optional	S2L70C	Service	NVIDIA L40S 48GB PCIe Accelerator	0	32212.00		NA		No	11/06/2023	04/30/2027	BASELINE	N/A	$0.00	0.00%	2026-09-09: $32212.00
Accessories & Infrastructure	System Options	HPE OCA > DL380 Gen12 > Accessories & Infrastructure > System Options	GPU / Accelerator	Optional	0	Optional	Selection constraint for System Options: optional	S6W30C	Service	NVIDIA RTX PRO 4500 Blackwell Server Edition 32GB PCIe Accelerator for HPE	0	18882.00		NA		No	03/16/2026	12/31/2028	BASELINE	N/A	$0.00	0.00%	2026-09-09: $18882.00
Accessories & Infrastructure	System Options	HPE OCA > DL380 Gen12 > Accessories & Infrastructure > System Options	GPU / Accelerator	Optional	0	Optional	Selection constraint for System Options: optional	S0K89C	Service	NVIDIA L4 24GB PCIe Accelerator for HPE	0	10589.00		NA		No	04/03/2023	04/30/2028	BASELINE	N/A	$0.00	0.00%	2026-09-09: $10589.00
Accessories & Infrastructure	System Options	HPE OCA > DL380 Gen12 > Accessories & Infrastructure > System Options	GPU / Accelerator	Optional	0	Optional	Selection constraint for System Options: optional	S2D86C	Service	NVIDIA H100 NVL 94GB PCIe Accelerator for HPE	0	112579.00		NA		No	03/04/2024	02/02/2026	BASELINE	N/A	$0.00	0.00%	2026-09-09: $112579.00
Accessories & Infrastructure	System Options	HPE OCA > DL380 Gen12 > Accessories & Infrastructure > System Options	GPU / Accelerator	Optional	0	Optional	Selection constraint for System Options: optional	S5T74C	Service	NVIDIA RTX A1000 8GB PCIe Accelerator for HPE	0	1687.00		NA		No	09/02/2025	05/31/2028	BASELINE	N/A	$0.00	0.00%	2026-09-09: $1687.00
Accessories & Infrastructure	System Options	HPE OCA > DL380 Gen12 > Accessories & Infrastructure > System Options	GPU / Accelerator	Optional	0	Optional	RTX Pro 6000/ RTX Pro 6000D/ H200 NVL GPU and 30C Ambient Temperature cannot be selected together.	S3U30C	Service	NVIDIA H200 NVL 141GB PCIe Accelerator for HPE	0	112579.00		NA		No	02/03/2025	12/31/2027	BASELINE	N/A	$0.00	0.00%	2026-09-09: $112579.00
Accessories & Infrastructure	System Options	HPE OCA > DL380 Gen12 > Accessories & Infrastructure > System Options	GPU / Accelerator	Optional	0	Optional	RTX Pro 6000/ RTX Pro 6000D/ H200 NVL GPU and 30C Ambient Temperature cannot be selected together.	S6A73C	Service	NVIDIA RTX PRO 6000 Blackwell Server Edition 96GB PCIe Accelerator for HPE	0	57002.00		NA		No	07/07/2025	12/31/2028	BASELINE	N/A	$0.00	0.00%	2026-09-09: $57002.00
Accessories & Infrastructure	System Options	HPE OCA > DL380 Gen12 > Accessories & Infrastructure > System Options	GPU / Accelerator	Optional	0	Optional	RTX Pro 6000/ RTX Pro 6000D/ H200 NVL GPU and 30C Ambient Temperature cannot be selected together.	S6W21C	Service	NVIDIA RTX PRO 6000D 84GB PCIe Accelerator for HPE	0	37899.00		NA		No	03/02/2026	12/31/2028	BASELINE	N/A	$0.00	0.00%	2026-09-09: $37899.00
Accessories & Infrastructure	System Options	HPE OCA > DL380 Gen12 > Accessories & Infrastructure > System Options	GPU / Accelerator	Optional	0	Optional	Private Product is not valid for current customer account	S7J51C	Service	NVIDIA RTX Pro 5000 48GB Spl GPU	0	0		NA		No	10/24/2025	05/31/2027	BASELINE	N/A	$0.00	0.00%	2026-09-09: (no price)
Cables & Enablement Kits	Power Cords & Jumper Cables	HPE OCA > DL380 Gen12 > Cables & Enablement Kits > Power Cords & Jumper Cables	Cable Kit		0		Max quantity of product limited by space available.	AF556A	Standard	HPE C13 - Nema 5-15P US/CA 110V 10Amp 1.83m Power Cord	0	55.00		NA		No	03/26/2007	09/30/2028	BASELINE	N/A	$0.00	0.00%	2026-09-09: $55.00
Cables & Enablement Kits	Power Cords & Jumper Cables	HPE OCA > DL380 Gen12 > Cables & Enablement Kits > Power Cords & Jumper Cables	Cable Kit		0		Max quantity of product limited by space available.	AF557A	Standard	HPE C13 - GB-1002 CN 250V 10Amp 1.83m Power Cord	0	156.00		NA		No	05/29/2006	10/31/2031	BASELINE	N/A	$0.00	0.00%	2026-09-09: $156.00
Cables & Enablement Kits	Power Cords & Jumper Cables	HPE OCA > DL380 Gen12 > Cables & Enablement Kits > Power Cords & Jumper Cables	Cable Kit		0		Max quantity of product limited by space available.	AF568A	Standard	HPE C13 - CEE-VII EU 250V 10Amp 1.83m Power Cord	0	71.00		NA		No	11/13/2006	10/31/2031	BASELINE	N/A	$0.00	0.00%	2026-09-09: $71.00
Cables & Enablement Kits	Power Cords & Jumper Cables	HPE OCA > DL380 Gen12 > Cables & Enablement Kits > Power Cords & Jumper Cables	Cable Kit		0		Max quantity of product limited by space available.	AF570A	Standard	HPE C13 - BS-1363A UK/HK/SG 250V 10Amp 1.83m Power Cord	0	55.00		NA		No	04/06/2011	09/30/2028	BASELINE	N/A	$0.00	0.00%	2026-09-09: $55.00
Cables & Enablement Kits	Power Cords & Jumper Cables	HPE OCA > DL380 Gen12 > Cables & Enablement Kits > Power Cords & Jumper Cables	Cable Kit		0		Max quantity of product limited by space available.	AF573A	Standard	HPE C13 - C14 WW 250V 10Amp Flint Gray 2.0m Jumper Cord	0	38.00		NA		No	07/09/2007	09/30/2031	BASELINE	N/A	$0.00	0.00%	2026-09-09: $38.00
Cables & Enablement Kits	Power Cords & Jumper Cables	HPE OCA > DL380 Gen12 > Cables & Enablement Kits > Power Cords & Jumper Cables	Cable Kit		0		Max quantity of product limited by space available.	P78130-B21	Standard	HPE C13 - NEMA 5-15P 125V 10Amp 1.83m FIO Power Cord	0	10.00		NA		No	02/03/2025	07/31/2028	BASELINE	N/A	$0.00	0.00%	2026-09-09: $10.00
Cables & Enablement Kits	Power Cords & Jumper Cables	HPE OCA > DL380 Gen12 > Cables & Enablement Kits > Power Cords & Jumper Cables	Cable Kit		0		Max quantity of product limited by space available.	AF558A	Standard	HPE C13 - IRAM -2073 AR 250V 10A 2.5m Power Cord	0	65.00		NA		No	05/29/2006	09/30/2028	BASELINE	N/A	$0.00	0.00%	2026-09-09: $65.00
Cables & Enablement Kits	Power Cords & Jumper Cables	HPE OCA > DL380 Gen12 > Cables & Enablement Kits > Power Cords & Jumper Cables	Cable Kit		0		Max quantity of product limited by space available.	AF559A	Standard	HPE C13 - Nema 5-15P TH/PH 250V 10Amp 1.83m Power Cord	0	55.00		NA		No	05/29/2006	09/30/2028	BASELINE	N/A	$0.00	0.00%	2026-09-09: $55.00
Cables & Enablement Kits	Power Cords & Jumper Cables	HPE OCA > DL380 Gen12 > Cables & Enablement Kits > Power Cords & Jumper Cables	Cable Kit		0		Max quantity of product limited by space available.	AF560A	Standard	HPE C13 - KSC- 8305 KR 250V 10Amp 1.83m Power Cord	0	55.00		NA		No	05/29/2006	09/30/2028	BASELINE	N/A	$0.00	0.00%	2026-09-09: $55.00
Cables & Enablement Kits	Power Cords & Jumper Cables	HPE OCA > DL380 Gen12 > Cables & Enablement Kits > Power Cords & Jumper Cables	Cable Kit		0		Max quantity of product limited by space available.	AF561A	Standard	HPE C13 - CNS-690 TW 110V 13Amp 1.83m Power Cord	0	55.00		NA		No	05/29/2006	09/30/2028	BASELINE	N/A	$0.00	0.00%	2026-09-09: $55.00
Cables & Enablement Kits	Power Cords & Jumper Cables	HPE OCA > DL380 Gen12 > Cables & Enablement Kits > Power Cords & Jumper Cables	Cable Kit		0		Max quantity of product limited by space available.	AF562A	Standard	HPE C13 - IS-1293 IN 240V 6Amp LV 2.0m Power Cord	0	194.00		NA		No	05/29/2006	10/31/2031	BASELINE	N/A	$0.00	0.00%	2026-09-09: $194.00
Cables & Enablement Kits	Power Cords & Jumper Cables	HPE OCA > DL380 Gen12 > Cables & Enablement Kits > Power Cords & Jumper Cables	Cable Kit		0		Max quantity of product limited by space available.	AF564A	Standard	HPE C13 - SI-32 IL 250V 10Amp 1.83m Power Cord	0	55.00		NA		No	12/15/2006	09/30/2028	BASELINE	N/A	$0.00	0.00%	2026-09-09: $55.00
Cables & Enablement Kits	Power Cords & Jumper Cables	HPE OCA > DL380 Gen12 > Cables & Enablement Kits > Power Cords & Jumper Cables	Cable Kit		0		Max quantity of product limited by space available.	AF565A	Standard	HPE C13 - SEV 1011 CH 250V 10Amp 1.83m Power Cord	0	55.00		NA		No	12/15/2006	09/30/2028	BASELINE	N/A	$0.00	0.00%	2026-09-09: $55.00
Cables & Enablement Kits	Power Cords & Jumper Cables	HPE OCA > DL380 Gen12 > Cables & Enablement Kits > Power Cords & Jumper Cables	Cable Kit		0		Max quantity of product limited by space available.	AF566A	Standard	HPE C13 - DK-2.5A DK 250V 10Amp 1.83m Power Cord	0	55.00		NA		No	11/13/2006	09/30/2028	BASELINE	N/A	$0.00	0.00%	2026-09-09: $55.00
Cables & Enablement Kits	Power Cords & Jumper Cables	HPE OCA > DL380 Gen12 > Cables & Enablement Kits > Power Cords & Jumper Cables	Cable Kit		0		Max quantity of product limited by space available.	AF567A	Standard	HPE C13 - SABS-164 ZA 250V 10Amp 2.5m Power Cord	0	65.00		NA		No	11/13/2006	09/30/2028	BASELINE	N/A	$0.00	0.00%	2026-09-09: $65.00
Cables & Enablement Kits	Power Cords & Jumper Cables	HPE OCA > DL380 Gen12 > Cables & Enablement Kits > Power Cords & Jumper Cables	Cable Kit		0		Max quantity of product limited by space available.	AF569A	Standard	HPE C13 - AS3112-3 AU 250V 10Amp 2.5m Power Cord	0	65.00		NA		No	11/13/2006	09/30/2028	BASELINE	N/A	$0.00	0.00%	2026-09-09: $65.00
Cables & Enablement Kits	Power Cords & Jumper Cables	HPE OCA > DL380 Gen12 > Cables & Enablement Kits > Power Cords & Jumper Cables	Cable Kit		0		Max quantity of product limited by space available.	AF572A	Standard	HPE C13 - JIS C8303 JP 100V 12Amp 2.0m Power Cord	0	60.00		NA		No	04/06/2011	09/30/2028	BASELINE	N/A	$0.00	0.00%	2026-09-09: $60.00
Cables & Enablement Kits	Power Cords & Jumper Cables	HPE OCA > DL380 Gen12 > Cables & Enablement Kits > Power Cords & Jumper Cables	Cable Kit		0		Max quantity of product limited by space available.	AF591A	Standard	HPE C13 - NBR-14136 BR 250V 10Amp 1.83m Power Cord	0	49.00		NA		No	07/14/2008	10/31/2031	BASELINE	N/A	$0.00	0.00%	2026-09-09: $49.00
Cables & Enablement Kits	Power Cords & Jumper Cables	HPE OCA > DL380 Gen12 > Cables & Enablement Kits > Power Cords & Jumper Cables	Cable Kit		0		Max quantity of product limited by space available.	P78131-B21	Standard	HPE C13 - GB1002 250V 10Amp 1.83m FIO Power Cord	0	10.00		NA		No	02/03/2025	07/31/2028	BASELINE	N/A	$0.00	0.00%	2026-09-09: $10.00
Cables & Enablement Kits	Power Cords & Jumper Cables	HPE OCA > DL380 Gen12 > Cables & Enablement Kits > Power Cords & Jumper Cables	Cable Kit		0		Max quantity of product limited by space available.	P78144-B21	Standard	HPE C13 - JIS C8303 100V 12Amp 2m FIO Power Cord	0	46.00		NA		No	02/03/2025	07/31/2028	BASELINE	N/A	$0.00	0.00%	2026-09-09: $46.00
Cables & Enablement Kits	Power Cords & Jumper Cables	HPE OCA > DL380 Gen12 > Cables & Enablement Kits > Power Cords & Jumper Cables	Cable Kit		0		Max quantity of product limited by space available.	P78147-B21	Standard	HPE C13 - C14 250V 10Amp 2m IN FIO Power Cord	0	77.00		NA		No	02/03/2025	07/31/2028	BASELINE	N/A	$0.00	0.00%	2026-09-09: $77.00
Cables & Enablement Kits	Power Cords & Jumper Cables	HPE OCA > DL380 Gen12 > Cables & Enablement Kits > Power Cords & Jumper Cables	Cable Kit		0		Max quantity of product limited by space available.	P78156-B21	Standard	HPE C13 - C14 250V 10Amp 3m FIO Power Cord	0	14.00		NA		No	02/03/2025	07/31/2028	BASELINE	N/A	$0.00	0.00%	2026-09-09: $14.00
Cables & Enablement Kits	Power Cords & Jumper Cables	HPE OCA > DL380 Gen12 > Cables & Enablement Kits > Power Cords & Jumper Cables	Cable Kit		0		Max quantity of product limited by space available.	P78940-B21	Standard	HPE C13 - C14 250V 10Amp 3m IN FIO Power Cord	0	130.00		NA		No	02/03/2025	07/31/2028	BASELINE	N/A	$0.00	0.00%	2026-09-09: $130.00
Cables & Enablement Kits	Power Cords & Jumper Cables	HPE OCA > DL380 Gen12 > Cables & Enablement Kits > Power Cords & Jumper Cables	Cable Kit		0		Max quantity of product limited by space available.	P78941-B21	Standard	HPE C13 - C14 250V 10Amp 0.7m IN FIO Power Cord	0	110.00		NA		No	02/03/2025	07/31/2028	BASELINE	N/A	$0.00	0.00%	2026-09-09: $110.00
Cables & Enablement Kits	Power Cords & Jumper Cables	HPE OCA > DL380 Gen12 > Cables & Enablement Kits > Power Cords & Jumper Cables	Cable Kit		0		Max quantity of product limited by space available.	R1C65A	Service	HPE C13-C14 IN 250V 10Amp 2m Black Jumper Cord	0	119.00		NA		No	12/03/2018	10/31/2031	BASELINE	N/A	$0.00	0.00%	2026-09-09: $119.00
Accessories & Infrastructure	System Options	HPE OCA > DL380 Gen12 > Accessories & Infrastructure > System Options	Operating System / License	Optional	0	Optional	Not Supported ProStack Server Software	S7J52A	Service	HPE Morpheus VM Essentials Software for ProLiant Compute Gen12 FIO SW	0	1.00		NA		No	04/06/2026	05/31/2031	BASELINE	N/A	$0.00	0.00%	2026-09-09: $1.00
Software & Licenses	Server Management & Operating System Licenses	HPE OCA > DL380 Gen12 > Software & Licenses > Server Management & Operating System Licenses	GPU / Accelerator	Unlimited	0	Unlimited	Selection constraint for Server Management & Operating System Licenses: no max	R8W23AAE	Service	HPE ML Dev Env SW 1-19 GPU 1yr Sub E-RTU	0	12980.00		NA		No	03/06/2023	12/18/2024	BASELINE	N/A	$0.00	0.00%	2026-09-09: $12980.00
Software & Licenses	Server Management & Operating System Licenses	HPE OCA > DL380 Gen12 > Software & Licenses > Server Management & Operating System Licenses	GPU / Accelerator	Unlimited	0	Unlimited	Selection constraint for Server Management & Operating System Licenses: no max	R8W26AAE	Service	HPE ML Dev Env SW 20-99 GPU 1y Sub E-RTU	0	10810.00		NA		No	03/06/2023	12/18/2024	BASELINE	N/A	$0.00	0.00%	2026-09-09: $10810.00
Software & Licenses	Server Management & Operating System Licenses	HPE OCA > DL380 Gen12 > Software & Licenses > Server Management & Operating System Licenses	GPU / Accelerator	Unlimited	0	Unlimited	Selection constraint for Server Management & Operating System Licenses: no max	R8W27AAE	Service	HPE ML Dev Env SW 100+ GPU 1yr Sub E-RTU	0	9190.00		NA		No	03/06/2023	12/18/2024	BASELINE	N/A	$0.00	0.00%	2026-09-09: $9190.00
Software & Licenses	Server Management & Operating System Licenses	HPE OCA > DL380 Gen12 > Software & Licenses > Server Management & Operating System Licenses	Operating System / License	Unlimited	0	Unlimited	Selection constraint for Server Management & Operating System Licenses: no max	R9H29AAE	Service	HPE ML Dev Env 3yr Sub E-RTU	0	27570.00		NA		No	03/06/2023	12/18/2024	BASELINE	N/A	$0.00	0.00%	2026-09-09: $27570.00
Software & Licenses	Server Management & Operating System Licenses	HPE OCA > DL380 Gen12 > Software & Licenses > Server Management & Operating System Licenses	Operating System / License	Unlimited	0	Unlimited	Selection constraint for Server Management & Operating System Licenses: no max	R9Y51AAE	Service	HPE Machine Learning Development Environment 4-year Subscription E-RTU	0	34920.00		NA		No	03/06/2023	12/18/2024	BASELINE	N/A	$0.00	0.00%	2026-09-09: $34920.00
Software & Licenses	Server Management & Operating System Licenses	HPE OCA > DL380 Gen12 > Software & Licenses > Server Management & Operating System Licenses	Operating System / License	Unlimited	0	Unlimited	Selection constraint for Server Management & Operating System Licenses: no max	R9Y52AAE	Service	HPE Machine Learning Development Environment 5-year Subscription E-RTU	0	41470.00		NA		No	03/06/2023	12/18/2024	BASELINE	N/A	$0.00	0.00%	2026-09-09: $41470.00
Software & Licenses	Server Management & Operating System Licenses	HPE OCA > DL380 Gen12 > Software & Licenses > Server Management & Operating System Licenses	Operating System / License	Unlimited	0	Unlimited	Selection constraint for Server Management & Operating System Licenses: no max	S1S86AAE	Service	HPE Machine Learning Data Management Software 1-year Subscription E-LTU	0	270270.00		NA		No	05/01/2023	12/18/2024	BASELINE	N/A	$0.00	0.00%	2026-09-09: $270270.00
Software & Licenses	Server Management & Operating System Licenses	HPE OCA > DL380 Gen12 > Software & Licenses > Server Management & Operating System Licenses	Operating System / License	Unlimited	0	Unlimited	Selection constraint for Server Management & Operating System Licenses: no max	S1S87AAE	Service	HPE Machine Learning Data Management Software Additional User E-RTU	0	27027.00		NA		No	05/01/2023	12/18/2024	BASELINE	N/A	$0.00	0.00%	2026-09-09: $27027.00
Software & Licenses	Server Management & Operating System Licenses	HPE OCA > DL380 Gen12 > Software & Licenses > Server Management & Operating System Licenses	Operating System / License	Unlimited	0	Unlimited	Selection constraint for Server Management & Operating System Licenses: no max	S1U64AAE	Service	HPE Machine Learning Development Environment 90-day Evaluation E-RTU	0	1.00		NA		No	07/10/2023	12/18/2024	BASELINE	N/A	$0.00	0.00%	2026-09-09: $1.00
Software & Licenses	Server Management & Operating System Licenses	HPE OCA > DL380 Gen12 > Software & Licenses > Server Management & Operating System Licenses	Operating System / License	Unlimited	0	Unlimited	Selection constraint for Server Management & Operating System Licenses: no max	S2R35AAE	Service	HPE Machine Learning Data Management Software 3-year Subscription E-LTU	0	770270.00		NA		No	11/06/2023	12/18/2024	BASELINE	N/A	$0.00	0.00%	2026-09-09: $770270.00
Software & Licenses	Server Management & Operating System Licenses	HPE OCA > DL380 Gen12 > Software & Licenses > Server Management & Operating System Licenses	Operating System / License	Unlimited	0	Unlimited	Selection constraint for Server Management & Operating System Licenses: no max	S3P91AAE	Service	HPE Machine Learning Data Management Software Additional User 3-year E-RTU	0	77027.00		NA		No	04/01/2024	12/18/2024	BASELINE	N/A	$0.00	0.00%	2026-09-09: $77027.00
Software & Licenses	Server Management & Operating System Licenses	HPE OCA > DL380 Gen12 > Software & Licenses > Server Management & Operating System Licenses	Operating System / License	Unlimited	0	Unlimited	Selection constraint for Server Management & Operating System Licenses: no max	S3P92AAE	Service	HPE Machine Learning Data Management Software 4-year Subscription E-LTU	0	1027028.00		NA		No	04/01/2024	12/18/2024	BASELINE	N/A	$0.00	0.00%	2026-09-09: $1027028.00
Software & Licenses	Server Management & Operating System Licenses	HPE OCA > DL380 Gen12 > Software & Licenses > Server Management & Operating System Licenses	Operating System / License	Unlimited	0	Unlimited	Selection constraint for Server Management & Operating System Licenses: no max	S3P93AAE	Service	HPE Machine Learning Data Management Software Additional User 4-year E-RTU	0	102702.00		NA		No	04/01/2024	12/18/2024	BASELINE	N/A	$0.00	0.00%	2026-09-09: $102702.00
Software & Licenses	Server Management & Operating System Licenses	HPE OCA > DL380 Gen12 > Software & Licenses > Server Management & Operating System Licenses	Operating System / License	Unlimited	0	Unlimited	Selection constraint for Server Management & Operating System Licenses: no max	S3P94AAE	Service	HPE Machine Learning Data Management Software 5-year Subscription E-LTU	0	1283784.00		NA		No	04/01/2024	12/18/2024	BASELINE	N/A	$0.00	0.00%	2026-09-09: $1283784.00
Software & Licenses	Server Management & Operating System Licenses	HPE OCA > DL380 Gen12 > Software & Licenses > Server Management & Operating System Licenses	Operating System / License	Unlimited	0	Unlimited	Selection constraint for Server Management & Operating System Licenses: no max	S3P95AAE	Service	HPE Machine Learning Data Management Software Additional User 5-year E-RTU	0	128378.00		NA		No	04/01/2024	12/18/2024	BASELINE	N/A	$0.00	0.00%	2026-09-09: $128378.00
Software & Licenses	Server Management & Operating System Licenses	HPE OCA > DL380 Gen12 > Software & Licenses > Server Management & Operating System Licenses	Operating System / License	Unlimited	0	Unlimited	Selection constraint for Server Management & Operating System Licenses: no max	S3R04AAE	Service	HPE Machine Learning Inference Software Base 1-year E-RTU	0	8316.00		NA		No	06/18/2024	07/31/2027	BASELINE	N/A	$0.00	0.00%	2026-09-09: $8316.00
Software & Licenses	Server Management & Operating System Licenses	HPE OCA > DL380 Gen12 > Software & Licenses > Server Management & Operating System Licenses	Operating System / License	Unlimited	0	Unlimited	Selection constraint for Server Management & Operating System Licenses: no max	S3R05AAE	Service	HPE Machine Learning Inference Software Performance 1-year E-RTU	0	2078.00		NA		No	06/18/2024	07/31/2027	BASELINE	N/A	$0.00	0.00%	2026-09-09: $2078.00
Software & Licenses	Server Management & Operating System Licenses	HPE OCA > DL380 Gen12 > Software & Licenses > Server Management & Operating System Licenses	Operating System / License	Unlimited	0	Unlimited	Selection constraint for Server Management & Operating System Licenses: no max	S3R06AAE	Service	HPE Machine Learning Inference Software Base 3-year E-RTU	0	23700.00		NA		No	06/18/2024	07/31/2027	BASELINE	N/A	$0.00	0.00%	2026-09-09: $23700.00
Software & Licenses	Server Management & Operating System Licenses	HPE OCA > DL380 Gen12 > Software & Licenses > Server Management & Operating System Licenses	Operating System / License	Unlimited	0	Unlimited	Selection constraint for Server Management & Operating System Licenses: no max	S3R07AAE	Service	HPE Machine Learning Inference Software Performance 3-year E-RTU	0	5922.00		NA		No	06/18/2024	07/31/2027	BASELINE	N/A	$0.00	0.00%	2026-09-09: $5922.00
Software & Licenses	Server Management & Operating System Licenses	HPE OCA > DL380 Gen12 > Software & Licenses > Server Management & Operating System Licenses	Operating System / License	Unlimited	0	Unlimited	Selection constraint for Server Management & Operating System Licenses: no max	S3W26AAE	Service	HPE Machine Learning Inference Software Base 4-year E-RTU	0	31602.00		NA		No	06/18/2024	07/31/2027	BASELINE	N/A	$0.00	0.00%	2026-09-09: $31602.00
Software & Licenses	Server Management & Operating System Licenses	HPE OCA > DL380 Gen12 > Software & Licenses > Server Management & Operating System Licenses	Operating System / License	Unlimited	0	Unlimited	Selection constraint for Server Management & Operating System Licenses: no max	S3W27AAE	Service	HPE Machine Learning Inference Software Performance 4-year E-RTU	0	7896.00		NA		No	06/18/2024	07/31/2027	BASELINE	N/A	$0.00	0.00%	2026-09-09: $7896.00
Software & Licenses	Server Management & Operating System Licenses	HPE OCA > DL380 Gen12 > Software & Licenses > Server Management & Operating System Licenses	Operating System / License	Unlimited	0	Unlimited	Selection constraint for Server Management & Operating System Licenses: no max	S3W28AAE	Service	HPE Machine Learning Inference Software Base 5-year E-RTU	0	39501.00		NA		No	06/18/2024	07/31/2027	BASELINE	N/A	$0.00	0.00%	2026-09-09: $39501.00
Software & Licenses	Server Management & Operating System Licenses	HPE OCA > DL380 Gen12 > Software & Licenses > Server Management & Operating System Licenses	Operating System / License	Unlimited	0	Unlimited	Selection constraint for Server Management & Operating System Licenses: no max	S3W29AAE	Service	HPE Machine Learning Inference Software Performance 5-year E-RTU	0	9871.00		NA		No	06/18/2024	07/31/2027	BASELINE	N/A	$0.00	0.00%	2026-09-09: $9871.00
Software & Licenses	Server Management & Operating System Licenses	HPE OCA > DL380 Gen12 > Software & Licenses > Server Management & Operating System Licenses	Service & Support	Unlimited	0	Unlimited	Selection constraint for Server Management & Operating System Licenses: no max	Q2A48A	Standard	HPE Performance Message Passing Interface for 1 Socket 3yr Support LTU	0	249.00		NA		No	07/07/2017	07/31/2027	BASELINE	N/A	$0.00	0.00%	2026-09-09: $249.00
Software & Licenses	Server Management & Operating System Licenses	HPE OCA > DL380 Gen12 > Software & Licenses > Server Management & Operating System Licenses	Service & Support	Unlimited	0	Unlimited	Selection constraint for Server Management & Operating System Licenses: no max	Q9V60AAE	Service	HPE Performance Cluster Manager 1 Node 3yr 24x7 Support Perpetual E-LTU	0	3500.00		NA		No	06/04/2018	01/31/2027	BASELINE	N/A	$0.00	0.00%	2026-09-09: $3500.00
Software & Licenses	Server Management & Operating System Licenses	HPE OCA > DL380 Gen12 > Software & Licenses > Server Management & Operating System Licenses	Operating System / License	Unlimited	0	Unlimited	Selection constraint for Server Management & Operating System Licenses: no max	Q9V61A	Standard	HPE Performance Cluster Manager FIO Software	0	1.00		NA		No	06/04/2018	01/31/2027	BASELINE	N/A	$0.00	0.00%	2026-09-09: $1.00
Software & Licenses	Server Management & Operating System Licenses	HPE OCA > DL380 Gen12 > Software & Licenses > Server Management & Operating System Licenses	Operating System / License	Unlimited	0	Unlimited	Selection constraint for Server Management & Operating System Licenses: no max	Q9V62A	Standard	HPE Performance Cluster Manager Media Kit	0	49.00		NA		No	06/04/2018	05/30/2026	BASELINE	N/A	$0.00	0.00%	2026-09-09: $49.00
Software & Licenses	Server Management & Operating System Licenses	HPE OCA > DL380 Gen12 > Software & Licenses > Server Management & Operating System Licenses	Service & Support	Unlimited	0	Unlimited	Selection constraint for Server Management & Operating System Licenses: no max	R6X84AAE	Service	Altair PBS Professional 1 Socket Perpetual E-LTU with HPE 3-year Support	0	585.00		NA		No	10/05/2020	03/31/2028	BASELINE	N/A	$0.00	0.00%	2026-09-09: $585.00
Software & Licenses	Server Management & Operating System Licenses	HPE OCA > DL380 Gen12 > Software & Licenses > Server Management & Operating System Licenses	Service & Support	Unlimited	0	Unlimited	Selection constraint for Server Management & Operating System Licenses: no max	S1R55AAE	Service	Altair Access 1 Concurrent User 3yr Support Perpetual E-LTU	0	1089.00		NA		No	06/05/2023	03/31/2028	BASELINE	N/A	$0.00	0.00%	2026-09-09: $1089.00
Software & Licenses	Server Management & Operating System Licenses	HPE OCA > DL380 Gen12 > Software & Licenses > Server Management & Operating System Licenses	Service & Support	Unlimited	0	Unlimited	Selection constraint for Server Management & Operating System Licenses: no max	S1R56AAE	Service	Altair Access 1 Concurrent User 4yr Support Perpetual E-LTU	0	1409.00		NA		No	06/05/2023	03/31/2028	BASELINE	N/A	$0.00	0.00%	2026-09-09: $1409.00
Software & Licenses	Server Management & Operating System Licenses	HPE OCA > DL380 Gen12 > Software & Licenses > Server Management & Operating System Licenses	Service & Support	Unlimited	0	Unlimited	Selection constraint for Server Management & Operating System Licenses: no max	S1R57AAE	Service	Altair Access 1 Concurrent User 5yr Support Perpetual E-LTU	0	1725.00		NA		No	06/05/2023	03/31/2028	BASELINE	N/A	$0.00	0.00%	2026-09-09: $1725.00
Software & Licenses	Server Management & Operating System Licenses	HPE OCA > DL380 Gen12 > Software & Licenses > Server Management & Operating System Licenses	Service & Support	Unlimited	0	Unlimited	Selection constraint for Server Management & Operating System Licenses: no max	S1R58AAE	Service	Altair Access 1 Concurrent User 1yr Support	0	318.00		NA		No	06/05/2023	03/31/2028	BASELINE	N/A	$0.00	0.00%	2026-09-09: $318.00
Software & Licenses	Server Management & Operating System Licenses	HPE OCA > DL380 Gen12 > Software & Licenses > Server Management & Operating System Licenses	Service & Support	Unlimited	0	Unlimited	Selection constraint for Server Management & Operating System Licenses: no max	S1R63AAE	Service	SchedMD SLURM 1-100 Sockets 3-year Support	0	46200.00		NA		No	05/01/2023	06/01/2028	BASELINE	N/A	$0.00	0.00%	2026-09-09: $46200.00
Software & Licenses	Server Management & Operating System Licenses	HPE OCA > DL380 Gen12 > Software & Licenses > Server Management & Operating System Licenses	Service & Support	Unlimited	0	Unlimited	Selection constraint for Server Management & Operating System Licenses: no max	S1R64AAE	Service	SchedMD SLURM 1-100 Sockets 4-year Support	0	58520.00		NA		No	05/01/2023	06/01/2028	BASELINE	N/A	$0.00	0.00%	2026-09-09: $58520.00
Software & Licenses	Server Management & Operating System Licenses	HPE OCA > DL380 Gen12 > Software & Licenses > Server Management & Operating System Licenses	Service & Support	Unlimited	0	Unlimited	Selection constraint for Server Management & Operating System Licenses: no max	S1R65AAE	Service	SchedMD SLURM 1-100 Sockets 5-year Support	0	69300.00		NA		No	05/01/2023	06/01/2028	BASELINE	N/A	$0.00	0.00%	2026-09-09: $69300.00
Software & Licenses	Server Management & Operating System Licenses	HPE OCA > DL380 Gen12 > Software & Licenses > Server Management & Operating System Licenses	Service & Support	Unlimited	0	Unlimited	Selection constraint for Server Management & Operating System Licenses: no max	S1R66AAE	Service	SchedMD SLURM 101-1000 Sockets 3-year Support	0	363.00		NA		No	05/01/2023	06/01/2028	BASELINE	N/A	$0.00	0.00%	2026-09-09: $363.00
Software & Licenses	Server Management & Operating System Licenses	HPE OCA > DL380 Gen12 > Software & Licenses > Server Management & Operating System Licenses	Service & Support	Unlimited	0	Unlimited	Selection constraint for Server Management & Operating System Licenses: no max	S1R67AAE	Service	SchedMD SLURM 101-1000 Sockets 4-year Support	0	460.00		NA		No	05/01/2023	06/01/2028	BASELINE	N/A	$0.00	0.00%	2026-09-09: $460.00
Software & Licenses	Server Management & Operating System Licenses	HPE OCA > DL380 Gen12 > Software & Licenses > Server Management & Operating System Licenses	Service & Support	Unlimited	0	Unlimited	Selection constraint for Server Management & Operating System Licenses: no max	S1R68AAE	Service	SchedMD SLURM 101-1000 Sockets 5-year Support	0	545.00		NA		No	05/01/2023	06/01/2028	BASELINE	N/A	$0.00	0.00%	2026-09-09: $545.00
Software & Licenses	Server Management & Operating System Licenses	HPE OCA > DL380 Gen12 > Software & Licenses > Server Management & Operating System Licenses	Service & Support	Unlimited	0	Unlimited	Selection constraint for Server Management & Operating System Licenses: no max	S1R69AAE	Service	SchedMD SLURM 1001-5000 Sockets 3-year Support	0	288.00		NA		No	05/01/2023	06/01/2028	BASELINE	N/A	$0.00	0.00%	2026-09-09: $288.00
Software & Licenses	Server Management & Operating System Licenses	HPE OCA > DL380 Gen12 > Software & Licenses > Server Management & Operating System Licenses	Service & Support	Unlimited	0	Unlimited	Selection constraint for Server Management & Operating System Licenses: no max	S1R70AAE	Service	SchedMD SLURM 1001-5000 Sockets 4-year Support	0	366.00		NA		No	05/01/2023	06/01/2028	BASELINE	N/A	$0.00	0.00%	2026-09-09: $366.00
Software & Licenses	Server Management & Operating System Licenses	HPE OCA > DL380 Gen12 > Software & Licenses > Server Management & Operating System Licenses	Service & Support	Unlimited	0	Unlimited	Selection constraint for Server Management & Operating System Licenses: no max	S1R71AAE	Service	SchedMD SLURM 1001-5000 Sockets 5-year Support	0	433.00		NA		No	05/01/2023	06/01/2028	BASELINE	N/A	$0.00	0.00%	2026-09-09: $433.00
Software & Licenses	Server Management & Operating System Licenses	HPE OCA > DL380 Gen12 > Software & Licenses > Server Management & Operating System Licenses	Service & Support	Unlimited	0	Unlimited	Selection constraint for Server Management & Operating System Licenses: no max	S1R72AAE	Service	SchedMD SLURM 5000+ Sockets 3-year Support	0	213.00		NA		No	05/01/2023	06/01/2028	BASELINE	N/A	$0.00	0.00%	2026-09-09: $213.00
Software & Licenses	Server Management & Operating System Licenses	HPE OCA > DL380 Gen12 > Software & Licenses > Server Management & Operating System Licenses	Service & Support	Unlimited	0	Unlimited	Selection constraint for Server Management & Operating System Licenses: no max	S1R73AAE	Service	SchedMD SLURM 5000+ Sockets 4-year Support	0	269.00		NA		No	05/01/2023	06/01/2028	BASELINE	N/A	$0.00	0.00%	2026-09-09: $269.00
Software & Licenses	Server Management & Operating System Licenses	HPE OCA > DL380 Gen12 > Software & Licenses > Server Management & Operating System Licenses	Service & Support	Unlimited	0	Unlimited	Selection constraint for Server Management & Operating System Licenses: no max	S1R74AAE	Service	SchedMD SLURM 5000+ Sockets 5-year Support	0	319.00		NA		No	05/01/2023	06/01/2028	BASELINE	N/A	$0.00	0.00%	2026-09-09: $319.00
Software & Licenses	Server Management & Operating System Licenses	HPE OCA > DL380 Gen12 > Software & Licenses > Server Management & Operating System Licenses	Service & Support	Unlimited	0	Unlimited	Selection constraint for Server Management & Operating System Licenses: no max	S1R75AAE	Service	SchedMD SLURM 5000+ Sockets 1-year Extension Support	0	71.00		NA		No	05/01/2023	06/01/2028	BASELINE	N/A	$0.00	0.00%	2026-09-09: $71.00
Software & Licenses	Server Management & Operating System Licenses	HPE OCA > DL380 Gen12 > Software & Licenses > Server Management & Operating System Licenses	Service & Support	Unlimited	0	Unlimited	Selection constraint for Server Management & Operating System Licenses: no max	S1R76AAE	Service	SchedMD SLURM 1001-5000 Sockets 1-year Extension Support	0	96.00		NA		No	05/01/2023	06/01/2028	BASELINE	N/A	$0.00	0.00%	2026-09-09: $96.00
Software & Licenses	Server Management & Operating System Licenses	HPE OCA > DL380 Gen12 > Software & Licenses > Server Management & Operating System Licenses	Service & Support	Unlimited	0	Unlimited	Selection constraint for Server Management & Operating System Licenses: no max	S1R77AAE	Service	SchedMD SLURM 101-1000 Sockets 1-year Extension Support	0	122.00		NA		No	05/01/2023	06/01/2028	BASELINE	N/A	$0.00	0.00%	2026-09-09: $122.00
Software & Licenses	Server Management & Operating System Licenses	HPE OCA > DL380 Gen12 > Software & Licenses > Server Management & Operating System Licenses	Service & Support	Unlimited	0	Unlimited	Selection constraint for Server Management & Operating System Licenses: no max	S1R78AAE	Service	SchedMD SLURM 1-100 Sockets 1-year Extension Support	0	15400.00		NA		No	05/01/2023	06/01/2028	BASELINE	N/A	$0.00	0.00%	2026-09-09: $15400.00
Software & Licenses	Server Management & Operating System Licenses	HPE OCA > DL380 Gen12 > Software & Licenses > Server Management & Operating System Licenses	Service & Support	Unlimited	0	Unlimited	Selection constraint for Server Management & Operating System Licenses: no max	S2H96AAE	Service	Linaro Forge Ultimate 32 Processes 1-year Support E-LTU	0	31332.00		NA		No	10/02/2023	10/31/2027	BASELINE	N/A	$0.00	0.00%	2026-09-09: $31332.00
Software & Licenses	Server Management & Operating System Licenses	HPE OCA > DL380 Gen12 > Software & Licenses > Server Management & Operating System Licenses	Service & Support	Unlimited	0	Unlimited	Selection constraint for Server Management & Operating System Licenses: no max	S2H97AAE	Service	Linaro Forge Ultimate 64 Processes 1-year Support E-LTU	0	46289.00		NA		No	10/02/2023	10/31/2027	BASELINE	N/A	$0.00	0.00%	2026-09-09: $46289.00
Software & Licenses	Server Management & Operating System Licenses	HPE OCA > DL380 Gen12 > Software & Licenses > Server Management & Operating System Licenses	Service & Support	Unlimited	0	Unlimited	Selection constraint for Server Management & Operating System Licenses: no max	S2H98AAE	Service	Linaro Forge Ultimate 256 Processes 1-year Support E-LTU	0	98172.00		NA		No	10/02/2023	10/31/2027	BASELINE	N/A	$0.00	0.00%	2026-09-09: $98172.00
Software & Licenses	Server Management & Operating System Licenses	HPE OCA > DL380 Gen12 > Software & Licenses > Server Management & Operating System Licenses	Service & Support	Unlimited	0	Unlimited	Selection constraint for Server Management & Operating System Licenses: no max	S2H99AAE	Service	Linaro Forge Ultimate 1024 Processes 1-year Support E-LTU	0	196328.00		NA		No	10/02/2023	10/31/2027	BASELINE	N/A	$0.00	0.00%	2026-09-09: $196328.00
Software & Licenses	Server Management & Operating System Licenses	HPE OCA > DL380 Gen12 > Software & Licenses > Server Management & Operating System Licenses	Service & Support	Unlimited	0	Unlimited	Selection constraint for Server Management & Operating System Licenses: no max	S2J00AAE	Service	Linaro Forge Ultimate Unlimited Processes 1-year Support E-LTU	0	1245749.00		NA		No	10/02/2023	10/31/2027	BASELINE	N/A	$0.00	0.00%	2026-09-09: $1245749.00
Software & Licenses	Server Management & Operating System Licenses	HPE OCA > DL380 Gen12 > Software & Licenses > Server Management & Operating System Licenses	Service & Support	Unlimited	0	Unlimited	Selection constraint for Server Management & Operating System Licenses: no max	S2J01AAE	Service	Linaro Forge Ultimate 32 Processes 3-year Support E-LTU	0	93965.00		NA		No	10/02/2023	10/31/2027	BASELINE	N/A	$0.00	0.00%	2026-09-09: $93965.00
Software & Licenses	Server Management & Operating System Licenses	HPE OCA > DL380 Gen12 > Software & Licenses > Server Management & Operating System Licenses	Service & Support	Unlimited	0	Unlimited	Selection constraint for Server Management & Operating System Licenses: no max	S2J02AAE	Service	Linaro Forge Ultimate 64 Processes 3-year Support E-LTU	0	138836.00		NA		No	10/02/2023	10/31/2027	BASELINE	N/A	$0.00	0.00%	2026-09-09: $138836.00
Software & Licenses	Server Management & Operating System Licenses	HPE OCA > DL380 Gen12 > Software & Licenses > Server Management & Operating System Licenses	Service & Support	Unlimited	0	Unlimited	Selection constraint for Server Management & Operating System Licenses: no max	S2J03AAE	Service	Linaro Forge Ultimate 256 Processes 3-year Support E-LTU	0	294483.00		NA		No	10/02/2023	10/31/2027	BASELINE	N/A	$0.00	0.00%	2026-09-09: $294483.00
Software & Licenses	Server Management & Operating System Licenses	HPE OCA > DL380 Gen12 > Software & Licenses > Server Management & Operating System Licenses	Service & Support	Unlimited	0	Unlimited	Selection constraint for Server Management & Operating System Licenses: no max	S2J04AAE	Service	Linaro Forge Ultimate 1024 Processes 3-year Support E-LTU	0	588951.00		NA		No	10/02/2023	10/31/2027	BASELINE	N/A	$0.00	0.00%	2026-09-09: $588951.00
Software & Licenses	Server Management & Operating System Licenses	HPE OCA > DL380 Gen12 > Software & Licenses > Server Management & Operating System Licenses	Service & Support	Unlimited	0	Unlimited	Selection constraint for Server Management & Operating System Licenses: no max	S2J05AAE	Service	Linaro Forge Ultimate Unlimited Processes 3-year Support E-LTU	0	3737215.00		NA		No	10/02/2023	10/31/2027	BASELINE	N/A	$0.00	0.00%	2026-09-09: $3737215.00
Software & Licenses	Server Management & Operating System Licenses	HPE OCA > DL380 Gen12 > Software & Licenses > Server Management & Operating System Licenses	Service & Support	Unlimited	0	Unlimited	Selection constraint for Server Management & Operating System Licenses: no max	S2J06AAE	Service	Linaro Forge Ultimate 32 Processes 4-year Support E-LTU	0	125281.00		NA		No	10/02/2023	10/31/2027	BASELINE	N/A	$0.00	0.00%	2026-09-09: $125281.00
Software & Licenses	Server Management & Operating System Licenses	HPE OCA > DL380 Gen12 > Software & Licenses > Server Management & Operating System Licenses	Service & Support	Unlimited	0	Unlimited	Selection constraint for Server Management & Operating System Licenses: no max	S2J07AAE	Service	Linaro Forge Ultimate 64 Processes 4-year Support E-LTU	0	185110.00		NA		No	10/02/2023	10/31/2027	BASELINE	N/A	$0.00	0.00%	2026-09-09: $185110.00
Software & Licenses	Server Management & Operating System Licenses	HPE OCA > DL380 Gen12 > Software & Licenses > Server Management & Operating System Licenses	Service & Support	Unlimited	0	Unlimited	Selection constraint for Server Management & Operating System Licenses: no max	S2J08AAE	Service	Linaro Forge Ultimate 256 Processes 4-year Support E-LTU	0	392639.00		NA		No	10/02/2023	10/31/2027	BASELINE	N/A	$0.00	0.00%	2026-09-09: $392639.00
Software & Licenses	Server Management & Operating System Licenses	HPE OCA > DL380 Gen12 > Software & Licenses > Server Management & Operating System Licenses	Service & Support	Unlimited	0	Unlimited	Selection constraint for Server Management & Operating System Licenses: no max	S2J09AAE	Service	Linaro Forge Ultimate 1024 Processes 4-year Support E-LTU	0	785262.00		NA		No	10/02/2023	10/31/2027	BASELINE	N/A	$0.00	0.00%	2026-09-09: $785262.00
Software & Licenses	Server Management & Operating System Licenses	HPE OCA > DL380 Gen12 > Software & Licenses > Server Management & Operating System Licenses	Service & Support	Unlimited	0	Unlimited	Selection constraint for Server Management & Operating System Licenses: no max	S2J10AAE	Service	Linaro Forge Ultimate Unlimited Processes 4-year Support E-LTU	0	4982948.00		NA		No	10/02/2023	10/31/2027	BASELINE	N/A	$0.00	0.00%	2026-09-09: $4982948.00
Software & Licenses	Server Management & Operating System Licenses	HPE OCA > DL380 Gen12 > Software & Licenses > Server Management & Operating System Licenses	Service & Support	Unlimited	0	Unlimited	Selection constraint for Server Management & Operating System Licenses: no max	S2J11AAE	Service	Linaro Forge Ultimate 32 Processes 5-year Support E-LTU	0	156598.00		NA		No	10/02/2023	10/31/2027	BASELINE	N/A	$0.00	0.00%	2026-09-09: $156598.00
Software & Licenses	Server Management & Operating System Licenses	HPE OCA > DL380 Gen12 > Software & Licenses > Server Management & Operating System Licenses	Service & Support	Unlimited	0	Unlimited	Selection constraint for Server Management & Operating System Licenses: no max	S2J12AAE	Service	Linaro Forge Ultimate 64 Processes 5-year Support E-LTU	0	231383.00		NA		No	10/02/2023	10/31/2027	BASELINE	N/A	$0.00	0.00%	2026-09-09: $231383.00
Software & Licenses	Server Management & Operating System Licenses	HPE OCA > DL380 Gen12 > Software & Licenses > Server Management & Operating System Licenses	Service & Support	Unlimited	0	Unlimited	Selection constraint for Server Management & Operating System Licenses: no max	S2J13AAE	Service	Linaro Forge Ultimate 256 Processes 5-year Support E-LTU	0	490795.00		NA		No	10/02/2023	10/31/2027	BASELINE	N/A	$0.00	0.00%	2026-09-09: $490795.00
Software & Licenses	Server Management & Operating System Licenses	HPE OCA > DL380 Gen12 > Software & Licenses > Server Management & Operating System Licenses	Service & Support	Unlimited	0	Unlimited	Selection constraint for Server Management & Operating System Licenses: no max	S2J14AAE	Service	Linaro Forge Ultimate 1024 Processes 5-year Support E-LTU	0	981574.00		NA		No	10/02/2023	10/31/2027	BASELINE	N/A	$0.00	0.00%	2026-09-09: $981574.00
Software & Licenses	Server Management & Operating System Licenses	HPE OCA > DL380 Gen12 > Software & Licenses > Server Management & Operating System Licenses	Service & Support	Unlimited	0	Unlimited	Selection constraint for Server Management & Operating System Licenses: no max	S2J15AAE	Service	Linaro Forge Ultimate Unlimited Processes 5-year Support E-LTU	0	6228680.00		NA		No	10/02/2023	10/31/2027	BASELINE	N/A	$0.00	0.00%	2026-09-09: $6228680.00
Software & Licenses	Server Management & Operating System Licenses	HPE OCA > DL380 Gen12 > Software & Licenses > Server Management & Operating System Licenses	Service & Support	Unlimited	0	Unlimited	Selection constraint for Server Management & Operating System Licenses: no max	S2J16AAE	Service	Linaro DDT 32 Processes 1-year Support E-LTU	0	14928.00		NA		No	10/02/2023	10/31/2027	BASELINE	N/A	$0.00	0.00%	2026-09-09: $14928.00
Software & Licenses	Server Management & Operating System Licenses	HPE OCA > DL380 Gen12 > Software & Licenses > Server Management & Operating System Licenses	Service & Support	Unlimited	0	Unlimited	Selection constraint for Server Management & Operating System Licenses: no max	S2J17AAE	Service	Linaro DDT 64 Processes 1-year Support E-LTU	0	22051.00		NA		No	10/02/2023	10/31/2027	BASELINE	N/A	$0.00	0.00%	2026-09-09: $22051.00
Software & Licenses	Server Management & Operating System Licenses	HPE OCA > DL380 Gen12 > Software & Licenses > Server Management & Operating System Licenses	Service & Support	Unlimited	0	Unlimited	Selection constraint for Server Management & Operating System Licenses: no max	S2J18AAE	Service	Linaro DDT 256 Processes 1-year Support E-LTU	0	46757.00		NA		No	10/02/2023	10/31/2027	BASELINE	N/A	$0.00	0.00%	2026-09-09: $46757.00
Software & Licenses	Server Management & Operating System Licenses	HPE OCA > DL380 Gen12 > Software & Licenses > Server Management & Operating System Licenses	Service & Support	Unlimited	0	Unlimited	Selection constraint for Server Management & Operating System Licenses: no max	S2J19AAE	Service	Linaro DDT 1024 Processes 1-year Support E-LTU	0	93498.00		NA		No	10/02/2023	10/31/2027	BASELINE	N/A	$0.00	0.00%	2026-09-09: $93498.00
Software & Licenses	Server Management & Operating System Licenses	HPE OCA > DL380 Gen12 > Software & Licenses > Server Management & Operating System Licenses	Service & Support	Unlimited	0	Unlimited	Selection constraint for Server Management & Operating System Licenses: no max	S2J20AAE	Service	Linaro DDT Unlimited Processes 1-year Support E-LTU	0	593224.00		NA		No	10/02/2023	10/31/2027	BASELINE	N/A	$0.00	0.00%	2026-09-09: $593224.00
Software & Licenses	Server Management & Operating System Licenses	HPE OCA > DL380 Gen12 > Software & Licenses > Server Management & Operating System Licenses	Service & Support	Unlimited	0	Unlimited	Selection constraint for Server Management & Operating System Licenses: no max	S2J21AAE	Service	Linaro DDT 32 Processes 3-year Support E-LTU	0	44754.00		NA		No	10/02/2023	10/31/2027	BASELINE	N/A	$0.00	0.00%	2026-09-09: $44754.00
Software & Licenses	Server Management & Operating System Licenses	HPE OCA > DL380 Gen12 > Software & Licenses > Server Management & Operating System Licenses	Service & Support	Unlimited	0	Unlimited	Selection constraint for Server Management & Operating System Licenses: no max	S2J22AAE	Service	Linaro DDT 64 Processes 3-year Support E-LTU	0	66121.00		NA		No	10/02/2023	10/31/2027	BASELINE	N/A	$0.00	0.00%	2026-09-09: $66121.00
Software & Licenses	Server Management & Operating System Licenses	HPE OCA > DL380 Gen12 > Software & Licenses > Server Management & Operating System Licenses	Service & Support	Unlimited	0	Unlimited	Selection constraint for Server Management & Operating System Licenses: no max	S2J23AAE	Service	Linaro DDT 256 Processes 3-year Support E-LTU	0	140239.00		NA		No	10/02/2023	10/31/2027	BASELINE	N/A	$0.00	0.00%	2026-09-09: $140239.00
Software & Licenses	Server Management & Operating System Licenses	HPE OCA > DL380 Gen12 > Software & Licenses > Server Management & Operating System Licenses	Service & Support	Unlimited	0	Unlimited	Selection constraint for Server Management & Operating System Licenses: no max	S2J24AAE	Service	Linaro DDT 1024 Processes 3-year Support E-LTU	0	280461.00		NA		No	10/02/2023	10/31/2027	BASELINE	N/A	$0.00	0.00%	2026-09-09: $280461.00
Software & Licenses	Server Management & Operating System Licenses	HPE OCA > DL380 Gen12 > Software & Licenses > Server Management & Operating System Licenses	Service & Support	Unlimited	0	Unlimited	Selection constraint for Server Management & Operating System Licenses: no max	S2J25AAE	Service	Linaro DDT Unlimited Processes 3-year Support E-LTU	0	1779641.00		NA		No	10/02/2023	10/31/2027	BASELINE	N/A	$0.00	0.00%	2026-09-09: $1779641.00
Software & Licenses	Server Management & Operating System Licenses	HPE OCA > DL380 Gen12 > Software & Licenses > Server Management & Operating System Licenses	Service & Support	Unlimited	0	Unlimited	Selection constraint for Server Management & Operating System Licenses: no max	S2J26AAE	Service	Linaro DDT 32 Processes 4-year Support E-LTU	0	59666.00		NA		No	10/02/2023	10/31/2027	BASELINE	N/A	$0.00	0.00%	2026-09-09: $59666.00
Software & Licenses	Server Management & Operating System Licenses	HPE OCA > DL380 Gen12 > Software & Licenses > Server Management & Operating System Licenses	Service & Support	Unlimited	0	Unlimited	Selection constraint for Server Management & Operating System Licenses: no max	S2J27AAE	Service	Linaro DDT 64 Processes 4-year Support E-LTU	0	88156.00		NA		No	10/02/2023	10/31/2027	BASELINE	N/A	$0.00	0.00%	2026-09-09: $88156.00
Software & Licenses	Server Management & Operating System Licenses	HPE OCA > DL380 Gen12 > Software & Licenses > Server Management & Operating System Licenses	Service & Support	Unlimited	0	Unlimited	Selection constraint for Server Management & Operating System Licenses: no max	S2J28AAE	Service	Linaro DDT 256 Processes 4-year Support E-LTU	0	186979.00		NA		No	10/02/2023	10/31/2027	BASELINE	N/A	$0.00	0.00%	2026-09-09: $186979.00
Software & Licenses	Server Management & Operating System Licenses	HPE OCA > DL380 Gen12 > Software & Licenses > Server Management & Operating System Licenses	Service & Support	Unlimited	0	Unlimited	Selection constraint for Server Management & Operating System Licenses: no max	S2J29AAE	Service	Linaro DDT 1024 Processes 4-year Support E-LTU	0	373943.00		NA		No	10/02/2023	10/31/2027	BASELINE	N/A	$0.00	0.00%	2026-09-09: $373943.00
Software & Licenses	Server Management & Operating System Licenses	HPE OCA > DL380 Gen12 > Software & Licenses > Server Management & Operating System Licenses	Service & Support	Unlimited	0	Unlimited	Selection constraint for Server Management & Operating System Licenses: no max	S2J30AAE	Service	Linaro DDT Unlimited Processes 4-year Support E-LTU	0	2372849.00		NA		No	10/02/2023	10/31/2027	BASELINE	N/A	$0.00	0.00%	2026-09-09: $2372849.00
Software & Licenses	Server Management & Operating System Licenses	HPE OCA > DL380 Gen12 > Software & Licenses > Server Management & Operating System Licenses	Service & Support	Unlimited	0	Unlimited	Selection constraint for Server Management & Operating System Licenses: no max	S2J31AAE	Service	Linaro DDT 32 Processes 5-year Support E-LTU	0	74579.00		NA		No	10/02/2023	10/31/2027	BASELINE	N/A	$0.00	0.00%	2026-09-09: $74579.00
Software & Licenses	Server Management & Operating System Licenses	HPE OCA > DL380 Gen12 > Software & Licenses > Server Management & Operating System Licenses	Service & Support	Unlimited	0	Unlimited	Selection constraint for Server Management & Operating System Licenses: no max	S2J32AAE	Service	Linaro DDT 64 Processes 5-year Support E-LTU	0	110191.00		NA		No	10/02/2023	10/31/2027	BASELINE	N/A	$0.00	0.00%	2026-09-09: $110191.00
Software & Licenses	Server Management & Operating System Licenses	HPE OCA > DL380 Gen12 > Software & Licenses > Server Management & Operating System Licenses	Service & Support	Unlimited	0	Unlimited	Selection constraint for Server Management & Operating System Licenses: no max	S2J33AAE	Service	Linaro DDT 256 Processes 5-year Support E-LTU	0	233720.00		NA		No	10/02/2023	10/31/2027	BASELINE	N/A	$0.00	0.00%	2026-09-09: $233720.00
Software & Licenses	Server Management & Operating System Licenses	HPE OCA > DL380 Gen12 > Software & Licenses > Server Management & Operating System Licenses	Service & Support	Unlimited	0	Unlimited	Selection constraint for Server Management & Operating System Licenses: no max	S2J34AAE	Service	Linaro DDT 1024 Processes 5-year Support E-LTU	0	467425.00		NA		No	10/02/2023	10/31/2027	BASELINE	N/A	$0.00	0.00%	2026-09-09: $467425.00
Software & Licenses	Server Management & Operating System Licenses	HPE OCA > DL380 Gen12 > Software & Licenses > Server Management & Operating System Licenses	Service & Support	Unlimited	0	Unlimited	Selection constraint for Server Management & Operating System Licenses: no max	S2J35AAE	Service	Linaro DDT Unlimited Processes 5-year Support E-LTU	0	2966057.00		NA		No	10/02/2023	10/31/2027	BASELINE	N/A	$0.00	0.00%	2026-09-09: $2966057.00
Software & Licenses	Server Management & Operating System Licenses	HPE OCA > DL380 Gen12 > Software & Licenses > Server Management & Operating System Licenses	Service & Support	Unlimited	0	Unlimited	Selection constraint for Server Management & Operating System Licenses: no max	S2L38AAE	Service	TotalView 32 Processes 1-year Support E-LTU	0	9228.00		NA		No	11/06/2023	12/06/2026	BASELINE	N/A	$0.00	0.00%	2026-09-09: $9228.00
Software & Licenses	Server Management & Operating System Licenses	HPE OCA > DL380 Gen12 > Software & Licenses > Server Management & Operating System Licenses	Service & Support	Unlimited	0	Unlimited	Selection constraint for Server Management & Operating System Licenses: no max	S2L39AAE	Service	TotalView 64 Processes 1-year Support E-LTU	0	12894.00		NA		No	11/06/2023	12/06/2026	BASELINE	N/A	$0.00	0.00%	2026-09-09: $12894.00
Software & Licenses	Server Management & Operating System Licenses	HPE OCA > DL380 Gen12 > Software & Licenses > Server Management & Operating System Licenses	Service & Support	Unlimited	0	Unlimited	Selection constraint for Server Management & Operating System Licenses: no max	S2L40AAE	Service	TotalView 128 Processes 1-year Support E-LTU	0	16672.00		NA		No	11/06/2023	12/06/2026	BASELINE	N/A	$0.00	0.00%	2026-09-09: $16672.00
Software & Licenses	Server Management & Operating System Licenses	HPE OCA > DL380 Gen12 > Software & Licenses > Server Management & Operating System Licenses	Service & Support	Unlimited	0	Unlimited	Selection constraint for Server Management & Operating System Licenses: no max	S2L41AAE	Service	TotalView 256 Processes 1-year Support E-LTU	0	22228.00		NA		No	11/06/2023	12/06/2026	BASELINE	N/A	$0.00	0.00%	2026-09-09: $22228.00
Software & Licenses	Server Management & Operating System Licenses	HPE OCA > DL380 Gen12 > Software & Licenses > Server Management & Operating System Licenses	Service & Support	Unlimited	0	Unlimited	Selection constraint for Server Management & Operating System Licenses: no max	S2L42AAE	Service	TotalView 512 Processes 1-year Support E-LTU	0	26672.00		NA		No	11/06/2023	12/06/2026	BASELINE	N/A	$0.00	0.00%	2026-09-09: $26672.00
Software & Licenses	Server Management & Operating System Licenses	HPE OCA > DL380 Gen12 > Software & Licenses > Server Management & Operating System Licenses	Service & Support	Unlimited	0	Unlimited	Selection constraint for Server Management & Operating System Licenses: no max	S2L43AAE	Service	TotalView 32 Processes 3-year Support E-LTU	0	26672.00		NA		No	11/06/2023	12/06/2026	BASELINE	N/A	$0.00	0.00%	2026-09-09: $26672.00
Software & Licenses	Server Management & Operating System Licenses	HPE OCA > DL380 Gen12 > Software & Licenses > Server Management & Operating System Licenses	Service & Support	Unlimited	0	Unlimited	Selection constraint for Server Management & Operating System Licenses: no max	S2L44AAE	Service	TotalView 64 Processes 3-year Support E-LTU	0	36117.00		NA		No	11/06/2023	12/06/2026	BASELINE	N/A	$0.00	0.00%	2026-09-09: $36117.00
Software & Licenses	Server Management & Operating System Licenses	HPE OCA > DL380 Gen12 > Software & Licenses > Server Management & Operating System Licenses	Service & Support	Unlimited	0	Unlimited	Selection constraint for Server Management & Operating System Licenses: no max	S2L45AAE	Service	TotalView 128 Processes 3-year Support E-LTU	0	46672.00		NA		No	11/06/2023	12/06/2026	BASELINE	N/A	$0.00	0.00%	2026-09-09: $46672.00
Software & Licenses	Server Management & Operating System Licenses	HPE OCA > DL380 Gen12 > Software & Licenses > Server Management & Operating System Licenses	Service & Support	Unlimited	0	Unlimited	Selection constraint for Server Management & Operating System Licenses: no max	S2L46AAE	Service	TotalView 256 Processes 3-year Support E-LTU	0	61117.00		NA		No	11/06/2023	12/06/2026	BASELINE	N/A	$0.00	0.00%	2026-09-09: $61117.00
Software & Licenses	Server Management & Operating System Licenses	HPE OCA > DL380 Gen12 > Software & Licenses > Server Management & Operating System Licenses	Service & Support	Unlimited	0	Unlimited	Selection constraint for Server Management & Operating System Licenses: no max	S2L47AAE	Service	TotalView 512 Processes 3-year Support E-LTU	0	73339.00		NA		No	11/06/2023	12/06/2026	BASELINE	N/A	$0.00	0.00%	2026-09-09: $73339.00
Software & Licenses	Server Management & Operating System Licenses	HPE OCA > DL380 Gen12 > Software & Licenses > Server Management & Operating System Licenses	Service & Support	Unlimited	0	Unlimited	Selection constraint for Server Management & Operating System Licenses: no max	S2L48AAE	Service	TotalView 32 Processes 4-year Support E-LTU	0	33339.00		NA		No	11/06/2023	12/06/2026	BASELINE	N/A	$0.00	0.00%	2026-09-09: $33339.00
Software & Licenses	Server Management & Operating System Licenses	HPE OCA > DL380 Gen12 > Software & Licenses > Server Management & Operating System Licenses	Service & Support	Unlimited	0	Unlimited	Selection constraint for Server Management & Operating System Licenses: no max	S2L49AAE	Service	TotalView 64 Processes 4-year Support E-LTU	0	46672.00		NA		No	11/06/2023	12/06/2026	BASELINE	N/A	$0.00	0.00%	2026-09-09: $46672.00
Software & Licenses	Server Management & Operating System Licenses	HPE OCA > DL380 Gen12 > Software & Licenses > Server Management & Operating System Licenses	Service & Support	Unlimited	0	Unlimited	Selection constraint for Server Management & Operating System Licenses: no max	S2L50AAE	Service	TotalView 128 Processes 4-year Support E-LTU	0	60006.00		NA		No	11/06/2023	12/06/2026	BASELINE	N/A	$0.00	0.00%	2026-09-09: $60006.00
Software & Licenses	Server Management & Operating System Licenses	HPE OCA > DL380 Gen12 > Software & Licenses > Server Management & Operating System Licenses	Service & Support	Unlimited	0	Unlimited	Selection constraint for Server Management & Operating System Licenses: no max	S2L51AAE	Service	TotalView 256 Processes 4-year Support E-LTU	0	78894.00		NA		No	11/06/2023	12/06/2026	BASELINE	N/A	$0.00	0.00%	2026-09-09: $78894.00
Software & Licenses	Server Management & Operating System Licenses	HPE OCA > DL380 Gen12 > Software & Licenses > Server Management & Operating System Licenses	Service & Support	Unlimited	0	Unlimited	Selection constraint for Server Management & Operating System Licenses: no max	S2L52AAE	Service	TotalView 512 Processes 4-year Support E-LTU	0	95006.00		NA		No	11/06/2023	12/06/2026	BASELINE	N/A	$0.00	0.00%	2026-09-09: $95006.00
Software & Licenses	Server Management & Operating System Licenses	HPE OCA > DL380 Gen12 > Software & Licenses > Server Management & Operating System Licenses	Service & Support	Unlimited	0	Unlimited	Selection constraint for Server Management & Operating System Licenses: no max	S2L53AAE	Service	TotalView 32 Processes 5-year Support E-LTU	0	39450.00		NA		No	11/06/2023	12/06/2026	BASELINE	N/A	$0.00	0.00%	2026-09-09: $39450.00
Software & Licenses	Server Management & Operating System Licenses	HPE OCA > DL380 Gen12 > Software & Licenses > Server Management & Operating System Licenses	Service & Support	Unlimited	0	Unlimited	Selection constraint for Server Management & Operating System Licenses: no max	S2L54AAE	Service	TotalView 64 Processes 5-year Support E-LTU	0	55006.00		NA		No	11/06/2023	12/06/2026	BASELINE	N/A	$0.00	0.00%	2026-09-09: $55006.00
Software & Licenses	Server Management & Operating System Licenses	HPE OCA > DL380 Gen12 > Software & Licenses > Server Management & Operating System Licenses	Service & Support	Unlimited	0	Unlimited	Selection constraint for Server Management & Operating System Licenses: no max	S2L55AAE	Service	TotalView 128 Processes 5-year Support E-LTU	0	70561.00		NA		No	11/06/2023	12/06/2026	BASELINE	N/A	$0.00	0.00%	2026-09-09: $70561.00
Software & Licenses	Server Management & Operating System Licenses	HPE OCA > DL380 Gen12 > Software & Licenses > Server Management & Operating System Licenses	Service & Support	Unlimited	0	Unlimited	Selection constraint for Server Management & Operating System Licenses: no max	S2L56AAE	Service	TotalView 256 Processes 5-year Support E-LTU	0	93339.00		NA		No	11/06/2023	12/06/2026	BASELINE	N/A	$0.00	0.00%	2026-09-09: $93339.00
Software & Licenses	Server Management & Operating System Licenses	HPE OCA > DL380 Gen12 > Software & Licenses > Server Management & Operating System Licenses	Service & Support	Unlimited	0	Unlimited	Selection constraint for Server Management & Operating System Licenses: no max	S2L57AAE	Service	TotalView 512 Processes 5-year Support E-LTU	0	112228.00		NA		No	11/06/2023	12/06/2026	BASELINE	N/A	$0.00	0.00%	2026-09-09: $112228.00
Software & Licenses	Server Management & Operating System Licenses	HPE OCA > DL380 Gen12 > Software & Licenses > Server Management & Operating System Licenses	Service & Support	Unlimited	0	Unlimited	Selection constraint for Server Management & Operating System Licenses: no max	S2M19A	Service	Intel oneAPI Base and HPC Premium Support Maximum 63 Nodes up to 10 Developers 1-year LTU	0	23466.00		NA		No	10/02/2023	06/26/2025	BASELINE	N/A	$0.00	0.00%	2026-09-09: $23466.00
Software & Licenses	Server Management & Operating System Licenses	HPE OCA > DL380 Gen12 > Software & Licenses > Server Management & Operating System Licenses	Service & Support	Unlimited	0	Unlimited	Selection constraint for Server Management & Operating System Licenses: no max	S2M21A	Service	Intel oneAPI Base and HPC Premium Support Maximum 63 Nodes up to 25 Developers 1-year LTU	0	46916.00		NA		No	10/02/2023	06/25/2025	BASELINE	N/A	$0.00	0.00%	2026-09-09: $46916.00
Software & Licenses	Server Management & Operating System Licenses	HPE OCA > DL380 Gen12 > Software & Licenses > Server Management & Operating System Licenses	Service & Support	Unlimited	0	Unlimited	Selection constraint for Server Management & Operating System Licenses: no max	S2M23A	Service	Intel oneAPI Base and HPC Premium Support Maximum 63 Nodes up to 50 Developers 1-year LTU	0	70366.00		NA		No	10/02/2023	06/25/2025	BASELINE	N/A	$0.00	0.00%	2026-09-09: $70366.00
Software & Licenses	Server Management & Operating System Licenses	HPE OCA > DL380 Gen12 > Software & Licenses > Server Management & Operating System Licenses	Service & Support	Unlimited	0	Unlimited	Selection constraint for Server Management & Operating System Licenses: no max	S2M25A	Service	Intel oneAPI Base and HPC Premium Support Maximum 63 Nodes up to 10 Developers 3-year LTU	0	39921.00		NA		No	10/02/2023	06/26/2025	BASELINE	N/A	$0.00	0.00%	2026-09-09: $39921.00
Software & Licenses	Server Management & Operating System Licenses	HPE OCA > DL380 Gen12 > Software & Licenses > Server Management & Operating System Licenses	Service & Support	Unlimited	0	Unlimited	Selection constraint for Server Management & Operating System Licenses: no max	S2M27A	Service	Intel oneAPI Base and HPC Premium Support Maximum 63 Nodes up to 25 Developers 3-year LTU	0	79746.00		NA		No	10/02/2023	06/26/2025	BASELINE	N/A	$0.00	0.00%	2026-09-09: $79746.00
Software & Licenses	Server Management & Operating System Licenses	HPE OCA > DL380 Gen12 > Software & Licenses > Server Management & Operating System Licenses	Service & Support	Unlimited	0	Unlimited	Selection constraint for Server Management & Operating System Licenses: no max	S2M29A	Service	Intel oneAPI Base and HPC Premium Support Maximum 63 Nodes up to 50 Developers 3-year LTU	0	119571.00		NA		No	10/02/2023	06/25/2025	BASELINE	N/A	$0.00	0.00%	2026-09-09: $119571.00
Software & Licenses	Server Management & Operating System Licenses	HPE OCA > DL380 Gen12 > Software & Licenses > Server Management & Operating System Licenses	Service & Support	Unlimited	0	Unlimited	Selection constraint for Server Management & Operating System Licenses: no max	S2M31A	Service	Intel oneAPI Base and HPC Support Max 63 Nodes up to 10 Developers 1yr Renewal Pre-expiration LTU	0	14884.00		NA		No	10/02/2023	06/26/2025	BASELINE	N/A	$0.00	0.00%	2026-09-09: $14884.00
Software & Licenses	Server Management & Operating System Licenses	HPE OCA > DL380 Gen12 > Software & Licenses > Server Management & Operating System Licenses	Service & Support	Unlimited	0	Unlimited	Selection constraint for Server Management & Operating System Licenses: no max	S2M32A	Service	Intel oneAPI Base and HPC Support Max 63 Nodes up to 10 Developers 1yr Renewal Post-expiration LTU	0	29615.00		NA		No	10/02/2023	06/26/2025	BASELINE	N/A	$0.00	0.00%	2026-09-09: $29615.00
Software & Licenses	Server Management & Operating System Licenses	HPE OCA > DL380 Gen12 > Software & Licenses > Server Management & Operating System Licenses	Service & Support	Unlimited	0	Unlimited	Selection constraint for Server Management & Operating System Licenses: no max	S2M33A	Service	Intel oneAPI Base and HPC Support Max 63 Nodes up to 25 Developers 1yr Renewal Pre-expiration LTU	0	29615.00		NA		No	10/02/2023	06/26/2025	BASELINE	N/A	$0.00	0.00%	2026-09-09: $29615.00
Software & Licenses	Server Management & Operating System Licenses	HPE OCA > DL380 Gen12 > Software & Licenses > Server Management & Operating System Licenses	Service & Support	Unlimited	0	Unlimited	Selection constraint for Server Management & Operating System Licenses: no max	S2M34A	Service	Intel oneAPI Base and HPC Support Max 63 Nodes up to 25 Developers 1yr Renewal Post-expiration LTU	0	59072.00		NA		No	10/02/2023	06/25/2025	BASELINE	N/A	$0.00	0.00%	2026-09-09: $59072.00
Software & Licenses	Server Management & Operating System Licenses	HPE OCA > DL380 Gen12 > Software & Licenses > Server Management & Operating System Licenses	Service & Support	Unlimited	0	Unlimited	Selection constraint for Server Management & Operating System Licenses: no max	S2M35A	Service	Intel oneAPI Base and HPC Support Max 63 Nodes up to 50 Developers 1yr Renewal Pre-expiration LTU	0	44343.00		NA		No	10/02/2023	06/25/2025	BASELINE	N/A	$0.00	0.00%	2026-09-09: $44343.00
Software & Licenses	Server Management & Operating System Licenses	HPE OCA > DL380 Gen12 > Software & Licenses > Server Management & Operating System Licenses	Service & Support	Unlimited	0	Unlimited	Selection constraint for Server Management & Operating System Licenses: no max	S2M36A	Service	Intel oneAPI Base and HPC Support Max 63 Nodes up to 50 Developers 1yr Renewal Post-expiration LTU	0	88674.00		NA		No	10/02/2023	06/25/2025	BASELINE	N/A	$0.00	0.00%	2026-09-09: $88674.00
Software & Licenses	Server Management & Operating System Licenses	HPE OCA > DL380 Gen12 > Software & Licenses > Server Management & Operating System Licenses	Service & Support	Unlimited	0	Unlimited	Selection constraint for Server Management & Operating System Licenses: no max	S2M37A	Service	Intel oneAPI Base and HPC Premium Support 64-256 Nodes 1-year LTU	0	119609.00		NA		No	10/02/2023	06/25/2025	BASELINE	N/A	$0.00	0.00%	2026-09-09: $119609.00
Software & Licenses	Server Management & Operating System Licenses	HPE OCA > DL380 Gen12 > Software & Licenses > Server Management & Operating System Licenses	Service & Support	Unlimited	0	Unlimited	Selection constraint for Server Management & Operating System Licenses: no max	S2M39A	Service	Intel oneAPI Base and HPC Premium Support 64-256 Nodes 3-year LTU	0	203256.00		NA		No	10/02/2023	06/25/2025	BASELINE	N/A	$0.00	0.00%	2026-09-09: $203256.00
Software & Licenses	Server Management & Operating System Licenses	HPE OCA > DL380 Gen12 > Software & Licenses > Server Management & Operating System Licenses	Service & Support	Unlimited	0	Unlimited	Selection constraint for Server Management & Operating System Licenses: no max	S2M41A	Service	Intel oneAPI Base and HPC Premium Support 64-256 Nodes 4-year LTU	0	243905.00		NA		No	10/02/2023	06/25/2025	BASELINE	N/A	$0.00	0.00%	2026-09-09: $243905.00
Software & Licenses	Server Management & Operating System Licenses	HPE OCA > DL380 Gen12 > Software & Licenses > Server Management & Operating System Licenses	Service & Support	Unlimited	0	Unlimited	Selection constraint for Server Management & Operating System Licenses: no max	S2M43A	Service	Intel oneAPI Base and HPC Premium Support 64-256 Nodes 5-year LTU	0	264229.00		NA		No	10/02/2023	06/25/2025	BASELINE	N/A	$0.00	0.00%	2026-09-09: $264229.00
Software & Licenses	Server Management & Operating System Licenses	HPE OCA > DL380 Gen12 > Software & Licenses > Server Management & Operating System Licenses	Service & Support	Unlimited	0	Unlimited	Selection constraint for Server Management & Operating System Licenses: no max	S2M45A	Service	Intel oneAPI Base and HPC Premium Support 257-512 Nodes 1-year LTU	0	158299.00		NA		No	10/02/2023	06/26/2025	BASELINE	N/A	$0.00	0.00%	2026-09-09: $158299.00
Software & Licenses	Server Management & Operating System Licenses	HPE OCA > DL380 Gen12 > Software & Licenses > Server Management & Operating System Licenses	Service & Support	Unlimited	0	Unlimited	Selection constraint for Server Management & Operating System Licenses: no max	S2M47A	Service	Intel oneAPI Base and HPC Premium Support 257-512 Nodes 3-year LTU	0	269011.00		NA		No	10/02/2023	06/25/2025	BASELINE	N/A	$0.00	0.00%	2026-09-09: $269011.00
Software & Licenses	Server Management & Operating System Licenses	HPE OCA > DL380 Gen12 > Software & Licenses > Server Management & Operating System Licenses	Service & Support	Unlimited	0	Unlimited	Selection constraint for Server Management & Operating System Licenses: no max	S2M49A	Service	Intel oneAPI Base and HPC Premium Support 257-512 Nodes 4-year LTU	0	322811.00		NA		No	10/02/2023	06/25/2025	BASELINE	N/A	$0.00	0.00%	2026-09-09: $322811.00
Software & Licenses	Server Management & Operating System Licenses	HPE OCA > DL380 Gen12 > Software & Licenses > Server Management & Operating System Licenses	Service & Support	Unlimited	0	Unlimited	Selection constraint for Server Management & Operating System Licenses: no max	S2M51A	Service	Intel oneAPI Base and HPC Premium Support 257-512 Nodes 5-year LTU	0	349711.00		NA		No	10/02/2023	06/25/2025	BASELINE	N/A	$0.00	0.00%	2026-09-09: $349711.00
Software & Licenses	Server Management & Operating System Licenses	HPE OCA > DL380 Gen12 > Software & Licenses > Server Management & Operating System Licenses	Service & Support	Unlimited	0	Unlimited	Selection constraint for Server Management & Operating System Licenses: no max	S2M53A	Service	Intel oneAPI Base and HPC Premium Support 512+ Nodes 1-year LTU	0	246235.00		NA		No	10/02/2023	06/26/2025	BASELINE	N/A	$0.00	0.00%	2026-09-09: $246235.00
Software & Licenses	Server Management & Operating System Licenses	HPE OCA > DL380 Gen12 > Software & Licenses > Server Management & Operating System Licenses	Service & Support	Unlimited	0	Unlimited	Selection constraint for Server Management & Operating System Licenses: no max	S2M55A	Service	Intel oneAPI Base and HPC Premium Support 512+ Nodes 3-year LTU	0	418455.00		NA		No	10/02/2023	06/25/2025	BASELINE	N/A	$0.00	0.00%	2026-09-09: $418455.00
Software & Licenses	Server Management & Operating System Licenses	HPE OCA > DL380 Gen12 > Software & Licenses > Server Management & Operating System Licenses	Service & Support	Unlimited	0	Unlimited	Selection constraint for Server Management & Operating System Licenses: no max	S2M57A	Service	Intel oneAPI Base and HPC Premium Support 512+ Nodes 4-year LTU	0	502140.00		NA		No	10/02/2023	06/25/2025	BASELINE	N/A	$0.00	0.00%	2026-09-09: $502140.00
Software & Licenses	Server Management & Operating System Licenses	HPE OCA > DL380 Gen12 > Software & Licenses > Server Management & Operating System Licenses	Service & Support	Unlimited	0	Unlimited	Selection constraint for Server Management & Operating System Licenses: no max	S2M59A	Service	Intel oneAPI Base and HPC Premium Support 512+ Nodes 5-year LTU	0	543984.00		NA		No	10/02/2023	06/25/2025	BASELINE	N/A	$0.00	0.00%	2026-09-09: $543984.00
Software & Licenses	Server Management & Operating System Licenses	HPE OCA > DL380 Gen12 > Software & Licenses > Server Management & Operating System Licenses	Service & Support	Unlimited	0	Unlimited	Selection constraint for Server Management & Operating System Licenses: no max	S2M61A	Service	Intel oneAPI Base and HPC Support 64-256 Nodes 1-year Renewal Pre-expiration LTU	0	79803.00		NA		No	10/02/2023	06/25/2025	BASELINE	N/A	$0.00	0.00%	2026-09-09: $79803.00
Software & Licenses	Server Management & Operating System Licenses	HPE OCA > DL380 Gen12 > Software & Licenses > Server Management & Operating System Licenses	Service & Support	Unlimited	0	Unlimited	Selection constraint for Server Management & Operating System Licenses: no max	S2M62A	Service	Intel oneAPI Base and HPC Support 257-512 Nodes 1-year Renewal Pre-expiration LTU	0	104184.00		NA		No	10/02/2023	06/25/2025	BASELINE	N/A	$0.00	0.00%	2026-09-09: $104184.00
Software & Licenses	Server Management & Operating System Licenses	HPE OCA > DL380 Gen12 > Software & Licenses > Server Management & Operating System Licenses	Service & Support	Unlimited	0	Unlimited	Selection constraint for Server Management & Operating System Licenses: no max	S2M63A	Service	Intel oneAPI Base and HPC Support 512+ Nodes 1-year Renewal Pre-expiration LTU	0	159593.00		NA		No	10/02/2023	06/25/2025	BASELINE	N/A	$0.00	0.00%	2026-09-09: $159593.00
Software & Licenses	Server Management & Operating System Licenses	HPE OCA > DL380 Gen12 > Software & Licenses > Server Management & Operating System Licenses	Service & Support	Unlimited	0	Unlimited	Selection constraint for Server Management & Operating System Licenses: no max	S4H91AAE	Service	Intel oneAPI Base and HPC 512+ Nodes 1-year Renewal Pre-expiration Support	0	159593.00		NA		No	07/01/2024	08/01/2027	BASELINE	N/A	$0.00	0.00%	2026-09-09: $159593.00
Software & Licenses	Server Management & Operating System Licenses	HPE OCA > DL380 Gen12 > Software & Licenses > Server Management & Operating System Licenses	Service & Support	Unlimited	0	Unlimited	Selection constraint for Server Management & Operating System Licenses: no max	S4H93AAE	Service	Intel oneAPI Base and HPC 512+ Nodes 5-year Support	0	979170.00		NA		No	07/01/2024	08/01/2027	BASELINE	N/A	$0.00	0.00%	2026-09-09: $979170.00
Software & Licenses	Server Management & Operating System Licenses	HPE OCA > DL380 Gen12 > Software & Licenses > Server Management & Operating System Licenses	Service & Support	Unlimited	0	Unlimited	Selection constraint for Server Management & Operating System Licenses: no max	S4H95AAE	Service	Intel oneAPI Base and HPC 512+ Nodes 4-year Support	0	903851.00		NA		No	07/01/2024	08/01/2027	BASELINE	N/A	$0.00	0.00%	2026-09-09: $903851.00
Software & Licenses	Server Management & Operating System Licenses	HPE OCA > DL380 Gen12 > Software & Licenses > Server Management & Operating System Licenses	Service & Support	Unlimited	0	Unlimited	Selection constraint for Server Management & Operating System Licenses: no max	S4H97AAE	Service	Intel oneAPI Base and HPC 512+ Nodes 3-year Support	0	753218.00		NA		No	07/01/2024	08/01/2027	BASELINE	N/A	$0.00	0.00%	2026-09-09: $753218.00
Software & Licenses	Server Management & Operating System Licenses	HPE OCA > DL380 Gen12 > Software & Licenses > Server Management & Operating System Licenses	Service & Support	Unlimited	0	Unlimited	Selection constraint for Server Management & Operating System Licenses: no max	S4H99AAE	Service	Intel oneAPI Base and HPC 512+ Nodes 1-year Support	0	443222.00		NA		No	07/01/2024	08/01/2027	BASELINE	N/A	$0.00	0.00%	2026-09-09: $443222.00
Software & Licenses	Server Management & Operating System Licenses	HPE OCA > DL380 Gen12 > Software & Licenses > Server Management & Operating System Licenses	Service & Support	Unlimited	0	Unlimited	Selection constraint for Server Management & Operating System Licenses: no max	S4J00AAE	Service	Intel oneAPI Base and HPC 257-512 Nodes 1-year Renewal Pre-expiration Support	0	104184.00		NA		No	07/01/2024	08/01/2027	BASELINE	N/A	$0.00	0.00%	2026-09-09: $104184.00
Software & Licenses	Server Management & Operating System Licenses	HPE OCA > DL380 Gen12 > Software & Licenses > Server Management & Operating System Licenses	Service & Support	Unlimited	0	Unlimited	Selection constraint for Server Management & Operating System Licenses: no max	S4J02AAE	Service	Intel oneAPI Base and HPC 257-512 Nodes 5-year Support	0	629479.00		NA		No	07/01/2024	08/01/2027	BASELINE	N/A	$0.00	0.00%	2026-09-09: $629479.00
Software & Licenses	Server Management & Operating System Licenses	HPE OCA > DL380 Gen12 > Software & Licenses > Server Management & Operating System Licenses	Service & Support	Unlimited	0	Unlimited	Selection constraint for Server Management & Operating System Licenses: no max	S4J04AAE	Service	Intel oneAPI Base and HPC 257-512 Nodes 4-year Support	0	581059.00		NA		No	07/01/2024	08/01/2027	BASELINE	N/A	$0.00	0.00%	2026-09-09: $581059.00
Software & Licenses	Server Management & Operating System Licenses	HPE OCA > DL380 Gen12 > Software & Licenses > Server Management & Operating System Licenses	Service & Support	Unlimited	0	Unlimited	Selection constraint for Server Management & Operating System Licenses: no max	S4J06AAE	Service	Intel oneAPI Base and HPC 257-512 Nodes 3-year Support	0	484219.00		NA		No	07/01/2024	08/01/2027	BASELINE	N/A	$0.00	0.00%	2026-09-09: $484219.00
Software & Licenses	Server Management & Operating System Licenses	HPE OCA > DL380 Gen12 > Software & Licenses > Server Management & Operating System Licenses	Service & Support	Unlimited	0	Unlimited	Selection constraint for Server Management & Operating System Licenses: no max	S4J08AAE	Service	Intel oneAPI Base and HPC 257-512 Nodes 1-year Support	0	284937.00		NA		No	07/01/2024	08/01/2027	BASELINE	N/A	$0.00	0.00%	2026-09-09: $284937.00
Software & Licenses	Server Management & Operating System Licenses	HPE OCA > DL380 Gen12 > Software & Licenses > Server Management & Operating System Licenses	Service & Support	Unlimited	0	Unlimited	Selection constraint for Server Management & Operating System Licenses: no max	S4J09AAE	Service	Intel oneAPI Base and HPC 64-256 Nodes 1-year Renewal Pre-expiration Support	0	79803.00		NA		No	07/01/2024	08/01/2027	BASELINE	N/A	$0.00	0.00%	2026-09-09: $79803.00
Software & Licenses	Server Management & Operating System Licenses	HPE OCA > DL380 Gen12 > Software & Licenses > Server Management & Operating System Licenses	Service & Support	Unlimited	0	Unlimited	Selection constraint for Server Management & Operating System Licenses: no max	S4J11AAE	Service	Intel oneAPI Base and HPC 64-256 Nodes 5-year Support	0	475611.00		NA		No	07/01/2024	08/01/2027	BASELINE	N/A	$0.00	0.00%	2026-09-09: $475611.00
Software & Licenses	Server Management & Operating System Licenses	HPE OCA > DL380 Gen12 > Software & Licenses > Server Management & Operating System Licenses	Service & Support	Unlimited	0	Unlimited	Selection constraint for Server Management & Operating System Licenses: no max	S4J13AAE	Service	Intel oneAPI Base and HPC 64-256 Nodes 4-year Support	0	439028.00		NA		No	07/01/2024	08/01/2027	BASELINE	N/A	$0.00	0.00%	2026-09-09: $439028.00
Software & Licenses	Server Management & Operating System Licenses	HPE OCA > DL380 Gen12 > Software & Licenses > Server Management & Operating System Licenses	Service & Support	Unlimited	0	Unlimited	Selection constraint for Server Management & Operating System Licenses: no max	S4J15AAE	Service	Intel oneAPI Base and HPC 64-256 Nodes 3-year Support	0	365860.00		NA		No	07/01/2024	08/01/2027	BASELINE	N/A	$0.00	0.00%	2026-09-09: $365860.00
Software & Licenses	Server Management & Operating System Licenses	HPE OCA > DL380 Gen12 > Software & Licenses > Server Management & Operating System Licenses	Service & Support	Unlimited	0	Unlimited	Selection constraint for Server Management & Operating System Licenses: no max	S4J17AAE	Service	Intel oneAPI Base and HPC 64-256 Nodes 1-year Support	0	215295.00		NA		No	07/01/2024	08/01/2027	BASELINE	N/A	$0.00	0.00%	2026-09-09: $215295.00
Software & Licenses	Server Management & Operating System Licenses	HPE OCA > DL380 Gen12 > Software & Licenses > Server Management & Operating System Licenses	Service & Support	Unlimited	0	Unlimited	Selection constraint for Server Management & Operating System Licenses: no max	S4J18AAE	Service	Intel oneAPI Base and HPC Max 63 Nodes up to 10 Concurrent Users 1yr Renewal Post-expiration Support	0	88674.00		NA		No	07/01/2024	08/01/2027	BASELINE	N/A	$0.00	0.00%	2026-09-09: $88674.00
Software & Licenses	Server Management & Operating System Licenses	HPE OCA > DL380 Gen12 > Software & Licenses > Server Management & Operating System Licenses	Service & Support	Unlimited	0	Unlimited	Selection constraint for Server Management & Operating System Licenses: no max	S4J19AAE	Service	Intel oneAPI Base and HPC Max 63 Nodes up to 10 Concurrent Users 1yr Renewal Pre-expiration Support	0	44343.00		NA		No	07/01/2024	08/01/2027	BASELINE	N/A	$0.00	0.00%	2026-09-09: $44343.00
Software & Licenses	Server Management & Operating System Licenses	HPE OCA > DL380 Gen12 > Software & Licenses > Server Management & Operating System Licenses	Service & Support	Unlimited	0	Unlimited	Selection constraint for Server Management & Operating System Licenses: no max	S4J20AAE	Service	Intel oneAPI Base and HPC Max 63 Nodes up to 5 Concurrent Users 1yr Renewal Post-expiration Support	0	59072.00		NA		No	07/01/2024	08/01/2027	BASELINE	N/A	$0.00	0.00%	2026-09-09: $59072.00
Software & Licenses	Server Management & Operating System Licenses	HPE OCA > DL380 Gen12 > Software & Licenses > Server Management & Operating System Licenses	Service & Support	Unlimited	0	Unlimited	Selection constraint for Server Management & Operating System Licenses: no max	S4J21AAE	Service	Intel oneAPI Base and HPC Max 63 Nodes up to 5 Concurrent Users 1yr Renewal Pre-expiration Support	0	29615.00		NA		No	07/01/2024	08/01/2027	BASELINE	N/A	$0.00	0.00%	2026-09-09: $29615.00
Software & Licenses	Server Management & Operating System Licenses	HPE OCA > DL380 Gen12 > Software & Licenses > Server Management & Operating System Licenses	Service & Support	Unlimited	0	Unlimited	Selection constraint for Server Management & Operating System Licenses: no max	S4J22AAE	Service	Intel oneAPI Base and HPC Max 63 Nodes up to 2 Concurrent Users 1yr Renewal Post-expiration Support	0	29615.00		NA		No	07/01/2024	08/01/2027	BASELINE	N/A	$0.00	0.00%	2026-09-09: $29615.00
Software & Licenses	Server Management & Operating System Licenses	HPE OCA > DL380 Gen12 > Software & Licenses > Server Management & Operating System Licenses	Service & Support	Unlimited	0	Unlimited	Selection constraint for Server Management & Operating System Licenses: no max	S4J23AAE	Service	Intel oneAPI Base and HPC Max 63 Nodes up to 2 Concurrent Users 1yr Renewal Pre-expiration Support	0	14884.00		NA		No	07/01/2024	08/01/2027	BASELINE	N/A	$0.00	0.00%	2026-09-09: $14884.00
Software & Licenses	Server Management & Operating System Licenses	HPE OCA > DL380 Gen12 > Software & Licenses > Server Management & Operating System Licenses	Service & Support	Unlimited	0	Unlimited	Selection constraint for Server Management & Operating System Licenses: no max	S4J25AAE	Service	Intel oneAPI Base and HPC Maximum 63 Nodes up to 10 Concurrent Users 3-year Support	0	215227.00		NA		No	07/01/2024	08/01/2027	BASELINE	N/A	$0.00	0.00%	2026-09-09: $215227.00
Software & Licenses	Server Management & Operating System Licenses	HPE OCA > DL380 Gen12 > Software & Licenses > Server Management & Operating System Licenses	Service & Support	Unlimited	0	Unlimited	Selection constraint for Server Management & Operating System Licenses: no max	S4J27AAE	Service	Intel oneAPI Base and HPC Maximum 63 Nodes up to 5 Concurrent Users 3-year Support	0	143542.00		NA		No	07/01/2024	08/01/2027	BASELINE	N/A	$0.00	0.00%	2026-09-09: $143542.00
Software & Licenses	Server Management & Operating System Licenses	HPE OCA > DL380 Gen12 > Software & Licenses > Server Management & Operating System Licenses	Service & Support	Unlimited	0	Unlimited	Selection constraint for Server Management & Operating System Licenses: no max	S4J29AAE	Service	Intel oneAPI Base and HPC Maximum 63 Nodes up to 2 Concurrent Users 3-year Support	0	71857.00		NA		No	07/01/2024	08/01/2027	BASELINE	N/A	$0.00	0.00%	2026-09-09: $71857.00
Software & Licenses	Server Management & Operating System Licenses	HPE OCA > DL380 Gen12 > Software & Licenses > Server Management & Operating System Licenses	Service & Support	Unlimited	0	Unlimited	Selection constraint for Server Management & Operating System Licenses: no max	S4J31AAE	Service	Intel oneAPI Base and HPC Maximum 63 Nodes up to 10 Concurrent Users 1-year Support	0	126658.00		NA		No	07/01/2024	08/01/2027	BASELINE	N/A	$0.00	0.00%	2026-09-09: $126658.00
Software & Licenses	Server Management & Operating System Licenses	HPE OCA > DL380 Gen12 > Software & Licenses > Server Management & Operating System Licenses	Service & Support	Unlimited	0	Unlimited	Selection constraint for Server Management & Operating System Licenses: no max	S4J33AAE	Service	Intel oneAPI Base and HPC Maximum 63 Nodes up to 5 Concurrent Users 1-year Support	0	84448.00		NA		No	07/01/2024	08/01/2027	BASELINE	N/A	$0.00	0.00%	2026-09-09: $84448.00
Software & Licenses	Server Management & Operating System Licenses	HPE OCA > DL380 Gen12 > Software & Licenses > Server Management & Operating System Licenses	Service & Support	Unlimited	0	Unlimited	Selection constraint for Server Management & Operating System Licenses: no max	S4J35AAE	Service	Intel oneAPI Base and HPC Maximum 63 Nodes up to 2 Concurrent Users 1-year Support	0	42238.00		NA		No	07/01/2024	08/01/2027	BASELINE	N/A	$0.00	0.00%	2026-09-09: $42238.00
Software & Licenses	Server Management & Operating System Licenses	HPE OCA > DL380 Gen12 > Software & Licenses > Server Management & Operating System Licenses	Service & Support	Unlimited	0	Unlimited	Selection constraint for Server Management & Operating System Licenses: no max	R1T30AAE	Service	HPE Serviceguard for Linux x86 Base 1yr Subscription 24x7 Support PSL E-LTU	0	1074.00		NA		No	03/04/2019	09/30/2028	BASELINE	N/A	$0.00	0.00%	2026-09-09: $1074.00
Software & Licenses	Server Management & Operating System Licenses	HPE OCA > DL380 Gen12 > Software & Licenses > Server Management & Operating System Licenses	Service & Support	Unlimited	0	Unlimited	Selection constraint for Server Management & Operating System Licenses: no max	R1T31AAE	Service	HPE Serviceguard for Linux x86 Advanced 1yr Subscription 24x7 Support PSL E-LTU	0	1511.00		NA		No	03/04/2019	09/30/2028	BASELINE	N/A	$0.00	0.00%	2026-09-09: $1511.00
Software & Licenses	Server Management & Operating System Licenses	HPE OCA > DL380 Gen12 > Software & Licenses > Server Management & Operating System Licenses	Service & Support	Unlimited	0	Unlimited	Selection constraint for Server Management & Operating System Licenses: no max	R1T32AAE	Service	HPE Serviceguard for Linux x86 Enterprise 1yr Subscription 24x7 Support PSL E-LTU	0	1984.00		NA		No	03/04/2019	09/30/2028	BASELINE	N/A	$0.00	0.00%	2026-09-09: $1984.00
Software & Licenses	Server Management & Operating System Licenses	HPE OCA > DL380 Gen12 > Software & Licenses > Server Management & Operating System Licenses	Service & Support	Unlimited	0	Unlimited	Selection constraint for Server Management & Operating System Licenses: no max	R1T36AAE	Service	HPE Serviceguard for Linux x86 Enterprise for SAP HANA 1yr Subscription 24x7 Support PSL E-LTU	0	1984.00		NA		No	03/04/2019	09/30/2028	BASELINE	N/A	$0.00	0.00%	2026-09-09: $1984.00
Software & Licenses	Server Management & Operating System Licenses	HPE OCA > DL380 Gen12 > Software & Licenses > Server Management & Operating System Licenses	Service & Support	Unlimited	0	Unlimited	Selection constraint for Server Management & Operating System Licenses: no max	R7P98AAE	Service	HPE Serviceguard for Linux x86 Premium for SAP HANA 1-year Subscription 24x7 Support PSL E-LTU	0	2630.00		NA		No	04/06/2021	09/30/2028	BASELINE	N/A	$0.00	0.00%	2026-09-09: $2630.00
Software & Licenses	Server Management & Operating System Licenses	HPE OCA > DL380 Gen12 > Software & Licenses > Server Management & Operating System Licenses	Service & Support	Unlimited	0	Unlimited	Selection constraint for Server Management & Operating System Licenses: no max	R8V45AAE	Service	HPE Serviceguard for Linux x86 Flex Storage Add-On 1yr Subscription 24x7 Support per Instance E-LTU	0	4725.00		NA		No	10/04/2021	09/30/2028	BASELINE	N/A	$0.00	0.00%	2026-09-09: $4725.00
Software & Licenses	Server Management & Operating System Licenses	HPE OCA > DL380 Gen12 > Software & Licenses > Server Management & Operating System Licenses	Service & Support	Unlimited	0	Unlimited	Selection constraint for Server Management & Operating System Licenses: no max	R8V48A	Service	HPE Serviceguard for Linux x86 Flex Storage Add-On Media	0	50.00		NA		No	10/04/2021	04/01/2025	BASELINE	N/A	$0.00	0.00%	2026-09-09: $50.00
Software & Licenses	Server Management & Operating System Licenses	HPE OCA > DL380 Gen12 > Software & Licenses > Server Management & Operating System Licenses	Service & Support	Unlimited	0	Unlimited	Selection constraint for Server Management & Operating System Licenses: no max	S0W12AAE	Service	HPE Serviceguard for Linux v15 High Availability E5 2 Cores or 4 vCPUs 1yr Subscription 24x7 E-LTU	0	69.00		NA		No	01/10/2023	09/30/2028	BASELINE	N/A	$0.00	0.00%	2026-09-09: $69.00
Software & Licenses	Server Management & Operating System Licenses	HPE OCA > DL380 Gen12 > Software & Licenses > Server Management & Operating System Licenses	Service & Support	Unlimited	0	Unlimited	Selection constraint for Server Management & Operating System Licenses: no max	S0W14AAE	Service	HPE Serviceguard for Linux v15 High Availability E5 2 Cores or 4 vCPUs 5yr Subscription 24x7 E-LTU	0	276.00		NA		No	01/10/2023	12/27/2027	BASELINE	N/A	$0.00	0.00%	2026-09-09: $276.00
Software & Licenses	Server Management & Operating System Licenses	HPE OCA > DL380 Gen12 > Software & Licenses > Server Management & Operating System Licenses	Service & Support	Unlimited	0	Unlimited	Selection constraint for Server Management & Operating System Licenses: no max	S0W15AAE	Service	HPE Serviceguard for Linux v15 HA and Disaster Recovery E7 2 Cores or 4 vCPUs 1y Sub 24x7 E-LTU	0	124.00		NA		No	01/10/2023	09/30/2028	BASELINE	N/A	$0.00	0.00%	2026-09-09: $124.00
Software & Licenses	Server Management & Operating System Licenses	HPE OCA > DL380 Gen12 > Software & Licenses > Server Management & Operating System Licenses	Service & Support	Unlimited	0	Unlimited	Selection constraint for Server Management & Operating System Licenses: no max	S0W17AAE	Service	HPE Serviceguard for Linux v15 HA and Disaster Recovery E7 2 Cores or 4 vCPUs 5y Sub 24x7 E-LTU	0	496.00		NA		No	01/10/2023	12/27/2027	BASELINE	N/A	$0.00	0.00%	2026-09-09: $496.00
Software & Licenses	Server Management & Operating System Licenses	HPE OCA > DL380 Gen12 > Software & Licenses > Server Management & Operating System Licenses	Service & Support	Unlimited	0	Unlimited	Selection constraint for Server Management & Operating System Licenses: no max	S0W18AAE	Service	HPE Serviceguard for Linux v15 SAP Add-on 2 Cores or 4 vCPUs 1-year Subscription 24x7 E-LTU	0	42.00		NA		No	01/10/2023	09/30/2028	BASELINE	N/A	$0.00	0.00%	2026-09-09: $42.00
Software & Licenses	Server Management & Operating System Licenses	HPE OCA > DL380 Gen12 > Software & Licenses > Server Management & Operating System Licenses	Service & Support	Unlimited	0	Unlimited	Selection constraint for Server Management & Operating System Licenses: no max	S0W20AAE	Service	HPE Serviceguard for Linux v15 SAP Add-on 2 Cores or 4 vCPUs 5-year Subscription 24x7 E-LTU	0	168.00		NA		No	01/10/2023	12/27/2027	BASELINE	N/A	$0.00	0.00%	2026-09-09: $168.00
Software & Licenses	Server Management & Operating System Licenses	HPE OCA > DL380 Gen12 > Software & Licenses > Server Management & Operating System Licenses	Service & Support	Unlimited	0	Unlimited	Selection constraint for Server Management & Operating System Licenses: no max	S0W21AAE	Service	HPE Serviceguard for Linux v15 Oracle Add-on 2 Cores or 4 vCPUs 1-year Subscription 24x7 E-LTU	0	150.00		NA		No	01/10/2023	09/30/2028	BASELINE	N/A	$0.00	0.00%	2026-09-09: $150.00
Software & Licenses	Server Management & Operating System Licenses	HPE OCA > DL380 Gen12 > Software & Licenses > Server Management & Operating System Licenses	Service & Support	Unlimited	0	Unlimited	Selection constraint for Server Management & Operating System Licenses: no max	S0W23AAE	Service	HPE Serviceguard for Linux v15 Oracle Add-on 2 Cores or 4 vCPUs 5-year Subscription 24x7 E-LTU	0	600.00		NA		No	01/10/2023	12/27/2027	BASELINE	N/A	$0.00	0.00%	2026-09-09: $600.00
Software & Licenses	Server Management & Operating System Licenses	HPE OCA > DL380 Gen12 > Software & Licenses > Server Management & Operating System Licenses	Service & Support	Unlimited	0	Unlimited	Selection constraint for Server Management & Operating System Licenses: no max	S0W24AAE	Service	HPE Serviceguard for Linux v15 Microsoft SQL Server Add-on 2 Cores or 4 vCPUs 1y Sub 24x7 E-LTU	0	57.00		NA		No	01/10/2023	09/30/2028	BASELINE	N/A	$0.00	0.00%	2026-09-09: $57.00
Software & Licenses	Server Management & Operating System Licenses	HPE OCA > DL380 Gen12 > Software & Licenses > Server Management & Operating System Licenses	Service & Support	Unlimited	0	Unlimited	Selection constraint for Server Management & Operating System Licenses: no max	S0W26AAE	Service	HPE Serviceguard for Linux v15 Microsoft SQL Server Add-on 2 Cores or 4 vCPUs 5y Sub 24x7 E-LTU	0	228.00		NA		No	01/10/2023	12/27/2027	BASELINE	N/A	$0.00	0.00%	2026-09-09: $228.00
Software & Licenses	Server Management & Operating System Licenses	HPE OCA > DL380 Gen12 > Software & Licenses > Server Management & Operating System Licenses	Service & Support	Unlimited	0	Unlimited	Selection constraint for Server Management & Operating System Licenses: no max	S0W27AAE	Service	HPE Serviceguard for Linux v15 NFS Add-on 2 Cores or 4 vCPUs 1-year Subscription 24x7 E-LTU	0	25.00		NA		No	01/10/2023	09/30/2028	BASELINE	N/A	$0.00	0.00%	2026-09-09: $25.00
Software & Licenses	Server Management & Operating System Licenses	HPE OCA > DL380 Gen12 > Software & Licenses > Server Management & Operating System Licenses	Service & Support	Unlimited	0	Unlimited	Selection constraint for Server Management & Operating System Licenses: no max	S0W29AAE	Service	HPE Serviceguard for Linux v15 NFS Add-on 2 Cores or 4 vCPUs 5-year Subscription 24x7 E-LTU	0	100.00		NA		No	01/10/2023	12/27/2027	BASELINE	N/A	$0.00	0.00%	2026-09-09: $100.00
Software & Licenses	Server Management & Operating System Licenses	HPE OCA > DL380 Gen12 > Software & Licenses > Server Management & Operating System Licenses	GPU / Accelerator	Unlimited	0	Unlimited	Selection constraint for Server Management & Operating System Licenses: no max	S1D73AAE	Service	NVIDIA UFM Enterprise with Business Standard per HCA 1-year Subscription E-LTU	0	289.00		NA		No	02/06/2023	11/30/2027	BASELINE	N/A	$0.00	0.00%	2026-09-09: $289.00
Software & Licenses	Server Management & Operating System Licenses	HPE OCA > DL380 Gen12 > Software & Licenses > Server Management & Operating System Licenses	GPU / Accelerator	Unlimited	0	Unlimited	Selection constraint for Server Management & Operating System Licenses: no max	S1D74AAE	Service	NVIDIA UFM Enterprise with Business Standard per HCA 3-year Subscription E-LTU	0	824.00		NA		No	02/06/2023	11/30/2027	BASELINE	N/A	$0.00	0.00%	2026-09-09: $824.00
Software & Licenses	Server Management & Operating System Licenses	HPE OCA > DL380 Gen12 > Software & Licenses > Server Management & Operating System Licenses	GPU / Accelerator	Unlimited	0	Unlimited	Selection constraint for Server Management & Operating System Licenses: no max	S1D75AAE	Service	NVIDIA UFM Enterprise with Business Standard per HCA 5-year Subscription E-LTU	0	1287.00		NA		No	02/06/2023	11/30/2027	BASELINE	N/A	$0.00	0.00%	2026-09-09: $1287.00
Software & Licenses	Server Management & Operating System Licenses	HPE OCA > DL380 Gen12 > Software & Licenses > Server Management & Operating System Licenses	GPU / Accelerator	Unlimited	0	Unlimited	Selection constraint for Server Management & Operating System Licenses: no max	R3Q35AAE	Service	NVIDIA RTX Virtual Workstation 1 Concurrent User 1-year Subscription E-LTU	0	305.00		NA		No	06/01/2020	10/31/2027	BASELINE	N/A	$0.00	0.00%	2026-09-09: $305.00
Software & Licenses	Server Management & Operating System Licenses	HPE OCA > DL380 Gen12 > Software & Licenses > Server Management & Operating System Licenses	GPU / Accelerator	Unlimited	0	Unlimited	Selection constraint for Server Management & Operating System Licenses: no max	R3Q37AAE	Service	NVIDIA RTX Virtual Workstation 1 Concurrent User 3-year Subscription E-LTU	0	867.00		NA		No	06/01/2020	10/31/2027	BASELINE	N/A	$0.00	0.00%	2026-09-09: $867.00
Software & Licenses	Server Management & Operating System Licenses	HPE OCA > DL380 Gen12 > Software & Licenses > Server Management & Operating System Licenses	GPU / Accelerator	Unlimited	0	Unlimited	Selection constraint for Server Management & Operating System Licenses: no max	R3Q38AAE	Service	NVIDIA RTX Virtual Workstation 1 Concurrent User 4-year Subscription E-LTU	0	1149.00		NA		No	06/01/2020	10/31/2027	BASELINE	N/A	$0.00	0.00%	2026-09-09: $1149.00
Software & Licenses	Server Management & Operating System Licenses	HPE OCA > DL380 Gen12 > Software & Licenses > Server Management & Operating System Licenses	GPU / Accelerator	Unlimited	0	Unlimited	Selection constraint for Server Management & Operating System Licenses: no max	R3Q39AAE	Service	NVIDIA RTX Virtual Workstation 1 Concurrent User 5-year Subscription E-LTU	0	1429.00		NA		No	06/01/2020	10/31/2027	BASELINE	N/A	$0.00	0.00%	2026-09-09: $1429.00
Software & Licenses	Server Management & Operating System Licenses	HPE OCA > DL380 Gen12 > Software & Licenses > Server Management & Operating System Licenses	GPU / Accelerator	Unlimited	0	Unlimited	Selection constraint for Server Management & Operating System Licenses: no max	R3Q40AAE	Service	NVIDIA RTX Virtual Workstation 1 Concurrent User Education 1-year Subscription Renewal E-LTU	0	96.00		NA		No	06/01/2020	10/31/2027	BASELINE	N/A	$0.00	0.00%	2026-09-09: $96.00
Software & Licenses	Server Management & Operating System Licenses	HPE OCA > DL380 Gen12 > Software & Licenses > Server Management & Operating System Licenses	GPU / Accelerator	Unlimited	0	Unlimited	Selection constraint for Server Management & Operating System Licenses: no max	R3Q42AAE	Service	NVIDIA RTX Virtual Workstation 1 Concurrent User Education 3-year Subscription Renewal E-LTU	0	241.00		NA		No	06/01/2020	10/31/2027	BASELINE	N/A	$0.00	0.00%	2026-09-09: $241.00
Software & Licenses	Server Management & Operating System Licenses	HPE OCA > DL380 Gen12 > Software & Licenses > Server Management & Operating System Licenses	GPU / Accelerator	Unlimited	0	Unlimited	Selection constraint for Server Management & Operating System Licenses: no max	R3Q44AAE	Service	NVIDIA Virtual Applications 1 Concurrent User 1-year Subscription E-LTU	0	37.00		NA		No	06/01/2020	10/31/2027	BASELINE	N/A	$0.00	0.00%	2026-09-09: $37.00
Software & Licenses	Server Management & Operating System Licenses	HPE OCA > DL380 Gen12 > Software & Licenses > Server Management & Operating System Licenses	GPU / Accelerator	Unlimited	0	Unlimited	Selection constraint for Server Management & Operating System Licenses: no max	R3Q46AAE	Service	NVIDIA Virtual Applications 1 Concurrent User 3-year Subscription E-LTU	0	63.00		NA		No	06/01/2020	10/31/2027	BASELINE	N/A	$0.00	0.00%	2026-09-09: $63.00
Software & Licenses	Server Management & Operating System Licenses	HPE OCA > DL380 Gen12 > Software & Licenses > Server Management & Operating System Licenses	GPU / Accelerator	Unlimited	0	Unlimited	Selection constraint for Server Management & Operating System Licenses: no max	R3Q47AAE	Service	NVIDIA Virtual Applications 1 Concurrent User 4-year Subscription E-LTU	0	75.00		NA		No	06/01/2020	10/31/2027	BASELINE	N/A	$0.00	0.00%	2026-09-09: $75.00
Software & Licenses	Server Management & Operating System Licenses	HPE OCA > DL380 Gen12 > Software & Licenses > Server Management & Operating System Licenses	GPU / Accelerator	Unlimited	0	Unlimited	Selection constraint for Server Management & Operating System Licenses: no max	R3Q48AAE	Service	NVIDIA Virtual Applications 1 Concurrent User 5-year Subscription E-LTU	0	89.00		NA		No	06/01/2020	10/31/2027	BASELINE	N/A	$0.00	0.00%	2026-09-09: $89.00
Software & Licenses	Server Management & Operating System Licenses	HPE OCA > DL380 Gen12 > Software & Licenses > Server Management & Operating System Licenses	GPU / Accelerator	Unlimited	0	Unlimited	Selection constraint for Server Management & Operating System Licenses: no max	R3Q49AAE	Service	NVIDIA Virtual PC 1 Concurrent User 1-year Subscription E-LTU	0	89.00		NA		No	06/01/2020	10/31/2027	BASELINE	N/A	$0.00	0.00%	2026-09-09: $89.00
Software & Licenses	Server Management & Operating System Licenses	HPE OCA > DL380 Gen12 > Software & Licenses > Server Management & Operating System Licenses	GPU / Accelerator	Unlimited	0	Unlimited	Selection constraint for Server Management & Operating System Licenses: no max	R3Q51AAE	Service	NVIDIA Virtual PC 1 Concurrent User 3-year Subscription E-LTU	0	213.00		NA		No	06/01/2020	10/31/2027	BASELINE	N/A	$0.00	0.00%	2026-09-09: $213.00
Software & Licenses	Server Management & Operating System Licenses	HPE OCA > DL380 Gen12 > Software & Licenses > Server Management & Operating System Licenses	GPU / Accelerator	Unlimited	0	Unlimited	Selection constraint for Server Management & Operating System Licenses: no max	R3Q52AAE	Service	NVIDIA Virtual PC 1 Concurrent User 4-year Subscription E-LTU	0	242.00		NA		No	06/01/2020	10/31/2027	BASELINE	N/A	$0.00	0.00%	2026-09-09: $242.00
Software & Licenses	Server Management & Operating System Licenses	HPE OCA > DL380 Gen12 > Software & Licenses > Server Management & Operating System Licenses	GPU / Accelerator	Unlimited	0	Unlimited	Selection constraint for Server Management & Operating System Licenses: no max	R3Q53AAE	Service	NVIDIA Virtual PC 1 Concurrent User 5-year Subscription E-LTU	0	274.00		NA		No	06/01/2020	10/31/2027	BASELINE	N/A	$0.00	0.00%	2026-09-09: $274.00
Software & Licenses	Server Management & Operating System Licenses	HPE OCA > DL380 Gen12 > Software & Licenses > Server Management & Operating System Licenses	GPU / Accelerator	Unlimited	0	Unlimited	Selection constraint for Server Management & Operating System Licenses: no max	R3Q63AAE	Service	NVIDIA RTX Virtual Workstation SUMS 1 Concurrent User 1-year Subscription Renewal E-LTU	0	184.00		NA		No	06/01/2020	10/31/2027	BASELINE	N/A	$0.00	0.00%	2026-09-09: $184.00
Software & Licenses	Server Management & Operating System Licenses	HPE OCA > DL380 Gen12 > Software & Licenses > Server Management & Operating System Licenses	GPU / Accelerator	Unlimited	0	Unlimited	Selection constraint for Server Management & Operating System Licenses: no max	R3Q67AAE	Service	NVIDIA RTX Virtual Workstation SUMS 1 Concurrent User 5-year Subscription E-LTU	0	647.00		NA		No	06/01/2020	10/31/2027	BASELINE	N/A	$0.00	0.00%	2026-09-09: $647.00
Software & Licenses	Server Management & Operating System Licenses	HPE OCA > DL380 Gen12 > Software & Licenses > Server Management & Operating System Licenses	GPU / Accelerator	Unlimited	0	Unlimited	Selection constraint for Server Management & Operating System Licenses: no max	R3Q68AAE	Service	NVIDIA RTX Virtual Workstation SUMS 1 Concurrent User Education 1-year Subscription Renewal E-LTU	0	64.00		NA		No	06/01/2020	10/31/2027	BASELINE	N/A	$0.00	0.00%	2026-09-09: $64.00
Software & Licenses	Server Management & Operating System Licenses	HPE OCA > DL380 Gen12 > Software & Licenses > Server Management & Operating System Licenses	GPU / Accelerator	Unlimited	0	Unlimited	Selection constraint for Server Management & Operating System Licenses: no max	R3Q72AAE	Service	NVIDIA RTX Virtual Workstation SUMS 1 Concurrent User Education 5-year Subscription E-LTU	0	180.00		NA		No	06/01/2020	10/31/2027	BASELINE	N/A	$0.00	0.00%	2026-09-09: $180.00
Software & Licenses	Server Management & Operating System Licenses	HPE OCA > DL380 Gen12 > Software & Licenses > Server Management & Operating System Licenses	GPU / Accelerator	Unlimited	0	Unlimited	Selection constraint for Server Management & Operating System Licenses: no max	R3Q73AAE	Service	NVIDIA Virtual Applications SUMS 1 Concurrent User 1-year Subscription Renewal E-LTU	0	35.00		NA		No	06/01/2020	10/31/2027	BASELINE	N/A	$0.00	0.00%	2026-09-09: $35.00
Software & Licenses	Server Management & Operating System Licenses	HPE OCA > DL380 Gen12 > Software & Licenses > Server Management & Operating System Licenses	GPU / Accelerator	Unlimited	0	Unlimited	Selection constraint for Server Management & Operating System Licenses: no max	R3Q77AAE	Service	NVIDIA Virtual Applications SUMS 1 Concurrent User 5-year Subscription E-LTU	0	61.00		NA		No	06/01/2020	10/31/2027	BASELINE	N/A	$0.00	0.00%	2026-09-09: $61.00
Software & Licenses	Server Management & Operating System Licenses	HPE OCA > DL380 Gen12 > Software & Licenses > Server Management & Operating System Licenses	GPU / Accelerator	Unlimited	0	Unlimited	Selection constraint for Server Management & Operating System Licenses: no max	R3Q79AAE	Service	NVIDIA Virtual PC 1 Concurrent User 1-year Subscription Renewal E-LTU	0	106.00		NA		No	06/01/2020	10/31/2027	BASELINE	N/A	$0.00	0.00%	2026-09-09: $106.00
Software & Licenses	Server Management & Operating System Licenses	HPE OCA > DL380 Gen12 > Software & Licenses > Server Management & Operating System Licenses	GPU / Accelerator	Unlimited	0	Unlimited	Selection constraint for Server Management & Operating System Licenses: no max	R3Q81AAE	Service	NVIDIA Virtual PC 1 Concurrent User 3-year Subscription Renewal E-LTU	0	266.00		NA		No	06/01/2020	10/31/2027	BASELINE	N/A	$0.00	0.00%	2026-09-09: $266.00
Software & Licenses	Server Management & Operating System Licenses	HPE OCA > DL380 Gen12 > Software & Licenses > Server Management & Operating System Licenses	GPU / Accelerator	Unlimited	0	Unlimited	Selection constraint for Server Management & Operating System Licenses: no max	R3Q93AAE	Service	NVIDIA RTX Virtual Workstation 1 Concurrent User Perpetual E-LTU	0	530.00		NA		No	06/01/2020	10/31/2027	BASELINE	N/A	$0.00	0.00%	2026-09-09: $530.00
Software & Licenses	Server Management & Operating System Licenses	HPE OCA > DL380 Gen12 > Software & Licenses > Server Management & Operating System Licenses	GPU / Accelerator	Unlimited	0	Unlimited	Selection constraint for Server Management & Operating System Licenses: no max	R3Q94AAE	Service	NVIDIA RTX Virtual Workstation 1 Concurrent User Education Perpetual E-LTU	0	134.00		NA		No	06/01/2020	10/31/2027	BASELINE	N/A	$0.00	0.00%	2026-09-09: $134.00
Software & Licenses	Server Management & Operating System Licenses	HPE OCA > DL380 Gen12 > Software & Licenses > Server Management & Operating System Licenses	GPU / Accelerator	Unlimited	0	Unlimited	Selection constraint for Server Management & Operating System Licenses: no max	R3Q95AAE	Service	NVIDIA RTX Virtual Workstation 1 Concurrent User 1-year Subscription Renewal E-LTU	0	385.00		NA		No	06/01/2020	10/31/2027	BASELINE	N/A	$0.00	0.00%	2026-09-09: $385.00
Software & Licenses	Server Management & Operating System Licenses	HPE OCA > DL380 Gen12 > Software & Licenses > Server Management & Operating System Licenses	GPU / Accelerator	Unlimited	0	Unlimited	Selection constraint for Server Management & Operating System Licenses: no max	R3R01AAE	Service	NVIDIA Virtual Applications 1 Concurrent User Perpetual E-LTU	0	51.00		NA		No	06/01/2020	10/31/2027	BASELINE	N/A	$0.00	0.00%	2026-09-09: $51.00
Software & Licenses	Server Management & Operating System Licenses	HPE OCA > DL380 Gen12 > Software & Licenses > Server Management & Operating System Licenses	GPU / Accelerator	Unlimited	0	Unlimited	Selection constraint for Server Management & Operating System Licenses: no max	R3R02AAE	Service	NVIDIA Virtual Applications 1 Concurrent User 1-year Subscription Renewal E-LTU	0	41.00		NA		No	06/01/2020	10/31/2027	BASELINE	N/A	$0.00	0.00%	2026-09-09: $41.00
Software & Licenses	Server Management & Operating System Licenses	HPE OCA > DL380 Gen12 > Software & Licenses > Server Management & Operating System Licenses	GPU / Accelerator	Unlimited	0	Unlimited	Selection constraint for Server Management & Operating System Licenses: no max	R3R03AAE	Service	NVIDIA Virtual Applications 1 Concurrent User 3-year Subscription Renewal E-LTU	0	73.00		NA		No	06/01/2020	10/31/2027	BASELINE	N/A	$0.00	0.00%	2026-09-09: $73.00
Software & Licenses	Server Management & Operating System Licenses	HPE OCA > DL380 Gen12 > Software & Licenses > Server Management & Operating System Licenses	GPU / Accelerator	Unlimited	0	Unlimited	Selection constraint for Server Management & Operating System Licenses: no max	R3R06AAE	Service	NVIDIA Virtual PC 1 Concurrent User Perpetual E-LTU	0	150.00		NA		No	06/01/2020	10/31/2027	BASELINE	N/A	$0.00	0.00%	2026-09-09: $150.00
Software & Licenses	Server Management & Operating System Licenses	HPE OCA > DL380 Gen12 > Software & Licenses > Server Management & Operating System Licenses	GPU / Accelerator	Unlimited	0	Unlimited	Selection constraint for Server Management & Operating System Licenses: no max	R3R07AAE	Service	NVIDIA Virtual PC SUMS 1 Concurrent User 1-year Subscription Renewal E-LTU	0	71.00		NA		No	06/01/2020	10/31/2027	BASELINE	N/A	$0.00	0.00%	2026-09-09: $71.00
Software & Licenses	Server Management & Operating System Licenses	HPE OCA > DL380 Gen12 > Software & Licenses > Server Management & Operating System Licenses	GPU / Accelerator	Unlimited	0	Unlimited	Selection constraint for Server Management & Operating System Licenses: no max	R3R12AAE	Service	NVIDIA RTX Virtual Workstation 1 Concurrent User 3-year Subscription Renewal E-LTU	0	1108.00		NA		No	06/01/2020	10/31/2027	BASELINE	N/A	$0.00	0.00%	2026-09-09: $1108.00
Software & Licenses	Server Management & Operating System Licenses	HPE OCA > DL380 Gen12 > Software & Licenses > Server Management & Operating System Licenses	GPU / Accelerator	Unlimited	0	Unlimited	Selection constraint for Server Management & Operating System Licenses: no max	R3R21AAE	Service	NVIDIA Virtual PC SUMS 1 Concurrent User 5-year Subscription E-LTU	0	199.00		NA		No	06/01/2020	10/31/2027	BASELINE	N/A	$0.00	0.00%	2026-09-09: $199.00
Software & Licenses	Server Management & Operating System Licenses	HPE OCA > DL380 Gen12 > Software & Licenses > Server Management & Operating System Licenses	GPU / Accelerator	Unlimited	0	Unlimited	Selection constraint for Server Management & Operating System Licenses: no max	R3R26AAE	Service	NVIDIA RTX Virtual Workstation 1 Concurrent User Education 1-year Subscription E-LTU	0	86.00		NA		No	06/01/2020	10/31/2027	BASELINE	N/A	$0.00	0.00%	2026-09-09: $86.00
Software & Licenses	Server Management & Operating System Licenses	HPE OCA > DL380 Gen12 > Software & Licenses > Server Management & Operating System Licenses	GPU / Accelerator	Unlimited	0	Unlimited	Selection constraint for Server Management & Operating System Licenses: no max	R3R27AAE	Service	NVIDIA RTX Virtual Workstation 1 Concurrent User Education 3-year Subscription E-LTU	0	210.00		NA		No	06/01/2020	10/31/2027	BASELINE	N/A	$0.00	0.00%	2026-09-09: $210.00
Software & Licenses	Server Management & Operating System Licenses	HPE OCA > DL380 Gen12 > Software & Licenses > Server Management & Operating System Licenses	GPU / Accelerator	Unlimited	0	Unlimited	Selection constraint for Server Management & Operating System Licenses: no max	S2S16AAE	Service	NVIDIA AI Enterprise per GPU 1-year Subscription 9x5 Support E-LTU	0	5252.00		NA		No	10/02/2023	10/31/2028	BASELINE	N/A	$0.00	0.00%	2026-09-09: $5252.00
Software & Licenses	Server Management & Operating System Licenses	HPE OCA > DL380 Gen12 > Software & Licenses > Server Management & Operating System Licenses	GPU / Accelerator	Unlimited	0	Unlimited	Selection constraint for Server Management & Operating System Licenses: no max	S2S17AAE	Service	NVIDIA AI Enterprise per GPU 3-year Subscription 9x5 Support E-LTU	0	15755.00		NA		No	10/02/2023	10/31/2028	BASELINE	N/A	$0.00	0.00%	2026-09-09: $15755.00
Software & Licenses	Server Management & Operating System Licenses	HPE OCA > DL380 Gen12 > Software & Licenses > Server Management & Operating System Licenses	GPU / Accelerator	Unlimited	0	Unlimited	Selection constraint for Server Management & Operating System Licenses: no max	S2S18AAE	Service	NVIDIA AI Enterprise per GPU 5-year Subscription 9x5 Support E-LTU	0	21006.00		NA		No	10/02/2023	10/31/2028	BASELINE	N/A	$0.00	0.00%	2026-09-09: $21006.00
Software & Licenses	Server Management & Operating System Licenses	HPE OCA > DL380 Gen12 > Software & Licenses > Server Management & Operating System Licenses	GPU / Accelerator	Unlimited	0	Unlimited	Selection constraint for Server Management & Operating System Licenses: no max	S2S19AAE	Service	NVIDIA AI Enterprise per GPU 1-year Subscription 9x5 Support Renewal E-LTU	0	5252.00		NA		No	11/06/2023	10/31/2028	BASELINE	N/A	$0.00	0.00%	2026-09-09: $5252.00
Software & Licenses	Server Management & Operating System Licenses	HPE OCA > DL380 Gen12 > Software & Licenses > Server Management & Operating System Licenses	GPU / Accelerator	Unlimited	0	Unlimited	Selection constraint for Server Management & Operating System Licenses: no max	S2S20AAE	Service	NVIDIA AI Enterprise per GPU 3-year Subscription 9x5 Support Renewal E-LTU	0	15755.00		NA		No	11/06/2023	10/31/2028	BASELINE	N/A	$0.00	0.00%	2026-09-09: $15755.00
Software & Licenses	Server Management & Operating System Licenses	HPE OCA > DL380 Gen12 > Software & Licenses > Server Management & Operating System Licenses	GPU / Accelerator	Unlimited	0	Unlimited	Selection constraint for Server Management & Operating System Licenses: no max	S2S21AAE	Service	NVIDIA AI Enterprise per GPU 5-year Subscription 9x5 Support Renewal E-LTU	0	26258.00		NA		No	11/06/2023	10/31/2028	BASELINE	N/A	$0.00	0.00%	2026-09-09: $26258.00
Software & Licenses	Server Management & Operating System Licenses	HPE OCA > DL380 Gen12 > Software & Licenses > Server Management & Operating System Licenses	GPU / Accelerator	Unlimited	0	Unlimited	Selection constraint for Server Management & Operating System Licenses: no max	S2S22AAE	Service	NVIDIA AI Enterprise Educational per GPU 1-year Subscription 9x5 Support E-LTU	0	1313.00		NA		No	10/02/2023	10/31/2028	BASELINE	N/A	$0.00	0.00%	2026-09-09: $1313.00
Software & Licenses	Server Management & Operating System Licenses	HPE OCA > DL380 Gen12 > Software & Licenses > Server Management & Operating System Licenses	GPU / Accelerator	Unlimited	0	Unlimited	Selection constraint for Server Management & Operating System Licenses: no max	S2S23AAE	Service	NVIDIA AI Enterprise Educational per GPU 3-year Subscription 9x5 Support E-LTU	0	3939.00		NA		No	10/02/2023	10/31/2028	BASELINE	N/A	$0.00	0.00%	2026-09-09: $3939.00
Software & Licenses	Server Management & Operating System Licenses	HPE OCA > DL380 Gen12 > Software & Licenses > Server Management & Operating System Licenses	GPU / Accelerator	Unlimited	0	Unlimited	Selection constraint for Server Management & Operating System Licenses: no max	S2S24AAE	Service	NVIDIA AI Enterprise Educational per GPU 5-year Subscription 9x5 Support E-LTU	0	5252.00		NA		No	10/02/2023	10/31/2028	BASELINE	N/A	$0.00	0.00%	2026-09-09: $5252.00
Software & Licenses	Server Management & Operating System Licenses	HPE OCA > DL380 Gen12 > Software & Licenses > Server Management & Operating System Licenses	GPU / Accelerator	Unlimited	0	Unlimited	Selection constraint for Server Management & Operating System Licenses: no max	S2S25AAE	Service	NVIDIA AI Enterprise Educational per GPU 1-year Subscription 9x5 Support Renewal E-LTU	0	1313.00		NA		No	11/06/2023	10/31/2028	BASELINE	N/A	$0.00	0.00%	2026-09-09: $1313.00
Software & Licenses	Server Management & Operating System Licenses	HPE OCA > DL380 Gen12 > Software & Licenses > Server Management & Operating System Licenses	GPU / Accelerator	Unlimited	0	Unlimited	Selection constraint for Server Management & Operating System Licenses: no max	S2S26AAE	Service	NVIDIA AI Enterprise Educational per GPU 3-year Subscription 9x5 Support Renewal E-LTU	0	3939.00		NA		No	11/06/2023	10/31/2028	BASELINE	N/A	$0.00	0.00%	2026-09-09: $3939.00
Software & Licenses	Server Management & Operating System Licenses	HPE OCA > DL380 Gen12 > Software & Licenses > Server Management & Operating System Licenses	GPU / Accelerator	Unlimited	0	Unlimited	Selection constraint for Server Management & Operating System Licenses: no max	S2S27AAE	Service	NVIDIA AI Enterprise Educational per GPU 5-year Subscription 9x5 Support Renewal E-LTU	0	6564.00		NA		No	11/06/2023	10/31/2028	BASELINE	N/A	$0.00	0.00%	2026-09-09: $6564.00
Software & Licenses	Server Management & Operating System Licenses	HPE OCA > DL380 Gen12 > Software & Licenses > Server Management & Operating System Licenses	GPU / Accelerator	Unlimited	0	Unlimited	Selection constraint for Server Management & Operating System Licenses: no max	S2S28AAE	Service	NVIDIA AI Enterprise per GPU 1-year 24x7 Support E-LTU	0	1284.00		NA		No	10/02/2023	10/31/2028	BASELINE	N/A	$0.00	0.00%	2026-09-09: $1284.00
Software & Licenses	Server Management & Operating System Licenses	HPE OCA > DL380 Gen12 > Software & Licenses > Server Management & Operating System Licenses	GPU / Accelerator	Unlimited	0	Unlimited	Selection constraint for Server Management & Operating System Licenses: no max	S2S29AAE	Service	NVIDIA AI Enterprise per GPU 3-year 24x7 Support E-LTU	0	3851.00		NA		No	10/02/2023	10/31/2028	BASELINE	N/A	$0.00	0.00%	2026-09-09: $3851.00
Software & Licenses	Server Management & Operating System Licenses	HPE OCA > DL380 Gen12 > Software & Licenses > Server Management & Operating System Licenses	GPU / Accelerator	Unlimited	0	Unlimited	Selection constraint for Server Management & Operating System Licenses: no max	S2S30AAE	Service	NVIDIA AI Enterprise per GPU 5-year 24x7 Support E-LTU	0	6419.00		NA		No	10/02/2023	10/31/2028	BASELINE	N/A	$0.00	0.00%	2026-09-09: $6419.00
Software & Licenses	Server Management & Operating System Licenses	HPE OCA > DL380 Gen12 > Software & Licenses > Server Management & Operating System Licenses	GPU / Accelerator	Unlimited	0	Unlimited	Selection constraint for Server Management & Operating System Licenses: no max	S2S31AAE	Service	NVIDIA AI Enterprise Educational per GPU 1-year 24x7 Support E-LTU	0	899.00		NA		No	10/02/2023	10/31/2028	BASELINE	N/A	$0.00	0.00%	2026-09-09: $899.00
Software & Licenses	Server Management & Operating System Licenses	HPE OCA > DL380 Gen12 > Software & Licenses > Server Management & Operating System Licenses	GPU / Accelerator	Unlimited	0	Unlimited	Selection constraint for Server Management & Operating System Licenses: no max	S2S32AAE	Service	NVIDIA AI Enterprise Educational per GPU 3-year 24x7 Support E-LTU	0	2696.00		NA		No	10/02/2023	10/31/2028	BASELINE	N/A	$0.00	0.00%	2026-09-09: $2696.00
Software & Licenses	Server Management & Operating System Licenses	HPE OCA > DL380 Gen12 > Software & Licenses > Server Management & Operating System Licenses	GPU / Accelerator	Unlimited	0	Unlimited	Selection constraint for Server Management & Operating System Licenses: no max	S2S33AAE	Service	NVIDIA AI Enterprise Educational per GPU 5-year 24x7 Support E-LTU	0	4494.00		NA		No	10/02/2023	10/31/2028	BASELINE	N/A	$0.00	0.00%	2026-09-09: $4494.00
Software & Licenses	Server Management & Operating System Licenses	HPE OCA > DL380 Gen12 > Software & Licenses > Server Management & Operating System Licenses	GPU / Accelerator	Unlimited	0	Unlimited	Selection constraint for Server Management & Operating System Licenses: no max	S2S34AAE	Service	NVIDIA AI Enterprise per GPU 1-year 24x7 Support Renewal E-LTU	0	1284.00		NA		No	11/06/2023	10/31/2028	BASELINE	N/A	$0.00	0.00%	2026-09-09: $1284.00
Software & Licenses	Server Management & Operating System Licenses	HPE OCA > DL380 Gen12 > Software & Licenses > Server Management & Operating System Licenses	GPU / Accelerator	Unlimited	0	Unlimited	Selection constraint for Server Management & Operating System Licenses: no max	S2S35AAE	Service	NVIDIA AI Enterprise per GPU 3-year 24x7 Support Renewal E-LTU	0	3851.00		NA		No	11/06/2023	10/31/2028	BASELINE	N/A	$0.00	0.00%	2026-09-09: $3851.00
Software & Licenses	Server Management & Operating System Licenses	HPE OCA > DL380 Gen12 > Software & Licenses > Server Management & Operating System Licenses	GPU / Accelerator	Unlimited	0	Unlimited	Selection constraint for Server Management & Operating System Licenses: no max	S2S36AAE	Service	NVIDIA AI Enterprise per GPU 5-year 24x7 Support Renewal E-LTU	0	6419.00		NA		No	11/06/2023	10/31/2028	BASELINE	N/A	$0.00	0.00%	2026-09-09: $6419.00
Software & Licenses	Server Management & Operating System Licenses	HPE OCA > DL380 Gen12 > Software & Licenses > Server Management & Operating System Licenses	GPU / Accelerator	Unlimited	0	Unlimited	Selection constraint for Server Management & Operating System Licenses: no max	S2S37AAE	Service	NVIDIA AI Enterprise Educational per GPU 1-year 24x7 Support Renewal E-LTU	0	899.00		NA		No	11/06/2023	10/31/2028	BASELINE	N/A	$0.00	0.00%	2026-09-09: $899.00
Software & Licenses	Server Management & Operating System Licenses	HPE OCA > DL380 Gen12 > Software & Licenses > Server Management & Operating System Licenses	GPU / Accelerator	Unlimited	0	Unlimited	Selection constraint for Server Management & Operating System Licenses: no max	S2S38AAE	Service	NVIDIA AI Enterprise Educational per GPU 3-year 24x7 Support Renewal E-LTU	0	2696.00		NA		No	11/06/2023	10/31/2028	BASELINE	N/A	$0.00	0.00%	2026-09-09: $2696.00
Software & Licenses	Server Management & Operating System Licenses	HPE OCA > DL380 Gen12 > Software & Licenses > Server Management & Operating System Licenses	GPU / Accelerator	Unlimited	0	Unlimited	Selection constraint for Server Management & Operating System Licenses: no max	S2S39AAE	Service	NVIDIA AI Enterprise Educational per GPU 5-year 24x7 Support Renewal E-LTU	0	4493.00		NA		No	11/06/2023	10/31/2028	BASELINE	N/A	$0.00	0.00%	2026-09-09: $4493.00
Software & Licenses	Server Management & Operating System Licenses	HPE OCA > DL380 Gen12 > Software & Licenses > Server Management & Operating System Licenses	GPU / Accelerator	Unlimited	0	Unlimited	Selection constraint for Server Management & Operating System Licenses: no max	S7K93AAE	Service	NVIDIA RTX PRO 6000 Blackwell Server Edition per GPU 3-year E-LTU	0	7884.00		NA		No	12/01/2025	04/29/2027	BASELINE	N/A	$0.00	0.00%	2026-09-09: $7884.00
Software & Licenses	Server Management & Operating System Licenses	HPE OCA > DL380 Gen12 > Software & Licenses > Server Management & Operating System Licenses	GPU / Accelerator	Unlimited	0	Unlimited	Selection constraint for Server Management & Operating System Licenses: no max	S7K94AAE	Service	NVIDIA RTX PRO 6000 Blackwell Server Edition per GPU 5-year E-LTU	0	10507.00		NA		No	12/01/2025	04/29/2027	BASELINE	N/A	$0.00	0.00%	2026-09-09: $10507.00
Software & Licenses	Server Management & Operating System Licenses	HPE OCA > DL380 Gen12 > Software & Licenses > Server Management & Operating System Licenses	Operating System / License	Unlimited	0	Unlimited	Selection constraint for Server Management & Operating System Licenses: no max	R1P40AAE	Service	Red Hat Enterprise Linux for HPC Compute Node 1yr Subscription E-LTU	0	87.00		NA		No	12/03/2018	09/30/2028	BASELINE	N/A	$0.00	0.00%	2026-09-09: $87.00
Software & Licenses	Server Management & Operating System Licenses	HPE OCA > DL380 Gen12 > Software & Licenses > Server Management & Operating System Licenses	Operating System / License	Unlimited	0	Unlimited	Selection constraint for Server Management & Operating System Licenses: no max	R1P40A	Service	Red Hat Enterprise Linux for HPC Compute Node 1yr Subscription Flexible LTU	0	87.00		NA		No	12/03/2018	09/30/2028	BASELINE	N/A	$0.00	0.00%	2026-09-09: $87.00
Software & Licenses	Server Management & Operating System Licenses	HPE OCA > DL380 Gen12 > Software & Licenses > Server Management & Operating System Licenses	Operating System / License	Unlimited	0	Unlimited	Selection constraint for Server Management & Operating System Licenses: no max	R1P41AAE	Service	Red Hat Enterprise Linux for HPC Compute Node 3yr Subscription E-LTU	0	248.00		NA		No	12/03/2018	09/30/2028	BASELINE	N/A	$0.00	0.00%	2026-09-09: $248.00
Software & Licenses	Server Management & Operating System Licenses	HPE OCA > DL380 Gen12 > Software & Licenses > Server Management & Operating System Licenses	Operating System / License	Unlimited	0	Unlimited	Selection constraint for Server Management & Operating System Licenses: no max	R1P41A	Service	Red Hat Enterprise Linux for HPC Compute Node 3yr Subscription Flexible LTU	0	248.00		NA		No	12/03/2018	09/30/2028	BASELINE	N/A	$0.00	0.00%	2026-09-09: $248.00
Software & Licenses	Server Management & Operating System Licenses	HPE OCA > DL380 Gen12 > Software & Licenses > Server Management & Operating System Licenses	Operating System / License	Unlimited	0	Unlimited	Selection constraint for Server Management & Operating System Licenses: no max	R1P42AAE	Service	Red Hat Enterprise Linux for HPC Compute Node 5yr Subscription E-LTU	0	413.00		NA		No	12/03/2018	09/30/2028	BASELINE	N/A	$0.00	0.00%	2026-09-09: $413.00
Software & Licenses	Server Management & Operating System Licenses	HPE OCA > DL380 Gen12 > Software & Licenses > Server Management & Operating System Licenses	Operating System / License	Unlimited	0	Unlimited	Selection constraint for Server Management & Operating System Licenses: no max	R1P42A	Service	Red Hat Enterprise Linux for HPC Compute Node 5yr Subscription Flexible LTU	0	413.00		NA		No	12/03/2018	09/30/2028	BASELINE	N/A	$0.00	0.00%	2026-09-09: $413.00
Software & Licenses	Server Management & Operating System Licenses	HPE OCA > DL380 Gen12 > Software & Licenses > Server Management & Operating System Licenses	Operating System / License	Unlimited	0	Unlimited	Selection constraint for Server Management & Operating System Licenses: no max	R2Z51AAE	Service	Red Hat Enterprise Linux for HPC Compute Node with Smart Management 1yr E-LTU	0	138.00		NA		No	08/05/2019	09/30/2028	BASELINE	N/A	$0.00	0.00%	2026-09-09: $138.00
Software & Licenses	Server Management & Operating System Licenses	HPE OCA > DL380 Gen12 > Software & Licenses > Server Management & Operating System Licenses	Operating System / License	Unlimited	0	Unlimited	Selection constraint for Server Management & Operating System Licenses: no max	R2Z52AAE	Service	Red Hat Enterprise Linux for HPC Compute Node with Smart Management 3yr E-LTU	0	392.00		NA		No	08/05/2019	09/30/2028	BASELINE	N/A	$0.00	0.00%	2026-09-09: $392.00
Software & Licenses	Server Management & Operating System Licenses	HPE OCA > DL380 Gen12 > Software & Licenses > Server Management & Operating System Licenses	Operating System / License	Unlimited	0	Unlimited	Selection constraint for Server Management & Operating System Licenses: no max	R2Z53AAE	Service	Red Hat Enterprise Linux for HPC Compute Node with Smart Management 5yr E-LTU	0	653.00		NA		No	08/05/2019	09/30/2028	BASELINE	N/A	$0.00	0.00%	2026-09-09: $653.00
Software & Licenses	Server Management & Operating System Licenses	HPE OCA > DL380 Gen12 > Software & Licenses > Server Management & Operating System Licenses	Service & Support	Unlimited	0	Unlimited	Selection constraint for Server Management & Operating System Licenses: no max	R1P34AAE	Service	Red Hat Enterprise Linux for HPC Head Node 1yr Subscription 24x7 Support E-LTU	0	2858.00		NA		No	12/03/2018	09/30/2028	BASELINE	N/A	$0.00	0.00%	2026-09-09: $2858.00
Software & Licenses	Server Management & Operating System Licenses	HPE OCA > DL380 Gen12 > Software & Licenses > Server Management & Operating System Licenses	Service & Support	Unlimited	0	Unlimited	Selection constraint for Server Management & Operating System Licenses: no max	R1P34A	Service	Red Hat Enterprise Linux for HPC Head Node 1yr Subscription 24x7 Support Flexible LTU	0	2858.00		NA		No	12/03/2018	09/30/2028	BASELINE	N/A	$0.00	0.00%	2026-09-09: $2858.00
Software & Licenses	Server Management & Operating System Licenses	HPE OCA > DL380 Gen12 > Software & Licenses > Server Management & Operating System Licenses	Service & Support	Unlimited	0	Unlimited	Selection constraint for Server Management & Operating System Licenses: no max	R1P37AAE	Service	Red Hat Enterprise Linux for HPC Head Node 1yr Subscription 9x5 Support E-LTU	0	1758.00		NA		No	12/03/2018	09/30/2028	BASELINE	N/A	$0.00	0.00%	2026-09-09: $1758.00
Software & Licenses	Server Management & Operating System Licenses	HPE OCA > DL380 Gen12 > Software & Licenses > Server Management & Operating System Licenses	Service & Support	Unlimited	0	Unlimited	Selection constraint for Server Management & Operating System Licenses: no max	R1P37A	Service	Red Hat Enterprise Linux for HPC Head Node 1yr Subscription 9x5 Support Flexible LTU	0	1758.00		NA		No	12/03/2018	09/30/2028	BASELINE	N/A	$0.00	0.00%	2026-09-09: $1758.00
Software & Licenses	Server Management & Operating System Licenses	HPE OCA > DL380 Gen12 > Software & Licenses > Server Management & Operating System Licenses	Service & Support	Unlimited	0	Unlimited	Selection constraint for Server Management & Operating System Licenses: no max	R1P35AAE	Service	Red Hat Enterprise Linux for HPC Head Node 3yr Subscription 24x7 Support E-LTU	0	8145.00		NA		No	12/03/2018	09/30/2028	BASELINE	N/A	$0.00	0.00%	2026-09-09: $8145.00
Software & Licenses	Server Management & Operating System Licenses	HPE OCA > DL380 Gen12 > Software & Licenses > Server Management & Operating System Licenses	Service & Support	Unlimited	0	Unlimited	Selection constraint for Server Management & Operating System Licenses: no max	R1P35A	Service	Red Hat Enterprise Linux for HPC Head Node 3yr Subscription 24x7 Support Flexible LTU	0	8145.00		NA		No	12/03/2018	09/30/2028	BASELINE	N/A	$0.00	0.00%	2026-09-09: $8145.00
Software & Licenses	Server Management & Operating System Licenses	HPE OCA > DL380 Gen12 > Software & Licenses > Server Management & Operating System Licenses	Service & Support	Unlimited	0	Unlimited	Selection constraint for Server Management & Operating System Licenses: no max	R1P38AAE	Service	Red Hat Enterprise Linux for HPC Head Node 3yr Subscription 9x5 Support E-LTU	0	5010.00		NA		No	12/03/2018	09/30/2028	BASELINE	N/A	$0.00	0.00%	2026-09-09: $5010.00
Software & Licenses	Server Management & Operating System Licenses	HPE OCA > DL380 Gen12 > Software & Licenses > Server Management & Operating System Licenses	Service & Support	Unlimited	0	Unlimited	Selection constraint for Server Management & Operating System Licenses: no max	R1P38A	Service	Red Hat Enterprise Linux for HPC Head Node 3yr Subscription 9x5 Support Flexible LTU	0	5010.00		NA		No	12/03/2018	09/30/2028	BASELINE	N/A	$0.00	0.00%	2026-09-09: $5010.00
Software & Licenses	Server Management & Operating System Licenses	HPE OCA > DL380 Gen12 > Software & Licenses > Server Management & Operating System Licenses	Service & Support	Unlimited	0	Unlimited	Selection constraint for Server Management & Operating System Licenses: no max	R1P36AAE	Service	Red Hat Enterprise Linux for HPC Head Node 5yr Subscription 24x7 Support E-LTU	0	13575.00		NA		No	12/03/2018	09/30/2028	BASELINE	N/A	$0.00	0.00%	2026-09-09: $13575.00
Software & Licenses	Server Management & Operating System Licenses	HPE OCA > DL380 Gen12 > Software & Licenses > Server Management & Operating System Licenses	Service & Support	Unlimited	0	Unlimited	Selection constraint for Server Management & Operating System Licenses: no max	R1P36A	Service	Red Hat Enterprise Linux for HPC Head Node 5yr Subscription 24x7 Support Flexible LTU	0	13575.00		NA		No	12/03/2018	09/30/2028	BASELINE	N/A	$0.00	0.00%	2026-09-09: $13575.00
Software & Licenses	Server Management & Operating System Licenses	HPE OCA > DL380 Gen12 > Software & Licenses > Server Management & Operating System Licenses	Service & Support	Unlimited	0	Unlimited	Selection constraint for Server Management & Operating System Licenses: no max	R1P39AAE	Service	Red Hat Enterprise Linux for HPC Head Node 5yr Subscription 9x5 Support E-LTU	0	8350.00		NA		No	12/03/2018	09/30/2028	BASELINE	N/A	$0.00	0.00%	2026-09-09: $8350.00
Software & Licenses	Server Management & Operating System Licenses	HPE OCA > DL380 Gen12 > Software & Licenses > Server Management & Operating System Licenses	Service & Support	Unlimited	0	Unlimited	Selection constraint for Server Management & Operating System Licenses: no max	R1P39A	Service	Red Hat Enterprise Linux for HPC Head Node 5yr Subscription 9x5 Support Flexible LTU	0	8350.00		NA		No	12/03/2018	09/30/2028	BASELINE	N/A	$0.00	0.00%	2026-09-09: $8350.00
Software & Licenses	Server Management & Operating System Licenses	HPE OCA > DL380 Gen12 > Software & Licenses > Server Management & Operating System Licenses	Operating System / License	Unlimited	0	Unlimited	Selection constraint for Server Management & Operating System Licenses: no max	R2Z45AAE	Service	Red Hat Enterprise Linux for HPC Head Node with Smart Management 1yr 24x7 E-LTU	0	3243.00		NA		No	08/05/2019	09/30/2028	BASELINE	N/A	$0.00	0.00%	2026-09-09: $3243.00
Software & Licenses	Server Management & Operating System Licenses	HPE OCA > DL380 Gen12 > Software & Licenses > Server Management & Operating System Licenses	Operating System / License	Unlimited	0	Unlimited	Selection constraint for Server Management & Operating System Licenses: no max	R2Z46AAE	Service	Red Hat Enterprise Linux for HPC Head Node with Smart Management 3yr 24x7 E-LTU	0	9242.00		NA		No	08/05/2019	09/30/2028	BASELINE	N/A	$0.00	0.00%	2026-09-09: $9242.00
Software & Licenses	Server Management & Operating System Licenses	HPE OCA > DL380 Gen12 > Software & Licenses > Server Management & Operating System Licenses	Operating System / License	Unlimited	0	Unlimited	Selection constraint for Server Management & Operating System Licenses: no max	R2Z47AAE	Service	Red Hat Enterprise Linux for HPC Head Node with Smart Management 5yr 24x7 E-LTU	0	15403.00		NA		No	08/05/2019	09/30/2028	BASELINE	N/A	$0.00	0.00%	2026-09-09: $15403.00
Software & Licenses	Server Management & Operating System Licenses	HPE OCA > DL380 Gen12 > Software & Licenses > Server Management & Operating System Licenses	Service & Support	Unlimited	0	Unlimited	Selection constraint for Server Management & Operating System Licenses: no max	Q9S73AAE	Service	SUSE Linux Enterprise Server HPC 1-2 Sockets 1-year Subscription 9x5 Support E-LTU	0	108.00		NA		No	04/02/2018	09/30/2027	BASELINE	N/A	$0.00	0.00%	2026-09-09: $108.00
Software & Licenses	Server Management & Operating System Licenses	HPE OCA > DL380 Gen12 > Software & Licenses > Server Management & Operating System Licenses	Service & Support	Unlimited	0	Unlimited	Selection constraint for Server Management & Operating System Licenses: no max	Q9S76AAE	Service	SUSE Linux Enterprise Server HPC 1-2 Sockets 1yr Subscription 24x7 Support E-LTU	0	151.00		NA		No	04/02/2018	09/30/2027	BASELINE	N/A	$0.00	0.00%	2026-09-09: $151.00
Software & Licenses	Server Management & Operating System Licenses	HPE OCA > DL380 Gen12 > Software & Licenses > Server Management & Operating System Licenses	Service & Support	Unlimited	0	Unlimited	Selection constraint for Server Management & Operating System Licenses: no max	Q9S74AAE	Service	SUSE Linux Enterprise Server HPC 1-2 Sockets 3-year Subscription 9x5 Support E-LTU	0	292.00		NA		No	04/02/2018	09/30/2027	BASELINE	N/A	$0.00	0.00%	2026-09-09: $292.00
Software & Licenses	Server Management & Operating System Licenses	HPE OCA > DL380 Gen12 > Software & Licenses > Server Management & Operating System Licenses	Service & Support	Unlimited	0	Unlimited	Selection constraint for Server Management & Operating System Licenses: no max	Q9S77AAE	Service	SUSE Linux Enterprise Server HPC 1-2 Sockets 3yr Subscription 24x7 Support E-LTU	0	408.00		NA		No	04/02/2018	09/30/2027	BASELINE	N/A	$0.00	0.00%	2026-09-09: $408.00
Software & Licenses	Server Management & Operating System Licenses	HPE OCA > DL380 Gen12 > Software & Licenses > Server Management & Operating System Licenses	Service & Support	Unlimited	0	Unlimited	Selection constraint for Server Management & Operating System Licenses: no max	Q9S75AAE	Service	SUSE Linux Enterprise Server HPC 1-2 Sockets 5-year Subscription 9x5 Support E-LTU	0	486.00		NA		No	04/02/2018	09/30/2027	BASELINE	N/A	$0.00	0.00%	2026-09-09: $486.00
Software & Licenses	Server Management & Operating System Licenses	HPE OCA > DL380 Gen12 > Software & Licenses > Server Management & Operating System Licenses	Service & Support	Unlimited	0	Unlimited	Selection constraint for Server Management & Operating System Licenses: no max	Q9S78AAE	Service	SUSE Linux Enterprise Server HPC 1-2 Sockets 5yr Subscription 24x7 Support E-LTU	0	680.00		NA		No	04/02/2018	09/30/2027	BASELINE	N/A	$0.00	0.00%	2026-09-09: $680.00
Software & Licenses	Server Management & Operating System Licenses	HPE OCA > DL380 Gen12 > Software & Licenses > Server Management & Operating System Licenses	Operating System / License	Unlimited	0	Unlimited	Selection constraint for Server Management & Operating System Licenses: no max	R7A11AAE	Service	HPE Compute Ops Management Standard 3-year Upfront ProLiant SaaS	0	450.00		NA		No	06/06/2022	02/29/2028	BASELINE	N/A	$0.00	0.00%	2026-09-09: $450.00
Software & Licenses	Server Management & Operating System Licenses	HPE OCA > DL380 Gen12 > Software & Licenses > Server Management & Operating System Licenses	Operating System / License	Unlimited	0	Unlimited	Selection constraint for Server Management & Operating System Licenses: no max	R7A12AAE	Service	HPE Compute Ops Management Standard 5-year Upfront ProLiant SaaS	1	750.00		750.00		No	06/06/2022	02/29/2028	BASELINE	N/A	$0.00	0.00%	2026-09-09: $750.00
Software & Licenses	Server Management & Operating System Licenses	HPE OCA > DL380 Gen12 > Software & Licenses > Server Management & Operating System Licenses	Operating System / License	Unlimited	0	Unlimited	Selection constraint for Server Management & Operating System Licenses: no max	S1A05A	Service	HPE Compute Cloud Management Server FIO Enablement	1	1.00		1.00		No	04/01/2024	02/29/2028	BASELINE	N/A	$0.00	0.00%	2026-09-09: $1.00
Software & Licenses	Server Management & Operating System Licenses	HPE OCA > DL380 Gen12 > Software & Licenses > Server Management & Operating System Licenses	Operating System / License	Unlimited	0	Unlimited	Selection constraint for Server Management & Operating System Licenses: no max	S2E10AAE	Service	HPE Compute Ops Management Standard 7-year Upfront ProLiant SaaS	0	1050.00		NA		No	09/03/2024	02/29/2028	BASELINE	N/A	$0.00	0.00%	2026-09-09: $1050.00
Software & Licenses	Server Management & Operating System Licenses	HPE OCA > DL380 Gen12 > Software & Licenses > Server Management & Operating System Licenses	Operating System / License	Unlimited	0	Unlimited	Selection constraint for Server Management & Operating System Licenses: no max	S5E59AAE	Service	HPE Compute Ops Management Advanced 3-year Upfront ProLiant SaaS	0	919.08		NA		No	04/07/2025	02/29/2028	BASELINE	N/A	$0.00	0.00%	2026-09-09: $919.08
Software & Licenses	Server Management & Operating System Licenses	HPE OCA > DL380 Gen12 > Software & Licenses > Server Management & Operating System Licenses	Operating System / License	Unlimited	0	Unlimited	Selection constraint for Server Management & Operating System Licenses: no max	S5E60AAE	Service	HPE Compute Ops Management Advanced 5-year Upfront ProLiant SaaS	0	1531.80		NA		No	04/07/2025	02/29/2028	BASELINE	N/A	$0.00	0.00%	2026-09-09: $1531.80
Software & Licenses	Server Management & Operating System Licenses	HPE OCA > DL380 Gen12 > Software & Licenses > Server Management & Operating System Licenses	Operating System / License	Unlimited	0	Unlimited	Selection constraint for Server Management & Operating System Licenses: no max	S5E61AAE	Service	HPE Compute Ops Management Advanced 7-year Upfront ProLiant SaaS	0	2144.52		NA		No	04/07/2025	02/29/2028	BASELINE	N/A	$0.00	0.00%	2026-09-09: $2144.52
Software & Licenses	Server Management & Operating System Licenses	HPE OCA > DL380 Gen12 > Software & Licenses > Server Management & Operating System Licenses	Operating System / License	Unlimited	0	Unlimited	Selection constraint for Server Management & Operating System Licenses: no max	S2R34AAE	Service	HPE Compute Ops Management Standard with ProLiant Enablement	0	1.00		NA		No	11/06/2023	02/29/2028	BASELINE	N/A	$0.00	0.00%	2026-09-09: $1.00
Software & Licenses	Server Management & Operating System Licenses	HPE OCA > DL380 Gen12 > Software & Licenses > Server Management & Operating System Licenses	Operating System / License	Unlimited	0	Unlimited	Selection constraint for Server Management & Operating System Licenses: no max	S6C28AAE	Service	HPE Compute Ops Management Advanced Flex with ProLiant Enablement	0	0		NA		No	05/05/2025	06/30/2028	BASELINE	N/A	$0.00	0.00%	2026-09-09: (no price)
Software & Licenses	Server Management & Operating System Licenses	HPE OCA > DL380 Gen12 > Software & Licenses > Server Management & Operating System Licenses	Service & Support	Unlimited	0	Unlimited	Selection constraint for Server Management & Operating System Licenses: no max	Q9R65A	Standard	Red Hat Enterprise Linux for SAP Solutions for Physical Nodes 3yr Subscription 24x7 Support LTU	0	6737.00		NA		No	03/05/2018	11/30/2027	BASELINE	N/A	$0.00	0.00%	2026-09-09: $6737.00
Software & Licenses	Server Management & Operating System Licenses	HPE OCA > DL380 Gen12 > Software & Licenses > Server Management & Operating System Licenses	Service & Support	Unlimited	0	Unlimited	Selection constraint for Server Management & Operating System Licenses: no max	Q9R66A	Standard	Red Hat Enterprise Linux for SAP Solutions for Physical Nodes 5yr Subscription 24x7 Support LTU	0	11229.00		NA		No	03/05/2018	11/30/2027	BASELINE	N/A	$0.00	0.00%	2026-09-09: $11229.00
Software & Licenses	Server Management & Operating System Licenses	HPE OCA > DL380 Gen12 > Software & Licenses > Server Management & Operating System Licenses	Service & Support	Unlimited	0	Unlimited	Selection constraint for Server Management & Operating System Licenses: no max	Q9R67A	Standard	Red Hat Enterprise Linux for SAP Solutions for Virtual DC 3yr Subscription 24x7 Support LTU	0	24680.00		NA		No	03/05/2018	11/30/2027	BASELINE	N/A	$0.00	0.00%	2026-09-09: $24680.00
Software & Licenses	Server Management & Operating System Licenses	HPE OCA > DL380 Gen12 > Software & Licenses > Server Management & Operating System Licenses	Service & Support	Unlimited	0	Unlimited	Selection constraint for Server Management & Operating System Licenses: no max	Q9R68A	Standard	Red Hat Enterprise Linux for SAP Solutions for Virtual DC 5yr Subscription 24x7 Support LTU	0	41134.00		NA		No	03/05/2018	11/30/2027	BASELINE	N/A	$0.00	0.00%	2026-09-09: $41134.00
Software & Licenses	Server Management & Operating System Licenses	HPE OCA > DL380 Gen12 > Software & Licenses > Server Management & Operating System Licenses	Operating System / License	Unlimited	0	Unlimited	Selection constraint for Server Management & Operating System Licenses: no max	R2U47AAE	Service	SUSE Linux Enterprise Server Live Patching x86-64 1-2Sockets Inherited Virtualization 5yr 24x7 E-LTU	0	3390.00		NA		No	06/01/2020	10/31/2025	BASELINE	N/A	$0.00	0.00%	2026-09-09: $3390.00
Software & Licenses	Server Management & Operating System Licenses	HPE OCA > DL380 Gen12 > Software & Licenses > Server Management & Operating System Licenses	Service & Support	Unlimited	0	Unlimited	Selection constraint for Server Management & Operating System Licenses: no max	N0U73A	Standard	SUSE Linux Enterprise Server SAP 1-2 Sockets or 1-2 VM 3-year Subscription 24x7 Support Flexible LTU	0	7803.00		NA		No	08/17/2015	03/02/2026	BASELINE	N/A	$0.00	0.00%	2026-09-09: $7803.00
Software & Licenses	Server Management & Operating System Licenses	HPE OCA > DL380 Gen12 > Software & Licenses > Server Management & Operating System Licenses	Service & Support	Unlimited	0	Unlimited	Selection constraint for Server Management & Operating System Licenses: no max	N0U75A	Standard	SUSE Linux Enterprise Server SAP 1-2 Sockets or 1-2 VM 5-year Subscription 24x7 Support Flexible LTU	0	13005.00		NA		No	08/17/2015	03/02/2026	BASELINE	N/A	$0.00	0.00%	2026-09-09: $13005.00
Software & Licenses	Server Management & Operating System Licenses	HPE OCA > DL380 Gen12 > Software & Licenses > Server Management & Operating System Licenses	Operating System / License	Unlimited	0	Unlimited	Selection constraint for Server Management & Operating System Licenses: no max	G5J66AAE	Service	Red Hat High Availability 2 Sockets Unlimited Guests 1 Year Subscription E-LTU	0	1506.00		NA		No	03/31/2014	09/30/2028	BASELINE	N/A	$0.00	0.00%	2026-09-09: $1506.00
Software & Licenses	Server Management & Operating System Licenses	HPE OCA > DL380 Gen12 > Software & Licenses > Server Management & Operating System Licenses	Operating System / License	Unlimited	0	Unlimited	Selection constraint for Server Management & Operating System Licenses: no max	S4T26A	Service	Red Hat High Availability 2 Sockets Unlimited Guests 1-year Subscription LTU	0	1506.00		NA		No	10/07/2024	11/07/2027	BASELINE	N/A	$0.00	0.00%	2026-09-09: $1506.00
Software & Licenses	Server Management & Operating System Licenses	HPE OCA > DL380 Gen12 > Software & Licenses > Server Management & Operating System Licenses	Operating System / License	Unlimited	0	Unlimited	Selection constraint for Server Management & Operating System Licenses: no max	G5J67AAE	Service	Red Hat High Availability 2 Sockets Unlimited Guests 3 Year Subscription E-LTU	0	4519.00		NA		No	03/31/2014	09/30/2028	BASELINE	N/A	$0.00	0.00%	2026-09-09: $4519.00
Software & Licenses	Server Management & Operating System Licenses	HPE OCA > DL380 Gen12 > Software & Licenses > Server Management & Operating System Licenses	Operating System / License	Unlimited	0	Unlimited	Selection constraint for Server Management & Operating System Licenses: no max	S4T27A	Service	Red Hat High Availability 2 Sockets Unlimited Guests 3-year Subscription LTU	0	4519.00		NA		No	10/07/2024	11/07/2027	BASELINE	N/A	$0.00	0.00%	2026-09-09: $4519.00
Software & Licenses	Server Management & Operating System Licenses	HPE OCA > DL380 Gen12 > Software & Licenses > Server Management & Operating System Licenses	Operating System / License	Unlimited	0	Unlimited	Selection constraint for Server Management & Operating System Licenses: no max	G3J34AAE	Service	Red Hat High Availability 2 Sockets or 2 Guests 1 Year Subscription E-LTU	0	439.00		NA		No	03/31/2014	09/30/2028	BASELINE	N/A	$0.00	0.00%	2026-09-09: $439.00
Software & Licenses	Server Management & Operating System Licenses	HPE OCA > DL380 Gen12 > Software & Licenses > Server Management & Operating System Licenses	Operating System / License	Unlimited	0	Unlimited	Selection constraint for Server Management & Operating System Licenses: no max	S4T22A	Service	Red Hat High Availability 2 Sockets or 2 Guests 1-year Subscription LTU	0	439.00		NA		No	10/07/2024	11/07/2027	BASELINE	N/A	$0.00	0.00%	2026-09-09: $439.00
Software & Licenses	Server Management & Operating System Licenses	HPE OCA > DL380 Gen12 > Software & Licenses > Server Management & Operating System Licenses	Operating System / License	Unlimited	0	Unlimited	Selection constraint for Server Management & Operating System Licenses: no max	G3J35AAE	Service	Red Hat High Availability 2 Sockets or 2 Guests 3 Year Subscription E-LTU	0	1317.00		NA		No	03/31/2014	09/30/2028	BASELINE	N/A	$0.00	0.00%	2026-09-09: $1317.00
Software & Licenses	Server Management & Operating System Licenses	HPE OCA > DL380 Gen12 > Software & Licenses > Server Management & Operating System Licenses	Operating System / License	Unlimited	0	Unlimited	Selection constraint for Server Management & Operating System Licenses: no max	S4T23A	Service	Red Hat High Availability 2 Sockets or 2 Guests 3-year Subscription LTU	0	1251.00		NA		No	10/07/2024	11/07/2027	BASELINE	N/A	$0.00	0.00%	2026-09-09: $1251.00
Software & Licenses	Server Management & Operating System Licenses	HPE OCA > DL380 Gen12 > Software & Licenses > Server Management & Operating System Licenses	Operating System / License	Unlimited	0	Unlimited	Selection constraint for Server Management & Operating System Licenses: no max	G5J68AAE	Service	Red Hat Resilient Storage 2 Sockets Unlimited Guests 1 Year Subscription E-LTU	0	3019.00		NA		No	03/31/2014	09/30/2028	BASELINE	N/A	$0.00	0.00%	2026-09-09: $3019.00
Software & Licenses	Server Management & Operating System Licenses	HPE OCA > DL380 Gen12 > Software & Licenses > Server Management & Operating System Licenses	Operating System / License	Unlimited	0	Unlimited	Selection constraint for Server Management & Operating System Licenses: no max	G5J69AAE	Service	Red Hat Resilient Storage 2 Sockets Unlimited Guests 3 Year Subscription E-LTU	0	9057.00		NA		No	03/31/2014	09/30/2028	BASELINE	N/A	$0.00	0.00%	2026-09-09: $9057.00
Software & Licenses	Server Management & Operating System Licenses	HPE OCA > DL380 Gen12 > Software & Licenses > Server Management & Operating System Licenses	Operating System / License	Unlimited	0	Unlimited	Selection constraint for Server Management & Operating System Licenses: no max	G3J36AAE	Service	Red Hat Resilient Storage 2 Sockets or 2 Guests 1 Year Subscription E-LTU	0	879.00		NA		No	03/31/2014	09/30/2028	BASELINE	N/A	$0.00	0.00%	2026-09-09: $879.00
Software & Licenses	Server Management & Operating System Licenses	HPE OCA > DL380 Gen12 > Software & Licenses > Server Management & Operating System Licenses	Operating System / License	Unlimited	0	Unlimited	Selection constraint for Server Management & Operating System Licenses: no max	S4T24A	Service	Red Hat Resilient Storage 2 Sockets or 2 Guests 1-year Subscription LTU	0	879.00		NA		No	10/07/2024	11/07/2027	BASELINE	N/A	$0.00	0.00%	2026-09-09: $879.00
Software & Licenses	Server Management & Operating System Licenses	HPE OCA > DL380 Gen12 > Software & Licenses > Server Management & Operating System Licenses	Operating System / License	Unlimited	0	Unlimited	Selection constraint for Server Management & Operating System Licenses: no max	G3J37AAE	Service	Red Hat Resilient Storage 2 Sockets or 2 Guests 3 Year Subscription E-LTU	0	2637.00		NA		No	03/31/2014	09/30/2028	BASELINE	N/A	$0.00	0.00%	2026-09-09: $2637.00
Software & Licenses	Server Management & Operating System Licenses	HPE OCA > DL380 Gen12 > Software & Licenses > Server Management & Operating System Licenses	Operating System / License	Unlimited	0	Unlimited	Selection constraint for Server Management & Operating System Licenses: no max	S4T25A	Service	Red Hat Resilient Storage 2 Sockets or 2 Guests 3-year Subscription LTU	0	2637.00		NA		No	10/07/2024	11/07/2027	BASELINE	N/A	$0.00	0.00%	2026-09-09: $2637.00
Software & Licenses	Server Management & Operating System Licenses	HPE OCA > DL380 Gen12 > Software & Licenses > Server Management & Operating System Licenses	Operating System / License	Unlimited	0	Unlimited	Selection constraint for Server Management & Operating System Licenses: no max	R2A03AAE	Service	Red Hat Satellite 2 Sockets Unlimited Guests 1yr Subscription E-LTU	0	1482.00		NA		No	02/04/2019	09/30/2028	BASELINE	N/A	$0.00	0.00%	2026-09-09: $1482.00
Software & Licenses	Server Management & Operating System Licenses	HPE OCA > DL380 Gen12 > Software & Licenses > Server Management & Operating System Licenses	Operating System / License	Unlimited	0	Unlimited	Selection constraint for Server Management & Operating System Licenses: no max	R2A03A	Service	Red Hat Satellite 2 Sockets Unlimited Guests 1yr Subscription Flexible LTU	0	1482.00		NA		No	02/04/2019	09/30/2028	BASELINE	N/A	$0.00	0.00%	2026-09-09: $1482.00
Software & Licenses	Server Management & Operating System Licenses	HPE OCA > DL380 Gen12 > Software & Licenses > Server Management & Operating System Licenses	Operating System / License	Unlimited	0	Unlimited	Selection constraint for Server Management & Operating System Licenses: no max	R2A04AAE	Service	Red Hat Satellite 2 Sockets Unlimited Guests 3-year Subscription E-LTU	0	4447.00		NA		No	02/04/2019	09/30/2028	BASELINE	N/A	$0.00	0.00%	2026-09-09: $4447.00
Software & Licenses	Server Management & Operating System Licenses	HPE OCA > DL380 Gen12 > Software & Licenses > Server Management & Operating System Licenses	Operating System / License	Unlimited	0	Unlimited	Selection constraint for Server Management & Operating System Licenses: no max	R2A04A	Service	Red Hat Satellite 2 Sockets Unlimited Guests 3-year Subscription Flexible LTU	0	4447.00		NA		No	02/04/2019	09/30/2028	BASELINE	N/A	$0.00	0.00%	2026-09-09: $4447.00
Software & Licenses	Server Management & Operating System Licenses	HPE OCA > DL380 Gen12 > Software & Licenses > Server Management & Operating System Licenses	Operating System / License	Unlimited	0	Unlimited	Selection constraint for Server Management & Operating System Licenses: no max	R2A05AAE	Service	Red Hat Satellite 2 Sockets Unlimited Guests 5-year Subscription E-LTU	0	7411.00		NA		No	02/04/2019	09/30/2028	BASELINE	N/A	$0.00	0.00%	2026-09-09: $7411.00
Software & Licenses	Server Management & Operating System Licenses	HPE OCA > DL380 Gen12 > Software & Licenses > Server Management & Operating System Licenses	Operating System / License	Unlimited	0	Unlimited	Selection constraint for Server Management & Operating System Licenses: no max	R2A05A	Service	Red Hat Satellite 2 Sockets Unlimited Guests 5-year Subscription Flexible LTU	0	7411.00		NA		No	02/04/2019	09/30/2028	BASELINE	N/A	$0.00	0.00%	2026-09-09: $7411.00
Software & Licenses	Server Management & Operating System Licenses	HPE OCA > DL380 Gen12 > Software & Licenses > Server Management & Operating System Licenses	Operating System / License	Unlimited	0	Unlimited	Selection constraint for Server Management & Operating System Licenses: no max	R2A00AAE	Service	Red Hat Satellite 2 Sockets or 2 Guests 1yr Subscription E-LTU	0	385.00		NA		No	02/04/2019	09/30/2028	BASELINE	N/A	$0.00	0.00%	2026-09-09: $385.00
Software & Licenses	Server Management & Operating System Licenses	HPE OCA > DL380 Gen12 > Software & Licenses > Server Management & Operating System Licenses	Operating System / License	Unlimited	0	Unlimited	Selection constraint for Server Management & Operating System Licenses: no max	R2A00A	Service	Red Hat Satellite 2 Sockets or 2 Guests 1yr Subscription Flexible LTU	0	385.00		NA		No	02/04/2019	09/30/2028	BASELINE	N/A	$0.00	0.00%	2026-09-09: $385.00
Software & Licenses	Server Management & Operating System Licenses	HPE OCA > DL380 Gen12 > Software & Licenses > Server Management & Operating System Licenses	Operating System / License	Unlimited	0	Unlimited	Selection constraint for Server Management & Operating System Licenses: no max	R2A01AAE	Service	Red Hat Satellite 2 Sockets or 2 Guests 3-year Subscription E-LTU	0	1097.00		NA		No	02/04/2019	09/30/2028	BASELINE	N/A	$0.00	0.00%	2026-09-09: $1097.00
Software & Licenses	Server Management & Operating System Licenses	HPE OCA > DL380 Gen12 > Software & Licenses > Server Management & Operating System Licenses	Operating System / License	Unlimited	0	Unlimited	Selection constraint for Server Management & Operating System Licenses: no max	R2A01A	Service	Red Hat Satellite 2 Sockets or 2 Guests 3-year Subscription Flexible LTU	0	1097.00		NA		No	02/04/2019	09/30/2028	BASELINE	N/A	$0.00	0.00%	2026-09-09: $1097.00
Software & Licenses	Server Management & Operating System Licenses	HPE OCA > DL380 Gen12 > Software & Licenses > Server Management & Operating System Licenses	Operating System / License	Unlimited	0	Unlimited	Selection constraint for Server Management & Operating System Licenses: no max	R2A02AAE	Service	Red Hat Satellite 2 Sockets or 2 Guests 5-year Subscription E-LTU	0	1828.00		NA		No	02/04/2019	09/30/2028	BASELINE	N/A	$0.00	0.00%	2026-09-09: $1828.00
Software & Licenses	Server Management & Operating System Licenses	HPE OCA > DL380 Gen12 > Software & Licenses > Server Management & Operating System Licenses	Operating System / License	Unlimited	0	Unlimited	Selection constraint for Server Management & Operating System Licenses: no max	R2A02A	Service	Red Hat Satellite 2 Sockets or 2 Guests 5-year Subscription Flexible LTU	0	1828.00		NA		No	02/04/2019	09/30/2028	BASELINE	N/A	$0.00	0.00%	2026-09-09: $1828.00
Software & Licenses	Server Management & Operating System Licenses	HPE OCA > DL380 Gen12 > Software & Licenses > Server Management & Operating System Licenses	Operating System / License	Unlimited	0	Unlimited	Selection constraint for Server Management & Operating System Licenses: no max	M6K34A	Standard	SUSE Linux Enterprise High Availability Extension 1-2 Sockets 3 Year Subscription Flx LTU	0	2040.00		NA		No	06/01/2015	09/30/2027	BASELINE	N/A	$0.00	0.00%	2026-09-09: $2040.00
Software & Licenses	Server Management & Operating System Licenses	HPE OCA > DL380 Gen12 > Software & Licenses > Server Management & Operating System Licenses	Operating System / License	Unlimited	0	Unlimited	Selection constraint for Server Management & Operating System Licenses: no max	M6K34AAE	Service	SUSE Linux Enterprise High Availability Extension 1-2 Sockets 3 Year Subscription E-LTU	0	2040.00		NA		No	06/01/2015	09/30/2027	BASELINE	N/A	$0.00	0.00%	2026-09-09: $2040.00
Software & Licenses	Server Management & Operating System Licenses	HPE OCA > DL380 Gen12 > Software & Licenses > Server Management & Operating System Licenses	Service & Support	Unlimited	0	Unlimited	Selection constraint for Server Management & Operating System Licenses: no max	E5Y44A	Standard	HPE OneView for ProLiant DL Server including 3yr 24x7 Support Bundle Track 1-server LTU	0	799.00		NA		No	11/01/2013	07/31/2030	BASELINE	N/A	$0.00	0.00%	2026-09-09: $799.00
Software & Licenses	Server Management & Operating System Licenses	HPE OCA > DL380 Gen12 > Software & Licenses > Server Management & Operating System Licenses	Service & Support	Unlimited	0	Unlimited	Selection constraint for Server Management & Operating System Licenses: no max	E5Y43A	Standard	HPE OneView for ProLiant DL Server including 3yr 24x7 Support FIO Bundle Physical 1-server LTU	0	849.00		NA		No	11/01/2013	07/31/2030	BASELINE	N/A	$0.00	0.00%	2026-09-09: $849.00
Software & Licenses	Server Management & Operating System Licenses	HPE OCA > DL380 Gen12 > Software & Licenses > Server Management & Operating System Licenses	Service & Support	Unlimited	0	Unlimited	Selection constraint for Server Management & Operating System Licenses: no max	E5Y35AAE	Service	HPE OneView including 3yr 24x7 Support Flexible Quantity E-LTU	0	999.00		NA		No	12/09/2013	07/31/2030	BASELINE	N/A	$0.00	0.00%	2026-09-09: $999.00
Software & Licenses	Server Management & Operating System Licenses	HPE OCA > DL380 Gen12 > Software & Licenses > Server Management & Operating System Licenses	Service & Support	Unlimited	0	Unlimited	Selection constraint for Server Management & Operating System Licenses: no max	E5Y36A	Standard	HPE OneView including 3yr 24x7 Support Track 1-server LTU	0	999.00		NA		No	11/01/2013	07/31/2030	BASELINE	N/A	$0.00	0.00%	2026-09-09: $999.00
Software & Licenses	Server Management & Operating System Licenses	HPE OCA > DL380 Gen12 > Software & Licenses > Server Management & Operating System Licenses	Service & Support	Unlimited	0	Unlimited	Selection constraint for Server Management & Operating System Licenses: no max	P8B31A	Standard	HPE OneView w/o iLO including 3yr 24x7 Support 1-server FIO LTU	0	480.00		NA		No	10/09/2015	07/31/2030	BASELINE	N/A	$0.00	0.00%	2026-09-09: $480.00
Software & Licenses	Server Management & Operating System Licenses	HPE OCA > DL380 Gen12 > Software & Licenses > Server Management & Operating System Licenses	Service & Support	Unlimited	0	Unlimited	Selection constraint for Server Management & Operating System Licenses: no max	P8B26AAE	Service	HPE OneView w/o iLO including 3yr 24x7 Support Flexible Quantity E-LTU	0	499.00		NA		No	10/09/2015	07/31/2030	BASELINE	N/A	$0.00	0.00%	2026-09-09: $499.00
Software & Licenses	Server Management & Operating System Licenses	HPE OCA > DL380 Gen12 > Software & Licenses > Server Management & Operating System Licenses	Service & Support	Unlimited	0	Unlimited	Selection constraint for Server Management & Operating System Licenses: no max	P8B25A	Standard	HPE OneView w/o iLO including 3yr 24x7 Support Track 1-server LTU	0	499.00		NA		No	10/09/2015	07/31/2030	BASELINE	N/A	$0.00	0.00%	2026-09-09: $499.00
Software & Licenses	Server Management & Operating System Licenses	HPE OCA > DL380 Gen12 > Software & Licenses > Server Management & Operating System Licenses	Operating System / License	Unlimited	0	Unlimited	Selection constraint for Server Management & Operating System Licenses: no max	R1D41AAE	Service	HPE Data Management Framework 1EB 3-server Base System 1-year Subscription E-LTU	0	1982200.00		NA		No	10/05/2020	01/31/2031	BASELINE	N/A	$0.00	0.00%	2026-09-09: $1982200.00
Software & Licenses	Server Management & Operating System Licenses	HPE OCA > DL380 Gen12 > Software & Licenses > Server Management & Operating System Licenses	Operating System / License	Unlimited	0	Unlimited	Selection constraint for Server Management & Operating System Licenses: no max	R1D42AAE	Service	HPE Data Management Framework 1EB 3-server Base System 3-year Subscription E-LTU	0	5649270.00		NA		No	10/05/2020	01/31/2031	BASELINE	N/A	$0.00	0.00%	2026-09-09: $5649270.00
Software & Licenses	Server Management & Operating System Licenses	HPE OCA > DL380 Gen12 > Software & Licenses > Server Management & Operating System Licenses	Operating System / License	Unlimited	0	Unlimited	Selection constraint for Server Management & Operating System Licenses: no max	R1D43AAE	Service	HPE Data Management Framework 1EB 3-server Base System 5-year Subscription E-LTU	0	8919900.00		NA		No	10/05/2020	08/15/2026	BASELINE	N/A	$0.00	0.00%	2026-09-09: $8919900.00
Software & Licenses	Server Management & Operating System Licenses	HPE OCA > DL380 Gen12 > Software & Licenses > Server Management & Operating System Licenses	Operating System / License	Unlimited	0	Unlimited	Selection constraint for Server Management & Operating System Licenses: no max	R1D44AAE	Service	HPE Data Management Framework 10PB 1EB+ 1-year Subscription E-LTU	0	8500.00		NA		No	10/05/2020	01/31/2031	BASELINE	N/A	$0.00	0.00%	2026-09-09: $8500.00
Software & Licenses	Server Management & Operating System Licenses	HPE OCA > DL380 Gen12 > Software & Licenses > Server Management & Operating System Licenses	Operating System / License	Unlimited	0	Unlimited	Selection constraint for Server Management & Operating System Licenses: no max	R1D45AAE	Service	HPE Data Management Framework 10PB 1EB+ 3-year Subscription E-LTU	0	24225.00		NA		No	10/05/2020	01/31/2031	BASELINE	N/A	$0.00	0.00%	2026-09-09: $24225.00
Software & Licenses	Server Management & Operating System Licenses	HPE OCA > DL380 Gen12 > Software & Licenses > Server Management & Operating System Licenses	Operating System / License	Unlimited	0	Unlimited	Selection constraint for Server Management & Operating System Licenses: no max	R1D46AAE	Service	HPE Data Management Framework 10PB 1EB+ 5-year Subscription E-LTU	0	38250.00		NA		No	10/05/2020	08/15/2026	BASELINE	N/A	$0.00	0.00%	2026-09-09: $38250.00
Software & Licenses	Server Management & Operating System Licenses	HPE OCA > DL380 Gen12 > Software & Licenses > Server Management & Operating System Licenses	Operating System / License	Unlimited	0	Unlimited	Selection constraint for Server Management & Operating System Licenses: no max	R1D49AAE	Service	HPE Data Management Framework Base System 1PB 3-server 1-year Subscription E-LTU	0	27718.00		NA		No	08/04/2021	01/31/2031	BASELINE	N/A	$0.00	0.00%	2026-09-09: $27718.00
Software & Licenses	Server Management & Operating System Licenses	HPE OCA > DL380 Gen12 > Software & Licenses > Server Management & Operating System Licenses	Operating System / License	Unlimited	0	Unlimited	Selection constraint for Server Management & Operating System Licenses: no max	R1D50AAE	Service	HPE Data Management Framework Base System 1PB 3-server 3-year Subscription E-LTU	0	80726.00		NA		No	08/04/2021	01/31/2031	BASELINE	N/A	$0.00	0.00%	2026-09-09: $80726.00
Software & Licenses	Server Management & Operating System Licenses	HPE OCA > DL380 Gen12 > Software & Licenses > Server Management & Operating System Licenses	Operating System / License	Unlimited	0	Unlimited	Selection constraint for Server Management & Operating System Licenses: no max	R1D51AAE	Service	HPE Data Management Framework Base System 1PB 3-server 5-year Subscription E-LTU	0	129012.00		NA		No	08/04/2021	08/15/2026	BASELINE	N/A	$0.00	0.00%	2026-09-09: $129012.00
Software & Licenses	Server Management & Operating System Licenses	HPE OCA > DL380 Gen12 > Software & Licenses > Server Management & Operating System Licenses	Operating System / License	Unlimited	0	Unlimited	Selection constraint for Server Management & Operating System Licenses: no max	R1D52AAE	Service	HPE Data Management Framework Base System 10PB 3-server 1-year Subscription E-LTU	0	142359.00		NA		No	08/04/2021	01/31/2031	BASELINE	N/A	$0.00	0.00%	2026-09-09: $142359.00
Software & Licenses	Server Management & Operating System Licenses	HPE OCA > DL380 Gen12 > Software & Licenses > Server Management & Operating System Licenses	Operating System / License	Unlimited	0	Unlimited	Selection constraint for Server Management & Operating System Licenses: no max	R1D53AAE	Service	HPE Data Management Framework Base System 10PB 3-server 3-year Subscription E-LTU	0	414608.00		NA		No	08/04/2021	01/31/2031	BASELINE	N/A	$0.00	0.00%	2026-09-09: $414608.00
Software & Licenses	Server Management & Operating System Licenses	HPE OCA > DL380 Gen12 > Software & Licenses > Server Management & Operating System Licenses	Operating System / License	Unlimited	0	Unlimited	Selection constraint for Server Management & Operating System Licenses: no max	R1D54AAE	Service	HPE Data Management Framework Base System 10PB 3-server 5-year Subscription E-LTU	0	662610.00		NA		No	08/04/2021	08/15/2026	BASELINE	N/A	$0.00	0.00%	2026-09-09: $662610.00
Software & Licenses	Server Management & Operating System Licenses	HPE OCA > DL380 Gen12 > Software & Licenses > Server Management & Operating System Licenses	Operating System / License	Unlimited	0	Unlimited	Selection constraint for Server Management & Operating System Licenses: no max	R1D55AAE	Service	HPE Data Management Framework Base System 100PB 3-server 1-year Subscription E-LTU	0	1097088.00		NA		No	08/04/2021	01/31/2031	BASELINE	N/A	$0.00	0.00%	2026-09-09: $1097088.00
Software & Licenses	Server Management & Operating System Licenses	HPE OCA > DL380 Gen12 > Software & Licenses > Server Management & Operating System Licenses	Operating System / License	Unlimited	0	Unlimited	Selection constraint for Server Management & Operating System Licenses: no max	R1D56AAE	Service	HPE Data Management Framework Base System 100PB 3-server 3-year Subscription E-LTU	0	3195185.00		NA		No	08/04/2021	01/31/2031	BASELINE	N/A	$0.00	0.00%	2026-09-09: $3195185.00
Software & Licenses	Server Management & Operating System Licenses	HPE OCA > DL380 Gen12 > Software & Licenses > Server Management & Operating System Licenses	Operating System / License	Unlimited	0	Unlimited	Selection constraint for Server Management & Operating System Licenses: no max	R1D57AAE	Service	HPE Data Management Framework Base System 100PB 3-server 5-year Subscription E-LTU	0	5106411.00		NA		No	08/04/2021	08/15/2026	BASELINE	N/A	$0.00	0.00%	2026-09-09: $5106411.00
Software & Licenses	Server Management & Operating System Licenses	HPE OCA > DL380 Gen12 > Software & Licenses > Server Management & Operating System Licenses	Operating System / License	Unlimited	0	Unlimited	Selection constraint for Server Management & Operating System Licenses: no max	R1D58AAE	Service	HPE Data Management Framework 1PB 2-10PB 1-year Subscription E-LTU	0	12738.00		NA		No	08/04/2021	01/31/2031	BASELINE	N/A	$0.00	0.00%	2026-09-09: $12738.00
Software & Licenses	Server Management & Operating System Licenses	HPE OCA > DL380 Gen12 > Software & Licenses > Server Management & Operating System Licenses	Operating System / License	Unlimited	0	Unlimited	Selection constraint for Server Management & Operating System Licenses: no max	R1D59AAE	Service	HPE Data Management Framework 1PB 2-10PB 3-year Subscription E-LTU	0	37098.00		NA		No	08/04/2021	01/31/2031	BASELINE	N/A	$0.00	0.00%	2026-09-09: $37098.00
Software & Licenses	Server Management & Operating System Licenses	HPE OCA > DL380 Gen12 > Software & Licenses > Server Management & Operating System Licenses	Operating System / License	Unlimited	0	Unlimited	Selection constraint for Server Management & Operating System Licenses: no max	R1D60AAE	Service	HPE Data Management Framework 1PB 2-10PB 5-year Subscription E-LTU	0	59289.00		NA		No	08/04/2021	08/15/2026	BASELINE	N/A	$0.00	0.00%	2026-09-09: $59289.00
Software & Licenses	Server Management & Operating System Licenses	HPE OCA > DL380 Gen12 > Software & Licenses > Server Management & Operating System Licenses	Operating System / License	Unlimited	0	Unlimited	Selection constraint for Server Management & Operating System Licenses: no max	R1D61AAE	Service	HPE Data Management Framework 1PB 11-100PB 1-year Subscription E-LTU	0	10608.00		NA		No	08/04/2021	01/31/2031	BASELINE	N/A	$0.00	0.00%	2026-09-09: $10608.00
Software & Licenses	Server Management & Operating System Licenses	HPE OCA > DL380 Gen12 > Software & Licenses > Server Management & Operating System Licenses	Operating System / License	Unlimited	0	Unlimited	Selection constraint for Server Management & Operating System Licenses: no max	R1D62AAE	Service	HPE Data Management Framework 1PB 11-100PB 3-year Subscription E-LTU	0	30896.00		NA		No	08/04/2021	01/31/2031	BASELINE	N/A	$0.00	0.00%	2026-09-09: $30896.00
Software & Licenses	Server Management & Operating System Licenses	HPE OCA > DL380 Gen12 > Software & Licenses > Server Management & Operating System Licenses	Operating System / License	Unlimited	0	Unlimited	Selection constraint for Server Management & Operating System Licenses: no max	R1D63AAE	Service	HPE Data Management Framework 1PB 11-100PB 5-year Subscription E-LTU	0	49376.00		NA		No	08/04/2021	08/15/2026	BASELINE	N/A	$0.00	0.00%	2026-09-09: $49376.00
Software & Licenses	Server Management & Operating System Licenses	HPE OCA > DL380 Gen12 > Software & Licenses > Server Management & Operating System Licenses	Operating System / License	Unlimited	0	Unlimited	Selection constraint for Server Management & Operating System Licenses: no max	R1D64AAE	Service	HPE Data Management Framework 1PB 101PB+ 1-year Subscription E-LTU	0	5600.00		NA		No	08/04/2021	01/31/2031	BASELINE	N/A	$0.00	0.00%	2026-09-09: $5600.00
Software & Licenses	Server Management & Operating System Licenses	HPE OCA > DL380 Gen12 > Software & Licenses > Server Management & Operating System Licenses	Operating System / License	Unlimited	0	Unlimited	Selection constraint for Server Management & Operating System Licenses: no max	R1D65AAE	Service	HPE Data Management Framework 1PB 101PB+ 3-year Subscription E-LTU	0	16309.00		NA		No	08/04/2021	01/31/2031	BASELINE	N/A	$0.00	0.00%	2026-09-09: $16309.00
Software & Licenses	Server Management & Operating System Licenses	HPE OCA > DL380 Gen12 > Software & Licenses > Server Management & Operating System Licenses	Operating System / License	Unlimited	0	Unlimited	Selection constraint for Server Management & Operating System Licenses: no max	R1D66AAE	Service	HPE Data Management Framework 1PB 101PB+ 5-year Subscription E-LTU	0	26064.00		NA		No	08/04/2021	08/15/2026	BASELINE	N/A	$0.00	0.00%	2026-09-09: $26064.00
Accessories & Infrastructure	System Options	HPE OCA > DL380 Gen12 > Accessories & Infrastructure > System Options	Storage Controller	Optional	0	Optional	Selection constraint for System Options: optional	R7J57A	Service	Intel Virtual RAID on CPU Premium FIO Software for HPE	0	371.00		NA		No	04/06/2021	02/29/2028	BASELINE	N/A	$0.00	0.00%	2026-09-09: $371.00
Accessories & Infrastructure	System Options	HPE OCA > DL380 Gen12 > Accessories & Infrastructure > System Options	Storage Controller	Optional	0	Optional	Selection constraint for System Options: optional	R7J59AAE	Service	Intel Virtual RAID on CPU Premium E-RTU for HPE	0	371.00		NA		No	04/06/2021	02/29/2028	BASELINE	N/A	$0.00	0.00%	2026-09-09: $371.00
Accessories & Infrastructure	System Options	HPE OCA > DL380 Gen12 > Accessories & Infrastructure > System Options	Storage Controller	Optional	0	Optional	Selection constraint for System Options: optional	S3Q19A	Service	Intel Virtual RAID on CPU RAID 1 FIO Software for HPE	0	229.00		NA		No	04/01/2024	02/29/2028	BASELINE	N/A	$0.00	0.00%	2026-09-09: $229.00
Accessories & Infrastructure	System Options	HPE OCA > DL380 Gen12 > Accessories & Infrastructure > System Options	Storage Controller	Optional	0	Optional	Selection constraint for System Options: optional	S3Q39AAE	Service	Intel Virtual RAID on CPU RAID 1 E-RTU for HPE	0	229.00		NA		No	04/01/2024	02/29/2028	BASELINE	N/A	$0.00	0.00%	2026-09-09: $229.00
Software & Licenses	Server Management & Operating System Licenses	HPE OCA > DL380 Gen12 > Software & Licenses > Server Management & Operating System Licenses	Service & Support	Unlimited	0	Unlimited	Selection constraint for Server Management & Operating System Licenses: no max	Q0D22A	Standard	Red Hat Enterprise Linux Server 2 Sockets 4 Guests 5yr Subscription 24x7 Support Flexible LTU	0	10183.00		NA		No	08/15/2016	09/30/2028	BASELINE	N/A	$0.00	0.00%	2026-09-09: $10183.00
Software & Licenses	Server Management & Operating System Licenses	HPE OCA > DL380 Gen12 > Software & Licenses > Server Management & Operating System Licenses	Service & Support	Unlimited	0	Unlimited	Selection constraint for Server Management & Operating System Licenses: no max	Q0D22AAE	Service	Red Hat Enterprise Linux Server 2 Sockets 4 Guests 5yr Subscription 24x7 Support E-LTU	0	10183.00		NA		No	08/15/2016	09/30/2028	BASELINE	N/A	$0.00	0.00%	2026-09-09: $10183.00
Software & Licenses	Server Management & Operating System Licenses	HPE OCA > DL380 Gen12 > Software & Licenses > Server Management & Operating System Licenses	Service & Support	Unlimited	0	Unlimited	Selection constraint for Server Management & Operating System Licenses: no max	Q0D23A	Standard	Red Hat Enterprise Linux Server 2 Sockets 4 Guests 5yr Subscription 9x5 Support Flexible LTU	0	6264.00		NA		No	08/15/2016	09/30/2028	BASELINE	N/A	$0.00	0.00%	2026-09-09: $6264.00
Software & Licenses	Server Management & Operating System Licenses	HPE OCA > DL380 Gen12 > Software & Licenses > Server Management & Operating System Licenses	Service & Support	Unlimited	0	Unlimited	Selection constraint for Server Management & Operating System Licenses: no max	Q0D23AAE	Service	Red Hat Enterprise Linux Server 2 Sockets 4 Guests 5yr Subscription 9x5 Support E-LTU	0	6264.00		NA		No	08/15/2016	09/30/2028	BASELINE	N/A	$0.00	0.00%	2026-09-09: $6264.00
Software & Licenses	Server Management & Operating System Licenses	HPE OCA > DL380 Gen12 > Software & Licenses > Server Management & Operating System Licenses	Operating System / License	Unlimited	0	Unlimited	Selection constraint for Server Management & Operating System Licenses: no max	Q0D25A	Standard	Red Hat High Availability 2 Sockets or 2 Guests 5yr Subscription Flexible LTU	0	2085.00		NA		No	08/15/2016	11/30/2027	BASELINE	N/A	$0.00	0.00%	2026-09-09: $2085.00
Software & Licenses	Server Management & Operating System Licenses	HPE OCA > DL380 Gen12 > Software & Licenses > Server Management & Operating System Licenses	Operating System / License	Unlimited	0	Unlimited	Selection constraint for Server Management & Operating System Licenses: no max	Q0D25AAE	Service	Red Hat High Availability 2 Sockets or 2 Guests 5yr Subscription E-LTU	0	2085.00		NA		No	08/15/2016	11/30/2027	BASELINE	N/A	$0.00	0.00%	2026-09-09: $2085.00
Software & Licenses	Server Management & Operating System Licenses	HPE OCA > DL380 Gen12 > Software & Licenses > Server Management & Operating System Licenses	Operating System / License	Unlimited	0	Unlimited	Selection constraint for Server Management & Operating System Licenses: no max	Q0D26A	Standard	Red Hat High Availability 2 Sockets Unlimited Guests 5yr Subscription Flexible LTU	0	7532.00		NA		No	08/15/2016	11/30/2027	BASELINE	N/A	$0.00	0.00%	2026-09-09: $7532.00
Software & Licenses	Server Management & Operating System Licenses	HPE OCA > DL380 Gen12 > Software & Licenses > Server Management & Operating System Licenses	Operating System / License	Unlimited	0	Unlimited	Selection constraint for Server Management & Operating System Licenses: no max	Q0D26AAE	Service	Red Hat High Availability 2 Sockets Unlimited Guests 5yr Subscription E-LTU	0	7532.00		NA		No	08/15/2016	11/30/2027	BASELINE	N/A	$0.00	0.00%	2026-09-09: $7532.00
Software & Licenses	Server Management & Operating System Licenses	HPE OCA > DL380 Gen12 > Software & Licenses > Server Management & Operating System Licenses	Operating System / License	Unlimited	0	Unlimited	Selection constraint for Server Management & Operating System Licenses: no max	Q0D29A	Standard	Red Hat Resilient Storage 2 Sockets or 2 Guests 5yr Subscription Flexible LTU	0	4395.00		NA		No	08/15/2016	11/30/2027	BASELINE	N/A	$0.00	0.00%	2026-09-09: $4395.00
Software & Licenses	Server Management & Operating System Licenses	HPE OCA > DL380 Gen12 > Software & Licenses > Server Management & Operating System Licenses	Operating System / License	Unlimited	0	Unlimited	Selection constraint for Server Management & Operating System Licenses: no max	Q0D29AAE	Service	Red Hat Resilient Storage 2 Sockets or 2 Guests 5yr Subscription E-LTU	0	4395.00		NA		No	08/15/2016	11/30/2027	BASELINE	N/A	$0.00	0.00%	2026-09-09: $4395.00
Software & Licenses	Server Management & Operating System Licenses	HPE OCA > DL380 Gen12 > Software & Licenses > Server Management & Operating System Licenses	Operating System / License	Unlimited	0	Unlimited	Selection constraint for Server Management & Operating System Licenses: no max	Q0D30A	Standard	Red Hat Resilient Storage 2 Sockets Unlimited Guests 5yr Subscription Flexible LTU	0	15095.00		NA		No	08/15/2016	11/30/2027	BASELINE	N/A	$0.00	0.00%	2026-09-09: $15095.00
Software & Licenses	Server Management & Operating System Licenses	HPE OCA > DL380 Gen12 > Software & Licenses > Server Management & Operating System Licenses	Operating System / License	Unlimited	0	Unlimited	Selection constraint for Server Management & Operating System Licenses: no max	Q0D30AAE	Service	Red Hat Resilient Storage 2 Sockets Unlimited Guests 5yr Subscription E-LTU	0	15095.00		NA		No	08/15/2016	11/30/2027	BASELINE	N/A	$0.00	0.00%	2026-09-09: $15095.00
Software & Licenses	Server Management & Operating System Licenses	HPE OCA > DL380 Gen12 > Software & Licenses > Server Management & Operating System Licenses	Operating System / License	Unlimited	0	Unlimited	Selection constraint for Server Management & Operating System Licenses: no max	Q1X74AAE	Service	SUSE Linux Enterprise Server Live Patching x86-64 1-2Sockets Inherited Virtualization 1yr 24x7 E-LTU	0	752.00		NA		No	05/08/2017	10/31/2025	BASELINE	N/A	$0.00	0.00%	2026-09-09: $752.00
Software & Licenses	Server Management & Operating System Licenses	HPE OCA > DL380 Gen12 > Software & Licenses > Server Management & Operating System Licenses	Operating System / License	Unlimited	0	Unlimited	Selection constraint for Server Management & Operating System Licenses: no max	Q1X75AAE	Service	SUSE Linux Enterprise Server Live Patching x86-64 1-2Sockets Inherited Virtualization 3yr 24x7 E-LTU	0	2040.00		NA		No	05/08/2017	10/31/2025	BASELINE	N/A	$0.00	0.00%	2026-09-09: $2040.00
Software & Licenses	Server Management & Operating System Licenses	HPE OCA > DL380 Gen12 > Software & Licenses > Server Management & Operating System Licenses	Service & Support	Unlimited	0	Unlimited	Selection constraint for Server Management & Operating System Licenses: no max	Q5W19A	Standard	Red Hat Enterprise Linux for SAP (Physical/Virtual Nodes) 3yr Subscription 9x5 Support Flex LTU	0	2505.00		NA		No	06/05/2017	09/30/2028	BASELINE	N/A	$0.00	0.00%	2026-09-09: $2505.00
Software & Licenses	Server Management & Operating System Licenses	HPE OCA > DL380 Gen12 > Software & Licenses > Server Management & Operating System Licenses	Service & Support	Unlimited	0	Unlimited	Selection constraint for Server Management & Operating System Licenses: no max	Q5W19AAE	Service	Red Hat Enterprise Linux for SAP (Physical/Virtual Nodes) 3yr Subscription 9x5 Support E-LTU	0	2505.00		NA		No	06/05/2017	09/30/2028	BASELINE	N/A	$0.00	0.00%	2026-09-09: $2505.00
Software & Licenses	Server Management & Operating System Licenses	HPE OCA > DL380 Gen12 > Software & Licenses > Server Management & Operating System Licenses	Service & Support	Unlimited	0	Unlimited	Selection constraint for Server Management & Operating System Licenses: no max	Q5W20A	Standard	Red Hat Enterprise Linux for SAP (Physical/Virtual Nodes) 3yr Subscription 24x7 Support Flex LTU	0	4072.00		NA		No	06/05/2017	09/30/2028	BASELINE	N/A	$0.00	0.00%	2026-09-09: $4072.00
Software & Licenses	Server Management & Operating System Licenses	HPE OCA > DL380 Gen12 > Software & Licenses > Server Management & Operating System Licenses	Service & Support	Unlimited	0	Unlimited	Selection constraint for Server Management & Operating System Licenses: no max	Q5W20AAE	Service	Red Hat Enterprise Linux for SAP (Physical/Virtual Nodes) 3yr Subscription 24x7 Support E-LTU	0	4072.00		NA		No	06/05/2017	09/30/2028	BASELINE	N/A	$0.00	0.00%	2026-09-09: $4072.00
Software & Licenses	Server Management & Operating System Licenses	HPE OCA > DL380 Gen12 > Software & Licenses > Server Management & Operating System Licenses	Service & Support	Unlimited	0	Unlimited	Selection constraint for Server Management & Operating System Licenses: no max	Q5W21A	Standard	Red Hat Enterprise Linux for SAP (Physical/Virtual Nodes) 5yr Subscription 9x5 Support Flex LTU	0	4175.00		NA		No	06/05/2017	09/30/2028	BASELINE	N/A	$0.00	0.00%	2026-09-09: $4175.00
Software & Licenses	Server Management & Operating System Licenses	HPE OCA > DL380 Gen12 > Software & Licenses > Server Management & Operating System Licenses	Service & Support	Unlimited	0	Unlimited	Selection constraint for Server Management & Operating System Licenses: no max	Q5W21AAE	Service	Red Hat Enterprise Linux for SAP (Physical/Virtual Nodes) 5yr Subscription 9x5 Support E-LTU	0	4175.00		NA		No	06/05/2017	09/30/2028	BASELINE	N/A	$0.00	0.00%	2026-09-09: $4175.00
Software & Licenses	Server Management & Operating System Licenses	HPE OCA > DL380 Gen12 > Software & Licenses > Server Management & Operating System Licenses	Service & Support	Unlimited	0	Unlimited	Selection constraint for Server Management & Operating System Licenses: no max	Q5W22A	Standard	Red Hat Enterprise Linux for SAP (Physical/Virtual Nodes) 5yr Subscription 24x7 Support Flex LTU	0	6787.00		NA		No	06/05/2017	09/30/2028	BASELINE	N/A	$0.00	0.00%	2026-09-09: $6787.00
Software & Licenses	Server Management & Operating System Licenses	HPE OCA > DL380 Gen12 > Software & Licenses > Server Management & Operating System Licenses	Service & Support	Unlimited	0	Unlimited	Selection constraint for Server Management & Operating System Licenses: no max	Q5W22AAE	Service	Red Hat Enterprise Linux for SAP (Physical/Virtual Nodes) 5yr Subscription 24x7 Support E-LTU	0	6787.00		NA		No	06/05/2017	09/30/2028	BASELINE	N/A	$0.00	0.00%	2026-09-09: $6787.00
Software & Licenses	Server Management & Operating System Licenses	HPE OCA > DL380 Gen12 > Software & Licenses > Server Management & Operating System Licenses	Service & Support	Unlimited	0	Unlimited	Selection constraint for Server Management & Operating System Licenses: no max	Q5W23A	Standard	Red Hat Enterprise Linux for SAP for Virtual Datacenters 3yr Subscription 9x5 Support Flex LTU	0	9072.00		NA		No	06/05/2017	09/30/2028	BASELINE	N/A	$0.00	0.00%	2026-09-09: $9072.00
Software & Licenses	Server Management & Operating System Licenses	HPE OCA > DL380 Gen12 > Software & Licenses > Server Management & Operating System Licenses	Service & Support	Unlimited	0	Unlimited	Selection constraint for Server Management & Operating System Licenses: no max	Q5W23AAE	Service	Red Hat Enterprise Linux for SAP for Virtual Datacenters 3yr Subscription 9x5 Support E-LTU	0	9072.00		NA		No	06/05/2017	09/30/2028	BASELINE	N/A	$0.00	0.00%	2026-09-09: $9072.00
Software & Licenses	Server Management & Operating System Licenses	HPE OCA > DL380 Gen12 > Software & Licenses > Server Management & Operating System Licenses	Service & Support	Unlimited	0	Unlimited	Selection constraint for Server Management & Operating System Licenses: no max	Q5W24A	Standard	Red Hat Enterprise Linux for SAP for Virtual Datacenters 3yr Subscription 24x7 Support Flex LTU	0	14516.00		NA		No	06/05/2017	09/30/2028	BASELINE	N/A	$0.00	0.00%	2026-09-09: $14516.00
Software & Licenses	Server Management & Operating System Licenses	HPE OCA > DL380 Gen12 > Software & Licenses > Server Management & Operating System Licenses	Service & Support	Unlimited	0	Unlimited	Selection constraint for Server Management & Operating System Licenses: no max	Q5W24AAE	Service	Red Hat Enterprise Linux for SAP for Virtual Datacenters 3yr Subscription 24x7 Support E-LTU	0	14516.00		NA		No	06/05/2017	09/30/2028	BASELINE	N/A	$0.00	0.00%	2026-09-09: $14516.00
Software & Licenses	Server Management & Operating System Licenses	HPE OCA > DL380 Gen12 > Software & Licenses > Server Management & Operating System Licenses	Service & Support	Unlimited	0	Unlimited	Selection constraint for Server Management & Operating System Licenses: no max	Q5W25A	Standard	Red Hat Enterprise Linux for SAP for Virtual Datacenters 5yr Subscription 9x5 Support Flex LTU	0	15119.00		NA		No	06/05/2017	09/30/2028	BASELINE	N/A	$0.00	0.00%	2026-09-09: $15119.00
Software & Licenses	Server Management & Operating System Licenses	HPE OCA > DL380 Gen12 > Software & Licenses > Server Management & Operating System Licenses	Service & Support	Unlimited	0	Unlimited	Selection constraint for Server Management & Operating System Licenses: no max	Q5W25AAE	Service	Red Hat Enterprise Linux for SAP for Virtual Datacenters 5yr Subscription 9x5 Support E-LTU	0	15119.00		NA		No	06/05/2017	09/30/2028	BASELINE	N/A	$0.00	0.00%	2026-09-09: $15119.00
Software & Licenses	Server Management & Operating System Licenses	HPE OCA > DL380 Gen12 > Software & Licenses > Server Management & Operating System Licenses	Service & Support	Unlimited	0	Unlimited	Selection constraint for Server Management & Operating System Licenses: no max	Q5W26A	Standard	Red Hat Enterprise Linux for SAP for Virtual Datacenters 5yr Subscription 24x7 Support Flex LTU	0	24194.00		NA		No	06/05/2017	09/30/2028	BASELINE	N/A	$0.00	0.00%	2026-09-09: $24194.00
Software & Licenses	Server Management & Operating System Licenses	HPE OCA > DL380 Gen12 > Software & Licenses > Server Management & Operating System Licenses	Service & Support	Unlimited	0	Unlimited	Selection constraint for Server Management & Operating System Licenses: no max	Q5W26AAE	Service	Red Hat Enterprise Linux for SAP for Virtual Datacenters 5yr Subscription 24x7 Support E-LTU	0	24194.00		NA		No	06/05/2017	09/30/2028	BASELINE	N/A	$0.00	0.00%	2026-09-09: $24194.00
Software & Licenses	Server Management & Operating System Licenses	HPE OCA > DL380 Gen12 > Software & Licenses > Server Management & Operating System Licenses	Service & Support	Unlimited	0	Unlimited	Selection constraint for Server Management & Operating System Licenses: no max	Q8U15A	Standard	Red Hat Enterprise Linux for SAP Solutions for Virtual DC 3yr Subscription 24x7 Support LTU	0	24680.00		NA		No	12/04/2017	11/30/2027	BASELINE	N/A	$0.00	0.00%	2026-09-09: $24680.00
Software & Licenses	Server Management & Operating System Licenses	HPE OCA > DL380 Gen12 > Software & Licenses > Server Management & Operating System Licenses	Service & Support	Unlimited	0	Unlimited	Selection constraint for Server Management & Operating System Licenses: no max	Q8U15AAE	Service	Red Hat Enterprise Linux for SAP Solutions for Virtual DC 3yr Subscription 24x7 Support E-LTU	0	24680.00		NA		No	12/04/2017	11/30/2027	BASELINE	N/A	$0.00	0.00%	2026-09-09: $24680.00
Software & Licenses	Server Management & Operating System Licenses	HPE OCA > DL380 Gen12 > Software & Licenses > Server Management & Operating System Licenses	Service & Support	Unlimited	0	Unlimited	Selection constraint for Server Management & Operating System Licenses: no max	Q8U16A	Standard	Red Hat Enterprise Linux for SAP Solutions for Virtual DC 5yr Subscription 24x7 Support LTU	0	41134.00		NA		No	12/04/2017	11/30/2027	BASELINE	N/A	$0.00	0.00%	2026-09-09: $41134.00
Software & Licenses	Server Management & Operating System Licenses	HPE OCA > DL380 Gen12 > Software & Licenses > Server Management & Operating System Licenses	Service & Support	Unlimited	0	Unlimited	Selection constraint for Server Management & Operating System Licenses: no max	Q8U16AAE	Service	Red Hat Enterprise Linux for SAP Solutions for Virtual DC 5yr Subscription 24x7 Support E-LTU	0	41134.00		NA		No	12/04/2017	11/30/2027	BASELINE	N/A	$0.00	0.00%	2026-09-09: $41134.00
Software & Licenses	Server Management & Operating System Licenses	HPE OCA > DL380 Gen12 > Software & Licenses > Server Management & Operating System Licenses	Service & Support	Unlimited	0	Unlimited	Selection constraint for Server Management & Operating System Licenses: no max	Q8U17A	Standard	Red Hat Enterprise Linux for SAP Solutions for Virtual DC 3yr Subscription 9x5 Support LTU	0	20325.00		NA		No	12/04/2017	11/30/2027	BASELINE	N/A	$0.00	0.00%	2026-09-09: $20325.00
Software & Licenses	Server Management & Operating System Licenses	HPE OCA > DL380 Gen12 > Software & Licenses > Server Management & Operating System Licenses	Service & Support	Unlimited	0	Unlimited	Selection constraint for Server Management & Operating System Licenses: no max	Q8U17AAE	Service	Red Hat Enterprise Linux for SAP Solutions for Virtual DC 3yr Subscription 9x5 Support E-LTU	0	20325.00		NA		No	12/04/2017	11/30/2027	BASELINE	N/A	$0.00	0.00%	2026-09-09: $20325.00
Software & Licenses	Server Management & Operating System Licenses	HPE OCA > DL380 Gen12 > Software & Licenses > Server Management & Operating System Licenses	Service & Support	Unlimited	0	Unlimited	Selection constraint for Server Management & Operating System Licenses: no max	Q8U18A	Standard	Red Hat Enterprise Linux for SAP Solutions for Virtual DC 5yr Subscription 9x5 Support LTU	0	33874.00		NA		No	12/04/2017	11/30/2027	BASELINE	N/A	$0.00	0.00%	2026-09-09: $33874.00
Software & Licenses	Server Management & Operating System Licenses	HPE OCA > DL380 Gen12 > Software & Licenses > Server Management & Operating System Licenses	Service & Support	Unlimited	0	Unlimited	Selection constraint for Server Management & Operating System Licenses: no max	Q8U18AAE	Service	Red Hat Enterprise Linux for SAP Solutions for Virtual DC 5yr Subscription 9x5 Support E-LTU	0	33874.00		NA		No	12/04/2017	11/30/2027	BASELINE	N/A	$0.00	0.00%	2026-09-09: $33874.00
Software & Licenses	Server Management & Operating System Licenses	HPE OCA > DL380 Gen12 > Software & Licenses > Server Management & Operating System Licenses	Service & Support	Unlimited	0	Unlimited	Selection constraint for Server Management & Operating System Licenses: no max	Q8U19A	Standard	Red Hat Enterprise Linux for SAP Solutions for Physical Nodes 3yr Subscription 24x7 Support LTU	0	6737.00		NA		No	12/04/2017	11/30/2027	BASELINE	N/A	$0.00	0.00%	2026-09-09: $6737.00
Software & Licenses	Server Management & Operating System Licenses	HPE OCA > DL380 Gen12 > Software & Licenses > Server Management & Operating System Licenses	Service & Support	Unlimited	0	Unlimited	Selection constraint for Server Management & Operating System Licenses: no max	Q8U19AAE	Service	Red Hat Enterprise Linux for SAP Solutions for Physical Nodes 3yr Subscription 24x7 Support E-LTU	0	6737.00		NA		No	12/04/2017	11/30/2027	BASELINE	N/A	$0.00	0.00%	2026-09-09: $6737.00
Software & Licenses	Server Management & Operating System Licenses	HPE OCA > DL380 Gen12 > Software & Licenses > Server Management & Operating System Licenses	Service & Support	Unlimited	0	Unlimited	Selection constraint for Server Management & Operating System Licenses: no max	Q8U20A	Standard	Red Hat Enterprise Linux for SAP Solutions for Physical Nodes 5yr Subscription 24x7 Support LTU	0	11229.00		NA		No	12/04/2017	11/30/2027	BASELINE	N/A	$0.00	0.00%	2026-09-09: $11229.00
Software & Licenses	Server Management & Operating System Licenses	HPE OCA > DL380 Gen12 > Software & Licenses > Server Management & Operating System Licenses	Service & Support	Unlimited	0	Unlimited	Selection constraint for Server Management & Operating System Licenses: no max	Q8U20AAE	Service	Red Hat Enterprise Linux for SAP Solutions for Physical Nodes 5yr Subscription 24x7 Support E-LTU	0	11229.00		NA		No	12/04/2017	11/30/2027	BASELINE	N/A	$0.00	0.00%	2026-09-09: $11229.00
Software & Licenses	Server Management & Operating System Licenses	HPE OCA > DL380 Gen12 > Software & Licenses > Server Management & Operating System Licenses	Service & Support	Unlimited	0	Unlimited	Selection constraint for Server Management & Operating System Licenses: no max	Q8U21A	Standard	Red Hat Enterprise Linux for SAP Solutions for Physical Nodes 3yr Subscription 9x5 Support LTU	0	5483.00		NA		No	12/04/2017	11/30/2027	BASELINE	N/A	$0.00	0.00%	2026-09-09: $5483.00
Software & Licenses	Server Management & Operating System Licenses	HPE OCA > DL380 Gen12 > Software & Licenses > Server Management & Operating System Licenses	Service & Support	Unlimited	0	Unlimited	Selection constraint for Server Management & Operating System Licenses: no max	Q8U21AAE	Service	Red Hat Enterprise Linux for SAP Solutions for Physical Nodes 3yr Subscription 9x5 Support E-LTU	0	5483.00		NA		No	12/04/2017	11/30/2027	BASELINE	N/A	$0.00	0.00%	2026-09-09: $5483.00
Software & Licenses	Server Management & Operating System Licenses	HPE OCA > DL380 Gen12 > Software & Licenses > Server Management & Operating System Licenses	Service & Support	Unlimited	0	Unlimited	Selection constraint for Server Management & Operating System Licenses: no max	Q8U22A	Standard	Red Hat Enterprise Linux for SAP Solutions for Physical Nodes 5yr Subscription 9x5 Support LTU	0	9139.00		NA		No	12/04/2017	11/30/2027	BASELINE	N/A	$0.00	0.00%	2026-09-09: $9139.00
Software & Licenses	Server Management & Operating System Licenses	HPE OCA > DL380 Gen12 > Software & Licenses > Server Management & Operating System Licenses	Service & Support	Unlimited	0	Unlimited	Selection constraint for Server Management & Operating System Licenses: no max	Q8U22AAE	Service	Red Hat Enterprise Linux for SAP Solutions for Physical Nodes 5yr Subscription 9x5 Support E-LTU	0	9139.00		NA		No	12/04/2017	11/30/2027	BASELINE	N/A	$0.00	0.00%	2026-09-09: $9139.00
Software & Licenses	Server Management & Operating System Licenses	HPE OCA > DL380 Gen12 > Software & Licenses > Server Management & Operating System Licenses	Operating System / License	Unlimited	0	Unlimited	Selection constraint for Server Management & Operating System Licenses: no max	R8V72A	Service	SUSE Linux Enterprise Server for SAP 1-2 Sockets Unlimited VM w/Live Patching 3yr 24x7 Flexible LTU	0	18873.00		NA		No	10/04/2021	03/02/2026	BASELINE	N/A	$0.00	0.00%	2026-09-09: $18873.00
Software & Licenses	Server Management & Operating System Licenses	HPE OCA > DL380 Gen12 > Software & Licenses > Server Management & Operating System Licenses	Operating System / License	Unlimited	0	Unlimited	Selection constraint for Server Management & Operating System Licenses: no max	R8V72AAE	Service	SUSE Linux Enterprise Server for SAP 1-2 Sockets Unlimited VM w/Live Patching 3-year 24x7 E-LTU	0	18873.00		NA		No	10/04/2021	03/02/2026	BASELINE	N/A	$0.00	0.00%	2026-09-09: $18873.00
Software & Licenses	Server Management & Operating System Licenses	HPE OCA > DL380 Gen12 > Software & Licenses > Server Management & Operating System Licenses	Operating System / License	Unlimited	0	Unlimited	Selection constraint for Server Management & Operating System Licenses: no max	R8V73A	Service	SUSE Linux Enterprise Server for SAP 1-2 Sockets Unlimited VM w/Live Patching 5yr 24x7 Flexible LTU	0	31455.00		NA		No	10/04/2021	03/02/2026	BASELINE	N/A	$0.00	0.00%	2026-09-09: $31455.00
Software & Licenses	Server Management & Operating System Licenses	HPE OCA > DL380 Gen12 > Software & Licenses > Server Management & Operating System Licenses	Operating System / License	Unlimited	0	Unlimited	Selection constraint for Server Management & Operating System Licenses: no max	R8V73AAE	Service	SUSE Linux Enterprise Server for SAP 1-2 Sockets Unlimited VM w/Live Patching 5-year 24x7 E-LTU	0	31455.00		NA		No	10/04/2021	03/02/2026	BASELINE	N/A	$0.00	0.00%	2026-09-09: $31455.00
Software & Licenses	Server Management & Operating System Licenses	HPE OCA > DL380 Gen12 > Software & Licenses > Server Management & Operating System Licenses	Operating System / License	Unlimited	0	Unlimited	Selection constraint for Server Management & Operating System Licenses: no max	R8V74A	Service	SUSE Linux Enterprise Server 1-2 Sockets Unlimited VM w/Live Patching 1-year 9x5 Flexible LTU	0	2260.00		NA		No	10/04/2021	01/04/2027	BASELINE	N/A	$0.00	0.00%	2026-09-09: $2260.00
Software & Licenses	Server Management & Operating System Licenses	HPE OCA > DL380 Gen12 > Software & Licenses > Server Management & Operating System Licenses	Operating System / License	Unlimited	0	Unlimited	Selection constraint for Server Management & Operating System Licenses: no max	R8V74AAE	Service	SUSE Linux Enterprise Server 1-2 Sockets Unlimited VM w/Live Patching 1-year 9x5 E-LTU	0	2260.00		NA		No	10/04/2021	01/04/2027	BASELINE	N/A	$0.00	0.00%	2026-09-09: $2260.00
Software & Licenses	Server Management & Operating System Licenses	HPE OCA > DL380 Gen12 > Software & Licenses > Server Management & Operating System Licenses	Operating System / License	Unlimited	0	Unlimited	Selection constraint for Server Management & Operating System Licenses: no max	R8V75A	Service	SUSE Linux Enterprise Server 1-2 Sockets Unlimited VM w/Live Patching 3-year 9x5 Flexible LTU	0	6110.00		NA		No	10/04/2021	01/04/2027	BASELINE	N/A	$0.00	0.00%	2026-09-09: $6110.00
Software & Licenses	Server Management & Operating System Licenses	HPE OCA > DL380 Gen12 > Software & Licenses > Server Management & Operating System Licenses	Operating System / License	Unlimited	0	Unlimited	Selection constraint for Server Management & Operating System Licenses: no max	R8V75AAE	Service	SUSE Linux Enterprise Server 1-2 Sockets Unlimited VM w/Live Patching 3-year 9x5 E-LTU	0	6110.00		NA		No	10/04/2021	01/04/2027	BASELINE	N/A	$0.00	0.00%	2026-09-09: $6110.00
Software & Licenses	Server Management & Operating System Licenses	HPE OCA > DL380 Gen12 > Software & Licenses > Server Management & Operating System Licenses	Operating System / License	Unlimited	0	Unlimited	Selection constraint for Server Management & Operating System Licenses: no max	R8V76A	Service	SUSE Linux Enterprise Server 1-2 Sockets Unlimited VM w/Live Patching 1-year 24x7 Flexible LTU	0	3980.00		NA		No	10/04/2021	01/04/2027	BASELINE	N/A	$0.00	0.00%	2026-09-09: $3980.00
Software & Licenses	Server Management & Operating System Licenses	HPE OCA > DL380 Gen12 > Software & Licenses > Server Management & Operating System Licenses	Operating System / License	Unlimited	0	Unlimited	Selection constraint for Server Management & Operating System Licenses: no max	R8V76AAE	Service	SUSE Linux Enterprise Server 1-2 Sockets Unlimited VM w/Live Patching 1-year 24x7 E-LTU	0	3980.00		NA		No	10/04/2021	01/04/2027	BASELINE	N/A	$0.00	0.00%	2026-09-09: $3980.00
Software & Licenses	Server Management & Operating System Licenses	HPE OCA > DL380 Gen12 > Software & Licenses > Server Management & Operating System Licenses	Operating System / License	Unlimited	0	Unlimited	Selection constraint for Server Management & Operating System Licenses: no max	R8V77A	Service	SUSE Linux Enterprise Server 1-2 Sockets Unlimited VM w/Live Patching 3-year 24x7 Flexible LTU	0	10800.00		NA		No	10/04/2021	01/04/2027	BASELINE	N/A	$0.00	0.00%	2026-09-09: $10800.00
Software & Licenses	Server Management & Operating System Licenses	HPE OCA > DL380 Gen12 > Software & Licenses > Server Management & Operating System Licenses	Operating System / License	Unlimited	0	Unlimited	Selection constraint for Server Management & Operating System Licenses: no max	R8V77AAE	Service	SUSE Linux Enterprise Server 1-2 Sockets Unlimited VM w/Live Patching 3-year 24x7 E-LTU	0	10800.00		NA		No	10/04/2021	01/04/2027	BASELINE	N/A	$0.00	0.00%	2026-09-09: $10800.00
Software & Licenses	Server Management & Operating System Licenses	HPE OCA > DL380 Gen12 > Software & Licenses > Server Management & Operating System Licenses	Operating System / License	Unlimited	0	Unlimited	Selection constraint for Server Management & Operating System Licenses: no max	R8V78A	Service	SUSE Linux Enterprise Server 1-2 Sockets Unlimited VM w/Live Patching 5-year 24x7 Flexible LTU	0	18000.00		NA		No	10/04/2021	01/04/2027	BASELINE	N/A	$0.00	0.00%	2026-09-09: $18000.00
Software & Licenses	Server Management & Operating System Licenses	HPE OCA > DL380 Gen12 > Software & Licenses > Server Management & Operating System Licenses	Operating System / License	Unlimited	0	Unlimited	Selection constraint for Server Management & Operating System Licenses: no max	R8V78AAE	Service	SUSE Linux Enterprise Server 1-2 Sockets Unlimited VM w/Live Patching 5-year 24x7 E-LTU	0	18000.00		NA		No	10/04/2021	01/04/2027	BASELINE	N/A	$0.00	0.00%	2026-09-09: $18000.00
Software & Licenses	Server Management & Operating System Licenses	HPE OCA > DL380 Gen12 > Software & Licenses > Server Management & Operating System Licenses	Operating System / License	Unlimited	0	Unlimited	Selection constraint for Server Management & Operating System Licenses: no max	R8V79A	Service	SUSE Linux Enterprise Server 1-2 Sockets Unlimited VM w/Live Patching 5-year 9x5 Flexible LTU	0	10200.00		NA		No	10/04/2021	01/04/2027	BASELINE	N/A	$0.00	0.00%	2026-09-09: $10200.00
Software & Licenses	Server Management & Operating System Licenses	HPE OCA > DL380 Gen12 > Software & Licenses > Server Management & Operating System Licenses	Operating System / License	Unlimited	0	Unlimited	Selection constraint for Server Management & Operating System Licenses: no max	R8V84A	Service	SUSE Linux Enterprise Server for SAP 1-2 Sockets Unlimited VM w/Live Patching 3yr 24x7 Flexible LTU	0	18873.00		NA		No	10/04/2021	03/02/2026	BASELINE	N/A	$0.00	0.00%	2026-09-09: $18873.00
Software & Licenses	Server Management & Operating System Licenses	HPE OCA > DL380 Gen12 > Software & Licenses > Server Management & Operating System Licenses	Operating System / License	Unlimited	0	Unlimited	Selection constraint for Server Management & Operating System Licenses: no max	R8V85A	Service	SUSE Linux Enterprise Server for SAP 1-2 Sockets Unlimited VM w/Live Patching 5yr 24x7 Flexible LTU	0	31455.00		NA		No	10/04/2021	03/02/2026	BASELINE	N/A	$0.00	0.00%	2026-09-09: $31455.00
Software & Licenses	Server Management & Operating System Licenses	HPE OCA > DL380 Gen12 > Software & Licenses > Server Management & Operating System Licenses	Operating System / License	Unlimited	0	Unlimited	Selection constraint for Server Management & Operating System Licenses: no max	R8V86AAE	Service	SUSE Manager Lifecycle Management 1-2 Sockets or 1-2 VM 1-year 24x7 E-LTU	0	268.00		NA		No	10/04/2021	01/04/2027	BASELINE	N/A	$0.00	0.00%	2026-09-09: $268.00
Software & Licenses	Server Management & Operating System Licenses	HPE OCA > DL380 Gen12 > Software & Licenses > Server Management & Operating System Licenses	Operating System / License	Unlimited	0	Unlimited	Selection constraint for Server Management & Operating System Licenses: no max	R8V87AAE	Service	SUSE Manager Lifecycle Management 1-2 Sockets Unlimited VM 1-year 24x7 E-LTU	0	806.00		NA		No	10/04/2021	01/04/2027	BASELINE	N/A	$0.00	0.00%	2026-09-09: $806.00
Software & Licenses	Server Management & Operating System Licenses	HPE OCA > DL380 Gen12 > Software & Licenses > Server Management & Operating System Licenses	Operating System / License	Unlimited	0	Unlimited	Selection constraint for Server Management & Operating System Licenses: no max	R8V88AAE	Service	SUSE Manager Lifecycle Management 1-2 Sockets or 1-2 VM 3-year 24x7 E-LTU	0	724.00		NA		No	10/04/2021	01/04/2027	BASELINE	N/A	$0.00	0.00%	2026-09-09: $724.00
Software & Licenses	Server Management & Operating System Licenses	HPE OCA > DL380 Gen12 > Software & Licenses > Server Management & Operating System Licenses	Operating System / License	Unlimited	0	Unlimited	Selection constraint for Server Management & Operating System Licenses: no max	R8V89AAE	Service	SUSE Manager Lifecycle Management 1-2 Sockets Unlimited VM 3-year 24x7 E-LTU	0	2180.00		NA		No	10/04/2021	01/04/2027	BASELINE	N/A	$0.00	0.00%	2026-09-09: $2180.00
Software & Licenses	Server Management & Operating System Licenses	HPE OCA > DL380 Gen12 > Software & Licenses > Server Management & Operating System Licenses	Operating System / License	Unlimited	0	Unlimited	Selection constraint for Server Management & Operating System Licenses: no max	S0F21AAE	Service	SUSE Manager Lifecycle Management 1-2 Sockets or 1-2 VM 5-year 24x7 E-LTU	0	1210.00		NA		No	10/03/2022	09/30/2027	BASELINE	N/A	$0.00	0.00%	2026-09-09: $1210.00
Software & Licenses	Server Management & Operating System Licenses	HPE OCA > DL380 Gen12 > Software & Licenses > Server Management & Operating System Licenses	Operating System / License	Unlimited	0	Unlimited	Selection constraint for Server Management & Operating System Licenses: no max	S0F22AAE	Service	SUSE Manager Lifecycle Management 1-2 Sockets Unlimited VM 5-year 24x7 E-LTU	0	3630.00		NA		No	10/03/2022	09/30/2027	BASELINE	N/A	$0.00	0.00%	2026-09-09: $3630.00
Software & Licenses	Server Management & Operating System Licenses	HPE OCA > DL380 Gen12 > Software & Licenses > Server Management & Operating System Licenses	Operating System / License	Unlimited	0	Unlimited	Selection constraint for Server Management & Operating System Licenses: no max	S0F24AAE	Service	SUSE Linux Enterprise Server 1-2 Sockets Unlimited VM w/Live Patching 5-year 9x5 E-LTU	0	10200.00		NA		No	10/03/2022	09/30/2027	BASELINE	N/A	$0.00	0.00%	2026-09-09: $10200.00
Software & Licenses	Server Management & Operating System Licenses	HPE OCA > DL380 Gen12 > Software & Licenses > Server Management & Operating System Licenses	Operating System / License	Unlimited	0	Unlimited	Selection constraint for Server Management & Operating System Licenses: no max	S0F25AAE	Service	SUSE Manager Lifecycle Management 1-2 Sockets or 1-2 VM 1-year 24x7 E-LTU	0	268.00		NA		No	10/03/2022	09/30/2027	BASELINE	N/A	$0.00	0.00%	2026-09-09: $268.00
Software & Licenses	Server Management & Operating System Licenses	HPE OCA > DL380 Gen12 > Software & Licenses > Server Management & Operating System Licenses	Operating System / License	Unlimited	0	Unlimited	Selection constraint for Server Management & Operating System Licenses: no max	S0F26AAE	Service	SUSE Manager Lifecycle Management 1-2 Sockets Unlimited VM 1-year 24x7 E-LTU	0	806.00		NA		No	10/03/2022	09/30/2027	BASELINE	N/A	$0.00	0.00%	2026-09-09: $806.00
Software & Licenses	Server Management & Operating System Licenses	HPE OCA > DL380 Gen12 > Software & Licenses > Server Management & Operating System Licenses	Operating System / License	Unlimited	0	Unlimited	Selection constraint for Server Management & Operating System Licenses: no max	S0F27AAE	Service	SUSE Manager Lifecycle Management 1-2 Sockets or 1-2 VM 3-year 24x7 E-LTU	0	724.00		NA		No	10/03/2022	09/30/2027	BASELINE	N/A	$0.00	0.00%	2026-09-09: $724.00
Software & Licenses	Server Management & Operating System Licenses	HPE OCA > DL380 Gen12 > Software & Licenses > Server Management & Operating System Licenses	Operating System / License	Unlimited	0	Unlimited	Selection constraint for Server Management & Operating System Licenses: no max	S0F28AAE	Service	SUSE Manager Lifecycle Management 1-2 Sockets Unlimited VM 3-year 24x7 E-LTU	0	2180.00		NA		No	10/03/2022	09/30/2027	BASELINE	N/A	$0.00	0.00%	2026-09-09: $2180.00
Software & Licenses	Server Management & Operating System Licenses	HPE OCA > DL380 Gen12 > Software & Licenses > Server Management & Operating System Licenses	Operating System / License	Unlimited	0	Unlimited	Selection constraint for Server Management & Operating System Licenses: no max	S0F29AAE	Service	SUSE Manager Lifecycle Management 1-2 Sockets or 1-2 VM 5-year 24x7 E-LTU	0	1210.00		NA		No	10/03/2022	09/30/2027	BASELINE	N/A	$0.00	0.00%	2026-09-09: $1210.00
Software & Licenses	Server Management & Operating System Licenses	HPE OCA > DL380 Gen12 > Software & Licenses > Server Management & Operating System Licenses	Operating System / License	Unlimited	0	Unlimited	Selection constraint for Server Management & Operating System Licenses: no max	S0F30AAE	Service	SUSE Manager Lifecycle Management 1-2 Sockets Unlimited VM 5-year 24x7 E-LTU	0	3630.00		NA		No	10/03/2022	09/30/2027	BASELINE	N/A	$0.00	0.00%	2026-09-09: $3630.00
Software & Licenses	Server Management & Operating System Licenses	HPE OCA > DL380 Gen12 > Software & Licenses > Server Management & Operating System Licenses	Service & Support	Unlimited	0	Unlimited	Selection constraint for Server Management & Operating System Licenses: no max	S3B60AAE	Service	SUSE Storage per Node Add-on 5-15 Nodes 1-year Subscription 24x7 Support E-LTU	0	1980.00		NA		No	03/04/2024	12/31/2024	BASELINE	N/A	$0.00	0.00%	2026-09-09: $1980.00
Software & Licenses	Server Management & Operating System Licenses	HPE OCA > DL380 Gen12 > Software & Licenses > Server Management & Operating System Licenses	Service & Support	Unlimited	0	Unlimited	Selection constraint for Server Management & Operating System Licenses: no max	S3B61AAE	Service	SUSE Storage per Node Add-on 16-50 Nodes 1-year Subscription 24x7 Support E-LTU	0	1860.00		NA		No	03/04/2024	12/31/2024	BASELINE	N/A	$0.00	0.00%	2026-09-09: $1860.00
Software & Licenses	Server Management & Operating System Licenses	HPE OCA > DL380 Gen12 > Software & Licenses > Server Management & Operating System Licenses	Service & Support	Unlimited	0	Unlimited	Selection constraint for Server Management & Operating System Licenses: no max	S3B62AAE	Service	SUSE Storage per Node Add-on 5-15 Nodes 3-year Subscription 24x7 Support E-LTU	0	5346.00		NA		No	03/04/2024	12/31/2024	BASELINE	N/A	$0.00	0.00%	2026-09-09: $5346.00
Software & Licenses	Server Management & Operating System Licenses	HPE OCA > DL380 Gen12 > Software & Licenses > Server Management & Operating System Licenses	Service & Support	Unlimited	0	Unlimited	Selection constraint for Server Management & Operating System Licenses: no max	S3B63AAE	Service	SUSE Storage per Node Add-on 16-50 Nodes 3-year Subscription 24x7 Support E-LTU	0	5022.00		NA		No	03/04/2024	12/31/2024	BASELINE	N/A	$0.00	0.00%	2026-09-09: $5022.00
Software & Licenses	Server Management & Operating System Licenses	HPE OCA > DL380 Gen12 > Software & Licenses > Server Management & Operating System Licenses	Service & Support	Unlimited	0	Unlimited	Selection constraint for Server Management & Operating System Licenses: no max	S3B64AAE	Service	SUSE Storage per Node Add-on 5-15 Nodes 5-year Subscription 24x7 Support E-LTU	0	8910.00		NA		No	03/04/2024	12/31/2024	BASELINE	N/A	$0.00	0.00%	2026-09-09: $8910.00
Software & Licenses	Server Management & Operating System Licenses	HPE OCA > DL380 Gen12 > Software & Licenses > Server Management & Operating System Licenses	Service & Support	Unlimited	0	Unlimited	Selection constraint for Server Management & Operating System Licenses: no max	S3B65AAE	Service	SUSE Storage per Node Add-on 16-50 Nodes 5-year Subscription 24x7 Support E-LTU	0	8370.00		NA		No	03/04/2024	12/31/2024	BASELINE	N/A	$0.00	0.00%	2026-09-09: $8370.00
Software & Licenses	Server Management & Operating System Licenses	HPE OCA > DL380 Gen12 > Software & Licenses > Server Management & Operating System Licenses	Operating System / License	Unlimited	0	Unlimited	Selection constraint for Server Management & Operating System Licenses: no max	S3B66AAE	Service	SUSE Rancher Prime with Rancher Prime Management Server per Node 5-15 Nodes 1yr Sub 24x7 Sup E-LTU	0	5400.00		NA		No	03/04/2024	12/31/2024	BASELINE	N/A	$0.00	0.00%	2026-09-09: $5400.00
Software & Licenses	Server Management & Operating System Licenses	HPE OCA > DL380 Gen12 > Software & Licenses > Server Management & Operating System Licenses	Operating System / License	Unlimited	0	Unlimited	Selection constraint for Server Management & Operating System Licenses: no max	S3B67AAE	Service	SUSE Rancher Prime w/2x Rancher Prime Management Server per Node 16-50 Nodes 1yr Sub 24x7 Sup E-LTU	0	3851.00		NA		No	03/04/2024	12/31/2024	BASELINE	N/A	$0.00	0.00%	2026-09-09: $3851.00
Software & Licenses	Server Management & Operating System Licenses	HPE OCA > DL380 Gen12 > Software & Licenses > Server Management & Operating System Licenses	Operating System / License	Unlimited	0	Unlimited	Selection constraint for Server Management & Operating System Licenses: no max	S3B68AAE	Service	SUSE Rancher Prime with Rancher Prime Management Server per Node 5-15 Nodes 3yr Sub 24x7 Sup E-LTU	0	14580.00		NA		No	03/04/2024	12/31/2024	BASELINE	N/A	$0.00	0.00%	2026-09-09: $14580.00
Software & Licenses	Server Management & Operating System Licenses	HPE OCA > DL380 Gen12 > Software & Licenses > Server Management & Operating System Licenses	Operating System / License	Unlimited	0	Unlimited	Selection constraint for Server Management & Operating System Licenses: no max	S3B69AAE	Service	SUSE Rancher Prime w/2x Rancher Prime Management Server per Node 16-50 Nodes 3yr Sub 24x7 Sup E-LTU	0	10395.00		NA		No	03/04/2024	12/31/2024	BASELINE	N/A	$0.00	0.00%	2026-09-09: $10395.00
Software & Licenses	Server Management & Operating System Licenses	HPE OCA > DL380 Gen12 > Software & Licenses > Server Management & Operating System Licenses	Operating System / License	Unlimited	0	Unlimited	Selection constraint for Server Management & Operating System Licenses: no max	S3B70AAE	Service	SUSE Rancher Prime with Rancher Prime Management Server per Node 5-15 Nodes 5yr Sub 24x7 Sup E-LTU	0	24300.00		NA		No	03/04/2024	12/31/2024	BASELINE	N/A	$0.00	0.00%	2026-09-09: $24300.00
Software & Licenses	Server Management & Operating System Licenses	HPE OCA > DL380 Gen12 > Software & Licenses > Server Management & Operating System Licenses	Operating System / License	Unlimited	0	Unlimited	Selection constraint for Server Management & Operating System Licenses: no max	S3B71AAE	Service	SUSE Rancher Prime w/2x Rancher Prime Management Server per Node 16-50 Nodes 5yr Sub 24x7 Sup E-LTU	0	17325.00		NA		No	03/04/2024	12/31/2024	BASELINE	N/A	$0.00	0.00%	2026-09-09: $17325.00
Software & Licenses	Server Management & Operating System Licenses	HPE OCA > DL380 Gen12 > Software & Licenses > Server Management & Operating System Licenses	Operating System / License	Unlimited	0	Unlimited	Selection constraint for Server Management & Operating System Licenses: no max	S7N77AAE	Service	SUSE Linux Enterprise Server for SAP Applications 1-2 Sockets Unlimited VM 3yr Sub 24x7 Sup E-LTU	0	18873.00		NA		No	03/02/2026	04/30/2028	BASELINE	N/A	$0.00	0.00%	2026-09-09: $18873.00
Software & Licenses	Server Management & Operating System Licenses	HPE OCA > DL380 Gen12 > Software & Licenses > Server Management & Operating System Licenses	Operating System / License	Unlimited	0	Unlimited	Selection constraint for Server Management & Operating System Licenses: no max	S7N78AAE	Service	SUSE Linux Enterprise Server for SAP Applications 1-2 Sockets Unlimited VM 5yr Sub 24x7 Sup E-LTU	0	31455.00		NA		No	03/02/2026	04/30/2028	BASELINE	N/A	$0.00	0.00%	2026-09-09: $31455.00
Software & Licenses	Server Management & Operating System Licenses	HPE OCA > DL380 Gen12 > Software & Licenses > Server Management & Operating System Licenses	Operating System / License	Unlimited	0	Unlimited	Selection constraint for Server Management & Operating System Licenses: no max	S7N87A	Service	SUSE Linux Enterprise Server for SAP Applications 1-2 Sockets Unlimited VM 3yr Sub 24x7 Sup Flex LTU	0	18873.00		NA		No	03/02/2026	04/30/2028	BASELINE	N/A	$0.00	0.00%	2026-09-09: $18873.00
Software & Licenses	Server Management & Operating System Licenses	HPE OCA > DL380 Gen12 > Software & Licenses > Server Management & Operating System Licenses	Operating System / License	Unlimited	0	Unlimited	Selection constraint for Server Management & Operating System Licenses: no max	S7N88A	Service	SUSE Linux Enterprise Server for SAP Applications 1-2 Sockets Unlimited VM 5yr Sub 24x7 Sup Flex LTU	0	31455.00		NA		No	03/02/2026	04/30/2028	BASELINE	N/A	$0.00	0.00%	2026-09-09: $31455.00
Software & Licenses	Server Management & Operating System Licenses	HPE OCA > DL380 Gen12 > Software & Licenses > Server Management & Operating System Licenses	Operating System / License	Unlimited	0	Unlimited	Selection constraint for Server Management & Operating System Licenses: no max	S7P10A	Service	SUSE Linux Enterprise Server for SAP Applications 1-2 Sockets Unlimited VM 3yr Sub 24x7 Sup Flex LTU	0	18873.00		NA		No	03/02/2026	04/30/2028	BASELINE	N/A	$0.00	0.00%	2026-09-09: $18873.00
Software & Licenses	Server Management & Operating System Licenses	HPE OCA > DL380 Gen12 > Software & Licenses > Server Management & Operating System Licenses	Operating System / License	Unlimited	0	Unlimited	Selection constraint for Server Management & Operating System Licenses: no max	S7P11A	Service	SUSE Linux Enterprise Server for SAP Applications 1-2 Sockets Unlimited VM 5yr Sub 24x7 Sup Flex LTU	0	31455.00		NA		No	03/02/2026	04/30/2028	BASELINE	N/A	$0.00	0.00%	2026-09-09: $31455.00
Software & Licenses	Server Management & Operating System Licenses	HPE OCA > DL380 Gen12 > Software & Licenses > Server Management & Operating System Licenses	Operating System / License	Unlimited	0	Unlimited	Selection constraint for Server Management & Operating System Licenses: no max	S7P12A	Service	SUSE Linux Enterprise Server for SAP Applications 1-2 Sockets or 1-2 VM 3-year Sub 24x7 Sup Flex LTU	0	7803.00		NA		No	03/02/2026	04/30/2028	BASELINE	N/A	$0.00	0.00%	2026-09-09: $7803.00
Software & Licenses	Server Management & Operating System Licenses	HPE OCA > DL380 Gen12 > Software & Licenses > Server Management & Operating System Licenses	Operating System / License	Unlimited	0	Unlimited	Selection constraint for Server Management & Operating System Licenses: no max	S7P13A	Service	SUSE Linux Enterprise Server for SAP Applications 1-2 Sockets or 1-2 VM 5-year Sub 24x7 Sup Flex LTU	0	13005.00		NA		No	03/02/2026	04/30/2028	BASELINE	N/A	$0.00	0.00%	2026-09-09: $13005.00
Software & Licenses	Server Management & Operating System Licenses	HPE OCA > DL380 Gen12 > Software & Licenses > Server Management & Operating System Licenses	Operating System / License	Unlimited	0	Unlimited	Selection constraint for Server Management & Operating System Licenses: no max	P45916-291	Standard	Microsoft Windows Server 2022 16-core Datacenter FIO Not Pre-installed Japanese SW	0	99999.00		NA		No	12/06/2021	05/31/2025	BASELINE	N/A	$0.00	0.00%	2026-09-09: $99999.00
Software & Licenses	Server Management & Operating System Licenses	HPE OCA > DL380 Gen12 > Software & Licenses > Server Management & Operating System Licenses	Operating System / License	Unlimited	0	Unlimited	Selection constraint for Server Management & Operating System Licenses: no max	P45916-B21	Standard	Microsoft Windows Server 2022 16-core Datacenter FIO Not Pre-installed en/fr/it/de/es/nl/pt SW	0	4946.00		NA		No	12/06/2021	05/31/2025	BASELINE	N/A	$0.00	0.00%	2026-09-09: $4946.00
Software & Licenses	Server Management & Operating System Licenses	HPE OCA > DL380 Gen12 > Software & Licenses > Server Management & Operating System Licenses	Operating System / License	Unlimited	0	Unlimited	Selection constraint for Server Management & Operating System Licenses: no max	P46005-291	Standard	Microsoft Windows Server 2022 16-core Standard FIO Not Pre-installed Japanese SW	0	99999.00		NA		No	12/06/2021	05/31/2025	BASELINE	N/A	$0.00	0.00%	2026-09-09: $99999.00
Software & Licenses	Server Management & Operating System Licenses	HPE OCA > DL380 Gen12 > Software & Licenses > Server Management & Operating System Licenses	Operating System / License	Unlimited	0	Unlimited	Selection constraint for Server Management & Operating System Licenses: no max	P46005-B21	Standard	Microsoft Windows Server 2022 16-core Standard FIO Not Pre-installed en/fr/it/de/es/nl/pt SW	0	988.00		NA		No	12/06/2021	05/31/2025	BASELINE	N/A	$0.00	0.00%	2026-09-09: $988.00
Software & Licenses	Server Management & Operating System Licenses	HPE OCA > DL380 Gen12 > Software & Licenses > Server Management & Operating System Licenses	Operating System / License	Unlimited	0	Unlimited	Selection constraint for Server Management & Operating System Licenses: no max	P46195-B21	Standard	Microsoft Windows Server 2022 16-core Std Add Lic en/cs/de/es/fr/it/nl/pl/pt/ru/sv/ko/ja/xc SW	0	1087.00		NA		No	11/01/2021	05/31/2025	BASELINE	N/A	$0.00	0.00%	2026-09-09: $1087.00
Software & Licenses	Server Management & Operating System Licenses	HPE OCA > DL380 Gen12 > Software & Licenses > Server Management & Operating System Licenses	Operating System / License	Unlimited	0	Unlimited	Selection constraint for Server Management & Operating System Licenses: no max	P46196-B21	Standard	Microsoft Windows Server 2022 4-core Std Add Lic en/cs/de/es/fr/it/nl/pl/pt/ru/sv/ko/ja/xc SW	0	272.00		NA		No	11/01/2021	05/31/2025	BASELINE	N/A	$0.00	0.00%	2026-09-09: $272.00
Software & Licenses	Server Management & Operating System Licenses	HPE OCA > DL380 Gen12 > Software & Licenses > Server Management & Operating System Licenses	Operating System / License	Unlimited	0	Unlimited	Selection constraint for Server Management & Operating System Licenses: no max	P46199-AA1	Standard	Microsoft Windows Server 2022 2-core Standard Additional License Chinese Simplified SW	0	99999.00		NA		No	11/01/2021	05/31/2025	BASELINE	N/A	$0.00	0.00%	2026-09-09: $99999.00
Software & Licenses	Server Management & Operating System Licenses	HPE OCA > DL380 Gen12 > Software & Licenses > Server Management & Operating System Licenses	Operating System / License	Unlimited	0	Unlimited	Selection constraint for Server Management & Operating System Licenses: no max	P46199-AB1	Standard	Microsoft Windows Server 2022 2-core Standard Additional License Chinese Traditional SW	0	99999.00		NA		No	11/01/2021	05/31/2025	BASELINE	N/A	$0.00	0.00%	2026-09-09: $99999.00
Software & Licenses	Server Management & Operating System Licenses	HPE OCA > DL380 Gen12 > Software & Licenses > Server Management & Operating System Licenses	Operating System / License	Unlimited	0	Unlimited	Selection constraint for Server Management & Operating System Licenses: no max	P46199-B21	Standard	Microsoft Windows Server 2022 2-core Std Add Lic en/cs/de/es/fr/it/nl/pl/pt/ru/sv/ko/ja/xc SW	0	136.00		NA		No	10/04/2021	05/31/2025	BASELINE	N/A	$0.00	0.00%	2026-09-09: $136.00
Software & Licenses	Server Management & Operating System Licenses	HPE OCA > DL380 Gen12 > Software & Licenses > Server Management & Operating System Licenses	Operating System / License	Unlimited	0	Unlimited	Selection constraint for Server Management & Operating System Licenses: no max	P46212-B21	Standard	Microsoft Windows Server 2022 16-core DC Add Lic en/cs/de/es/fr/it/nl/pl/pt/ru/sv/ko/ja/xc SW	0	4946.00		NA		No	11/01/2021	05/31/2025	BASELINE	N/A	$0.00	0.00%	2026-09-09: $4946.00
Software & Licenses	Server Management & Operating System Licenses	HPE OCA > DL380 Gen12 > Software & Licenses > Server Management & Operating System Licenses	Operating System / License	Unlimited	0	Unlimited	Selection constraint for Server Management & Operating System Licenses: no max	P46213-B21	Standard	Microsoft Windows Server 2022 4-core DC Add Lic en/cs/de/es/fr/it/nl/pl/pt/ru/sv/ko/ja/xc SW	0	1238.00		NA		No	11/01/2021	05/31/2025	BASELINE	N/A	$0.00	0.00%	2026-09-09: $1238.00
Software & Licenses	Server Management & Operating System Licenses	HPE OCA > DL380 Gen12 > Software & Licenses > Server Management & Operating System Licenses	Operating System / License	Unlimited	0	Unlimited	Selection constraint for Server Management & Operating System Licenses: no max	P46214-B21	Standard	Microsoft Windows Server 2022 2-core DC Add Lic en/cs/de/es/fr/it/nl/pl/pt/ru/sv/ko/ja/xc SW	0	619.00		NA		No	10/04/2021	05/31/2025	BASELINE	N/A	$0.00	0.00%	2026-09-09: $619.00
Software & Licenses	Server Management & Operating System Licenses	HPE OCA > DL380 Gen12 > Software & Licenses > Server Management & Operating System Licenses	Operating System / License	Unlimited	0	Unlimited	Selection constraint for Server Management & Operating System Licenses: no max	P77095-291	Standard	Microsoft Windows Server 2025 16-core Standard FIO Not Pre-installed Japanese SW	0	0		NA		No	12/02/2024	01/31/2027	BASELINE	N/A	$0.00	0.00%	2026-09-09: (no price)
Software & Licenses	Server Management & Operating System Licenses	HPE OCA > DL380 Gen12 > Software & Licenses > Server Management & Operating System Licenses	Operating System / License	Unlimited	0	Unlimited	Selection constraint for Server Management & Operating System Licenses: no max	P77095-B21	Standard	Microsoft Windows Server 2025 16-core Standard FIO Not Pre-installed en/fr/de/es/it/pt/nl SW	0	1147.00		NA		No	12/02/2024	01/31/2027	BASELINE	N/A	$0.00	0.00%	2026-09-09: $1147.00
Software & Licenses	Server Management & Operating System Licenses	HPE OCA > DL380 Gen12 > Software & Licenses > Server Management & Operating System Licenses	Operating System / License	Unlimited	0	Unlimited	Selection constraint for Server Management & Operating System Licenses: no max	P77096-291	Standard	Microsoft Windows Server 2025 16-core Standard FIO Pre-installed UEFI Japanese SW	0	0		NA		No	12/02/2024	01/31/2027	BASELINE	N/A	$0.00	0.00%	2026-09-09: (no price)
Software & Licenses	Server Management & Operating System Licenses	HPE OCA > DL380 Gen12 > Software & Licenses > Server Management & Operating System Licenses	Operating System / License	Unlimited	0	Unlimited	Selection constraint for Server Management & Operating System Licenses: no max	P77096-B21	Standard	Microsoft Windows Server 2025 16-core Standard FIO Pre-installed UEFI en/fr/de/es/it/pt/nl SW	0	1147.00		NA		No	12/02/2024	01/31/2027	BASELINE	N/A	$0.00	0.00%	2026-09-09: $1147.00
Software & Licenses	Server Management & Operating System Licenses	HPE OCA > DL380 Gen12 > Software & Licenses > Server Management & Operating System Licenses	Operating System / License	Unlimited	0	Unlimited	Selection constraint for Server Management & Operating System Licenses: no max	P77097-291	Standard	Microsoft Windows Server 2025 16-core Datacenter FIO Not Pre-installed Japanese SW	0	0		NA		No	12/02/2024	01/31/2027	BASELINE	N/A	$0.00	0.00%	2026-09-09: (no price)
Software & Licenses	Server Management & Operating System Licenses	HPE OCA > DL380 Gen12 > Software & Licenses > Server Management & Operating System Licenses	Operating System / License	Unlimited	0	Unlimited	Selection constraint for Server Management & Operating System Licenses: no max	P77097-B21	Standard	Microsoft Windows Server 2025 16-core Datacenter FIO Not Pre-installed en/fr/de/es/it/pt/nl SW	0	5712.00		NA		No	12/02/2024	01/31/2027	BASELINE	N/A	$0.00	0.00%	2026-09-09: $5712.00
Software & Licenses	Server Management & Operating System Licenses	HPE OCA > DL380 Gen12 > Software & Licenses > Server Management & Operating System Licenses	Operating System / License	Unlimited	0	Unlimited	Selection constraint for Server Management & Operating System Licenses: no max	P77104-B21	Standard	Microsoft Windows Server 2025 16-core Standard Additional License WW SW	0	1258.00		NA		No	12/02/2024	11/30/2027	BASELINE	N/A	$0.00	0.00%	2026-09-09: $1258.00
Software & Licenses	Server Management & Operating System Licenses	HPE OCA > DL380 Gen12 > Software & Licenses > Server Management & Operating System Licenses	Operating System / License	Unlimited	0	Unlimited	Selection constraint for Server Management & Operating System Licenses: no max	P77105-B21	Standard	Microsoft Windows Server 2025 4-core Standard Additional License WW SW	0	320.00		NA		No	12/02/2024	11/30/2027	BASELINE	N/A	$0.00	0.00%	2026-09-09: $320.00
Software & Licenses	Server Management & Operating System Licenses	HPE OCA > DL380 Gen12 > Software & Licenses > Server Management & Operating System Licenses	Operating System / License	Unlimited	0	Unlimited	Selection constraint for Server Management & Operating System Licenses: no max	P77106-AA1	Standard	Microsoft Windows Server 2025 2-core Standard Additional License Chinese Simplified SW	0	0		NA		No	12/02/2024	11/30/2027	BASELINE	N/A	$0.00	0.00%	2026-09-09: (no price)
Software & Licenses	Server Management & Operating System Licenses	HPE OCA > DL380 Gen12 > Software & Licenses > Server Management & Operating System Licenses	Operating System / License	Unlimited	0	Unlimited	Selection constraint for Server Management & Operating System Licenses: no max	P77106-AB1	Standard	Microsoft Windows Server 2025 2-core Standard Additional License Chinese Traditional SW	0	0		NA		No	12/02/2024	11/30/2027	BASELINE	N/A	$0.00	0.00%	2026-09-09: (no price)
Software & Licenses	Server Management & Operating System Licenses	HPE OCA > DL380 Gen12 > Software & Licenses > Server Management & Operating System Licenses	Operating System / License	Unlimited	0	Unlimited	Selection constraint for Server Management & Operating System Licenses: no max	P77106-B21	Standard	Microsoft Windows Server 2025 2-core Standard Additional License WW SW	0	164.00		NA		No	12/02/2024	11/30/2027	BASELINE	N/A	$0.00	0.00%	2026-09-09: $164.00
Software & Licenses	Server Management & Operating System Licenses	HPE OCA > DL380 Gen12 > Software & Licenses > Server Management & Operating System Licenses	Operating System / License	Unlimited	0	Unlimited	Selection constraint for Server Management & Operating System Licenses: no max	P77107-B21	Standard	Microsoft Windows Server 2025 16-core Datacenter Additional License WW SW	0	5712.00		NA		No	12/02/2024	11/30/2027	BASELINE	N/A	$0.00	0.00%	2026-09-09: $5712.00
Software & Licenses	Server Management & Operating System Licenses	HPE OCA > DL380 Gen12 > Software & Licenses > Server Management & Operating System Licenses	Operating System / License	Unlimited	0	Unlimited	Selection constraint for Server Management & Operating System Licenses: no max	P77108-B21	Standard	Microsoft Windows Server 2025 4-core Datacenter Additional License WW SW	0	1434.00		NA		No	12/02/2024	11/30/2027	BASELINE	N/A	$0.00	0.00%	2026-09-09: $1434.00
Software & Licenses	Server Management & Operating System Licenses	HPE OCA > DL380 Gen12 > Software & Licenses > Server Management & Operating System Licenses	Operating System / License	Unlimited	0	Unlimited	Selection constraint for Server Management & Operating System Licenses: no max	P77109-B21	Standard	Microsoft Windows Server 2025 2-core Datacenter Additional License WW SW	0	721.00		NA		No	12/02/2024	11/30/2027	BASELINE	N/A	$0.00	0.00%	2026-09-09: $721.00
Software & Licenses	Server Management & Operating System Licenses	HPE OCA > DL380 Gen12 > Software & Licenses > Server Management & Operating System Licenses	Operating System / License	Unlimited	0	Unlimited	Selection constraint for Server Management & Operating System Licenses: no max	S6K30B	Service	Microsoft Windows Server 2025 16-core Standard FIO Not Pre-installed WW ESD LTU	0	1147.00		NA		No	09/02/2025	11/30/2027	BASELINE	N/A	$0.00	0.00%	2026-09-09: $1147.00
Software & Licenses	Server Management & Operating System Licenses	HPE OCA > DL380 Gen12 > Software & Licenses > Server Management & Operating System Licenses	Operating System / License	Unlimited	0	Unlimited	Selection constraint for Server Management & Operating System Licenses: no max	S6L35B	Service	Microsoft Windows Server 2025 16-core Datacenter FIO Not Pre-installed WW ESD LTU	0	5712.00		NA		No	09/02/2025	11/30/2027	BASELINE	N/A	$0.00	0.00%	2026-09-09: $5712.00
Software & Licenses	Server Management & Operating System Licenses	HPE OCA > DL380 Gen12 > Software & Licenses > Server Management & Operating System Licenses	Operating System / License	Unlimited	0	Unlimited	Selection constraint for Server Management & Operating System Licenses: no max	P11086-B21	Standard	Microsoft Windows Server 2016 Downgrade Datacenter FIO Not Pre-installed English SW	0	20.00	NA	NA		No	04/02/2019	05/31/2025	BASELINE	N/A	$0.00	0.00%	2026-09-09: $20.00
Software & Licenses	Server Management & Operating System Licenses	HPE OCA > DL380 Gen12 > Software & Licenses > Server Management & Operating System Licenses	Operating System / License	Unlimited	0	Unlimited	Selection constraint for Server Management & Operating System Licenses: no max	P11086-051	Standard	Microsoft Windows Server 2016 Downgrade Datacenter FIO Not Pre-installed French SW	0	20.00	NA	NA		No	04/02/2019	05/31/2025	BASELINE	N/A	$0.00	0.00%	2026-09-09: $20.00
Software & Licenses	Server Management & Operating System Licenses	HPE OCA > DL380 Gen12 > Software & Licenses > Server Management & Operating System Licenses	Operating System / License	Unlimited	0	Unlimited	Selection constraint for Server Management & Operating System Licenses: no max	P11086-041	Standard	Microsoft Windows Server 2016 Downgrade Datacenter FIO Not Pre-installed German SW	0	20.00	NA	NA		No	04/02/2019	05/31/2025	BASELINE	N/A	$0.00	0.00%	2026-09-09: $20.00
Software & Licenses	Server Management & Operating System Licenses	HPE OCA > DL380 Gen12 > Software & Licenses > Server Management & Operating System Licenses	Operating System / License	Unlimited	0	Unlimited	Selection constraint for Server Management & Operating System Licenses: no max	P11086-061	Standard	Microsoft Windows Server 2016 Downgrade Datacenter FIO Not Pre-installed Italian SW	0	20.00	NA	NA		No	04/02/2019	05/31/2025	BASELINE	N/A	$0.00	0.00%	2026-09-09: $20.00
Software & Licenses	Server Management & Operating System Licenses	HPE OCA > DL380 Gen12 > Software & Licenses > Server Management & Operating System Licenses	Operating System / License	Unlimited	0	Unlimited	Selection constraint for Server Management & Operating System Licenses: no max	P11086-291	Standard	Microsoft Windows Server 2016 Downgrade Datacenter FIO Not Pre-installed Japanese SW	0	0	NA	NA		No	04/02/2019	05/31/2025	BASELINE	N/A	$0.00	0.00%	2026-09-09: (no price)
Software & Licenses	Server Management & Operating System Licenses	HPE OCA > DL380 Gen12 > Software & Licenses > Server Management & Operating System Licenses	Operating System / License	Unlimited	0	Unlimited	Selection constraint for Server Management & Operating System Licenses: no max	P11086-071	Standard	Microsoft Windows Server 2016 Downgrade Datacenter FIO Not Pre-installed Spanish SW	0	20.00	NA	NA		No	04/02/2019	05/31/2025	BASELINE	N/A	$0.00	0.00%	2026-09-09: $20.00
Software & Licenses	Server Management & Operating System Licenses	HPE OCA > DL380 Gen12 > Software & Licenses > Server Management & Operating System Licenses	Operating System / License	Unlimited	0	Unlimited	Selection constraint for Server Management & Operating System Licenses: no max	P11085-291	Standard	Microsoft Windows Server 2016 Downgrade Datacenter Reseller Option Kit Japanese SW	0	0	NA	NA		No	04/02/2019	05/31/2025	BASELINE	N/A	$0.00	0.00%	2026-09-09: (no price)
Software & Licenses	Server Management & Operating System Licenses	HPE OCA > DL380 Gen12 > Software & Licenses > Server Management & Operating System Licenses	Operating System / License	Unlimited	0	Unlimited	Selection constraint for Server Management & Operating System Licenses: no max	P11083-B21	Standard	Microsoft Windows Server 2016 Downgrade Standard FIO Not Pre-installed English SW	0	20.00	NA	NA		No	04/02/2019	05/31/2025	BASELINE	N/A	$0.00	0.00%	2026-09-09: $20.00
Software & Licenses	Server Management & Operating System Licenses	HPE OCA > DL380 Gen12 > Software & Licenses > Server Management & Operating System Licenses	Operating System / License	Unlimited	0	Unlimited	Selection constraint for Server Management & Operating System Licenses: no max	P11083-051	Standard	Microsoft Windows Server 2016 Downgrade Standard FIO Not Pre-installed French SW	0	20.00	NA	NA		No	04/02/2019	05/31/2025	BASELINE	N/A	$0.00	0.00%	2026-09-09: $20.00
Software & Licenses	Server Management & Operating System Licenses	HPE OCA > DL380 Gen12 > Software & Licenses > Server Management & Operating System Licenses	Operating System / License	Unlimited	0	Unlimited	Selection constraint for Server Management & Operating System Licenses: no max	P11083-041	Standard	Microsoft Windows Server 2016 Downgrade Standard FIO Not Pre-installed German SW	0	20.00	NA	NA		No	04/02/2019	05/31/2025	BASELINE	N/A	$0.00	0.00%	2026-09-09: $20.00
Software & Licenses	Server Management & Operating System Licenses	HPE OCA > DL380 Gen12 > Software & Licenses > Server Management & Operating System Licenses	Operating System / License	Unlimited	0	Unlimited	Selection constraint for Server Management & Operating System Licenses: no max	P11083-061	Standard	Microsoft Windows Server 2016 Downgrade Standard FIO Not Pre-installed Italian SW	0	20.00	NA	NA		No	04/02/2019	05/31/2025	BASELINE	N/A	$0.00	0.00%	2026-09-09: $20.00
Software & Licenses	Server Management & Operating System Licenses	HPE OCA > DL380 Gen12 > Software & Licenses > Server Management & Operating System Licenses	Operating System / License	Unlimited	0	Unlimited	Selection constraint for Server Management & Operating System Licenses: no max	P11083-291	Standard	Microsoft Windows Server 2016 Downgrade Standard FIO Not Pre-installed Japanese SW	0	0	NA	NA		No	04/02/2019	05/31/2025	BASELINE	N/A	$0.00	0.00%	2026-09-09: (no price)
Software & Licenses	Server Management & Operating System Licenses	HPE OCA > DL380 Gen12 > Software & Licenses > Server Management & Operating System Licenses	Operating System / License	Unlimited	0	Unlimited	Selection constraint for Server Management & Operating System Licenses: no max	P11083-071	Standard	Microsoft Windows Server 2016 Downgrade Standard FIO Not Pre-installed Spanish SW	0	20.00	NA	NA		No	04/02/2019	05/31/2025	BASELINE	N/A	$0.00	0.00%	2026-09-09: $20.00
Software & Licenses	Server Management & Operating System Licenses	HPE OCA > DL380 Gen12 > Software & Licenses > Server Management & Operating System Licenses	Operating System / License	Unlimited	0	Unlimited	Selection constraint for Server Management & Operating System Licenses: no max	P11084-291	Standard	Microsoft Windows Server 2016 Downgrade Standard Reseller Option Kit Japanese SW	0	0	NA	NA		No	04/02/2019	05/31/2025	BASELINE	N/A	$0.00	0.00%	2026-09-09: (no price)
Software & Licenses	Server Management & Operating System Licenses	HPE OCA > DL380 Gen12 > Software & Licenses > Server Management & Operating System Licenses	Operating System / License	Unlimited	0	Unlimited	Selection constraint for Server Management & Operating System Licenses: no max	P45879-B21	Standard	Microsoft Windows Server 2019 16-core Downgrade Datacenter FIO Not Pre-installed English SW	0	20.00	NA	NA		No	12/06/2021	01/31/2027	BASELINE	N/A	$0.00	0.00%	2026-09-09: $20.00
Software & Licenses	Server Management & Operating System Licenses	HPE OCA > DL380 Gen12 > Software & Licenses > Server Management & Operating System Licenses	Operating System / License	Unlimited	0	Unlimited	Selection constraint for Server Management & Operating System Licenses: no max	P45879-051	Standard	Microsoft Windows Server 2019 16-core Downgrade Datacenter FIO Not Pre-installed French SW	0	28.00	NA	NA		No	12/06/2021	01/31/2027	BASELINE	N/A	$0.00	0.00%	2026-09-09: $28.00
Software & Licenses	Server Management & Operating System Licenses	HPE OCA > DL380 Gen12 > Software & Licenses > Server Management & Operating System Licenses	Operating System / License	Unlimited	0	Unlimited	Selection constraint for Server Management & Operating System Licenses: no max	P45879-041	Standard	Microsoft Windows Server 2019 16-core Downgrade Datacenter FIO Not Pre-installed German SW	0	20.00	NA	NA		No	12/06/2021	01/31/2027	BASELINE	N/A	$0.00	0.00%	2026-09-09: $20.00
Software & Licenses	Server Management & Operating System Licenses	HPE OCA > DL380 Gen12 > Software & Licenses > Server Management & Operating System Licenses	Operating System / License	Unlimited	0	Unlimited	Selection constraint for Server Management & Operating System Licenses: no max	P45879-061	Standard	Microsoft Windows Server 2019 16-core Downgrade Datacenter FIO Not Pre-installed Italian SW	0	20.00	NA	NA		No	12/06/2021	01/31/2027	BASELINE	N/A	$0.00	0.00%	2026-09-09: $20.00
Software & Licenses	Server Management & Operating System Licenses	HPE OCA > DL380 Gen12 > Software & Licenses > Server Management & Operating System Licenses	Operating System / License	Unlimited	0	Unlimited	Selection constraint for Server Management & Operating System Licenses: no max	P45879-291	Standard	Microsoft Windows Server 2019 16-core Downgrade Datacenter FIO Not Pre-installed Japanese SW	0	99999.00	NA	NA		No	12/06/2021	01/31/2027	BASELINE	N/A	$0.00	0.00%	2026-09-09: $99999.00
Software & Licenses	Server Management & Operating System Licenses	HPE OCA > DL380 Gen12 > Software & Licenses > Server Management & Operating System Licenses	Operating System / License	Unlimited	0	Unlimited	Selection constraint for Server Management & Operating System Licenses: no max	P45879-071	Standard	Microsoft Windows Server 2019 16-core Downgrade Datacenter FIO Not Pre-installed Spanish SW	0	20.00	NA	NA		No	12/06/2021	01/31/2027	BASELINE	N/A	$0.00	0.00%	2026-09-09: $20.00
Software & Licenses	Server Management & Operating System Licenses	HPE OCA > DL380 Gen12 > Software & Licenses > Server Management & Operating System Licenses	Operating System / License	Unlimited	0	Unlimited	Selection constraint for Server Management & Operating System Licenses: no max	P45862-B21	Standard	Microsoft Windows Server 2019 16-core Downgrade Standard FIO Not Pre-installed English SW	0	28.00	NA	NA		No	12/06/2021	01/31/2027	BASELINE	N/A	$0.00	0.00%	2026-09-09: $28.00
Software & Licenses	Server Management & Operating System Licenses	HPE OCA > DL380 Gen12 > Software & Licenses > Server Management & Operating System Licenses	Operating System / License	Unlimited	0	Unlimited	Selection constraint for Server Management & Operating System Licenses: no max	P45862-051	Standard	Microsoft Windows Server 2019 16-core Downgrade Standard FIO Not Pre-installed French SW	0	20.00	NA	NA		No	12/06/2021	01/31/2027	BASELINE	N/A	$0.00	0.00%	2026-09-09: $20.00
Software & Licenses	Server Management & Operating System Licenses	HPE OCA > DL380 Gen12 > Software & Licenses > Server Management & Operating System Licenses	Operating System / License	Unlimited	0	Unlimited	Selection constraint for Server Management & Operating System Licenses: no max	P45862-041	Standard	Microsoft Windows Server 2019 16-core Downgrade Standard FIO Not Pre-installed German SW	0	28.00	NA	NA		No	12/06/2021	01/31/2027	BASELINE	N/A	$0.00	0.00%	2026-09-09: $28.00
Software & Licenses	Server Management & Operating System Licenses	HPE OCA > DL380 Gen12 > Software & Licenses > Server Management & Operating System Licenses	Operating System / License	Unlimited	0	Unlimited	Selection constraint for Server Management & Operating System Licenses: no max	P45862-061	Standard	Microsoft Windows Server 2019 16-core Downgrade Standard FIO Not Pre-installed Italian SW	0	28.00	NA	NA		No	12/06/2021	01/31/2027	BASELINE	N/A	$0.00	0.00%	2026-09-09: $28.00
Software & Licenses	Server Management & Operating System Licenses	HPE OCA > DL380 Gen12 > Software & Licenses > Server Management & Operating System Licenses	Operating System / License	Unlimited	0	Unlimited	Selection constraint for Server Management & Operating System Licenses: no max	P45862-291	Standard	Microsoft Windows Server 2019 16-core Downgrade Standard FIO Not Pre-installed Japanese SW	0	99999.00	NA	NA		No	12/06/2021	01/31/2027	BASELINE	N/A	$0.00	0.00%	2026-09-09: $99999.00
Software & Licenses	Server Management & Operating System Licenses	HPE OCA > DL380 Gen12 > Software & Licenses > Server Management & Operating System Licenses	Operating System / License	Unlimited	0	Unlimited	Selection constraint for Server Management & Operating System Licenses: no max	P45862-071	Standard	Microsoft Windows Server 2019 16-core Downgrade Standard FIO Not Pre-installed Spanish SW	0	28.00	NA	NA		No	12/06/2021	01/31/2027	BASELINE	N/A	$0.00	0.00%	2026-09-09: $28.00
Software & Licenses	Server Management & Operating System Licenses	HPE OCA > DL380 Gen12 > Software & Licenses > Server Management & Operating System Licenses	Operating System / License	Unlimited	0	Unlimited	Selection constraint for Server Management & Operating System Licenses: no max	S6L47A	Service	Microsoft Windows Server 2019 Downgrade Datacenter FIO Not Pre-installed WW ESD LTU	0	20.00	NA	NA		No	09/02/2025	11/30/2027	BASELINE	N/A	$0.00	0.00%	2026-09-09: $20.00
Software & Licenses	Server Management & Operating System Licenses	HPE OCA > DL380 Gen12 > Software & Licenses > Server Management & Operating System Licenses	Operating System / License	Unlimited	0	Unlimited	Selection constraint for Server Management & Operating System Licenses: no max	S6L45A	Service	Microsoft Windows Server 2019 Downgrade Datacenter Reseller Option Kit Japanese ESD LTU	0	20.00	NA	NA		No	09/02/2025	11/30/2027	BASELINE	N/A	$0.00	0.00%	2026-09-09: $20.00
Software & Licenses	Server Management & Operating System Licenses	HPE OCA > DL380 Gen12 > Software & Licenses > Server Management & Operating System Licenses	Operating System / License	Unlimited	0	Unlimited	Selection constraint for Server Management & Operating System Licenses: no max	S6L46A	Service	Microsoft Windows Server 2019 Downgrade Standard FIO Not Pre-installed WW ESD LTU	0	20.00	NA	NA		No	09/02/2025	11/30/2027	BASELINE	N/A	$0.00	0.00%	2026-09-09: $20.00
Software & Licenses	Server Management & Operating System Licenses	HPE OCA > DL380 Gen12 > Software & Licenses > Server Management & Operating System Licenses	Operating System / License	Unlimited	0	Unlimited	Selection constraint for Server Management & Operating System Licenses: no max	S6L44A	Service	Microsoft Windows Server 2019 Downgrade Standard Reseller Option Kit Japanese ESD LTU	0	20.00	NA	NA		No	09/02/2025	11/30/2027	BASELINE	N/A	$0.00	0.00%	2026-09-09: $20.00
Software & Licenses	Server Management & Operating System Licenses	HPE OCA > DL380 Gen12 > Software & Licenses > Server Management & Operating System Licenses	Operating System / License	Unlimited	0	Unlimited	Selection constraint for Server Management & Operating System Licenses: no max	P77125-291	Standard	Microsoft Windows Server 2022 Downgrade Datacenter FIO Not Pre-installed Japanese SW	0	0	NA	NA		No	12/02/2024	01/31/2027	BASELINE	N/A	$0.00	0.00%	2026-09-09: (no price)
Software & Licenses	Server Management & Operating System Licenses	HPE OCA > DL380 Gen12 > Software & Licenses > Server Management & Operating System Licenses	Operating System / License	Unlimited	0	Unlimited	Selection constraint for Server Management & Operating System Licenses: no max	S6L48A	Service	Microsoft Windows Server 2022 Downgrade Datacenter FIO Not Pre-installed WW ESD LTU	0	33.00	NA	NA		No	09/02/2025	11/30/2027	BASELINE	N/A	$0.00	0.00%	2026-09-09: $33.00
Software & Licenses	Server Management & Operating System Licenses	HPE OCA > DL380 Gen12 > Software & Licenses > Server Management & Operating System Licenses	Operating System / License	Unlimited	0	Unlimited	Selection constraint for Server Management & Operating System Licenses: no max	P77125-B21	Standard	Microsoft Windows Server 2022 Downgrade Datacenter FIO Not Pre-installed WW SW	0	33.00	NA	NA		No	12/02/2024	01/31/2027	BASELINE	N/A	$0.00	0.00%	2026-09-09: $33.00
Software & Licenses	Server Management & Operating System Licenses	HPE OCA > DL380 Gen12 > Software & Licenses > Server Management & Operating System Licenses	Operating System / License	Unlimited	0	Unlimited	Selection constraint for Server Management & Operating System Licenses: no max	P77124-291	Standard	Microsoft Windows Server 2022 Downgrade Standard FIO Not Pre-installed Japanese SW	0	0	NA	NA		No	12/02/2024	01/31/2027	BASELINE	N/A	$0.00	0.00%	2026-09-09: (no price)
Software & Licenses	Server Management & Operating System Licenses	HPE OCA > DL380 Gen12 > Software & Licenses > Server Management & Operating System Licenses	Operating System / License	Unlimited	0	Unlimited	Selection constraint for Server Management & Operating System Licenses: no max	S6L43A	Service	Microsoft Windows Server 2022 Downgrade Standard FIO Not Pre-installed WW ESD LTU	0	33.00	NA	NA		No	09/02/2025	11/30/2027	BASELINE	N/A	$0.00	0.00%	2026-09-09: $33.00
Software & Licenses	Server Management & Operating System Licenses	HPE OCA > DL380 Gen12 > Software & Licenses > Server Management & Operating System Licenses	Operating System / License	Unlimited	0	Unlimited	Selection constraint for Server Management & Operating System Licenses: no max	P77124-B21	Standard	Microsoft Windows Server 2022 Downgrade Standard FIO Not Pre-installed WW SW	0	33.00	NA	NA		No	12/02/2024	01/31/2027	BASELINE	N/A	$0.00	0.00%	2026-09-09: $33.00
Software & Licenses	Server Management & Operating System Licenses	HPE OCA > DL380 Gen12 > Software & Licenses > Server Management & Operating System Licenses	Operating System / License	Unlimited	0	Unlimited	Selection constraint for Server Management & Operating System Licenses: no max	S6L41A	Service	Microsoft Windows Server 2022 Downgrade Standard Reseller Option Kit Japanese ESD LTU	0	33.00	NA	NA		No	09/02/2025	11/30/2027	BASELINE	N/A	$0.00	0.00%	2026-09-09: $33.00
Software & Licenses	Server Management & Operating System Licenses	HPE OCA > DL380 Gen12 > Software & Licenses > Server Management & Operating System Licenses	Service & Support	Unlimited	0	Unlimited	Selection constraint for Server Management & Operating System Licenses: no max	R6J26AAE	Service	Red Hat Ansible Automation Platform 100 Nodes 1yr Subscription 9x5 RH Support E-LTU	0	21544.00		NA		No	08/03/2020	09/30/2028	BASELINE	N/A	$0.00	0.00%	2026-09-09: $21544.00
Software & Licenses	Server Management & Operating System Licenses	HPE OCA > DL380 Gen12 > Software & Licenses > Server Management & Operating System Licenses	Service & Support	Unlimited	0	Unlimited	Selection constraint for Server Management & Operating System Licenses: no max	R6J29AAE	Service	Red Hat Ansible Automation Platform 100 Nodes 3yr Subscription 9x5 RH Support E-LTU	0	86513.00		NA		No	08/03/2020	03/01/2025	BASELINE	N/A	$0.00	0.00%	2026-09-09: $86513.00
Software & Licenses	Server Management & Operating System Licenses	HPE OCA > DL380 Gen12 > Software & Licenses > Server Management & Operating System Licenses	Service & Support	Unlimited	0	Unlimited	Selection constraint for Server Management & Operating System Licenses: no max	R6J33AAE	Service	Red Hat OpenShift Container Platform 2 Cores or 4 vCPUs 1yr Subscription 9x5 RH Support E-LTU	0	4475.00		NA		No	08/03/2020	09/30/2028	BASELINE	N/A	$0.00	0.00%	2026-09-09: $4475.00
Software & Licenses	Server Management & Operating System Licenses	HPE OCA > DL380 Gen12 > Software & Licenses > Server Management & Operating System Licenses	Service & Support	Unlimited	0	Unlimited	Selection constraint for Server Management & Operating System Licenses: no max	R6J34AAE	Service	Red Hat OpenShift Container Platform 2 Cores or 4 vCPUs 3yr Subscription 24x7 RH Support E-LTU	0	26642.00		NA		No	08/03/2020	03/01/2025	BASELINE	N/A	$0.00	0.00%	2026-09-09: $26642.00
Software & Licenses	Server Management & Operating System Licenses	HPE OCA > DL380 Gen12 > Software & Licenses > Server Management & Operating System Licenses	Service & Support	Unlimited	0	Unlimited	Selection constraint for Server Management & Operating System Licenses: no max	R6J35AAE	Service	Red Hat OpenShift Container Platform 2 Cores or 4 vCPUs 3yr Subscription 9x5 RH Support E-LTU	0	17987.00		NA		No	08/03/2020	03/01/2025	BASELINE	N/A	$0.00	0.00%	2026-09-09: $17987.00
Software & Licenses	Server Management & Operating System Licenses	HPE OCA > DL380 Gen12 > Software & Licenses > Server Management & Operating System Licenses	Service & Support	Unlimited	0	Unlimited	Selection constraint for Server Management & Operating System Licenses: no max	S3Z84AAE	Service	Red Hat OpenShift Container Platform Bare Metal 1 Physical Node 1yr Subscription 24x7 Support E-LTU	0	53719.00		NA		No	06/03/2024	07/03/2027	BASELINE	N/A	$0.00	0.00%	2026-09-09: $53719.00
Software & Licenses	Server Management & Operating System Licenses	HPE OCA > DL380 Gen12 > Software & Licenses > Server Management & Operating System Licenses	Operating System / License	Unlimited	0	Unlimited	Selection constraint for Server Management & Operating System Licenses: no max	S3Z85AAE	Service	Red Hat OpenShift Container Platform Bare Metal 1-2 Sockets up to 64 Cores 3yr Sub 24x7 Sup E-LTU	0	51040.00		NA		No	06/03/2024	03/01/2025	BASELINE	N/A	$0.00	0.00%	2026-09-09: $51040.00
Software & Licenses	Server Management & Operating System Licenses	HPE OCA > DL380 Gen12 > Software & Licenses > Server Management & Operating System Licenses	Service & Support	Unlimited	0	Unlimited	Selection constraint for Server Management & Operating System Licenses: no max	S3Z86AAE	Service	Red Hat OpenShift Container Platform Bare Metal 1 Physical Node 1yr Subscription 9x5 Support E-LTU	0	35808.00		NA		No	06/03/2024	07/03/2027	BASELINE	N/A	$0.00	0.00%	2026-09-09: $35808.00
Software & Licenses	Server Management & Operating System Licenses	HPE OCA > DL380 Gen12 > Software & Licenses > Server Management & Operating System Licenses	Operating System / License	Unlimited	0	Unlimited	Selection constraint for Server Management & Operating System Licenses: no max	S3Z87AAE	Service	Red Hat OpenShift Container Platform Bare Metal 1-2 Sockets up to 64 Cores 3yr Sub 9x5 Sup E-LTU	0	34030.00		NA		No	06/03/2024	03/01/2025	BASELINE	N/A	$0.00	0.00%	2026-09-09: $34030.00
Software & Licenses	Server Management & Operating System Licenses	HPE OCA > DL380 Gen12 > Software & Licenses > Server Management & Operating System Licenses	Operating System / License	Unlimited	0	Unlimited	Selection constraint for Server Management & Operating System Licenses: no max	S3Z88AAE	Service	Red Hat OpenShift Container Platform Plus Bare Metal 1 Physical Node 1yr Subscription 24x7 Sup E-LTU	0	22385.00		NA		No	06/03/2024	07/03/2027	BASELINE	N/A	$0.00	0.00%	2026-09-09: $22385.00
Software & Licenses	Server Management & Operating System Licenses	HPE OCA > DL380 Gen12 > Software & Licenses > Server Management & Operating System Licenses	Operating System / License	Unlimited	0	Unlimited	Selection constraint for Server Management & Operating System Licenses: no max	S3Z89AAE	Service	Red Hat OpenShift Container Platform Plus Bare Metal 1-2Skt up to 64 Cores 3yr Sub 24x7 Sup E-LTU	0	63798.00		NA		No	06/03/2024	03/01/2025	BASELINE	N/A	$0.00	0.00%	2026-09-09: $63798.00
Software & Licenses	Server Management & Operating System Licenses	HPE OCA > DL380 Gen12 > Software & Licenses > Server Management & Operating System Licenses	Operating System / License	Unlimited	0	Unlimited	Selection constraint for Server Management & Operating System Licenses: no max	S3Z90AAE	Service	Red Hat OpenShift Container Platform Plus Bare Metal 1 Physical Node 1yr Subscription 9x5 Sup E-LTU	0	14999.00		NA		No	06/03/2024	07/03/2027	BASELINE	N/A	$0.00	0.00%	2026-09-09: $14999.00
Software & Licenses	Server Management & Operating System Licenses	HPE OCA > DL380 Gen12 > Software & Licenses > Server Management & Operating System Licenses	Operating System / License	Unlimited	0	Unlimited	Selection constraint for Server Management & Operating System Licenses: no max	S3Z91AAE	Service	Red Hat OpenShift Container Platform Plus Bare Metal 1-2Skt up to 64 Cores 3yr Sub 9x5 Sup E-LTU	0	42748.00		NA		No	06/03/2024	03/01/2025	BASELINE	N/A	$0.00	0.00%	2026-09-09: $42748.00
Software & Licenses	Server Management & Operating System Licenses	HPE OCA > DL380 Gen12 > Software & Licenses > Server Management & Operating System Licenses	Operating System / License	Unlimited	0	Unlimited	Selection constraint for Server Management & Operating System Licenses: no max	P46123-AA1	Standard	Microsoft Windows Server 2022 16-core Datacenter Reseller Option Kit Chinese Simplified SW	0	99999.00		NA		No	11/01/2021	05/31/2025	BASELINE	N/A	$0.00	0.00%	2026-09-09: $99999.00
Software & Licenses	Server Management & Operating System Licenses	HPE OCA > DL380 Gen12 > Software & Licenses > Server Management & Operating System Licenses	Operating System / License	Unlimited	0	Unlimited	Selection constraint for Server Management & Operating System Licenses: no max	P46123-AB1	Standard	Microsoft Windows Server 2022 16-core Datacenter Reseller Option Kit Chinese Traditional SW	0	99999.00		NA		No	11/01/2021	05/31/2025	BASELINE	N/A	$0.00	0.00%	2026-09-09: $99999.00
Software & Licenses	Server Management & Operating System Licenses	HPE OCA > DL380 Gen12 > Software & Licenses > Server Management & Operating System Licenses	Operating System / License	Unlimited	0	Unlimited	Selection constraint for Server Management & Operating System Licenses: no max	P46123-371	Standard	Microsoft Windows Server 2022 16-core Datacenter Reseller Option Kit English/Korean/Japanese SW	0	99999.00		NA		No	10/04/2021	05/31/2025	BASELINE	N/A	$0.00	0.00%	2026-09-09: $99999.00
Software & Licenses	Server Management & Operating System Licenses	HPE OCA > DL380 Gen12 > Software & Licenses > Server Management & Operating System Licenses	Operating System / License	Unlimited	0	Unlimited	Selection constraint for Server Management & Operating System Licenses: no max	P46123-021	Standard	Microsoft Windows Server 2022 16-core Datacenter Reseller Option Kit en/cs/pl/ru/sv SW	0	5105.00		NA		No	11/01/2021	05/31/2025	BASELINE	N/A	$0.00	0.00%	2026-09-09: $5105.00
Software & Licenses	Server Management & Operating System Licenses	HPE OCA > DL380 Gen12 > Software & Licenses > Server Management & Operating System Licenses	Operating System / License	Unlimited	0	Unlimited	Selection constraint for Server Management & Operating System Licenses: no max	P46123-A21	Standard	Microsoft Windows Server 2022 16-core Datacenter Reseller Option Kit en/fr/it/de/es/nl/pt SW	0	4946.00		NA		No	10/04/2021	05/31/2025	BASELINE	N/A	$0.00	0.00%	2026-09-09: $4946.00
Software & Licenses	Server Management & Operating System Licenses	HPE OCA > DL380 Gen12 > Software & Licenses > Server Management & Operating System Licenses	Operating System / License	Unlimited	0	Unlimited	Selection constraint for Server Management & Operating System Licenses: no max	P46128-B21	Standard	Microsoft Windows Server 2022 16-core Datacenter w/Reassignment Reseller Option Kit en/fr/de/es SW	0	7260.00		NA		No	11/01/2021	05/31/2025	BASELINE	N/A	$0.00	0.00%	2026-09-09: $7260.00
Software & Licenses	Server Management & Operating System Licenses	HPE OCA > DL380 Gen12 > Software & Licenses > Server Management & Operating System Licenses	Operating System / License	Unlimited	0	Unlimited	Selection constraint for Server Management & Operating System Licenses: no max	P46128-291	Standard	Microsoft Windows Server 2022 16-core Datacenter with Reassignment Reseller Option Kit Japanese SW	0	99999.00		NA		No	11/01/2021	05/31/2025	BASELINE	N/A	$0.00	0.00%	2026-09-09: $99999.00
Software & Licenses	Server Management & Operating System Licenses	HPE OCA > DL380 Gen12 > Software & Licenses > Server Management & Operating System Licenses	Operating System / License	Unlimited	0	Unlimited	Selection constraint for Server Management & Operating System Licenses: no max	P46171-AA1	Standard	Microsoft Windows Server 2022 16-core Standard Reseller Option Kit Chinese Simplified SW	0	99999.00		NA		No	11/01/2021	05/31/2025	BASELINE	N/A	$0.00	0.00%	2026-09-09: $99999.00
Software & Licenses	Server Management & Operating System Licenses	HPE OCA > DL380 Gen12 > Software & Licenses > Server Management & Operating System Licenses	Operating System / License	Unlimited	0	Unlimited	Selection constraint for Server Management & Operating System Licenses: no max	P46171-AB1	Standard	Microsoft Windows Server 2022 16-core Standard Reseller Option Kit Chinese Traditional SW	0	99999.00		NA		No	11/01/2021	05/31/2025	BASELINE	N/A	$0.00	0.00%	2026-09-09: $99999.00
Software & Licenses	Server Management & Operating System Licenses	HPE OCA > DL380 Gen12 > Software & Licenses > Server Management & Operating System Licenses	Operating System / License	Unlimited	0	Unlimited	Selection constraint for Server Management & Operating System Licenses: no max	P46171-371	Standard	Microsoft Windows Server 2022 16-core Standard Reseller Option Kit English/Korean/Japanese SW	0	99999.00		NA		No	10/04/2021	05/31/2025	BASELINE	N/A	$0.00	0.00%	2026-09-09: $99999.00
Software & Licenses	Server Management & Operating System Licenses	HPE OCA > DL380 Gen12 > Software & Licenses > Server Management & Operating System Licenses	Operating System / License	Unlimited	0	Unlimited	Selection constraint for Server Management & Operating System Licenses: no max	P46171-021	Standard	Microsoft Windows Server 2022 16-core Standard Reseller Option Kit en/cs/pl/ru/sv SW	0	988.00		NA		No	11/01/2021	05/31/2025	BASELINE	N/A	$0.00	0.00%	2026-09-09: $988.00
Software & Licenses	Server Management & Operating System Licenses	HPE OCA > DL380 Gen12 > Software & Licenses > Server Management & Operating System Licenses	Operating System / License	Unlimited	0	Unlimited	Selection constraint for Server Management & Operating System Licenses: no max	P46171-A21	Standard	Microsoft Windows Server 2022 16-core Standard Reseller Option Kit en/fr/it/de/es/nl/pt SW	0	948.00		NA		No	10/04/2021	05/31/2025	BASELINE	N/A	$0.00	0.00%	2026-09-09: $948.00
Software & Licenses	Server Management & Operating System Licenses	HPE OCA > DL380 Gen12 > Software & Licenses > Server Management & Operating System Licenses	Operating System / License	Unlimited	0	Unlimited	Selection constraint for Server Management & Operating System Licenses: no max	S6L39A	Service	Microsoft Windows Server 2025 10-core Essentials Reseller Option Kit WW ESD LTU	0	445.00		NA		No	09/02/2025	11/30/2027	BASELINE	N/A	$0.00	0.00%	2026-09-09: $445.00
Software & Licenses	Server Management & Operating System Licenses	HPE OCA > DL380 Gen12 > Software & Licenses > Server Management & Operating System Licenses	Operating System / License	Unlimited	0	Unlimited	Selection constraint for Server Management & Operating System Licenses: no max	P77102-291	Standard	Microsoft Windows Server 2025 16-core Datacenter Reassignment Reseller Option Kit Japanese SW	0	0		NA		No	12/02/2024	01/31/2027	BASELINE	N/A	$0.00	0.00%	2026-09-09: (no price)
Software & Licenses	Server Management & Operating System Licenses	HPE OCA > DL380 Gen12 > Software & Licenses > Server Management & Operating System Licenses	Operating System / License	Unlimited	0	Unlimited	Selection constraint for Server Management & Operating System Licenses: no max	S6L37A	Service	Microsoft Windows Server 2025 16-core Datacenter Reassignment Reseller Option Kit WW ESD LTU	0	7733.00		NA		No	09/02/2025	11/30/2027	BASELINE	N/A	$0.00	0.00%	2026-09-09: $7733.00
Software & Licenses	Server Management & Operating System Licenses	HPE OCA > DL380 Gen12 > Software & Licenses > Server Management & Operating System Licenses	Operating System / License	Unlimited	0	Unlimited	Selection constraint for Server Management & Operating System Licenses: no max	P77102-B21	Standard	Microsoft Windows Server 2025 16-core Datacenter Reassignment Reseller Option Kit en/fr/de/es SW	0	7733.00		NA		No	12/02/2024	01/31/2027	BASELINE	N/A	$0.00	0.00%	2026-09-09: $7733.00
Software & Licenses	Server Management & Operating System Licenses	HPE OCA > DL380 Gen12 > Software & Licenses > Server Management & Operating System Licenses	Operating System / License	Unlimited	0	Unlimited	Selection constraint for Server Management & Operating System Licenses: no max	P77101-AA1	Standard	Microsoft Windows Server 2025 16-core Datacenter Reseller Option Kit Chinese Simplified SW	0	0		NA		No	12/02/2024	01/31/2027	BASELINE	N/A	$0.00	0.00%	2026-09-09: (no price)
Software & Licenses	Server Management & Operating System Licenses	HPE OCA > DL380 Gen12 > Software & Licenses > Server Management & Operating System Licenses	Operating System / License	Unlimited	0	Unlimited	Selection constraint for Server Management & Operating System Licenses: no max	P77101-AB1	Standard	Microsoft Windows Server 2025 16-core Datacenter Reseller Option Kit Chinese Traditional SW	0	0		NA		No	12/02/2024	01/31/2027	BASELINE	N/A	$0.00	0.00%	2026-09-09: (no price)
Software & Licenses	Server Management & Operating System Licenses	HPE OCA > DL380 Gen12 > Software & Licenses > Server Management & Operating System Licenses	Operating System / License	Unlimited	0	Unlimited	Selection constraint for Server Management & Operating System Licenses: no max	P77101-291	Standard	Microsoft Windows Server 2025 16-core Datacenter Reseller Option Kit Japanese SW	0	0		NA		No	12/02/2024	01/31/2027	BASELINE	N/A	$0.00	0.00%	2026-09-09: (no price)
Software & Licenses	Server Management & Operating System Licenses	HPE OCA > DL380 Gen12 > Software & Licenses > Server Management & Operating System Licenses	Operating System / License	Unlimited	0	Unlimited	Selection constraint for Server Management & Operating System Licenses: no max	S6L36A	Service	Microsoft Windows Server 2025 16-core Datacenter Reseller Option Kit WW ESD LTU	0	5712.00		NA		No	09/02/2025	11/30/2027	BASELINE	N/A	$0.00	0.00%	2026-09-09: $5712.00
Software & Licenses	Server Management & Operating System Licenses	HPE OCA > DL380 Gen12 > Software & Licenses > Server Management & Operating System Licenses	Operating System / License	Unlimited	0	Unlimited	Selection constraint for Server Management & Operating System Licenses: no max	P77101-021	Standard	Microsoft Windows Server 2025 16-core Datacenter Reseller Option Kit en/cs/pl/ru/sv SW	0	5712.00		NA		No	12/02/2024	01/31/2027	BASELINE	N/A	$0.00	0.00%	2026-09-09: $5712.00
Software & Licenses	Server Management & Operating System Licenses	HPE OCA > DL380 Gen12 > Software & Licenses > Server Management & Operating System Licenses	Operating System / License	Unlimited	0	Unlimited	Selection constraint for Server Management & Operating System Licenses: no max	P77101-A21	Standard	Microsoft Windows Server 2025 16-core Datacenter Reseller Option Kit en/fr/de/es/it/pt/nl SW	0	5712.00		NA		No	12/02/2024	01/31/2027	BASELINE	N/A	$0.00	0.00%	2026-09-09: $5712.00
Software & Licenses	Server Management & Operating System Licenses	HPE OCA > DL380 Gen12 > Software & Licenses > Server Management & Operating System Licenses	Operating System / License	Unlimited	0	Unlimited	Selection constraint for Server Management & Operating System Licenses: no max	P77101-371	Standard	Microsoft Windows Server 2025 16-core Datacenter Reseller Option Kit en/ko SW	0	0		NA		No	12/02/2024	01/31/2027	BASELINE	N/A	$0.00	0.00%	2026-09-09: (no price)
Software & Licenses	Server Management & Operating System Licenses	HPE OCA > DL380 Gen12 > Software & Licenses > Server Management & Operating System Licenses	Operating System / License	Unlimited	0	Unlimited	Selection constraint for Server Management & Operating System Licenses: no max	P77100-AA1	Standard	Microsoft Windows Server 2025 16-core Standard Reseller Option Kit Chinese Simplified SW	0	0		NA		No	12/02/2024	01/31/2027	BASELINE	N/A	$0.00	0.00%	2026-09-09: (no price)
Software & Licenses	Server Management & Operating System Licenses	HPE OCA > DL380 Gen12 > Software & Licenses > Server Management & Operating System Licenses	Operating System / License	Unlimited	0	Unlimited	Selection constraint for Server Management & Operating System Licenses: no max	P77100-AB1	Standard	Microsoft Windows Server 2025 16-core Standard Reseller Option Kit Chinese Traditional SW	0	0		NA		No	12/02/2024	01/31/2027	BASELINE	N/A	$0.00	0.00%	2026-09-09: (no price)
Software & Licenses	Server Management & Operating System Licenses	HPE OCA > DL380 Gen12 > Software & Licenses > Server Management & Operating System Licenses	Operating System / License	Unlimited	0	Unlimited	Selection constraint for Server Management & Operating System Licenses: no max	P77100-291	Standard	Microsoft Windows Server 2025 16-core Standard Reseller Option Kit Japanese SW	0	0		NA		No	12/02/2024	01/31/2027	BASELINE	N/A	$0.00	0.00%	2026-09-09: (no price)
Software & Licenses	Server Management & Operating System Licenses	HPE OCA > DL380 Gen12 > Software & Licenses > Server Management & Operating System Licenses	Operating System / License	Unlimited	0	Unlimited	Selection constraint for Server Management & Operating System Licenses: no max	S6L38A	Service	Microsoft Windows Server 2025 16-core Standard Reseller Option Kit WW ESD LTU	0	1147.00		NA		No	09/02/2025	11/30/2027	BASELINE	N/A	$0.00	0.00%	2026-09-09: $1147.00
Software & Licenses	Server Management & Operating System Licenses	HPE OCA > DL380 Gen12 > Software & Licenses > Server Management & Operating System Licenses	Operating System / License	Unlimited	0	Unlimited	Selection constraint for Server Management & Operating System Licenses: no max	P77100-021	Standard	Microsoft Windows Server 2025 16-core Standard Reseller Option Kit en/cs/pl/ru/sv SW	0	1147.00		NA		No	12/02/2024	01/31/2027	BASELINE	N/A	$0.00	0.00%	2026-09-09: $1147.00
Software & Licenses	Server Management & Operating System Licenses	HPE OCA > DL380 Gen12 > Software & Licenses > Server Management & Operating System Licenses	Operating System / License	Unlimited	0	Unlimited	Selection constraint for Server Management & Operating System Licenses: no max	P77100-A21	Standard	Microsoft Windows Server 2025 16-core Standard Reseller Option Kit en/fr/de/es/it/pt/nl SW	0	1147.00		NA		No	12/02/2024	01/31/2027	BASELINE	N/A	$0.00	0.00%	2026-09-09: $1147.00
Software & Licenses	Server Management & Operating System Licenses	HPE OCA > DL380 Gen12 > Software & Licenses > Server Management & Operating System Licenses	Operating System / License	Unlimited	0	Unlimited	Selection constraint for Server Management & Operating System Licenses: no max	P77100-371	Standard	Microsoft Windows Server 2025 16-core Standard Reseller Option Kit en/ko SW	0	0		NA		No	12/02/2024	01/31/2027	BASELINE	N/A	$0.00	0.00%	2026-09-09: (no price)
Software & Licenses	Server Management & Operating System Licenses	HPE OCA > DL380 Gen12 > Software & Licenses > Server Management & Operating System Licenses	Service & Support	Unlimited	0	Unlimited	Selection constraint for Server Management & Operating System Licenses: no max	S0E93AAE	Service	SUSE Linux Enterprise Micro 1-16 Cores 1-year Subscription 24x7 Support E-LTU	0	322.00		NA		No	10/03/2022	09/30/2027	BASELINE	N/A	$0.00	0.00%	2026-09-09: $322.00
Software & Licenses	Server Management & Operating System Licenses	HPE OCA > DL380 Gen12 > Software & Licenses > Server Management & Operating System Licenses	Service & Support	Unlimited	0	Unlimited	Selection constraint for Server Management & Operating System Licenses: no max	S0E94AAE	Service	SUSE Linux Enterprise Micro 1-16 Cores 3-year Subscription 24x7 Support E-LTU	0	870.00		NA		No	10/03/2022	09/30/2027	BASELINE	N/A	$0.00	0.00%	2026-09-09: $870.00
Software & Licenses	Server Management & Operating System Licenses	HPE OCA > DL380 Gen12 > Software & Licenses > Server Management & Operating System Licenses	Service & Support	Unlimited	0	Unlimited	Selection constraint for Server Management & Operating System Licenses: no max	S0E95AAE	Service	SUSE Linux Enterprise Micro 1-16 Cores 5-year Subscription 24x7 Support E-LTU	0	1451.00		NA		No	10/03/2022	09/30/2027	BASELINE	N/A	$0.00	0.00%	2026-09-09: $1451.00
Software & Licenses	Server Management & Operating System Licenses	HPE OCA > DL380 Gen12 > Software & Licenses > Server Management & Operating System Licenses	Service & Support	Unlimited	0	Unlimited	Selection constraint for Server Management & Operating System Licenses: no max	M6K30A	Standard	SUSE Linux Enterprise Server SAP 1-2 Sockets or 1-2 VM 3 Year Subscription 24x7 Support Flx LTU	0	7803.00		NA		No	06/01/2015	03/02/2026	BASELINE	N/A	$0.00	0.00%	2026-09-09: $7803.00
Software & Licenses	Server Management & Operating System Licenses	HPE OCA > DL380 Gen12 > Software & Licenses > Server Management & Operating System Licenses	Service & Support	Unlimited	0	Unlimited	Selection constraint for Server Management & Operating System Licenses: no max	M6K30AAE	Service	SUSE Linux Enterprise Server SAP 1-2 Sockets or 1-2 VM 3 Year Subscription 24x7 Support E-LTU	0	7803.00		NA		No	06/01/2015	03/02/2026	BASELINE	N/A	$0.00	0.00%	2026-09-09: $7803.00
Software & Licenses	Server Management & Operating System Licenses	HPE OCA > DL380 Gen12 > Software & Licenses > Server Management & Operating System Licenses	Service & Support	Unlimited	0	Unlimited	Selection constraint for Server Management & Operating System Licenses: no max	M6K32A	Standard	SUSE Linux Enterprise Server SAP 1-2 Sockets or 1-2 VM 5 Year Subscription 24x7 Support Flx LTU	0	13005.00		NA		No	06/01/2015	03/02/2026	BASELINE	N/A	$0.00	0.00%	2026-09-09: $13005.00
Software & Licenses	Server Management & Operating System Licenses	HPE OCA > DL380 Gen12 > Software & Licenses > Server Management & Operating System Licenses	Service & Support	Unlimited	0	Unlimited	Selection constraint for Server Management & Operating System Licenses: no max	M6K32AAE	Service	SUSE Linux Enterprise Server SAP 1-2 Sockets or 1-2 VM 5 Year Subscription 24x7 Support E-LTU	0	13005.00		NA		No	06/01/2015	03/02/2026	BASELINE	N/A	$0.00	0.00%	2026-09-09: $13005.00
Software & Licenses	Server Management & Operating System Licenses	HPE OCA > DL380 Gen12 > Software & Licenses > Server Management & Operating System Licenses	Operating System / License	Unlimited	0	Unlimited	Selection constraint for Server Management & Operating System Licenses: no max	S3R49A	Service	SUSE Linux Enterprise Server w/SUSE Manager Lifecycle Management+ 1-2 Sockets/1-2 VM 3yr 24x7 LTU	0	4399.00		NA		No	05/06/2024	03/02/2026	BASELINE	N/A	$0.00	0.00%	2026-09-09: $4399.00
Software & Licenses	Server Management & Operating System Licenses	HPE OCA > DL380 Gen12 > Software & Licenses > Server Management & Operating System Licenses	Operating System / License	Unlimited	0	Unlimited	Selection constraint for Server Management & Operating System Licenses: no max	S3R49AAE	Service	SUSE Linux Enterprise Server w/SUSE Manager Lifecycle Management+ 1-2 Sockets/1-2 VM 3yr 24x7 E-LTU	0	4399.00		NA		No	05/06/2024	03/02/2026	BASELINE	N/A	$0.00	0.00%	2026-09-09: $4399.00
Software & Licenses	Server Management & Operating System Licenses	HPE OCA > DL380 Gen12 > Software & Licenses > Server Management & Operating System Licenses	Operating System / License	Unlimited	0	Unlimited	Selection constraint for Server Management & Operating System Licenses: no max	S3R50A	Service	SUSE Linux Enterprise Server w/SUSE Manager Lifecycle Management+ 1-2 Sockets/1-2 VM 1yr 24x7 LTU	0	1599.00		NA		No	05/06/2024	03/02/2026	BASELINE	N/A	$0.00	0.00%	2026-09-09: $1599.00
Software & Licenses	Server Management & Operating System Licenses	HPE OCA > DL380 Gen12 > Software & Licenses > Server Management & Operating System Licenses	Operating System / License	Unlimited	0	Unlimited	Selection constraint for Server Management & Operating System Licenses: no max	S3R50AAE	Service	SUSE Linux Enterprise Server w/SUSE Manager Lifecycle Management+ 1-2 Sockets/1-2 VM 1yr 24x7 E-LTU	0	1599.00		NA		No	05/06/2024	03/02/2026	BASELINE	N/A	$0.00	0.00%	2026-09-09: $1599.00
Software & Licenses	Server Management & Operating System Licenses	HPE OCA > DL380 Gen12 > Software & Licenses > Server Management & Operating System Licenses	Operating System / License	Unlimited	0	Unlimited	Selection constraint for Server Management & Operating System Licenses: no max	S3R51A	Service	SUSE Linux Enterprise Server w/SUSE Manager Lifecycle Management+ 1-2 Sockets/1-2 VM 1yr 9x5 LTU	0	1099.00		NA		No	05/06/2024	03/02/2026	BASELINE	N/A	$0.00	0.00%	2026-09-09: $1099.00
Software & Licenses	Server Management & Operating System Licenses	HPE OCA > DL380 Gen12 > Software & Licenses > Server Management & Operating System Licenses	Operating System / License	Unlimited	0	Unlimited	Selection constraint for Server Management & Operating System Licenses: no max	S3R51AAE	Service	SUSE Linux Enterprise Server w/SUSE Manager Lifecycle Management+ 1-2 Sockets/1-2 VM 1yr 9x5 E-LTU	0	1099.00		NA		No	05/06/2024	03/02/2026	BASELINE	N/A	$0.00	0.00%	2026-09-09: $1099.00
Software & Licenses	Server Management & Operating System Licenses	HPE OCA > DL380 Gen12 > Software & Licenses > Server Management & Operating System Licenses	Operating System / License	Unlimited	0	Unlimited	Selection constraint for Server Management & Operating System Licenses: no max	S3R52A	Service	SUSE Linux Enterprise Server w/SUSE Manager Lifecycle Management+ 1-2 Sockets/1-2 VM 5yr 24x7 LTU	0	7196.00		NA		No	05/06/2024	03/02/2026	BASELINE	N/A	$0.00	0.00%	2026-09-09: $7196.00
Software & Licenses	Server Management & Operating System Licenses	HPE OCA > DL380 Gen12 > Software & Licenses > Server Management & Operating System Licenses	Operating System / License	Unlimited	0	Unlimited	Selection constraint for Server Management & Operating System Licenses: no max	S3R52AAE	Service	SUSE Linux Enterprise Server w/SUSE Manager Lifecycle Management+ 1-2 Sockets/1-2 VM 5yr 24x7 E-LTU	0	7196.00		NA		No	05/06/2024	03/02/2026	BASELINE	N/A	$0.00	0.00%	2026-09-09: $7196.00
Software & Licenses	Server Management & Operating System Licenses	HPE OCA > DL380 Gen12 > Software & Licenses > Server Management & Operating System Licenses	Operating System / License	Unlimited	0	Unlimited	Selection constraint for Server Management & Operating System Licenses: no max	S3R53A	Service	SUSE Linux Enterprise Server w/SUSE Manager Lifecycle Management+ 1-2 Sockets/1-2 VM 3yr 9x5 LTU	0	2990.00		NA		No	05/06/2024	03/02/2026	BASELINE	N/A	$0.00	0.00%	2026-09-09: $2990.00
Software & Licenses	Server Management & Operating System Licenses	HPE OCA > DL380 Gen12 > Software & Licenses > Server Management & Operating System Licenses	Operating System / License	Unlimited	0	Unlimited	Selection constraint for Server Management & Operating System Licenses: no max	S3R53AAE	Service	SUSE Linux Enterprise Server w/SUSE Manager Lifecycle Management+ 1-2 Sockets/1-2 VM 3yr 9x5 E-LTU	0	2990.00		NA		No	05/06/2024	03/02/2026	BASELINE	N/A	$0.00	0.00%	2026-09-09: $2990.00
Software & Licenses	Server Management & Operating System Licenses	HPE OCA > DL380 Gen12 > Software & Licenses > Server Management & Operating System Licenses	Operating System / License	Unlimited	0	Unlimited	Selection constraint for Server Management & Operating System Licenses: no max	S3R54A	Service	SUSE Linux Enterprise Server w/SUSE Manager Lifecycle Management+ 1-2 Sockets/1-2 VM 5yr 9x5 LTU	0	4946.00		NA		No	05/06/2024	03/02/2026	BASELINE	N/A	$0.00	0.00%	2026-09-09: $4946.00
Software & Licenses	Server Management & Operating System Licenses	HPE OCA > DL380 Gen12 > Software & Licenses > Server Management & Operating System Licenses	Operating System / License	Unlimited	0	Unlimited	Selection constraint for Server Management & Operating System Licenses: no max	S3R54AAE	Service	SUSE Linux Enterprise Server w/SUSE Manager Lifecycle Management+ 1-2 Sockets/1-2 VM 5yr 9x5 E-LTU	0	4946.00		NA		No	05/06/2024	03/02/2026	BASELINE	N/A	$0.00	0.00%	2026-09-09: $4946.00
Software & Licenses	Server Management & Operating System Licenses	HPE OCA > DL380 Gen12 > Software & Licenses > Server Management & Operating System Licenses	Operating System / License	Unlimited	0	Unlimited	Selection constraint for Server Management & Operating System Licenses: no max	S3R55AAE	Service	SUSE Linux Enterprise Server 1-2 Sockets 3-year 24x7 E-LTU	0	3507.00		NA		No	05/06/2024	03/02/2026	BASELINE	N/A	$0.00	0.00%	2026-09-09: $3507.00
Software & Licenses	Server Management & Operating System Licenses	HPE OCA > DL380 Gen12 > Software & Licenses > Server Management & Operating System Licenses	Operating System / License	Unlimited	0	Unlimited	Selection constraint for Server Management & Operating System Licenses: no max	S3R56AAE	Service	SUSE Linux Enterprise Server 1-2 Sockets 1-year 24x7 E-LTU	0	1299.00		NA		No	05/06/2024	03/02/2026	BASELINE	N/A	$0.00	0.00%	2026-09-09: $1299.00
Software & Licenses	Server Management & Operating System Licenses	HPE OCA > DL380 Gen12 > Software & Licenses > Server Management & Operating System Licenses	Operating System / License	Unlimited	0	Unlimited	Selection constraint for Server Management & Operating System Licenses: no max	S3R57AAE	Service	SUSE Linux Enterprise Server 1 Virtual Machine 3-year 24x7 E-LTU	0	1887.00		NA		No	05/06/2024	03/02/2026	BASELINE	N/A	$0.00	0.00%	2026-09-09: $1887.00
Software & Licenses	Server Management & Operating System Licenses	HPE OCA > DL380 Gen12 > Software & Licenses > Server Management & Operating System Licenses	Operating System / License	Unlimited	0	Unlimited	Selection constraint for Server Management & Operating System Licenses: no max	S3R58AAE	Service	SUSE Linux Enterprise Server 1 Virtual Machine 1-year 24x7 E-LTU	0	699.00		NA		No	05/06/2024	03/02/2026	BASELINE	N/A	$0.00	0.00%	2026-09-09: $699.00
Software & Licenses	Server Management & Operating System Licenses	HPE OCA > DL380 Gen12 > Software & Licenses > Server Management & Operating System Licenses	Operating System / License	Unlimited	0	Unlimited	Selection constraint for Server Management & Operating System Licenses: no max	S3R59AAE	Service	SUSE Linux Enterprise Server 1 Virtual Machine 5-year 24x7 E-LTU	0	3146.00		NA		No	05/06/2024	03/02/2026	BASELINE	N/A	$0.00	0.00%	2026-09-09: $3146.00
Software & Licenses	Server Management & Operating System Licenses	HPE OCA > DL380 Gen12 > Software & Licenses > Server Management & Operating System Licenses	Operating System / License	Unlimited	0	Unlimited	Selection constraint for Server Management & Operating System Licenses: no max	S3R60AAE	Service	SUSE Linux Enterprise Server 1-2 Sockets 5-year 24x7 E-LTU	0	5846.00		NA		No	05/06/2024	03/02/2026	BASELINE	N/A	$0.00	0.00%	2026-09-09: $5846.00
Software & Licenses	Server Management & Operating System Licenses	HPE OCA > DL380 Gen12 > Software & Licenses > Server Management & Operating System Licenses	Operating System / License	Unlimited	0	Unlimited	Selection constraint for Server Management & Operating System Licenses: no max	S7N75AAE	Service	SUSE Linux Enterprise Server for SAP Applications 1-2 Sockets or 1-2 VM 3-year Sub 24x7 Sup E-LTU	0	7803.00		NA		No	03/02/2026	04/30/2028	BASELINE	N/A	$0.00	0.00%	2026-09-09: $7803.00
Software & Licenses	Server Management & Operating System Licenses	HPE OCA > DL380 Gen12 > Software & Licenses > Server Management & Operating System Licenses	Operating System / License	Unlimited	0	Unlimited	Selection constraint for Server Management & Operating System Licenses: no max	S7N76AAE	Service	SUSE Linux Enterprise Server for SAP Applications 1-2 Sockets or 1-2 VM 5-year Sub 24x7 Sup E-LTU	0	13005.00		NA		No	03/02/2026	04/30/2028	BASELINE	N/A	$0.00	0.00%	2026-09-09: $13005.00
Software & Licenses	Server Management & Operating System Licenses	HPE OCA > DL380 Gen12 > Software & Licenses > Server Management & Operating System Licenses	Operating System / License	Unlimited	0	Unlimited	Selection constraint for Server Management & Operating System Licenses: no max	S7N79AAE	Service	SUSE Linux Enterprise Server w/SUSE Multi-Linux Mgr Lifecycle Mgmt+ 1-2 Skts/1-2 VM 1yr 24x7 E-LTU	0	1599.00		NA		No	03/02/2026	04/30/2028	BASELINE	N/A	$0.00	0.00%	2026-09-09: $1599.00
Software & Licenses	Server Management & Operating System Licenses	HPE OCA > DL380 Gen12 > Software & Licenses > Server Management & Operating System Licenses	Operating System / License	Unlimited	0	Unlimited	Selection constraint for Server Management & Operating System Licenses: no max	S7N80AAE	Service	SUSE Linux Enterprise Server w/SUSE Multi-Linux Mgr Lifecycle Mgmt+ 1-2 Skts/1-2 VM 1yr 9x5 E-LTU	0	1099.00		NA		No	03/02/2026	04/30/2028	BASELINE	N/A	$0.00	0.00%	2026-09-09: $1099.00
Software & Licenses	Server Management & Operating System Licenses	HPE OCA > DL380 Gen12 > Software & Licenses > Server Management & Operating System Licenses	Operating System / License	Unlimited	0	Unlimited	Selection constraint for Server Management & Operating System Licenses: no max	S7N81AAE	Service	SUSE Linux Enterprise Server w/SUSE Multi-Linux Mgr Lifecycle Mgmt+ 1-2 Skts/1-2 VM 3yr 24x7 E-LTU	0	4399.00		NA		No	03/02/2026	04/30/2028	BASELINE	N/A	$0.00	0.00%	2026-09-09: $4399.00
Software & Licenses	Server Management & Operating System Licenses	HPE OCA > DL380 Gen12 > Software & Licenses > Server Management & Operating System Licenses	Operating System / License	Unlimited	0	Unlimited	Selection constraint for Server Management & Operating System Licenses: no max	S7N82AAE	Service	SUSE Linux Enterprise Server w/SUSE Multi-Linux Mgr Lifecycle Mgmt+ 1-2 Skts/1-2 VM 3yr 9x5 E-LTU	0	2990.00		NA		No	03/02/2026	04/30/2028	BASELINE	N/A	$0.00	0.00%	2026-09-09: $2990.00
Software & Licenses	Server Management & Operating System Licenses	HPE OCA > DL380 Gen12 > Software & Licenses > Server Management & Operating System Licenses	Operating System / License	Unlimited	0	Unlimited	Selection constraint for Server Management & Operating System Licenses: no max	S7N83AAE	Service	SUSE Linux Enterprise Server w/SUSE Multi-Linux Mgr Lifecycle Mgmt+ 1-2 Skts/1-2 VM 5yr 24x7 E-LTU	0	7196.00		NA		No	03/02/2026	04/30/2028	BASELINE	N/A	$0.00	0.00%	2026-09-09: $7196.00
Software & Licenses	Server Management & Operating System Licenses	HPE OCA > DL380 Gen12 > Software & Licenses > Server Management & Operating System Licenses	Operating System / License	Unlimited	0	Unlimited	Selection constraint for Server Management & Operating System Licenses: no max	S7N84AAE	Service	SUSE Linux Enterprise Server w/SUSE Multi-Linux Mgr Lifecycle Mgmt+ 1-2 Skts/1-2 VM 5yr 9x5 E-LTU	0	4946.00		NA		No	03/02/2026	04/30/2028	BASELINE	N/A	$0.00	0.00%	2026-09-09: $4946.00
Software & Licenses	Server Management & Operating System Licenses	HPE OCA > DL380 Gen12 > Software & Licenses > Server Management & Operating System Licenses	Service & Support	Unlimited	0	Unlimited	Selection constraint for Server Management & Operating System Licenses: no max	S7N85A	Service	SUSE Linux Enterprise Server for SAP Applications 1-2 Sockets or 1-2 VM 3-year Sub 24x7 Support LTU	0	7803.00		NA		No	03/02/2026	04/30/2028	BASELINE	N/A	$0.00	0.00%	2026-09-09: $7803.00
Software & Licenses	Server Management & Operating System Licenses	HPE OCA > DL380 Gen12 > Software & Licenses > Server Management & Operating System Licenses	Service & Support	Unlimited	0	Unlimited	Selection constraint for Server Management & Operating System Licenses: no max	S7N86A	Service	SUSE Linux Enterprise Server for SAP Applications 1-2 Sockets or 1-2 VM 5-year Sub 24x7 Support LTU	0	13005.00		NA		No	03/02/2026	04/30/2028	BASELINE	N/A	$0.00	0.00%	2026-09-09: $13005.00
Software & Licenses	Server Management & Operating System Licenses	HPE OCA > DL380 Gen12 > Software & Licenses > Server Management & Operating System Licenses	Operating System / License	Unlimited	0	Unlimited	Selection constraint for Server Management & Operating System Licenses: no max	S7N89A	Service	SUSE Linux Enterprise Server w/SUSE Multi-Linux Mgr Lifecycle Mgmt+ 1-2 Skts/1-2 VM 1yr 24x7 LTU	0	1599.00		NA		No	03/02/2026	04/30/2028	BASELINE	N/A	$0.00	0.00%	2026-09-09: $1599.00
Software & Licenses	Server Management & Operating System Licenses	HPE OCA > DL380 Gen12 > Software & Licenses > Server Management & Operating System Licenses	Operating System / License	Unlimited	0	Unlimited	Selection constraint for Server Management & Operating System Licenses: no max	S7N90A	Service	SUSE Linux Enterprise Server w/SUSE Multi-Linux Mgr Lifecycle Mgmt+ 1-2 Skts/1-2 VM 1yr 9x5 LTU	0	1099.00		NA		No	03/02/2026	04/30/2028	BASELINE	N/A	$0.00	0.00%	2026-09-09: $1099.00
Software & Licenses	Server Management & Operating System Licenses	HPE OCA > DL380 Gen12 > Software & Licenses > Server Management & Operating System Licenses	Operating System / License	Unlimited	0	Unlimited	Selection constraint for Server Management & Operating System Licenses: no max	S7N91A	Service	SUSE Linux Enterprise Server w/SUSE Multi-Linux Mgr Lifecycle Mgmt+ 1-2 Skts/1-2 VM 3yr 24x7 LTU	0	4399.00		NA		No	03/02/2026	04/30/2028	BASELINE	N/A	$0.00	0.00%	2026-09-09: $4399.00
Software & Licenses	Server Management & Operating System Licenses	HPE OCA > DL380 Gen12 > Software & Licenses > Server Management & Operating System Licenses	Operating System / License	Unlimited	0	Unlimited	Selection constraint for Server Management & Operating System Licenses: no max	S7N92A	Service	SUSE Linux Enterprise Server w/SUSE Multi-Linux Mgr Lifecycle Mgmt+ 1-2 Skts/1-2 VM 3yr 9x5 LTU	0	2990.00		NA		No	03/02/2026	04/30/2028	BASELINE	N/A	$0.00	0.00%	2026-09-09: $2990.00
Software & Licenses	Server Management & Operating System Licenses	HPE OCA > DL380 Gen12 > Software & Licenses > Server Management & Operating System Licenses	Operating System / License	Unlimited	0	Unlimited	Selection constraint for Server Management & Operating System Licenses: no max	S7N93A	Service	SUSE Linux Enterprise Server w/SUSE Multi-Linux Mgr Lifecycle Mgmt+ 1-2 Skts/1-2 VM 5yr 24x7 LTU	0	7196.00		NA		No	03/02/2026	04/30/2028	BASELINE	N/A	$0.00	0.00%	2026-09-09: $7196.00
Software & Licenses	Server Management & Operating System Licenses	HPE OCA > DL380 Gen12 > Software & Licenses > Server Management & Operating System Licenses	Operating System / License	Unlimited	0	Unlimited	Selection constraint for Server Management & Operating System Licenses: no max	S7N94A	Service	SUSE Linux Enterprise Server w/SUSE Multi-Linux Mgr Lifecycle Mgmt+ 1-2 Skts/1-2 VM 5yr 9x5 LTU	0	4946.00		NA		No	03/02/2026	04/30/2028	BASELINE	N/A	$0.00	0.00%	2026-09-09: $4946.00
Software & Licenses	Server Management & Operating System Licenses	HPE OCA > DL380 Gen12 > Software & Licenses > Server Management & Operating System Licenses	Service & Support	Unlimited	0	Unlimited	Selection constraint for Server Management & Operating System Licenses: no max	S7N95AAE	Service	SUSE Linux Enterprise Server 1-2 Sockets 1-year Subscription 24x7 Support E-LTU	0	1299.00		NA		No	03/02/2026	04/30/2028	BASELINE	N/A	$0.00	0.00%	2026-09-09: $1299.00
Software & Licenses	Server Management & Operating System Licenses	HPE OCA > DL380 Gen12 > Software & Licenses > Server Management & Operating System Licenses	Service & Support	Unlimited	0	Unlimited	Selection constraint for Server Management & Operating System Licenses: no max	S7N96AAE	Service	SUSE Linux Enterprise Server 1-2 Sockets 3-year Subscription 24x7 Support E-LTU	0	3507.00		NA		No	03/02/2026	04/30/2028	BASELINE	N/A	$0.00	0.00%	2026-09-09: $3507.00
Software & Licenses	Server Management & Operating System Licenses	HPE OCA > DL380 Gen12 > Software & Licenses > Server Management & Operating System Licenses	Service & Support	Unlimited	0	Unlimited	Selection constraint for Server Management & Operating System Licenses: no max	S7N97AAE	Service	SUSE Linux Enterprise Server 1-2 Sockets 5-year Subscription 24x7 Support E-LTU	0	5846.00		NA		No	03/02/2026	04/30/2028	BASELINE	N/A	$0.00	0.00%	2026-09-09: $5846.00
Software & Licenses	Server Management & Operating System Licenses	HPE OCA > DL380 Gen12 > Software & Licenses > Server Management & Operating System Licenses	Service & Support	Unlimited	0	Unlimited	Selection constraint for Server Management & Operating System Licenses: no max	S7N98AAE	Service	SUSE Linux Enterprise Server 1 VM 1-year Subscription 24x7 Support E-LTU	0	699.00		NA		No	03/02/2026	04/30/2028	BASELINE	N/A	$0.00	0.00%	2026-09-09: $699.00
Software & Licenses	Server Management & Operating System Licenses	HPE OCA > DL380 Gen12 > Software & Licenses > Server Management & Operating System Licenses	Service & Support	Unlimited	0	Unlimited	Selection constraint for Server Management & Operating System Licenses: no max	S7N99AAE	Service	SUSE Linux Enterprise Server 1 VM 3-year Subscription 24x7 Support E-LTU	0	1887.00		NA		No	03/02/2026	04/30/2028	BASELINE	N/A	$0.00	0.00%	2026-09-09: $1887.00
Software & Licenses	Server Management & Operating System Licenses	HPE OCA > DL380 Gen12 > Software & Licenses > Server Management & Operating System Licenses	Service & Support	Unlimited	0	Unlimited	Selection constraint for Server Management & Operating System Licenses: no max	S7P00AAE	Service	SUSE Linux Enterprise Server 1 VM 5-year Subscription 24x7 Support E-LTU	0	3146.00		NA		No	03/02/2026	04/30/2028	BASELINE	N/A	$0.00	0.00%	2026-09-09: $3146.00
Software & Licenses	Server Management & Operating System Licenses	HPE OCA > DL380 Gen12 > Software & Licenses > Server Management & Operating System Licenses	Operating System / License	Unlimited	0	Unlimited	Selection constraint for Server Management & Operating System Licenses: no max	S5Q81AAE	Service	HPE Morpheus VM Essentials Software per Socket 1-year E-LTU	0	600.00		NA		No	12/02/2024	01/31/2028	BASELINE	N/A	$0.00	0.00%	2026-09-09: $600.00
Software & Licenses	Server Management & Operating System Licenses	HPE OCA > DL380 Gen12 > Software & Licenses > Server Management & Operating System Licenses	Operating System / License	Unlimited	0	Unlimited	Selection constraint for Server Management & Operating System Licenses: no max	S5Q82AAE	Service	HPE Morpheus VM Essentials Software per Socket 3-year E-LTU	0	1800.00		NA		No	12/02/2024	01/31/2028	BASELINE	N/A	$0.00	0.00%	2026-09-09: $1800.00
Software & Licenses	Server Management & Operating System Licenses	HPE OCA > DL380 Gen12 > Software & Licenses > Server Management & Operating System Licenses	Operating System / License	Unlimited	0	Unlimited	Selection constraint for Server Management & Operating System Licenses: no max	S5Q83AAE	Service	HPE Morpheus VM Essentials Software per Socket 5-year E-LTU	0	3000.00		NA		No	12/02/2024	01/31/2028	BASELINE	N/A	$0.00	0.00%	2026-09-09: $3000.00
Software & Licenses	Server Management & Operating System Licenses	HPE OCA > DL380 Gen12 > Software & Licenses > Server Management & Operating System Licenses	Service & Support	Unlimited	0	Unlimited	Selection constraint for Server Management & Operating System Licenses: no max	G3J22AAE	Service	Red Hat Enterprise Linux for Virtual Datacenters 2 Sockets 1 Year Subscription 24x7 Support E-LTU	0	4839.00		NA		No	03/31/2014	09/30/2028	BASELINE	N/A	$0.00	0.00%	2026-09-09: $4839.00
Software & Licenses	Server Management & Operating System Licenses	HPE OCA > DL380 Gen12 > Software & Licenses > Server Management & Operating System Licenses	Service & Support	Unlimited	0	Unlimited	Selection constraint for Server Management & Operating System Licenses: no max	G3J23AAE	Service	Red Hat Enterprise Linux for Virtual Datacenters 2 Sockets 1 Year Subscription 9x5 Support E-LTU	0	3024.00		NA		No	03/31/2014	09/30/2028	BASELINE	N/A	$0.00	0.00%	2026-09-09: $3024.00
Software & Licenses	Server Management & Operating System Licenses	HPE OCA > DL380 Gen12 > Software & Licenses > Server Management & Operating System Licenses	Service & Support	Unlimited	0	Unlimited	Selection constraint for Server Management & Operating System Licenses: no max	G3J24AAE	Service	Red Hat Enterprise Linux for Virtual Datacenters 2 Sockets 3 Year Subscription 24x7 Support E-LTU	0	14516.00		NA		No	03/31/2014	09/30/2028	BASELINE	N/A	$0.00	0.00%	2026-09-09: $14516.00
Software & Licenses	Server Management & Operating System Licenses	HPE OCA > DL380 Gen12 > Software & Licenses > Server Management & Operating System Licenses	Service & Support	Unlimited	0	Unlimited	Selection constraint for Server Management & Operating System Licenses: no max	G3J25AAE	Service	Red Hat Enterprise Linux for Virtual Datacenters 2 Sockets 3 Year Subscription 9x5 Support E-LTU	0	9072.00		NA		No	03/31/2014	09/30/2028	BASELINE	N/A	$0.00	0.00%	2026-09-09: $9072.00
Software & Licenses	Server Management & Operating System Licenses	HPE OCA > DL380 Gen12 > Software & Licenses > Server Management & Operating System Licenses	Service & Support	Unlimited	0	Unlimited	Selection constraint for Server Management & Operating System Licenses: no max	G3J26AAE	Service	Red Hat Enterprise Linux for Virtual Datacenters 2 Sockets 5 Year Subscription 24x7 Support E-LTU	0	24194.00		NA		No	03/31/2014	09/30/2028	BASELINE	N/A	$0.00	0.00%	2026-09-09: $24194.00
Software & Licenses	Server Management & Operating System Licenses	HPE OCA > DL380 Gen12 > Software & Licenses > Server Management & Operating System Licenses	Service & Support	Unlimited	0	Unlimited	Selection constraint for Server Management & Operating System Licenses: no max	G3J27AAE	Service	Red Hat Enterprise Linux for Virtual Datacenters 2 Sockets 5 Year Subscription 9x5 Support E-LTU	0	15119.00		NA		No	03/31/2014	09/30/2028	BASELINE	N/A	$0.00	0.00%	2026-09-09: $15119.00
Software & Licenses	Server Management & Operating System Licenses	HPE OCA > DL380 Gen12 > Software & Licenses > Server Management & Operating System Licenses	Service & Support	Unlimited	0	Unlimited	Selection constraint for Server Management & Operating System Licenses: no max	G3J28AAE	Service	Red Hat Enterprise Linux Server 2 Sockets or 2 Guests 1 Year Subscription 24x7 Support E-LTU	0	1429.00		NA		No	03/31/2014	09/30/2028	BASELINE	N/A	$0.00	0.00%	2026-09-09: $1429.00
Software & Licenses	Server Management & Operating System Licenses	HPE OCA > DL380 Gen12 > Software & Licenses > Server Management & Operating System Licenses	Service & Support	Unlimited	0	Unlimited	Selection constraint for Server Management & Operating System Licenses: no max	G3J29AAE	Service	Red Hat Enterprise Linux Server 2 Sockets or 2 Guests 1 Year Subscription 9x5 Support E-LTU	0	879.00		NA		No	03/31/2014	09/30/2028	BASELINE	N/A	$0.00	0.00%	2026-09-09: $879.00
Software & Licenses	Server Management & Operating System Licenses	HPE OCA > DL380 Gen12 > Software & Licenses > Server Management & Operating System Licenses	Service & Support	Unlimited	0	Unlimited	Selection constraint for Server Management & Operating System Licenses: no max	G3J30AAE	Service	Red Hat Enterprise Linux Server 2 Sockets or 2 Guests 3 Year Subscription 24x7 Support E-LTU	0	4287.00		NA		No	03/31/2014	09/30/2028	BASELINE	N/A	$0.00	0.00%	2026-09-09: $4287.00
Software & Licenses	Server Management & Operating System Licenses	HPE OCA > DL380 Gen12 > Software & Licenses > Server Management & Operating System Licenses	Service & Support	Unlimited	0	Unlimited	Selection constraint for Server Management & Operating System Licenses: no max	G3J31AAE	Service	Red Hat Enterprise Linux Server 2 Sockets or 2 Guests 3 Year Subscription 9x5 Support E-LTU	0	2637.00		NA		No	03/31/2014	09/30/2028	BASELINE	N/A	$0.00	0.00%	2026-09-09: $2637.00
Software & Licenses	Server Management & Operating System Licenses	HPE OCA > DL380 Gen12 > Software & Licenses > Server Management & Operating System Licenses	Operating System / License	Unlimited	0	Unlimited	Selection constraint for Server Management & Operating System Licenses: no max	G3J32AAE	Service	RHEL Server 2 Sckt/2 Gst 5yr 24x7 E-LTU	0	7145.00		NA		No	03/31/2014	09/30/2028	BASELINE	N/A	$0.00	0.00%	2026-09-09: $7145.00
Software & Licenses	Server Management & Operating System Licenses	HPE OCA > DL380 Gen12 > Software & Licenses > Server Management & Operating System Licenses	Service & Support	Unlimited	0	Unlimited	Selection constraint for Server Management & Operating System Licenses: no max	G3J33AAE	Service	Red Hat Enterprise Linux Server 2 Sockets or Guests 5 Year Subscription 9x5 Support E-LTU	0	4395.00		NA		No	03/31/2014	09/30/2028	BASELINE	N/A	$0.00	0.00%	2026-09-09: $4395.00
Software & Licenses	Server Management & Operating System Licenses	HPE OCA > DL380 Gen12 > Software & Licenses > Server Management & Operating System Licenses	Service & Support	Unlimited	0	Unlimited	Selection constraint for Server Management & Operating System Licenses: no max	G5J62AAE	Service	Red Hat Enterprise Linux Server 2 Sockets 4 Guests 1 Year Subscription 24x7 Support E-LTU	0	2144.00		NA		No	03/31/2014	09/30/2028	BASELINE	N/A	$0.00	0.00%	2026-09-09: $2144.00
Software & Licenses	Server Management & Operating System Licenses	HPE OCA > DL380 Gen12 > Software & Licenses > Server Management & Operating System Licenses	Service & Support	Unlimited	0	Unlimited	Selection constraint for Server Management & Operating System Licenses: no max	G5J63AAE	Service	Red Hat Enterprise Linux Server 2 Sockets 4 Guests 1 Year Subscription 9x5 Support E-LTU	0	1319.00		NA		No	03/31/2014	09/30/2028	BASELINE	N/A	$0.00	0.00%	2026-09-09: $1319.00
Software & Licenses	Server Management & Operating System Licenses	HPE OCA > DL380 Gen12 > Software & Licenses > Server Management & Operating System Licenses	Service & Support	Unlimited	0	Unlimited	Selection constraint for Server Management & Operating System Licenses: no max	G5J64AAE	Service	Red Hat Enterprise Linux Server 2 Sockets 4 Guests 3 Year Subscription 24x7 Support E-LTU	0	6432.00		NA		No	03/31/2014	09/30/2028	BASELINE	N/A	$0.00	0.00%	2026-09-09: $6432.00
Software & Licenses	Server Management & Operating System Licenses	HPE OCA > DL380 Gen12 > Software & Licenses > Server Management & Operating System Licenses	Service & Support	Unlimited	0	Unlimited	Selection constraint for Server Management & Operating System Licenses: no max	G5J65AAE	Service	Red Hat Enterprise Linux Server 2 Sockets 4 Guests 3 Year Subscription 9x5 Support E-LTU	0	3957.00		NA		No	03/31/2014	09/30/2028	BASELINE	N/A	$0.00	0.00%	2026-09-09: $3957.00
Software & Licenses	Server Management & Operating System Licenses	HPE OCA > DL380 Gen12 > Software & Licenses > Server Management & Operating System Licenses	Service & Support	Unlimited	0	Unlimited	Selection constraint for Server Management & Operating System Licenses: no max	J8J35AAE	Service	Red Hat Enterprise Linux Server 2 Sockets 1 Guest 1 Year Subscription 9x5 Support E-LTU	0	879.00		NA		No	08/18/2014	09/30/2028	BASELINE	N/A	$0.00	0.00%	2026-09-09: $879.00
Software & Licenses	Server Management & Operating System Licenses	HPE OCA > DL380 Gen12 > Software & Licenses > Server Management & Operating System Licenses	Service & Support	Unlimited	0	Unlimited	Selection constraint for Server Management & Operating System Licenses: no max	J8J36AAE	Service	Red Hat Enterprise Linux Server 2 Sockets 1 Guest 1 Year Subscription 24x7 Support E-LTU	0	1429.00		NA		No	08/18/2014	09/30/2028	BASELINE	N/A	$0.00	0.00%	2026-09-09: $1429.00
Software & Licenses	Server Management & Operating System Licenses	HPE OCA > DL380 Gen12 > Software & Licenses > Server Management & Operating System Licenses	Service & Support	Unlimited	0	Unlimited	Selection constraint for Server Management & Operating System Licenses: no max	S4R31A	Service	Red Hat Enterprise Linux Virtual Datacenter 2 Sockets 1-year Subscription 24x7 Support LTU	0	4839.00		NA		No	10/07/2024	11/03/2027	BASELINE	N/A	$0.00	0.00%	2026-09-09: $4839.00
Software & Licenses	Server Management & Operating System Licenses	HPE OCA > DL380 Gen12 > Software & Licenses > Server Management & Operating System Licenses	Service & Support	Unlimited	0	Unlimited	Selection constraint for Server Management & Operating System Licenses: no max	S4R32A	Service	Red Hat Enterprise Linux Virtual Datacenter 2 Sockets 3-year Subscription 24x7 Support LTU	0	14516.00		NA		No	10/07/2024	11/03/2027	BASELINE	N/A	$0.00	0.00%	2026-09-09: $14516.00
Software & Licenses	Server Management & Operating System Licenses	HPE OCA > DL380 Gen12 > Software & Licenses > Server Management & Operating System Licenses	Service & Support	Unlimited	0	Unlimited	Selection constraint for Server Management & Operating System Licenses: no max	S4R33A	Service	Red Hat Enterprise Linux Virtual Datacenter 2 Sockets 5-year Subscription 24x7 Support LTU	0	24194.00		NA		No	10/07/2024	11/03/2027	BASELINE	N/A	$0.00	0.00%	2026-09-09: $24194.00
Software & Licenses	Server Management & Operating System Licenses	HPE OCA > DL380 Gen12 > Software & Licenses > Server Management & Operating System Licenses	Service & Support	Unlimited	0	Unlimited	Selection constraint for Server Management & Operating System Licenses: no max	S4R34A	Service	Red Hat Enterprise Linux Virtual Datacenter 2 Sockets 1-year Subscription 9x5 Support LTU	0	3024.00		NA		No	10/07/2024	11/03/2027	BASELINE	N/A	$0.00	0.00%	2026-09-09: $3024.00
Software & Licenses	Server Management & Operating System Licenses	HPE OCA > DL380 Gen12 > Software & Licenses > Server Management & Operating System Licenses	Service & Support	Unlimited	0	Unlimited	Selection constraint for Server Management & Operating System Licenses: no max	S4R35A	Service	Red Hat Enterprise Linux Virtual Datacenter 2 Sockets 3-year Subscription 9x5 Support LTU	0	9072.00		NA		No	10/07/2024	11/03/2027	BASELINE	N/A	$0.00	0.00%	2026-09-09: $9072.00
Software & Licenses	Server Management & Operating System Licenses	HPE OCA > DL380 Gen12 > Software & Licenses > Server Management & Operating System Licenses	Service & Support	Unlimited	0	Unlimited	Selection constraint for Server Management & Operating System Licenses: no max	S4R36A	Service	Red Hat Enterprise Linux Virtual Datacenter 2 Sockets 5-year Subscription 9x5 Support LTU	0	15119.00		NA		No	10/07/2024	11/03/2027	BASELINE	N/A	$0.00	0.00%	2026-09-09: $15119.00
Software & Licenses	Server Management & Operating System Licenses	HPE OCA > DL380 Gen12 > Software & Licenses > Server Management & Operating System Licenses	Service & Support	Unlimited	0	Unlimited	Selection constraint for Server Management & Operating System Licenses: no max	S4R37A	Service	Red Hat Enterprise Linux Server 2 Sockets or 2 Guests 1-year Subscription 24x7 Support LTU	0	1429.00		NA		No	10/07/2024	11/03/2027	BASELINE	N/A	$0.00	0.00%	2026-09-09: $1429.00
Software & Licenses	Server Management & Operating System Licenses	HPE OCA > DL380 Gen12 > Software & Licenses > Server Management & Operating System Licenses	Service & Support	Unlimited	0	Unlimited	Selection constraint for Server Management & Operating System Licenses: no max	S4R38A	Service	Red Hat Enterprise Linux Server 2 Sockets or 2 Guests 3-year Subscription 24x7 Support LTU	0	4072.00		NA		No	10/07/2024	11/03/2027	BASELINE	N/A	$0.00	0.00%	2026-09-09: $4072.00
Software & Licenses	Server Management & Operating System Licenses	HPE OCA > DL380 Gen12 > Software & Licenses > Server Management & Operating System Licenses	Service & Support	Unlimited	0	Unlimited	Selection constraint for Server Management & Operating System Licenses: no max	S4R39A	Service	Red Hat Enterprise Linux Server 2 Sockets or 2 Guests 5-year Subscription 24x7 Support LTU	0	6787.00		NA		No	10/07/2024	11/03/2027	BASELINE	N/A	$0.00	0.00%	2026-09-09: $6787.00
Software & Licenses	Server Management & Operating System Licenses	HPE OCA > DL380 Gen12 > Software & Licenses > Server Management & Operating System Licenses	Service & Support	Unlimited	0	Unlimited	Selection constraint for Server Management & Operating System Licenses: no max	S4R40A	Service	Red Hat Enterprise Linux Server 2 Sockets or 2 Guests 1-year Subscription 9x5 Support LTU	0	879.00		NA		No	10/07/2024	11/03/2027	BASELINE	N/A	$0.00	0.00%	2026-09-09: $879.00
Software & Licenses	Server Management & Operating System Licenses	HPE OCA > DL380 Gen12 > Software & Licenses > Server Management & Operating System Licenses	Service & Support	Unlimited	0	Unlimited	Selection constraint for Server Management & Operating System Licenses: no max	S4R41A	Service	Red Hat Enterprise Linux Server 2 Sockets or 2 Guests 3-year Subscription 9x5 Support LTU	0	2505.00		NA		No	10/07/2024	11/03/2027	BASELINE	N/A	$0.00	0.00%	2026-09-09: $2505.00
Software & Licenses	Server Management & Operating System Licenses	HPE OCA > DL380 Gen12 > Software & Licenses > Server Management & Operating System Licenses	Service & Support	Unlimited	0	Unlimited	Selection constraint for Server Management & Operating System Licenses: no max	S4R42A	Service	Red Hat Enterprise Linux Server 2 Sockets or 2 Guests 5-year Subscription 9x5 Support LTU	0	4175.00		NA		No	10/07/2024	11/03/2027	BASELINE	N/A	$0.00	0.00%	2026-09-09: $4175.00
Software & Licenses	Server Management & Operating System Licenses	HPE OCA > DL380 Gen12 > Software & Licenses > Server Management & Operating System Licenses	Service & Support	Unlimited	0	Unlimited	Selection constraint for Server Management & Operating System Licenses: no max	S4R43A	Service	Red Hat Enterprise Linux Server 2 Sockets 1 Guest 1-year Subscription 24x7 Support LTU	0	1429.00		NA		No	10/07/2024	11/03/2027	BASELINE	N/A	$0.00	0.00%	2026-09-09: $1429.00
Software & Licenses	Server Management & Operating System Licenses	HPE OCA > DL380 Gen12 > Software & Licenses > Server Management & Operating System Licenses	Service & Support	Unlimited	0	Unlimited	Selection constraint for Server Management & Operating System Licenses: no max	S4R44A	Service	Red Hat Enterprise Linux Server 2 Sockets 1 Guest 1-year Subscription 9x5 Support LTU	0	879.00		NA		No	10/07/2024	11/03/2027	BASELINE	N/A	$0.00	0.00%	2026-09-09: $879.00
Software & Licenses	Server Management & Operating System Licenses	HPE OCA > DL380 Gen12 > Software & Licenses > Server Management & Operating System Licenses	Service & Support	Unlimited	0	Unlimited	Selection constraint for Server Management & Operating System Licenses: no max	S4R45A	Service	Red Hat Enterprise Linux Server 2 Sockets 4 Guests 1-year Subscription 24x7 Support LTU	0	2144.00		NA		No	10/07/2024	11/03/2027	BASELINE	N/A	$0.00	0.00%	2026-09-09: $2144.00
Software & Licenses	Server Management & Operating System Licenses	HPE OCA > DL380 Gen12 > Software & Licenses > Server Management & Operating System Licenses	Service & Support	Unlimited	0	Unlimited	Selection constraint for Server Management & Operating System Licenses: no max	S4R46A	Service	Red Hat Enterprise Linux Server 2 Sockets 4 Guests 1-year Subscription 9x5 Support LTU	0	1319.00		NA		No	10/07/2024	11/03/2027	BASELINE	N/A	$0.00	0.00%	2026-09-09: $1319.00
Software & Licenses	Server Management & Operating System Licenses	HPE OCA > DL380 Gen12 > Software & Licenses > Server Management & Operating System Licenses	Service & Support	Unlimited	0	Unlimited	Selection constraint for Server Management & Operating System Licenses: no max	S4R47A	Service	Red Hat Enterprise Linux Server 2 Sockets 4 Guests 3-year Subscription 24x7 Support LTU	0	6110.00		NA		No	10/07/2024	11/03/2027	BASELINE	N/A	$0.00	0.00%	2026-09-09: $6110.00
Software & Licenses	Server Management & Operating System Licenses	HPE OCA > DL380 Gen12 > Software & Licenses > Server Management & Operating System Licenses	Service & Support	Unlimited	0	Unlimited	Selection constraint for Server Management & Operating System Licenses: no max	S4R48A	Service	Red Hat Enterprise Linux Server 2 Sockets 4 Guests 3-year Subscription 9x5 Support LTU	0	3759.00		NA		No	10/07/2024	11/03/2027	BASELINE	N/A	$0.00	0.00%	2026-09-09: $3759.00
Accessories & Infrastructure	System Options	HPE OCA > DL380 Gen12 > Accessories & Infrastructure > System Options	Service & Support	Optional	0	Optional	Selection constraint for System Options: optional	S2G27AAE	Service	VMware Cloud Foundation Enterprise per CPU 3-year BYOL Support Service	0	1948.00		NA		No	08/07/2023	09/30/2025	BASELINE	N/A	$0.00	0.00%	2026-09-09: $1948.00
Accessories & Infrastructure	System Options	HPE OCA > DL380 Gen12 > Accessories & Infrastructure > System Options	Service & Support	Optional	0	Optional	Selection constraint for System Options: optional	S2G28AAE	Service	VMware Cloud Foundation Enterprise per CPU 5-year BYOL Support Service	0	2449.00		NA		No	08/07/2023	09/30/2025	BASELINE	N/A	$0.00	0.00%	2026-09-09: $2449.00
Accessories & Infrastructure	System Options	HPE OCA > DL380 Gen12 > Accessories & Infrastructure > System Options	Service & Support	Optional	0	Optional	Private Product is not valid for current customer account	S4F94AAE	Service	VMware Cloud Foundation Term per Core 3-year Subscription 24x7 Support E-RTU                       is obsolete: S4F94AAE	0	1568.00		NA		No	07/01/2024	11/04/2025	BASELINE	N/A	$0.00	0.00%	2026-09-09: $1568.00
Accessories & Infrastructure	System Options	HPE OCA > DL380 Gen12 > Accessories & Infrastructure > System Options	Service & Support	Optional	0	Optional	Private Product is not valid for current customer account	S4G00AAE	Service	VMware Cloud Foundation Term per Core 5-year Subscription 24x7 Support E-RTU                       is obsolete: S4G00AAE	0	2637.00		NA		No	07/01/2024	11/04/2025	BASELINE	N/A	$0.00	0.00%	2026-09-09: $2637.00
Accessories & Infrastructure	System Options	HPE OCA > DL380 Gen12 > Accessories & Infrastructure > System Options	Operating System / License	Optional	0	Optional	Private Product is not valid for current customer account	S4R76AAE	Service	VMware Cloud Foundation Term per Core 1-year 24x7 E-RTU	0	519.00		NA		No	08/05/2024	09/06/2028	BASELINE	N/A	$0.00	0.00%	2026-09-09: $519.00