Main Category	Sub-Category	Hierarchy Path	Component Role	Constraint Text	Subcategory Min Qty	Subcategory Max Qty	Table Rule/Note	Product #	Option Type	Description	Current Qty	Unit Price (USD)	Price Delta (USD)	Extended Price (USD)	Price per GB (USD)	HPE Recommended	Start Date	Discontinued Date	Diff Status	Previous List Price (USD)	Price Change (USD)	Price Change (%)	Price History Trail
Accessories & Infrastructure	Chassis Infrastructure & Rail Kits	HPE OCA > DL380 Gen12 SFF > Accessories & Infrastructure > Chassis Infrastructure & Rail Kits	Option Component	Optional	0	Optional	Selection constraint for Chassis Infrastructure & Rail Kits: optional	875519-B21	Standard	HPE Bezel Lock Kit	0	89.00		NA		No	07/11/2017	06/30/2029	UNCHANGED	89.00	$0.00	0.00%	2026-08-22: $89.00 → 2026-08-24: $7112017.00 (▲)
Accessories & Infrastructure	Chassis Infrastructure & Rail Kits	HPE OCA > DL380 Gen12 SFF > Accessories & Infrastructure > Chassis Infrastructure & Rail Kits	Option Component	Optional	0	Optional	Selection constraint for Chassis Infrastructure & Rail Kits: optional	P48922-B21	Standard	HPE ProLiant DL3XX Gen11 Intrusion Cable Kit	0	38.00		NA		No	11/10/2022	09/30/2028	UNCHANGED	38.00	$0.00	0.00%	2026-08-22: $38.00 → 2026-08-24: $11102022.00 (▲)
Accessories & Infrastructure	Chassis Infrastructure & Rail Kits	HPE OCA > DL380 Gen12 SFF > Accessories & Infrastructure > Chassis Infrastructure & Rail Kits	Chassis Infrastructure	Optional	0	Optional	Selection constraint for Chassis Infrastructure & Rail Kits: optional	P50400-B21	Standard	HPE Gen11 2U Bezel Kit	0	88.00		NA		No	11/10/2022	09/30/2028	UNCHANGED	88.00	$0.00	0.00%	2026-08-22: $88.00 → 2026-08-24: $11102022.00 (▲)
Accessories & Infrastructure	Chassis Infrastructure & Rail Kits	HPE OCA > DL380 Gen12 SFF > Accessories & Infrastructure > Chassis Infrastructure & Rail Kits	Chassis Infrastructure	Optional	0	Optional	Selection constraint for Chassis Infrastructure & Rail Kits: optional	S6B45A	Service	Yong Hau HPE-OEM-02 2U Bezel Kit	0	88.00		NA		No	02/13/2025	03/31/2029	UNCHANGED	88.00	$0.00	0.00%	2026-08-22: $88.00 → 2026-08-24: $2132025.00 (▲)
Drive Enclosures / Drives	Solid State Drives (NVMe/SAS/SATA)	HPE OCA > DL380 Gen12 SFF > Drive Enclosures / Drives > Solid State Drives (NVMe/SAS/SATA)	Option Component	max 24	0	24	Selection constraint for Solid State Drives (NVMe/SAS/SATA): max 24	R8M41A	Service	NVIDIA Ethernet 100Gb 2-port NVMe-oF Offload Adapter for HPE	0	3999.00		NA		No	05/02/2022	02/28/2027	UNCHANGED	3999.00	$0.00	0.00%	2026-08-22: $3999.00 → 2026-08-24: (no price)
Drive Enclosures / Drives	Solid State Drives (NVMe/SAS/SATA)	HPE OCA > DL380 Gen12 SFF > Drive Enclosures / Drives > Solid State Drives (NVMe/SAS/SATA)	Option Component	max 24	0	24	Selection constraint for Solid State Drives (NVMe/SAS/SATA): max 24	S2A69A	Service	NVIDIA Ethernet 10/25Gb 2-port SFP28 NVMe-oF Crypto Adapter for HPE	0	1650.00		NA		No	03/04/2024	08/06/2027	UNCHANGED	1650.00	$0.00	0.00%	2026-08-22: $1650.00 → 2026-08-24: (no price)
Drive Enclosures / Drives	Solid State Drives (NVMe/SAS/SATA)	HPE OCA > DL380 Gen12 SFF > Drive Enclosures / Drives > Solid State Drives (NVMe/SAS/SATA)	Option Component	max 24	0	24	Selection constraint for Solid State Drives (NVMe/SAS/SATA): max 24	P08443-B21	Standard	Intel E810-XXVDA2 Ethernet 10/25Gb 2-port SFP28 Adapter for HPE	0	1680.00		NA		No	04/06/2021	11/30/2027	UNCHANGED	1680.00	$0.00	0.00%	2026-08-22: $1680.00 → 2026-08-24: (no price)
Drive Enclosures / Drives	Solid State Drives (NVMe/SAS/SATA)	HPE OCA > DL380 Gen12 SFF > Drive Enclosures / Drives > Solid State Drives (NVMe/SAS/SATA)	Option Component	max 24	0	24	Selection constraint for Solid State Drives (NVMe/SAS/SATA): max 24	P25960-B21	Standard	Mellanox MCX623106AS-CDAT Ethernet 100Gb 2-port QSFP56 Adapter for HPE	0	4373.00		NA		No	09/28/2020	12/31/2028	UNCHANGED	4373.00	$0.00	0.00%	2026-08-22: $4373.00 → 2026-08-24: (no price)
Drive Enclosures / Drives	Solid State Drives (NVMe/SAS/SATA)	HPE OCA > DL380 Gen12 SFF > Drive Enclosures / Drives > Solid State Drives (NVMe/SAS/SATA)	Option Component	max 24	0	24	Selection constraint for Solid State Drives (NVMe/SAS/SATA): max 24	P26253-B21	Standard	Broadcom BCM57416 Ethernet 10Gb 2-port BASE-T Adapter for HPE	0	1105.00		NA		No	11/02/2020	12/31/2028	UNCHANGED	1105.00	$0.00	0.00%	2026-08-22: $1105.00 → 2026-08-24: (no price)
Drive Enclosures / Drives	Solid State Drives (NVMe/SAS/SATA)	HPE OCA > DL380 Gen12 SFF > Drive Enclosures / Drives > Solid State Drives (NVMe/SAS/SATA)	Option Component	max 24	0	24	Selection constraint for Solid State Drives (NVMe/SAS/SATA): max 24	P26259-B21	Standard	Broadcom BCM57412 Ethernet 10Gb 2-port SFP+ Adapter for HPE	0	940.00		NA		No	10/05/2020	12/31/2028	UNCHANGED	940.00	$0.00	0.00%	2026-08-22: $940.00 → 2026-08-24: (no price)
Drive Enclosures / Drives	Solid State Drives (NVMe/SAS/SATA)	HPE OCA > DL380 Gen12 SFF > Drive Enclosures / Drives > Solid State Drives (NVMe/SAS/SATA)	Option Component	max 24	0	24	Selection constraint for Solid State Drives (NVMe/SAS/SATA): max 24	P26262-B21	Standard	Broadcom BCM57414 Ethernet 10/25Gb 2-port SFP28 Adapter for HPE	0	1184.00		NA		No	10/05/2020	12/31/2028	UNCHANGED	1184.00	$0.00	0.00%	2026-08-22: $1184.00 → 2026-08-24: (no price)
Drive Enclosures / Drives	Solid State Drives (NVMe/SAS/SATA)	HPE OCA > DL380 Gen12 SFF > Drive Enclosures / Drives > Solid State Drives (NVMe/SAS/SATA)	Option Component	max 24	0	24	Selection constraint for Solid State Drives (NVMe/SAS/SATA): max 24	P42044-B21	Standard	Mellanox MCX631102AS-ADAT Ethernet 10/25Gb 2-port SFP28 Adapter for HPE	0	1500.00		NA		No	02/07/2022	12/31/2028	UNCHANGED	1500.00	$0.00	0.00%	2026-08-22: $1500.00 → 2026-08-24: (no price)
Drive Enclosures / Drives	Solid State Drives (NVMe/SAS/SATA)	HPE OCA > DL380 Gen12 SFF > Drive Enclosures / Drives > Solid State Drives (NVMe/SAS/SATA)	Option Component	max 24	0	24	Selection constraint for Solid State Drives (NVMe/SAS/SATA): max 24	P51178-B21	Standard	Broadcom BCM5719 Ethernet 1Gb 4-port BASE-T Adapter for HPE	0	485.00		NA		No	06/06/2022	12/31/2028	UNCHANGED	485.00	$0.00	0.00%	2026-08-22: $485.00 → 2026-08-24: (no price)
Drive Enclosures / Drives	Solid State Drives (NVMe/SAS/SATA)	HPE OCA > DL380 Gen12 SFF > Drive Enclosures / Drives > Solid State Drives (NVMe/SAS/SATA)	Option Component	max 24	0	24	Selection constraint for Solid State Drives (NVMe/SAS/SATA): max 24	P21112-B21	Standard	Intel E810-CQDA2 Ethernet 100Gb 2-port QSFP28 Adapter for HPE	0	3600.00		NA		No	04/06/2021	12/31/2028	UNCHANGED	3600.00	$0.00	0.00%	2026-08-22: $3600.00 → 2026-08-24: (no price)
Drive Enclosures / Drives	Solid State Drives (NVMe/SAS/SATA)	HPE OCA > DL380 Gen12 SFF > Drive Enclosures / Drives > Solid State Drives (NVMe/SAS/SATA)	Option Component	max 24	0	24	Selection constraint for Solid State Drives (NVMe/SAS/SATA): max 24	P08458-B21	Standard	Intel E810-XXVDA4 Ethernet 10/25Gb 4-port SFP28 Adapter for HPE	0	3770.00		NA		No	04/06/2021	12/31/2028	UNCHANGED	3770.00	$0.00	0.00%	2026-08-22: $3770.00 → 2026-08-24: (no price)
Drive Enclosures / Drives	Solid State Drives (NVMe/SAS/SATA)	HPE OCA > DL380 Gen12 SFF > Drive Enclosures / Drives > Solid State Drives (NVMe/SAS/SATA)	Option Component	max 24	0	24	Selection constraint for Solid State Drives (NVMe/SAS/SATA): max 24	P21109-B21	Standard	Xilinx X2522-25G-PLUS Ethernet 10/25Gb 2-port SFP28 Adapter for HPE	0	8495.00		NA		No	12/16/2019	04/30/2027	UNCHANGED	8495.00	$0.00	0.00%	2026-08-22: $8495.00 → 2026-08-24: (no price)
Drive Enclosures / Drives	Solid State Drives (NVMe/SAS/SATA)	HPE OCA > DL380 Gen12 SFF > Drive Enclosures / Drives > Solid State Drives (NVMe/SAS/SATA)	Option Component	max 24	0	24	Selection constraint for Solid State Drives (NVMe/SAS/SATA): max 24	P26264-B21	Standard	Broadcom BCM57504 Ethernet 10/25Gb 4-port SFP28 Adapter for HPE	0	2598.00		NA		No	09/06/2022	12/31/2028	UNCHANGED	2598.00	$0.00	0.00%	2026-08-22: $2598.00 → 2026-08-24: (no price)
Drive Enclosures / Drives	Solid State Drives (NVMe/SAS/SATA)	HPE OCA > DL380 Gen12 SFF > Drive Enclosures / Drives > Solid State Drives (NVMe/SAS/SATA)	Option Component	max 24	0	24	Selection constraint for Solid State Drives (NVMe/SAS/SATA): max 24	P73111-B21	Standard	Broadcom BCM57608 Ethernet 100Gb 2-port QSFP112 Adapter for HPE	0	4855.00		NA		No	03/03/2025	12/31/2028	UNCHANGED	4855.00	$0.00	0.00%	2026-08-22: $4855.00 → 2026-08-24: (no price)
Drive Enclosures / Drives	Solid State Drives (NVMe/SAS/SATA)	HPE OCA > DL380 Gen12 SFF > Drive Enclosures / Drives > Solid State Drives (NVMe/SAS/SATA)	Option Component	max 24	0	24	Selection constraint for Solid State Drives (NVMe/SAS/SATA): max 24	P87940-B21	Standard	AMD Solarflare X4522-PLUS 10/25GbE 2-port SFP56 Adapter for HPE	0	11755.00		NA		No	05/04/2026	09/30/2029	UNCHANGED	11755.00	$0.00	0.00%	2026-08-22: $11755.00 → 2026-08-24: (no price)
Networking	PCIe Networking Adapters	HPE OCA > DL380 Gen12 SFF > Networking > PCIe Networking Adapters	Option Component	max 8	0	8	Selection constraint for PCIe Networking Adapters: max 8	S4T09A	Service	HPE SN1720E 64Gb 2p FC SecureHBA	0	9999.00		NA		No	02/24/2025	12/31/2029	UNCHANGED	9999.00	$0.00	0.00%	2026-08-22: $9999.00 → 2026-08-24: (no price)
Networking	PCIe Networking Adapters	HPE OCA > DL380 Gen12 SFF > Networking > PCIe Networking Adapters	Option Component	max 8	0	8	Selection constraint for PCIe Networking Adapters: max 8	S4S01A	Service	HPE SN1620E 32Gb 2p FC SecureHBA	0	5499.00		NA		No	02/24/2025	12/31/2029	UNCHANGED	5499.00	$0.00	0.00%	2026-08-22: $5499.00 → 2026-08-24: (no price)
Networking	PCIe Networking Adapters	HPE OCA > DL380 Gen12 SFF > Networking > PCIe Networking Adapters	Option Component	max 8	0	8	Selection constraint for PCIe Networking Adapters: max 8	R2E08A	Service	HPE SN1610Q 32Gb 1-port Fibre Channel Host Bus Adapter	0	4675.00		NA		No	10/07/2019	10/31/2028	UNCHANGED	4675.00	$0.00	0.00%	2026-08-22: $4675.00 → 2026-08-24: (no price)
Networking	PCIe Networking Adapters	HPE OCA > DL380 Gen12 SFF > Networking > PCIe Networking Adapters	Option Component	max 8	0	8	Selection constraint for PCIe Networking Adapters: max 8	R2E09A	Service	HPE SN1610Q 32Gb 2-port Fibre Channel Host Bus Adapter	0	7410.00		NA		No	10/07/2019	10/31/2028	UNCHANGED	7410.00	$0.00	0.00%	2026-08-22: $7410.00 → 2026-08-24: (no price)
Networking	PCIe Networking Adapters	HPE OCA > DL380 Gen12 SFF > Networking > PCIe Networking Adapters	Option Component	max 8	0	8	Selection constraint for PCIe Networking Adapters: max 8	R7N86A	Service	HPE SN1700Q 64Gb 1-port Fibre Channel Host Bus Adapter	0	9688.00		NA		No	02/06/2023	10/31/2028	UNCHANGED	9688.00	$0.00	0.00%	2026-08-22: $9688.00 → 2026-08-24: (no price)
Networking	PCIe Networking Adapters	HPE OCA > DL380 Gen12 SFF > Networking > PCIe Networking Adapters	Option Component	max 8	0	8	Selection constraint for PCIe Networking Adapters: max 8	R7N87A	Service	HPE SN1700Q 64Gb 2-port Fibre Channel Host Bus Adapter	0	12800.00		NA		No	02/06/2023	10/31/2028	UNCHANGED	12800.00	$0.00	0.00%	2026-08-22: $12800.00 → 2026-08-24: (no price)
Accessories & Infrastructure	System Options	HPE OCA > DL380 Gen12 SFF > Accessories & Infrastructure > System Options	Option Component	Optional	0	Optional	Selection constraint for System Options: optional	S2L70C	Service	NVIDIA L40S 48GB PCIe Accelerator	0	25844.00		NA		No	11/06/2023	04/30/2027	UNCHANGED	25844.00	$0.00	0.00%	2026-08-22: $25844.00 → 2026-08-24: (no price)
Accessories & Infrastructure	System Options	HPE OCA > DL380 Gen12 SFF > Accessories & Infrastructure > System Options	Option Component	Optional	0	Optional	Selection constraint for System Options: optional	S0K89C	Service	NVIDIA L4 24GB PCIe Accelerator for HPE	0	7566.00		NA		No	04/03/2023	04/30/2028	UNCHANGED	7566.00	$0.00	0.00%	2026-08-22: $7566.00 → 2026-08-24: (no price)
Accessories & Infrastructure	System Options	HPE OCA > DL380 Gen12 SFF > Accessories & Infrastructure > System Options	Option Component	Optional	0	Optional	Selection constraint for System Options: optional	S5T74C	Service	NVIDIA RTX A1000 8GB PCIe Accelerator for HPE	0	1334.00		NA		No	09/02/2025	05/31/2028	UNCHANGED	1334.00	$0.00	0.00%	2026-08-22: $1334.00 → 2026-08-24: (no price)
Accessories & Infrastructure	System Options	HPE OCA > DL380 Gen12 SFF > Accessories & Infrastructure > System Options	Option Component	Optional	0	Optional	Selection constraint for System Options: optional	S6W30C	Service	NVIDIA RTX PRO 4500 Blackwell Server Edition 32GB PCIe Accelerator for HPE	0	15799.00		NA		No	03/16/2026	12/31/2028	UNCHANGED	15799.00	$0.00	0.00%	2026-08-22: $15799.00 → 2026-08-24: (no price)
Accessories & Infrastructure	System Options	HPE OCA > DL380 Gen12 SFF > Accessories & Infrastructure > System Options	Option Component	Optional	0	Optional	RTX Pro 6000/ RTX Pro 6000D/ H200 NVL GPU and 30C Ambient Temperature cannot be selected together.	S3U30C	Service	NVIDIA H200 NVL 141GB PCIe Accelerator for HPE	0	112579.00		NA		No	02/03/2025	12/31/2027	UNCHANGED	112579.00	$0.00	0.00%	2026-08-22: $112579.00 → 2026-08-24: (no price)
Accessories & Infrastructure	System Options	HPE OCA > DL380 Gen12 SFF > Accessories & Infrastructure > System Options	Option Component	Optional	0	Optional	RTX Pro 6000/ RTX Pro 6000D/ H200 NVL GPU and 30C Ambient Temperature cannot be selected together.	S6A73C	Service	NVIDIA RTX PRO 6000 Blackwell Server Edition 96GB PCIe Accelerator for HPE	0	46479.00		NA		No	07/07/2025	12/31/2028	UNCHANGED	46479.00	$0.00	0.00%	2026-08-22: $46479.00 → 2026-08-24: (no price)
Accessories & Infrastructure	System Options	HPE OCA > DL380 Gen12 SFF > Accessories & Infrastructure > System Options	Option Component	Optional	0	Optional	RTX Pro 6000/ RTX Pro 6000D/ H200 NVL GPU and 30C Ambient Temperature cannot be selected together.	S6W21C	Service	NVIDIA RTX PRO 6000D 84GB PCIe Accelerator for HPE	0	37899.00		NA		No	03/02/2026	12/31/2028	UNCHANGED	37899.00	$0.00	0.00%	2026-08-22: $37899.00 → 2026-08-24: (no price)
Cables & Enablement Kits	Power Cords & Jumper Cables	HPE OCA > DL380 Gen12 SFF > Cables & Enablement Kits > Power Cords & Jumper Cables	Option Component		0		Max quantity of product limited by space available.	AF557A	Standard	HPE C13 - GB-1002 CN 250V 10Amp 1.83m Power Cord	0	156.00		NA		No	05/29/2006	10/31/2031	UNCHANGED	156.00	$0.00	0.00%	2026-08-22: $156.00 → 2026-08-24: (no price)
Cables & Enablement Kits	Power Cords & Jumper Cables	HPE OCA > DL380 Gen12 SFF > Cables & Enablement Kits > Power Cords & Jumper Cables	Option Component		0		Max quantity of product limited by space available.	AF570A	Standard	HPE C13 - BS-1363A UK/HK/SG 250V 10Amp 1.83m Power Cord	0	55.00		NA		No	04/06/2011	09/30/2028	UNCHANGED	55.00	$0.00	0.00%	2026-08-22: $55.00 → 2026-08-24: (no price)
Cables & Enablement Kits	Power Cords & Jumper Cables	HPE OCA > DL380 Gen12 SFF > Cables & Enablement Kits > Power Cords & Jumper Cables	Option Component		0		Max quantity of product limited by space available.	P78156-B21	Standard	HPE C13 - C14 250V 10Amp 3m FIO Power Cord	0	14.00		NA		No	02/03/2025	07/31/2028	UNCHANGED	14.00	$0.00	0.00%	2026-08-22: $14.00 → 2026-08-24: (no price)
Cables & Enablement Kits	Power Cords & Jumper Cables	HPE OCA > DL380 Gen12 SFF > Cables & Enablement Kits > Power Cords & Jumper Cables	Option Component		0		Max quantity of product limited by space available.	AF556A	Standard	HPE C13 - Nema 5-15P US/CA 110V 10Amp 1.83m Power Cord	0	55.00		NA		No	03/26/2007	09/30/2028	UNCHANGED	55.00	$0.00	0.00%	2026-08-22: $55.00 → 2026-08-24: (no price)
Cables & Enablement Kits	Power Cords & Jumper Cables	HPE OCA > DL380 Gen12 SFF > Cables & Enablement Kits > Power Cords & Jumper Cables	Option Component		0		Max quantity of product limited by space available.	AF558A	Standard	HPE C13 - IRAM -2073 AR 250V 10A 2.5m Power Cord	0	65.00		NA		No	05/29/2006	09/30/2028	UNCHANGED	65.00	$0.00	0.00%	2026-08-22: $65.00 → 2026-08-24: (no price)
Cables & Enablement Kits	Power Cords & Jumper Cables	HPE OCA > DL380 Gen12 SFF > Cables & Enablement Kits > Power Cords & Jumper Cables	Option Component		0		Max quantity of product limited by space available.	AF559A	Standard	HPE C13 - Nema 5-15P TH/PH 250V 10Amp 1.83m Power Cord	0	55.00		NA		No	05/29/2006	09/30/2028	UNCHANGED	55.00	$0.00	0.00%	2026-08-22: $55.00 → 2026-08-24: (no price)
Cables & Enablement Kits	Power Cords & Jumper Cables	HPE OCA > DL380 Gen12 SFF > Cables & Enablement Kits > Power Cords & Jumper Cables	Option Component		0		Max quantity of product limited by space available.	AF560A	Standard	HPE C13 - KSC- 8305 KR 250V 10Amp 1.83m Power Cord	0	55.00		NA		No	05/29/2006	09/30/2028	UNCHANGED	55.00	$0.00	0.00%	2026-08-22: $55.00 → 2026-08-24: (no price)
Cables & Enablement Kits	Power Cords & Jumper Cables	HPE OCA > DL380 Gen12 SFF > Cables & Enablement Kits > Power Cords & Jumper Cables	Option Component		0		Max quantity of product limited by space available.	AF561A	Standard	HPE C13 - CNS-690 TW 110V 13Amp 1.83m Power Cord	0	55.00		NA		No	05/29/2006	09/30/2028	UNCHANGED	55.00	$0.00	0.00%	2026-08-22: $55.00 → 2026-08-24: (no price)
Cables & Enablement Kits	Power Cords & Jumper Cables	HPE OCA > DL380 Gen12 SFF > Cables & Enablement Kits > Power Cords & Jumper Cables	Option Component		0		Max quantity of product limited by space available.	AF562A	Standard	HPE C13 - IS-1293 IN 240V 6Amp LV 2.0m Power Cord	0	194.00		NA		No	05/29/2006	10/31/2031	UNCHANGED	194.00	$0.00	0.00%	2026-08-22: $194.00 → 2026-08-24: (no price)
Cables & Enablement Kits	Power Cords & Jumper Cables	HPE OCA > DL380 Gen12 SFF > Cables & Enablement Kits > Power Cords & Jumper Cables	Option Component		0		Max quantity of product limited by space available.	AF564A	Standard	HPE C13 - SI-32 IL 250V 10Amp 1.83m Power Cord	0	55.00		NA		No	12/15/2006	09/30/2028	UNCHANGED	55.00	$0.00	0.00%	2026-08-22: $55.00 → 2026-08-24: (no price)
Cables & Enablement Kits	Power Cords & Jumper Cables	HPE OCA > DL380 Gen12 SFF > Cables & Enablement Kits > Power Cords & Jumper Cables	Option Component		0		Max quantity of product limited by space available.	AF565A	Standard	HPE C13 - SEV 1011 CH 250V 10Amp 1.83m Power Cord	0	55.00		NA		No	12/15/2006	09/30/2028	UNCHANGED	55.00	$0.00	0.00%	2026-08-22: $55.00 → 2026-08-24: (no price)
Cables & Enablement Kits	Power Cords & Jumper Cables	HPE OCA > DL380 Gen12 SFF > Cables & Enablement Kits > Power Cords & Jumper Cables	Option Component		0		Max quantity of product limited by space available.	AF566A	Standard	HPE C13 - DK-2.5A DK 250V 10Amp 1.83m Power Cord	0	55.00		NA		No	11/13/2006	09/30/2028	UNCHANGED	55.00	$0.00	0.00%	2026-08-22: $55.00 → 2026-08-24: (no price)
Cables & Enablement Kits	Power Cords & Jumper Cables	HPE OCA > DL380 Gen12 SFF > Cables & Enablement Kits > Power Cords & Jumper Cables	Option Component		0		Max quantity of product limited by space available.	AF567A	Standard	HPE C13 - SABS-164 ZA 250V 10Amp 2.5m Power Cord	0	65.00		NA		No	11/13/2006	09/30/2028	UNCHANGED	65.00	$0.00	0.00%	2026-08-22: $65.00 → 2026-08-24: (no price)
Cables & Enablement Kits	Power Cords & Jumper Cables	HPE OCA > DL380 Gen12 SFF > Cables & Enablement Kits > Power Cords & Jumper Cables	Option Component		0		Max quantity of product limited by space available.	AF568A	Standard	HPE C13 - CEE-VII EU 250V 10Amp 1.83m Power Cord	0	71.00		NA		No	11/13/2006	10/31/2031	UNCHANGED	71.00	$0.00	0.00%	2026-08-22: $71.00 → 2026-08-24: (no price)
Cables & Enablement Kits	Power Cords & Jumper Cables	HPE OCA > DL380 Gen12 SFF > Cables & Enablement Kits > Power Cords & Jumper Cables	Option Component		0		Max quantity of product limited by space available.	AF569A	Standard	HPE C13 - AS3112-3 AU 250V 10Amp 2.5m Power Cord	0	65.00		NA		No	11/13/2006	09/30/2028	UNCHANGED	65.00	$0.00	0.00%	2026-08-22: $65.00 → 2026-08-24: (no price)
Cables & Enablement Kits	Power Cords & Jumper Cables	HPE OCA > DL380 Gen12 SFF > Cables & Enablement Kits > Power Cords & Jumper Cables	Option Component		0		Max quantity of product limited by space available.	AF572A	Standard	HPE C13 - JIS C8303 JP 100V 12Amp 2.0m Power Cord	0	60.00		NA		No	04/06/2011	09/30/2028	UNCHANGED	60.00	$0.00	0.00%	2026-08-22: $60.00 → 2026-08-24: (no price)
Cables & Enablement Kits	Power Cords & Jumper Cables	HPE OCA > DL380 Gen12 SFF > Cables & Enablement Kits > Power Cords & Jumper Cables	Option Component		0		Max quantity of product limited by space available.	AF573A	Standard	HPE C13 - C14 WW 250V 10Amp Flint Gray 2.0m Jumper Cord	0	38.00		NA		No	07/09/2007	09/30/2031	UNCHANGED	38.00	$0.00	0.00%	2026-08-22: $38.00 → 2026-08-24: (no price)
Cables & Enablement Kits	Power Cords & Jumper Cables	HPE OCA > DL380 Gen12 SFF > Cables & Enablement Kits > Power Cords & Jumper Cables	Option Component		0		Max quantity of product limited by space available.	AF591A	Standard	HPE C13 - NBR-14136 BR 250V 10Amp 1.83m Power Cord	0	49.00		NA		No	07/14/2008	10/31/2031	UNCHANGED	49.00	$0.00	0.00%	2026-08-22: $49.00 → 2026-08-24: (no price)
Cables & Enablement Kits	Power Cords & Jumper Cables	HPE OCA > DL380 Gen12 SFF > Cables & Enablement Kits > Power Cords & Jumper Cables	Option Component		0		Max quantity of product limited by space available.	P78130-B21	Standard	HPE C13 - NEMA 5-15P 125V 10Amp 1.83m FIO Power Cord	0	10.00		NA		No	02/03/2025	07/31/2028	UNCHANGED	10.00	$0.00	0.00%	2026-08-22: $10.00 → 2026-08-24: (no price)
Cables & Enablement Kits	Power Cords & Jumper Cables	HPE OCA > DL380 Gen12 SFF > Cables & Enablement Kits > Power Cords & Jumper Cables	Option Component		0		Max quantity of product limited by space available.	P78131-B21	Standard	HPE C13 - GB1002 250V 10Amp 1.83m FIO Power Cord	0	10.00		NA		No	02/03/2025	07/31/2028	UNCHANGED	10.00	$0.00	0.00%	2026-08-22: $10.00 → 2026-08-24: (no price)
Cables & Enablement Kits	Power Cords & Jumper Cables	HPE OCA > DL380 Gen12 SFF > Cables & Enablement Kits > Power Cords & Jumper Cables	Option Component		0		Max quantity of product limited by space available.	P78144-B21	Standard	HPE C13 - JIS C8303 100V 12Amp 2m FIO Power Cord	0	46.00		NA		No	02/03/2025	07/31/2028	UNCHANGED	46.00	$0.00	0.00%	2026-08-22: $46.00 → 2026-08-24: (no price)
Cables & Enablement Kits	Power Cords & Jumper Cables	HPE OCA > DL380 Gen12 SFF > Cables & Enablement Kits > Power Cords & Jumper Cables	Option Component		0		Max quantity of product limited by space available.	P78147-B21	Standard	HPE C13 - C14 250V 10Amp 2m IN FIO Power Cord	0	77.00		NA		No	02/03/2025	07/31/2028	UNCHANGED	77.00	$0.00	0.00%	2026-08-22: $77.00 → 2026-08-24: (no price)
Cables & Enablement Kits	Power Cords & Jumper Cables	HPE OCA > DL380 Gen12 SFF > Cables & Enablement Kits > Power Cords & Jumper Cables	Option Component		0		Max quantity of product limited by space available.	P78940-B21	Standard	HPE C13 - C14 250V 10Amp 3m IN FIO Power Cord	0	130.00		NA		No	02/03/2025	07/31/2028	UNCHANGED	130.00	$0.00	0.00%	2026-08-22: $130.00 → 2026-08-24: (no price)
Cables & Enablement Kits	Power Cords & Jumper Cables	HPE OCA > DL380 Gen12 SFF > Cables & Enablement Kits > Power Cords & Jumper Cables	Option Component		0		Max quantity of product limited by space available.	P78941-B21	Standard	HPE C13 - C14 250V 10Amp 0.7m IN FIO Power Cord	0	110.00		NA		No	02/03/2025	07/31/2028	UNCHANGED	110.00	$0.00	0.00%	2026-08-22: $110.00 → 2026-08-24: (no price)
Cables & Enablement Kits	Power Cords & Jumper Cables	HPE OCA > DL380 Gen12 SFF > Cables & Enablement Kits > Power Cords & Jumper Cables	Option Component		0		Max quantity of product limited by space available.	R1C65A	Service	HPE C13-C14 IN 250V 10Amp 2m Black Jumper Cord	0	119.00		NA		No	12/03/2018	10/31/2031	UNCHANGED	119.00	$0.00	0.00%	2026-08-22: $119.00 → 2026-08-24: (no price)
Accessories & Infrastructure	System Options	HPE OCA > DL380 Gen12 SFF > Accessories & Infrastructure > System Options	Option Component	Optional	0	Optional	Not Supported ProStack Server Software	S7J52A	Service	HPE Morpheus VM Essentials Software for ProLiant Compute Gen12 FIO SW	0	1.00		NA		No	04/06/2026	05/31/2031	UNCHANGED	1.00	$0.00	0.00%	2026-08-22: $1.00 → 2026-08-24: (no price)
Accessories & Infrastructure	System Options	HPE OCA > DL380 Gen12 SFF > Accessories & Infrastructure > System Options	Option Component	Optional	0	Optional	Selection constraint for System Options: optional	S3R04AAE	Service	HPE Machine Learning Inference Software Base 1-year E-RTU	0	8316.00		NA		No	06/18/2024	07/31/2027	UNCHANGED	8316.00	$0.00	0.00%	2026-08-22: $8316.00 → 2026-08-24: $6182024.00 (▲)
Accessories & Infrastructure	System Options	HPE OCA > DL380 Gen12 SFF > Accessories & Infrastructure > System Options	Option Component	Optional	0	Optional	Selection constraint for System Options: optional	S3R05AAE	Service	HPE Machine Learning Inference Software Performance 1-year E-RTU	0	2078.00		NA		No	06/18/2024	07/31/2027	UNCHANGED	2078.00	$0.00	0.00%	2026-08-22: $2078.00 → 2026-08-24: $6182024.00 (▲)
Accessories & Infrastructure	System Options	HPE OCA > DL380 Gen12 SFF > Accessories & Infrastructure > System Options	Option Component	Optional	0	Optional	Selection constraint for System Options: optional	S3R06AAE	Service	HPE Machine Learning Inference Software Base 3-year E-RTU	0	23700.00		NA		No	06/18/2024	07/31/2027	UNCHANGED	23700.00	$0.00	0.00%	2026-08-22: $23700.00 → 2026-08-24: $6182024.00 (▲)
Accessories & Infrastructure	System Options	HPE OCA > DL380 Gen12 SFF > Accessories & Infrastructure > System Options	Option Component	Optional	0	Optional	Selection constraint for System Options: optional	S3R07AAE	Service	HPE Machine Learning Inference Software Performance 3-year E-RTU	0	5922.00		NA		No	06/18/2024	07/31/2027	UNCHANGED	5922.00	$0.00	0.00%	2026-08-22: $5922.00 → 2026-08-24: $6182024.00 (▲)
Accessories & Infrastructure	System Options	HPE OCA > DL380 Gen12 SFF > Accessories & Infrastructure > System Options	Option Component	Optional	0	Optional	Selection constraint for System Options: optional	S3W26AAE	Service	HPE Machine Learning Inference Software Base 4-year E-RTU	0	31602.00		NA		No	06/18/2024	07/31/2027	UNCHANGED	31602.00	$0.00	0.00%	2026-08-22: $31602.00 → 2026-08-24: $6182024.00 (▲)
Accessories & Infrastructure	System Options	HPE OCA > DL380 Gen12 SFF > Accessories & Infrastructure > System Options	Option Component	Optional	0	Optional	Selection constraint for System Options: optional	S3W27AAE	Service	HPE Machine Learning Inference Software Performance 4-year E-RTU	0	7896.00		NA		No	06/18/2024	07/31/2027	UNCHANGED	7896.00	$0.00	0.00%	2026-08-22: $7896.00 → 2026-08-24: $6182024.00 (▲)
Accessories & Infrastructure	System Options	HPE OCA > DL380 Gen12 SFF > Accessories & Infrastructure > System Options	Option Component	Optional	0	Optional	Selection constraint for System Options: optional	S3W28AAE	Service	HPE Machine Learning Inference Software Base 5-year E-RTU	0	39501.00		NA		No	06/18/2024	07/31/2027	UNCHANGED	39501.00	$0.00	0.00%	2026-08-22: $39501.00 → 2026-08-24: $6182024.00 (▲)
Accessories & Infrastructure	System Options	HPE OCA > DL380 Gen12 SFF > Accessories & Infrastructure > System Options	Option Component	Optional	0	Optional	Selection constraint for System Options: optional	S3W29AAE	Service	HPE Machine Learning Inference Software Performance 5-year E-RTU	0	9871.00		NA		No	06/18/2024	07/31/2027	UNCHANGED	9871.00	$0.00	0.00%	2026-08-22: $9871.00 → 2026-08-24: $6182024.00 (▲)
Software & Licenses	Server Management & Operating System Licenses	HPE OCA > DL380 Gen12 SFF > Software & Licenses > Server Management & Operating System Licenses	Option Component	Unlimited	0	Unlimited	Selection constraint for Server Management & Operating System Licenses: no max	Q2A48A	Standard	HPE Performance Message Passing Interface for 1 Socket 3yr Support LTU	0	249.00		NA		No	07/07/2017	07/31/2027	UNCHANGED	249.00	$0.00	0.00%	2026-08-22: $249.00 → 2026-08-24: $7072017.00 (▲)
Software & Licenses	Server Management & Operating System Licenses	HPE OCA > DL380 Gen12 SFF > Software & Licenses > Server Management & Operating System Licenses	Option Component	Unlimited	0	Unlimited	Selection constraint for Server Management & Operating System Licenses: no max	Q9V60AAE	Service	HPE Performance Cluster Manager 1 Node 3yr 24x7 Support Perpetual E-LTU	0	3500.00		NA		No	06/04/2018	01/31/2027	UNCHANGED	3500.00	$0.00	0.00%	2026-08-22: $3500.00 → 2026-08-24: $6042018.00 (▲)
Software & Licenses	Server Management & Operating System Licenses	HPE OCA > DL380 Gen12 SFF > Software & Licenses > Server Management & Operating System Licenses	Option Component	Unlimited	0	Unlimited	Selection constraint for Server Management & Operating System Licenses: no max	Q9V61A	Standard	HPE Performance Cluster Manager FIO Software	0	1.00		NA		No	06/04/2018	01/31/2027	UNCHANGED	1.00	$0.00	0.00%	2026-08-22: $1.00 → 2026-08-24: $6042018.00 (▲)
Software & Licenses	Server Management & Operating System Licenses	HPE OCA > DL380 Gen12 SFF > Software & Licenses > Server Management & Operating System Licenses	Option Component	Unlimited	0	Unlimited	Selection constraint for Server Management & Operating System Licenses: no max	R6X84AAE	Service	Altair PBS Professional 1 Socket Perpetual E-LTU with HPE 3-year Support	0	585.00		NA		No	10/05/2020	03/31/2028	UNCHANGED	585.00	$0.00	0.00%	2026-08-22: $585.00 → 2026-08-24: $10052020.00 (▲)
Software & Licenses	Server Management & Operating System Licenses	HPE OCA > DL380 Gen12 SFF > Software & Licenses > Server Management & Operating System Licenses	Option Component	Unlimited	0	Unlimited	Selection constraint for Server Management & Operating System Licenses: no max	S1R55AAE	Service	Altair Access 1 Concurrent User 3yr Support Perpetual E-LTU	0	1089.00		NA		No	06/05/2023	03/31/2028	UNCHANGED	1089.00	$0.00	0.00%	2026-08-22: $1089.00 → 2026-08-24: $6052023.00 (▲)
Software & Licenses	Server Management & Operating System Licenses	HPE OCA > DL380 Gen12 SFF > Software & Licenses > Server Management & Operating System Licenses	Option Component	Unlimited	0	Unlimited	Selection constraint for Server Management & Operating System Licenses: no max	S1R56AAE	Service	Altair Access 1 Concurrent User 4yr Support Perpetual E-LTU	0	1409.00		NA		No	06/05/2023	03/31/2028	UNCHANGED	1409.00	$0.00	0.00%	2026-08-22: $1409.00 → 2026-08-24: $6052023.00 (▲)
Software & Licenses	Server Management & Operating System Licenses	HPE OCA > DL380 Gen12 SFF > Software & Licenses > Server Management & Operating System Licenses	Option Component	Unlimited	0	Unlimited	Selection constraint for Server Management & Operating System Licenses: no max	S1R57AAE	Service	Altair Access 1 Concurrent User 5yr Support Perpetual E-LTU	0	1725.00		NA		No	06/05/2023	03/31/2028	UNCHANGED	1725.00	$0.00	0.00%	2026-08-22: $1725.00 → 2026-08-24: $6052023.00 (▲)
Software & Licenses	Server Management & Operating System Licenses	HPE OCA > DL380 Gen12 SFF > Software & Licenses > Server Management & Operating System Licenses	Option Component	Unlimited	0	Unlimited	Selection constraint for Server Management & Operating System Licenses: no max	S1R58AAE	Service	Altair Access 1 Concurrent User 1yr Support	0	318.00		NA		No	06/05/2023	03/31/2028	UNCHANGED	318.00	$0.00	0.00%	2026-08-22: $318.00 → 2026-08-24: $6052023.00 (▲)
Software & Licenses	Server Management & Operating System Licenses	HPE OCA > DL380 Gen12 SFF > Software & Licenses > Server Management & Operating System Licenses	Option Component	Unlimited	0	Unlimited	Selection constraint for Server Management & Operating System Licenses: no max	S1R63AAE	Service	SchedMD SLURM 1-100 Sockets 3-year Support	0	46200.00		NA		No	05/01/2023	06/01/2028	UNCHANGED	46200.00	$0.00	0.00%	2026-08-22: $46200.00 → 2026-08-24: $5012023.00 (▲)
Software & Licenses	Server Management & Operating System Licenses	HPE OCA > DL380 Gen12 SFF > Software & Licenses > Server Management & Operating System Licenses	Option Component	Unlimited	0	Unlimited	Selection constraint for Server Management & Operating System Licenses: no max	S1R64AAE	Service	SchedMD SLURM 1-100 Sockets 4-year Support	0	58520.00		NA		No	05/01/2023	06/01/2028	UNCHANGED	58520.00	$0.00	0.00%	2026-08-22: $58520.00 → 2026-08-24: $5012023.00 (▲)
Software & Licenses	Server Management & Operating System Licenses	HPE OCA > DL380 Gen12 SFF > Software & Licenses > Server Management & Operating System Licenses	Option Component	Unlimited	0	Unlimited	Selection constraint for Server Management & Operating System Licenses: no max	S1R65AAE	Service	SchedMD SLURM 1-100 Sockets 5-year Support	0	69300.00		NA		No	05/01/2023	06/01/2028	UNCHANGED	69300.00	$0.00	0.00%	2026-08-22: $69300.00 → 2026-08-24: $5012023.00 (▲)
Software & Licenses	Server Management & Operating System Licenses	HPE OCA > DL380 Gen12 SFF > Software & Licenses > Server Management & Operating System Licenses	Option Component	Unlimited	0	Unlimited	Selection constraint for Server Management & Operating System Licenses: no max	S1R66AAE	Service	SchedMD SLURM 101-1000 Sockets 3-year Support	0	363.00		NA		No	05/01/2023	06/01/2028	UNCHANGED	363.00	$0.00	0.00%	2026-08-22: $363.00 → 2026-08-24: $5012023.00 (▲)
Software & Licenses	Server Management & Operating System Licenses	HPE OCA > DL380 Gen12 SFF > Software & Licenses > Server Management & Operating System Licenses	Option Component	Unlimited	0	Unlimited	Selection constraint for Server Management & Operating System Licenses: no max	S1R67AAE	Service	SchedMD SLURM 101-1000 Sockets 4-year Support	0	460.00		NA		No	05/01/2023	06/01/2028	UNCHANGED	460.00	$0.00	0.00%	2026-08-22: $460.00 → 2026-08-24: $5012023.00 (▲)
Software & Licenses	Server Management & Operating System Licenses	HPE OCA > DL380 Gen12 SFF > Software & Licenses > Server Management & Operating System Licenses	Option Component	Unlimited	0	Unlimited	Selection constraint for Server Management & Operating System Licenses: no max	S1R68AAE	Service	SchedMD SLURM 101-1000 Sockets 5-year Support	0	545.00		NA		No	05/01/2023	06/01/2028	UNCHANGED	545.00	$0.00	0.00%	2026-08-22: $545.00 → 2026-08-24: $5012023.00 (▲)
Software & Licenses	Server Management & Operating System Licenses	HPE OCA > DL380 Gen12 SFF > Software & Licenses > Server Management & Operating System Licenses	Option Component	Unlimited	0	Unlimited	Selection constraint for Server Management & Operating System Licenses: no max	S1R69AAE	Service	SchedMD SLURM 1001-5000 Sockets 3-year Support	0	288.00		NA		No	05/01/2023	06/01/2028	UNCHANGED	288.00	$0.00	0.00%	2026-08-22: $288.00 → 2026-08-24: $5012023.00 (▲)
Software & Licenses	Server Management & Operating System Licenses	HPE OCA > DL380 Gen12 SFF > Software & Licenses > Server Management & Operating System Licenses	Option Component	Unlimited	0	Unlimited	Selection constraint for Server Management & Operating System Licenses: no max	S1R70AAE	Service	SchedMD SLURM 1001-5000 Sockets 4-year Support	0	366.00		NA		No	05/01/2023	06/01/2028	UNCHANGED	366.00	$0.00	0.00%	2026-08-22: $366.00 → 2026-08-24: $5012023.00 (▲)
Software & Licenses	Server Management & Operating System Licenses	HPE OCA > DL380 Gen12 SFF > Software & Licenses > Server Management & Operating System Licenses	Option Component	Unlimited	0	Unlimited	Selection constraint for Server Management & Operating System Licenses: no max	S1R71AAE	Service	SchedMD SLURM 1001-5000 Sockets 5-year Support	0	433.00		NA		No	05/01/2023	06/01/2028	UNCHANGED	433.00	$0.00	0.00%	2026-08-22: $433.00 → 2026-08-24: $5012023.00 (▲)
Software & Licenses	Server Management & Operating System Licenses	HPE OCA > DL380 Gen12 SFF > Software & Licenses > Server Management & Operating System Licenses	Option Component	Unlimited	0	Unlimited	Selection constraint for Server Management & Operating System Licenses: no max	S1R72AAE	Service	SchedMD SLURM 5000+ Sockets 3-year Support	0	213.00		NA		No	05/01/2023	06/01/2028	UNCHANGED	213.00	$0.00	0.00%	2026-08-22: $213.00 → 2026-08-24: $5012023.00 (▲)
Software & Licenses	Server Management & Operating System Licenses	HPE OCA > DL380 Gen12 SFF > Software & Licenses > Server Management & Operating System Licenses	Option Component	Unlimited	0	Unlimited	Selection constraint for Server Management & Operating System Licenses: no max	S1R73AAE	Service	SchedMD SLURM 5000+ Sockets 4-year Support	0	269.00		NA		No	05/01/2023	06/01/2028	UNCHANGED	269.00	$0.00	0.00%	2026-08-22: $269.00 → 2026-08-24: $5012023.00 (▲)
Software & Licenses	Server Management & Operating System Licenses	HPE OCA > DL380 Gen12 SFF > Software & Licenses > Server Management & Operating System Licenses	Option Component	Unlimited	0	Unlimited	Selection constraint for Server Management & Operating System Licenses: no max	S1R74AAE	Service	SchedMD SLURM 5000+ Sockets 5-year Support	0	319.00		NA		No	05/01/2023	06/01/2028	UNCHANGED	319.00	$0.00	0.00%	2026-08-22: $319.00 → 2026-08-24: $5012023.00 (▲)
Software & Licenses	Server Management & Operating System Licenses	HPE OCA > DL380 Gen12 SFF > Software & Licenses > Server Management & Operating System Licenses	Option Component	Unlimited	0	Unlimited	Selection constraint for Server Management & Operating System Licenses: no max	S1R75AAE	Service	SchedMD SLURM 5000+ Sockets 1-year Extension Support	0	71.00		NA		No	05/01/2023	06/01/2028	UNCHANGED	71.00	$0.00	0.00%	2026-08-22: $71.00 → 2026-08-24: $5012023.00 (▲)
Software & Licenses	Server Management & Operating System Licenses	HPE OCA > DL380 Gen12 SFF > Software & Licenses > Server Management & Operating System Licenses	Option Component	Unlimited	0	Unlimited	Selection constraint for Server Management & Operating System Licenses: no max	S1R76AAE	Service	SchedMD SLURM 1001-5000 Sockets 1-year Extension Support	0	96.00		NA		No	05/01/2023	06/01/2028	UNCHANGED	96.00	$0.00	0.00%	2026-08-22: $96.00 → 2026-08-24: $5012023.00 (▲)
Software & Licenses	Server Management & Operating System Licenses	HPE OCA > DL380 Gen12 SFF > Software & Licenses > Server Management & Operating System Licenses	Option Component	Unlimited	0	Unlimited	Selection constraint for Server Management & Operating System Licenses: no max	S1R77AAE	Service	SchedMD SLURM 101-1000 Sockets 1-year Extension Support	0	122.00		NA		No	05/01/2023	06/01/2028	UNCHANGED	122.00	$0.00	0.00%	2026-08-22: $122.00 → 2026-08-24: $5012023.00 (▲)
Software & Licenses	Server Management & Operating System Licenses	HPE OCA > DL380 Gen12 SFF > Software & Licenses > Server Management & Operating System Licenses	Option Component	Unlimited	0	Unlimited	Selection constraint for Server Management & Operating System Licenses: no max	S1R78AAE	Service	SchedMD SLURM 1-100 Sockets 1-year Extension Support	0	15400.00		NA		No	05/01/2023	06/01/2028	UNCHANGED	15400.00	$0.00	0.00%	2026-08-22: $15400.00 → 2026-08-24: $5012023.00 (▲)
Software & Licenses	Server Management & Operating System Licenses	HPE OCA > DL380 Gen12 SFF > Software & Licenses > Server Management & Operating System Licenses	Option Component	Unlimited	0	Unlimited	Selection constraint for Server Management & Operating System Licenses: no max	S2H96AAE	Service	Linaro Forge Ultimate 32 Processes 1-year Support E-LTU	0	31332.00		NA		No	10/02/2023	10/31/2027	UNCHANGED	31332.00	$0.00	0.00%	2026-08-22: $31332.00 → 2026-08-24: $10022023.00 (▲)
Software & Licenses	Server Management & Operating System Licenses	HPE OCA > DL380 Gen12 SFF > Software & Licenses > Server Management & Operating System Licenses	Option Component	Unlimited	0	Unlimited	Selection constraint for Server Management & Operating System Licenses: no max	S2H97AAE	Service	Linaro Forge Ultimate 64 Processes 1-year Support E-LTU	0	46289.00		NA		No	10/02/2023	10/31/2027	UNCHANGED	46289.00	$0.00	0.00%	2026-08-22: $46289.00 → 2026-08-24: $10022023.00 (▲)
Software & Licenses	Server Management & Operating System Licenses	HPE OCA > DL380 Gen12 SFF > Software & Licenses > Server Management & Operating System Licenses	Option Component	Unlimited	0	Unlimited	Selection constraint for Server Management & Operating System Licenses: no max	S2H98AAE	Service	Linaro Forge Ultimate 256 Processes 1-year Support E-LTU	0	98172.00		NA		No	10/02/2023	10/31/2027	UNCHANGED	98172.00	$0.00	0.00%	2026-08-22: $98172.00 → 2026-08-24: $10022023.00 (▲)
Software & Licenses	Server Management & Operating System Licenses	HPE OCA > DL380 Gen12 SFF > Software & Licenses > Server Management & Operating System Licenses	Option Component	Unlimited	0	Unlimited	Selection constraint for Server Management & Operating System Licenses: no max	S2H99AAE	Service	Linaro Forge Ultimate 1024 Processes 1-year Support E-LTU	0	196328.00		NA		No	10/02/2023	10/31/2027	UNCHANGED	196328.00	$0.00	0.00%	2026-08-22: $196328.00 → 2026-08-24: $10022023.00 (▲)
Software & Licenses	Server Management & Operating System Licenses	HPE OCA > DL380 Gen12 SFF > Software & Licenses > Server Management & Operating System Licenses	Option Component	Unlimited	0	Unlimited	Selection constraint for Server Management & Operating System Licenses: no max	S2J00AAE	Service	Linaro Forge Ultimate Unlimited Processes 1-year Support E-LTU	0	1245749.00		NA		No	10/02/2023	10/31/2027	UNCHANGED	1245749.00	$0.00	0.00%	2026-08-22: $1245749.00 → 2026-08-24: $10022023.00 (▲)
Software & Licenses	Server Management & Operating System Licenses	HPE OCA > DL380 Gen12 SFF > Software & Licenses > Server Management & Operating System Licenses	Option Component	Unlimited	0	Unlimited	Selection constraint for Server Management & Operating System Licenses: no max	S2J01AAE	Service	Linaro Forge Ultimate 32 Processes 3-year Support E-LTU	0	93965.00		NA		No	10/02/2023	10/31/2027	UNCHANGED	93965.00	$0.00	0.00%	2026-08-22: $93965.00 → 2026-08-24: $10022023.00 (▲)
Software & Licenses	Server Management & Operating System Licenses	HPE OCA > DL380 Gen12 SFF > Software & Licenses > Server Management & Operating System Licenses	Option Component	Unlimited	0	Unlimited	Selection constraint for Server Management & Operating System Licenses: no max	S2J02AAE	Service	Linaro Forge Ultimate 64 Processes 3-year Support E-LTU	0	138836.00		NA		No	10/02/2023	10/31/2027	UNCHANGED	138836.00	$0.00	0.00%	2026-08-22: $138836.00 → 2026-08-24: $10022023.00 (▲)
Software & Licenses	Server Management & Operating System Licenses	HPE OCA > DL380 Gen12 SFF > Software & Licenses > Server Management & Operating System Licenses	Option Component	Unlimited	0	Unlimited	Selection constraint for Server Management & Operating System Licenses: no max	S2J03AAE	Service	Linaro Forge Ultimate 256 Processes 3-year Support E-LTU	0	294483.00		NA		No	10/02/2023	10/31/2027	UNCHANGED	294483.00	$0.00	0.00%	2026-08-22: $294483.00 → 2026-08-24: $10022023.00 (▲)
Software & Licenses	Server Management & Operating System Licenses	HPE OCA > DL380 Gen12 SFF > Software & Licenses > Server Management & Operating System Licenses	Option Component	Unlimited	0	Unlimited	Selection constraint for Server Management & Operating System Licenses: no max	S2J04AAE	Service	Linaro Forge Ultimate 1024 Processes 3-year Support E-LTU	0	588951.00		NA		No	10/02/2023	10/31/2027	UNCHANGED	588951.00	$0.00	0.00%	2026-08-22: $588951.00 → 2026-08-24: $10022023.00 (▲)
Software & Licenses	Server Management & Operating System Licenses	HPE OCA > DL380 Gen12 SFF > Software & Licenses > Server Management & Operating System Licenses	Option Component	Unlimited	0	Unlimited	Selection constraint for Server Management & Operating System Licenses: no max	S2J05AAE	Service	Linaro Forge Ultimate Unlimited Processes 3-year Support E-LTU	0	3737215.00		NA		No	10/02/2023	10/31/2027	UNCHANGED	3737215.00	$0.00	0.00%	2026-08-22: $3737215.00 → 2026-08-24: $10022023.00 (▲)
Software & Licenses	Server Management & Operating System Licenses	HPE OCA > DL380 Gen12 SFF > Software & Licenses > Server Management & Operating System Licenses	Option Component	Unlimited	0	Unlimited	Selection constraint for Server Management & Operating System Licenses: no max	S2J06AAE	Service	Linaro Forge Ultimate 32 Processes 4-year Support E-LTU	0	125281.00		NA		No	10/02/2023	10/31/2027	UNCHANGED	125281.00	$0.00	0.00%	2026-08-22: $125281.00 → 2026-08-24: $10022023.00 (▲)
Software & Licenses	Server Management & Operating System Licenses	HPE OCA > DL380 Gen12 SFF > Software & Licenses > Server Management & Operating System Licenses	Option Component	Unlimited	0	Unlimited	Selection constraint for Server Management & Operating System Licenses: no max	S2J07AAE	Service	Linaro Forge Ultimate 64 Processes 4-year Support E-LTU	0	185110.00		NA		No	10/02/2023	10/31/2027	UNCHANGED	185110.00	$0.00	0.00%	2026-08-22: $185110.00 → 2026-08-24: $10022023.00 (▲)
Software & Licenses	Server Management & Operating System Licenses	HPE OCA > DL380 Gen12 SFF > Software & Licenses > Server Management & Operating System Licenses	Option Component	Unlimited	0	Unlimited	Selection constraint for Server Management & Operating System Licenses: no max	S2J08AAE	Service	Linaro Forge Ultimate 256 Processes 4-year Support E-LTU	0	392639.00		NA		No	10/02/2023	10/31/2027	UNCHANGED	392639.00	$0.00	0.00%	2026-08-22: $392639.00 → 2026-08-24: $10022023.00 (▲)
Software & Licenses	Server Management & Operating System Licenses	HPE OCA > DL380 Gen12 SFF > Software & Licenses > Server Management & Operating System Licenses	Option Component	Unlimited	0	Unlimited	Selection constraint for Server Management & Operating System Licenses: no max	S2J09AAE	Service	Linaro Forge Ultimate 1024 Processes 4-year Support E-LTU	0	785262.00		NA		No	10/02/2023	10/31/2027	UNCHANGED	785262.00	$0.00	0.00%	2026-08-22: $785262.00 → 2026-08-24: $10022023.00 (▲)
Software & Licenses	Server Management & Operating System Licenses	HPE OCA > DL380 Gen12 SFF > Software & Licenses > Server Management & Operating System Licenses	Option Component	Unlimited	0	Unlimited	Selection constraint for Server Management & Operating System Licenses: no max	S2J10AAE	Service	Linaro Forge Ultimate Unlimited Processes 4-year Support E-LTU	0	4982948.00		NA		No	10/02/2023	10/31/2027	UNCHANGED	4982948.00	$0.00	0.00%	2026-08-22: $4982948.00 → 2026-08-24: $10022023.00 (▲)
Software & Licenses	Server Management & Operating System Licenses	HPE OCA > DL380 Gen12 SFF > Software & Licenses > Server Management & Operating System Licenses	Option Component	Unlimited	0	Unlimited	Selection constraint for Server Management & Operating System Licenses: no max	S2J11AAE	Service	Linaro Forge Ultimate 32 Processes 5-year Support E-LTU	0	156598.00		NA		No	10/02/2023	10/31/2027	UNCHANGED	156598.00	$0.00	0.00%	2026-08-22: $156598.00 → 2026-08-24: $10022023.00 (▲)
Software & Licenses	Server Management & Operating System Licenses	HPE OCA > DL380 Gen12 SFF > Software & Licenses > Server Management & Operating System Licenses	Option Component	Unlimited	0	Unlimited	Selection constraint for Server Management & Operating System Licenses: no max	S2J12AAE	Service	Linaro Forge Ultimate 64 Processes 5-year Support E-LTU	0	231383.00		NA		No	10/02/2023	10/31/2027	UNCHANGED	231383.00	$0.00	0.00%	2026-08-22: $231383.00 → 2026-08-24: $10022023.00 (▲)
Software & Licenses	Server Management & Operating System Licenses	HPE OCA > DL380 Gen12 SFF > Software & Licenses > Server Management & Operating System Licenses	Option Component	Unlimited	0	Unlimited	Selection constraint for Server Management & Operating System Licenses: no max	S2J13AAE	Service	Linaro Forge Ultimate 256 Processes 5-year Support E-LTU	0	490795.00		NA		No	10/02/2023	10/31/2027	UNCHANGED	490795.00	$0.00	0.00%	2026-08-22: $490795.00 → 2026-08-24: $10022023.00 (▲)
Software & Licenses	Server Management & Operating System Licenses	HPE OCA > DL380 Gen12 SFF > Software & Licenses > Server Management & Operating System Licenses	Option Component	Unlimited	0	Unlimited	Selection constraint for Server Management & Operating System Licenses: no max	S2J14AAE	Service	Linaro Forge Ultimate 1024 Processes 5-year Support E-LTU	0	981574.00		NA		No	10/02/2023	10/31/2027	UNCHANGED	981574.00	$0.00	0.00%	2026-08-22: $981574.00 → 2026-08-24: $10022023.00 (▲)
Software & Licenses	Server Management & Operating System Licenses	HPE OCA > DL380 Gen12 SFF > Software & Licenses > Server Management & Operating System Licenses	Option Component	Unlimited	0	Unlimited	Selection constraint for Server Management & Operating System Licenses: no max	S2J15AAE	Service	Linaro Forge Ultimate Unlimited Processes 5-year Support E-LTU	0	6228680.00		NA		No	10/02/2023	10/31/2027	UNCHANGED	6228680.00	$0.00	0.00%	2026-08-22: $6228680.00 → 2026-08-24: $10022023.00 (▲)
Software & Licenses	Server Management & Operating System Licenses	HPE OCA > DL380 Gen12 SFF > Software & Licenses > Server Management & Operating System Licenses	Option Component	Unlimited	0	Unlimited	Selection constraint for Server Management & Operating System Licenses: no max	S2J16AAE	Service	Linaro DDT 32 Processes 1-year Support E-LTU	0	14928.00		NA		No	10/02/2023	10/31/2027	UNCHANGED	14928.00	$0.00	0.00%	2026-08-22: $14928.00 → 2026-08-24: $10022023.00 (▲)
Software & Licenses	Server Management & Operating System Licenses	HPE OCA > DL380 Gen12 SFF > Software & Licenses > Server Management & Operating System Licenses	Option Component	Unlimited	0	Unlimited	Selection constraint for Server Management & Operating System Licenses: no max	S2J17AAE	Service	Linaro DDT 64 Processes 1-year Support E-LTU	0	22051.00		NA		No	10/02/2023	10/31/2027	UNCHANGED	22051.00	$0.00	0.00%	2026-08-22: $22051.00 → 2026-08-24: $10022023.00 (▲)
Software & Licenses	Server Management & Operating System Licenses	HPE OCA > DL380 Gen12 SFF > Software & Licenses > Server Management & Operating System Licenses	Option Component	Unlimited	0	Unlimited	Selection constraint for Server Management & Operating System Licenses: no max	S2J18AAE	Service	Linaro DDT 256 Processes 1-year Support E-LTU	0	46757.00		NA		No	10/02/2023	10/31/2027	UNCHANGED	46757.00	$0.00	0.00%	2026-08-22: $46757.00 → 2026-08-24: $10022023.00 (▲)
Software & Licenses	Server Management & Operating System Licenses	HPE OCA > DL380 Gen12 SFF > Software & Licenses > Server Management & Operating System Licenses	Option Component	Unlimited	0	Unlimited	Selection constraint for Server Management & Operating System Licenses: no max	S2J19AAE	Service	Linaro DDT 1024 Processes 1-year Support E-LTU	0	93498.00		NA		No	10/02/2023	10/31/2027	UNCHANGED	93498.00	$0.00	0.00%	2026-08-22: $93498.00 → 2026-08-24: $10022023.00 (▲)
Software & Licenses	Server Management & Operating System Licenses	HPE OCA > DL380 Gen12 SFF > Software & Licenses > Server Management & Operating System Licenses	Option Component	Unlimited	0	Unlimited	Selection constraint for Server Management & Operating System Licenses: no max	S2J20AAE	Service	Linaro DDT Unlimited Processes 1-year Support E-LTU	0	593224.00		NA		No	10/02/2023	10/31/2027	UNCHANGED	593224.00	$0.00	0.00%	2026-08-22: $593224.00 → 2026-08-24: $10022023.00 (▲)
Software & Licenses	Server Management & Operating System Licenses	HPE OCA > DL380 Gen12 SFF > Software & Licenses > Server Management & Operating System Licenses	Option Component	Unlimited	0	Unlimited	Selection constraint for Server Management & Operating System Licenses: no max	S2J21AAE	Service	Linaro DDT 32 Processes 3-year Support E-LTU	0	44754.00		NA		No	10/02/2023	10/31/2027	UNCHANGED	44754.00	$0.00	0.00%	2026-08-22: $44754.00 → 2026-08-24: $10022023.00 (▲)
Software & Licenses	Server Management & Operating System Licenses	HPE OCA > DL380 Gen12 SFF > Software & Licenses > Server Management & Operating System Licenses	Option Component	Unlimited	0	Unlimited	Selection constraint for Server Management & Operating System Licenses: no max	S2J22AAE	Service	Linaro DDT 64 Processes 3-year Support E-LTU	0	66121.00		NA		No	10/02/2023	10/31/2027	UNCHANGED	66121.00	$0.00	0.00%	2026-08-22: $66121.00 → 2026-08-24: $10022023.00 (▲)
Software & Licenses	Server Management & Operating System Licenses	HPE OCA > DL380 Gen12 SFF > Software & Licenses > Server Management & Operating System Licenses	Option Component	Unlimited	0	Unlimited	Selection constraint for Server Management & Operating System Licenses: no max	S2J23AAE	Service	Linaro DDT 256 Processes 3-year Support E-LTU	0	140239.00		NA		No	10/02/2023	10/31/2027	UNCHANGED	140239.00	$0.00	0.00%	2026-08-22: $140239.00 → 2026-08-24: $10022023.00 (▲)
Software & Licenses	Server Management & Operating System Licenses	HPE OCA > DL380 Gen12 SFF > Software & Licenses > Server Management & Operating System Licenses	Option Component	Unlimited	0	Unlimited	Selection constraint for Server Management & Operating System Licenses: no max	S2J24AAE	Service	Linaro DDT 1024 Processes 3-year Support E-LTU	0	280461.00		NA		No	10/02/2023	10/31/2027	UNCHANGED	280461.00	$0.00	0.00%	2026-08-22: $280461.00 → 2026-08-24: $10022023.00 (▲)
Software & Licenses	Server Management & Operating System Licenses	HPE OCA > DL380 Gen12 SFF > Software & Licenses > Server Management & Operating System Licenses	Option Component	Unlimited	0	Unlimited	Selection constraint for Server Management & Operating System Licenses: no max	S2J25AAE	Service	Linaro DDT Unlimited Processes 3-year Support E-LTU	0	1779641.00		NA		No	10/02/2023	10/31/2027	UNCHANGED	1779641.00	$0.00	0.00%	2026-08-22: $1779641.00 → 2026-08-24: $10022023.00 (▲)
Software & Licenses	Server Management & Operating System Licenses	HPE OCA > DL380 Gen12 SFF > Software & Licenses > Server Management & Operating System Licenses	Option Component	Unlimited	0	Unlimited	Selection constraint for Server Management & Operating System Licenses: no max	S2J26AAE	Service	Linaro DDT 32 Processes 4-year Support E-LTU	0	59666.00		NA		No	10/02/2023	10/31/2027	UNCHANGED	59666.00	$0.00	0.00%	2026-08-22: $59666.00 → 2026-08-24: $10022023.00 (▲)
Software & Licenses	Server Management & Operating System Licenses	HPE OCA > DL380 Gen12 SFF > Software & Licenses > Server Management & Operating System Licenses	Option Component	Unlimited	0	Unlimited	Selection constraint for Server Management & Operating System Licenses: no max	S2J27AAE	Service	Linaro DDT 64 Processes 4-year Support E-LTU	0	88156.00		NA		No	10/02/2023	10/31/2027	UNCHANGED	88156.00	$0.00	0.00%	2026-08-22: $88156.00 → 2026-08-24: $10022023.00 (▲)
Software & Licenses	Server Management & Operating System Licenses	HPE OCA > DL380 Gen12 SFF > Software & Licenses > Server Management & Operating System Licenses	Option Component	Unlimited	0	Unlimited	Selection constraint for Server Management & Operating System Licenses: no max	S2J28AAE	Service	Linaro DDT 256 Processes 4-year Support E-LTU	0	186979.00		NA		No	10/02/2023	10/31/2027	UNCHANGED	186979.00	$0.00	0.00%	2026-08-22: $186979.00 → 2026-08-24: $10022023.00 (▲)
Software & Licenses	Server Management & Operating System Licenses	HPE OCA > DL380 Gen12 SFF > Software & Licenses > Server Management & Operating System Licenses	Option Component	Unlimited	0	Unlimited	Selection constraint for Server Management & Operating System Licenses: no max	S2J29AAE	Service	Linaro DDT 1024 Processes 4-year Support E-LTU	0	373943.00		NA		No	10/02/2023	10/31/2027	UNCHANGED	373943.00	$0.00	0.00%	2026-08-22: $373943.00 → 2026-08-24: $10022023.00 (▲)
Software & Licenses	Server Management & Operating System Licenses	HPE OCA > DL380 Gen12 SFF > Software & Licenses > Server Management & Operating System Licenses	Option Component	Unlimited	0	Unlimited	Selection constraint for Server Management & Operating System Licenses: no max	S2J30AAE	Service	Linaro DDT Unlimited Processes 4-year Support E-LTU	0	2372849.00		NA		No	10/02/2023	10/31/2027	UNCHANGED	2372849.00	$0.00	0.00%	2026-08-22: $2372849.00 → 2026-08-24: $10022023.00 (▲)
Software & Licenses	Server Management & Operating System Licenses	HPE OCA > DL380 Gen12 SFF > Software & Licenses > Server Management & Operating System Licenses	Option Component	Unlimited	0	Unlimited	Selection constraint for Server Management & Operating System Licenses: no max	S2J31AAE	Service	Linaro DDT 32 Processes 5-year Support E-LTU	0	74579.00		NA		No	10/02/2023	10/31/2027	UNCHANGED	74579.00	$0.00	0.00%	2026-08-22: $74579.00 → 2026-08-24: $10022023.00 (▲)
Software & Licenses	Server Management & Operating System Licenses	HPE OCA > DL380 Gen12 SFF > Software & Licenses > Server Management & Operating System Licenses	Option Component	Unlimited	0	Unlimited	Selection constraint for Server Management & Operating System Licenses: no max	S2J32AAE	Service	Linaro DDT 64 Processes 5-year Support E-LTU	0	110191.00		NA		No	10/02/2023	10/31/2027	UNCHANGED	110191.00	$0.00	0.00%	2026-08-22: $110191.00 → 2026-08-24: $10022023.00 (▲)
Software & Licenses	Server Management & Operating System Licenses	HPE OCA > DL380 Gen12 SFF > Software & Licenses > Server Management & Operating System Licenses	Option Component	Unlimited	0	Unlimited	Selection constraint for Server Management & Operating System Licenses: no max	S2J33AAE	Service	Linaro DDT 256 Processes 5-year Support E-LTU	0	233720.00		NA		No	10/02/2023	10/31/2027	UNCHANGED	233720.00	$0.00	0.00%	2026-08-22: $233720.00 → 2026-08-24: $10022023.00 (▲)
Software & Licenses	Server Management & Operating System Licenses	HPE OCA > DL380 Gen12 SFF > Software & Licenses > Server Management & Operating System Licenses	Option Component	Unlimited	0	Unlimited	Selection constraint for Server Management & Operating System Licenses: no max	S2J34AAE	Service	Linaro DDT 1024 Processes 5-year Support E-LTU	0	467425.00		NA		No	10/02/2023	10/31/2027	UNCHANGED	467425.00	$0.00	0.00%	2026-08-22: $467425.00 → 2026-08-24: $10022023.00 (▲)
Software & Licenses	Server Management & Operating System Licenses	HPE OCA > DL380 Gen12 SFF > Software & Licenses > Server Management & Operating System Licenses	Option Component	Unlimited	0	Unlimited	Selection constraint for Server Management & Operating System Licenses: no max	S2J35AAE	Service	Linaro DDT Unlimited Processes 5-year Support E-LTU	0	2966057.00		NA		No	10/02/2023	10/31/2027	UNCHANGED	2966057.00	$0.00	0.00%	2026-08-22: $2966057.00 → 2026-08-24: $10022023.00 (▲)
Software & Licenses	Server Management & Operating System Licenses	HPE OCA > DL380 Gen12 SFF > Software & Licenses > Server Management & Operating System Licenses	Option Component	Unlimited	0	Unlimited	Selection constraint for Server Management & Operating System Licenses: no max	S2L38AAE	Service	TotalView 32 Processes 1-year Support E-LTU	0	9228.00		NA		No	11/06/2023	12/06/2026	UNCHANGED	9228.00	$0.00	0.00%	2026-08-22: $9228.00 → 2026-08-24: $11062023.00 (▲)
Software & Licenses	Server Management & Operating System Licenses	HPE OCA > DL380 Gen12 SFF > Software & Licenses > Server Management & Operating System Licenses	Option Component	Unlimited	0	Unlimited	Selection constraint for Server Management & Operating System Licenses: no max	S2L39AAE	Service	TotalView 64 Processes 1-year Support E-LTU	0	12894.00		NA		No	11/06/2023	12/06/2026	UNCHANGED	12894.00	$0.00	0.00%	2026-08-22: $12894.00 → 2026-08-24: $11062023.00 (▲)
Software & Licenses	Server Management & Operating System Licenses	HPE OCA > DL380 Gen12 SFF > Software & Licenses > Server Management & Operating System Licenses	Option Component	Unlimited	0	Unlimited	Selection constraint for Server Management & Operating System Licenses: no max	S2L40AAE	Service	TotalView 128 Processes 1-year Support E-LTU	0	16672.00		NA		No	11/06/2023	12/06/2026	UNCHANGED	16672.00	$0.00	0.00%	2026-08-22: $16672.00 → 2026-08-24: $11062023.00 (▲)
Software & Licenses	Server Management & Operating System Licenses	HPE OCA > DL380 Gen12 SFF > Software & Licenses > Server Management & Operating System Licenses	Option Component	Unlimited	0	Unlimited	Selection constraint for Server Management & Operating System Licenses: no max	S2L41AAE	Service	TotalView 256 Processes 1-year Support E-LTU	0	22228.00		NA		No	11/06/2023	12/06/2026	UNCHANGED	22228.00	$0.00	0.00%	2026-08-22: $22228.00 → 2026-08-24: $11062023.00 (▲)
Software & Licenses	Server Management & Operating System Licenses	HPE OCA > DL380 Gen12 SFF > Software & Licenses > Server Management & Operating System Licenses	Option Component	Unlimited	0	Unlimited	Selection constraint for Server Management & Operating System Licenses: no max	S2L42AAE	Service	TotalView 512 Processes 1-year Support E-LTU	0	26672.00		NA		No	11/06/2023	12/06/2026	UNCHANGED	26672.00	$0.00	0.00%	2026-08-22: $26672.00 → 2026-08-24: $11062023.00 (▲)
Software & Licenses	Server Management & Operating System Licenses	HPE OCA > DL380 Gen12 SFF > Software & Licenses > Server Management & Operating System Licenses	Option Component	Unlimited	0	Unlimited	Selection constraint for Server Management & Operating System Licenses: no max	S2L43AAE	Service	TotalView 32 Processes 3-year Support E-LTU	0	26672.00		NA		No	11/06/2023	12/06/2026	UNCHANGED	26672.00	$0.00	0.00%	2026-08-22: $26672.00 → 2026-08-24: $11062023.00 (▲)
Software & Licenses	Server Management & Operating System Licenses	HPE OCA > DL380 Gen12 SFF > Software & Licenses > Server Management & Operating System Licenses	Option Component	Unlimited	0	Unlimited	Selection constraint for Server Management & Operating System Licenses: no max	S2L44AAE	Service	TotalView 64 Processes 3-year Support E-LTU	0	36117.00		NA		No	11/06/2023	12/06/2026	UNCHANGED	36117.00	$0.00	0.00%	2026-08-22: $36117.00 → 2026-08-24: $11062023.00 (▲)
Software & Licenses	Server Management & Operating System Licenses	HPE OCA > DL380 Gen12 SFF > Software & Licenses > Server Management & Operating System Licenses	Option Component	Unlimited	0	Unlimited	Selection constraint for Server Management & Operating System Licenses: no max	S2L45AAE	Service	TotalView 128 Processes 3-year Support E-LTU	0	46672.00		NA		No	11/06/2023	12/06/2026	UNCHANGED	46672.00	$0.00	0.00%	2026-08-22: $46672.00 → 2026-08-24: $11062023.00 (▲)
Software & Licenses	Server Management & Operating System Licenses	HPE OCA > DL380 Gen12 SFF > Software & Licenses > Server Management & Operating System Licenses	Option Component	Unlimited	0	Unlimited	Selection constraint for Server Management & Operating System Licenses: no max	S2L46AAE	Service	TotalView 256 Processes 3-year Support E-LTU	0	61117.00		NA		No	11/06/2023	12/06/2026	UNCHANGED	61117.00	$0.00	0.00%	2026-08-22: $61117.00 → 2026-08-24: $11062023.00 (▲)
Software & Licenses	Server Management & Operating System Licenses	HPE OCA > DL380 Gen12 SFF > Software & Licenses > Server Management & Operating System Licenses	Option Component	Unlimited	0	Unlimited	Selection constraint for Server Management & Operating System Licenses: no max	S2L47AAE	Service	TotalView 512 Processes 3-year Support E-LTU	0	73339.00		NA		No	11/06/2023	12/06/2026	UNCHANGED	73339.00	$0.00	0.00%	2026-08-22: $73339.00 → 2026-08-24: $11062023.00 (▲)
Software & Licenses	Server Management & Operating System Licenses	HPE OCA > DL380 Gen12 SFF > Software & Licenses > Server Management & Operating System Licenses	Option Component	Unlimited	0	Unlimited	Selection constraint for Server Management & Operating System Licenses: no max	S2L48AAE	Service	TotalView 32 Processes 4-year Support E-LTU	0	33339.00		NA		No	11/06/2023	12/06/2026	UNCHANGED	33339.00	$0.00	0.00%	2026-08-22: $33339.00 → 2026-08-24: $11062023.00 (▲)
Software & Licenses	Server Management & Operating System Licenses	HPE OCA > DL380 Gen12 SFF > Software & Licenses > Server Management & Operating System Licenses	Option Component	Unlimited	0	Unlimited	Selection constraint for Server Management & Operating System Licenses: no max	S2L49AAE	Service	TotalView 64 Processes 4-year Support E-LTU	0	46672.00		NA		No	11/06/2023	12/06/2026	UNCHANGED	46672.00	$0.00	0.00%	2026-08-22: $46672.00 → 2026-08-24: $11062023.00 (▲)
Software & Licenses	Server Management & Operating System Licenses	HPE OCA > DL380 Gen12 SFF > Software & Licenses > Server Management & Operating System Licenses	Option Component	Unlimited	0	Unlimited	Selection constraint for Server Management & Operating System Licenses: no max	S2L50AAE	Service	TotalView 128 Processes 4-year Support E-LTU	0	60006.00		NA		No	11/06/2023	12/06/2026	UNCHANGED	60006.00	$0.00	0.00%	2026-08-22: $60006.00 → 2026-08-24: $11062023.00 (▲)
Software & Licenses	Server Management & Operating System Licenses	HPE OCA > DL380 Gen12 SFF > Software & Licenses > Server Management & Operating System Licenses	Option Component	Unlimited	0	Unlimited	Selection constraint for Server Management & Operating System Licenses: no max	S2L51AAE	Service	TotalView 256 Processes 4-year Support E-LTU	0	78894.00		NA		No	11/06/2023	12/06/2026	UNCHANGED	78894.00	$0.00	0.00%	2026-08-22: $78894.00 → 2026-08-24: $11062023.00 (▲)
Software & Licenses	Server Management & Operating System Licenses	HPE OCA > DL380 Gen12 SFF > Software & Licenses > Server Management & Operating System Licenses	Option Component	Unlimited	0	Unlimited	Selection constraint for Server Management & Operating System Licenses: no max	S2L52AAE	Service	TotalView 512 Processes 4-year Support E-LTU	0	95006.00		NA		No	11/06/2023	12/06/2026	UNCHANGED	95006.00	$0.00	0.00%	2026-08-22: $95006.00 → 2026-08-24: $11062023.00 (▲)
Software & Licenses	Server Management & Operating System Licenses	HPE OCA > DL380 Gen12 SFF > Software & Licenses > Server Management & Operating System Licenses	Option Component	Unlimited	0	Unlimited	Selection constraint for Server Management & Operating System Licenses: no max	S2L53AAE	Service	TotalView 32 Processes 5-year Support E-LTU	0	39450.00		NA		No	11/06/2023	12/06/2026	UNCHANGED	39450.00	$0.00	0.00%	2026-08-22: $39450.00 → 2026-08-24: $11062023.00 (▲)
Software & Licenses	Server Management & Operating System Licenses	HPE OCA > DL380 Gen12 SFF > Software & Licenses > Server Management & Operating System Licenses	Option Component	Unlimited	0	Unlimited	Selection constraint for Server Management & Operating System Licenses: no max	S2L54AAE	Service	TotalView 64 Processes 5-year Support E-LTU	0	55006.00		NA		No	11/06/2023	12/06/2026	UNCHANGED	55006.00	$0.00	0.00%	2026-08-22: $55006.00 → 2026-08-24: $11062023.00 (▲)
Software & Licenses	Server Management & Operating System Licenses	HPE OCA > DL380 Gen12 SFF > Software & Licenses > Server Management & Operating System Licenses	Option Component	Unlimited	0	Unlimited	Selection constraint for Server Management & Operating System Licenses: no max	S2L55AAE	Service	TotalView 128 Processes 5-year Support E-LTU	0	70561.00		NA		No	11/06/2023	12/06/2026	UNCHANGED	70561.00	$0.00	0.00%	2026-08-22: $70561.00 → 2026-08-24: $11062023.00 (▲)
Software & Licenses	Server Management & Operating System Licenses	HPE OCA > DL380 Gen12 SFF > Software & Licenses > Server Management & Operating System Licenses	Option Component	Unlimited	0	Unlimited	Selection constraint for Server Management & Operating System Licenses: no max	S2L56AAE	Service	TotalView 256 Processes 5-year Support E-LTU	0	93339.00		NA		No	11/06/2023	12/06/2026	UNCHANGED	93339.00	$0.00	0.00%	2026-08-22: $93339.00 → 2026-08-24: $11062023.00 (▲)
Software & Licenses	Server Management & Operating System Licenses	HPE OCA > DL380 Gen12 SFF > Software & Licenses > Server Management & Operating System Licenses	Option Component	Unlimited	0	Unlimited	Selection constraint for Server Management & Operating System Licenses: no max	S2L57AAE	Service	TotalView 512 Processes 5-year Support E-LTU	0	112228.00		NA		No	11/06/2023	12/06/2026	UNCHANGED	112228.00	$0.00	0.00%	2026-08-22: $112228.00 → 2026-08-24: $11062023.00 (▲)
Software & Licenses	Server Management & Operating System Licenses	HPE OCA > DL380 Gen12 SFF > Software & Licenses > Server Management & Operating System Licenses	Option Component	Unlimited	0	Unlimited	Selection constraint for Server Management & Operating System Licenses: no max	S4H91AAE	Service	Intel oneAPI Base and HPC 512+ Nodes 1-year Renewal Pre-expiration Support	0	159593.00		NA		No	07/01/2024	08/01/2027	UNCHANGED	159593.00	$0.00	0.00%	2026-08-22: $159593.00 → 2026-08-24: $7012024.00 (▲)
Software & Licenses	Server Management & Operating System Licenses	HPE OCA > DL380 Gen12 SFF > Software & Licenses > Server Management & Operating System Licenses	Option Component	Unlimited	0	Unlimited	Selection constraint for Server Management & Operating System Licenses: no max	S4H93AAE	Service	Intel oneAPI Base and HPC 512+ Nodes 5-year Support	0	979170.00		NA		No	07/01/2024	08/01/2027	UNCHANGED	979170.00	$0.00	0.00%	2026-08-22: $979170.00 → 2026-08-24: $7012024.00 (▲)
Software & Licenses	Server Management & Operating System Licenses	HPE OCA > DL380 Gen12 SFF > Software & Licenses > Server Management & Operating System Licenses	Option Component	Unlimited	0	Unlimited	Selection constraint for Server Management & Operating System Licenses: no max	S4H95AAE	Service	Intel oneAPI Base and HPC 512+ Nodes 4-year Support	0	903851.00		NA		No	07/01/2024	08/01/2027	UNCHANGED	903851.00	$0.00	0.00%	2026-08-22: $903851.00 → 2026-08-24: $7012024.00 (▲)
Software & Licenses	Server Management & Operating System Licenses	HPE OCA > DL380 Gen12 SFF > Software & Licenses > Server Management & Operating System Licenses	Option Component	Unlimited	0	Unlimited	Selection constraint for Server Management & Operating System Licenses: no max	S4H97AAE	Service	Intel oneAPI Base and HPC 512+ Nodes 3-year Support	0	753218.00		NA		No	07/01/2024	08/01/2027	UNCHANGED	753218.00	$0.00	0.00%	2026-08-22: $753218.00 → 2026-08-24: $7012024.00 (▲)
Software & Licenses	Server Management & Operating System Licenses	HPE OCA > DL380 Gen12 SFF > Software & Licenses > Server Management & Operating System Licenses	Option Component	Unlimited	0	Unlimited	Selection constraint for Server Management & Operating System Licenses: no max	S4H99AAE	Service	Intel oneAPI Base and HPC 512+ Nodes 1-year Support	0	443222.00		NA		No	07/01/2024	08/01/2027	UNCHANGED	443222.00	$0.00	0.00%	2026-08-22: $443222.00 → 2026-08-24: $7012024.00 (▲)
Software & Licenses	Server Management & Operating System Licenses	HPE OCA > DL380 Gen12 SFF > Software & Licenses > Server Management & Operating System Licenses	Option Component	Unlimited	0	Unlimited	Selection constraint for Server Management & Operating System Licenses: no max	S4J00AAE	Service	Intel oneAPI Base and HPC 257-512 Nodes 1-year Renewal Pre-expiration Support	0	104184.00		NA		No	07/01/2024	08/01/2027	UNCHANGED	104184.00	$0.00	0.00%	2026-08-22: $104184.00 → 2026-08-24: $7012024.00 (▲)
Software & Licenses	Server Management & Operating System Licenses	HPE OCA > DL380 Gen12 SFF > Software & Licenses > Server Management & Operating System Licenses	Option Component	Unlimited	0	Unlimited	Selection constraint for Server Management & Operating System Licenses: no max	S4J02AAE	Service	Intel oneAPI Base and HPC 257-512 Nodes 5-year Support	0	629479.00		NA		No	07/01/2024	08/01/2027	UNCHANGED	629479.00	$0.00	0.00%	2026-08-22: $629479.00 → 2026-08-24: $7012024.00 (▲)
Software & Licenses	Server Management & Operating System Licenses	HPE OCA > DL380 Gen12 SFF > Software & Licenses > Server Management & Operating System Licenses	Option Component	Unlimited	0	Unlimited	Selection constraint for Server Management & Operating System Licenses: no max	S4J04AAE	Service	Intel oneAPI Base and HPC 257-512 Nodes 4-year Support	0	581059.00		NA		No	07/01/2024	08/01/2027	UNCHANGED	581059.00	$0.00	0.00%	2026-08-22: $581059.00 → 2026-08-24: $7012024.00 (▲)
Software & Licenses	Server Management & Operating System Licenses	HPE OCA > DL380 Gen12 SFF > Software & Licenses > Server Management & Operating System Licenses	Option Component	Unlimited	0	Unlimited	Selection constraint for Server Management & Operating System Licenses: no max	S4J06AAE	Service	Intel oneAPI Base and HPC 257-512 Nodes 3-year Support	0	484219.00		NA		No	07/01/2024	08/01/2027	UNCHANGED	484219.00	$0.00	0.00%	2026-08-22: $484219.00 → 2026-08-24: $7012024.00 (▲)
Software & Licenses	Server Management & Operating System Licenses	HPE OCA > DL380 Gen12 SFF > Software & Licenses > Server Management & Operating System Licenses	Option Component	Unlimited	0	Unlimited	Selection constraint for Server Management & Operating System Licenses: no max	S4J08AAE	Service	Intel oneAPI Base and HPC 257-512 Nodes 1-year Support	0	284937.00		NA		No	07/01/2024	08/01/2027	UNCHANGED	284937.00	$0.00	0.00%	2026-08-22: $284937.00 → 2026-08-24: $7012024.00 (▲)
Software & Licenses	Server Management & Operating System Licenses	HPE OCA > DL380 Gen12 SFF > Software & Licenses > Server Management & Operating System Licenses	Option Component	Unlimited	0	Unlimited	Selection constraint for Server Management & Operating System Licenses: no max	S4J09AAE	Service	Intel oneAPI Base and HPC 64-256 Nodes 1-year Renewal Pre-expiration Support	0	79803.00		NA		No	07/01/2024	08/01/2027	UNCHANGED	79803.00	$0.00	0.00%	2026-08-22: $79803.00 → 2026-08-24: $7012024.00 (▲)
Software & Licenses	Server Management & Operating System Licenses	HPE OCA > DL380 Gen12 SFF > Software & Licenses > Server Management & Operating System Licenses	Option Component	Unlimited	0	Unlimited	Selection constraint for Server Management & Operating System Licenses: no max	S4J11AAE	Service	Intel oneAPI Base and HPC 64-256 Nodes 5-year Support	0	475611.00		NA		No	07/01/2024	08/01/2027	UNCHANGED	475611.00	$0.00	0.00%	2026-08-22: $475611.00 → 2026-08-24: $7012024.00 (▲)
Software & Licenses	Server Management & Operating System Licenses	HPE OCA > DL380 Gen12 SFF > Software & Licenses > Server Management & Operating System Licenses	Option Component	Unlimited	0	Unlimited	Selection constraint for Server Management & Operating System Licenses: no max	S4J13AAE	Service	Intel oneAPI Base and HPC 64-256 Nodes 4-year Support	0	439028.00		NA		No	07/01/2024	08/01/2027	UNCHANGED	439028.00	$0.00	0.00%	2026-08-22: $439028.00 → 2026-08-24: $7012024.00 (▲)
Software & Licenses	Server Management & Operating System Licenses	HPE OCA > DL380 Gen12 SFF > Software & Licenses > Server Management & Operating System Licenses	Option Component	Unlimited	0	Unlimited	Selection constraint for Server Management & Operating System Licenses: no max	S4J15AAE	Service	Intel oneAPI Base and HPC 64-256 Nodes 3-year Support	0	365860.00		NA		No	07/01/2024	08/01/2027	UNCHANGED	365860.00	$0.00	0.00%	2026-08-22: $365860.00 → 2026-08-24: $7012024.00 (▲)
Software & Licenses	Server Management & Operating System Licenses	HPE OCA > DL380 Gen12 SFF > Software & Licenses > Server Management & Operating System Licenses	Option Component	Unlimited	0	Unlimited	Selection constraint for Server Management & Operating System Licenses: no max	S4J17AAE	Service	Intel oneAPI Base and HPC 64-256 Nodes 1-year Support	0	215295.00		NA		No	07/01/2024	08/01/2027	UNCHANGED	215295.00	$0.00	0.00%	2026-08-22: $215295.00 → 2026-08-24: $7012024.00 (▲)
Software & Licenses	Server Management & Operating System Licenses	HPE OCA > DL380 Gen12 SFF > Software & Licenses > Server Management & Operating System Licenses	Option Component	Unlimited	0	Unlimited	Selection constraint for Server Management & Operating System Licenses: no max	S4J18AAE	Service	Intel oneAPI Base and HPC Max 63 Nodes up to 10 Concurrent Users 1yr Renewal Post-expiration Support	0	88674.00		NA		No	07/01/2024	08/01/2027	UNCHANGED	88674.00	$0.00	0.00%	2026-08-22: $88674.00 → 2026-08-24: $7012024.00 (▲)
Software & Licenses	Server Management & Operating System Licenses	HPE OCA > DL380 Gen12 SFF > Software & Licenses > Server Management & Operating System Licenses	Option Component	Unlimited	0	Unlimited	Selection constraint for Server Management & Operating System Licenses: no max	S4J19AAE	Service	Intel oneAPI Base and HPC Max 63 Nodes up to 10 Concurrent Users 1yr Renewal Pre-expiration Support	0	44343.00		NA		No	07/01/2024	08/01/2027	UNCHANGED	44343.00	$0.00	0.00%	2026-08-22: $44343.00 → 2026-08-24: $7012024.00 (▲)
Software & Licenses	Server Management & Operating System Licenses	HPE OCA > DL380 Gen12 SFF > Software & Licenses > Server Management & Operating System Licenses	Option Component	Unlimited	0	Unlimited	Selection constraint for Server Management & Operating System Licenses: no max	S4J20AAE	Service	Intel oneAPI Base and HPC Max 63 Nodes up to 5 Concurrent Users 1yr Renewal Post-expiration Support	0	59072.00		NA		No	07/01/2024	08/01/2027	UNCHANGED	59072.00	$0.00	0.00%	2026-08-22: $59072.00 → 2026-08-24: $7012024.00 (▲)
Software & Licenses	Server Management & Operating System Licenses	HPE OCA > DL380 Gen12 SFF > Software & Licenses > Server Management & Operating System Licenses	Option Component	Unlimited	0	Unlimited	Selection constraint for Server Management & Operating System Licenses: no max	S4J21AAE	Service	Intel oneAPI Base and HPC Max 63 Nodes up to 5 Concurrent Users 1yr Renewal Pre-expiration Support	0	29615.00		NA		No	07/01/2024	08/01/2027	UNCHANGED	29615.00	$0.00	0.00%	2026-08-22: $29615.00 → 2026-08-24: $7012024.00 (▲)
Software & Licenses	Server Management & Operating System Licenses	HPE OCA > DL380 Gen12 SFF > Software & Licenses > Server Management & Operating System Licenses	Option Component	Unlimited	0	Unlimited	Selection constraint for Server Management & Operating System Licenses: no max	S4J22AAE	Service	Intel oneAPI Base and HPC Max 63 Nodes up to 2 Concurrent Users 1yr Renewal Post-expiration Support	0	29615.00		NA		No	07/01/2024	08/01/2027	UNCHANGED	29615.00	$0.00	0.00%	2026-08-22: $29615.00 → 2026-08-24: $7012024.00 (▲)
Software & Licenses	Server Management & Operating System Licenses	HPE OCA > DL380 Gen12 SFF > Software & Licenses > Server Management & Operating System Licenses	Option Component	Unlimited	0	Unlimited	Selection constraint for Server Management & Operating System Licenses: no max	S4J23AAE	Service	Intel oneAPI Base and HPC Max 63 Nodes up to 2 Concurrent Users 1yr Renewal Pre-expiration Support	0	14884.00		NA		No	07/01/2024	08/01/2027	UNCHANGED	14884.00	$0.00	0.00%	2026-08-22: $14884.00 → 2026-08-24: $7012024.00 (▲)
Software & Licenses	Server Management & Operating System Licenses	HPE OCA > DL380 Gen12 SFF > Software & Licenses > Server Management & Operating System Licenses	Option Component	Unlimited	0	Unlimited	Selection constraint for Server Management & Operating System Licenses: no max	S4J25AAE	Service	Intel oneAPI Base and HPC Maximum 63 Nodes up to 10 Concurrent Users 3-year Support	0	215227.00		NA		No	07/01/2024	08/01/2027	UNCHANGED	215227.00	$0.00	0.00%	2026-08-22: $215227.00 → 2026-08-24: $7012024.00 (▲)
Software & Licenses	Server Management & Operating System Licenses	HPE OCA > DL380 Gen12 SFF > Software & Licenses > Server Management & Operating System Licenses	Option Component	Unlimited	0	Unlimited	Selection constraint for Server Management & Operating System Licenses: no max	S4J27AAE	Service	Intel oneAPI Base and HPC Maximum 63 Nodes up to 5 Concurrent Users 3-year Support	0	143542.00		NA		No	07/01/2024	08/01/2027	UNCHANGED	143542.00	$0.00	0.00%	2026-08-22: $143542.00 → 2026-08-24: $7012024.00 (▲)
Software & Licenses	Server Management & Operating System Licenses	HPE OCA > DL380 Gen12 SFF > Software & Licenses > Server Management & Operating System Licenses	Option Component	Unlimited	0	Unlimited	Selection constraint for Server Management & Operating System Licenses: no max	S4J29AAE	Service	Intel oneAPI Base and HPC Maximum 63 Nodes up to 2 Concurrent Users 3-year Support	0	71857.00		NA		No	07/01/2024	08/01/2027	UNCHANGED	71857.00	$0.00	0.00%	2026-08-22: $71857.00 → 2026-08-24: $7012024.00 (▲)
Software & Licenses	Server Management & Operating System Licenses	HPE OCA > DL380 Gen12 SFF > Software & Licenses > Server Management & Operating System Licenses	Option Component	Unlimited	0	Unlimited	Selection constraint for Server Management & Operating System Licenses: no max	S4J31AAE	Service	Intel oneAPI Base and HPC Maximum 63 Nodes up to 10 Concurrent Users 1-year Support	0	126658.00		NA		No	07/01/2024	08/01/2027	UNCHANGED	126658.00	$0.00	0.00%	2026-08-22: $126658.00 → 2026-08-24: $7012024.00 (▲)
Software & Licenses	Server Management & Operating System Licenses	HPE OCA > DL380 Gen12 SFF > Software & Licenses > Server Management & Operating System Licenses	Option Component	Unlimited	0	Unlimited	Selection constraint for Server Management & Operating System Licenses: no max	S4J33AAE	Service	Intel oneAPI Base and HPC Maximum 63 Nodes up to 5 Concurrent Users 1-year Support	0	84448.00		NA		No	07/01/2024	08/01/2027	UNCHANGED	84448.00	$0.00	0.00%	2026-08-22: $84448.00 → 2026-08-24: $7012024.00 (▲)
Software & Licenses	Server Management & Operating System Licenses	HPE OCA > DL380 Gen12 SFF > Software & Licenses > Server Management & Operating System Licenses	Option Component	Unlimited	0	Unlimited	Selection constraint for Server Management & Operating System Licenses: no max	S4J35AAE	Service	Intel oneAPI Base and HPC Maximum 63 Nodes up to 2 Concurrent Users 1-year Support	0	42238.00		NA		No	07/01/2024	08/01/2027	UNCHANGED	42238.00	$0.00	0.00%	2026-08-22: $42238.00 → 2026-08-24: $7012024.00 (▲)
Software & Licenses	Server Management & Operating System Licenses	HPE OCA > DL380 Gen12 SFF > Software & Licenses > Server Management & Operating System Licenses	Discontinued Hardware	Unlimited	0	Unlimited	Selection constraint for Server Management & Operating System Licenses: no max	Q9R65A	Standard	[REMOVED SKU] Red Hat Enterprise Linux for SAP Solutions for Physical Nodes 3yr Subscription 24x7 Support LTU	0	6737.00	-	0.00	-	No	03/05/2018	2026-08-24	REMOVED	6737.00	-$6737.00	-100.00%	2026-08-22: $6737.00 → 2026-08-24: $6737.00 (✕ REMOVED)
Software & Licenses	Server Management & Operating System Licenses	HPE OCA > DL380 Gen12 SFF > Software & Licenses > Server Management & Operating System Licenses	Discontinued Hardware	Unlimited	0	Unlimited	Selection constraint for Server Management & Operating System Licenses: no max	Q9R66A	Standard	[REMOVED SKU] Red Hat Enterprise Linux for SAP Solutions for Physical Nodes 5yr Subscription 24x7 Support LTU	0	11229.00	-	0.00	-	No	03/05/2018	2026-08-24	REMOVED	11229.00	-$11229.00	-100.00%	2026-08-22: $11229.00 → 2026-08-24: $11229.00 (✕ REMOVED)
Software & Licenses	Server Management & Operating System Licenses	HPE OCA > DL380 Gen12 SFF > Software & Licenses > Server Management & Operating System Licenses	Discontinued Hardware	Unlimited	0	Unlimited	Selection constraint for Server Management & Operating System Licenses: no max	Q9R67A	Standard	[REMOVED SKU] Red Hat Enterprise Linux for SAP Solutions for Virtual DC 3yr Subscription 24x7 Support LTU	0	24680.00	-	0.00	-	No	03/05/2018	2026-08-24	REMOVED	24680.00	-$24680.00	-100.00%	2026-08-22: $24680.00 → 2026-08-24: $24680.00 (✕ REMOVED)
Software & Licenses	Server Management & Operating System Licenses	HPE OCA > DL380 Gen12 SFF > Software & Licenses > Server Management & Operating System Licenses	Discontinued Hardware	Unlimited	0	Unlimited	Selection constraint for Server Management & Operating System Licenses: no max	Q9R68A	Standard	[REMOVED SKU] Red Hat Enterprise Linux for SAP Solutions for Virtual DC 5yr Subscription 24x7 Support LTU	0	41134.00	-	0.00	-	No	03/05/2018	2026-08-24	REMOVED	41134.00	-$41134.00	-100.00%	2026-08-22: $41134.00 → 2026-08-24: $41134.00 (✕ REMOVED)
Software & Licenses	Server Management & Operating System Licenses	HPE OCA > DL380 Gen12 SFF > Software & Licenses > Server Management & Operating System Licenses	Discontinued Hardware	Unlimited	0	Unlimited	Selection constraint for Server Management & Operating System Licenses: no max	512485-B21	Standard	[REMOVED SKU] HPE iLO Advanced 1-server License with 1yr Support on iLO Licensed Features	0	399.00	-	0.00	-	No	11/18/2008	2026-08-24	REMOVED	399.00	-$399.00	-100.00%	2026-08-22: $399.00 → 2026-08-24: $399.00 (✕ REMOVED)
Software & Licenses	Server Management & Operating System Licenses	HPE OCA > DL380 Gen12 SFF > Software & Licenses > Server Management & Operating System Licenses	Discontinued Hardware	Unlimited	0	Unlimited	Selection constraint for Server Management & Operating System Licenses: no max	BD505A	Standard	[REMOVED SKU] HPE iLO Advanced 1-server License with 3yr Support on iLO Licensed Features	0	469.00	-	0.00	-	No	03/26/2012	2026-08-24	REMOVED	469.00	-$469.00	-100.00%	2026-08-22: $469.00 → 2026-08-24: $469.00 (✕ REMOVED)
Software & Licenses	Server Management & Operating System Licenses	HPE OCA > DL380 Gen12 SFF > Software & Licenses > Server Management & Operating System Licenses	Discontinued Hardware	Unlimited	0	Unlimited	Selection constraint for Server Management & Operating System Licenses: no max	512487-B21	Standard	[REMOVED SKU] HPE iLO Advanced AKA Tracking License with 1yr Support on iLO Licensed Features	0	399.00	-	0.00	-	No	03/04/2015	2026-08-24	REMOVED	399.00	-$399.00	-100.00%	2026-08-22: $399.00 → 2026-08-24: $399.00 (✕ REMOVED)
Software & Licenses	Server Management & Operating System Licenses	HPE OCA > DL380 Gen12 SFF > Software & Licenses > Server Management & Operating System Licenses	Discontinued Hardware	Unlimited	0	Unlimited	Selection constraint for Server Management & Operating System Licenses: no max	BD507A	Standard	[REMOVED SKU] HPE iLO Advanced AKA Tracking License with 3yr Support on iLO Licensed Features	0	469.00	-	0.00	-	No	03/26/2012	2026-08-24	REMOVED	469.00	-$469.00	-100.00%	2026-08-22: $469.00 → 2026-08-24: $469.00 (✕ REMOVED)
Software & Licenses	Server Management & Operating System Licenses	HPE OCA > DL380 Gen12 SFF > Software & Licenses > Server Management & Operating System Licenses	Discontinued Hardware	Unlimited	0	Unlimited	Selection constraint for Server Management & Operating System Licenses: no max	E6U59ABE	Standard	[REMOVED SKU] HPE iLO Advanced Electronic License with 1yr Support on iLO Licensed Features	0	399.00	-	0.00	-	No	09/10/2013	2026-08-24	REMOVED	399.00	-$399.00	-100.00%	2026-08-22: $399.00 → 2026-08-24: $399.00 (✕ REMOVED)
Software & Licenses	Server Management & Operating System Licenses	HPE OCA > DL380 Gen12 SFF > Software & Licenses > Server Management & Operating System Licenses	Discontinued Hardware	Unlimited	0	Unlimited	Selection constraint for Server Management & Operating System Licenses: no max	E6U64ABE	Standard	[REMOVED SKU] HPE iLO Advanced Electronic License with 3yr Support on iLO Licensed Features	0	467.00	-	0.00	-	No	09/10/2013	2026-08-24	REMOVED	467.00	-$467.00	-100.00%	2026-08-22: $467.00 → 2026-08-24: $467.00 (✕ REMOVED)
Software & Licenses	Server Management & Operating System Licenses	HPE OCA > DL380 Gen12 SFF > Software & Licenses > Server Management & Operating System Licenses	Discontinued Hardware	Unlimited	0	Unlimited	Selection constraint for Server Management & Operating System Licenses: no max	P77110-B21	Standard	[REMOVED SKU] Microsoft Windows Server 2025 1 User CAL WW LTU	0	72.00	-	0.00	-	No	12/02/2024	2026-08-24	REMOVED	72.00	-$72.00	-100.00%	2026-08-22: $72.00 → 2026-08-24: $72.00 (✕ REMOVED)
Software & Licenses	Server Management & Operating System Licenses	HPE OCA > DL380 Gen12 SFF > Software & Licenses > Server Management & Operating System Licenses	Discontinued Hardware	Unlimited	0	Unlimited	Selection constraint for Server Management & Operating System Licenses: no max	P77111-B21	Standard	[REMOVED SKU] Microsoft Windows Server 2025 1 Device CAL WW LTU	0	52.00	-	0.00	-	No	12/02/2024	2026-08-24	REMOVED	52.00	-$52.00	-100.00%	2026-08-22: $52.00 → 2026-08-24: $52.00 (✕ REMOVED)
Software & Licenses	Server Management & Operating System Licenses	HPE OCA > DL380 Gen12 SFF > Software & Licenses > Server Management & Operating System Licenses	Discontinued Hardware	Unlimited	0	Unlimited	Selection constraint for Server Management & Operating System Licenses: no max	P77112-B21	Standard	[REMOVED SKU] Microsoft Windows Server 2025 5 Users CAL WW LTU	0	322.00	-	0.00	-	No	12/02/2024	2026-08-24	REMOVED	322.00	-$322.00	-100.00%	2026-08-22: $322.00 → 2026-08-24: $322.00 (✕ REMOVED)
Software & Licenses	Server Management & Operating System Licenses	HPE OCA > DL380 Gen12 SFF > Software & Licenses > Server Management & Operating System Licenses	Discontinued Hardware	Unlimited	0	Unlimited	Selection constraint for Server Management & Operating System Licenses: no max	P77113-B21	Standard	[REMOVED SKU] Microsoft Windows Server 2025 5 Devices CAL WW LTU	0	226.00	-	0.00	-	No	12/02/2024	2026-08-24	REMOVED	226.00	-$226.00	-100.00%	2026-08-22: $226.00 → 2026-08-24: $226.00 (✕ REMOVED)
Software & Licenses	Server Management & Operating System Licenses	HPE OCA > DL380 Gen12 SFF > Software & Licenses > Server Management & Operating System Licenses	Discontinued Hardware	Unlimited	0	Unlimited	Selection constraint for Server Management & Operating System Licenses: no max	P77114-B21	Standard	[REMOVED SKU] Microsoft Windows Server 2025 10 Users CAL WW LTU	0	636.00	-	0.00	-	No	12/02/2024	2026-08-24	REMOVED	636.00	-$636.00	-100.00%	2026-08-22: $636.00 → 2026-08-24: $636.00 (✕ REMOVED)
Software & Licenses	Server Management & Operating System Licenses	HPE OCA > DL380 Gen12 SFF > Software & Licenses > Server Management & Operating System Licenses	Discontinued Hardware	Unlimited	0	Unlimited	Selection constraint for Server Management & Operating System Licenses: no max	P77115-B21	Standard	[REMOVED SKU] Microsoft Windows Server 2025 10 Devices CAL WW LTU	0	444.00	-	0.00	-	No	12/02/2024	2026-08-24	REMOVED	444.00	-$444.00	-100.00%	2026-08-22: $444.00 → 2026-08-24: $444.00 (✕ REMOVED)
Software & Licenses	Server Management & Operating System Licenses	HPE OCA > DL380 Gen12 SFF > Software & Licenses > Server Management & Operating System Licenses	Discontinued Hardware	Unlimited	0	Unlimited	Selection constraint for Server Management & Operating System Licenses: no max	P77116-B21	Standard	[REMOVED SKU] Microsoft Windows Server 2025 50 Users CAL WW LTU	0	3143.00	-	0.00	-	No	12/02/2024	2026-08-24	REMOVED	3143.00	-$3143.00	-100.00%	2026-08-22: $3143.00 → 2026-08-24: $3143.00 (✕ REMOVED)
Software & Licenses	Server Management & Operating System Licenses	HPE OCA > DL380 Gen12 SFF > Software & Licenses > Server Management & Operating System Licenses	Discontinued Hardware	Unlimited	0	Unlimited	Selection constraint for Server Management & Operating System Licenses: no max	P77117-B21	Standard	[REMOVED SKU] Microsoft Windows Server 2025 50 Devices CAL WW LTU	0	2184.00	-	0.00	-	No	12/02/2024	2026-08-24	REMOVED	2184.00	-$2184.00	-100.00%	2026-08-22: $2184.00 → 2026-08-24: $2184.00 (✕ REMOVED)
Software & Licenses	Server Management & Operating System Licenses	HPE OCA > DL380 Gen12 SFF > Software & Licenses > Server Management & Operating System Licenses	Discontinued Hardware	Unlimited	0	Unlimited	Selection constraint for Server Management & Operating System Licenses: no max	P77118-B21	Standard	[REMOVED SKU] Microsoft Windows Server 2025 Remote Desktop Service 1 User CAL WW LTU	0	280.00	-	0.00	-	No	12/02/2024	2026-08-24	REMOVED	280.00	-$280.00	-100.00%	2026-08-22: $280.00 → 2026-08-24: $280.00 (✕ REMOVED)
Software & Licenses	Server Management & Operating System Licenses	HPE OCA > DL380 Gen12 SFF > Software & Licenses > Server Management & Operating System Licenses	Discontinued Hardware	Unlimited	0	Unlimited	Selection constraint for Server Management & Operating System Licenses: no max	P77119-B21	Standard	[REMOVED SKU] Microsoft Windows Server 2025 Remote Desktop Service 1 Device CAL WW LTU	0	201.00	-	0.00	-	No	12/02/2024	2026-08-24	REMOVED	201.00	-$201.00	-100.00%	2026-08-22: $201.00 → 2026-08-24: $201.00 (✕ REMOVED)
Software & Licenses	Server Management & Operating System Licenses	HPE OCA > DL380 Gen12 SFF > Software & Licenses > Server Management & Operating System Licenses	Discontinued Hardware	Unlimited	0	Unlimited	Selection constraint for Server Management & Operating System Licenses: no max	P77120-B21	Standard	[REMOVED SKU] Microsoft Windows Server 2025 Remote Desktop Service 5 Users CAL WW LTU	0	1364.00	-	0.00	-	No	12/02/2024	2026-08-24	REMOVED	1364.00	-$1364.00	-100.00%	2026-08-22: $1364.00 → 2026-08-24: $1364.00 (✕ REMOVED)
Software & Licenses	Server Management & Operating System Licenses	HPE OCA > DL380 Gen12 SFF > Software & Licenses > Server Management & Operating System Licenses	Discontinued Hardware	Unlimited	0	Unlimited	Selection constraint for Server Management & Operating System Licenses: no max	P77121-B21	Standard	[REMOVED SKU] Microsoft Windows Server 2025 Remote Desktop Service 5 Devices CAL WW LTU	0	974.00	-	0.00	-	No	12/02/2024	2026-08-24	REMOVED	974.00	-$974.00	-100.00%	2026-08-22: $974.00 → 2026-08-24: $974.00 (✕ REMOVED)
Software & Licenses	Server Management & Operating System Licenses	HPE OCA > DL380 Gen12 SFF > Software & Licenses > Server Management & Operating System Licenses	Discontinued Hardware	Unlimited	0	Unlimited	Selection constraint for Server Management & Operating System Licenses: no max	P77122-B21	Standard	[REMOVED SKU] Microsoft Windows Server 2025 Remote Desktop Service 50 Users CAL WW LTU	0	13566.00	-	0.00	-	No	12/02/2024	2026-08-24	REMOVED	13566.00	-$13566.00	-100.00%	2026-08-22: $13566.00 → 2026-08-24: $13566.00 (✕ REMOVED)
Software & Licenses	Server Management & Operating System Licenses	HPE OCA > DL380 Gen12 SFF > Software & Licenses > Server Management & Operating System Licenses	Discontinued Hardware	Unlimited	0	Unlimited	Selection constraint for Server Management & Operating System Licenses: no max	P77123-B21	Standard	[REMOVED SKU] Microsoft Windows Server 2025 Remote Desktop Service 50 Devices CAL WW LTU	0	9666.00	-	0.00	-	No	12/02/2024	2026-08-24	REMOVED	9666.00	-$9666.00	-100.00%	2026-08-22: $9666.00 → 2026-08-24: $9666.00 (✕ REMOVED)
Software & Licenses	Server Management & Operating System Licenses	HPE OCA > DL380 Gen12 SFF > Software & Licenses > Server Management & Operating System Licenses	Option Component	Unlimited	0	Unlimited	Selection constraint for Server Management & Operating System Licenses: no max	R1T30AAE	Service	HPE Serviceguard for Linux x86 Base 1yr Subscription 24x7 Support PSL E-LTU	0	1074.00		NA		No	03/04/2019	09/30/2028	UNCHANGED	1074.00	$0.00	0.00%	2026-08-22: $1074.00 → 2026-08-24: $3042019.00 (▲)
Software & Licenses	Server Management & Operating System Licenses	HPE OCA > DL380 Gen12 SFF > Software & Licenses > Server Management & Operating System Licenses	Option Component	Unlimited	0	Unlimited	Selection constraint for Server Management & Operating System Licenses: no max	R1T31AAE	Service	HPE Serviceguard for Linux x86 Advanced 1yr Subscription 24x7 Support PSL E-LTU	0	1511.00		NA		No	03/04/2019	09/30/2028	UNCHANGED	1511.00	$0.00	0.00%	2026-08-22: $1511.00 → 2026-08-24: $3042019.00 (▲)
Software & Licenses	Server Management & Operating System Licenses	HPE OCA > DL380 Gen12 SFF > Software & Licenses > Server Management & Operating System Licenses	Option Component	Unlimited	0	Unlimited	Selection constraint for Server Management & Operating System Licenses: no max	R1T32AAE	Service	HPE Serviceguard for Linux x86 Enterprise 1yr Subscription 24x7 Support PSL E-LTU	0	1984.00		NA		No	03/04/2019	09/30/2028	UNCHANGED	1984.00	$0.00	0.00%	2026-08-22: $1984.00 → 2026-08-24: $3042019.00 (▲)
Software & Licenses	Server Management & Operating System Licenses	HPE OCA > DL380 Gen12 SFF > Software & Licenses > Server Management & Operating System Licenses	Option Component	Unlimited	0	Unlimited	Selection constraint for Server Management & Operating System Licenses: no max	R1T36AAE	Service	HPE Serviceguard for Linux x86 Enterprise for SAP HANA 1yr Subscription 24x7 Support PSL E-LTU	0	1984.00		NA		No	03/04/2019	09/30/2028	UNCHANGED	1984.00	$0.00	0.00%	2026-08-22: $1984.00 → 2026-08-24: $3042019.00 (▲)
Software & Licenses	Server Management & Operating System Licenses	HPE OCA > DL380 Gen12 SFF > Software & Licenses > Server Management & Operating System Licenses	Option Component	Unlimited	0	Unlimited	Selection constraint for Server Management & Operating System Licenses: no max	R7P98AAE	Service	HPE Serviceguard for Linux x86 Premium for SAP HANA 1-year Subscription 24x7 Support PSL E-LTU	0	2630.00		NA		No	04/06/2021	09/30/2028	UNCHANGED	2630.00	$0.00	0.00%	2026-08-22: $2630.00 → 2026-08-24: $4062021.00 (▲)
Software & Licenses	Server Management & Operating System Licenses	HPE OCA > DL380 Gen12 SFF > Software & Licenses > Server Management & Operating System Licenses	Option Component	Unlimited	0	Unlimited	Selection constraint for Server Management & Operating System Licenses: no max	R8V45AAE	Service	HPE Serviceguard for Linux x86 Flex Storage Add-On 1yr Subscription 24x7 Support per Instance E-LTU	0	4725.00		NA		No	10/04/2021	09/30/2028	UNCHANGED	4725.00	$0.00	0.00%	2026-08-22: $4725.00 → 2026-08-24: $10042021.00 (▲)
Software & Licenses	Server Management & Operating System Licenses	HPE OCA > DL380 Gen12 SFF > Software & Licenses > Server Management & Operating System Licenses	Option Component	Unlimited	0	Unlimited	Selection constraint for Server Management & Operating System Licenses: no max	S0W12AAE	Service	HPE Serviceguard for Linux v15 High Availability E5 2 Cores or 4 vCPUs 1yr Subscription 24x7 E-LTU	0	69.00		NA		No	01/10/2023	09/30/2028	UNCHANGED	69.00	$0.00	0.00%	2026-08-22: $69.00 → 2026-08-24: $1102023.00 (▲)
Software & Licenses	Server Management & Operating System Licenses	HPE OCA > DL380 Gen12 SFF > Software & Licenses > Server Management & Operating System Licenses	Option Component	Unlimited	0	Unlimited	Selection constraint for Server Management & Operating System Licenses: no max	S0W14AAE	Service	HPE Serviceguard for Linux v15 High Availability E5 2 Cores or 4 vCPUs 5yr Subscription 24x7 E-LTU	0	276.00		NA		No	01/10/2023	12/27/2027	UNCHANGED	276.00	$0.00	0.00%	2026-08-22: $276.00 → 2026-08-24: $1102023.00 (▲)
Software & Licenses	Server Management & Operating System Licenses	HPE OCA > DL380 Gen12 SFF > Software & Licenses > Server Management & Operating System Licenses	Option Component	Unlimited	0	Unlimited	Selection constraint for Server Management & Operating System Licenses: no max	S0W15AAE	Service	HPE Serviceguard for Linux v15 HA and Disaster Recovery E7 2 Cores or 4 vCPUs 1y Sub 24x7 E-LTU	0	124.00		NA		No	01/10/2023	09/30/2028	UNCHANGED	124.00	$0.00	0.00%	2026-08-22: $124.00 → 2026-08-24: $1102023.00 (▲)
Software & Licenses	Server Management & Operating System Licenses	HPE OCA > DL380 Gen12 SFF > Software & Licenses > Server Management & Operating System Licenses	Option Component	Unlimited	0	Unlimited	Selection constraint for Server Management & Operating System Licenses: no max	S0W17AAE	Service	HPE Serviceguard for Linux v15 HA and Disaster Recovery E7 2 Cores or 4 vCPUs 5y Sub 24x7 E-LTU	0	496.00		NA		No	01/10/2023	12/27/2027	UNCHANGED	496.00	$0.00	0.00%	2026-08-22: $496.00 → 2026-08-24: $1102023.00 (▲)
Software & Licenses	Server Management & Operating System Licenses	HPE OCA > DL380 Gen12 SFF > Software & Licenses > Server Management & Operating System Licenses	Option Component	Unlimited	0	Unlimited	Selection constraint for Server Management & Operating System Licenses: no max	S0W18AAE	Service	HPE Serviceguard for Linux v15 SAP Add-on 2 Cores or 4 vCPUs 1-year Subscription 24x7 E-LTU	0	42.00		NA		No	01/10/2023	09/30/2028	UNCHANGED	42.00	$0.00	0.00%	2026-08-22: $42.00 → 2026-08-24: $1102023.00 (▲)
Software & Licenses	Server Management & Operating System Licenses	HPE OCA > DL380 Gen12 SFF > Software & Licenses > Server Management & Operating System Licenses	Option Component	Unlimited	0	Unlimited	Selection constraint for Server Management & Operating System Licenses: no max	S0W20AAE	Service	HPE Serviceguard for Linux v15 SAP Add-on 2 Cores or 4 vCPUs 5-year Subscription 24x7 E-LTU	0	168.00		NA		No	01/10/2023	12/27/2027	UNCHANGED	168.00	$0.00	0.00%	2026-08-22: $168.00 → 2026-08-24: $1102023.00 (▲)
Software & Licenses	Server Management & Operating System Licenses	HPE OCA > DL380 Gen12 SFF > Software & Licenses > Server Management & Operating System Licenses	Option Component	Unlimited	0	Unlimited	Selection constraint for Server Management & Operating System Licenses: no max	S0W21AAE	Service	HPE Serviceguard for Linux v15 Oracle Add-on 2 Cores or 4 vCPUs 1-year Subscription 24x7 E-LTU	0	150.00		NA		No	01/10/2023	09/30/2028	UNCHANGED	150.00	$0.00	0.00%	2026-08-22: $150.00 → 2026-08-24: $1102023.00 (▲)
Software & Licenses	Server Management & Operating System Licenses	HPE OCA > DL380 Gen12 SFF > Software & Licenses > Server Management & Operating System Licenses	Option Component	Unlimited	0	Unlimited	Selection constraint for Server Management & Operating System Licenses: no max	S0W23AAE	Service	HPE Serviceguard for Linux v15 Oracle Add-on 2 Cores or 4 vCPUs 5-year Subscription 24x7 E-LTU	0	600.00		NA		No	01/10/2023	12/27/2027	UNCHANGED	600.00	$0.00	0.00%	2026-08-22: $600.00 → 2026-08-24: $1102023.00 (▲)
Software & Licenses	Server Management & Operating System Licenses	HPE OCA > DL380 Gen12 SFF > Software & Licenses > Server Management & Operating System Licenses	Option Component	Unlimited	0	Unlimited	Selection constraint for Server Management & Operating System Licenses: no max	S0W24AAE	Service	HPE Serviceguard for Linux v15 Microsoft SQL Server Add-on 2 Cores or 4 vCPUs 1y Sub 24x7 E-LTU	0	57.00		NA		No	01/10/2023	09/30/2028	UNCHANGED	57.00	$0.00	0.00%	2026-08-22: $57.00 → 2026-08-24: $1102023.00 (▲)
Software & Licenses	Server Management & Operating System Licenses	HPE OCA > DL380 Gen12 SFF > Software & Licenses > Server Management & Operating System Licenses	Option Component	Unlimited	0	Unlimited	Selection constraint for Server Management & Operating System Licenses: no max	S0W26AAE	Service	HPE Serviceguard for Linux v15 Microsoft SQL Server Add-on 2 Cores or 4 vCPUs 5y Sub 24x7 E-LTU	0	228.00		NA		No	01/10/2023	12/27/2027	UNCHANGED	228.00	$0.00	0.00%	2026-08-22: $228.00 → 2026-08-24: $1102023.00 (▲)
Software & Licenses	Server Management & Operating System Licenses	HPE OCA > DL380 Gen12 SFF > Software & Licenses > Server Management & Operating System Licenses	Option Component	Unlimited	0	Unlimited	Selection constraint for Server Management & Operating System Licenses: no max	S0W27AAE	Service	HPE Serviceguard for Linux v15 NFS Add-on 2 Cores or 4 vCPUs 1-year Subscription 24x7 E-LTU	0	25.00		NA		No	01/10/2023	09/30/2028	UNCHANGED	25.00	$0.00	0.00%	2026-08-22: $25.00 → 2026-08-24: $1102023.00 (▲)
Software & Licenses	Server Management & Operating System Licenses	HPE OCA > DL380 Gen12 SFF > Software & Licenses > Server Management & Operating System Licenses	Option Component	Unlimited	0	Unlimited	Selection constraint for Server Management & Operating System Licenses: no max	S0W29AAE	Service	HPE Serviceguard for Linux v15 NFS Add-on 2 Cores or 4 vCPUs 5-year Subscription 24x7 E-LTU	0	100.00		NA		No	01/10/2023	12/27/2027	UNCHANGED	100.00	$0.00	0.00%	2026-08-22: $100.00 → 2026-08-24: $1102023.00 (▲)
Software & Licenses	Server Management & Operating System Licenses	HPE OCA > DL380 Gen12 SFF > Software & Licenses > Server Management & Operating System Licenses	Option Component	Unlimited	0	Unlimited	Selection constraint for Server Management & Operating System Licenses: no max	S1D73AAE	Service	NVIDIA UFM Enterprise with Business Standard per HCA 1-year Subscription E-LTU	0	289.00		NA		No	02/06/2023	11/30/2027	UNCHANGED	289.00	$0.00	0.00%	2026-08-22: $289.00 → 2026-08-24: $2062023.00 (▲)
Software & Licenses	Server Management & Operating System Licenses	HPE OCA > DL380 Gen12 SFF > Software & Licenses > Server Management & Operating System Licenses	Option Component	Unlimited	0	Unlimited	Selection constraint for Server Management & Operating System Licenses: no max	S1D74AAE	Service	NVIDIA UFM Enterprise with Business Standard per HCA 3-year Subscription E-LTU	0	824.00		NA		No	02/06/2023	11/30/2027	UNCHANGED	824.00	$0.00	0.00%	2026-08-22: $824.00 → 2026-08-24: $2062023.00 (▲)
Software & Licenses	Server Management & Operating System Licenses	HPE OCA > DL380 Gen12 SFF > Software & Licenses > Server Management & Operating System Licenses	Option Component	Unlimited	0	Unlimited	Selection constraint for Server Management & Operating System Licenses: no max	S1D75AAE	Service	NVIDIA UFM Enterprise with Business Standard per HCA 5-year Subscription E-LTU	0	1287.00		NA		No	02/06/2023	11/30/2027	UNCHANGED	1287.00	$0.00	0.00%	2026-08-22: $1287.00 → 2026-08-24: $2062023.00 (▲)
Software & Licenses	Server Management & Operating System Licenses	HPE OCA > DL380 Gen12 SFF > Software & Licenses > Server Management & Operating System Licenses	Option Component	Unlimited	0	Unlimited	Selection constraint for Server Management & Operating System Licenses: no max	R3Q35AAE	Service	NVIDIA RTX Virtual Workstation 1 Concurrent User 1-year Subscription E-LTU	0	305.00		NA		No	06/01/2020	10/31/2027	UNCHANGED	305.00	$0.00	0.00%	2026-08-22: $305.00 → 2026-08-24: $6012020.00 (▲)
Software & Licenses	Server Management & Operating System Licenses	HPE OCA > DL380 Gen12 SFF > Software & Licenses > Server Management & Operating System Licenses	Option Component	Unlimited	0	Unlimited	Selection constraint for Server Management & Operating System Licenses: no max	R3Q37AAE	Service	NVIDIA RTX Virtual Workstation 1 Concurrent User 3-year Subscription E-LTU	0	867.00		NA		No	06/01/2020	10/31/2027	UNCHANGED	867.00	$0.00	0.00%	2026-08-22: $867.00 → 2026-08-24: $6012020.00 (▲)
Software & Licenses	Server Management & Operating System Licenses	HPE OCA > DL380 Gen12 SFF > Software & Licenses > Server Management & Operating System Licenses	Option Component	Unlimited	0	Unlimited	Selection constraint for Server Management & Operating System Licenses: no max	R3Q38AAE	Service	NVIDIA RTX Virtual Workstation 1 Concurrent User 4-year Subscription E-LTU	0	1149.00		NA		No	06/01/2020	10/31/2027	UNCHANGED	1149.00	$0.00	0.00%	2026-08-22: $1149.00 → 2026-08-24: $6012020.00 (▲)
Software & Licenses	Server Management & Operating System Licenses	HPE OCA > DL380 Gen12 SFF > Software & Licenses > Server Management & Operating System Licenses	Option Component	Unlimited	0	Unlimited	Selection constraint for Server Management & Operating System Licenses: no max	R3Q39AAE	Service	NVIDIA RTX Virtual Workstation 1 Concurrent User 5-year Subscription E-LTU	0	1429.00		NA		No	06/01/2020	10/31/2027	UNCHANGED	1429.00	$0.00	0.00%	2026-08-22: $1429.00 → 2026-08-24: $6012020.00 (▲)
Software & Licenses	Server Management & Operating System Licenses	HPE OCA > DL380 Gen12 SFF > Software & Licenses > Server Management & Operating System Licenses	Option Component	Unlimited	0	Unlimited	Selection constraint for Server Management & Operating System Licenses: no max	R3Q40AAE	Service	NVIDIA RTX Virtual Workstation 1 Concurrent User Education 1-year Subscription Renewal E-LTU	0	96.00		NA		No	06/01/2020	10/31/2027	UNCHANGED	96.00	$0.00	0.00%	2026-08-22: $96.00 → 2026-08-24: $6012020.00 (▲)
Software & Licenses	Server Management & Operating System Licenses	HPE OCA > DL380 Gen12 SFF > Software & Licenses > Server Management & Operating System Licenses	Option Component	Unlimited	0	Unlimited	Selection constraint for Server Management & Operating System Licenses: no max	R3Q42AAE	Service	NVIDIA RTX Virtual Workstation 1 Concurrent User Education 3-year Subscription Renewal E-LTU	0	241.00		NA		No	06/01/2020	10/31/2027	UNCHANGED	241.00	$0.00	0.00%	2026-08-22: $241.00 → 2026-08-24: $6012020.00 (▲)
Software & Licenses	Server Management & Operating System Licenses	HPE OCA > DL380 Gen12 SFF > Software & Licenses > Server Management & Operating System Licenses	Option Component	Unlimited	0	Unlimited	Selection constraint for Server Management & Operating System Licenses: no max	R3Q44AAE	Service	NVIDIA Virtual Applications 1 Concurrent User 1-year Subscription E-LTU	0	37.00		NA		No	06/01/2020	10/31/2027	UNCHANGED	37.00	$0.00	0.00%	2026-08-22: $37.00 → 2026-08-24: $6012020.00 (▲)
Software & Licenses	Server Management & Operating System Licenses	HPE OCA > DL380 Gen12 SFF > Software & Licenses > Server Management & Operating System Licenses	Option Component	Unlimited	0	Unlimited	Selection constraint for Server Management & Operating System Licenses: no max	R3Q46AAE	Service	NVIDIA Virtual Applications 1 Concurrent User 3-year Subscription E-LTU	0	63.00		NA		No	06/01/2020	10/31/2027	UNCHANGED	63.00	$0.00	0.00%	2026-08-22: $63.00 → 2026-08-24: $6012020.00 (▲)
Software & Licenses	Server Management & Operating System Licenses	HPE OCA > DL380 Gen12 SFF > Software & Licenses > Server Management & Operating System Licenses	Option Component	Unlimited	0	Unlimited	Selection constraint for Server Management & Operating System Licenses: no max	R3Q47AAE	Service	NVIDIA Virtual Applications 1 Concurrent User 4-year Subscription E-LTU	0	75.00		NA		No	06/01/2020	10/31/2027	UNCHANGED	75.00	$0.00	0.00%	2026-08-22: $75.00 → 2026-08-24: $6012020.00 (▲)
Software & Licenses	Server Management & Operating System Licenses	HPE OCA > DL380 Gen12 SFF > Software & Licenses > Server Management & Operating System Licenses	Option Component	Unlimited	0	Unlimited	Selection constraint for Server Management & Operating System Licenses: no max	R3Q48AAE	Service	NVIDIA Virtual Applications 1 Concurrent User 5-year Subscription E-LTU	0	89.00		NA		No	06/01/2020	10/31/2027	UNCHANGED	89.00	$0.00	0.00%	2026-08-22: $89.00 → 2026-08-24: $6012020.00 (▲)
Software & Licenses	Server Management & Operating System Licenses	HPE OCA > DL380 Gen12 SFF > Software & Licenses > Server Management & Operating System Licenses	Option Component	Unlimited	0	Unlimited	Selection constraint for Server Management & Operating System Licenses: no max	R3Q49AAE	Service	NVIDIA Virtual PC 1 Concurrent User 1-year Subscription E-LTU	0	89.00		NA		No	06/01/2020	10/31/2027	UNCHANGED	89.00	$0.00	0.00%	2026-08-22: $89.00 → 2026-08-24: $6012020.00 (▲)
Software & Licenses	Server Management & Operating System Licenses	HPE OCA > DL380 Gen12 SFF > Software & Licenses > Server Management & Operating System Licenses	Option Component	Unlimited	0	Unlimited	Selection constraint for Server Management & Operating System Licenses: no max	R3Q51AAE	Service	NVIDIA Virtual PC 1 Concurrent User 3-year Subscription E-LTU	0	213.00		NA		No	06/01/2020	10/31/2027	UNCHANGED	213.00	$0.00	0.00%	2026-08-22: $213.00 → 2026-08-24: $6012020.00 (▲)
Software & Licenses	Server Management & Operating System Licenses	HPE OCA > DL380 Gen12 SFF > Software & Licenses > Server Management & Operating System Licenses	Option Component	Unlimited	0	Unlimited	Selection constraint for Server Management & Operating System Licenses: no max	R3Q52AAE	Service	NVIDIA Virtual PC 1 Concurrent User 4-year Subscription E-LTU	0	242.00		NA		No	06/01/2020	10/31/2027	UNCHANGED	242.00	$0.00	0.00%	2026-08-22: $242.00 → 2026-08-24: $6012020.00 (▲)
Software & Licenses	Server Management & Operating System Licenses	HPE OCA > DL380 Gen12 SFF > Software & Licenses > Server Management & Operating System Licenses	Option Component	Unlimited	0	Unlimited	Selection constraint for Server Management & Operating System Licenses: no max	R3Q53AAE	Service	NVIDIA Virtual PC 1 Concurrent User 5-year Subscription E-LTU	0	274.00		NA		No	06/01/2020	10/31/2027	UNCHANGED	274.00	$0.00	0.00%	2026-08-22: $274.00 → 2026-08-24: $6012020.00 (▲)
Software & Licenses	Server Management & Operating System Licenses	HPE OCA > DL380 Gen12 SFF > Software & Licenses > Server Management & Operating System Licenses	Option Component	Unlimited	0	Unlimited	Selection constraint for Server Management & Operating System Licenses: no max	R3Q63AAE	Service	NVIDIA RTX Virtual Workstation SUMS 1 Concurrent User 1-year Subscription Renewal E-LTU	0	184.00		NA		No	06/01/2020	10/31/2027	UNCHANGED	184.00	$0.00	0.00%	2026-08-22: $184.00 → 2026-08-24: $6012020.00 (▲)
Software & Licenses	Server Management & Operating System Licenses	HPE OCA > DL380 Gen12 SFF > Software & Licenses > Server Management & Operating System Licenses	Option Component	Unlimited	0	Unlimited	Selection constraint for Server Management & Operating System Licenses: no max	R3Q67AAE	Service	NVIDIA RTX Virtual Workstation SUMS 1 Concurrent User 5-year Subscription E-LTU	0	647.00		NA		No	06/01/2020	10/31/2027	UNCHANGED	647.00	$0.00	0.00%	2026-08-22: $647.00 → 2026-08-24: $6012020.00 (▲)
Software & Licenses	Server Management & Operating System Licenses	HPE OCA > DL380 Gen12 SFF > Software & Licenses > Server Management & Operating System Licenses	Option Component	Unlimited	0	Unlimited	Selection constraint for Server Management & Operating System Licenses: no max	R3Q68AAE	Service	NVIDIA RTX Virtual Workstation SUMS 1 Concurrent User Education 1-year Subscription Renewal E-LTU	0	64.00		NA		No	06/01/2020	10/31/2027	UNCHANGED	64.00	$0.00	0.00%	2026-08-22: $64.00 → 2026-08-24: $6012020.00 (▲)
Software & Licenses	Server Management & Operating System Licenses	HPE OCA > DL380 Gen12 SFF > Software & Licenses > Server Management & Operating System Licenses	Option Component	Unlimited	0	Unlimited	Selection constraint for Server Management & Operating System Licenses: no max	R3Q72AAE	Service	NVIDIA RTX Virtual Workstation SUMS 1 Concurrent User Education 5-year Subscription E-LTU	0	180.00		NA		No	06/01/2020	10/31/2027	UNCHANGED	180.00	$0.00	0.00%	2026-08-22: $180.00 → 2026-08-24: $6012020.00 (▲)
Software & Licenses	Server Management & Operating System Licenses	HPE OCA > DL380 Gen12 SFF > Software & Licenses > Server Management & Operating System Licenses	Option Component	Unlimited	0	Unlimited	Selection constraint for Server Management & Operating System Licenses: no max	R3Q73AAE	Service	NVIDIA Virtual Applications SUMS 1 Concurrent User 1-year Subscription Renewal E-LTU	0	35.00		NA		No	06/01/2020	10/31/2027	UNCHANGED	35.00	$0.00	0.00%	2026-08-22: $35.00 → 2026-08-24: $6012020.00 (▲)
Software & Licenses	Server Management & Operating System Licenses	HPE OCA > DL380 Gen12 SFF > Software & Licenses > Server Management & Operating System Licenses	Option Component	Unlimited	0	Unlimited	Selection constraint for Server Management & Operating System Licenses: no max	R3Q77AAE	Service	NVIDIA Virtual Applications SUMS 1 Concurrent User 5-year Subscription E-LTU	0	61.00		NA		No	06/01/2020	10/31/2027	UNCHANGED	61.00	$0.00	0.00%	2026-08-22: $61.00 → 2026-08-24: $6012020.00 (▲)
Software & Licenses	Server Management & Operating System Licenses	HPE OCA > DL380 Gen12 SFF > Software & Licenses > Server Management & Operating System Licenses	Option Component	Unlimited	0	Unlimited	Selection constraint for Server Management & Operating System Licenses: no max	R3Q79AAE	Service	NVIDIA Virtual PC 1 Concurrent User 1-year Subscription Renewal E-LTU	0	106.00		NA		No	06/01/2020	10/31/2027	UNCHANGED	106.00	$0.00	0.00%	2026-08-22: $106.00 → 2026-08-24: $6012020.00 (▲)
Software & Licenses	Server Management & Operating System Licenses	HPE OCA > DL380 Gen12 SFF > Software & Licenses > Server Management & Operating System Licenses	Option Component	Unlimited	0	Unlimited	Selection constraint for Server Management & Operating System Licenses: no max	R3Q81AAE	Service	NVIDIA Virtual PC 1 Concurrent User 3-year Subscription Renewal E-LTU	0	266.00		NA		No	06/01/2020	10/31/2027	UNCHANGED	266.00	$0.00	0.00%	2026-08-22: $266.00 → 2026-08-24: $6012020.00 (▲)
Software & Licenses	Server Management & Operating System Licenses	HPE OCA > DL380 Gen12 SFF > Software & Licenses > Server Management & Operating System Licenses	Option Component	Unlimited	0	Unlimited	Selection constraint for Server Management & Operating System Licenses: no max	R3Q93AAE	Service	NVIDIA RTX Virtual Workstation 1 Concurrent User Perpetual E-LTU	0	530.00		NA		No	06/01/2020	10/31/2027	UNCHANGED	530.00	$0.00	0.00%	2026-08-22: $530.00 → 2026-08-24: $6012020.00 (▲)
Software & Licenses	Server Management & Operating System Licenses	HPE OCA > DL380 Gen12 SFF > Software & Licenses > Server Management & Operating System Licenses	Option Component	Unlimited	0	Unlimited	Selection constraint for Server Management & Operating System Licenses: no max	R3Q94AAE	Service	NVIDIA RTX Virtual Workstation 1 Concurrent User Education Perpetual E-LTU	0	134.00		NA		No	06/01/2020	10/31/2027	UNCHANGED	134.00	$0.00	0.00%	2026-08-22: $134.00 → 2026-08-24: $6012020.00 (▲)
Software & Licenses	Server Management & Operating System Licenses	HPE OCA > DL380 Gen12 SFF > Software & Licenses > Server Management & Operating System Licenses	Option Component	Unlimited	0	Unlimited	Selection constraint for Server Management & Operating System Licenses: no max	R3Q95AAE	Service	NVIDIA RTX Virtual Workstation 1 Concurrent User 1-year Subscription Renewal E-LTU	0	385.00		NA		No	06/01/2020	10/31/2027	UNCHANGED	385.00	$0.00	0.00%	2026-08-22: $385.00 → 2026-08-24: $6012020.00 (▲)
Software & Licenses	Server Management & Operating System Licenses	HPE OCA > DL380 Gen12 SFF > Software & Licenses > Server Management & Operating System Licenses	Option Component	Unlimited	0	Unlimited	Selection constraint for Server Management & Operating System Licenses: no max	R3R01AAE	Service	NVIDIA Virtual Applications 1 Concurrent User Perpetual E-LTU	0	51.00		NA		No	06/01/2020	10/31/2027	UNCHANGED	51.00	$0.00	0.00%	2026-08-22: $51.00 → 2026-08-24: $6012020.00 (▲)
Software & Licenses	Server Management & Operating System Licenses	HPE OCA > DL380 Gen12 SFF > Software & Licenses > Server Management & Operating System Licenses	Option Component	Unlimited	0	Unlimited	Selection constraint for Server Management & Operating System Licenses: no max	R3R02AAE	Service	NVIDIA Virtual Applications 1 Concurrent User 1-year Subscription Renewal E-LTU	0	41.00		NA		No	06/01/2020	10/31/2027	UNCHANGED	41.00	$0.00	0.00%	2026-08-22: $41.00 → 2026-08-24: $6012020.00 (▲)
Software & Licenses	Server Management & Operating System Licenses	HPE OCA > DL380 Gen12 SFF > Software & Licenses > Server Management & Operating System Licenses	Option Component	Unlimited	0	Unlimited	Selection constraint for Server Management & Operating System Licenses: no max	R3R03AAE	Service	NVIDIA Virtual Applications 1 Concurrent User 3-year Subscription Renewal E-LTU	0	73.00		NA		No	06/01/2020	10/31/2027	UNCHANGED	73.00	$0.00	0.00%	2026-08-22: $73.00 → 2026-08-24: $6012020.00 (▲)
Software & Licenses	Server Management & Operating System Licenses	HPE OCA > DL380 Gen12 SFF > Software & Licenses > Server Management & Operating System Licenses	Option Component	Unlimited	0	Unlimited	Selection constraint for Server Management & Operating System Licenses: no max	R3R06AAE	Service	NVIDIA Virtual PC 1 Concurrent User Perpetual E-LTU	0	150.00		NA		No	06/01/2020	10/31/2027	UNCHANGED	150.00	$0.00	0.00%	2026-08-22: $150.00 → 2026-08-24: $6012020.00 (▲)
Software & Licenses	Server Management & Operating System Licenses	HPE OCA > DL380 Gen12 SFF > Software & Licenses > Server Management & Operating System Licenses	Option Component	Unlimited	0	Unlimited	Selection constraint for Server Management & Operating System Licenses: no max	R3R07AAE	Service	NVIDIA Virtual PC SUMS 1 Concurrent User 1-year Subscription Renewal E-LTU	0	71.00		NA		No	06/01/2020	10/31/2027	UNCHANGED	71.00	$0.00	0.00%	2026-08-22: $71.00 → 2026-08-24: $6012020.00 (▲)
Software & Licenses	Server Management & Operating System Licenses	HPE OCA > DL380 Gen12 SFF > Software & Licenses > Server Management & Operating System Licenses	Option Component	Unlimited	0	Unlimited	Selection constraint for Server Management & Operating System Licenses: no max	R3R12AAE	Service	NVIDIA RTX Virtual Workstation 1 Concurrent User 3-year Subscription Renewal E-LTU	0	1108.00		NA		No	06/01/2020	10/31/2027	UNCHANGED	1108.00	$0.00	0.00%	2026-08-22: $1108.00 → 2026-08-24: $6012020.00 (▲)
Software & Licenses	Server Management & Operating System Licenses	HPE OCA > DL380 Gen12 SFF > Software & Licenses > Server Management & Operating System Licenses	Option Component	Unlimited	0	Unlimited	Selection constraint for Server Management & Operating System Licenses: no max	R3R21AAE	Service	NVIDIA Virtual PC SUMS 1 Concurrent User 5-year Subscription E-LTU	0	199.00		NA		No	06/01/2020	10/31/2027	UNCHANGED	199.00	$0.00	0.00%	2026-08-22: $199.00 → 2026-08-24: $6012020.00 (▲)
Software & Licenses	Server Management & Operating System Licenses	HPE OCA > DL380 Gen12 SFF > Software & Licenses > Server Management & Operating System Licenses	Option Component	Unlimited	0	Unlimited	Selection constraint for Server Management & Operating System Licenses: no max	R3R26AAE	Service	NVIDIA RTX Virtual Workstation 1 Concurrent User Education 1-year Subscription E-LTU	0	86.00		NA		No	06/01/2020	10/31/2027	UNCHANGED	86.00	$0.00	0.00%	2026-08-22: $86.00 → 2026-08-24: $6012020.00 (▲)
Software & Licenses	Server Management & Operating System Licenses	HPE OCA > DL380 Gen12 SFF > Software & Licenses > Server Management & Operating System Licenses	Option Component	Unlimited	0	Unlimited	Selection constraint for Server Management & Operating System Licenses: no max	R3R27AAE	Service	NVIDIA RTX Virtual Workstation 1 Concurrent User Education 3-year Subscription E-LTU	0	210.00		NA		No	06/01/2020	10/31/2027	UNCHANGED	210.00	$0.00	0.00%	2026-08-22: $210.00 → 2026-08-24: $6012020.00 (▲)
Software & Licenses	Server Management & Operating System Licenses	HPE OCA > DL380 Gen12 SFF > Software & Licenses > Server Management & Operating System Licenses	Option Component	Unlimited	0	Unlimited	Selection constraint for Server Management & Operating System Licenses: no max	S2S16AAE	Service	NVIDIA AI Enterprise per GPU 1-year Subscription 9x5 Support E-LTU	0	5252.00		NA		No	10/02/2023	10/31/2028	UNCHANGED	5252.00	$0.00	0.00%	2026-08-22: $5252.00 → 2026-08-24: $10022023.00 (▲)
Software & Licenses	Server Management & Operating System Licenses	HPE OCA > DL380 Gen12 SFF > Software & Licenses > Server Management & Operating System Licenses	Option Component	Unlimited	0	Unlimited	Selection constraint for Server Management & Operating System Licenses: no max	S2S17AAE	Service	NVIDIA AI Enterprise per GPU 3-year Subscription 9x5 Support E-LTU	0	15755.00		NA		No	10/02/2023	10/31/2028	UNCHANGED	15755.00	$0.00	0.00%	2026-08-22: $15755.00 → 2026-08-24: $10022023.00 (▲)
Software & Licenses	Server Management & Operating System Licenses	HPE OCA > DL380 Gen12 SFF > Software & Licenses > Server Management & Operating System Licenses	Option Component	Unlimited	0	Unlimited	Selection constraint for Server Management & Operating System Licenses: no max	S2S18AAE	Service	NVIDIA AI Enterprise per GPU 5-year Subscription 9x5 Support E-LTU	0	21006.00		NA		No	10/02/2023	10/31/2028	UNCHANGED	21006.00	$0.00	0.00%	2026-08-22: $21006.00 → 2026-08-24: $10022023.00 (▲)
Software & Licenses	Server Management & Operating System Licenses	HPE OCA > DL380 Gen12 SFF > Software & Licenses > Server Management & Operating System Licenses	Option Component	Unlimited	0	Unlimited	Selection constraint for Server Management & Operating System Licenses: no max	S2S19AAE	Service	NVIDIA AI Enterprise per GPU 1-year Subscription 9x5 Support Renewal E-LTU	0	5252.00		NA		No	11/06/2023	10/31/2028	UNCHANGED	5252.00	$0.00	0.00%	2026-08-22: $5252.00 → 2026-08-24: $11062023.00 (▲)
Software & Licenses	Server Management & Operating System Licenses	HPE OCA > DL380 Gen12 SFF > Software & Licenses > Server Management & Operating System Licenses	Option Component	Unlimited	0	Unlimited	Selection constraint for Server Management & Operating System Licenses: no max	S2S20AAE	Service	NVIDIA AI Enterprise per GPU 3-year Subscription 9x5 Support Renewal E-LTU	0	15755.00		NA		No	11/06/2023	10/31/2028	UNCHANGED	15755.00	$0.00	0.00%	2026-08-22: $15755.00 → 2026-08-24: $11062023.00 (▲)
Software & Licenses	Server Management & Operating System Licenses	HPE OCA > DL380 Gen12 SFF > Software & Licenses > Server Management & Operating System Licenses	Option Component	Unlimited	0	Unlimited	Selection constraint for Server Management & Operating System Licenses: no max	S2S21AAE	Service	NVIDIA AI Enterprise per GPU 5-year Subscription 9x5 Support Renewal E-LTU	0	26258.00		NA		No	11/06/2023	10/31/2028	UNCHANGED	26258.00	$0.00	0.00%	2026-08-22: $26258.00 → 2026-08-24: $11062023.00 (▲)
Software & Licenses	Server Management & Operating System Licenses	HPE OCA > DL380 Gen12 SFF > Software & Licenses > Server Management & Operating System Licenses	Option Component	Unlimited	0	Unlimited	Selection constraint for Server Management & Operating System Licenses: no max	S2S22AAE	Service	NVIDIA AI Enterprise Educational per GPU 1-year Subscription 9x5 Support E-LTU	0	1313.00		NA		No	10/02/2023	10/31/2028	UNCHANGED	1313.00	$0.00	0.00%	2026-08-22: $1313.00 → 2026-08-24: $10022023.00 (▲)
Software & Licenses	Server Management & Operating System Licenses	HPE OCA > DL380 Gen12 SFF > Software & Licenses > Server Management & Operating System Licenses	Option Component	Unlimited	0	Unlimited	Selection constraint for Server Management & Operating System Licenses: no max	S2S23AAE	Service	NVIDIA AI Enterprise Educational per GPU 3-year Subscription 9x5 Support E-LTU	0	3939.00		NA		No	10/02/2023	10/31/2028	UNCHANGED	3939.00	$0.00	0.00%	2026-08-22: $3939.00 → 2026-08-24: $10022023.00 (▲)
Software & Licenses	Server Management & Operating System Licenses	HPE OCA > DL380 Gen12 SFF > Software & Licenses > Server Management & Operating System Licenses	Option Component	Unlimited	0	Unlimited	Selection constraint for Server Management & Operating System Licenses: no max	S2S24AAE	Service	NVIDIA AI Enterprise Educational per GPU 5-year Subscription 9x5 Support E-LTU	0	5252.00		NA		No	10/02/2023	10/31/2028	UNCHANGED	5252.00	$0.00	0.00%	2026-08-22: $5252.00 → 2026-08-24: $10022023.00 (▲)
Software & Licenses	Server Management & Operating System Licenses	HPE OCA > DL380 Gen12 SFF > Software & Licenses > Server Management & Operating System Licenses	Option Component	Unlimited	0	Unlimited	Selection constraint for Server Management & Operating System Licenses: no max	S2S25AAE	Service	NVIDIA AI Enterprise Educational per GPU 1-year Subscription 9x5 Support Renewal E-LTU	0	1313.00		NA		No	11/06/2023	10/31/2028	UNCHANGED	1313.00	$0.00	0.00%	2026-08-22: $1313.00 → 2026-08-24: $11062023.00 (▲)
Software & Licenses	Server Management & Operating System Licenses	HPE OCA > DL380 Gen12 SFF > Software & Licenses > Server Management & Operating System Licenses	Option Component	Unlimited	0	Unlimited	Selection constraint for Server Management & Operating System Licenses: no max	S2S26AAE	Service	NVIDIA AI Enterprise Educational per GPU 3-year Subscription 9x5 Support Renewal E-LTU	0	3939.00		NA		No	11/06/2023	10/31/2028	UNCHANGED	3939.00	$0.00	0.00%	2026-08-22: $3939.00 → 2026-08-24: $11062023.00 (▲)
Software & Licenses	Server Management & Operating System Licenses	HPE OCA > DL380 Gen12 SFF > Software & Licenses > Server Management & Operating System Licenses	Option Component	Unlimited	0	Unlimited	Selection constraint for Server Management & Operating System Licenses: no max	S2S27AAE	Service	NVIDIA AI Enterprise Educational per GPU 5-year Subscription 9x5 Support Renewal E-LTU	0	6564.00		NA		No	11/06/2023	10/31/2028	UNCHANGED	6564.00	$0.00	0.00%	2026-08-22: $6564.00 → 2026-08-24: $11062023.00 (▲)
Software & Licenses	Server Management & Operating System Licenses	HPE OCA > DL380 Gen12 SFF > Software & Licenses > Server Management & Operating System Licenses	Option Component	Unlimited	0	Unlimited	Selection constraint for Server Management & Operating System Licenses: no max	S2S28AAE	Service	NVIDIA AI Enterprise per GPU 1-year 24x7 Support E-LTU	0	1284.00		NA		No	10/02/2023	10/31/2028	UNCHANGED	1284.00	$0.00	0.00%	2026-08-22: $1284.00 → 2026-08-24: $10022023.00 (▲)
Software & Licenses	Server Management & Operating System Licenses	HPE OCA > DL380 Gen12 SFF > Software & Licenses > Server Management & Operating System Licenses	Option Component	Unlimited	0	Unlimited	Selection constraint for Server Management & Operating System Licenses: no max	S2S29AAE	Service	NVIDIA AI Enterprise per GPU 3-year 24x7 Support E-LTU	0	3851.00		NA		No	10/02/2023	10/31/2028	UNCHANGED	3851.00	$0.00	0.00%	2026-08-22: $3851.00 → 2026-08-24: $10022023.00 (▲)
Software & Licenses	Server Management & Operating System Licenses	HPE OCA > DL380 Gen12 SFF > Software & Licenses > Server Management & Operating System Licenses	Option Component	Unlimited	0	Unlimited	Selection constraint for Server Management & Operating System Licenses: no max	S2S30AAE	Service	NVIDIA AI Enterprise per GPU 5-year 24x7 Support E-LTU	0	6419.00		NA		No	10/02/2023	10/31/2028	UNCHANGED	6419.00	$0.00	0.00%	2026-08-22: $6419.00 → 2026-08-24: $10022023.00 (▲)
Software & Licenses	Server Management & Operating System Licenses	HPE OCA > DL380 Gen12 SFF > Software & Licenses > Server Management & Operating System Licenses	Option Component	Unlimited	0	Unlimited	Selection constraint for Server Management & Operating System Licenses: no max	S2S31AAE	Service	NVIDIA AI Enterprise Educational per GPU 1-year 24x7 Support E-LTU	0	899.00		NA		No	10/02/2023	10/31/2028	UNCHANGED	899.00	$0.00	0.00%	2026-08-22: $899.00 → 2026-08-24: $10022023.00 (▲)
Software & Licenses	Server Management & Operating System Licenses	HPE OCA > DL380 Gen12 SFF > Software & Licenses > Server Management & Operating System Licenses	Option Component	Unlimited	0	Unlimited	Selection constraint for Server Management & Operating System Licenses: no max	S2S32AAE	Service	NVIDIA AI Enterprise Educational per GPU 3-year 24x7 Support E-LTU	0	2696.00		NA		No	10/02/2023	10/31/2028	UNCHANGED	2696.00	$0.00	0.00%	2026-08-22: $2696.00 → 2026-08-24: $10022023.00 (▲)
Software & Licenses	Server Management & Operating System Licenses	HPE OCA > DL380 Gen12 SFF > Software & Licenses > Server Management & Operating System Licenses	Option Component	Unlimited	0	Unlimited	Selection constraint for Server Management & Operating System Licenses: no max	S2S33AAE	Service	NVIDIA AI Enterprise Educational per GPU 5-year 24x7 Support E-LTU	0	4494.00		NA		No	10/02/2023	10/31/2028	UNCHANGED	4494.00	$0.00	0.00%	2026-08-22: $4494.00 → 2026-08-24: $10022023.00 (▲)
Software & Licenses	Server Management & Operating System Licenses	HPE OCA > DL380 Gen12 SFF > Software & Licenses > Server Management & Operating System Licenses	Option Component	Unlimited	0	Unlimited	Selection constraint for Server Management & Operating System Licenses: no max	S2S34AAE	Service	NVIDIA AI Enterprise per GPU 1-year 24x7 Support Renewal E-LTU	0	1284.00		NA		No	11/06/2023	10/31/2028	UNCHANGED	1284.00	$0.00	0.00%	2026-08-22: $1284.00 → 2026-08-24: $11062023.00 (▲)
Software & Licenses	Server Management & Operating System Licenses	HPE OCA > DL380 Gen12 SFF > Software & Licenses > Server Management & Operating System Licenses	Option Component	Unlimited	0	Unlimited	Selection constraint for Server Management & Operating System Licenses: no max	S2S35AAE	Service	NVIDIA AI Enterprise per GPU 3-year 24x7 Support Renewal E-LTU	0	3851.00		NA		No	11/06/2023	10/31/2028	UNCHANGED	3851.00	$0.00	0.00%	2026-08-22: $3851.00 → 2026-08-24: $11062023.00 (▲)
Software & Licenses	Server Management & Operating System Licenses	HPE OCA > DL380 Gen12 SFF > Software & Licenses > Server Management & Operating System Licenses	Option Component	Unlimited	0	Unlimited	Selection constraint for Server Management & Operating System Licenses: no max	S2S36AAE	Service	NVIDIA AI Enterprise per GPU 5-year 24x7 Support Renewal E-LTU	0	6419.00		NA		No	11/06/2023	10/31/2028	UNCHANGED	6419.00	$0.00	0.00%	2026-08-22: $6419.00 → 2026-08-24: $11062023.00 (▲)
Software & Licenses	Server Management & Operating System Licenses	HPE OCA > DL380 Gen12 SFF > Software & Licenses > Server Management & Operating System Licenses	Option Component	Unlimited	0	Unlimited	Selection constraint for Server Management & Operating System Licenses: no max	S2S37AAE	Service	NVIDIA AI Enterprise Educational per GPU 1-year 24x7 Support Renewal E-LTU	0	899.00		NA		No	11/06/2023	10/31/2028	UNCHANGED	899.00	$0.00	0.00%	2026-08-22: $899.00 → 2026-08-24: $11062023.00 (▲)
Software & Licenses	Server Management & Operating System Licenses	HPE OCA > DL380 Gen12 SFF > Software & Licenses > Server Management & Operating System Licenses	Option Component	Unlimited	0	Unlimited	Selection constraint for Server Management & Operating System Licenses: no max	S2S38AAE	Service	NVIDIA AI Enterprise Educational per GPU 3-year 24x7 Support Renewal E-LTU	0	2696.00		NA		No	11/06/2023	10/31/2028	UNCHANGED	2696.00	$0.00	0.00%	2026-08-22: $2696.00 → 2026-08-24: $11062023.00 (▲)
Software & Licenses	Server Management & Operating System Licenses	HPE OCA > DL380 Gen12 SFF > Software & Licenses > Server Management & Operating System Licenses	Option Component	Unlimited	0	Unlimited	Selection constraint for Server Management & Operating System Licenses: no max	S2S39AAE	Service	NVIDIA AI Enterprise Educational per GPU 5-year 24x7 Support Renewal E-LTU	0	4493.00		NA		No	11/06/2023	10/31/2028	UNCHANGED	4493.00	$0.00	0.00%	2026-08-22: $4493.00 → 2026-08-24: $11062023.00 (▲)
Software & Licenses	Server Management & Operating System Licenses	HPE OCA > DL380 Gen12 SFF > Software & Licenses > Server Management & Operating System Licenses	Option Component	Unlimited	0	Unlimited	Selection constraint for Server Management & Operating System Licenses: no max	S7K93AAE	Service	NVIDIA RTX PRO 6000 Blackwell Server Edition per GPU 3-year E-LTU	0	7884.00		NA		No	12/01/2025	04/29/2027	UNCHANGED	7884.00	$0.00	0.00%	2026-08-22: $7884.00 → 2026-08-24: $12012025.00 (▲)
Software & Licenses	Server Management & Operating System Licenses	HPE OCA > DL380 Gen12 SFF > Software & Licenses > Server Management & Operating System Licenses	Option Component	Unlimited	0	Unlimited	Selection constraint for Server Management & Operating System Licenses: no max	S7K94AAE	Service	NVIDIA RTX PRO 6000 Blackwell Server Edition per GPU 5-year E-LTU	0	10507.00		NA		No	12/01/2025	04/29/2027	UNCHANGED	10507.00	$0.00	0.00%	2026-08-22: $10507.00 → 2026-08-24: $12012025.00 (▲)
Software & Licenses	Server Management & Operating System Licenses	HPE OCA > DL380 Gen12 SFF > Software & Licenses > Server Management & Operating System Licenses	Option Component	Unlimited	0	Unlimited	Selection constraint for Server Management & Operating System Licenses: no max	R1P40AAE	Service	Red Hat Enterprise Linux for HPC Compute Node 1yr Subscription E-LTU	0	87.00		NA		No	12/03/2018	09/30/2028	UNCHANGED	87.00	$0.00	0.00%	2026-08-22: $87.00 → 2026-08-24: $12032018.00 (▲)
Software & Licenses	Server Management & Operating System Licenses	HPE OCA > DL380 Gen12 SFF > Software & Licenses > Server Management & Operating System Licenses	Option Component	Unlimited	0	Unlimited	Selection constraint for Server Management & Operating System Licenses: no max	R1P40A	Service	Red Hat Enterprise Linux for HPC Compute Node 1yr Subscription Flexible LTU	0	87.00		NA		No	12/03/2018	09/30/2028	UNCHANGED	87.00	$0.00	0.00%	2026-08-22: $87.00 → 2026-08-24: $12032018.00 (▲)
Software & Licenses	Server Management & Operating System Licenses	HPE OCA > DL380 Gen12 SFF > Software & Licenses > Server Management & Operating System Licenses	Option Component	Unlimited	0	Unlimited	Selection constraint for Server Management & Operating System Licenses: no max	R1P41AAE	Service	Red Hat Enterprise Linux for HPC Compute Node 3yr Subscription E-LTU	0	248.00		NA		No	12/03/2018	09/30/2028	UNCHANGED	248.00	$0.00	0.00%	2026-08-22: $248.00 → 2026-08-24: $12032018.00 (▲)
Software & Licenses	Server Management & Operating System Licenses	HPE OCA > DL380 Gen12 SFF > Software & Licenses > Server Management & Operating System Licenses	Option Component	Unlimited	0	Unlimited	Selection constraint for Server Management & Operating System Licenses: no max	R1P41A	Service	Red Hat Enterprise Linux for HPC Compute Node 3yr Subscription Flexible LTU	0	248.00		NA		No	12/03/2018	09/30/2028	UNCHANGED	248.00	$0.00	0.00%	2026-08-22: $248.00 → 2026-08-24: $12032018.00 (▲)
Software & Licenses	Server Management & Operating System Licenses	HPE OCA > DL380 Gen12 SFF > Software & Licenses > Server Management & Operating System Licenses	Option Component	Unlimited	0	Unlimited	Selection constraint for Server Management & Operating System Licenses: no max	R1P42AAE	Service	Red Hat Enterprise Linux for HPC Compute Node 5yr Subscription E-LTU	0	413.00		NA		No	12/03/2018	09/30/2028	UNCHANGED	413.00	$0.00	0.00%	2026-08-22: $413.00 → 2026-08-24: $12032018.00 (▲)
Software & Licenses	Server Management & Operating System Licenses	HPE OCA > DL380 Gen12 SFF > Software & Licenses > Server Management & Operating System Licenses	Option Component	Unlimited	0	Unlimited	Selection constraint for Server Management & Operating System Licenses: no max	R1P42A	Service	Red Hat Enterprise Linux for HPC Compute Node 5yr Subscription Flexible LTU	0	413.00		NA		No	12/03/2018	09/30/2028	UNCHANGED	413.00	$0.00	0.00%	2026-08-22: $413.00 → 2026-08-24: $12032018.00 (▲)
Software & Licenses	Server Management & Operating System Licenses	HPE OCA > DL380 Gen12 SFF > Software & Licenses > Server Management & Operating System Licenses	Option Component	Unlimited	0	Unlimited	Selection constraint for Server Management & Operating System Licenses: no max	R2Z51AAE	Service	Red Hat Enterprise Linux for HPC Compute Node with Smart Management 1yr E-LTU	0	138.00		NA		No	08/05/2019	09/30/2028	UNCHANGED	138.00	$0.00	0.00%	2026-08-22: $138.00 → 2026-08-24: $8052019.00 (▲)
Software & Licenses	Server Management & Operating System Licenses	HPE OCA > DL380 Gen12 SFF > Software & Licenses > Server Management & Operating System Licenses	Option Component	Unlimited	0	Unlimited	Selection constraint for Server Management & Operating System Licenses: no max	R2Z52AAE	Service	Red Hat Enterprise Linux for HPC Compute Node with Smart Management 3yr E-LTU	0	392.00		NA		No	08/05/2019	09/30/2028	UNCHANGED	392.00	$0.00	0.00%	2026-08-22: $392.00 → 2026-08-24: $8052019.00 (▲)
Software & Licenses	Server Management & Operating System Licenses	HPE OCA > DL380 Gen12 SFF > Software & Licenses > Server Management & Operating System Licenses	Option Component	Unlimited	0	Unlimited	Selection constraint for Server Management & Operating System Licenses: no max	R2Z53AAE	Service	Red Hat Enterprise Linux for HPC Compute Node with Smart Management 5yr E-LTU	0	653.00		NA		No	08/05/2019	09/30/2028	UNCHANGED	653.00	$0.00	0.00%	2026-08-22: $653.00 → 2026-08-24: $8052019.00 (▲)
Software & Licenses	Server Management & Operating System Licenses	HPE OCA > DL380 Gen12 SFF > Software & Licenses > Server Management & Operating System Licenses	Option Component	Unlimited	0	Unlimited	Selection constraint for Server Management & Operating System Licenses: no max	R1P34AAE	Service	Red Hat Enterprise Linux for HPC Head Node 1yr Subscription 24x7 Support E-LTU	0	2858.00		NA		No	12/03/2018	09/30/2028	UNCHANGED	2858.00	$0.00	0.00%	2026-08-22: $2858.00 → 2026-08-24: $12032018.00 (▲)
Software & Licenses	Server Management & Operating System Licenses	HPE OCA > DL380 Gen12 SFF > Software & Licenses > Server Management & Operating System Licenses	Option Component	Unlimited	0	Unlimited	Selection constraint for Server Management & Operating System Licenses: no max	R1P34A	Service	Red Hat Enterprise Linux for HPC Head Node 1yr Subscription 24x7 Support Flexible LTU	0	2858.00		NA		No	12/03/2018	09/30/2028	UNCHANGED	2858.00	$0.00	0.00%	2026-08-22: $2858.00 → 2026-08-24: $12032018.00 (▲)
Software & Licenses	Server Management & Operating System Licenses	HPE OCA > DL380 Gen12 SFF > Software & Licenses > Server Management & Operating System Licenses	Option Component	Unlimited	0	Unlimited	Selection constraint for Server Management & Operating System Licenses: no max	R1P37AAE	Service	Red Hat Enterprise Linux for HPC Head Node 1yr Subscription 9x5 Support E-LTU	0	1758.00		NA		No	12/03/2018	09/30/2028	UNCHANGED	1758.00	$0.00	0.00%	2026-08-22: $1758.00 → 2026-08-24: $12032018.00 (▲)
Software & Licenses	Server Management & Operating System Licenses	HPE OCA > DL380 Gen12 SFF > Software & Licenses > Server Management & Operating System Licenses	Option Component	Unlimited	0	Unlimited	Selection constraint for Server Management & Operating System Licenses: no max	R1P37A	Service	Red Hat Enterprise Linux for HPC Head Node 1yr Subscription 9x5 Support Flexible LTU	0	1758.00		NA		No	12/03/2018	09/30/2028	UNCHANGED	1758.00	$0.00	0.00%	2026-08-22: $1758.00 → 2026-08-24: $12032018.00 (▲)
Software & Licenses	Server Management & Operating System Licenses	HPE OCA > DL380 Gen12 SFF > Software & Licenses > Server Management & Operating System Licenses	Option Component	Unlimited	0	Unlimited	Selection constraint for Server Management & Operating System Licenses: no max	R1P35AAE	Service	Red Hat Enterprise Linux for HPC Head Node 3yr Subscription 24x7 Support E-LTU	0	8145.00		NA		No	12/03/2018	09/30/2028	UNCHANGED	8145.00	$0.00	0.00%	2026-08-22: $8145.00 → 2026-08-24: $12032018.00 (▲)
Software & Licenses	Server Management & Operating System Licenses	HPE OCA > DL380 Gen12 SFF > Software & Licenses > Server Management & Operating System Licenses	Option Component	Unlimited	0	Unlimited	Selection constraint for Server Management & Operating System Licenses: no max	R1P35A	Service	Red Hat Enterprise Linux for HPC Head Node 3yr Subscription 24x7 Support Flexible LTU	0	8145.00		NA		No	12/03/2018	09/30/2028	UNCHANGED	8145.00	$0.00	0.00%	2026-08-22: $8145.00 → 2026-08-24: $12032018.00 (▲)
Software & Licenses	Server Management & Operating System Licenses	HPE OCA > DL380 Gen12 SFF > Software & Licenses > Server Management & Operating System Licenses	Option Component	Unlimited	0	Unlimited	Selection constraint for Server Management & Operating System Licenses: no max	R1P38AAE	Service	Red Hat Enterprise Linux for HPC Head Node 3yr Subscription 9x5 Support E-LTU	0	5010.00		NA		No	12/03/2018	09/30/2028	UNCHANGED	5010.00	$0.00	0.00%	2026-08-22: $5010.00 → 2026-08-24: $12032018.00 (▲)
Software & Licenses	Server Management & Operating System Licenses	HPE OCA > DL380 Gen12 SFF > Software & Licenses > Server Management & Operating System Licenses	Option Component	Unlimited	0	Unlimited	Selection constraint for Server Management & Operating System Licenses: no max	R1P38A	Service	Red Hat Enterprise Linux for HPC Head Node 3yr Subscription 9x5 Support Flexible LTU	0	5010.00		NA		No	12/03/2018	09/30/2028	UNCHANGED	5010.00	$0.00	0.00%	2026-08-22: $5010.00 → 2026-08-24: $12032018.00 (▲)
Software & Licenses	Server Management & Operating System Licenses	HPE OCA > DL380 Gen12 SFF > Software & Licenses > Server Management & Operating System Licenses	Option Component	Unlimited	0	Unlimited	Selection constraint for Server Management & Operating System Licenses: no max	R1P36AAE	Service	Red Hat Enterprise Linux for HPC Head Node 5yr Subscription 24x7 Support E-LTU	0	13575.00		NA		No	12/03/2018	09/30/2028	UNCHANGED	13575.00	$0.00	0.00%	2026-08-22: $13575.00 → 2026-08-24: $12032018.00 (▲)
Software & Licenses	Server Management & Operating System Licenses	HPE OCA > DL380 Gen12 SFF > Software & Licenses > Server Management & Operating System Licenses	Option Component	Unlimited	0	Unlimited	Selection constraint for Server Management & Operating System Licenses: no max	R1P36A	Service	Red Hat Enterprise Linux for HPC Head Node 5yr Subscription 24x7 Support Flexible LTU	0	13575.00		NA		No	12/03/2018	09/30/2028	UNCHANGED	13575.00	$0.00	0.00%	2026-08-22: $13575.00 → 2026-08-24: $12032018.00 (▲)
Software & Licenses	Server Management & Operating System Licenses	HPE OCA > DL380 Gen12 SFF > Software & Licenses > Server Management & Operating System Licenses	Option Component	Unlimited	0	Unlimited	Selection constraint for Server Management & Operating System Licenses: no max	R1P39AAE	Service	Red Hat Enterprise Linux for HPC Head Node 5yr Subscription 9x5 Support E-LTU	0	8350.00		NA		No	12/03/2018	09/30/2028	UNCHANGED	8350.00	$0.00	0.00%	2026-08-22: $8350.00 → 2026-08-24: $12032018.00 (▲)
Software & Licenses	Server Management & Operating System Licenses	HPE OCA > DL380 Gen12 SFF > Software & Licenses > Server Management & Operating System Licenses	Option Component	Unlimited	0	Unlimited	Selection constraint for Server Management & Operating System Licenses: no max	R1P39A	Service	Red Hat Enterprise Linux for HPC Head Node 5yr Subscription 9x5 Support Flexible LTU	0	8350.00		NA		No	12/03/2018	09/30/2028	UNCHANGED	8350.00	$0.00	0.00%	2026-08-22: $8350.00 → 2026-08-24: $12032018.00 (▲)
Software & Licenses	Server Management & Operating System Licenses	HPE OCA > DL380 Gen12 SFF > Software & Licenses > Server Management & Operating System Licenses	Option Component	Unlimited	0	Unlimited	Selection constraint for Server Management & Operating System Licenses: no max	R2Z45AAE	Service	Red Hat Enterprise Linux for HPC Head Node with Smart Management 1yr 24x7 E-LTU	0	3243.00		NA		No	08/05/2019	09/30/2028	UNCHANGED	3243.00	$0.00	0.00%	2026-08-22: $3243.00 → 2026-08-24: $8052019.00 (▲)
Software & Licenses	Server Management & Operating System Licenses	HPE OCA > DL380 Gen12 SFF > Software & Licenses > Server Management & Operating System Licenses	Option Component	Unlimited	0	Unlimited	Selection constraint for Server Management & Operating System Licenses: no max	R2Z46AAE	Service	Red Hat Enterprise Linux for HPC Head Node with Smart Management 3yr 24x7 E-LTU	0	9242.00		NA		No	08/05/2019	09/30/2028	UNCHANGED	9242.00	$0.00	0.00%	2026-08-22: $9242.00 → 2026-08-24: $8052019.00 (▲)
Software & Licenses	Server Management & Operating System Licenses	HPE OCA > DL380 Gen12 SFF > Software & Licenses > Server Management & Operating System Licenses	Option Component	Unlimited	0	Unlimited	Selection constraint for Server Management & Operating System Licenses: no max	R2Z47AAE	Service	Red Hat Enterprise Linux for HPC Head Node with Smart Management 5yr 24x7 E-LTU	0	15403.00		NA		No	08/05/2019	09/30/2028	UNCHANGED	15403.00	$0.00	0.00%	2026-08-22: $15403.00 → 2026-08-24: $8052019.00 (▲)
Software & Licenses	Server Management & Operating System Licenses	HPE OCA > DL380 Gen12 SFF > Software & Licenses > Server Management & Operating System Licenses	Option Component	Unlimited	0	Unlimited	Selection constraint for Server Management & Operating System Licenses: no max	Q9S73AAE	Service	SUSE Linux Enterprise Server HPC 1-2 Sockets 1-year Subscription 9x5 Support E-LTU	0	108.00		NA		No	04/02/2018	09/30/2027	UNCHANGED	108.00	$0.00	0.00%	2026-08-22: $108.00 → 2026-08-24: $4022018.00 (▲)
Software & Licenses	Server Management & Operating System Licenses	HPE OCA > DL380 Gen12 SFF > Software & Licenses > Server Management & Operating System Licenses	Option Component	Unlimited	0	Unlimited	Selection constraint for Server Management & Operating System Licenses: no max	Q9S76AAE	Service	SUSE Linux Enterprise Server HPC 1-2 Sockets 1yr Subscription 24x7 Support E-LTU	0	151.00		NA		No	04/02/2018	09/30/2027	UNCHANGED	151.00	$0.00	0.00%	2026-08-22: $151.00 → 2026-08-24: $4022018.00 (▲)
Software & Licenses	Server Management & Operating System Licenses	HPE OCA > DL380 Gen12 SFF > Software & Licenses > Server Management & Operating System Licenses	Option Component	Unlimited	0	Unlimited	Selection constraint for Server Management & Operating System Licenses: no max	Q9S74AAE	Service	SUSE Linux Enterprise Server HPC 1-2 Sockets 3-year Subscription 9x5 Support E-LTU	0	292.00		NA		No	04/02/2018	09/30/2027	UNCHANGED	292.00	$0.00	0.00%	2026-08-22: $292.00 → 2026-08-24: $4022018.00 (▲)
Software & Licenses	Server Management & Operating System Licenses	HPE OCA > DL380 Gen12 SFF > Software & Licenses > Server Management & Operating System Licenses	Option Component	Unlimited	0	Unlimited	Selection constraint for Server Management & Operating System Licenses: no max	Q9S77AAE	Service	SUSE Linux Enterprise Server HPC 1-2 Sockets 3yr Subscription 24x7 Support E-LTU	0	408.00		NA		No	04/02/2018	09/30/2027	UNCHANGED	408.00	$0.00	0.00%	2026-08-22: $408.00 → 2026-08-24: $4022018.00 (▲)
Software & Licenses	Server Management & Operating System Licenses	HPE OCA > DL380 Gen12 SFF > Software & Licenses > Server Management & Operating System Licenses	Option Component	Unlimited	0	Unlimited	Selection constraint for Server Management & Operating System Licenses: no max	Q9S75AAE	Service	SUSE Linux Enterprise Server HPC 1-2 Sockets 5-year Subscription 9x5 Support E-LTU	0	486.00		NA		No	04/02/2018	09/30/2027	UNCHANGED	486.00	$0.00	0.00%	2026-08-22: $486.00 → 2026-08-24: $4022018.00 (▲)
Software & Licenses	Server Management & Operating System Licenses	HPE OCA > DL380 Gen12 SFF > Software & Licenses > Server Management & Operating System Licenses	Option Component	Unlimited	0	Unlimited	Selection constraint for Server Management & Operating System Licenses: no max	Q9S78AAE	Service	SUSE Linux Enterprise Server HPC 1-2 Sockets 5yr Subscription 24x7 Support E-LTU	0	680.00		NA		No	04/02/2018	09/30/2027	UNCHANGED	680.00	$0.00	0.00%	2026-08-22: $680.00 → 2026-08-24: $4022018.00 (▲)
Software & Licenses	Server Management & Operating System Licenses	HPE OCA > DL380 Gen12 SFF > Software & Licenses > Server Management & Operating System Licenses	Option Component	Unlimited	0	Unlimited	Selection constraint for Server Management & Operating System Licenses: no max	R7A11AAE	Service	HPE Compute Ops Management Standard 3-year Upfront ProLiant SaaS	0	450.00		NA		No	06/06/2022	02/29/2028	UNCHANGED	450.00	$0.00	0.00%	2026-08-22: $450.00 → 2026-08-24: $6062022.00 (▲)
Software & Licenses	Server Management & Operating System Licenses	HPE OCA > DL380 Gen12 SFF > Software & Licenses > Server Management & Operating System Licenses	Option Component	Unlimited	0	Unlimited	Selection constraint for Server Management & Operating System Licenses: no max	R7A12AAE	Service	HPE Compute Ops Management Standard 5-year Upfront ProLiant SaaS	1	750.00		750.00		No	06/06/2022	02/29/2028	UNCHANGED	750.00	$0.00	0.00%	2026-08-22: $750.00 → 2026-08-24: $6062022.00 (▲)
Software & Licenses	Server Management & Operating System Licenses	HPE OCA > DL380 Gen12 SFF > Software & Licenses > Server Management & Operating System Licenses	Option Component	Unlimited	0	Unlimited	Selection constraint for Server Management & Operating System Licenses: no max	S1A05A	Service	HPE Compute Cloud Management Server FIO Enablement	1	1.00		1.00		No	04/01/2024	02/29/2028	UNCHANGED	1.00	$0.00	0.00%	2026-08-22: $1.00 → 2026-08-24: $4012024.00 (▲)
Software & Licenses	Server Management & Operating System Licenses	HPE OCA > DL380 Gen12 SFF > Software & Licenses > Server Management & Operating System Licenses	Option Component	Unlimited	0	Unlimited	Selection constraint for Server Management & Operating System Licenses: no max	S2E10AAE	Service	HPE Compute Ops Management Standard 7-year Upfront ProLiant SaaS	0	1050.00		NA		No	09/03/2024	02/29/2028	UNCHANGED	1050.00	$0.00	0.00%	2026-08-22: $1050.00 → 2026-08-24: $9032024.00 (▲)
Software & Licenses	Server Management & Operating System Licenses	HPE OCA > DL380 Gen12 SFF > Software & Licenses > Server Management & Operating System Licenses	Option Component	Unlimited	0	Unlimited	Selection constraint for Server Management & Operating System Licenses: no max	S5E59AAE	Service	HPE Compute Ops Management Advanced 3-year Upfront ProLiant SaaS	0	919.08		NA		No	04/07/2025	02/29/2028	UNCHANGED	919.08	$0.00	0.00%	2026-08-22: $919.08 → 2026-08-24: $4072025.00 (▲)
Software & Licenses	Server Management & Operating System Licenses	HPE OCA > DL380 Gen12 SFF > Software & Licenses > Server Management & Operating System Licenses	Option Component	Unlimited	0	Unlimited	Selection constraint for Server Management & Operating System Licenses: no max	S5E60AAE	Service	HPE Compute Ops Management Advanced 5-year Upfront ProLiant SaaS	0	1531.80		NA		No	04/07/2025	02/29/2028	UNCHANGED	1531.80	$0.00	0.00%	2026-08-22: $1531.80 → 2026-08-24: $4072025.00 (▲)
Software & Licenses	Server Management & Operating System Licenses	HPE OCA > DL380 Gen12 SFF > Software & Licenses > Server Management & Operating System Licenses	Option Component	Unlimited	0	Unlimited	Selection constraint for Server Management & Operating System Licenses: no max	S5E61AAE	Service	HPE Compute Ops Management Advanced 7-year Upfront ProLiant SaaS	0	2144.52		NA		No	04/07/2025	02/29/2028	UNCHANGED	2144.52	$0.00	0.00%	2026-08-22: $2144.52 → 2026-08-24: $4072025.00 (▲)
Software & Licenses	Server Management & Operating System Licenses	HPE OCA > DL380 Gen12 SFF > Software & Licenses > Server Management & Operating System Licenses	Option Component	Unlimited	0	Unlimited	Selection constraint for Server Management & Operating System Licenses: no max	S2R34AAE	Service	HPE Compute Ops Management Standard with ProLiant Enablement	0	1.00		NA		No	11/06/2023	02/29/2028	UNCHANGED	1.00	$0.00	0.00%	2026-08-22: $1.00 → 2026-08-24: $11062023.00 (▲)
Software & Licenses	Server Management & Operating System Licenses	HPE OCA > DL380 Gen12 SFF > Software & Licenses > Server Management & Operating System Licenses	Option Component	Unlimited	0	Unlimited	Selection constraint for Server Management & Operating System Licenses: no max	S6C28AAE	Service	HPE Compute Ops Management Advanced Flex with ProLiant Enablement	0	0		NA		No	05/05/2025	06/30/2028	UNCHANGED	N/A	$0.00	0.00%	2026-08-22: (no price) → 2026-08-24: $5052025.00
Software & Licenses	Server Management & Operating System Licenses	HPE OCA > DL380 Gen12 SFF > Software & Licenses > Server Management & Operating System Licenses	Option Component	Unlimited	0	Unlimited	Selection constraint for Server Management & Operating System Licenses: no max	G5J66AAE	Service	Red Hat High Availability 2 Sockets Unlimited Guests 1 Year Subscription E-LTU	0	1506.00		NA		No	03/31/2014	09/30/2028	UNCHANGED	1506.00	$0.00	0.00%	2026-08-22: $1506.00 → 2026-08-24: (no price)
Software & Licenses	Server Management & Operating System Licenses	HPE OCA > DL380 Gen12 SFF > Software & Licenses > Server Management & Operating System Licenses	Option Component	Unlimited	0	Unlimited	Selection constraint for Server Management & Operating System Licenses: no max	S4T26A	Service	Red Hat High Availability 2 Sockets Unlimited Guests 1-year Subscription LTU	0	1506.00		NA		No	10/07/2024	11/07/2027	UNCHANGED	1506.00	$0.00	0.00%	2026-08-22: $1506.00 → 2026-08-24: $10072024.00 (▲)
Software & Licenses	Server Management & Operating System Licenses	HPE OCA > DL380 Gen12 SFF > Software & Licenses > Server Management & Operating System Licenses	Option Component	Unlimited	0	Unlimited	Selection constraint for Server Management & Operating System Licenses: no max	G5J67AAE	Service	Red Hat High Availability 2 Sockets Unlimited Guests 3 Year Subscription E-LTU	0	4519.00		NA		No	03/31/2014	09/30/2028	UNCHANGED	4519.00	$0.00	0.00%	2026-08-22: $4519.00 → 2026-08-24: $3312014.00 (▲)
Software & Licenses	Server Management & Operating System Licenses	HPE OCA > DL380 Gen12 SFF > Software & Licenses > Server Management & Operating System Licenses	Option Component	Unlimited	0	Unlimited	Selection constraint for Server Management & Operating System Licenses: no max	S4T27A	Service	Red Hat High Availability 2 Sockets Unlimited Guests 3-year Subscription LTU	0	4519.00		NA		No	10/07/2024	11/07/2027	UNCHANGED	4519.00	$0.00	0.00%	2026-08-22: $4519.00 → 2026-08-24: $10072024.00 (▲)
Software & Licenses	Server Management & Operating System Licenses	HPE OCA > DL380 Gen12 SFF > Software & Licenses > Server Management & Operating System Licenses	Option Component	Unlimited	0	Unlimited	Selection constraint for Server Management & Operating System Licenses: no max	G3J34AAE	Service	Red Hat High Availability 2 Sockets or 2 Guests 1 Year Subscription E-LTU	0	439.00		NA		No	03/31/2014	09/30/2028	UNCHANGED	439.00	$0.00	0.00%	2026-08-22: $439.00 → 2026-08-24: $3312014.00 (▲)
Software & Licenses	Server Management & Operating System Licenses	HPE OCA > DL380 Gen12 SFF > Software & Licenses > Server Management & Operating System Licenses	Option Component	Unlimited	0	Unlimited	Selection constraint for Server Management & Operating System Licenses: no max	S4T22A	Service	Red Hat High Availability 2 Sockets or 2 Guests 1-year Subscription LTU	0	439.00		NA		No	10/07/2024	11/07/2027	UNCHANGED	439.00	$0.00	0.00%	2026-08-22: $439.00 → 2026-08-24: $10072024.00 (▲)
Software & Licenses	Server Management & Operating System Licenses	HPE OCA > DL380 Gen12 SFF > Software & Licenses > Server Management & Operating System Licenses	Option Component	Unlimited	0	Unlimited	Selection constraint for Server Management & Operating System Licenses: no max	G3J35AAE	Service	Red Hat High Availability 2 Sockets or 2 Guests 3 Year Subscription E-LTU	0	1317.00		NA		No	03/31/2014	09/30/2028	UNCHANGED	1317.00	$0.00	0.00%	2026-08-22: $1317.00 → 2026-08-24: $3312014.00 (▲)
Software & Licenses	Server Management & Operating System Licenses	HPE OCA > DL380 Gen12 SFF > Software & Licenses > Server Management & Operating System Licenses	Option Component	Unlimited	0	Unlimited	Selection constraint for Server Management & Operating System Licenses: no max	S4T23A	Service	Red Hat High Availability 2 Sockets or 2 Guests 3-year Subscription LTU	0	1251.00		NA		No	10/07/2024	11/07/2027	UNCHANGED	1251.00	$0.00	0.00%	2026-08-22: $1251.00 → 2026-08-24: $10072024.00 (▲)
Software & Licenses	Server Management & Operating System Licenses	HPE OCA > DL380 Gen12 SFF > Software & Licenses > Server Management & Operating System Licenses	Option Component	Unlimited	0	Unlimited	Selection constraint for Server Management & Operating System Licenses: no max	G5J68AAE	Service	Red Hat Resilient Storage 2 Sockets Unlimited Guests 1 Year Subscription E-LTU	0	3019.00		NA		No	03/31/2014	09/30/2028	UNCHANGED	3019.00	$0.00	0.00%	2026-08-22: $3019.00 → 2026-08-24: $3312014.00 (▲)
Software & Licenses	Server Management & Operating System Licenses	HPE OCA > DL380 Gen12 SFF > Software & Licenses > Server Management & Operating System Licenses	Option Component	Unlimited	0	Unlimited	Selection constraint for Server Management & Operating System Licenses: no max	G5J69AAE	Service	Red Hat Resilient Storage 2 Sockets Unlimited Guests 3 Year Subscription E-LTU	0	9057.00		NA		No	03/31/2014	09/30/2028	UNCHANGED	9057.00	$0.00	0.00%	2026-08-22: $9057.00 → 2026-08-24: $3312014.00 (▲)
Software & Licenses	Server Management & Operating System Licenses	HPE OCA > DL380 Gen12 SFF > Software & Licenses > Server Management & Operating System Licenses	Option Component	Unlimited	0	Unlimited	Selection constraint for Server Management & Operating System Licenses: no max	G3J36AAE	Service	Red Hat Resilient Storage 2 Sockets or 2 Guests 1 Year Subscription E-LTU	0	879.00		NA		No	03/31/2014	09/30/2028	UNCHANGED	879.00	$0.00	0.00%	2026-08-22: $879.00 → 2026-08-24: $3312014.00 (▲)
Software & Licenses	Server Management & Operating System Licenses	HPE OCA > DL380 Gen12 SFF > Software & Licenses > Server Management & Operating System Licenses	Option Component	Unlimited	0	Unlimited	Selection constraint for Server Management & Operating System Licenses: no max	S4T24A	Service	Red Hat Resilient Storage 2 Sockets or 2 Guests 1-year Subscription LTU	0	879.00		NA		No	10/07/2024	11/07/2027	UNCHANGED	879.00	$0.00	0.00%	2026-08-22: $879.00 → 2026-08-24: $10072024.00 (▲)
Software & Licenses	Server Management & Operating System Licenses	HPE OCA > DL380 Gen12 SFF > Software & Licenses > Server Management & Operating System Licenses	Option Component	Unlimited	0	Unlimited	Selection constraint for Server Management & Operating System Licenses: no max	G3J37AAE	Service	Red Hat Resilient Storage 2 Sockets or 2 Guests 3 Year Subscription E-LTU	0	2637.00		NA		No	03/31/2014	09/30/2028	UNCHANGED	2637.00	$0.00	0.00%	2026-08-22: $2637.00 → 2026-08-24: $3312014.00 (▲)
Software & Licenses	Server Management & Operating System Licenses	HPE OCA > DL380 Gen12 SFF > Software & Licenses > Server Management & Operating System Licenses	Option Component	Unlimited	0	Unlimited	Selection constraint for Server Management & Operating System Licenses: no max	S4T25A	Service	Red Hat Resilient Storage 2 Sockets or 2 Guests 3-year Subscription LTU	0	2637.00		NA		No	10/07/2024	11/07/2027	UNCHANGED	2637.00	$0.00	0.00%	2026-08-22: $2637.00 → 2026-08-24: $10072024.00 (▲)
Software & Licenses	Server Management & Operating System Licenses	HPE OCA > DL380 Gen12 SFF > Software & Licenses > Server Management & Operating System Licenses	Option Component	Unlimited	0	Unlimited	Selection constraint for Server Management & Operating System Licenses: no max	R2A03AAE	Service	Red Hat Satellite 2 Sockets Unlimited Guests 1yr Subscription E-LTU	0	1482.00		NA		No	02/04/2019	09/30/2028	UNCHANGED	1482.00	$0.00	0.00%	2026-08-22: $1482.00 → 2026-08-24: $2042019.00 (▲)
Software & Licenses	Server Management & Operating System Licenses	HPE OCA > DL380 Gen12 SFF > Software & Licenses > Server Management & Operating System Licenses	Option Component	Unlimited	0	Unlimited	Selection constraint for Server Management & Operating System Licenses: no max	R2A03A	Service	Red Hat Satellite 2 Sockets Unlimited Guests 1yr Subscription Flexible LTU	0	1482.00		NA		No	02/04/2019	09/30/2028	UNCHANGED	1482.00	$0.00	0.00%	2026-08-22: $1482.00 → 2026-08-24: $2042019.00 (▲)
Software & Licenses	Server Management & Operating System Licenses	HPE OCA > DL380 Gen12 SFF > Software & Licenses > Server Management & Operating System Licenses	Option Component	Unlimited	0	Unlimited	Selection constraint for Server Management & Operating System Licenses: no max	R2A04AAE	Service	Red Hat Satellite 2 Sockets Unlimited Guests 3-year Subscription E-LTU	0	4447.00		NA		No	02/04/2019	09/30/2028	UNCHANGED	4447.00	$0.00	0.00%	2026-08-22: $4447.00 → 2026-08-24: $2042019.00 (▲)
Software & Licenses	Server Management & Operating System Licenses	HPE OCA > DL380 Gen12 SFF > Software & Licenses > Server Management & Operating System Licenses	Option Component	Unlimited	0	Unlimited	Selection constraint for Server Management & Operating System Licenses: no max	R2A04A	Service	Red Hat Satellite 2 Sockets Unlimited Guests 3-year Subscription Flexible LTU	0	4447.00		NA		No	02/04/2019	09/30/2028	UNCHANGED	4447.00	$0.00	0.00%	2026-08-22: $4447.00 → 2026-08-24: $2042019.00 (▲)
Software & Licenses	Server Management & Operating System Licenses	HPE OCA > DL380 Gen12 SFF > Software & Licenses > Server Management & Operating System Licenses	Option Component	Unlimited	0	Unlimited	Selection constraint for Server Management & Operating System Licenses: no max	R2A05AAE	Service	Red Hat Satellite 2 Sockets Unlimited Guests 5-year Subscription E-LTU	0	7411.00		NA		No	02/04/2019	09/30/2028	UNCHANGED	7411.00	$0.00	0.00%	2026-08-22: $7411.00 → 2026-08-24: $2042019.00 (▲)
Software & Licenses	Server Management & Operating System Licenses	HPE OCA > DL380 Gen12 SFF > Software & Licenses > Server Management & Operating System Licenses	Option Component	Unlimited	0	Unlimited	Selection constraint for Server Management & Operating System Licenses: no max	R2A05A	Service	Red Hat Satellite 2 Sockets Unlimited Guests 5-year Subscription Flexible LTU	0	7411.00		NA		No	02/04/2019	09/30/2028	UNCHANGED	7411.00	$0.00	0.00%	2026-08-22: $7411.00 → 2026-08-24: $2042019.00 (▲)
Software & Licenses	Server Management & Operating System Licenses	HPE OCA > DL380 Gen12 SFF > Software & Licenses > Server Management & Operating System Licenses	Option Component	Unlimited	0	Unlimited	Selection constraint for Server Management & Operating System Licenses: no max	R2A00AAE	Service	Red Hat Satellite 2 Sockets or 2 Guests 1yr Subscription E-LTU	0	385.00		NA		No	02/04/2019	09/30/2028	UNCHANGED	385.00	$0.00	0.00%	2026-08-22: $385.00 → 2026-08-24: $2042019.00 (▲)
Software & Licenses	Server Management & Operating System Licenses	HPE OCA > DL380 Gen12 SFF > Software & Licenses > Server Management & Operating System Licenses	Option Component	Unlimited	0	Unlimited	Selection constraint for Server Management & Operating System Licenses: no max	R2A00A	Service	Red Hat Satellite 2 Sockets or 2 Guests 1yr Subscription Flexible LTU	0	385.00		NA		No	02/04/2019	09/30/2028	UNCHANGED	385.00	$0.00	0.00%	2026-08-22: $385.00 → 2026-08-24: $2042019.00 (▲)
Software & Licenses	Server Management & Operating System Licenses	HPE OCA > DL380 Gen12 SFF > Software & Licenses > Server Management & Operating System Licenses	Option Component	Unlimited	0	Unlimited	Selection constraint for Server Management & Operating System Licenses: no max	R2A01AAE	Service	Red Hat Satellite 2 Sockets or 2 Guests 3-year Subscription E-LTU	0	1097.00		NA		No	02/04/2019	09/30/2028	UNCHANGED	1097.00	$0.00	0.00%	2026-08-22: $1097.00 → 2026-08-24: $2042019.00 (▲)
Software & Licenses	Server Management & Operating System Licenses	HPE OCA > DL380 Gen12 SFF > Software & Licenses > Server Management & Operating System Licenses	Option Component	Unlimited	0	Unlimited	Selection constraint for Server Management & Operating System Licenses: no max	R2A01A	Service	Red Hat Satellite 2 Sockets or 2 Guests 3-year Subscription Flexible LTU	0	1097.00		NA		No	02/04/2019	09/30/2028	UNCHANGED	1097.00	$0.00	0.00%	2026-08-22: $1097.00 → 2026-08-24: $2042019.00 (▲)
Software & Licenses	Server Management & Operating System Licenses	HPE OCA > DL380 Gen12 SFF > Software & Licenses > Server Management & Operating System Licenses	Option Component	Unlimited	0	Unlimited	Selection constraint for Server Management & Operating System Licenses: no max	R2A02AAE	Service	Red Hat Satellite 2 Sockets or 2 Guests 5-year Subscription E-LTU	0	1828.00		NA		No	02/04/2019	09/30/2028	UNCHANGED	1828.00	$0.00	0.00%	2026-08-22: $1828.00 → 2026-08-24: $2042019.00 (▲)
Software & Licenses	Server Management & Operating System Licenses	HPE OCA > DL380 Gen12 SFF > Software & Licenses > Server Management & Operating System Licenses	Option Component	Unlimited	0	Unlimited	Selection constraint for Server Management & Operating System Licenses: no max	R2A02A	Service	Red Hat Satellite 2 Sockets or 2 Guests 5-year Subscription Flexible LTU	0	1828.00		NA		No	02/04/2019	09/30/2028	UNCHANGED	1828.00	$0.00	0.00%	2026-08-22: $1828.00 → 2026-08-24: $2042019.00 (▲)
Software & Licenses	Server Management & Operating System Licenses	HPE OCA > DL380 Gen12 SFF > Software & Licenses > Server Management & Operating System Licenses	Option Component	Unlimited	0	Unlimited	Selection constraint for Server Management & Operating System Licenses: no max	M6K34A	Standard	SUSE Linux Enterprise High Availability Extension 1-2 Sockets 3 Year Subscription Flx LTU	0	2040.00		NA		No	06/01/2015	09/30/2027	UNCHANGED	2040.00	$0.00	0.00%	2026-08-22: $2040.00 → 2026-08-24: $6012015.00 (▲)
Software & Licenses	Server Management & Operating System Licenses	HPE OCA > DL380 Gen12 SFF > Software & Licenses > Server Management & Operating System Licenses	Option Component	Unlimited	0	Unlimited	Selection constraint for Server Management & Operating System Licenses: no max	M6K34AAE	Service	SUSE Linux Enterprise High Availability Extension 1-2 Sockets 3 Year Subscription E-LTU	0	2040.00		NA		No	06/01/2015	09/30/2027	UNCHANGED	2040.00	$0.00	0.00%	2026-08-22: $2040.00 → 2026-08-24: $6012015.00 (▲)
Software & Licenses	Server Management & Operating System Licenses	HPE OCA > DL380 Gen12 SFF > Software & Licenses > Server Management & Operating System Licenses	Option Component	Unlimited	0	Unlimited	Selection constraint for Server Management & Operating System Licenses: no max	E5Y44A	Standard	HPE OneView for ProLiant DL Server including 3yr 24x7 Support Bundle Track 1-server LTU	0	799.00		NA		No	11/01/2013	07/31/2030	UNCHANGED	799.00	$0.00	0.00%	2026-08-22: $799.00 → 2026-08-24: $11012013.00 (▲)
Software & Licenses	Server Management & Operating System Licenses	HPE OCA > DL380 Gen12 SFF > Software & Licenses > Server Management & Operating System Licenses	Option Component	Unlimited	0	Unlimited	Selection constraint for Server Management & Operating System Licenses: no max	E5Y43A	Standard	HPE OneView for ProLiant DL Server including 3yr 24x7 Support FIO Bundle Physical 1-server LTU	0	849.00		NA		No	11/01/2013	07/31/2030	UNCHANGED	849.00	$0.00	0.00%	2026-08-22: $849.00 → 2026-08-24: $11012013.00 (▲)
Software & Licenses	Server Management & Operating System Licenses	HPE OCA > DL380 Gen12 SFF > Software & Licenses > Server Management & Operating System Licenses	Option Component	Unlimited	0	Unlimited	Selection constraint for Server Management & Operating System Licenses: no max	E5Y35AAE	Service	HPE OneView including 3yr 24x7 Support Flexible Quantity E-LTU	0	999.00		NA		No	12/09/2013	07/31/2030	UNCHANGED	999.00	$0.00	0.00%	2026-08-22: $999.00 → 2026-08-24: $12092013.00 (▲)
Software & Licenses	Server Management & Operating System Licenses	HPE OCA > DL380 Gen12 SFF > Software & Licenses > Server Management & Operating System Licenses	Option Component	Unlimited	0	Unlimited	Selection constraint for Server Management & Operating System Licenses: no max	E5Y36A	Standard	HPE OneView including 3yr 24x7 Support Track 1-server LTU	0	999.00		NA		No	11/01/2013	07/31/2030	UNCHANGED	999.00	$0.00	0.00%	2026-08-22: $999.00 → 2026-08-24: $11012013.00 (▲)
Software & Licenses	Server Management & Operating System Licenses	HPE OCA > DL380 Gen12 SFF > Software & Licenses > Server Management & Operating System Licenses	Option Component	Unlimited	0	Unlimited	Selection constraint for Server Management & Operating System Licenses: no max	P8B31A	Standard	HPE OneView w/o iLO including 3yr 24x7 Support 1-server FIO LTU	0	480.00		NA		No	10/09/2015	07/31/2030	UNCHANGED	480.00	$0.00	0.00%	2026-08-22: $480.00 → 2026-08-24: $10092015.00 (▲)
Software & Licenses	Server Management & Operating System Licenses	HPE OCA > DL380 Gen12 SFF > Software & Licenses > Server Management & Operating System Licenses	Option Component	Unlimited	0	Unlimited	Selection constraint for Server Management & Operating System Licenses: no max	P8B26AAE	Service	HPE OneView w/o iLO including 3yr 24x7 Support Flexible Quantity E-LTU	0	499.00		NA		No	10/09/2015	07/31/2030	UNCHANGED	499.00	$0.00	0.00%	2026-08-22: $499.00 → 2026-08-24: $10092015.00 (▲)
Software & Licenses	Server Management & Operating System Licenses	HPE OCA > DL380 Gen12 SFF > Software & Licenses > Server Management & Operating System Licenses	Option Component	Unlimited	0	Unlimited	Selection constraint for Server Management & Operating System Licenses: no max	P8B25A	Standard	HPE OneView w/o iLO including 3yr 24x7 Support Track 1-server LTU	0	499.00		NA		No	10/09/2015	07/31/2030	UNCHANGED	499.00	$0.00	0.00%	2026-08-22: $499.00 → 2026-08-24: $10092015.00 (▲)
Software & Licenses	Server Management & Operating System Licenses	HPE OCA > DL380 Gen12 SFF > Software & Licenses > Server Management & Operating System Licenses	Option Component	Unlimited	0	Unlimited	Selection constraint for Server Management & Operating System Licenses: no max	R1D41AAE	Service	HPE Data Management Framework 1EB 3-server Base System 1-year Subscription E-LTU	0	1982200.00		NA		No	10/05/2020	01/31/2031	UNCHANGED	1982200.00	$0.00	0.00%	2026-08-22: $1982200.00 → 2026-08-24: (no price)
Software & Licenses	Server Management & Operating System Licenses	HPE OCA > DL380 Gen12 SFF > Software & Licenses > Server Management & Operating System Licenses	Option Component	Unlimited	0	Unlimited	Selection constraint for Server Management & Operating System Licenses: no max	R1D42AAE	Service	HPE Data Management Framework 1EB 3-server Base System 3-year Subscription E-LTU	0	5649270.00		NA		No	10/05/2020	01/31/2031	UNCHANGED	5649270.00	$0.00	0.00%	2026-08-22: $5649270.00 → 2026-08-24: $10052020.00 (▲)
Software & Licenses	Server Management & Operating System Licenses	HPE OCA > DL380 Gen12 SFF > Software & Licenses > Server Management & Operating System Licenses	Option Component	Unlimited	0	Unlimited	Selection constraint for Server Management & Operating System Licenses: no max	R1D44AAE	Service	HPE Data Management Framework 10PB 1EB+ 1-year Subscription E-LTU	0	8500.00		NA		No	10/05/2020	01/31/2031	UNCHANGED	8500.00	$0.00	0.00%	2026-08-22: $8500.00 → 2026-08-24: $10052020.00 (▲)
Software & Licenses	Server Management & Operating System Licenses	HPE OCA > DL380 Gen12 SFF > Software & Licenses > Server Management & Operating System Licenses	Option Component	Unlimited	0	Unlimited	Selection constraint for Server Management & Operating System Licenses: no max	R1D45AAE	Service	HPE Data Management Framework 10PB 1EB+ 3-year Subscription E-LTU	0	24225.00		NA		No	10/05/2020	01/31/2031	UNCHANGED	24225.00	$0.00	0.00%	2026-08-22: $24225.00 → 2026-08-24: $10052020.00 (▲)
Software & Licenses	Server Management & Operating System Licenses	HPE OCA > DL380 Gen12 SFF > Software & Licenses > Server Management & Operating System Licenses	Option Component	Unlimited	0	Unlimited	Selection constraint for Server Management & Operating System Licenses: no max	R1D49AAE	Service	HPE Data Management Framework Base System 1PB 3-server 1-year Subscription E-LTU	0	27718.00		NA		No	08/04/2021	01/31/2031	UNCHANGED	27718.00	$0.00	0.00%	2026-08-22: $27718.00 → 2026-08-24: $8042021.00 (▲)
Software & Licenses	Server Management & Operating System Licenses	HPE OCA > DL380 Gen12 SFF > Software & Licenses > Server Management & Operating System Licenses	Option Component	Unlimited	0	Unlimited	Selection constraint for Server Management & Operating System Licenses: no max	R1D50AAE	Service	HPE Data Management Framework Base System 1PB 3-server 3-year Subscription E-LTU	0	80726.00		NA		No	08/04/2021	01/31/2031	UNCHANGED	80726.00	$0.00	0.00%	2026-08-22: $80726.00 → 2026-08-24: $8042021.00 (▲)
Software & Licenses	Server Management & Operating System Licenses	HPE OCA > DL380 Gen12 SFF > Software & Licenses > Server Management & Operating System Licenses	Option Component	Unlimited	0	Unlimited	Selection constraint for Server Management & Operating System Licenses: no max	R1D52AAE	Service	HPE Data Management Framework Base System 10PB 3-server 1-year Subscription E-LTU	0	142359.00		NA		No	08/04/2021	01/31/2031	UNCHANGED	142359.00	$0.00	0.00%	2026-08-22: $142359.00 → 2026-08-24: $8042021.00 (▲)
Software & Licenses	Server Management & Operating System Licenses	HPE OCA > DL380 Gen12 SFF > Software & Licenses > Server Management & Operating System Licenses	Option Component	Unlimited	0	Unlimited	Selection constraint for Server Management & Operating System Licenses: no max	R1D53AAE	Service	HPE Data Management Framework Base System 10PB 3-server 3-year Subscription E-LTU	0	414608.00		NA		No	08/04/2021	01/31/2031	UNCHANGED	414608.00	$0.00	0.00%	2026-08-22: $414608.00 → 2026-08-24: $8042021.00 (▲)
Software & Licenses	Server Management & Operating System Licenses	HPE OCA > DL380 Gen12 SFF > Software & Licenses > Server Management & Operating System Licenses	Option Component	Unlimited	0	Unlimited	Selection constraint for Server Management & Operating System Licenses: no max	R1D55AAE	Service	HPE Data Management Framework Base System 100PB 3-server 1-year Subscription E-LTU	0	1097088.00		NA		No	08/04/2021	01/31/2031	UNCHANGED	1097088.00	$0.00	0.00%	2026-08-22: $1097088.00 → 2026-08-24: $8042021.00 (▲)
Software & Licenses	Server Management & Operating System Licenses	HPE OCA > DL380 Gen12 SFF > Software & Licenses > Server Management & Operating System Licenses	Option Component	Unlimited	0	Unlimited	Selection constraint for Server Management & Operating System Licenses: no max	R1D56AAE	Service	HPE Data Management Framework Base System 100PB 3-server 3-year Subscription E-LTU	0	3195185.00		NA		No	08/04/2021	01/31/2031	UNCHANGED	3195185.00	$0.00	0.00%	2026-08-22: $3195185.00 → 2026-08-24: $8042021.00 (▲)
Software & Licenses	Server Management & Operating System Licenses	HPE OCA > DL380 Gen12 SFF > Software & Licenses > Server Management & Operating System Licenses	Option Component	Unlimited	0	Unlimited	Selection constraint for Server Management & Operating System Licenses: no max	R1D58AAE	Service	HPE Data Management Framework 1PB 2-10PB 1-year Subscription E-LTU	0	12738.00		NA		No	08/04/2021	01/31/2031	UNCHANGED	12738.00	$0.00	0.00%	2026-08-22: $12738.00 → 2026-08-24: $8042021.00 (▲)
Software & Licenses	Server Management & Operating System Licenses	HPE OCA > DL380 Gen12 SFF > Software & Licenses > Server Management & Operating System Licenses	Option Component	Unlimited	0	Unlimited	Selection constraint for Server Management & Operating System Licenses: no max	R1D59AAE	Service	HPE Data Management Framework 1PB 2-10PB 3-year Subscription E-LTU	0	37098.00		NA		No	08/04/2021	01/31/2031	UNCHANGED	37098.00	$0.00	0.00%	2026-08-22: $37098.00 → 2026-08-24: $8042021.00 (▲)
Software & Licenses	Server Management & Operating System Licenses	HPE OCA > DL380 Gen12 SFF > Software & Licenses > Server Management & Operating System Licenses	Option Component	Unlimited	0	Unlimited	Selection constraint for Server Management & Operating System Licenses: no max	R1D61AAE	Service	HPE Data Management Framework 1PB 11-100PB 1-year Subscription E-LTU	0	10608.00		NA		No	08/04/2021	01/31/2031	UNCHANGED	10608.00	$0.00	0.00%	2026-08-22: $10608.00 → 2026-08-24: $8042021.00 (▲)
Software & Licenses	Server Management & Operating System Licenses	HPE OCA > DL380 Gen12 SFF > Software & Licenses > Server Management & Operating System Licenses	Option Component	Unlimited	0	Unlimited	Selection constraint for Server Management & Operating System Licenses: no max	R1D62AAE	Service	HPE Data Management Framework 1PB 11-100PB 3-year Subscription E-LTU	0	30896.00		NA		No	08/04/2021	01/31/2031	UNCHANGED	30896.00	$0.00	0.00%	2026-08-22: $30896.00 → 2026-08-24: $8042021.00 (▲)
Software & Licenses	Server Management & Operating System Licenses	HPE OCA > DL380 Gen12 SFF > Software & Licenses > Server Management & Operating System Licenses	Option Component	Unlimited	0	Unlimited	Selection constraint for Server Management & Operating System Licenses: no max	R1D64AAE	Service	HPE Data Management Framework 1PB 101PB+ 1-year Subscription E-LTU	0	5600.00		NA		No	08/04/2021	01/31/2031	UNCHANGED	5600.00	$0.00	0.00%	2026-08-22: $5600.00 → 2026-08-24: $8042021.00 (▲)
Software & Licenses	Server Management & Operating System Licenses	HPE OCA > DL380 Gen12 SFF > Software & Licenses > Server Management & Operating System Licenses	Option Component	Unlimited	0	Unlimited	Selection constraint for Server Management & Operating System Licenses: no max	R1D65AAE	Service	HPE Data Management Framework 1PB 101PB+ 3-year Subscription E-LTU	0	16309.00		NA		No	08/04/2021	01/31/2031	UNCHANGED	16309.00	$0.00	0.00%	2026-08-22: $16309.00 → 2026-08-24: $8042021.00 (▲)
Accessories & Infrastructure	System Options	HPE OCA > DL380 Gen12 SFF > Accessories & Infrastructure > System Options	Option Component	Optional	0	Optional	Selection constraint for System Options: optional	R7J57A	Service	Intel Virtual RAID on CPU Premium FIO Software for HPE	0	371.00		NA		No	04/06/2021	02/29/2028	UNCHANGED	371.00	$0.00	0.00%	2026-08-22: $371.00 → 2026-08-24: $4062021.00 (▲)
Accessories & Infrastructure	System Options	HPE OCA > DL380 Gen12 SFF > Accessories & Infrastructure > System Options	Option Component	Optional	0	Optional	Selection constraint for System Options: optional	R7J59AAE	Service	Intel Virtual RAID on CPU Premium E-RTU for HPE	0	371.00		NA		No	04/06/2021	02/29/2028	UNCHANGED	371.00	$0.00	0.00%	2026-08-22: $371.00 → 2026-08-24: $4062021.00 (▲)
Accessories & Infrastructure	System Options	HPE OCA > DL380 Gen12 SFF > Accessories & Infrastructure > System Options	Option Component	Optional	0	Optional	Selection constraint for System Options: optional	S3Q19A	Service	Intel Virtual RAID on CPU RAID 1 FIO Software for HPE	0	229.00		NA		No	04/01/2024	02/29/2028	UNCHANGED	229.00	$0.00	0.00%	2026-08-22: $229.00 → 2026-08-24: $4012024.00 (▲)
Accessories & Infrastructure	System Options	HPE OCA > DL380 Gen12 SFF > Accessories & Infrastructure > System Options	Option Component	Optional	0	Optional	Selection constraint for System Options: optional	S3Q39AAE	Service	Intel Virtual RAID on CPU RAID 1 E-RTU for HPE	0	229.00		NA		No	04/01/2024	02/29/2028	UNCHANGED	229.00	$0.00	0.00%	2026-08-22: $229.00 → 2026-08-24: $4012024.00 (▲)
Software & Licenses	Server Management & Operating System Licenses	HPE OCA > DL380 Gen12 SFF > Software & Licenses > Server Management & Operating System Licenses	Option Component	Unlimited	0	Unlimited	Selection constraint for Server Management & Operating System Licenses: no max	Q0D22A	Standard	Red Hat Enterprise Linux Server 2 Sockets 4 Guests 5yr Subscription 24x7 Support Flexible LTU	0	10183.00		NA		No	08/15/2016	09/30/2028	UNCHANGED	10183.00	$0.00	0.00%	2026-08-22: $10183.00 → 2026-08-24: $8152016.00 (▲)
Software & Licenses	Server Management & Operating System Licenses	HPE OCA > DL380 Gen12 SFF > Software & Licenses > Server Management & Operating System Licenses	Option Component	Unlimited	0	Unlimited	Selection constraint for Server Management & Operating System Licenses: no max	Q0D22AAE	Service	Red Hat Enterprise Linux Server 2 Sockets 4 Guests 5yr Subscription 24x7 Support E-LTU	0	10183.00		NA		No	08/15/2016	09/30/2028	UNCHANGED	10183.00	$0.00	0.00%	2026-08-22: $10183.00 → 2026-08-24: $8152016.00 (▲)
Software & Licenses	Server Management & Operating System Licenses	HPE OCA > DL380 Gen12 SFF > Software & Licenses > Server Management & Operating System Licenses	Option Component	Unlimited	0	Unlimited	Selection constraint for Server Management & Operating System Licenses: no max	Q0D23A	Standard	Red Hat Enterprise Linux Server 2 Sockets 4 Guests 5yr Subscription 9x5 Support Flexible LTU	0	6264.00		NA		No	08/15/2016	09/30/2028	UNCHANGED	6264.00	$0.00	0.00%	2026-08-22: $6264.00 → 2026-08-24: $8152016.00 (▲)
Software & Licenses	Server Management & Operating System Licenses	HPE OCA > DL380 Gen12 SFF > Software & Licenses > Server Management & Operating System Licenses	Option Component	Unlimited	0	Unlimited	Selection constraint for Server Management & Operating System Licenses: no max	Q0D23AAE	Service	Red Hat Enterprise Linux Server 2 Sockets 4 Guests 5yr Subscription 9x5 Support E-LTU	0	6264.00		NA		No	08/15/2016	09/30/2028	UNCHANGED	6264.00	$0.00	0.00%	2026-08-22: $6264.00 → 2026-08-24: $8152016.00 (▲)
Software & Licenses	Server Management & Operating System Licenses	HPE OCA > DL380 Gen12 SFF > Software & Licenses > Server Management & Operating System Licenses	Option Component	Unlimited	0	Unlimited	Selection constraint for Server Management & Operating System Licenses: no max	Q0D25A	Standard	Red Hat High Availability 2 Sockets or 2 Guests 5yr Subscription Flexible LTU	0	2085.00		NA		No	08/15/2016	11/30/2027	UNCHANGED	2085.00	$0.00	0.00%	2026-08-22: $2085.00 → 2026-08-24: $8152016.00 (▲)
Software & Licenses	Server Management & Operating System Licenses	HPE OCA > DL380 Gen12 SFF > Software & Licenses > Server Management & Operating System Licenses	Option Component	Unlimited	0	Unlimited	Selection constraint for Server Management & Operating System Licenses: no max	Q0D25AAE	Service	Red Hat High Availability 2 Sockets or 2 Guests 5yr Subscription E-LTU	0	2085.00		NA		No	08/15/2016	11/30/2027	UNCHANGED	2085.00	$0.00	0.00%	2026-08-22: $2085.00 → 2026-08-24: $8152016.00 (▲)
Software & Licenses	Server Management & Operating System Licenses	HPE OCA > DL380 Gen12 SFF > Software & Licenses > Server Management & Operating System Licenses	Option Component	Unlimited	0	Unlimited	Selection constraint for Server Management & Operating System Licenses: no max	Q0D26A	Standard	Red Hat High Availability 2 Sockets Unlimited Guests 5yr Subscription Flexible LTU	0	7532.00		NA		No	08/15/2016	11/30/2027	UNCHANGED	7532.00	$0.00	0.00%	2026-08-22: $7532.00 → 2026-08-24: $8152016.00 (▲)
Software & Licenses	Server Management & Operating System Licenses	HPE OCA > DL380 Gen12 SFF > Software & Licenses > Server Management & Operating System Licenses	Option Component	Unlimited	0	Unlimited	Selection constraint for Server Management & Operating System Licenses: no max	Q0D26AAE	Service	Red Hat High Availability 2 Sockets Unlimited Guests 5yr Subscription E-LTU	0	7532.00		NA		No	08/15/2016	11/30/2027	UNCHANGED	7532.00	$0.00	0.00%	2026-08-22: $7532.00 → 2026-08-24: $8152016.00 (▲)
Software & Licenses	Server Management & Operating System Licenses	HPE OCA > DL380 Gen12 SFF > Software & Licenses > Server Management & Operating System Licenses	Option Component	Unlimited	0	Unlimited	Selection constraint for Server Management & Operating System Licenses: no max	Q0D29A	Standard	Red Hat Resilient Storage 2 Sockets or 2 Guests 5yr Subscription Flexible LTU	0	4395.00		NA		No	08/15/2016	11/30/2027	UNCHANGED	4395.00	$0.00	0.00%	2026-08-22: $4395.00 → 2026-08-24: $8152016.00 (▲)
Software & Licenses	Server Management & Operating System Licenses	HPE OCA > DL380 Gen12 SFF > Software & Licenses > Server Management & Operating System Licenses	Option Component	Unlimited	0	Unlimited	Selection constraint for Server Management & Operating System Licenses: no max	Q0D29AAE	Service	Red Hat Resilient Storage 2 Sockets or 2 Guests 5yr Subscription E-LTU	0	4395.00		NA		No	08/15/2016	11/30/2027	UNCHANGED	4395.00	$0.00	0.00%	2026-08-22: $4395.00 → 2026-08-24: $8152016.00 (▲)
Software & Licenses	Server Management & Operating System Licenses	HPE OCA > DL380 Gen12 SFF > Software & Licenses > Server Management & Operating System Licenses	Option Component	Unlimited	0	Unlimited	Selection constraint for Server Management & Operating System Licenses: no max	Q0D30A	Standard	Red Hat Resilient Storage 2 Sockets Unlimited Guests 5yr Subscription Flexible LTU	0	15095.00		NA		No	08/15/2016	11/30/2027	UNCHANGED	15095.00	$0.00	0.00%	2026-08-22: $15095.00 → 2026-08-24: $8152016.00 (▲)
Software & Licenses	Server Management & Operating System Licenses	HPE OCA > DL380 Gen12 SFF > Software & Licenses > Server Management & Operating System Licenses	Option Component	Unlimited	0	Unlimited	Selection constraint for Server Management & Operating System Licenses: no max	Q0D30AAE	Service	Red Hat Resilient Storage 2 Sockets Unlimited Guests 5yr Subscription E-LTU	0	15095.00		NA		No	08/15/2016	11/30/2027	UNCHANGED	15095.00	$0.00	0.00%	2026-08-22: $15095.00 → 2026-08-24: $8152016.00 (▲)
Software & Licenses	Server Management & Operating System Licenses	HPE OCA > DL380 Gen12 SFF > Software & Licenses > Server Management & Operating System Licenses	Option Component	Unlimited	0	Unlimited	Selection constraint for Server Management & Operating System Licenses: no max	Q5W19A	Standard	Red Hat Enterprise Linux for SAP (Physical/Virtual Nodes) 3yr Subscription 9x5 Support Flex LTU	0	2505.00		NA		No	06/05/2017	09/30/2028	UNCHANGED	2505.00	$0.00	0.00%	2026-08-22: $2505.00 → 2026-08-24: $6052017.00 (▲)
Software & Licenses	Server Management & Operating System Licenses	HPE OCA > DL380 Gen12 SFF > Software & Licenses > Server Management & Operating System Licenses	Option Component	Unlimited	0	Unlimited	Selection constraint for Server Management & Operating System Licenses: no max	Q5W19AAE	Service	Red Hat Enterprise Linux for SAP (Physical/Virtual Nodes) 3yr Subscription 9x5 Support E-LTU	0	2505.00		NA		No	06/05/2017	09/30/2028	UNCHANGED	2505.00	$0.00	0.00%	2026-08-22: $2505.00 → 2026-08-24: $6052017.00 (▲)
Software & Licenses	Server Management & Operating System Licenses	HPE OCA > DL380 Gen12 SFF > Software & Licenses > Server Management & Operating System Licenses	Option Component	Unlimited	0	Unlimited	Selection constraint for Server Management & Operating System Licenses: no max	Q5W20A	Standard	Red Hat Enterprise Linux for SAP (Physical/Virtual Nodes) 3yr Subscription 24x7 Support Flex LTU	0	4072.00		NA		No	06/05/2017	09/30/2028	UNCHANGED	4072.00	$0.00	0.00%	2026-08-22: $4072.00 → 2026-08-24: $6052017.00 (▲)
Software & Licenses	Server Management & Operating System Licenses	HPE OCA > DL380 Gen12 SFF > Software & Licenses > Server Management & Operating System Licenses	Option Component	Unlimited	0	Unlimited	Selection constraint for Server Management & Operating System Licenses: no max	Q5W20AAE	Service	Red Hat Enterprise Linux for SAP (Physical/Virtual Nodes) 3yr Subscription 24x7 Support E-LTU	0	4072.00		NA		No	06/05/2017	09/30/2028	UNCHANGED	4072.00	$0.00	0.00%	2026-08-22: $4072.00 → 2026-08-24: $6052017.00 (▲)
Software & Licenses	Server Management & Operating System Licenses	HPE OCA > DL380 Gen12 SFF > Software & Licenses > Server Management & Operating System Licenses	Option Component	Unlimited	0	Unlimited	Selection constraint for Server Management & Operating System Licenses: no max	Q5W21A	Standard	Red Hat Enterprise Linux for SAP (Physical/Virtual Nodes) 5yr Subscription 9x5 Support Flex LTU	0	4175.00		NA		No	06/05/2017	09/30/2028	UNCHANGED	4175.00	$0.00	0.00%	2026-08-22: $4175.00 → 2026-08-24: $6052017.00 (▲)
Software & Licenses	Server Management & Operating System Licenses	HPE OCA > DL380 Gen12 SFF > Software & Licenses > Server Management & Operating System Licenses	Option Component	Unlimited	0	Unlimited	Selection constraint for Server Management & Operating System Licenses: no max	Q5W21AAE	Service	Red Hat Enterprise Linux for SAP (Physical/Virtual Nodes) 5yr Subscription 9x5 Support E-LTU	0	4175.00		NA		No	06/05/2017	09/30/2028	UNCHANGED	4175.00	$0.00	0.00%	2026-08-22: $4175.00 → 2026-08-24: $6052017.00 (▲)
Software & Licenses	Server Management & Operating System Licenses	HPE OCA > DL380 Gen12 SFF > Software & Licenses > Server Management & Operating System Licenses	Option Component	Unlimited	0	Unlimited	Selection constraint for Server Management & Operating System Licenses: no max	Q5W22A	Standard	Red Hat Enterprise Linux for SAP (Physical/Virtual Nodes) 5yr Subscription 24x7 Support Flex LTU	0	6787.00		NA		No	06/05/2017	09/30/2028	UNCHANGED	6787.00	$0.00	0.00%	2026-08-22: $6787.00 → 2026-08-24: $6052017.00 (▲)
Software & Licenses	Server Management & Operating System Licenses	HPE OCA > DL380 Gen12 SFF > Software & Licenses > Server Management & Operating System Licenses	Option Component	Unlimited	0	Unlimited	Selection constraint for Server Management & Operating System Licenses: no max	Q5W22AAE	Service	Red Hat Enterprise Linux for SAP (Physical/Virtual Nodes) 5yr Subscription 24x7 Support E-LTU	0	6787.00		NA		No	06/05/2017	09/30/2028	UNCHANGED	6787.00	$0.00	0.00%	2026-08-22: $6787.00 → 2026-08-24: $6052017.00 (▲)
Software & Licenses	Server Management & Operating System Licenses	HPE OCA > DL380 Gen12 SFF > Software & Licenses > Server Management & Operating System Licenses	Option Component	Unlimited	0	Unlimited	Selection constraint for Server Management & Operating System Licenses: no max	Q5W23A	Standard	Red Hat Enterprise Linux for SAP for Virtual Datacenters 3yr Subscription 9x5 Support Flex LTU	0	9072.00		NA		No	06/05/2017	09/30/2028	UNCHANGED	9072.00	$0.00	0.00%	2026-08-22: $9072.00 → 2026-08-24: $6052017.00 (▲)
Software & Licenses	Server Management & Operating System Licenses	HPE OCA > DL380 Gen12 SFF > Software & Licenses > Server Management & Operating System Licenses	Option Component	Unlimited	0	Unlimited	Selection constraint for Server Management & Operating System Licenses: no max	Q5W23AAE	Service	Red Hat Enterprise Linux for SAP for Virtual Datacenters 3yr Subscription 9x5 Support E-LTU	0	9072.00		NA		No	06/05/2017	09/30/2028	UNCHANGED	9072.00	$0.00	0.00%	2026-08-22: $9072.00 → 2026-08-24: $6052017.00 (▲)
Software & Licenses	Server Management & Operating System Licenses	HPE OCA > DL380 Gen12 SFF > Software & Licenses > Server Management & Operating System Licenses	Option Component	Unlimited	0	Unlimited	Selection constraint for Server Management & Operating System Licenses: no max	Q5W24A	Standard	Red Hat Enterprise Linux for SAP for Virtual Datacenters 3yr Subscription 24x7 Support Flex LTU	0	14516.00		NA		No	06/05/2017	09/30/2028	UNCHANGED	14516.00	$0.00	0.00%	2026-08-22: $14516.00 → 2026-08-24: $6052017.00 (▲)
Software & Licenses	Server Management & Operating System Licenses	HPE OCA > DL380 Gen12 SFF > Software & Licenses > Server Management & Operating System Licenses	Option Component	Unlimited	0	Unlimited	Selection constraint for Server Management & Operating System Licenses: no max	Q5W24AAE	Service	Red Hat Enterprise Linux for SAP for Virtual Datacenters 3yr Subscription 24x7 Support E-LTU	0	14516.00		NA		No	06/05/2017	09/30/2028	UNCHANGED	14516.00	$0.00	0.00%	2026-08-22: $14516.00 → 2026-08-24: $6052017.00 (▲)
Software & Licenses	Server Management & Operating System Licenses	HPE OCA > DL380 Gen12 SFF > Software & Licenses > Server Management & Operating System Licenses	Option Component	Unlimited	0	Unlimited	Selection constraint for Server Management & Operating System Licenses: no max	Q5W25A	Standard	Red Hat Enterprise Linux for SAP for Virtual Datacenters 5yr Subscription 9x5 Support Flex LTU	0	15119.00		NA		No	06/05/2017	09/30/2028	UNCHANGED	15119.00	$0.00	0.00%	2026-08-22: $15119.00 → 2026-08-24: $6052017.00 (▲)
Software & Licenses	Server Management & Operating System Licenses	HPE OCA > DL380 Gen12 SFF > Software & Licenses > Server Management & Operating System Licenses	Option Component	Unlimited	0	Unlimited	Selection constraint for Server Management & Operating System Licenses: no max	Q5W25AAE	Service	Red Hat Enterprise Linux for SAP for Virtual Datacenters 5yr Subscription 9x5 Support E-LTU	0	15119.00		NA		No	06/05/2017	09/30/2028	UNCHANGED	15119.00	$0.00	0.00%	2026-08-22: $15119.00 → 2026-08-24: $6052017.00 (▲)
Software & Licenses	Server Management & Operating System Licenses	HPE OCA > DL380 Gen12 SFF > Software & Licenses > Server Management & Operating System Licenses	Option Component	Unlimited	0	Unlimited	Selection constraint for Server Management & Operating System Licenses: no max	Q5W26A	Standard	Red Hat Enterprise Linux for SAP for Virtual Datacenters 5yr Subscription 24x7 Support Flex LTU	0	24194.00		NA		No	06/05/2017	09/30/2028	UNCHANGED	24194.00	$0.00	0.00%	2026-08-22: $24194.00 → 2026-08-24: $6052017.00 (▲)
Software & Licenses	Server Management & Operating System Licenses	HPE OCA > DL380 Gen12 SFF > Software & Licenses > Server Management & Operating System Licenses	Option Component	Unlimited	0	Unlimited	Selection constraint for Server Management & Operating System Licenses: no max	Q5W26AAE	Service	Red Hat Enterprise Linux for SAP for Virtual Datacenters 5yr Subscription 24x7 Support E-LTU	0	24194.00		NA		No	06/05/2017	09/30/2028	UNCHANGED	24194.00	$0.00	0.00%	2026-08-22: $24194.00 → 2026-08-24: $6052017.00 (▲)
Software & Licenses	Server Management & Operating System Licenses	HPE OCA > DL380 Gen12 SFF > Software & Licenses > Server Management & Operating System Licenses	Option Component	Unlimited	0	Unlimited	Selection constraint for Server Management & Operating System Licenses: no max	Q8U15A	Standard	Red Hat Enterprise Linux for SAP Solutions for Virtual DC 3yr Subscription 24x7 Support LTU	0	24680.00		NA		No	12/04/2017	11/30/2027	UNCHANGED	24680.00	$0.00	0.00%	2026-08-22: $24680.00 → 2026-08-24: $12042017.00 (▲)
Software & Licenses	Server Management & Operating System Licenses	HPE OCA > DL380 Gen12 SFF > Software & Licenses > Server Management & Operating System Licenses	Option Component	Unlimited	0	Unlimited	Selection constraint for Server Management & Operating System Licenses: no max	Q8U15AAE	Service	Red Hat Enterprise Linux for SAP Solutions for Virtual DC 3yr Subscription 24x7 Support E-LTU	0	24680.00		NA		No	12/04/2017	11/30/2027	UNCHANGED	24680.00	$0.00	0.00%	2026-08-22: $24680.00 → 2026-08-24: $12042017.00 (▲)
Software & Licenses	Server Management & Operating System Licenses	HPE OCA > DL380 Gen12 SFF > Software & Licenses > Server Management & Operating System Licenses	Option Component	Unlimited	0	Unlimited	Selection constraint for Server Management & Operating System Licenses: no max	Q8U16A	Standard	Red Hat Enterprise Linux for SAP Solutions for Virtual DC 5yr Subscription 24x7 Support LTU	0	41134.00		NA		No	12/04/2017	11/30/2027	UNCHANGED	41134.00	$0.00	0.00%	2026-08-22: $41134.00 → 2026-08-24: $12042017.00 (▲)
Software & Licenses	Server Management & Operating System Licenses	HPE OCA > DL380 Gen12 SFF > Software & Licenses > Server Management & Operating System Licenses	Option Component	Unlimited	0	Unlimited	Selection constraint for Server Management & Operating System Licenses: no max	Q8U16AAE	Service	Red Hat Enterprise Linux for SAP Solutions for Virtual DC 5yr Subscription 24x7 Support E-LTU	0	41134.00		NA		No	12/04/2017	11/30/2027	UNCHANGED	41134.00	$0.00	0.00%	2026-08-22: $41134.00 → 2026-08-24: $12042017.00 (▲)
Software & Licenses	Server Management & Operating System Licenses	HPE OCA > DL380 Gen12 SFF > Software & Licenses > Server Management & Operating System Licenses	Option Component	Unlimited	0	Unlimited	Selection constraint for Server Management & Operating System Licenses: no max	Q8U17A	Standard	Red Hat Enterprise Linux for SAP Solutions for Virtual DC 3yr Subscription 9x5 Support LTU	0	20325.00		NA		No	12/04/2017	11/30/2027	UNCHANGED	20325.00	$0.00	0.00%	2026-08-22: $20325.00 → 2026-08-24: $12042017.00 (▲)
Software & Licenses	Server Management & Operating System Licenses	HPE OCA > DL380 Gen12 SFF > Software & Licenses > Server Management & Operating System Licenses	Option Component	Unlimited	0	Unlimited	Selection constraint for Server Management & Operating System Licenses: no max	Q8U17AAE	Service	Red Hat Enterprise Linux for SAP Solutions for Virtual DC 3yr Subscription 9x5 Support E-LTU	0	20325.00		NA		No	12/04/2017	11/30/2027	UNCHANGED	20325.00	$0.00	0.00%	2026-08-22: $20325.00 → 2026-08-24: $12042017.00 (▲)
Software & Licenses	Server Management & Operating System Licenses	HPE OCA > DL380 Gen12 SFF > Software & Licenses > Server Management & Operating System Licenses	Option Component	Unlimited	0	Unlimited	Selection constraint for Server Management & Operating System Licenses: no max	Q8U18A	Standard	Red Hat Enterprise Linux for SAP Solutions for Virtual DC 5yr Subscription 9x5 Support LTU	0	33874.00		NA		No	12/04/2017	11/30/2027	UNCHANGED	33874.00	$0.00	0.00%	2026-08-22: $33874.00 → 2026-08-24: $12042017.00 (▲)
Software & Licenses	Server Management & Operating System Licenses	HPE OCA > DL380 Gen12 SFF > Software & Licenses > Server Management & Operating System Licenses	Option Component	Unlimited	0	Unlimited	Selection constraint for Server Management & Operating System Licenses: no max	Q8U18AAE	Service	Red Hat Enterprise Linux for SAP Solutions for Virtual DC 5yr Subscription 9x5 Support E-LTU	0	33874.00		NA		No	12/04/2017	11/30/2027	UNCHANGED	33874.00	$0.00	0.00%	2026-08-22: $33874.00 → 2026-08-24: $12042017.00 (▲)
Software & Licenses	Server Management & Operating System Licenses	HPE OCA > DL380 Gen12 SFF > Software & Licenses > Server Management & Operating System Licenses	Option Component	Unlimited	0	Unlimited	Selection constraint for Server Management & Operating System Licenses: no max	Q8U19A	Standard	Red Hat Enterprise Linux for SAP Solutions for Physical Nodes 3yr Subscription 24x7 Support LTU	0	6737.00		NA		No	12/04/2017	11/30/2027	UNCHANGED	6737.00	$0.00	0.00%	2026-08-22: $6737.00 → 2026-08-24: $12042017.00 (▲)
Software & Licenses	Server Management & Operating System Licenses	HPE OCA > DL380 Gen12 SFF > Software & Licenses > Server Management & Operating System Licenses	Option Component	Unlimited	0	Unlimited	Selection constraint for Server Management & Operating System Licenses: no max	Q8U19AAE	Service	Red Hat Enterprise Linux for SAP Solutions for Physical Nodes 3yr Subscription 24x7 Support E-LTU	0	6737.00		NA		No	12/04/2017	11/30/2027	UNCHANGED	6737.00	$0.00	0.00%	2026-08-22: $6737.00 → 2026-08-24: $12042017.00 (▲)
Software & Licenses	Server Management & Operating System Licenses	HPE OCA > DL380 Gen12 SFF > Software & Licenses > Server Management & Operating System Licenses	Option Component	Unlimited	0	Unlimited	Selection constraint for Server Management & Operating System Licenses: no max	Q8U20A	Standard	Red Hat Enterprise Linux for SAP Solutions for Physical Nodes 5yr Subscription 24x7 Support LTU	0	11229.00		NA		No	12/04/2017	11/30/2027	UNCHANGED	11229.00	$0.00	0.00%	2026-08-22: $11229.00 → 2026-08-24: $12042017.00 (▲)
Software & Licenses	Server Management & Operating System Licenses	HPE OCA > DL380 Gen12 SFF > Software & Licenses > Server Management & Operating System Licenses	Option Component	Unlimited	0	Unlimited	Selection constraint for Server Management & Operating System Licenses: no max	Q8U20AAE	Service	Red Hat Enterprise Linux for SAP Solutions for Physical Nodes 5yr Subscription 24x7 Support E-LTU	0	11229.00		NA		No	12/04/2017	11/30/2027	UNCHANGED	11229.00	$0.00	0.00%	2026-08-22: $11229.00 → 2026-08-24: $12042017.00 (▲)
Software & Licenses	Server Management & Operating System Licenses	HPE OCA > DL380 Gen12 SFF > Software & Licenses > Server Management & Operating System Licenses	Option Component	Unlimited	0	Unlimited	Selection constraint for Server Management & Operating System Licenses: no max	Q8U21A	Standard	Red Hat Enterprise Linux for SAP Solutions for Physical Nodes 3yr Subscription 9x5 Support LTU	0	5483.00		NA		No	12/04/2017	11/30/2027	UNCHANGED	5483.00	$0.00	0.00%	2026-08-22: $5483.00 → 2026-08-24: $12042017.00 (▲)
Software & Licenses	Server Management & Operating System Licenses	HPE OCA > DL380 Gen12 SFF > Software & Licenses > Server Management & Operating System Licenses	Option Component	Unlimited	0	Unlimited	Selection constraint for Server Management & Operating System Licenses: no max	Q8U21AAE	Service	Red Hat Enterprise Linux for SAP Solutions for Physical Nodes 3yr Subscription 9x5 Support E-LTU	0	5483.00		NA		No	12/04/2017	11/30/2027	UNCHANGED	5483.00	$0.00	0.00%	2026-08-22: $5483.00 → 2026-08-24: $12042017.00 (▲)
Software & Licenses	Server Management & Operating System Licenses	HPE OCA > DL380 Gen12 SFF > Software & Licenses > Server Management & Operating System Licenses	Option Component	Unlimited	0	Unlimited	Selection constraint for Server Management & Operating System Licenses: no max	Q8U22A	Standard	Red Hat Enterprise Linux for SAP Solutions for Physical Nodes 5yr Subscription 9x5 Support LTU	0	9139.00		NA		No	12/04/2017	11/30/2027	UNCHANGED	9139.00	$0.00	0.00%	2026-08-22: $9139.00 → 2026-08-24: $12042017.00 (▲)
Software & Licenses	Server Management & Operating System Licenses	HPE OCA > DL380 Gen12 SFF > Software & Licenses > Server Management & Operating System Licenses	Option Component	Unlimited	0	Unlimited	Selection constraint for Server Management & Operating System Licenses: no max	Q8U22AAE	Service	Red Hat Enterprise Linux for SAP Solutions for Physical Nodes 5yr Subscription 9x5 Support E-LTU	0	9139.00		NA		No	12/04/2017	11/30/2027	UNCHANGED	9139.00	$0.00	0.00%	2026-08-22: $9139.00 → 2026-08-24: $12042017.00 (▲)
Software & Licenses	Server Management & Operating System Licenses	HPE OCA > DL380 Gen12 SFF > Software & Licenses > Server Management & Operating System Licenses	Option Component	Unlimited	0	Unlimited	Selection constraint for Server Management & Operating System Licenses: no max	R8V74A	Service	SUSE Linux Enterprise Server 1-2 Sockets Unlimited VM w/Live Patching 1-year 9x5 Flexible LTU	0	2260.00		NA		No	10/04/2021	01/04/2027	UNCHANGED	2260.00	$0.00	0.00%	2026-08-22: $2260.00 → 2026-08-24: $10042021.00 (▲)
Software & Licenses	Server Management & Operating System Licenses	HPE OCA > DL380 Gen12 SFF > Software & Licenses > Server Management & Operating System Licenses	Option Component	Unlimited	0	Unlimited	Selection constraint for Server Management & Operating System Licenses: no max	R8V74AAE	Service	SUSE Linux Enterprise Server 1-2 Sockets Unlimited VM w/Live Patching 1-year 9x5 E-LTU	0	2260.00		NA		No	10/04/2021	01/04/2027	UNCHANGED	2260.00	$0.00	0.00%	2026-08-22: $2260.00 → 2026-08-24: $10042021.00 (▲)
Software & Licenses	Server Management & Operating System Licenses	HPE OCA > DL380 Gen12 SFF > Software & Licenses > Server Management & Operating System Licenses	Option Component	Unlimited	0	Unlimited	Selection constraint for Server Management & Operating System Licenses: no max	R8V75A	Service	SUSE Linux Enterprise Server 1-2 Sockets Unlimited VM w/Live Patching 3-year 9x5 Flexible LTU	0	6110.00		NA		No	10/04/2021	01/04/2027	UNCHANGED	6110.00	$0.00	0.00%	2026-08-22: $6110.00 → 2026-08-24: $10042021.00 (▲)
Software & Licenses	Server Management & Operating System Licenses	HPE OCA > DL380 Gen12 SFF > Software & Licenses > Server Management & Operating System Licenses	Option Component	Unlimited	0	Unlimited	Selection constraint for Server Management & Operating System Licenses: no max	R8V75AAE	Service	SUSE Linux Enterprise Server 1-2 Sockets Unlimited VM w/Live Patching 3-year 9x5 E-LTU	0	6110.00		NA		No	10/04/2021	01/04/2027	UNCHANGED	6110.00	$0.00	0.00%	2026-08-22: $6110.00 → 2026-08-24: $10042021.00 (▲)
Software & Licenses	Server Management & Operating System Licenses	HPE OCA > DL380 Gen12 SFF > Software & Licenses > Server Management & Operating System Licenses	Option Component	Unlimited	0	Unlimited	Selection constraint for Server Management & Operating System Licenses: no max	R8V76A	Service	SUSE Linux Enterprise Server 1-2 Sockets Unlimited VM w/Live Patching 1-year 24x7 Flexible LTU	0	3980.00		NA		No	10/04/2021	01/04/2027	UNCHANGED	3980.00	$0.00	0.00%	2026-08-22: $3980.00 → 2026-08-24: $10042021.00 (▲)
Software & Licenses	Server Management & Operating System Licenses	HPE OCA > DL380 Gen12 SFF > Software & Licenses > Server Management & Operating System Licenses	Option Component	Unlimited	0	Unlimited	Selection constraint for Server Management & Operating System Licenses: no max	R8V76AAE	Service	SUSE Linux Enterprise Server 1-2 Sockets Unlimited VM w/Live Patching 1-year 24x7 E-LTU	0	3980.00		NA		No	10/04/2021	01/04/2027	UNCHANGED	3980.00	$0.00	0.00%	2026-08-22: $3980.00 → 2026-08-24: $10042021.00 (▲)
Software & Licenses	Server Management & Operating System Licenses	HPE OCA > DL380 Gen12 SFF > Software & Licenses > Server Management & Operating System Licenses	Option Component	Unlimited	0	Unlimited	Selection constraint for Server Management & Operating System Licenses: no max	R8V77A	Service	SUSE Linux Enterprise Server 1-2 Sockets Unlimited VM w/Live Patching 3-year 24x7 Flexible LTU	0	10800.00		NA		No	10/04/2021	01/04/2027	UNCHANGED	10800.00	$0.00	0.00%	2026-08-22: $10800.00 → 2026-08-24: $10042021.00 (▲)
Software & Licenses	Server Management & Operating System Licenses	HPE OCA > DL380 Gen12 SFF > Software & Licenses > Server Management & Operating System Licenses	Option Component	Unlimited	0	Unlimited	Selection constraint for Server Management & Operating System Licenses: no max	R8V77AAE	Service	SUSE Linux Enterprise Server 1-2 Sockets Unlimited VM w/Live Patching 3-year 24x7 E-LTU	0	10800.00		NA		No	10/04/2021	01/04/2027	UNCHANGED	10800.00	$0.00	0.00%	2026-08-22: $10800.00 → 2026-08-24: $10042021.00 (▲)
Software & Licenses	Server Management & Operating System Licenses	HPE OCA > DL380 Gen12 SFF > Software & Licenses > Server Management & Operating System Licenses	Option Component	Unlimited	0	Unlimited	Selection constraint for Server Management & Operating System Licenses: no max	R8V78A	Service	SUSE Linux Enterprise Server 1-2 Sockets Unlimited VM w/Live Patching 5-year 24x7 Flexible LTU	0	18000.00		NA		No	10/04/2021	01/04/2027	UNCHANGED	18000.00	$0.00	0.00%	2026-08-22: $18000.00 → 2026-08-24: $10042021.00 (▲)
Software & Licenses	Server Management & Operating System Licenses	HPE OCA > DL380 Gen12 SFF > Software & Licenses > Server Management & Operating System Licenses	Option Component	Unlimited	0	Unlimited	Selection constraint for Server Management & Operating System Licenses: no max	R8V78AAE	Service	SUSE Linux Enterprise Server 1-2 Sockets Unlimited VM w/Live Patching 5-year 24x7 E-LTU	0	18000.00		NA		No	10/04/2021	01/04/2027	UNCHANGED	18000.00	$0.00	0.00%	2026-08-22: $18000.00 → 2026-08-24: $10042021.00 (▲)
Software & Licenses	Server Management & Operating System Licenses	HPE OCA > DL380 Gen12 SFF > Software & Licenses > Server Management & Operating System Licenses	Option Component	Unlimited	0	Unlimited	Selection constraint for Server Management & Operating System Licenses: no max	R8V79A	Service	SUSE Linux Enterprise Server 1-2 Sockets Unlimited VM w/Live Patching 5-year 9x5 Flexible LTU	0	10200.00		NA		No	10/04/2021	01/04/2027	UNCHANGED	10200.00	$0.00	0.00%	2026-08-22: $10200.00 → 2026-08-24: $10042021.00 (▲)
Software & Licenses	Server Management & Operating System Licenses	HPE OCA > DL380 Gen12 SFF > Software & Licenses > Server Management & Operating System Licenses	Option Component	Unlimited	0	Unlimited	Selection constraint for Server Management & Operating System Licenses: no max	R8V86AAE	Service	SUSE Manager Lifecycle Management 1-2 Sockets or 1-2 VM 1-year 24x7 E-LTU	0	268.00		NA		No	10/04/2021	01/04/2027	UNCHANGED	268.00	$0.00	0.00%	2026-08-22: $268.00 → 2026-08-24: $10042021.00 (▲)
Software & Licenses	Server Management & Operating System Licenses	HPE OCA > DL380 Gen12 SFF > Software & Licenses > Server Management & Operating System Licenses	Option Component	Unlimited	0	Unlimited	Selection constraint for Server Management & Operating System Licenses: no max	R8V87AAE	Service	SUSE Manager Lifecycle Management 1-2 Sockets Unlimited VM 1-year 24x7 E-LTU	0	806.00		NA		No	10/04/2021	01/04/2027	UNCHANGED	806.00	$0.00	0.00%	2026-08-22: $806.00 → 2026-08-24: $10042021.00 (▲)
Software & Licenses	Server Management & Operating System Licenses	HPE OCA > DL380 Gen12 SFF > Software & Licenses > Server Management & Operating System Licenses	Option Component	Unlimited	0	Unlimited	Selection constraint for Server Management & Operating System Licenses: no max	R8V88AAE	Service	SUSE Manager Lifecycle Management 1-2 Sockets or 1-2 VM 3-year 24x7 E-LTU	0	724.00		NA		No	10/04/2021	01/04/2027	UNCHANGED	724.00	$0.00	0.00%	2026-08-22: $724.00 → 2026-08-24: $10042021.00 (▲)
Software & Licenses	Server Management & Operating System Licenses	HPE OCA > DL380 Gen12 SFF > Software & Licenses > Server Management & Operating System Licenses	Option Component	Unlimited	0	Unlimited	Selection constraint for Server Management & Operating System Licenses: no max	R8V89AAE	Service	SUSE Manager Lifecycle Management 1-2 Sockets Unlimited VM 3-year 24x7 E-LTU	0	2180.00		NA		No	10/04/2021	01/04/2027	UNCHANGED	2180.00	$0.00	0.00%	2026-08-22: $2180.00 → 2026-08-24: $10042021.00 (▲)
Software & Licenses	Server Management & Operating System Licenses	HPE OCA > DL380 Gen12 SFF > Software & Licenses > Server Management & Operating System Licenses	Option Component	Unlimited	0	Unlimited	Selection constraint for Server Management & Operating System Licenses: no max	S0F21AAE	Service	SUSE Manager Lifecycle Management 1-2 Sockets or 1-2 VM 5-year 24x7 E-LTU	0	1210.00		NA		No	10/03/2022	09/30/2027	UNCHANGED	1210.00	$0.00	0.00%	2026-08-22: $1210.00 → 2026-08-24: $10032022.00 (▲)
Software & Licenses	Server Management & Operating System Licenses	HPE OCA > DL380 Gen12 SFF > Software & Licenses > Server Management & Operating System Licenses	Option Component	Unlimited	0	Unlimited	Selection constraint for Server Management & Operating System Licenses: no max	S0F22AAE	Service	SUSE Manager Lifecycle Management 1-2 Sockets Unlimited VM 5-year 24x7 E-LTU	0	3630.00		NA		No	10/03/2022	09/30/2027	UNCHANGED	3630.00	$0.00	0.00%	2026-08-22: $3630.00 → 2026-08-24: $10032022.00 (▲)
Software & Licenses	Server Management & Operating System Licenses	HPE OCA > DL380 Gen12 SFF > Software & Licenses > Server Management & Operating System Licenses	Option Component	Unlimited	0	Unlimited	Selection constraint for Server Management & Operating System Licenses: no max	S0F24AAE	Service	SUSE Linux Enterprise Server 1-2 Sockets Unlimited VM w/Live Patching 5-year 9x5 E-LTU	0	10200.00		NA		No	10/03/2022	09/30/2027	UNCHANGED	10200.00	$0.00	0.00%	2026-08-22: $10200.00 → 2026-08-24: $10032022.00 (▲)
Software & Licenses	Server Management & Operating System Licenses	HPE OCA > DL380 Gen12 SFF > Software & Licenses > Server Management & Operating System Licenses	Option Component	Unlimited	0	Unlimited	Selection constraint for Server Management & Operating System Licenses: no max	S0F25AAE	Service	SUSE Manager Lifecycle Management 1-2 Sockets or 1-2 VM 1-year 24x7 E-LTU	0	268.00		NA		No	10/03/2022	09/30/2027	UNCHANGED	268.00	$0.00	0.00%	2026-08-22: $268.00 → 2026-08-24: $10032022.00 (▲)
Software & Licenses	Server Management & Operating System Licenses	HPE OCA > DL380 Gen12 SFF > Software & Licenses > Server Management & Operating System Licenses	Option Component	Unlimited	0	Unlimited	Selection constraint for Server Management & Operating System Licenses: no max	S0F26AAE	Service	SUSE Manager Lifecycle Management 1-2 Sockets Unlimited VM 1-year 24x7 E-LTU	0	806.00		NA		No	10/03/2022	09/30/2027	UNCHANGED	806.00	$0.00	0.00%	2026-08-22: $806.00 → 2026-08-24: $10032022.00 (▲)
Software & Licenses	Server Management & Operating System Licenses	HPE OCA > DL380 Gen12 SFF > Software & Licenses > Server Management & Operating System Licenses	Option Component	Unlimited	0	Unlimited	Selection constraint for Server Management & Operating System Licenses: no max	S0F27AAE	Service	SUSE Manager Lifecycle Management 1-2 Sockets or 1-2 VM 3-year 24x7 E-LTU	0	724.00		NA		No	10/03/2022	09/30/2027	UNCHANGED	724.00	$0.00	0.00%	2026-08-22: $724.00 → 2026-08-24: $10032022.00 (▲)
Software & Licenses	Server Management & Operating System Licenses	HPE OCA > DL380 Gen12 SFF > Software & Licenses > Server Management & Operating System Licenses	Option Component	Unlimited	0	Unlimited	Selection constraint for Server Management & Operating System Licenses: no max	S0F28AAE	Service	SUSE Manager Lifecycle Management 1-2 Sockets Unlimited VM 3-year 24x7 E-LTU	0	2180.00		NA		No	10/03/2022	09/30/2027	UNCHANGED	2180.00	$0.00	0.00%	2026-08-22: $2180.00 → 2026-08-24: $10032022.00 (▲)
Software & Licenses	Server Management & Operating System Licenses	HPE OCA > DL380 Gen12 SFF > Software & Licenses > Server Management & Operating System Licenses	Option Component	Unlimited	0	Unlimited	Selection constraint for Server Management & Operating System Licenses: no max	S0F29AAE	Service	SUSE Manager Lifecycle Management 1-2 Sockets or 1-2 VM 5-year 24x7 E-LTU	0	1210.00		NA		No	10/03/2022	09/30/2027	UNCHANGED	1210.00	$0.00	0.00%	2026-08-22: $1210.00 → 2026-08-24: $10032022.00 (▲)
Software & Licenses	Server Management & Operating System Licenses	HPE OCA > DL380 Gen12 SFF > Software & Licenses > Server Management & Operating System Licenses	Option Component	Unlimited	0	Unlimited	Selection constraint for Server Management & Operating System Licenses: no max	S0F30AAE	Service	SUSE Manager Lifecycle Management 1-2 Sockets Unlimited VM 5-year 24x7 E-LTU	0	3630.00		NA		No	10/03/2022	09/30/2027	UNCHANGED	3630.00	$0.00	0.00%	2026-08-22: $3630.00 → 2026-08-24: $10032022.00 (▲)
Software & Licenses	Server Management & Operating System Licenses	HPE OCA > DL380 Gen12 SFF > Software & Licenses > Server Management & Operating System Licenses	Option Component	Unlimited	0	Unlimited	Selection constraint for Server Management & Operating System Licenses: no max	S7N77AAE	Service	SUSE Linux Enterprise Server for SAP Applications 1-2 Sockets Unlimited VM 3yr Sub 24x7 Sup E-LTU	0	18873.00		NA		No	03/02/2026	04/30/2028	UNCHANGED	18873.00	$0.00	0.00%	2026-08-22: $18873.00 → 2026-08-24: $3022026.00 (▲)
Software & Licenses	Server Management & Operating System Licenses	HPE OCA > DL380 Gen12 SFF > Software & Licenses > Server Management & Operating System Licenses	Option Component	Unlimited	0	Unlimited	Selection constraint for Server Management & Operating System Licenses: no max	S7N78AAE	Service	SUSE Linux Enterprise Server for SAP Applications 1-2 Sockets Unlimited VM 5yr Sub 24x7 Sup E-LTU	0	31455.00		NA		No	03/02/2026	04/30/2028	UNCHANGED	31455.00	$0.00	0.00%	2026-08-22: $31455.00 → 2026-08-24: $3022026.00 (▲)
Software & Licenses	Server Management & Operating System Licenses	HPE OCA > DL380 Gen12 SFF > Software & Licenses > Server Management & Operating System Licenses	Option Component	Unlimited	0	Unlimited	Selection constraint for Server Management & Operating System Licenses: no max	S7N87A	Service	SUSE Linux Enterprise Server for SAP Applications 1-2 Sockets Unlimited VM 3yr Sub 24x7 Sup Flex LTU	0	18873.00		NA		No	03/02/2026	04/30/2028	UNCHANGED	18873.00	$0.00	0.00%	2026-08-22: $18873.00 → 2026-08-24: $3022026.00 (▲)
Software & Licenses	Server Management & Operating System Licenses	HPE OCA > DL380 Gen12 SFF > Software & Licenses > Server Management & Operating System Licenses	Option Component	Unlimited	0	Unlimited	Selection constraint for Server Management & Operating System Licenses: no max	S7N88A	Service	SUSE Linux Enterprise Server for SAP Applications 1-2 Sockets Unlimited VM 5yr Sub 24x7 Sup Flex LTU	0	31455.00		NA		No	03/02/2026	04/30/2028	UNCHANGED	31455.00	$0.00	0.00%	2026-08-22: $31455.00 → 2026-08-24: $3022026.00 (▲)
Software & Licenses	Server Management & Operating System Licenses	HPE OCA > DL380 Gen12 SFF > Software & Licenses > Server Management & Operating System Licenses	Option Component	Unlimited	0	Unlimited	Selection constraint for Server Management & Operating System Licenses: no max	S7P10A	Service	SUSE Linux Enterprise Server for SAP Applications 1-2 Sockets Unlimited VM 3yr Sub 24x7 Sup Flex LTU	0	18873.00		NA		No	03/02/2026	04/30/2028	UNCHANGED	18873.00	$0.00	0.00%	2026-08-22: $18873.00 → 2026-08-24: $3022026.00 (▲)
Software & Licenses	Server Management & Operating System Licenses	HPE OCA > DL380 Gen12 SFF > Software & Licenses > Server Management & Operating System Licenses	Option Component	Unlimited	0	Unlimited	Selection constraint for Server Management & Operating System Licenses: no max	S7P11A	Service	SUSE Linux Enterprise Server for SAP Applications 1-2 Sockets Unlimited VM 5yr Sub 24x7 Sup Flex LTU	0	31455.00		NA		No	03/02/2026	04/30/2028	UNCHANGED	31455.00	$0.00	0.00%	2026-08-22: $31455.00 → 2026-08-24: $3022026.00 (▲)
Software & Licenses	Server Management & Operating System Licenses	HPE OCA > DL380 Gen12 SFF > Software & Licenses > Server Management & Operating System Licenses	Option Component	Unlimited	0	Unlimited	Selection constraint for Server Management & Operating System Licenses: no max	S7P12A	Service	SUSE Linux Enterprise Server for SAP Applications 1-2 Sockets or 1-2 VM 3-year Sub 24x7 Sup Flex LTU	0	7803.00		NA		No	03/02/2026	04/30/2028	UNCHANGED	7803.00	$0.00	0.00%	2026-08-22: $7803.00 → 2026-08-24: $3022026.00 (▲)
Software & Licenses	Server Management & Operating System Licenses	HPE OCA > DL380 Gen12 SFF > Software & Licenses > Server Management & Operating System Licenses	Option Component	Unlimited	0	Unlimited	Selection constraint for Server Management & Operating System Licenses: no max	S7P13A	Service	SUSE Linux Enterprise Server for SAP Applications 1-2 Sockets or 1-2 VM 5-year Sub 24x7 Sup Flex LTU	0	13005.00		NA		No	03/02/2026	04/30/2028	UNCHANGED	13005.00	$0.00	0.00%	2026-08-22: $13005.00 → 2026-08-24: $3022026.00 (▲)
Software & Licenses	Server Management & Operating System Licenses	HPE OCA > DL380 Gen12 SFF > Software & Licenses > Server Management & Operating System Licenses	Option Component	Unlimited	0	Unlimited	Selection constraint for Server Management & Operating System Licenses: no max	P77095-291	Standard	Microsoft Windows Server 2025 16-core Standard FIO Not Pre-installed Japanese SW	0	0		NA		No	12/02/2024	01/31/2027	UNCHANGED	N/A	$0.00	0.00%	2026-08-22: (no price) → 2026-08-24: $12022024.00
Software & Licenses	Server Management & Operating System Licenses	HPE OCA > DL380 Gen12 SFF > Software & Licenses > Server Management & Operating System Licenses	Option Component	Unlimited	0	Unlimited	Selection constraint for Server Management & Operating System Licenses: no max	P77095-B21	Standard	Microsoft Windows Server 2025 16-core Standard FIO Not Pre-installed en/fr/de/es/it/pt/nl SW	0	1147.00		NA		No	12/02/2024	01/31/2027	UNCHANGED	1147.00	$0.00	0.00%	2026-08-22: $1147.00 → 2026-08-24: $12022024.00 (▲)
Software & Licenses	Server Management & Operating System Licenses	HPE OCA > DL380 Gen12 SFF > Software & Licenses > Server Management & Operating System Licenses	Option Component	Unlimited	0	Unlimited	Selection constraint for Server Management & Operating System Licenses: no max	P77096-291	Standard	Microsoft Windows Server 2025 16-core Standard FIO Pre-installed UEFI Japanese SW	0	0		NA		No	12/02/2024	01/31/2027	UNCHANGED	N/A	$0.00	0.00%	2026-08-22: (no price) → 2026-08-24: $12022024.00
Software & Licenses	Server Management & Operating System Licenses	HPE OCA > DL380 Gen12 SFF > Software & Licenses > Server Management & Operating System Licenses	Option Component	Unlimited	0	Unlimited	Selection constraint for Server Management & Operating System Licenses: no max	P77096-B21	Standard	Microsoft Windows Server 2025 16-core Standard FIO Pre-installed UEFI en/fr/de/es/it/pt/nl SW	0	1147.00		NA		No	12/02/2024	01/31/2027	UNCHANGED	1147.00	$0.00	0.00%	2026-08-22: $1147.00 → 2026-08-24: $12022024.00 (▲)
Software & Licenses	Server Management & Operating System Licenses	HPE OCA > DL380 Gen12 SFF > Software & Licenses > Server Management & Operating System Licenses	Option Component	Unlimited	0	Unlimited	Selection constraint for Server Management & Operating System Licenses: no max	P77097-291	Standard	Microsoft Windows Server 2025 16-core Datacenter FIO Not Pre-installed Japanese SW	0	0		NA		No	12/02/2024	01/31/2027	UNCHANGED	N/A	$0.00	0.00%	2026-08-22: (no price) → 2026-08-24: $12022024.00
Software & Licenses	Server Management & Operating System Licenses	HPE OCA > DL380 Gen12 SFF > Software & Licenses > Server Management & Operating System Licenses	Option Component	Unlimited	0	Unlimited	Selection constraint for Server Management & Operating System Licenses: no max	P77104-B21	Standard	Microsoft Windows Server 2025 16-core Standard Additional License WW SW	0	1258.00		NA		No	12/02/2024	11/30/2027	UNCHANGED	1258.00	$0.00	0.00%	2026-08-22: $1258.00 → 2026-08-24: $12022024.00 (▲)
Software & Licenses	Server Management & Operating System Licenses	HPE OCA > DL380 Gen12 SFF > Software & Licenses > Server Management & Operating System Licenses	Option Component	Unlimited	0	Unlimited	Selection constraint for Server Management & Operating System Licenses: no max	P77105-B21	Standard	Microsoft Windows Server 2025 4-core Standard Additional License WW SW	0	320.00		NA		No	12/02/2024	11/30/2027	UNCHANGED	320.00	$0.00	0.00%	2026-08-22: $320.00 → 2026-08-24: $12022024.00 (▲)
Software & Licenses	Server Management & Operating System Licenses	HPE OCA > DL380 Gen12 SFF > Software & Licenses > Server Management & Operating System Licenses	Option Component	Unlimited	0	Unlimited	Selection constraint for Server Management & Operating System Licenses: no max	P77106-AA1	Standard	Microsoft Windows Server 2025 2-core Standard Additional License Chinese Simplified SW	0	0		NA		No	12/02/2024	11/30/2027	UNCHANGED	N/A	$0.00	0.00%	2026-08-22: (no price) → 2026-08-24: $12022024.00
Software & Licenses	Server Management & Operating System Licenses	HPE OCA > DL380 Gen12 SFF > Software & Licenses > Server Management & Operating System Licenses	Option Component	Unlimited	0	Unlimited	Selection constraint for Server Management & Operating System Licenses: no max	P77106-AB1	Standard	Microsoft Windows Server 2025 2-core Standard Additional License Chinese Traditional SW	0	0		NA		No	12/02/2024	11/30/2027	UNCHANGED	N/A	$0.00	0.00%	2026-08-22: (no price) → 2026-08-24: $12022024.00
Software & Licenses	Server Management & Operating System Licenses	HPE OCA > DL380 Gen12 SFF > Software & Licenses > Server Management & Operating System Licenses	Option Component	Unlimited	0	Unlimited	Selection constraint for Server Management & Operating System Licenses: no max	P77106-B21	Standard	Microsoft Windows Server 2025 2-core Standard Additional License WW SW	0	164.00		NA		No	12/02/2024	11/30/2027	UNCHANGED	164.00	$0.00	0.00%	2026-08-22: $164.00 → 2026-08-24: $12022024.00 (▲)
Software & Licenses	Server Management & Operating System Licenses	HPE OCA > DL380 Gen12 SFF > Software & Licenses > Server Management & Operating System Licenses	Option Component	Unlimited	0	Unlimited	Selection constraint for Server Management & Operating System Licenses: no max	P77107-B21	Standard	Microsoft Windows Server 2025 16-core Datacenter Additional License WW SW	0	5712.00		NA		No	12/02/2024	11/30/2027	UNCHANGED	5712.00	$0.00	0.00%	2026-08-22: $5712.00 → 2026-08-24: $12022024.00 (▲)
Software & Licenses	Server Management & Operating System Licenses	HPE OCA > DL380 Gen12 SFF > Software & Licenses > Server Management & Operating System Licenses	Option Component	Unlimited	0	Unlimited	Selection constraint for Server Management & Operating System Licenses: no max	P77108-B21	Standard	Microsoft Windows Server 2025 4-core Datacenter Additional License WW SW	0	1434.00		NA		No	12/02/2024	11/30/2027	UNCHANGED	1434.00	$0.00	0.00%	2026-08-22: $1434.00 → 2026-08-24: $12022024.00 (▲)
Software & Licenses	Server Management & Operating System Licenses	HPE OCA > DL380 Gen12 SFF > Software & Licenses > Server Management & Operating System Licenses	Option Component	Unlimited	0	Unlimited	Selection constraint for Server Management & Operating System Licenses: no max	P77109-B21	Standard	Microsoft Windows Server 2025 2-core Datacenter Additional License WW SW	0	721.00		NA		No	12/02/2024	11/30/2027	UNCHANGED	721.00	$0.00	0.00%	2026-08-22: $721.00 → 2026-08-24: $12022024.00 (▲)
Software & Licenses	Server Management & Operating System Licenses	HPE OCA > DL380 Gen12 SFF > Software & Licenses > Server Management & Operating System Licenses	Option Component	Unlimited	0	Unlimited	Selection constraint for Server Management & Operating System Licenses: no max	S6K30B	Service	Microsoft Windows Server 2025 16-core Standard FIO Not Pre-installed WW ESD LTU	0	1147.00		NA		No	09/02/2025	11/30/2027	UNCHANGED	1147.00	$0.00	0.00%	2026-08-22: $1147.00 → 2026-08-24: $9022025.00 (▲)
Software & Licenses	Server Management & Operating System Licenses	HPE OCA > DL380 Gen12 SFF > Software & Licenses > Server Management & Operating System Licenses	Option Component	Unlimited	0	Unlimited	Selection constraint for Server Management & Operating System Licenses: no max	S6L35B	Service	Microsoft Windows Server 2025 16-core Datacenter FIO Not Pre-installed WW ESD LTU	0	5712.00		NA		No	09/02/2025	11/30/2027	UNCHANGED	5712.00	$0.00	0.00%	2026-08-22: $5712.00 → 2026-08-24: $9022025.00 (▲)
Software & Licenses	Server Management & Operating System Licenses	HPE OCA > DL380 Gen12 SFF > Software & Licenses > Server Management & Operating System Licenses	Option Component	Unlimited	0	Unlimited	Selection constraint for Server Management & Operating System Licenses: no max	P45879-B21	Standard	Microsoft Windows Server 2019 16-core Downgrade Datacenter FIO Not Pre-installed English SW	0	20.00	NA	NA		No	12/06/2021	01/31/2027	UNCHANGED	20.00	$0.00	0.00%	2026-08-22: $20.00 → 2026-08-24: (no price)
Software & Licenses	Server Management & Operating System Licenses	HPE OCA > DL380 Gen12 SFF > Software & Licenses > Server Management & Operating System Licenses	Option Component	Unlimited	0	Unlimited	Selection constraint for Server Management & Operating System Licenses: no max	P45879-051	Standard	Microsoft Windows Server 2019 16-core Downgrade Datacenter FIO Not Pre-installed French SW	0	28.00	NA	NA		No	12/06/2021	01/31/2027	UNCHANGED	28.00	$0.00	0.00%	2026-08-22: $28.00 → 2026-08-24: (no price)
Software & Licenses	Server Management & Operating System Licenses	HPE OCA > DL380 Gen12 SFF > Software & Licenses > Server Management & Operating System Licenses	Option Component	Unlimited	0	Unlimited	Selection constraint for Server Management & Operating System Licenses: no max	P45879-041	Standard	Microsoft Windows Server 2019 16-core Downgrade Datacenter FIO Not Pre-installed German SW	0	20.00	NA	NA		No	12/06/2021	01/31/2027	UNCHANGED	20.00	$0.00	0.00%	2026-08-22: $20.00 → 2026-08-24: (no price)
Software & Licenses	Server Management & Operating System Licenses	HPE OCA > DL380 Gen12 SFF > Software & Licenses > Server Management & Operating System Licenses	Option Component	Unlimited	0	Unlimited	Selection constraint for Server Management & Operating System Licenses: no max	P45879-061	Standard	Microsoft Windows Server 2019 16-core Downgrade Datacenter FIO Not Pre-installed Italian SW	0	20.00	NA	NA		No	12/06/2021	01/31/2027	UNCHANGED	20.00	$0.00	0.00%	2026-08-22: $20.00 → 2026-08-24: (no price)
Software & Licenses	Server Management & Operating System Licenses	HPE OCA > DL380 Gen12 SFF > Software & Licenses > Server Management & Operating System Licenses	Option Component	Unlimited	0	Unlimited	Selection constraint for Server Management & Operating System Licenses: no max	P45879-291	Standard	Microsoft Windows Server 2019 16-core Downgrade Datacenter FIO Not Pre-installed Japanese SW	0	99999.00	NA	NA		No	12/06/2021	01/31/2027	UNCHANGED	99999.00	$0.00	0.00%	2026-08-22: $99999.00 → 2026-08-24: (no price)
Software & Licenses	Server Management & Operating System Licenses	HPE OCA > DL380 Gen12 SFF > Software & Licenses > Server Management & Operating System Licenses	Option Component	Unlimited	0	Unlimited	Selection constraint for Server Management & Operating System Licenses: no max	P45879-071	Standard	Microsoft Windows Server 2019 16-core Downgrade Datacenter FIO Not Pre-installed Spanish SW	0	20.00	NA	NA		No	12/06/2021	01/31/2027	UNCHANGED	20.00	$0.00	0.00%	2026-08-22: $20.00 → 2026-08-24: (no price)
Software & Licenses	Server Management & Operating System Licenses	HPE OCA > DL380 Gen12 SFF > Software & Licenses > Server Management & Operating System Licenses	Option Component	Unlimited	0	Unlimited	Selection constraint for Server Management & Operating System Licenses: no max	P45862-B21	Standard	Microsoft Windows Server 2019 16-core Downgrade Standard FIO Not Pre-installed English SW	0	28.00	NA	NA		No	12/06/2021	01/31/2027	UNCHANGED	28.00	$0.00	0.00%	2026-08-22: $28.00 → 2026-08-24: (no price)
Software & Licenses	Server Management & Operating System Licenses	HPE OCA > DL380 Gen12 SFF > Software & Licenses > Server Management & Operating System Licenses	Option Component	Unlimited	0	Unlimited	Selection constraint for Server Management & Operating System Licenses: no max	P45862-051	Standard	Microsoft Windows Server 2019 16-core Downgrade Standard FIO Not Pre-installed French SW	0	20.00	NA	NA		No	12/06/2021	01/31/2027	UNCHANGED	20.00	$0.00	0.00%	2026-08-22: $20.00 → 2026-08-24: (no price)
Software & Licenses	Server Management & Operating System Licenses	HPE OCA > DL380 Gen12 SFF > Software & Licenses > Server Management & Operating System Licenses	Option Component	Unlimited	0	Unlimited	Selection constraint for Server Management & Operating System Licenses: no max	P45862-041	Standard	Microsoft Windows Server 2019 16-core Downgrade Standard FIO Not Pre-installed German SW	0	28.00	NA	NA		No	12/06/2021	01/31/2027	UNCHANGED	28.00	$0.00	0.00%	2026-08-22: $28.00 → 2026-08-24: (no price)
Software & Licenses	Server Management & Operating System Licenses	HPE OCA > DL380 Gen12 SFF > Software & Licenses > Server Management & Operating System Licenses	Option Component	Unlimited	0	Unlimited	Selection constraint for Server Management & Operating System Licenses: no max	P45862-061	Standard	Microsoft Windows Server 2019 16-core Downgrade Standard FIO Not Pre-installed Italian SW	0	28.00	NA	NA		No	12/06/2021	01/31/2027	UNCHANGED	28.00	$0.00	0.00%	2026-08-22: $28.00 → 2026-08-24: (no price)
Software & Licenses	Server Management & Operating System Licenses	HPE OCA > DL380 Gen12 SFF > Software & Licenses > Server Management & Operating System Licenses	Option Component	Unlimited	0	Unlimited	Selection constraint for Server Management & Operating System Licenses: no max	P45862-291	Standard	Microsoft Windows Server 2019 16-core Downgrade Standard FIO Not Pre-installed Japanese SW	0	99999.00	NA	NA		No	12/06/2021	01/31/2027	UNCHANGED	99999.00	$0.00	0.00%	2026-08-22: $99999.00 → 2026-08-24: (no price)
Software & Licenses	Server Management & Operating System Licenses	HPE OCA > DL380 Gen12 SFF > Software & Licenses > Server Management & Operating System Licenses	Option Component	Unlimited	0	Unlimited	Selection constraint for Server Management & Operating System Licenses: no max	P45862-071	Standard	Microsoft Windows Server 2019 16-core Downgrade Standard FIO Not Pre-installed Spanish SW	0	28.00	NA	NA		No	12/06/2021	01/31/2027	UNCHANGED	28.00	$0.00	0.00%	2026-08-22: $28.00 → 2026-08-24: (no price)
Software & Licenses	Server Management & Operating System Licenses	HPE OCA > DL380 Gen12 SFF > Software & Licenses > Server Management & Operating System Licenses	Option Component	Unlimited	0	Unlimited	Selection constraint for Server Management & Operating System Licenses: no max	S6L47A	Service	Microsoft Windows Server 2019 Downgrade Datacenter FIO Not Pre-installed WW ESD LTU	0	20.00	NA	NA		No	09/02/2025	11/30/2027	UNCHANGED	20.00	$0.00	0.00%	2026-08-22: $20.00 → 2026-08-24: (no price)
Software & Licenses	Server Management & Operating System Licenses	HPE OCA > DL380 Gen12 SFF > Software & Licenses > Server Management & Operating System Licenses	Option Component	Unlimited	0	Unlimited	Selection constraint for Server Management & Operating System Licenses: no max	S6L45A	Service	Microsoft Windows Server 2019 Downgrade Datacenter Reseller Option Kit Japanese ESD LTU	0	20.00	NA	NA		No	09/02/2025	11/30/2027	UNCHANGED	20.00	$0.00	0.00%	2026-08-22: $20.00 → 2026-08-24: (no price)
Software & Licenses	Server Management & Operating System Licenses	HPE OCA > DL380 Gen12 SFF > Software & Licenses > Server Management & Operating System Licenses	Option Component	Unlimited	0	Unlimited	Selection constraint for Server Management & Operating System Licenses: no max	S6L46A	Service	Microsoft Windows Server 2019 Downgrade Standard FIO Not Pre-installed WW ESD LTU	0	20.00	NA	NA		No	09/02/2025	11/30/2027	UNCHANGED	20.00	$0.00	0.00%	2026-08-22: $20.00 → 2026-08-24: (no price)
Software & Licenses	Server Management & Operating System Licenses	HPE OCA > DL380 Gen12 SFF > Software & Licenses > Server Management & Operating System Licenses	Option Component	Unlimited	0	Unlimited	Selection constraint for Server Management & Operating System Licenses: no max	S6L44A	Service	Microsoft Windows Server 2019 Downgrade Standard Reseller Option Kit Japanese ESD LTU	0	20.00	NA	NA		No	09/02/2025	11/30/2027	UNCHANGED	20.00	$0.00	0.00%	2026-08-22: $20.00 → 2026-08-24: (no price)
Software & Licenses	Server Management & Operating System Licenses	HPE OCA > DL380 Gen12 SFF > Software & Licenses > Server Management & Operating System Licenses	Option Component	Unlimited	0	Unlimited	Selection constraint for Server Management & Operating System Licenses: no max	P77125-291	Standard	Microsoft Windows Server 2022 Downgrade Datacenter FIO Not Pre-installed Japanese SW	0	0	NA	NA		No	12/02/2024	01/31/2027	UNCHANGED	N/A	$0.00	0.00%	2026-08-22: (no price) → 2026-08-24: (no price)
Software & Licenses	Server Management & Operating System Licenses	HPE OCA > DL380 Gen12 SFF > Software & Licenses > Server Management & Operating System Licenses	Option Component	Unlimited	0	Unlimited	Selection constraint for Server Management & Operating System Licenses: no max	S6L48A	Service	Microsoft Windows Server 2022 Downgrade Datacenter FIO Not Pre-installed WW ESD LTU	0	33.00	NA	NA		No	09/02/2025	11/30/2027	UNCHANGED	33.00	$0.00	0.00%	2026-08-22: $33.00 → 2026-08-24: (no price)
Software & Licenses	Server Management & Operating System Licenses	HPE OCA > DL380 Gen12 SFF > Software & Licenses > Server Management & Operating System Licenses	Option Component	Unlimited	0	Unlimited	Selection constraint for Server Management & Operating System Licenses: no max	P77125-B21	Standard	Microsoft Windows Server 2022 Downgrade Datacenter FIO Not Pre-installed WW SW	0	33.00	NA	NA		No	12/02/2024	01/31/2027	UNCHANGED	33.00	$0.00	0.00%	2026-08-22: $33.00 → 2026-08-24: (no price)
Software & Licenses	Server Management & Operating System Licenses	HPE OCA > DL380 Gen12 SFF > Software & Licenses > Server Management & Operating System Licenses	Option Component	Unlimited	0	Unlimited	Selection constraint for Server Management & Operating System Licenses: no max	P77124-291	Standard	Microsoft Windows Server 2022 Downgrade Standard FIO Not Pre-installed Japanese SW	0	0	NA	NA		No	12/02/2024	01/31/2027	UNCHANGED	N/A	$0.00	0.00%	2026-08-22: (no price) → 2026-08-24: (no price)
Software & Licenses	Server Management & Operating System Licenses	HPE OCA > DL380 Gen12 SFF > Software & Licenses > Server Management & Operating System Licenses	Option Component	Unlimited	0	Unlimited	Selection constraint for Server Management & Operating System Licenses: no max	S6L43A	Service	Microsoft Windows Server 2022 Downgrade Standard FIO Not Pre-installed WW ESD LTU	0	33.00	NA	NA		No	09/02/2025	11/30/2027	UNCHANGED	33.00	$0.00	0.00%	2026-08-22: $33.00 → 2026-08-24: (no price)
Software & Licenses	Server Management & Operating System Licenses	HPE OCA > DL380 Gen12 SFF > Software & Licenses > Server Management & Operating System Licenses	Option Component	Unlimited	0	Unlimited	Selection constraint for Server Management & Operating System Licenses: no max	P77124-B21	Standard	Microsoft Windows Server 2022 Downgrade Standard FIO Not Pre-installed WW SW	0	33.00	NA	NA		No	12/02/2024	01/31/2027	UNCHANGED	33.00	$0.00	0.00%	2026-08-22: $33.00 → 2026-08-24: (no price)
Software & Licenses	Server Management & Operating System Licenses	HPE OCA > DL380 Gen12 SFF > Software & Licenses > Server Management & Operating System Licenses	Option Component	Unlimited	0	Unlimited	Selection constraint for Server Management & Operating System Licenses: no max	S6L41A	Service	Microsoft Windows Server 2022 Downgrade Standard Reseller Option Kit Japanese ESD LTU	0	33.00	NA	NA		No	09/02/2025	11/30/2027	UNCHANGED	33.00	$0.00	0.00%	2026-08-22: $33.00 → 2026-08-24: (no price)
Software & Licenses	Server Management & Operating System Licenses	HPE OCA > DL380 Gen12 SFF > Software & Licenses > Server Management & Operating System Licenses	Option Component	Unlimited	0	Unlimited	Selection constraint for Server Management & Operating System Licenses: no max	R6J26AAE	Service	Red Hat Ansible Automation Platform 100 Nodes 1yr Subscription 9x5 RH Support E-LTU	0	21544.00		NA		No	08/03/2020	09/30/2028	UNCHANGED	21544.00	$0.00	0.00%	2026-08-22: $21544.00 → 2026-08-24: $8032020.00 (▲)
Software & Licenses	Server Management & Operating System Licenses	HPE OCA > DL380 Gen12 SFF > Software & Licenses > Server Management & Operating System Licenses	Option Component	Unlimited	0	Unlimited	Selection constraint for Server Management & Operating System Licenses: no max	R6J33AAE	Service	Red Hat OpenShift Container Platform 2 Cores or 4 vCPUs 1yr Subscription 9x5 RH Support E-LTU	0	4475.00		NA		No	08/03/2020	09/30/2028	UNCHANGED	4475.00	$0.00	0.00%	2026-08-22: $4475.00 → 2026-08-24: $8032020.00 (▲)
Software & Licenses	Server Management & Operating System Licenses	HPE OCA > DL380 Gen12 SFF > Software & Licenses > Server Management & Operating System Licenses	Option Component	Unlimited	0	Unlimited	Selection constraint for Server Management & Operating System Licenses: no max	S3Z84AAE	Service	Red Hat OpenShift Container Platform Bare Metal 1 Physical Node 1yr Subscription 24x7 Support E-LTU	0	53719.00		NA		No	06/03/2024	07/03/2027	UNCHANGED	53719.00	$0.00	0.00%	2026-08-22: $53719.00 → 2026-08-24: $6032024.00 (▲)
Software & Licenses	Server Management & Operating System Licenses	HPE OCA > DL380 Gen12 SFF > Software & Licenses > Server Management & Operating System Licenses	Option Component	Unlimited	0	Unlimited	Selection constraint for Server Management & Operating System Licenses: no max	S3Z86AAE	Service	Red Hat OpenShift Container Platform Bare Metal 1 Physical Node 1yr Subscription 9x5 Support E-LTU	0	35808.00		NA		No	06/03/2024	07/03/2027	UNCHANGED	35808.00	$0.00	0.00%	2026-08-22: $35808.00 → 2026-08-24: $6032024.00 (▲)
Software & Licenses	Server Management & Operating System Licenses	HPE OCA > DL380 Gen12 SFF > Software & Licenses > Server Management & Operating System Licenses	Option Component	Unlimited	0	Unlimited	Selection constraint for Server Management & Operating System Licenses: no max	S3Z88AAE	Service	Red Hat OpenShift Container Platform Plus Bare Metal 1 Physical Node 1yr Subscription 24x7 Sup E-LTU	0	22385.00		NA		No	06/03/2024	07/03/2027	UNCHANGED	22385.00	$0.00	0.00%	2026-08-22: $22385.00 → 2026-08-24: $6032024.00 (▲)
Software & Licenses	Server Management & Operating System Licenses	HPE OCA > DL380 Gen12 SFF > Software & Licenses > Server Management & Operating System Licenses	Option Component	Unlimited	0	Unlimited	Selection constraint for Server Management & Operating System Licenses: no max	S3Z90AAE	Service	Red Hat OpenShift Container Platform Plus Bare Metal 1 Physical Node 1yr Subscription 9x5 Sup E-LTU	0	14999.00		NA		No	06/03/2024	07/03/2027	UNCHANGED	14999.00	$0.00	0.00%	2026-08-22: $14999.00 → 2026-08-24: $6032024.00 (▲)
Software & Licenses	Server Management & Operating System Licenses	HPE OCA > DL380 Gen12 SFF > Software & Licenses > Server Management & Operating System Licenses	Option Component	Unlimited	0	Unlimited	Selection constraint for Server Management & Operating System Licenses: no max	S6L39A	Service	Microsoft Windows Server 2025 10-core Essentials Reseller Option Kit WW ESD LTU	0	445.00		NA		No	09/02/2025	11/30/2027	UNCHANGED	445.00	$0.00	0.00%	2026-08-22: $445.00 → 2026-08-24: $9022025.00 (▲)
Software & Licenses	Server Management & Operating System Licenses	HPE OCA > DL380 Gen12 SFF > Software & Licenses > Server Management & Operating System Licenses	Option Component	Unlimited	0	Unlimited	Selection constraint for Server Management & Operating System Licenses: no max	P77102-291	Standard	Microsoft Windows Server 2025 16-core Datacenter Reassignment Reseller Option Kit Japanese SW	0	0		NA		No	12/02/2024	01/31/2027	UNCHANGED	N/A	$0.00	0.00%	2026-08-22: (no price) → 2026-08-24: $12022024.00
Software & Licenses	Server Management & Operating System Licenses	HPE OCA > DL380 Gen12 SFF > Software & Licenses > Server Management & Operating System Licenses	Option Component	Unlimited	0	Unlimited	Selection constraint for Server Management & Operating System Licenses: no max	S6L37A	Service	Microsoft Windows Server 2025 16-core Datacenter Reassignment Reseller Option Kit WW ESD LTU	0	7733.00		NA		No	09/02/2025	11/30/2027	UNCHANGED	7733.00	$0.00	0.00%	2026-08-22: $7733.00 → 2026-08-24: $9022025.00 (▲)
Software & Licenses	Server Management & Operating System Licenses	HPE OCA > DL380 Gen12 SFF > Software & Licenses > Server Management & Operating System Licenses	Option Component	Unlimited	0	Unlimited	Selection constraint for Server Management & Operating System Licenses: no max	P77102-B21	Standard	Microsoft Windows Server 2025 16-core Datacenter Reassignment Reseller Option Kit en/fr/de/es SW	0	7733.00		NA		No	12/02/2024	01/31/2027	UNCHANGED	7733.00	$0.00	0.00%	2026-08-22: $7733.00 → 2026-08-24: $12022024.00 (▲)
Software & Licenses	Server Management & Operating System Licenses	HPE OCA > DL380 Gen12 SFF > Software & Licenses > Server Management & Operating System Licenses	Option Component	Unlimited	0	Unlimited	Selection constraint for Server Management & Operating System Licenses: no max	P77101-AA1	Standard	Microsoft Windows Server 2025 16-core Datacenter Reseller Option Kit Chinese Simplified SW	0	0		NA		No	12/02/2024	01/31/2027	UNCHANGED	N/A	$0.00	0.00%	2026-08-22: (no price) → 2026-08-24: $12022024.00
Software & Licenses	Server Management & Operating System Licenses	HPE OCA > DL380 Gen12 SFF > Software & Licenses > Server Management & Operating System Licenses	Option Component	Unlimited	0	Unlimited	Selection constraint for Server Management & Operating System Licenses: no max	P77101-AB1	Standard	Microsoft Windows Server 2025 16-core Datacenter Reseller Option Kit Chinese Traditional SW	0	0		NA		No	12/02/2024	01/31/2027	UNCHANGED	N/A	$0.00	0.00%	2026-08-22: (no price) → 2026-08-24: $12022024.00
Software & Licenses	Server Management & Operating System Licenses	HPE OCA > DL380 Gen12 SFF > Software & Licenses > Server Management & Operating System Licenses	Option Component	Unlimited	0	Unlimited	Selection constraint for Server Management & Operating System Licenses: no max	P77101-291	Standard	Microsoft Windows Server 2025 16-core Datacenter Reseller Option Kit Japanese SW	0	0		NA		No	12/02/2024	01/31/2027	UNCHANGED	N/A	$0.00	0.00%	2026-08-22: (no price) → 2026-08-24: $12022024.00
Software & Licenses	Server Management & Operating System Licenses	HPE OCA > DL380 Gen12 SFF > Software & Licenses > Server Management & Operating System Licenses	Option Component	Unlimited	0	Unlimited	Selection constraint for Server Management & Operating System Licenses: no max	S6L36A	Service	Microsoft Windows Server 2025 16-core Datacenter Reseller Option Kit WW ESD LTU	0	5712.00		NA		No	09/02/2025	11/30/2027	UNCHANGED	5712.00	$0.00	0.00%	2026-08-22: $5712.00 → 2026-08-24: $9022025.00 (▲)
Software & Licenses	Server Management & Operating System Licenses	HPE OCA > DL380 Gen12 SFF > Software & Licenses > Server Management & Operating System Licenses	Option Component	Unlimited	0	Unlimited	Selection constraint for Server Management & Operating System Licenses: no max	P77101-021	Standard	Microsoft Windows Server 2025 16-core Datacenter Reseller Option Kit en/cs/pl/ru/sv SW	0	5712.00		NA		No	12/02/2024	01/31/2027	UNCHANGED	5712.00	$0.00	0.00%	2026-08-22: $5712.00 → 2026-08-24: $12022024.00 (▲)
Software & Licenses	Server Management & Operating System Licenses	HPE OCA > DL380 Gen12 SFF > Software & Licenses > Server Management & Operating System Licenses	Option Component	Unlimited	0	Unlimited	Selection constraint for Server Management & Operating System Licenses: no max	P77101-A21	Standard	Microsoft Windows Server 2025 16-core Datacenter Reseller Option Kit en/fr/de/es/it/pt/nl SW	0	5712.00		NA		No	12/02/2024	01/31/2027	UNCHANGED	5712.00	$0.00	0.00%	2026-08-22: $5712.00 → 2026-08-24: $12022024.00 (▲)
Software & Licenses	Server Management & Operating System Licenses	HPE OCA > DL380 Gen12 SFF > Software & Licenses > Server Management & Operating System Licenses	Option Component	Unlimited	0	Unlimited	Selection constraint for Server Management & Operating System Licenses: no max	P77101-DN1	Standard	Microsoft Windows Server 2025 16-core Datacenter Reseller Option Kit en/fr/es/xc SW	0	0		NA		No	12/02/2024	01/31/2027	UNCHANGED	N/A	$0.00	0.00%	2026-08-22: (no price) → 2026-08-24: $12022024.00
Software & Licenses	Server Management & Operating System Licenses	HPE OCA > DL380 Gen12 SFF > Software & Licenses > Server Management & Operating System Licenses	Option Component	Unlimited	0	Unlimited	Selection constraint for Server Management & Operating System Licenses: no max	P77101-371	Standard	Microsoft Windows Server 2025 16-core Datacenter Reseller Option Kit en/ko SW	0	0		NA		No	12/02/2024	01/31/2027	UNCHANGED	N/A	$0.00	0.00%	2026-08-22: (no price) → 2026-08-24: $12022024.00
Software & Licenses	Server Management & Operating System Licenses	HPE OCA > DL380 Gen12 SFF > Software & Licenses > Server Management & Operating System Licenses	Option Component	Unlimited	0	Unlimited	Selection constraint for Server Management & Operating System Licenses: no max	P77100-AA1	Standard	Microsoft Windows Server 2025 16-core Standard Reseller Option Kit Chinese Simplified SW	0	0		NA		No	12/02/2024	01/31/2027	UNCHANGED	N/A	$0.00	0.00%	2026-08-22: (no price) → 2026-08-24: $12022024.00
Software & Licenses	Server Management & Operating System Licenses	HPE OCA > DL380 Gen12 SFF > Software & Licenses > Server Management & Operating System Licenses	Option Component	Unlimited	0	Unlimited	Selection constraint for Server Management & Operating System Licenses: no max	P77100-AB1	Standard	Microsoft Windows Server 2025 16-core Standard Reseller Option Kit Chinese Traditional SW	0	0		NA		No	12/02/2024	01/31/2027	UNCHANGED	N/A	$0.00	0.00%	2026-08-22: (no price) → 2026-08-24: $12022024.00
Software & Licenses	Server Management & Operating System Licenses	HPE OCA > DL380 Gen12 SFF > Software & Licenses > Server Management & Operating System Licenses	Option Component	Unlimited	0	Unlimited	Selection constraint for Server Management & Operating System Licenses: no max	P77100-291	Standard	Microsoft Windows Server 2025 16-core Standard Reseller Option Kit Japanese SW	0	0		NA		No	12/02/2024	01/31/2027	UNCHANGED	N/A	$0.00	0.00%	2026-08-22: (no price) → 2026-08-24: $12022024.00
Software & Licenses	Server Management & Operating System Licenses	HPE OCA > DL380 Gen12 SFF > Software & Licenses > Server Management & Operating System Licenses	Option Component	Unlimited	0	Unlimited	Selection constraint for Server Management & Operating System Licenses: no max	S6L38A	Service	Microsoft Windows Server 2025 16-core Standard Reseller Option Kit WW ESD LTU	0	1147.00		NA		No	09/02/2025	11/30/2027	UNCHANGED	1147.00	$0.00	0.00%	2026-08-22: $1147.00 → 2026-08-24: $9022025.00 (▲)
Software & Licenses	Server Management & Operating System Licenses	HPE OCA > DL380 Gen12 SFF > Software & Licenses > Server Management & Operating System Licenses	Option Component	Unlimited	0	Unlimited	Selection constraint for Server Management & Operating System Licenses: no max	P77100-021	Standard	Microsoft Windows Server 2025 16-core Standard Reseller Option Kit en/cs/pl/ru/sv SW	0	1147.00		NA		No	12/02/2024	01/31/2027	UNCHANGED	1147.00	$0.00	0.00%	2026-08-22: $1147.00 → 2026-08-24: $12022024.00 (▲)
Software & Licenses	Server Management & Operating System Licenses	HPE OCA > DL380 Gen12 SFF > Software & Licenses > Server Management & Operating System Licenses	Option Component	Unlimited	0	Unlimited	Selection constraint for Server Management & Operating System Licenses: no max	P77100-A21	Standard	Microsoft Windows Server 2025 16-core Standard Reseller Option Kit en/fr/de/es/it/pt/nl SW	0	1147.00		NA		No	12/02/2024	01/31/2027	UNCHANGED	1147.00	$0.00	0.00%	2026-08-22: $1147.00 → 2026-08-24: $12022024.00 (▲)
Software & Licenses	Server Management & Operating System Licenses	HPE OCA > DL380 Gen12 SFF > Software & Licenses > Server Management & Operating System Licenses	Option Component	Unlimited	0	Unlimited	Selection constraint for Server Management & Operating System Licenses: no max	P77100-DN1	Standard	Microsoft Windows Server 2025 16-core Standard Reseller Option Kit en/fr/es/xc SW	0	0		NA		No	12/02/2024	01/31/2027	UNCHANGED	N/A	$0.00	0.00%	2026-08-22: (no price) → 2026-08-24: $12022024.00
Software & Licenses	Server Management & Operating System Licenses	HPE OCA > DL380 Gen12 SFF > Software & Licenses > Server Management & Operating System Licenses	Option Component	Unlimited	0	Unlimited	Selection constraint for Server Management & Operating System Licenses: no max	P77100-371	Standard	Microsoft Windows Server 2025 16-core Standard Reseller Option Kit en/ko SW	0	0		NA		No	12/02/2024	01/31/2027	UNCHANGED	N/A	$0.00	0.00%	2026-08-22: (no price) → 2026-08-24: $12022024.00
Software & Licenses	Server Management & Operating System Licenses	HPE OCA > DL380 Gen12 SFF > Software & Licenses > Server Management & Operating System Licenses	Option Component	Unlimited	0	Unlimited	Selection constraint for Server Management & Operating System Licenses: no max	S0E93AAE	Service	SUSE Linux Enterprise Micro 1-16 Cores 1-year Subscription 24x7 Support E-LTU	0	322.00		NA		No	10/03/2022	09/30/2027	UNCHANGED	322.00	$0.00	0.00%	2026-08-22: $322.00 → 2026-08-24: $10032022.00 (▲)
Software & Licenses	Server Management & Operating System Licenses	HPE OCA > DL380 Gen12 SFF > Software & Licenses > Server Management & Operating System Licenses	Option Component	Unlimited	0	Unlimited	Selection constraint for Server Management & Operating System Licenses: no max	S0E94AAE	Service	SUSE Linux Enterprise Micro 1-16 Cores 3-year Subscription 24x7 Support E-LTU	0	870.00		NA		No	10/03/2022	09/30/2027	UNCHANGED	870.00	$0.00	0.00%	2026-08-22: $870.00 → 2026-08-24: $10032022.00 (▲)
Software & Licenses	Server Management & Operating System Licenses	HPE OCA > DL380 Gen12 SFF > Software & Licenses > Server Management & Operating System Licenses	Option Component	Unlimited	0	Unlimited	Selection constraint for Server Management & Operating System Licenses: no max	S0E95AAE	Service	SUSE Linux Enterprise Micro 1-16 Cores 5-year Subscription 24x7 Support E-LTU	0	1451.00		NA		No	10/03/2022	09/30/2027	UNCHANGED	1451.00	$0.00	0.00%	2026-08-22: $1451.00 → 2026-08-24: $10032022.00 (▲)
Software & Licenses	Server Management & Operating System Licenses	HPE OCA > DL380 Gen12 SFF > Software & Licenses > Server Management & Operating System Licenses	Option Component	Unlimited	0	Unlimited	Selection constraint for Server Management & Operating System Licenses: no max	S7N75AAE	Service	SUSE Linux Enterprise Server for SAP Applications 1-2 Sockets or 1-2 VM 3-year Sub 24x7 Sup E-LTU	0	7803.00		NA		No	03/02/2026	04/30/2028	UNCHANGED	7803.00	$0.00	0.00%	2026-08-22: $7803.00 → 2026-08-24: $3022026.00 (▲)
Software & Licenses	Server Management & Operating System Licenses	HPE OCA > DL380 Gen12 SFF > Software & Licenses > Server Management & Operating System Licenses	Option Component	Unlimited	0	Unlimited	Selection constraint for Server Management & Operating System Licenses: no max	S7N76AAE	Service	SUSE Linux Enterprise Server for SAP Applications 1-2 Sockets or 1-2 VM 5-year Sub 24x7 Sup E-LTU	0	13005.00		NA		No	03/02/2026	04/30/2028	UNCHANGED	13005.00	$0.00	0.00%	2026-08-22: $13005.00 → 2026-08-24: $3022026.00 (▲)
Software & Licenses	Server Management & Operating System Licenses	HPE OCA > DL380 Gen12 SFF > Software & Licenses > Server Management & Operating System Licenses	Option Component	Unlimited	0	Unlimited	Selection constraint for Server Management & Operating System Licenses: no max	S7N79AAE	Service	SUSE Linux Enterprise Server w/SUSE Multi-Linux Mgr Lifecycle Mgmt+ 1-2 Skts/1-2 VM 1yr 24x7 E-LTU	0	1599.00		NA		No	03/02/2026	04/30/2028	UNCHANGED	1599.00	$0.00	0.00%	2026-08-22: $1599.00 → 2026-08-24: $3022026.00 (▲)
Software & Licenses	Server Management & Operating System Licenses	HPE OCA > DL380 Gen12 SFF > Software & Licenses > Server Management & Operating System Licenses	Option Component	Unlimited	0	Unlimited	Selection constraint for Server Management & Operating System Licenses: no max	S7N80AAE	Service	SUSE Linux Enterprise Server w/SUSE Multi-Linux Mgr Lifecycle Mgmt+ 1-2 Skts/1-2 VM 1yr 9x5 E-LTU	0	1099.00		NA		No	03/02/2026	04/30/2028	UNCHANGED	1099.00	$0.00	0.00%	2026-08-22: $1099.00 → 2026-08-24: $3022026.00 (▲)
Software & Licenses	Server Management & Operating System Licenses	HPE OCA > DL380 Gen12 SFF > Software & Licenses > Server Management & Operating System Licenses	Option Component	Unlimited	0	Unlimited	Selection constraint for Server Management & Operating System Licenses: no max	S7N81AAE	Service	SUSE Linux Enterprise Server w/SUSE Multi-Linux Mgr Lifecycle Mgmt+ 1-2 Skts/1-2 VM 3yr 24x7 E-LTU	0	4399.00		NA		No	03/02/2026	04/30/2028	UNCHANGED	4399.00	$0.00	0.00%	2026-08-22: $4399.00 → 2026-08-24: $3022026.00 (▲)
Software & Licenses	Server Management & Operating System Licenses	HPE OCA > DL380 Gen12 SFF > Software & Licenses > Server Management & Operating System Licenses	Option Component	Unlimited	0	Unlimited	Selection constraint for Server Management & Operating System Licenses: no max	S7N82AAE	Service	SUSE Linux Enterprise Server w/SUSE Multi-Linux Mgr Lifecycle Mgmt+ 1-2 Skts/1-2 VM 3yr 9x5 E-LTU	0	2990.00		NA		No	03/02/2026	04/30/2028	UNCHANGED	2990.00	$0.00	0.00%	2026-08-22: $2990.00 → 2026-08-24: $3022026.00 (▲)
Software & Licenses	Server Management & Operating System Licenses	HPE OCA > DL380 Gen12 SFF > Software & Licenses > Server Management & Operating System Licenses	Option Component	Unlimited	0	Unlimited	Selection constraint for Server Management & Operating System Licenses: no max	S7N83AAE	Service	SUSE Linux Enterprise Server w/SUSE Multi-Linux Mgr Lifecycle Mgmt+ 1-2 Skts/1-2 VM 5yr 24x7 E-LTU	0	7196.00		NA		No	03/02/2026	04/30/2028	UNCHANGED	7196.00	$0.00	0.00%	2026-08-22: $7196.00 → 2026-08-24: $3022026.00 (▲)
Software & Licenses	Server Management & Operating System Licenses	HPE OCA > DL380 Gen12 SFF > Software & Licenses > Server Management & Operating System Licenses	Option Component	Unlimited	0	Unlimited	Selection constraint for Server Management & Operating System Licenses: no max	S7N84AAE	Service	SUSE Linux Enterprise Server w/SUSE Multi-Linux Mgr Lifecycle Mgmt+ 1-2 Skts/1-2 VM 5yr 9x5 E-LTU	0	4946.00		NA		No	03/02/2026	04/30/2028	UNCHANGED	4946.00	$0.00	0.00%	2026-08-22: $4946.00 → 2026-08-24: $3022026.00 (▲)
Software & Licenses	Server Management & Operating System Licenses	HPE OCA > DL380 Gen12 SFF > Software & Licenses > Server Management & Operating System Licenses	Option Component	Unlimited	0	Unlimited	Selection constraint for Server Management & Operating System Licenses: no max	S7N85A	Service	SUSE Linux Enterprise Server for SAP Applications 1-2 Sockets or 1-2 VM 3-year Sub 24x7 Support LTU	0	7803.00		NA		No	03/02/2026	04/30/2028	UNCHANGED	7803.00	$0.00	0.00%	2026-08-22: $7803.00 → 2026-08-24: $3022026.00 (▲)
Software & Licenses	Server Management & Operating System Licenses	HPE OCA > DL380 Gen12 SFF > Software & Licenses > Server Management & Operating System Licenses	Option Component	Unlimited	0	Unlimited	Selection constraint for Server Management & Operating System Licenses: no max	S7N86A	Service	SUSE Linux Enterprise Server for SAP Applications 1-2 Sockets or 1-2 VM 5-year Sub 24x7 Support LTU	0	13005.00		NA		No	03/02/2026	04/30/2028	UNCHANGED	13005.00	$0.00	0.00%	2026-08-22: $13005.00 → 2026-08-24: $3022026.00 (▲)
Software & Licenses	Server Management & Operating System Licenses	HPE OCA > DL380 Gen12 SFF > Software & Licenses > Server Management & Operating System Licenses	Option Component	Unlimited	0	Unlimited	Selection constraint for Server Management & Operating System Licenses: no max	S7N89A	Service	SUSE Linux Enterprise Server w/SUSE Multi-Linux Mgr Lifecycle Mgmt+ 1-2 Skts/1-2 VM 1yr 24x7 LTU	0	1599.00		NA		No	03/02/2026	04/30/2028	UNCHANGED	1599.00	$0.00	0.00%	2026-08-22: $1599.00 → 2026-08-24: $3022026.00 (▲)
Software & Licenses	Server Management & Operating System Licenses	HPE OCA > DL380 Gen12 SFF > Software & Licenses > Server Management & Operating System Licenses	Option Component	Unlimited	0	Unlimited	Selection constraint for Server Management & Operating System Licenses: no max	S7N90A	Service	SUSE Linux Enterprise Server w/SUSE Multi-Linux Mgr Lifecycle Mgmt+ 1-2 Skts/1-2 VM 1yr 9x5 LTU	0	1099.00		NA		No	03/02/2026	04/30/2028	UNCHANGED	1099.00	$0.00	0.00%	2026-08-22: $1099.00 → 2026-08-24: $3022026.00 (▲)
Software & Licenses	Server Management & Operating System Licenses	HPE OCA > DL380 Gen12 SFF > Software & Licenses > Server Management & Operating System Licenses	Option Component	Unlimited	0	Unlimited	Selection constraint for Server Management & Operating System Licenses: no max	S7N91A	Service	SUSE Linux Enterprise Server w/SUSE Multi-Linux Mgr Lifecycle Mgmt+ 1-2 Skts/1-2 VM 3yr 24x7 LTU	0	4399.00		NA		No	03/02/2026	04/30/2028	UNCHANGED	4399.00	$0.00	0.00%	2026-08-22: $4399.00 → 2026-08-24: $3022026.00 (▲)
Software & Licenses	Server Management & Operating System Licenses	HPE OCA > DL380 Gen12 SFF > Software & Licenses > Server Management & Operating System Licenses	Option Component	Unlimited	0	Unlimited	Selection constraint for Server Management & Operating System Licenses: no max	S7N92A	Service	SUSE Linux Enterprise Server w/SUSE Multi-Linux Mgr Lifecycle Mgmt+ 1-2 Skts/1-2 VM 3yr 9x5 LTU	0	2990.00		NA		No	03/02/2026	04/30/2028	UNCHANGED	2990.00	$0.00	0.00%	2026-08-22: $2990.00 → 2026-08-24: $3022026.00 (▲)
Software & Licenses	Server Management & Operating System Licenses	HPE OCA > DL380 Gen12 SFF > Software & Licenses > Server Management & Operating System Licenses	Option Component	Unlimited	0	Unlimited	Selection constraint for Server Management & Operating System Licenses: no max	S7N93A	Service	SUSE Linux Enterprise Server w/SUSE Multi-Linux Mgr Lifecycle Mgmt+ 1-2 Skts/1-2 VM 5yr 24x7 LTU	0	7196.00		NA		No	03/02/2026	04/30/2028	UNCHANGED	7196.00	$0.00	0.00%	2026-08-22: $7196.00 → 2026-08-24: $3022026.00 (▲)
Software & Licenses	Server Management & Operating System Licenses	HPE OCA > DL380 Gen12 SFF > Software & Licenses > Server Management & Operating System Licenses	Option Component	Unlimited	0	Unlimited	Selection constraint for Server Management & Operating System Licenses: no max	S7N94A	Service	SUSE Linux Enterprise Server w/SUSE Multi-Linux Mgr Lifecycle Mgmt+ 1-2 Skts/1-2 VM 5yr 9x5 LTU	0	4946.00		NA		No	03/02/2026	04/30/2028	UNCHANGED	4946.00	$0.00	0.00%	2026-08-22: $4946.00 → 2026-08-24: $3022026.00 (▲)
Software & Licenses	Server Management & Operating System Licenses	HPE OCA > DL380 Gen12 SFF > Software & Licenses > Server Management & Operating System Licenses	Option Component	Unlimited	0	Unlimited	Selection constraint for Server Management & Operating System Licenses: no max	S7N95AAE	Service	SUSE Linux Enterprise Server 1-2 Sockets 1-year Subscription 24x7 Support E-LTU	0	1299.00		NA		No	03/02/2026	04/30/2028	UNCHANGED	1299.00	$0.00	0.00%	2026-08-22: $1299.00 → 2026-08-24: $3022026.00 (▲)
Software & Licenses	Server Management & Operating System Licenses	HPE OCA > DL380 Gen12 SFF > Software & Licenses > Server Management & Operating System Licenses	Option Component	Unlimited	0	Unlimited	Selection constraint for Server Management & Operating System Licenses: no max	S7N96AAE	Service	SUSE Linux Enterprise Server 1-2 Sockets 3-year Subscription 24x7 Support E-LTU	0	3507.00		NA		No	03/02/2026	04/30/2028	UNCHANGED	3507.00	$0.00	0.00%	2026-08-22: $3507.00 → 2026-08-24: $3022026.00 (▲)
Software & Licenses	Server Management & Operating System Licenses	HPE OCA > DL380 Gen12 SFF > Software & Licenses > Server Management & Operating System Licenses	Option Component	Unlimited	0	Unlimited	Selection constraint for Server Management & Operating System Licenses: no max	S7N97AAE	Service	SUSE Linux Enterprise Server 1-2 Sockets 5-year Subscription 24x7 Support E-LTU	0	5846.00		NA		No	03/02/2026	04/30/2028	UNCHANGED	5846.00	$0.00	0.00%	2026-08-22: $5846.00 → 2026-08-24: $3022026.00 (▲)
Software & Licenses	Server Management & Operating System Licenses	HPE OCA > DL380 Gen12 SFF > Software & Licenses > Server Management & Operating System Licenses	Option Component	Unlimited	0	Unlimited	Selection constraint for Server Management & Operating System Licenses: no max	S7N98AAE	Service	SUSE Linux Enterprise Server 1 VM 1-year Subscription 24x7 Support E-LTU	0	699.00		NA		No	03/02/2026	04/30/2028	UNCHANGED	699.00	$0.00	0.00%	2026-08-22: $699.00 → 2026-08-24: $3022026.00 (▲)
Software & Licenses	Server Management & Operating System Licenses	HPE OCA > DL380 Gen12 SFF > Software & Licenses > Server Management & Operating System Licenses	Option Component	Unlimited	0	Unlimited	Selection constraint for Server Management & Operating System Licenses: no max	S7N99AAE	Service	SUSE Linux Enterprise Server 1 VM 3-year Subscription 24x7 Support E-LTU	0	1887.00		NA		No	03/02/2026	04/30/2028	UNCHANGED	1887.00	$0.00	0.00%	2026-08-22: $1887.00 → 2026-08-24: $3022026.00 (▲)
Software & Licenses	Server Management & Operating System Licenses	HPE OCA > DL380 Gen12 SFF > Software & Licenses > Server Management & Operating System Licenses	Option Component	Unlimited	0	Unlimited	Selection constraint for Server Management & Operating System Licenses: no max	S7P00AAE	Service	SUSE Linux Enterprise Server 1 VM 5-year Subscription 24x7 Support E-LTU	0	3146.00		NA		No	03/02/2026	04/30/2028	UNCHANGED	3146.00	$0.00	0.00%	2026-08-22: $3146.00 → 2026-08-24: $3022026.00 (▲)
Software & Licenses	Server Management & Operating System Licenses	HPE OCA > DL380 Gen12 SFF > Software & Licenses > Server Management & Operating System Licenses	Option Component	Unlimited	0	Unlimited	Selection constraint for Server Management & Operating System Licenses: no max	S5Q81AAE	Service	HPE Morpheus VM Essentials Software per Socket 1-year E-LTU	0	600.00		NA		No	12/02/2024	01/31/2028	UNCHANGED	600.00	$0.00	0.00%	2026-08-22: $600.00 → 2026-08-24: $12022024.00 (▲)
Software & Licenses	Server Management & Operating System Licenses	HPE OCA > DL380 Gen12 SFF > Software & Licenses > Server Management & Operating System Licenses	Option Component	Unlimited	0	Unlimited	Selection constraint for Server Management & Operating System Licenses: no max	S5Q82AAE	Service	HPE Morpheus VM Essentials Software per Socket 3-year E-LTU	0	1800.00		NA		No	12/02/2024	01/31/2028	UNCHANGED	1800.00	$0.00	0.00%	2026-08-22: $1800.00 → 2026-08-24: $12022024.00 (▲)
Software & Licenses	Server Management & Operating System Licenses	HPE OCA > DL380 Gen12 SFF > Software & Licenses > Server Management & Operating System Licenses	Option Component	Unlimited	0	Unlimited	Selection constraint for Server Management & Operating System Licenses: no max	S5Q83AAE	Service	HPE Morpheus VM Essentials Software per Socket 5-year E-LTU	0	3000.00		NA		No	12/02/2024	01/31/2028	UNCHANGED	3000.00	$0.00	0.00%	2026-08-22: $3000.00 → 2026-08-24: $12022024.00 (▲)
Software & Licenses	Server Management & Operating System Licenses	HPE OCA > DL380 Gen12 SFF > Software & Licenses > Server Management & Operating System Licenses	Option Component	Unlimited	0	Unlimited	Selection constraint for Server Management & Operating System Licenses: no max	G3J22AAE	Service	Red Hat Enterprise Linux for Virtual Datacenters 2 Sockets 1 Year Subscription 24x7 Support E-LTU	0	4839.00		NA		No	03/31/2014	09/30/2028	UNCHANGED	4839.00	$0.00	0.00%	2026-08-22: $4839.00 → 2026-08-24: $3312014.00 (▲)
Software & Licenses	Server Management & Operating System Licenses	HPE OCA > DL380 Gen12 SFF > Software & Licenses > Server Management & Operating System Licenses	Option Component	Unlimited	0	Unlimited	Selection constraint for Server Management & Operating System Licenses: no max	G3J23AAE	Service	Red Hat Enterprise Linux for Virtual Datacenters 2 Sockets 1 Year Subscription 9x5 Support E-LTU	0	3024.00		NA		No	03/31/2014	09/30/2028	UNCHANGED	3024.00	$0.00	0.00%	2026-08-22: $3024.00 → 2026-08-24: $3312014.00 (▲)
Software & Licenses	Server Management & Operating System Licenses	HPE OCA > DL380 Gen12 SFF > Software & Licenses > Server Management & Operating System Licenses	Option Component	Unlimited	0	Unlimited	Selection constraint for Server Management & Operating System Licenses: no max	G3J24AAE	Service	Red Hat Enterprise Linux for Virtual Datacenters 2 Sockets 3 Year Subscription 24x7 Support E-LTU	0	14516.00		NA		No	03/31/2014	09/30/2028	UNCHANGED	14516.00	$0.00	0.00%	2026-08-22: $14516.00 → 2026-08-24: $3312014.00 (▲)
Software & Licenses	Server Management & Operating System Licenses	HPE OCA > DL380 Gen12 SFF > Software & Licenses > Server Management & Operating System Licenses	Option Component	Unlimited	0	Unlimited	Selection constraint for Server Management & Operating System Licenses: no max	G3J25AAE	Service	Red Hat Enterprise Linux for Virtual Datacenters 2 Sockets 3 Year Subscription 9x5 Support E-LTU	0	9072.00		NA		No	03/31/2014	09/30/2028	UNCHANGED	9072.00	$0.00	0.00%	2026-08-22: $9072.00 → 2026-08-24: $3312014.00 (▲)
Software & Licenses	Server Management & Operating System Licenses	HPE OCA > DL380 Gen12 SFF > Software & Licenses > Server Management & Operating System Licenses	Option Component	Unlimited	0	Unlimited	Selection constraint for Server Management & Operating System Licenses: no max	G3J26AAE	Service	Red Hat Enterprise Linux for Virtual Datacenters 2 Sockets 5 Year Subscription 24x7 Support E-LTU	0	24194.00		NA		No	03/31/2014	09/30/2028	UNCHANGED	24194.00	$0.00	0.00%	2026-08-22: $24194.00 → 2026-08-24: $3312014.00 (▲)
Software & Licenses	Server Management & Operating System Licenses	HPE OCA > DL380 Gen12 SFF > Software & Licenses > Server Management & Operating System Licenses	Option Component	Unlimited	0	Unlimited	Selection constraint for Server Management & Operating System Licenses: no max	G3J27AAE	Service	Red Hat Enterprise Linux for Virtual Datacenters 2 Sockets 5 Year Subscription 9x5 Support E-LTU	0	15119.00		NA		No	03/31/2014	09/30/2028	UNCHANGED	15119.00	$0.00	0.00%	2026-08-22: $15119.00 → 2026-08-24: $3312014.00 (▲)
Software & Licenses	Server Management & Operating System Licenses	HPE OCA > DL380 Gen12 SFF > Software & Licenses > Server Management & Operating System Licenses	Option Component	Unlimited	0	Unlimited	Selection constraint for Server Management & Operating System Licenses: no max	G3J28AAE	Service	Red Hat Enterprise Linux Server 2 Sockets or 2 Guests 1 Year Subscription 24x7 Support E-LTU	0	1429.00		NA		No	03/31/2014	09/30/2028	UNCHANGED	1429.00	$0.00	0.00%	2026-08-22: $1429.00 → 2026-08-24: $3312014.00 (▲)
Software & Licenses	Server Management & Operating System Licenses	HPE OCA > DL380 Gen12 SFF > Software & Licenses > Server Management & Operating System Licenses	Option Component	Unlimited	0	Unlimited	Selection constraint for Server Management & Operating System Licenses: no max	G3J29AAE	Service	Red Hat Enterprise Linux Server 2 Sockets or 2 Guests 1 Year Subscription 9x5 Support E-LTU	0	879.00		NA		No	03/31/2014	09/30/2028	UNCHANGED	879.00	$0.00	0.00%	2026-08-22: $879.00 → 2026-08-24: $3312014.00 (▲)
Software & Licenses	Server Management & Operating System Licenses	HPE OCA > DL380 Gen12 SFF > Software & Licenses > Server Management & Operating System Licenses	Option Component	Unlimited	0	Unlimited	Selection constraint for Server Management & Operating System Licenses: no max	G3J30AAE	Service	Red Hat Enterprise Linux Server 2 Sockets or 2 Guests 3 Year Subscription 24x7 Support E-LTU	0	4287.00		NA		No	03/31/2014	09/30/2028	UNCHANGED	4287.00	$0.00	0.00%	2026-08-22: $4287.00 → 2026-08-24: $3312014.00 (▲)
Software & Licenses	Server Management & Operating System Licenses	HPE OCA > DL380 Gen12 SFF > Software & Licenses > Server Management & Operating System Licenses	Option Component	Unlimited	0	Unlimited	Selection constraint for Server Management & Operating System Licenses: no max	G3J31AAE	Service	Red Hat Enterprise Linux Server 2 Sockets or 2 Guests 3 Year Subscription 9x5 Support E-LTU	0	2637.00		NA		No	03/31/2014	09/30/2028	UNCHANGED	2637.00	$0.00	0.00%	2026-08-22: $2637.00 → 2026-08-24: $3312014.00 (▲)
Software & Licenses	Server Management & Operating System Licenses	HPE OCA > DL380 Gen12 SFF > Software & Licenses > Server Management & Operating System Licenses	Option Component	Unlimited	0	Unlimited	Selection constraint for Server Management & Operating System Licenses: no max	G3J32AAE	Service	RHEL Server 2 Sckt/2 Gst 5yr 24x7 E-LTU	0	7145.00		NA		No	03/31/2014	09/30/2028	UNCHANGED	7145.00	$0.00	0.00%	2026-08-22: $7145.00 → 2026-08-24: $3312014.00 (▲)
Software & Licenses	Server Management & Operating System Licenses	HPE OCA > DL380 Gen12 SFF > Software & Licenses > Server Management & Operating System Licenses	Option Component	Unlimited	0	Unlimited	Selection constraint for Server Management & Operating System Licenses: no max	G3J33AAE	Service	Red Hat Enterprise Linux Server 2 Sockets or Guests 5 Year Subscription 9x5 Support E-LTU	0	4395.00		NA		No	03/31/2014	09/30/2028	UNCHANGED	4395.00	$0.00	0.00%	2026-08-22: $4395.00 → 2026-08-24: $3312014.00 (▲)
Software & Licenses	Server Management & Operating System Licenses	HPE OCA > DL380 Gen12 SFF > Software & Licenses > Server Management & Operating System Licenses	Option Component	Unlimited	0	Unlimited	Selection constraint for Server Management & Operating System Licenses: no max	G5J62AAE	Service	Red Hat Enterprise Linux Server 2 Sockets 4 Guests 1 Year Subscription 24x7 Support E-LTU	0	2144.00		NA		No	03/31/2014	09/30/2028	UNCHANGED	2144.00	$0.00	0.00%	2026-08-22: $2144.00 → 2026-08-24: $3312014.00 (▲)
Software & Licenses	Server Management & Operating System Licenses	HPE OCA > DL380 Gen12 SFF > Software & Licenses > Server Management & Operating System Licenses	Option Component	Unlimited	0	Unlimited	Selection constraint for Server Management & Operating System Licenses: no max	G5J63AAE	Service	Red Hat Enterprise Linux Server 2 Sockets 4 Guests 1 Year Subscription 9x5 Support E-LTU	0	1319.00		NA		No	03/31/2014	09/30/2028	UNCHANGED	1319.00	$0.00	0.00%	2026-08-22: $1319.00 → 2026-08-24: $3312014.00 (▲)
Software & Licenses	Server Management & Operating System Licenses	HPE OCA > DL380 Gen12 SFF > Software & Licenses > Server Management & Operating System Licenses	Option Component	Unlimited	0	Unlimited	Selection constraint for Server Management & Operating System Licenses: no max	G5J64AAE	Service	Red Hat Enterprise Linux Server 2 Sockets 4 Guests 3 Year Subscription 24x7 Support E-LTU	0	6432.00		NA		No	03/31/2014	09/30/2028	UNCHANGED	6432.00	$0.00	0.00%	2026-08-22: $6432.00 → 2026-08-24: $3312014.00 (▲)
Software & Licenses	Server Management & Operating System Licenses	HPE OCA > DL380 Gen12 SFF > Software & Licenses > Server Management & Operating System Licenses	Option Component	Unlimited	0	Unlimited	Selection constraint for Server Management & Operating System Licenses: no max	G5J65AAE	Service	Red Hat Enterprise Linux Server 2 Sockets 4 Guests 3 Year Subscription 9x5 Support E-LTU	0	3957.00		NA		No	03/31/2014	09/30/2028	UNCHANGED	3957.00	$0.00	0.00%	2026-08-22: $3957.00 → 2026-08-24: $3312014.00 (▲)
Software & Licenses	Server Management & Operating System Licenses	HPE OCA > DL380 Gen12 SFF > Software & Licenses > Server Management & Operating System Licenses	Option Component	Unlimited	0	Unlimited	Selection constraint for Server Management & Operating System Licenses: no max	J8J35AAE	Service	Red Hat Enterprise Linux Server 2 Sockets 1 Guest 1 Year Subscription 9x5 Support E-LTU	0	879.00		NA		No	08/18/2014	09/30/2028	UNCHANGED	879.00	$0.00	0.00%	2026-08-22: $879.00 → 2026-08-24: $8182014.00 (▲)
Software & Licenses	Server Management & Operating System Licenses	HPE OCA > DL380 Gen12 SFF > Software & Licenses > Server Management & Operating System Licenses	Option Component	Unlimited	0	Unlimited	Selection constraint for Server Management & Operating System Licenses: no max	J8J36AAE	Service	Red Hat Enterprise Linux Server 2 Sockets 1 Guest 1 Year Subscription 24x7 Support E-LTU	0	1429.00		NA		No	08/18/2014	09/30/2028	UNCHANGED	1429.00	$0.00	0.00%	2026-08-22: $1429.00 → 2026-08-24: $8182014.00 (▲)
Software & Licenses	Server Management & Operating System Licenses	HPE OCA > DL380 Gen12 SFF > Software & Licenses > Server Management & Operating System Licenses	Option Component	Unlimited	0	Unlimited	Selection constraint for Server Management & Operating System Licenses: no max	S4R31A	Service	Red Hat Enterprise Linux Virtual Datacenter 2 Sockets 1-year Subscription 24x7 Support LTU	0	4839.00		NA		No	10/07/2024	11/03/2027	UNCHANGED	4839.00	$0.00	0.00%	2026-08-22: $4839.00 → 2026-08-24: $10072024.00 (▲)
Software & Licenses	Server Management & Operating System Licenses	HPE OCA > DL380 Gen12 SFF > Software & Licenses > Server Management & Operating System Licenses	Option Component	Unlimited	0	Unlimited	Selection constraint for Server Management & Operating System Licenses: no max	S4R32A	Service	Red Hat Enterprise Linux Virtual Datacenter 2 Sockets 3-year Subscription 24x7 Support LTU	0	14516.00		NA		No	10/07/2024	11/03/2027	UNCHANGED	14516.00	$0.00	0.00%	2026-08-22: $14516.00 → 2026-08-24: $10072024.00 (▲)
Software & Licenses	Server Management & Operating System Licenses	HPE OCA > DL380 Gen12 SFF > Software & Licenses > Server Management & Operating System Licenses	Option Component	Unlimited	0	Unlimited	Selection constraint for Server Management & Operating System Licenses: no max	S4R33A	Service	Red Hat Enterprise Linux Virtual Datacenter 2 Sockets 5-year Subscription 24x7 Support LTU	0	24194.00		NA		No	10/07/2024	11/03/2027	UNCHANGED	24194.00	$0.00	0.00%	2026-08-22: $24194.00 → 2026-08-24: $10072024.00 (▲)
Software & Licenses	Server Management & Operating System Licenses	HPE OCA > DL380 Gen12 SFF > Software & Licenses > Server Management & Operating System Licenses	Option Component	Unlimited	0	Unlimited	Selection constraint for Server Management & Operating System Licenses: no max	S4R34A	Service	Red Hat Enterprise Linux Virtual Datacenter 2 Sockets 1-year Subscription 9x5 Support LTU	0	3024.00		NA		No	10/07/2024	11/03/2027	UNCHANGED	3024.00	$0.00	0.00%	2026-08-22: $3024.00 → 2026-08-24: $10072024.00 (▲)
Software & Licenses	Server Management & Operating System Licenses	HPE OCA > DL380 Gen12 SFF > Software & Licenses > Server Management & Operating System Licenses	Option Component	Unlimited	0	Unlimited	Selection constraint for Server Management & Operating System Licenses: no max	S4R35A	Service	Red Hat Enterprise Linux Virtual Datacenter 2 Sockets 3-year Subscription 9x5 Support LTU	0	9072.00		NA		No	10/07/2024	11/03/2027	UNCHANGED	9072.00	$0.00	0.00%	2026-08-22: $9072.00 → 2026-08-24: $10072024.00 (▲)
Software & Licenses	Server Management & Operating System Licenses	HPE OCA > DL380 Gen12 SFF > Software & Licenses > Server Management & Operating System Licenses	Option Component	Unlimited	0	Unlimited	Selection constraint for Server Management & Operating System Licenses: no max	S4R36A	Service	Red Hat Enterprise Linux Virtual Datacenter 2 Sockets 5-year Subscription 9x5 Support LTU	0	15119.00		NA		No	10/07/2024	11/03/2027	UNCHANGED	15119.00	$0.00	0.00%	2026-08-22: $15119.00 → 2026-08-24: $10072024.00 (▲)
Software & Licenses	Server Management & Operating System Licenses	HPE OCA > DL380 Gen12 SFF > Software & Licenses > Server Management & Operating System Licenses	Option Component	Unlimited	0	Unlimited	Selection constraint for Server Management & Operating System Licenses: no max	S4R37A	Service	Red Hat Enterprise Linux Server 2 Sockets or 2 Guests 1-year Subscription 24x7 Support LTU	0	1429.00		NA		No	10/07/2024	11/03/2027	UNCHANGED	1429.00	$0.00	0.00%	2026-08-22: $1429.00 → 2026-08-24: $10072024.00 (▲)
Software & Licenses	Server Management & Operating System Licenses	HPE OCA > DL380 Gen12 SFF > Software & Licenses > Server Management & Operating System Licenses	Option Component	Unlimited	0	Unlimited	Selection constraint for Server Management & Operating System Licenses: no max	S4R38A	Service	Red Hat Enterprise Linux Server 2 Sockets or 2 Guests 3-year Subscription 24x7 Support LTU	0	4072.00		NA		No	10/07/2024	11/03/2027	UNCHANGED	4072.00	$0.00	0.00%	2026-08-22: $4072.00 → 2026-08-24: $10072024.00 (▲)
Software & Licenses	Server Management & Operating System Licenses	HPE OCA > DL380 Gen12 SFF > Software & Licenses > Server Management & Operating System Licenses	Option Component	Unlimited	0	Unlimited	Selection constraint for Server Management & Operating System Licenses: no max	S4R39A	Service	Red Hat Enterprise Linux Server 2 Sockets or 2 Guests 5-year Subscription 24x7 Support LTU	0	6787.00		NA		No	10/07/2024	11/03/2027	UNCHANGED	6787.00	$0.00	0.00%	2026-08-22: $6787.00 → 2026-08-24: $10072024.00 (▲)
Software & Licenses	Server Management & Operating System Licenses	HPE OCA > DL380 Gen12 SFF > Software & Licenses > Server Management & Operating System Licenses	Option Component	Unlimited	0	Unlimited	Selection constraint for Server Management & Operating System Licenses: no max	S4R40A	Service	Red Hat Enterprise Linux Server 2 Sockets or 2 Guests 1-year Subscription 9x5 Support LTU	0	879.00		NA		No	10/07/2024	11/03/2027	UNCHANGED	879.00	$0.00	0.00%	2026-08-22: $879.00 → 2026-08-24: $10072024.00 (▲)
Software & Licenses	Server Management & Operating System Licenses	HPE OCA > DL380 Gen12 SFF > Software & Licenses > Server Management & Operating System Licenses	Option Component	Unlimited	0	Unlimited	Selection constraint for Server Management & Operating System Licenses: no max	S4R41A	Service	Red Hat Enterprise Linux Server 2 Sockets or 2 Guests 3-year Subscription 9x5 Support LTU	0	2505.00		NA		No	10/07/2024	11/03/2027	UNCHANGED	2505.00	$0.00	0.00%	2026-08-22: $2505.00 → 2026-08-24: $10072024.00 (▲)
Software & Licenses	Server Management & Operating System Licenses	HPE OCA > DL380 Gen12 SFF > Software & Licenses > Server Management & Operating System Licenses	Option Component	Unlimited	0	Unlimited	Selection constraint for Server Management & Operating System Licenses: no max	S4R42A	Service	Red Hat Enterprise Linux Server 2 Sockets or 2 Guests 5-year Subscription 9x5 Support LTU	0	4175.00		NA		No	10/07/2024	11/03/2027	UNCHANGED	4175.00	$0.00	0.00%	2026-08-22: $4175.00 → 2026-08-24: $10072024.00 (▲)
Software & Licenses	Server Management & Operating System Licenses	HPE OCA > DL380 Gen12 SFF > Software & Licenses > Server Management & Operating System Licenses	Option Component	Unlimited	0	Unlimited	Selection constraint for Server Management & Operating System Licenses: no max	S4R43A	Service	Red Hat Enterprise Linux Server 2 Sockets 1 Guest 1-year Subscription 24x7 Support LTU	0	1429.00		NA		No	10/07/2024	11/03/2027	UNCHANGED	1429.00	$0.00	0.00%	2026-08-22: $1429.00 → 2026-08-24: $10072024.00 (▲)
Software & Licenses	Server Management & Operating System Licenses	HPE OCA > DL380 Gen12 SFF > Software & Licenses > Server Management & Operating System Licenses	Option Component	Unlimited	0	Unlimited	Selection constraint for Server Management & Operating System Licenses: no max	S4R44A	Service	Red Hat Enterprise Linux Server 2 Sockets 1 Guest 1-year Subscription 9x5 Support LTU	0	879.00		NA		No	10/07/2024	11/03/2027	UNCHANGED	879.00	$0.00	0.00%	2026-08-22: $879.00 → 2026-08-24: $10072024.00 (▲)
Software & Licenses	Server Management & Operating System Licenses	HPE OCA > DL380 Gen12 SFF > Software & Licenses > Server Management & Operating System Licenses	Option Component	Unlimited	0	Unlimited	Selection constraint for Server Management & Operating System Licenses: no max	S4R45A	Service	Red Hat Enterprise Linux Server 2 Sockets 4 Guests 1-year Subscription 24x7 Support LTU	0	2144.00		NA		No	10/07/2024	11/03/2027	UNCHANGED	2144.00	$0.00	0.00%	2026-08-22: $2144.00 → 2026-08-24: $10072024.00 (▲)
Software & Licenses	Server Management & Operating System Licenses	HPE OCA > DL380 Gen12 SFF > Software & Licenses > Server Management & Operating System Licenses	Option Component	Unlimited	0	Unlimited	Selection constraint for Server Management & Operating System Licenses: no max	S4R46A	Service	Red Hat Enterprise Linux Server 2 Sockets 4 Guests 1-year Subscription 9x5 Support LTU	0	1319.00		NA		No	10/07/2024	11/03/2027	UNCHANGED	1319.00	$0.00	0.00%	2026-08-22: $1319.00 → 2026-08-24: $10072024.00 (▲)
Software & Licenses	Server Management & Operating System Licenses	HPE OCA > DL380 Gen12 SFF > Software & Licenses > Server Management & Operating System Licenses	Option Component	Unlimited	0	Unlimited	Selection constraint for Server Management & Operating System Licenses: no max	S4R47A	Service	Red Hat Enterprise Linux Server 2 Sockets 4 Guests 3-year Subscription 24x7 Support LTU	0	6110.00		NA		No	10/07/2024	11/03/2027	UNCHANGED	6110.00	$0.00	0.00%	2026-08-22: $6110.00 → 2026-08-24: $10072024.00 (▲)
Software & Licenses	Server Management & Operating System Licenses	HPE OCA > DL380 Gen12 SFF > Software & Licenses > Server Management & Operating System Licenses	Option Component	Unlimited	0	Unlimited	Selection constraint for Server Management & Operating System Licenses: no max	S4R48A	Service	Red Hat Enterprise Linux Server 2 Sockets 4 Guests 3-year Subscription 9x5 Support LTU	0	3759.00		NA		No	10/07/2024	11/03/2027	UNCHANGED	3759.00	$0.00	0.00%	2026-08-22: $3759.00 → 2026-08-24: $10072024.00 (▲)
Processor	Intel Xeon 6th Gen Scalable Processors	HPE OCA > DL380 Gen12 SFF > Processor > Intel Xeon 6th Gen Scalable Processors	Option Component	min 1, max 2	1	2	Selection constraint for Intel Xeon 6th Gen Scalable Processors: min 1, max 2	H1SR4AS	CTO	HPE Service Credit	0	0.00				Yes	04/27/2016		UNCHANGED	N/A	$0.00	0.00%	2026-08-22: (no price) → 2026-08-24: (no price)
Processor	Intel Xeon 6th Gen Scalable Processors	HPE OCA > DL380 Gen12 SFF > Processor > Intel Xeon 6th Gen Scalable Processors	Option Component	min 1, max 2	1	2	Selection constraint for Intel Xeon 6th Gen Scalable Processors: min 1, max 2	H0JD4A5	CTO	HPE 5Y Service Credits 10 Per Yr SVC	0	0.00				Yes	05/02/2016		UNCHANGED	N/A	$0.00	0.00%	2026-08-22: (no price) → 2026-08-24: (no price)
Processor	Intel Xeon 6th Gen Scalable Processors	HPE OCA > DL380 Gen12 SFF > Processor > Intel Xeon 6th Gen Scalable Processors	Option Component	min 1, max 2	1	2	Selection constraint for Intel Xeon 6th Gen Scalable Processors: min 1, max 2	H39VPA1	CTO	HPE Technology Remote Installation and Startup Service	0	0.00				Yes	07/24/2023		UNCHANGED	N/A	$0.00	0.00%	2026-08-22: (no price) → 2026-08-24: (no price)
Processor	Intel Xeon 6th Gen Scalable Processors	HPE OCA > DL380 Gen12 SFF > Processor > Intel Xeon 6th Gen Scalable Processors	Option Component	min 1, max 2	1	2	Selection constraint for Intel Xeon 6th Gen Scalable Processors: min 1, max 2	HU4A6A5	CTO	HPE 5Y Tech Care Essential Service	0	0.00				Yes	03/01/2021		UNCHANGED	N/A	$0.00	0.00%	2026-08-22: (no price) → 2026-08-24: (no price)
Processor	Intel Xeon 6th Gen Scalable Processors	HPE OCA > DL380 Gen12 SFF > Processor > Intel Xeon 6th Gen Scalable Processors	Option Component	min 1, max 2	1	2	Selection constraint for Intel Xeon 6th Gen Scalable Processors: min 1, max 2	HU4A6A50C4V	CTO	HPE DL380 Gen12 Support	0	15924.00				Yes	03/01/2021		UNCHANGED	15924.00	$0.00	0.00%	2026-08-22: $15924.00 → 2026-08-24: $15924.00
Accessories & Infrastructure	System Options	HPE OCA > DL380 Gen12 SFF > Accessories & Infrastructure > System Options	Option Component	Optional	0	Optional	Selection constraint for System Options: optional	HA545A1	Service	HPE Custom Compute Deployment SVC	0	0.00				No			ADDED	N/A	$0.00	0.00%	2026-08-24: (no price)
Accessories & Infrastructure	System Options	HPE OCA > DL380 Gen12 SFF > Accessories & Infrastructure > System Options	Option Component	Optional	0	Optional	Selection constraint for System Options: optional	HK033A1	Service	HPE MCS Deployment Unit of SVC	0	0.00				No			ADDED	N/A	$0.00	0.00%	2026-08-24: (no price)
Accessories & Infrastructure	System Options	HPE OCA > DL380 Gen12 SFF > Accessories & Infrastructure > System Options	Option Component	Optional	0	Optional	Selection constraint for System Options: optional	H6B14A1	Service	HPE Svr OS Patch Analysis 1st Inst SVC	0	0.00				No			ADDED	N/A	$0.00	0.00%	2026-08-24: (no price)
Accessories & Infrastructure	System Options	HPE OCA > DL380 Gen12 SFF > Accessories & Infrastructure > System Options	Option Component	Optional	0	Optional	Selection constraint for System Options: optional	H5UM7A1	Service	HPE Compute Relocation Service	0	0.00				No			ADDED	N/A	$0.00	0.00%	2026-08-24: (no price)
Accessories & Infrastructure	System Options	HPE OCA > DL380 Gen12 SFF > Accessories & Infrastructure > System Options	Option Component	Optional	0	Optional	Selection constraint for System Options: optional	H2S79A1	Service	HPE Remot NW Conf and IntHr BusHrs SVC	0	0.00				No			ADDED	N/A	$0.00	0.00%	2026-08-24: (no price)
Accessories & Infrastructure	System Options	HPE OCA > DL380 Gen12 SFF > Accessories & Infrastructure > System Options	Option Component	Optional	0	Optional	Selection constraint for System Options: optional	H29BRA1	Service	HPE Cray Team Day SVC	0	0.00				No			ADDED	N/A	$0.00	0.00%	2026-08-24: (no price)
Accessories & Infrastructure	System Options	HPE OCA > DL380 Gen12 SFF > Accessories & Infrastructure > System Options	Option Component	Optional	0	Optional	Selection constraint for System Options: optional	HU7D2A1	Service	HPE Synergy Ecosystem Health Review SVC	0	0.00				No			ADDED	N/A	$0.00	0.00%	2026-08-24: (no price)
Accessories & Infrastructure	System Options	HPE OCA > DL380 Gen12 SFF > Accessories & Infrastructure > System Options	Option Component	Optional	0	Optional	Selection constraint for System Options: optional	HM0C3A1	Service	HPE OS Re-Inst for HANA T1-3 AH Rmt1 SVC	0	0.00				No			ADDED	N/A	$0.00	0.00%	2026-08-24: (no price)
Processor	Intel Xeon Scalable Processors	HPE OCA > DL380 Gen12 SFF > Processor > Intel Xeon Scalable Processors	Option Component	min 1, max 2	1	2	Selection constraint for Intel Xeon Scalable Processors: min 1, max 2	H33XSA1	Service	HPE Education - Learning Credits 1Yr SVC	0	0.00				No			ADDED	N/A	$0.00	0.00%	2026-08-24: (no price)
Processor	Intel Xeon Scalable Processors	HPE OCA > DL380 Gen12 SFF > Processor > Intel Xeon Scalable Processors	Option Component	min 1, max 2	1	2	Selection constraint for Intel Xeon Scalable Processors: min 1, max 2	H33XVA3	Service	HPE Education - Learning Credits 3Yr SVC	0	0.00				No			ADDED	N/A	$0.00	0.00%	2026-08-24: (no price)
Processor	Intel Xeon Scalable Processors	HPE OCA > DL380 Gen12 SFF > Processor > Intel Xeon Scalable Processors	Option Component	min 1, max 2	1	2	Selection constraint for Intel Xeon Scalable Processors: min 1, max 2	H33XWA4	Service	HPE Education - Learning Credits 4Yr SVC	0	0.00				No			ADDED	N/A	$0.00	0.00%	2026-08-24: (no price)
Processor	Intel Xeon Scalable Processors	HPE OCA > DL380 Gen12 SFF > Processor > Intel Xeon Scalable Processors	Option Component	min 1, max 2	1	2	Selection constraint for Intel Xeon Scalable Processors: min 1, max 2	H33XXA5	Service	HPE Education - Learning Credits 5Yr SVC	0	0.00				No			ADDED	N/A	$0.00	0.00%	2026-08-24: (no price)
Processor	Intel Xeon Scalable Processors	HPE OCA > DL380 Gen12 SFF > Processor > Intel Xeon Scalable Processors	Option Component	min 1, max 2	1	2	Selection constraint for Intel Xeon Scalable Processors: min 1, max 2	HA0Z0A1	Service	HPE DL 1Yr Other 1GB Content Hosted SVC	0	0.00				No			ADDED	N/A	$0.00	0.00%	2026-08-24: (no price)
Processor	Intel Xeon Scalable Processors	HPE OCA > DL380 Gen12 SFF > Processor > Intel Xeon Scalable Processors	Option Component	min 1, max 2	1	2	Selection constraint for Intel Xeon Scalable Processors: min 1, max 2	H33XTA2	Service	HPE Education - Learning Credits 2Yr SVC	0	0.00				No			ADDED	N/A	$0.00	0.00%	2026-08-24: (no price)
Processor	Intel Xeon Scalable Processors	HPE OCA > DL380 Gen12 SFF > Processor > Intel Xeon Scalable Processors	Option Component	min 1, max 2	1	2	Selection constraint for Intel Xeon Scalable Processors: min 1, max 2	HR2R4A1	Service	HPE Digital Learner Bronze 1Yr Subs SVC	0	0.00				No			ADDED	N/A	$0.00	0.00%	2026-08-24: (no price)
Processor	Intel Xeon Scalable Processors	HPE OCA > DL380 Gen12 SFF > Processor > Intel Xeon Scalable Processors	Option Component	min 1, max 2	1	2	Selection constraint for Intel Xeon Scalable Processors: min 1, max 2	HR2R5A1	Service	HPE Digital Learner Silver 1Yr Subs SVC	0	0.00				No			ADDED	N/A	$0.00	0.00%	2026-08-24: (no price)
Processor	Intel Xeon Scalable Processors	HPE OCA > DL380 Gen12 SFF > Processor > Intel Xeon Scalable Processors	Option Component	min 1, max 2	1	2	Selection constraint for Intel Xeon Scalable Processors: min 1, max 2	HR2R6A1	Service	HPE Digital Learner Gold 1Yr Subs SVC	0	0.00				No			ADDED	N/A	$0.00	0.00%	2026-08-24: (no price)
Processor	Intel Xeon Scalable Processors	HPE OCA > DL380 Gen12 SFF > Processor > Intel Xeon Scalable Processors	Option Component	min 1, max 2	1	2	Selection constraint for Intel Xeon Scalable Processors: min 1, max 2	HV9V8A1	Service	HPE Digital Learner SMB 1Yr Subs SVC	0	0.00				No			ADDED	N/A	$0.00	0.00%	2026-08-24: (no price)
Accessories & Infrastructure	System Options	HPE OCA > DL380 Gen12 SFF > Accessories & Infrastructure > System Options	Option Component	Optional	0	Optional	Selection constraint for System Options: optional	H36VWA1	Service	HPE Storage VM Migration 50 VM SVC	0	0.00				No			ADDED	N/A	$0.00	0.00%	2026-08-24: (no price)
Accessories & Infrastructure	System Options	HPE OCA > DL380 Gen12 SFF > Accessories & Infrastructure > System Options	Option Component	Optional	0	Optional	Selection constraint for System Options: optional	H36VXA1	Service	HPE Storage VM Migration 150 VM SVC	0	0.00				No			ADDED	N/A	$0.00	0.00%	2026-08-24: (no price)
Accessories & Infrastructure	System Options	HPE OCA > DL380 Gen12 SFF > Accessories & Infrastructure > System Options	Option Component	Optional	0	Optional	Selection constraint for System Options: optional	H36WBA1	Service	HPE Storage VM Migration 5 VM Zerto SVC	0	0.00				No			ADDED	N/A	$0.00	0.00%	2026-08-24: (no price)
Accessories & Infrastructure	System Options	HPE OCA > DL380 Gen12 SFF > Accessories & Infrastructure > System Options	Option Component	Optional	0	Optional	Selection constraint for System Options: optional	H36WCA1	Service	HPE Storage VM Migration 20 VM Zerto SVC	0	0.00				No			ADDED	N/A	$0.00	0.00%	2026-08-24: (no price)
Accessories & Infrastructure	System Options	HPE OCA > DL380 Gen12 SFF > Accessories & Infrastructure > System Options	Option Component	Optional	0	Optional	Selection constraint for System Options: optional	H7B28A1	Service	HPE Data Storage 5 Day Onsite SVC	0	0.00				No			ADDED	N/A	$0.00	0.00%	2026-08-24: (no price)
Accessories & Infrastructure	System Options	HPE OCA > DL380 Gen12 SFF > Accessories & Infrastructure > System Options	Option Component	Optional	0	Optional	Selection constraint for System Options: optional	HU6S2A1	Service	HPE Data Storage 5 Day Remote SVC	0	0.00				No			ADDED	N/A	$0.00	0.00%	2026-08-24: (no price)
Accessories & Infrastructure	System Options	HPE OCA > DL380 Gen12 SFF > Accessories & Infrastructure > System Options	Option Component	Optional	0	Optional	Selection constraint for System Options: optional	HU6S3A1	Service	HPE Data Storage 1 Day Remote SVC	0	0.00				No			ADDED	N/A	$0.00	0.00%	2026-08-24: (no price)
Accessories & Infrastructure	System Options	HPE OCA > DL380 Gen12 SFF > Accessories & Infrastructure > System Options	Option Component	Optional	0	Optional	Selection constraint for System Options: optional	469776-715	Standard	HPE Add Generic Packaging Kit	0	1.00				No			ADDED	N/A	+$1.00	+100.00%	2026-08-24: $1.00
Accessories & Infrastructure	System Options	HPE OCA > DL380 Gen12 SFF > Accessories & Infrastructure > System Options	Option Component	Optional	0	Optional	Selection constraint for System Options: optional	AL583A	Standard	BOM Level ATC-1175-MSN Asset Tag	0	0.01				No			ADDED	N/A	+$0.01	+100.00%	2026-08-24: $0.01
Accessories & Infrastructure	System Options	HPE OCA > DL380 Gen12 SFF > Accessories & Infrastructure > System Options	Option Component	Optional	0	Optional	Selection constraint for System Options: optional	H4F41A1	Service	HPE Factory Express Standard Unit of SVC	0	19.00				No			ADDED	N/A	+$19.00	+100.00%	2026-08-24: $19.00
Accessories & Infrastructure	System Options	HPE OCA > DL380 Gen12 SFF > Accessories & Infrastructure > System Options	Option Component	Optional	0	Optional	Selection constraint for System Options: optional	H4F42A1	Service	HPE Factory Express Complex Unit of SVC	0	1850.00				No			ADDED	N/A	+$1850.00	+100.00%	2026-08-24: $1850.00
Accessories & Infrastructure	System Options	HPE OCA > DL380 Gen12 SFF > Accessories & Infrastructure > System Options	Option Component	Optional	0	Optional	Selection constraint for System Options: optional	HA453A1-001	Standard	HPE FE Proliant Svr Pkg 3 SVC	0	205.00				No			ADDED	N/A	+$205.00	+100.00%	2026-08-24: $205.00
Accessories & Infrastructure	System Options	HPE OCA > DL380 Gen12 SFF > Accessories & Infrastructure > System Options	Option Component	Optional	0	Optional	Selection constraint for System Options: optional	HA453A1-003	Standard	HPE FE Multi-node Svr Pkg 3 SVC	0	315.00				No			ADDED	N/A	+$315.00	+100.00%	2026-08-24: $315.00
Accessories & Infrastructure	System Options	HPE OCA > DL380 Gen12 SFF > Accessories & Infrastructure > System Options	Option Component	Optional	0	Optional	Selection constraint for System Options: optional	HA453A1-012	Standard	HPE FE SUS 32x0 Expansion Package 3 SVC	0	100.00				No			ADDED	N/A	+$100.00	+100.00%	2026-08-24: $100.00
Accessories & Infrastructure	System Options	HPE OCA > DL380 Gen12 SFF > Accessories & Infrastructure > System Options	Option Component	Optional	0	Optional	Selection constraint for System Options: optional	HA453A1-013	Standard	HPE FE SUS 32x0 Package 3 SVC	0	503.00				No			ADDED	N/A	+$503.00	+100.00%	2026-08-24: $503.00
Accessories & Infrastructure	System Options	HPE OCA > DL380 Gen12 SFF > Accessories & Infrastructure > System Options	Option Component	Optional	0	Optional	Selection constraint for System Options: optional	HA838A1	Service	HPE Hardware Customization Service	0	29.00				No			ADDED	N/A	+$29.00	+100.00%	2026-08-24: $29.00
Accessories & Infrastructure	System Options	HPE OCA > DL380 Gen12 SFF > Accessories & Infrastructure > System Options	Option Component	Optional	0	Optional	Selection constraint for System Options: optional	HA839A1	Service	HPE System Settings Customization Service	0	35.00				No			ADDED	N/A	+$35.00	+100.00%	2026-08-24: $35.00
Accessories & Infrastructure	System Options	HPE OCA > DL380 Gen12 SFF > Accessories & Infrastructure > System Options	Option Component	Optional	0	Optional	Selection constraint for System Options: optional	HA840A1	Service	HPE Supplied Asset Tag Service	0	15.00				No			ADDED	N/A	+$15.00	+100.00%	2026-08-24: $15.00
Accessories & Infrastructure	System Options	HPE OCA > DL380 Gen12 SFF > Accessories & Infrastructure > System Options	Option Component	Optional	0	Optional	Selection constraint for System Options: optional	HA841A1	Service	HPE Customer Supplied Asset Tag Service	0	26.00				No			ADDED	N/A	+$26.00	+100.00%	2026-08-24: $26.00
Accessories & Infrastructure	System Options	HPE OCA > DL380 Gen12 SFF > Accessories & Infrastructure > System Options	Option Component	Optional	0	Optional	Selection constraint for System Options: optional	HA843A1	Service	HPE Customer Supplied Image Load Service	0	118.00				No			ADDED	N/A	+$118.00	+100.00%	2026-08-24: $118.00
Accessories & Infrastructure	System Options	HPE OCA > DL380 Gen12 SFF > Accessories & Infrastructure > System Options	Option Component	Optional	0	Optional	Selection constraint for System Options: optional	HA844A1	Service	HPE 3rd Party Hardware Install Service	0	28.00				No			ADDED	N/A	+$28.00	+100.00%	2026-08-24: $28.00
Accessories & Infrastructure	System Options	HPE OCA > DL380 Gen12 SFF > Accessories & Infrastructure > System Options	Option Component	Optional	0	Optional	Selection constraint for System Options: optional	HA846A1	Service	HPE VPN Access Service	0	275.00				No			ADDED	N/A	+$275.00	+100.00%	2026-08-24: $275.00
Accessories & Infrastructure	System Options	HPE OCA > DL380 Gen12 SFF > Accessories & Infrastructure > System Options	Option Component	Optional	0	Optional	Selection constraint for System Options: optional	HA848A1	Service	HPE Firmware Revision Service	0	26.00				No			ADDED	N/A	+$26.00	+100.00%	2026-08-24: $26.00
Accessories & Infrastructure	System Options	HPE OCA > DL380 Gen12 SFF > Accessories & Infrastructure > System Options	Option Component	Optional	0	Optional	Selection constraint for System Options: optional	HA849A1	Service	HPE Product and Package Labeling Service	0	25.00				No			ADDED	N/A	+$25.00	+100.00%	2026-08-24: $25.00
Accessories & Infrastructure	System Options	HPE OCA > DL380 Gen12 SFF > Accessories & Infrastructure > System Options	Option Component	Optional	0	Optional	Selection constraint for System Options: optional	HA851A1	Service	HPE Customer Furnished Equipment Handling Service	0	94.00				No			ADDED	N/A	+$94.00	+100.00%	2026-08-24: $94.00
Accessories & Infrastructure	System Options	HPE OCA > DL380 Gen12 SFF > Accessories & Infrastructure > System Options	Option Component	Optional	0	Optional	Selection constraint for System Options: optional	HA854A1	Service	HPE Fctry Exp Virtualization Enable SVC	0	2134.00				No			ADDED	N/A	+$2134.00	+100.00%	2026-08-24: $2134.00
Accessories & Infrastructure	System Options	HPE OCA > DL380 Gen12 SFF > Accessories & Infrastructure > System Options	Option Component	Optional	0	Optional	Selection constraint for System Options: optional	HA861A1	Service	HPE FE Personalized Install SVC	0	2105.00				No			ADDED	N/A	+$2105.00	+100.00%	2026-08-24: $2105.00
Accessories & Infrastructure	System Options	HPE OCA > DL380 Gen12 SFF > Accessories & Infrastructure > System Options	Option Component	Optional	0	Optional	Selection constraint for System Options: optional	HA867A1	Service	HPE Standard Product Reporting Service	0	13.00				No			ADDED	N/A	+$13.00	+100.00%	2026-08-24: $13.00
Accessories & Infrastructure	System Options	HPE OCA > DL380 Gen12 SFF > Accessories & Infrastructure > System Options	Option Component	Optional	0	Optional	Selection constraint for System Options: optional	HA868A1	Service	HPE Enhanced Product Reporting Service	0	38.00				No			ADDED	N/A	+$38.00	+100.00%	2026-08-24: $38.00
Accessories & Infrastructure	System Options	HPE OCA > DL380 Gen12 SFF > Accessories & Infrastructure > System Options	Option Component	Optional	0	Optional	Selection constraint for System Options: optional	HA875A1	Service	HPE Special Factory Service	0	1.00				No			ADDED	N/A	+$1.00	+100.00%	2026-08-24: $1.00
Accessories & Infrastructure	System Options	HPE OCA > DL380 Gen12 SFF > Accessories & Infrastructure > System Options	Option Component	Optional	0	Optional	Selection constraint for System Options: optional	HC790A	Service	HPE Integration Center Routing Service	0	0.00				No			ADDED	N/A	$0.00	0.00%	2026-08-24: (no price)
Accessories & Infrastructure	System Options	HPE OCA > DL380 Gen12 SFF > Accessories & Infrastructure > System Options	Option Component	Optional	0	Optional	Selection constraint for System Options: optional	HF481A1	Service	HPE Factory Express Standard Custom SVC	0	0.00				No			ADDED	N/A	$0.00	0.00%	2026-08-24: (no price)
Accessories & Infrastructure	System Options	HPE OCA > DL380 Gen12 SFF > Accessories & Infrastructure > System Options	Option Component	Optional	0	Optional	Selection constraint for System Options: optional	HU7D3A1	Service	HPE FE OEM Customization UOS SVC	0	65.00				No			ADDED	N/A	+$65.00	+100.00%	2026-08-24: $65.00
Accessories & Infrastructure	System Options	HPE OCA > DL380 Gen12 SFF > Accessories & Infrastructure > System Options	Option Component	Optional	0	Optional	Selection constraint for System Options: optional	R9S59A	Service	HPE Server Security Optimized Service for HPE ProLiant	0	0.00				No			ADDED	N/A	$0.00	0.00%	2026-08-24: (no price)
Accessories & Infrastructure	System Options	HPE OCA > DL380 Gen12 SFF > Accessories & Infrastructure > System Options	Option Component	Optional	0	Optional	Selection constraint for System Options: optional	ZU706A	Standard	HPE Server Customization Package	0	149.00				No			ADDED	N/A	+$149.00	+100.00%	2026-08-24: $149.00
Accessories & Infrastructure	System Options	HPE OCA > DL380 Gen12 SFF > Accessories & Infrastructure > System Options	Option Component	Optional	0	Optional	Selection constraint for System Options: optional	ZU716A	Standard	HPE OEM Rebrand Basic Service	0	65.00				No			ADDED	N/A	+$65.00	+100.00%	2026-08-24: $65.00
Accessories & Infrastructure	System Options	HPE OCA > DL380 Gen12 SFF > Accessories & Infrastructure > System Options	Option Component	Optional	0	Optional	Selection constraint for System Options: optional	ZU721A	Standard	HPE Verification Standard Service	0	0.00				No			ADDED	N/A	$0.00	0.00%	2026-08-24: (no price)
Accessories & Infrastructure	System Options	HPE OCA > DL380 Gen12 SFF > Accessories & Infrastructure > System Options	Option Component	Optional	0	Optional	Selection constraint for System Options: optional	ZU723A	Standard	HPE Customization Service	0	110.00				No			ADDED	N/A	+$110.00	+100.00%	2026-08-24: $110.00
Accessories & Infrastructure	System Options	HPE OCA > DL380 Gen12 SFF > Accessories & Infrastructure > System Options	Option Component	Optional	0	Optional	Selection constraint for System Options: optional	ZU727A	Standard	HPE OEM Rebrand Advanced Service	0	65.00				No			ADDED	N/A	+$65.00	+100.00%	2026-08-24: $65.00
Accessories & Infrastructure	System Options	HPE OCA > DL380 Gen12 SFF > Accessories & Infrastructure > System Options	Option Component	Optional	0	Optional	Selection constraint for System Options: optional	ZU748A	Standard	HPE Roche GPU Inventory Handling SVC	0	150.00				No			ADDED	N/A	+$150.00	+100.00%	2026-08-24: $150.00
Accessories & Infrastructure	System Options	HPE OCA > DL380 Gen12 SFF > Accessories & Infrastructure > System Options	Option Component	Optional	0	Optional	Selection constraint for System Options: optional	AC068A	Standard	HPE FE Cluster Hig Den-Base HW Intg SVC	0	0.00				No			ADDED	N/A	$0.00	0.00%	2026-08-24: (no price)
Accessories & Infrastructure	System Options	HPE OCA > DL380 Gen12 SFF > Accessories & Infrastructure > System Options	Option Component	Optional	0	Optional	Selection constraint for System Options: optional	AC069A	Standard	HPE FE Cluster Hig Den-Node HW Intg SVC	0	0.00				No			ADDED	N/A	$0.00	0.00%	2026-08-24: (no price)
Accessories & Infrastructure	System Options	HPE OCA > DL380 Gen12 SFF > Accessories & Infrastructure > System Options	Option Component	Optional	0	Optional	Selection constraint for System Options: optional	HB480A1	Service	HPE ClusterPlatform 4-8 Factory SW SVC	0	0.00				No			ADDED	N/A	$0.00	0.00%	2026-08-24: (no price)
Accessories & Infrastructure	System Options	HPE OCA > DL380 Gen12 SFF > Accessories & Infrastructure > System Options	Option Component	Optional	0	Optional	Selection constraint for System Options: optional	HB481A1	Service	HPE ClusterPlatform 9-17 Factory SW SVC	0	0.00				No			ADDED	N/A	$0.00	0.00%	2026-08-24: (no price)
Accessories & Infrastructure	System Options	HPE OCA > DL380 Gen12 SFF > Accessories & Infrastructure > System Options	Option Component	Optional	0	Optional	Selection constraint for System Options: optional	HB482A1	Service	HPE ClusterPlatform 18-33 Factory SW SVC	0	0.00				No			ADDED	N/A	$0.00	0.00%	2026-08-24: (no price)
Accessories & Infrastructure	System Options	HPE OCA > DL380 Gen12 SFF > Accessories & Infrastructure > System Options	Option Component	Optional	0	Optional	Selection constraint for System Options: optional	HB483A1	Service	HPE ClusterPlatform 34-65 Factory SW SVC	0	0.00				No			ADDED	N/A	$0.00	0.00%	2026-08-24: (no price)
Accessories & Infrastructure	System Options	HPE OCA > DL380 Gen12 SFF > Accessories & Infrastructure > System Options	Option Component	Optional	0	Optional	Selection constraint for System Options: optional	HB484A1	Service	HPE ClustrPlatform 66-129 Factory SW SVC	0	0.00				No			ADDED	N/A	$0.00	0.00%	2026-08-24: (no price)
Accessories & Infrastructure	System Options	HPE OCA > DL380 Gen12 SFF > Accessories & Infrastructure > System Options	Option Component	Optional	0	Optional	Selection constraint for System Options: optional	HB485A1	Service	HPE ClusterPlatform 130-257 Fact SW SVC	0	0.00				No			ADDED	N/A	$0.00	0.00%	2026-08-24: (no price)
Accessories & Infrastructure	System Options	HPE OCA > DL380 Gen12 SFF > Accessories & Infrastructure > System Options	Option Component	Optional	0	Optional	Selection constraint for System Options: optional	S1J77A	Service	HPE AMS HPC FIO Rack Config Service	0	0.00				No			ADDED	N/A	$0.00	0.00%	2026-08-24: (no price)
Accessories & Infrastructure	System Options	HPE OCA > DL380 Gen12 SFF > Accessories & Infrastructure > System Options	Option Component	Optional	0	Optional	Selection constraint for System Options: optional	S1J78A	Service	HPE AMS HPC FIO Value Added LG Service	0	0.00				No			ADDED	N/A	$0.00	0.00%	2026-08-24: (no price)
Accessories & Infrastructure	System Options	HPE OCA > DL380 Gen12 SFF > Accessories & Infrastructure > System Options	Option Component	Optional	0	Optional	Selection constraint for System Options: optional	S1J79A	Service	HPE AMS HPC FIO Value Added SM Service	0	0.00				No			ADDED	N/A	$0.00	0.00%	2026-08-24: (no price)
Accessories & Infrastructure	System Options	HPE OCA > DL380 Gen12 SFF > Accessories & Infrastructure > System Options	Option Component	Optional	0	Optional	Selection constraint for System Options: optional	SB000DL	Service	HPE AMS HPC Rack Config Service	0	0.00				No			ADDED	N/A	$0.00	0.00%	2026-08-24: (no price)
Accessories & Infrastructure	System Options	HPE OCA > DL380 Gen12 SFF > Accessories & Infrastructure > System Options	Option Component	Optional	0	Optional	Selection constraint for System Options: optional	SB228DL	Service	HPE AMS HPC Value Added Service	0	0.00				No			ADDED	N/A	$0.00	0.00%	2026-08-24: (no price)
Accessories & Infrastructure	System Options	HPE OCA > DL380 Gen12 SFF > Accessories & Infrastructure > System Options	Option Component	Optional	0	Optional	Selection constraint for System Options: optional	SB228EL	Service	HPE AMS HPC Value Added Service	0	0.00				No			ADDED	N/A	$0.00	0.00%	2026-08-24: (no price)
Accessories & Infrastructure	System Options	HPE OCA > DL380 Gen12 SFF > Accessories & Infrastructure > System Options	Option Component	Optional	0	Optional	Selection constraint for System Options: optional	HT6Z6A1	Service	HPE Tier 1 Storage Arr 1Y PSM Tier A SVC	0	111300.00				No			ADDED	N/A	+$111300.00	+100.00%	2026-08-24: $111300.00
Accessories & Infrastructure	System Options	HPE OCA > DL380 Gen12 SFF > Accessories & Infrastructure > System Options	Option Component	Optional	0	Optional	Selection constraint for System Options: optional	HT6Z6A3	Service	HPE Tier 1 Storage Arr 3Y PSM Tier A SVC	0	192675.00				No			ADDED	N/A	+$192675.00	+100.00%	2026-08-24: $192675.00
Accessories & Infrastructure	System Options	HPE OCA > DL380 Gen12 SFF > Accessories & Infrastructure > System Options	Option Component	Optional	0	Optional	Selection constraint for System Options: optional	HT6Z6A4	Service	HPE Tier 1 Storage Arr 4Y PSM Tier A SVC	0	256725.00				No			ADDED	N/A	+$256725.00	+100.00%	2026-08-24: $256725.00
Accessories & Infrastructure	System Options	HPE OCA > DL380 Gen12 SFF > Accessories & Infrastructure > System Options	Option Component	Optional	0	Optional	Selection constraint for System Options: optional	HT6Z6A5	Service	HPE Tier 1 Storage Arr 5Y PSM Tier A SVC	0	320775.00				No			ADDED	N/A	+$320775.00	+100.00%	2026-08-24: $320775.00
Accessories & Infrastructure	System Options	HPE OCA > DL380 Gen12 SFF > Accessories & Infrastructure > System Options	Option Component	Optional	0	Optional	Selection constraint for System Options: optional	HT6Z7A1	Service	HPE Tier 1 Storage Arr 1Y PSM Tier B SVC	0	166950.00				No			ADDED	N/A	+$166950.00	+100.00%	2026-08-24: $166950.00
Accessories & Infrastructure	System Options	HPE OCA > DL380 Gen12 SFF > Accessories & Infrastructure > System Options	Option Component	Optional	0	Optional	Selection constraint for System Options: optional	HT6Z7A3	Service	HPE Tier 1 Storage Arr 3Y PSM Tier B SVC	0	288490.00				No			ADDED	N/A	+$288490.00	+100.00%	2026-08-24: $288490.00
Accessories & Infrastructure	System Options	HPE OCA > DL380 Gen12 SFF > Accessories & Infrastructure > System Options	Option Component	Optional	0	Optional	Selection constraint for System Options: optional	HT6Z7A4	Service	HPE Tier 1 Storage Arr 4Y PSM Tier B SVC	0	384653.00				No			ADDED	N/A	+$384653.00	+100.00%	2026-08-24: $384653.00
Accessories & Infrastructure	System Options	HPE OCA > DL380 Gen12 SFF > Accessories & Infrastructure > System Options	Option Component	Optional	0	Optional	Selection constraint for System Options: optional	HT6Z7A5	Service	HPE Tier 1 Storage Arr 5Y PSM Tier B SVC	0	480816.00				No			ADDED	N/A	+$480816.00	+100.00%	2026-08-24: $480816.00
Accessories & Infrastructure	System Options	HPE OCA > DL380 Gen12 SFF > Accessories & Infrastructure > System Options	Option Component	Optional	0	Optional	Selection constraint for System Options: optional	HT6Z8A1	Service	HPE Tier 1 Storage Arr 1Y PSM Tier C SVC	0	333900.00				No			ADDED	N/A	+$333900.00	+100.00%	2026-08-24: $333900.00
Accessories & Infrastructure	System Options	HPE OCA > DL380 Gen12 SFF > Accessories & Infrastructure > System Options	Option Component	Optional	0	Optional	Selection constraint for System Options: optional	HT6Z8A3	Service	HPE Tier 1 Storage Arr 3Y PSM Tier C SVC	0	576979.00				No			ADDED	N/A	+$576979.00	+100.00%	2026-08-24: $576979.00