Main Category,Sub-Category,Hierarchy Path,Component Role,Constraint Text,Subcategory Min Qty,Subcategory Max Qty,Table Rule/Note,Product #,Option Type,Description,Current Qty,Unit Price (USD),Price Delta (USD),Extended Price (USD),Price per GB (USD),HPE Recommended,Availability,Lead Time,Lead Time Source,Lifecycle Status,Start Date,Discontinued Date,Vendor Attributes (JSON),Diff Status,Previous List Price (USD),Price Change (USD),Price Change (%),Price History Trail
Chassis,Variants,HPE OCA > OCA Solution > Chassis > Variants,Base Chassis,"min 1, max 1",1,1,"Select exactly one currently discoverable, non-TAA/non-GTA CTO base chassis",P73282-B21,CTO,HPE ProLiant Compute DL380 Gen12 SFF NC Configure-to-order Server,1,"$5,584.00",,,,Yes,Available in OCA product catalog,EDT 58 - 73 days,OCA selected configuration estimate,Active,2026-08-24,2026-09-09,,UNCHANGED,"$5,584.00",$0.00,$0.00,2026-08-12: $5584.00 → 2026-08-13: $5584.00 → 2026-08-14: $5584.00 → 2026-08-16: $5584.00 → 2026-08-19: $5584.00 → 2026-08-22: $5584.00 (✕ REMOVED) → 2026-09-09: $5584.00 (✕ REMOVED) → 2026-09-10: $5584.00
Chassis,Variants,HPE OCA > OCA Solution > Chassis > Variants,Base Chassis,"min 1, max 1",1,1,"Select exactly one currently discoverable, non-TAA/non-GTA CTO base chassis",P73283-B21,CTO,HPE ProLiant Compute DL380 Gen12 24SFF NC Configure-to-order Server,1,"$5,980.00",,,,Yes,Available in OCA product catalog,,Not published by OCA,Active,2026-08-24,2026-09-09,,UNCHANGED,"$5,980.00",$0.00,$0.00,2026-08-12: $5980.00 → 2026-08-13: $5980.00 → 2026-08-14: $5980.00 → 2026-08-16: $5980.00 → 2026-08-19: $5980.00 → 2026-08-22: $5980.00 (✕ REMOVED) → 2026-08-24: $5980.00 (✕ REMOVED) → 2026-09-09: $5980.00 (✕ REMOVED) → 2026-09-10: $5980.00
Chassis,Variants,HPE OCA > OCA Solution > Chassis > Variants,Base Chassis,"min 1, max 1",1,1,"Select exactly one currently discoverable, non-TAA/non-GTA CTO base chassis",P73284-B21,CTO,HPE ProLiant Compute DL380 Gen12 12LFF NC Configure-to-order Server,1,"$6,350.00",,,,Yes,Available in OCA product catalog,,Not published by OCA,Active,2026-08-24,2026-09-09,,UNCHANGED,"$6,350.00",$0.00,$0.00,2026-08-12: $6350.00 → 2026-08-13: $6350.00 → 2026-08-14: $6350.00 → 2026-08-16: $6350.00 → 2026-08-19: $6350.00 → 2026-08-22: $6350.00 (✕ REMOVED) → 2026-08-24: $6350.00 (✕ REMOVED) → 2026-09-09: $6350.00 (✕ REMOVED) → 2026-09-10: $6350.00
Chassis,Variants,HPE OCA > OCA Solution > Chassis > Variants,Base Chassis,"min 1, max 1",1,1,"Select exactly one currently discoverable, non-TAA/non-GTA CTO base chassis",P73285-B21,CTO,HPE ProLiant Compute DL380 Gen12 8LFF NC Configure-to-order Server,1,"$6,890.00",,,,Yes,Available in OCA product catalog,,Not published by OCA,Active,2026-08-24,2026-09-09,,UNCHANGED,"$6,890.00",$0.00,$0.00,2026-08-12: $6890.00 → 2026-08-13: $6890.00 → 2026-08-14: $6890.00 → 2026-08-16: $6890.00 → 2026-08-19: $6890.00 → 2026-08-22: $6890.00 (✕ REMOVED) → 2026-08-24: $6890.00 (✕ REMOVED) → 2026-09-09: $6890.00 (✕ REMOVED) → 2026-09-10: $6890.00
Chassis,Variants,HPE OCA > OCA Solution > Chassis > Variants,Base Chassis,"min 1, max 1",1,1,"Select exactly one currently discoverable, non-TAA/non-GTA CTO base chassis",P73286-B21,CTO,HPE ProLiant Compute DL380 Gen12 EDSFF NC Configure-to-order Server,1,"$7,120.00",,,,Yes,Available in OCA product catalog,,Not published by OCA,Active,2026-08-24,2026-09-09,,UNCHANGED,"$7,120.00",$0.00,$0.00,2026-08-12: $7120.00 → 2026-08-13: $7120.00 → 2026-08-14: $7120.00 → 2026-08-16: $7120.00 → 2026-08-19: $7120.00 → 2026-08-22: $7120.00 (✕ REMOVED) → 2026-08-24: $7120.00 (✕ REMOVED) → 2026-09-09: $7120.00 (✕ REMOVED) → 2026-09-10: $7120.00
Accessories & Infrastructure,Energy Star Configuration Presets,HPE OCA > OCA Solution > Accessories & Infrastructure > Energy Star Configuration Presets,Chassis Infrastructure,max 1,0,1,Selection constraint for Energy Star Configuration Presets: max 1,P68503-B21,Standard,ENERGY STAR 4.0 FIO Trigger Configuration Kit for HPE,0,$1.00,,NA,,No,Available,,Not published by OCA,Active,12/04/2023,05/31/2028,"{""Extended Price (USD)"":""NA""}",UNCHANGED,$1.00,$0.00,$0.00,"$2,026.00"
Processor,Processor,HPE OCA > OCA Solution > Processor > Processor,Processor,"min 1, max 2",1,2,Selection constraint for Processor: max 2,P71117-B21,Standard,Intel Xeon 6710E 2.4GHz 64-core 205W Processor for HPE,0,"$6,096.00","$1,854.00","$12,192.00",,No,Available,,Not published by OCA,Active,11/04/2024,06/30/2029,"{""Price Delta (USD)"":""+1,854.00"",""Extended Price (USD)"":""12,192.00""}",UNCHANGED,"$6,096.00",$0.00,$0.00,2026-08-12: $6096.00 → 2026-08-13: $6096.00 → 2026-08-14: $6096.00 → 2026-08-16: $6096.00 → 2026-08-19: $6096.00 → 2026-08-22: $6096.00 → 2026-08-24: $1854.00 (▼) → 2026-09-09: $6096.00 → 2026-09-10: $6096.00
Processor,Processor,HPE OCA > OCA Solution > Processor > Processor,Processor,"min 1, max 2",1,2,Selection constraint for Processor: max 2,P73834-B21,Standard,Intel Xeon 6767P 2.4GHz 64-core 350W Processor for HPE,0,"$22,485.00","$18,243.00","$44,970.00",,No,Available,,Not published by OCA,Active,02/24/2025,06/30/2029,"{""Price Delta (USD)"":""+18,243.00"",""Extended Price (USD)"":""44,970.00""}",UNCHANGED,"$22,485.00",$0.00,$0.00,2026-08-12: $22485.00 → 2026-08-13: $22485.00 → 2026-08-14: $22485.00 → 2026-08-16: $22485.00 → 2026-08-19: $22485.00 → 2026-08-22: $22485.00 → 2026-08-24: $18243.00 (▼) → 2026-09-09: $22485.00 → 2026-09-10: $22485.00
Processor,Processor,HPE OCA > OCA Solution > Processor > Processor,Processor,"min 1, max 2",1,2,Selection constraint for Processor: max 2,P74506-B21,Standard,Intel Xeon 6515P 2.3GHz 16-core 150W Processor for HPE,0,"$2,457.00","-$1,785.00","$4,914.00",,No,Available,,Not published by OCA,Active,02/24/2025,06/30/2029,"{""Price Delta (USD)"":""-1,785.00"",""Extended Price (USD)"":""4,914.00""}",UNCHANGED,"$2,457.00",$0.00,$0.00,2026-08-12: $2457.00 → 2026-08-13: $2457.00 → 2026-08-14: $2457.00 → 2026-08-16: $2457.00 → 2026-08-19: $2457.00 → 2026-08-22: $2457.00 → 2026-08-24: (no price) → 2026-09-09: $2457.00 → 2026-09-10: $2457.00
Processor,Processor,HPE OCA > OCA Solution > Processor > Processor,Processor,"min 1, max 2",1,2,Selection constraint for Processor: max 2,P74508-B21,Standard,Intel Xeon 6714P 4.0GHz 8-core 165W Processor for HPE,0,"$8,941.00","$4,699.00","$17,882.00",,No,Available,,Not published by OCA,Active,06/02/2025,06/30/2029,"{""Price Delta (USD)"":""+4,699.00"",""Extended Price (USD)"":""17,882.00""}",UNCHANGED,"$8,941.00",$0.00,$0.00,2026-08-12: $8941.00 → 2026-08-13: $8941.00 → 2026-08-14: $8941.00 → 2026-08-16: $8941.00 → 2026-08-19: $8941.00 → 2026-08-22: $8941.00 → 2026-08-24: $4699.00 (▼) → 2026-09-09: $8941.00 → 2026-09-10: $8941.00
Processor,Processor,HPE OCA > OCA Solution > Processor > Processor,Processor,"min 1, max 2",1,2,Selection constraint for Processor: max 2,P74509-B21,Standard,Intel Xeon 6724P 3.6GHz 16-core 210W Processor for HPE,0,"$11,074.00","$6,832.00","$22,148.00",,No,Available,,Not published by OCA,Active,06/02/2025,06/30/2029,"{""Price Delta (USD)"":""+6,832.00"",""Extended Price (USD)"":""22,148.00""}",UNCHANGED,"$11,074.00",$0.00,$0.00,2026-08-12: $11074.00 → 2026-08-13: $11074.00 → 2026-08-14: $11074.00 → 2026-08-16: $11074.00 → 2026-08-19: $11074.00 → 2026-08-22: $11074.00 → 2026-08-24: $6832.00 (▼) → 2026-09-09: $11074.00 → 2026-09-10: $11074.00
Processor,Processor,HPE OCA > OCA Solution > Processor > Processor,Processor,"min 1, max 2",1,2,Selection constraint for Processor: max 2,P74570-B21,Standard,Intel Xeon 6527P 3.0GHz 24-core 255W Processor for HPE,0,"$8,123.00","$3,881.00","$16,246.00",,No,Available,,Not published by OCA,Active,02/24/2025,06/30/2029,"{""Price Delta (USD)"":""+3,881.00"",""Extended Price (USD)"":""16,246.00""}",UNCHANGED,"$8,123.00",$0.00,$0.00,2026-08-12: $8123.00 → 2026-08-13: $8123.00 → 2026-08-14: $8123.00 → 2026-08-16: $8123.00 → 2026-08-19: $8123.00 → 2026-08-22: $8123.00 → 2026-08-24: $3881.00 (▼) → 2026-09-09: $8123.00 → 2026-09-10: $8123.00
Processor,Processor,HPE OCA > OCA Solution > Processor > Processor,Processor,"min 1, max 2",1,2,Selection constraint for Processor: max 2,P74571-B21,Standard,Intel Xeon 6530P 2.3GHz 32-core 225W Processor for HPE,0,"$6,830.00","$2,588.00","$13,660.00",,No,Available,,Not published by OCA,Active,02/24/2025,06/30/2029,"{""Price Delta (USD)"":""+2,588.00"",""Extended Price (USD)"":""13,660.00""}",UNCHANGED,"$6,830.00",$0.00,$0.00,2026-08-12: $6830.00 → 2026-08-13: $6830.00 → 2026-08-14: $6830.00 → 2026-08-16: $6830.00 → 2026-08-19: $6830.00 → 2026-08-22: $6830.00 → 2026-08-24: $2588.00 (▼) → 2026-09-09: $6830.00 → 2026-09-10: $6830.00
Processor,Processor,HPE OCA > OCA Solution > Processor > Processor,Processor,"min 1, max 2",1,2,Selection constraint for Processor: max 2,P71118-B21,Standard,Intel Xeon 6731E 2.2GHz 96-core 250W Processor for HPE,0,"$7,062.00","$2,820.00","$14,124.00",,No,Available,,Not published by OCA,Active,02/24/2025,06/30/2029,"{""Price Delta (USD)"":""+2,820.00"",""Extended Price (USD)"":""14,124.00""}",UNCHANGED,"$7,062.00",$0.00,$0.00,2026-08-12: $7062.00 → 2026-08-13: $7062.00 → 2026-08-14: $7062.00 → 2026-08-16: $7062.00 → 2026-08-19: $7062.00 → 2026-08-22: $7062.00 → 2026-08-24: $2820.00 (▼) → 2026-09-09: $7062.00 → 2026-09-10: $7062.00
Processor,Processor,HPE OCA > OCA Solution > Processor > Processor,Processor,"min 1, max 2",1,2,Selection constraint for Processor: max 2,P71119-B21,Standard,Intel Xeon 6740E 2.4GHz 96-core 250W Processor for HPE,0,"$8,459.00","$4,217.00","$16,918.00",,No,Available,,Not published by OCA,Active,11/04/2024,06/30/2029,"{""Price Delta (USD)"":""+4,217.00"",""Extended Price (USD)"":""16,918.00""}",UNCHANGED,"$8,459.00",$0.00,$0.00,2026-08-12: $8459.00 → 2026-08-13: $8459.00 → 2026-08-14: $8459.00 → 2026-08-16: $8459.00 → 2026-08-19: $8459.00 → 2026-08-22: $8459.00 → 2026-08-24: $4217.00 (▼) → 2026-09-09: $8459.00 → 2026-09-10: $8459.00
Processor,Processor,HPE OCA > OCA Solution > Processor > Processor,Processor,"min 1, max 2",1,2,Selection constraint for Processor: max 2,P71120-B21,Standard,Intel Xeon 6746E 2.0GHz 112-core 250W Processor for HPE,0,"$8,965.00","$4,723.00","$17,930.00",,No,Available,,Not published by OCA,Active,11/04/2024,06/30/2029,"{""Price Delta (USD)"":""+4,723.00"",""Extended Price (USD)"":""17,930.00""}",UNCHANGED,"$8,965.00",$0.00,$0.00,2026-08-12: $8965.00 → 2026-08-13: $8965.00 → 2026-08-14: $8965.00 → 2026-08-16: $8965.00 → 2026-08-19: $8965.00 → 2026-08-22: $8965.00 → 2026-08-24: $4723.00 (▼) → 2026-09-09: $8965.00 → 2026-09-10: $8965.00
Processor,Processor,HPE OCA > OCA Solution > Processor > Processor,Processor,"min 1, max 2",1,2,Selection constraint for Processor: max 2,P71121-B21,Standard,Intel Xeon 6756E 1.8GHz 128-core 225W Processor for HPE,0,"$11,891.00","$7,649.00","$23,782.00",,No,Available,,Not published by OCA,Active,11/04/2024,06/30/2029,"{""Price Delta (USD)"":""+7,649.00"",""Extended Price (USD)"":""23,782.00""}",UNCHANGED,"$11,891.00",$0.00,$0.00,2026-08-12: $11891.00 → 2026-08-13: $11891.00 → 2026-08-14: $11891.00 → 2026-08-16: $11891.00 → 2026-08-19: $11891.00 → 2026-08-22: $11891.00 → 2026-08-24: $7649.00 (▼) → 2026-09-09: $11891.00 → 2026-09-10: $11891.00
Processor,Processor,HPE OCA > OCA Solution > Processor > Processor,Processor,"min 1, max 2",1,2,Selection constraint for Processor: max 2,P71122-B21,Standard,Intel Xeon 6766E 1.9GHz 144-core 250W Processor for HPE,0,"$14,473.00","$10,231.00","$28,946.00",,No,Available,,Not published by OCA,Active,11/04/2024,06/30/2029,"{""Price Delta (USD)"":""+10,231.00"",""Extended Price (USD)"":""28,946.00""}",UNCHANGED,"$14,473.00",$0.00,$0.00,2026-08-12: $14473.00 → 2026-08-13: $14473.00 → 2026-08-14: $14473.00 → 2026-08-16: $14473.00 → 2026-08-19: $14473.00 → 2026-08-22: $14473.00 → 2026-08-24: $10231.00 (▼) → 2026-09-09: $14473.00 → 2026-09-10: $14473.00
Processor,Processor,HPE OCA > OCA Solution > Processor > Processor,Processor,"min 1, max 2",1,2,Selection constraint for Processor: max 2,P71124-B21,Standard,Intel Xeon 6780E 2.2GHz 144-core 330W Processor for HPE,0,"$16,019.00","$11,777.00","$32,038.00",,No,Available,,Not published by OCA,Active,02/24/2025,06/30/2029,"{""Price Delta (USD)"":""+11,777.00"",""Extended Price (USD)"":""32,038.00""}",UNCHANGED,"$16,019.00",$0.00,$0.00,2026-08-12: $16019.00 → 2026-08-13: $16019.00 → 2026-08-14: $16019.00 → 2026-08-16: $16019.00 → 2026-08-19: $16019.00 → 2026-08-22: $16019.00 → 2026-08-24: $11777.00 (▼) → 2026-09-09: $16019.00 → 2026-09-10: $16019.00
Processor,Processor,HPE OCA > OCA Solution > Processor > Processor,Processor,"min 1, max 2",1,2,Selection constraint for Processor: max 2,P73829-B21,Standard,Intel Xeon 6740P 2.1GHz 48-core 270W Processor for HPE,0,"$13,124.00","$8,882.00","$26,248.00",,No,Available,,Not published by OCA,Active,02/24/2025,06/30/2029,"{""Price Delta (USD)"":""+8,882.00"",""Extended Price (USD)"":""26,248.00""}",UNCHANGED,"$13,124.00",$0.00,$0.00,2026-08-12: $13124.00 → 2026-08-13: $13124.00 → 2026-08-14: $13124.00 → 2026-08-16: $13124.00 → 2026-08-19: $13124.00 → 2026-08-22: $13124.00 → 2026-08-24: $8882.00 (▼) → 2026-09-09: $13124.00 → 2026-09-10: $13124.00
Processor,Processor,HPE OCA > OCA Solution > Processor > Processor,Processor,"min 1, max 2",1,2,Selection constraint for Processor: max 2,P73831-B21,Standard,Intel Xeon 6747P 2.7GHz 48-core 330W Processor for HPE,0,"$16,595.00","$12,353.00","$33,190.00",,No,Available,,Not published by OCA,Active,02/24/2025,06/30/2029,"{""Price Delta (USD)"":""+12,353.00"",""Extended Price (USD)"":""33,190.00""}",UNCHANGED,"$16,595.00",$0.00,$0.00,2026-08-12: $16595.00 → 2026-08-13: $16595.00 → 2026-08-14: $16595.00 → 2026-08-16: $16595.00 → 2026-08-19: $16595.00 → 2026-08-22: $16595.00 → 2026-08-24: $12353.00 (▼) → 2026-09-09: $16595.00 → 2026-09-10: $16595.00
Processor,Processor,HPE OCA > OCA Solution > Processor > Processor,Processor,"min 1, max 2",1,2,Selection constraint for Processor: max 2,P73832-B21,Standard,Intel Xeon 6760P 2.2GHz 64-core 330W Processor for HPE,0,"$16,517.00","$12,275.00","$33,034.00",,No,Available,,Not published by OCA,Active,02/24/2025,06/30/2029,"{""Price Delta (USD)"":""+12,275.00"",""Extended Price (USD)"":""33,034.00""}",UNCHANGED,"$16,517.00",$0.00,$0.00,2026-08-12: $16517.00 → 2026-08-13: $16517.00 → 2026-08-14: $16517.00 → 2026-08-16: $16517.00 → 2026-08-19: $16517.00 → 2026-08-22: $16517.00 → 2026-08-24: $12275.00 (▼) → 2026-09-09: $16517.00 → 2026-09-10: $16517.00
Processor,Processor,HPE OCA > OCA Solution > Processor > Processor,Processor,"min 1, max 2",1,2,Selection constraint for Processor: max 2,P73835-B21,Standard,Intel Xeon 6768P 2.4GHz 64-core 330W Processor for HPE,0,"$48,922.00","$44,680.00","$97,844.00",,No,Available,,Not published by OCA,Active,06/02/2025,06/30/2029,"{""Price Delta (USD)"":""+44,680.00"",""Extended Price (USD)"":""97,844.00""}",UNCHANGED,"$48,922.00",$0.00,$0.00,2026-08-12: $48922.00 → 2026-08-13: $48922.00 → 2026-08-14: $48922.00 → 2026-08-16: $48922.00 → 2026-08-19: $48922.00 → 2026-08-22: $48922.00 → 2026-08-24: $44680.00 (▼) → 2026-09-09: $48922.00 → 2026-09-10: $48922.00
Processor,Processor,HPE OCA > OCA Solution > Processor > Processor,Processor,"min 1, max 2",1,2,Selection constraint for Processor: max 2,P73837-B21,Standard,Intel Xeon 6787P 2.0GHz 86-core 350W Processor for HPE,0,"$23,285.00","$19,043.00","$46,570.00",,No,Available,,Not published by OCA,Active,02/24/2025,06/30/2029,"{""Price Delta (USD)"":""+19,043.00"",""Extended Price (USD)"":""46,570.00""}",UNCHANGED,"$23,285.00",$0.00,$0.00,2026-08-12: $23285.00 → 2026-08-13: $23285.00 → 2026-08-14: $23285.00 → 2026-08-16: $23285.00 → 2026-08-19: $23285.00 → 2026-08-22: $23285.00 → 2026-08-24: $19043.00 (▼) → 2026-09-09: $23285.00 → 2026-09-10: $23285.00
Processor,Processor,HPE OCA > OCA Solution > Processor > Processor,Processor,"min 1, max 2",1,2,Selection constraint for Processor: max 2,P73838-B21,Standard,Intel Xeon 6788P 2.0GHz 86-core 350W Processor for HPE,0,"$58,094.00","$53,852.00","$116,188.00",,No,Available,,Not published by OCA,Active,06/02/2025,06/30/2029,"{""Price Delta (USD)"":""+53,852.00"",""Extended Price (USD)"":""116,188.00""}",UNCHANGED,"$58,094.00",$0.00,$0.00,2026-08-12: $58094.00 → 2026-08-13: $58094.00 → 2026-08-14: $58094.00 → 2026-08-16: $58094.00 → 2026-08-19: $58094.00 → 2026-08-22: $58094.00 → 2026-08-24: $53852.00 (▼) → 2026-09-09: $58094.00 → 2026-09-10: $58094.00
Processor,Processor,HPE OCA > OCA Solution > Processor > Processor,Processor,"min 1, max 2",1,2,Selection constraint for Processor: max 2,P74503-B21,Standard,Intel Xeon 6505P 2.2GHz 12-core 150W Processor for HPE,0,"$1,756.00","-$2,486.00","$3,512.00",,No,Available,,Not published by OCA,Active,02/24/2025,06/30/2029,"{""Price Delta (USD)"":""-2,486.00"",""Extended Price (USD)"":""3,512.00""}",UNCHANGED,"$1,756.00",$0.00,$0.00,2026-08-12: $1756.00 → 2026-08-13: $1756.00 → 2026-08-14: $1756.00 → 2026-08-16: $1756.00 → 2026-08-19: $1756.00 → 2026-08-22: $1756.00 → 2026-08-24: (no price) → 2026-09-09: $1756.00 → 2026-09-10: $1756.00
Processor,Processor,HPE OCA > OCA Solution > Processor > Processor,Processor,"min 1, max 2",1,2,Selection constraint for Processor: max 2,P74504-B21,Standard,Intel Xeon 6507P 3.5GHz 8-core 150W Processor for HPE,0,"$2,293.00","-$1,949.00","$4,586.00",,No,Available,,Not published by OCA,Active,02/24/2025,06/30/2029,"{""Price Delta (USD)"":""-1,949.00"",""Extended Price (USD)"":""4,586.00""}",UNCHANGED,"$2,293.00",$0.00,$0.00,2026-08-12: $2293.00 → 2026-08-13: $2293.00 → 2026-08-14: $2293.00 → 2026-08-16: $2293.00 → 2026-08-19: $2293.00 → 2026-08-22: $2293.00 → 2026-08-24: (no price) → 2026-09-09: $2293.00 → 2026-09-10: $2293.00
Processor,Processor,HPE OCA > OCA Solution > Processor > Processor,Processor,"min 1, max 2",1,2,Selection constraint for Processor: max 2,P74507-B21,Standard,Intel Xeon 6517P 3.2GHz 16-core 190W Processor for HPE,0,"$3,734.00",-$508.00,"$7,468.00",,No,Available,,Not published by OCA,Active,02/24/2025,06/30/2029,"{""Price Delta (USD)"":""-508.00"",""Extended Price (USD)"":""7,468.00""}",UNCHANGED,"$3,734.00",$0.00,$0.00,2026-08-12: $3734.00 → 2026-08-13: $3734.00 → 2026-08-14: $3734.00 → 2026-08-16: $3734.00 → 2026-08-19: $3734.00 → 2026-08-22: $3734.00 → 2026-08-24: (no price) → 2026-09-09: $3734.00 → 2026-09-10: $3734.00
Processor,Processor,HPE OCA > OCA Solution > Processor > Processor,Processor,"min 1, max 2",1,2,Selection constraint for Processor: max 2,P74568-B21,Standard,Intel Xeon 6520P 2.4GHz 24-core 210W Processor for HPE,2,"$4,242.00",Selected,"$8,484.00",,No,Available,,Not published by OCA,Active,02/24/2025,06/30/2029,"{""Price Delta (USD)"":""Selected"",""Extended Price (USD)"":""8,484.00""}",UNCHANGED,"$4,242.00",$0.00,$0.00,"$2,026.00"
Processor,Processor,HPE OCA > OCA Solution > Processor > Processor,Processor,"min 1, max 2",1,2,Selection constraint for Processor: max 2,P74572-B21,Standard,Intel Xeon 6728P 2.7GHz 24-core 210W Processor for HPE,0,"$7,493.00","$3,251.00","$14,986.00",,No,Available,,Not published by OCA,Active,06/02/2025,06/30/2029,"{""Price Delta (USD)"":""+3,251.00"",""Extended Price (USD)"":""14,986.00""}",UNCHANGED,"$7,493.00",$0.00,$0.00,2026-08-12: $7493.00 → 2026-08-13: $7493.00 → 2026-08-14: $7493.00 → 2026-08-16: $7493.00 → 2026-08-19: $7493.00 → 2026-08-22: $7493.00 → 2026-08-24: $3251.00 (▼) → 2026-09-09: $7493.00 → 2026-09-10: $7493.00
Processor,Processor,HPE OCA > OCA Solution > Processor > Processor,Processor,"min 1, max 2",1,2,Selection constraint for Processor: max 2,P74573-B21,Standard,Intel Xeon 6730P 2.5GHz 32-core 250W Processor for HPE,0,"$10,516.00","$6,274.00","$21,032.00",,No,Available,,Not published by OCA,Active,02/24/2025,06/30/2029,"{""Price Delta (USD)"":""+6,274.00"",""Extended Price (USD)"":""21,032.00""}",UNCHANGED,"$10,516.00",$0.00,$0.00,2026-08-12: $10516.00 → 2026-08-13: $10516.00 → 2026-08-14: $10516.00 → 2026-08-16: $10516.00 → 2026-08-19: $10516.00 → 2026-08-22: $10516.00 → 2026-08-24: $6274.00 (▼) → 2026-09-09: $10516.00 → 2026-09-10: $10516.00
Processor,Processor,HPE OCA > OCA Solution > Processor > Processor,Processor,"min 1, max 2",1,2,Selection constraint for Processor: max 2,P74575-B21,Standard,Intel Xeon 6736P 2.0GHz 36-core 205W Processor for HPE,0,"$10,247.00","$6,005.00","$20,494.00",,No,Available,,Not published by OCA,Active,02/24/2025,06/30/2029,"{""Price Delta (USD)"":""+6,005.00"",""Extended Price (USD)"":""20,494.00""}",UNCHANGED,"$10,247.00",$0.00,$0.00,2026-08-12: $10247.00 → 2026-08-13: $10247.00 → 2026-08-14: $10247.00 → 2026-08-16: $10247.00 → 2026-08-19: $10247.00 → 2026-08-22: $10247.00 → 2026-08-24: $6005.00 (▼) → 2026-09-09: $10247.00 → 2026-09-10: $10247.00
Processor,Processor,HPE OCA > OCA Solution > Processor > Processor,Processor,"min 1, max 2",1,2,Selection constraint for Processor: max 2,P74576-B21,Standard,Intel Xeon 6737P 2.9GHz 32-core 270W Processor for HPE,0,"$14,682.00","$10,440.00","$29,364.00",,No,Available,,Not published by OCA,Active,02/24/2025,06/30/2029,"{""Price Delta (USD)"":""+10,440.00"",""Extended Price (USD)"":""29,364.00""}",UNCHANGED,"$14,682.00",$0.00,$0.00,2026-08-12: $14682.00 → 2026-08-13: $14682.00 → 2026-08-14: $14682.00 → 2026-08-16: $14682.00 → 2026-08-19: $14682.00 → 2026-08-22: $14682.00 → 2026-08-24: $10440.00 (▼) → 2026-09-09: $14682.00 → 2026-09-10: $14682.00
Processor,Processor,HPE OCA > OCA Solution > Processor > Processor,Processor,"min 1, max 2",1,2,Selection constraint for Processor: max 2,P74577-B21,Standard,Intel Xeon 6738P 2.9GHz 32-core 270W Processor for HPE,0,"$17,305.00","$13,063.00","$34,610.00",,No,Available,,Not published by OCA,Active,06/02/2025,06/30/2029,"{""Price Delta (USD)"":""+13,063.00"",""Extended Price (USD)"":""34,610.00""}",UNCHANGED,"$17,305.00",$0.00,$0.00,2026-08-12: $17305.00 → 2026-08-13: $17305.00 → 2026-08-14: $17305.00 → 2026-08-16: $17305.00 → 2026-08-19: $17305.00 → 2026-08-22: $17305.00 → 2026-08-24: $13063.00 (▼) → 2026-09-09: $17305.00 → 2026-09-10: $17305.00
Processor,Processor,HPE OCA > OCA Solution > Processor > Processor,Processor,"min 1, max 2",1,2,Selection constraint for Processor: max 2,P74578-B21,Standard,Intel Xeon 6732P 3.8GHz 32-core 350W Processor for HPE,0,"$13,581.00","$9,339.00","$27,162.00",,No,Available,,Not published by OCA,Active,03/02/2026,06/30/2029,"{""Price Delta (USD)"":""+9,339.00"",""Extended Price (USD)"":""27,162.00""}",UNCHANGED,"$13,581.00",$0.00,$0.00,2026-08-12: $13581.00 → 2026-08-13: $13581.00 → 2026-08-14: $13581.00 → 2026-08-16: $13581.00 → 2026-08-19: $13581.00 → 2026-08-22: $13581.00 → 2026-08-24: $9339.00 (▼) → 2026-09-09: $13581.00 → 2026-09-10: $13581.00
Processor,Processor,HPE OCA > OCA Solution > Processor > Processor,Processor,"min 1, max 2",1,2,Selection constraint for Processor: max 2,P74579-B21,Standard,Intel Xeon 6748P 2.5GHz 48-core 300W Processor for HPE,0,"$38,913.00","$34,671.00","$77,826.00",,No,Available,,Not published by OCA,Active,06/02/2025,06/30/2029,"{""Price Delta (USD)"":""+34,671.00"",""Extended Price (USD)"":""77,826.00""}",UNCHANGED,"$38,913.00",$0.00,$0.00,2026-08-12: $38913.00 → 2026-08-13: $38913.00 → 2026-08-14: $38913.00 → 2026-08-16: $38913.00 → 2026-08-19: $38913.00 → 2026-08-22: $38913.00 → 2026-08-24: $34671.00 (▼) → 2026-09-09: $38913.00 → 2026-09-10: $38913.00
Processor,Processor,HPE OCA > OCA Solution > Processor > Processor,Processor,"min 1, max 2",1,2,Selection constraint for Processor: max 2,P81591-B21,Standard,Intel Xeon 6745P 3.1GHz 32-core 300W Processor for HPE,0,"$14,818.00","$10,576.00","$29,636.00",,No,Available,,Not published by OCA,Active,07/07/2025,06/30/2029,"{""Price Delta (USD)"":""+10,576.00"",""Extended Price (USD)"":""29,636.00""}",UNCHANGED,"$14,818.00",$0.00,$0.00,2026-08-12: $14818.00 → 2026-08-13: $14818.00 → 2026-08-14: $14818.00 → 2026-08-16: $14818.00 → 2026-08-19: $14818.00 → 2026-08-22: $14818.00 → 2026-08-24: $10576.00 (▼) → 2026-09-09: $14818.00 → 2026-09-10: $14818.00
Processor,Processor,HPE OCA > OCA Solution > Processor > Processor,Processor,"min 1, max 2",1,2,Selection constraint for Processor: max 2,P87302-B21,Standard,Intel Xeon 6725P 3.7GHz 16-core 235W Processor for HPE,0,"$12,209.00","$7,967.00","$24,418.00",,No,Available,,Not published by OCA,Active,01/05/2026,06/30/2029,"{""Price Delta (USD)"":""+7,967.00"",""Extended Price (USD)"":""24,418.00""}",UNCHANGED,"$12,209.00",$0.00,$0.00,2026-08-12: $12209.00 → 2026-08-13: $12209.00 → 2026-08-14: $12209.00 → 2026-08-16: $12209.00 → 2026-08-19: $12209.00 → 2026-08-22: $12209.00 → 2026-08-24: $7967.00 (▼) → 2026-09-09: $12209.00 → 2026-09-10: $12209.00
Processor,Processor,HPE OCA > OCA Solution > Processor > Processor,Processor,"min 1, max 2",1,2,Selection constraint for Processor: max 2,P90157-B21,Standard,Intel Xeon 6762P 2.9GHz 64-core 350W Processor for HPE,0,"$46,351.00","$42,109.00","$92,702.00",,No,Available,,Not published by OCA,Active,04/06/2026,06/30/2029,"{""Price Delta (USD)"":""+42,109.00"",""Extended Price (USD)"":""92,702.00""}",UNCHANGED,"$46,351.00",$0.00,$0.00,2026-08-22: $46351.00 → 2026-08-24: $42109.00 (▼) → 2026-09-09: $46351.00 → 2026-09-10: $46351.00
Processor,Processor,HPE OCA > OCA Solution > Processor > Processor,Processor,"min 1, max 2",1,2,Selection constraint for Processor: max 2,P94926-B21,Standard,Intel Xeon 6503P 2.8GHz 8-core 135W Processor for HPE,0,"$1,825.00","-$2,417.00","$3,650.00",,No,Available,,Not published by OCA,Active,09/08/2026,06/30/2029,"{""Price Delta (USD)"":""-2,417.00"",""Extended Price (USD)"":""3,650.00""}",UNCHANGED,"$1,825.00",$0.00,$0.00,"$2,026.00"
Cooling / Thermal,Heatsink Kit,HPE OCA > OCA Solution > Cooling / Thermal > Heatsink Kit,Cooling / Thermal,max 2,0,2,Selection constraint for Heatsink Kit: max 2,P74792-B21,Standard,HPE ProLiant Compute DL380 Gen12 2U High Performance Heat Sink Kit,2,$316.00,,$632.00,,No,Available,,Not published by OCA,Active,02/24/2025,06/30/2029,"{""Extended Price (USD)"":""632.00""}",UNCHANGED,$316.00,$0.00,$0.00,"$2,026.00"
Cooling / Thermal,Standard & Performance Heat Sinks,HPE OCA > OCA Solution > Cooling / Thermal > Standard & Performance Heat Sinks,Cooling / Thermal,max 6,0,6,Mixing of Heat sink is not allowed.,P49145-B21,Standard,HPE ProLiant DL380 2U Standard Heat Sink Kit,0,$133.00,,NA,,No,Not published by OCA,,Not published by OCA,Active,04/03/2023,06/30/2029,"{""Extended Price (USD)"":""NA""}",UNCHANGED,$133.00,$0.00,$0.00,2026-08-12: $133.00 → 2026-08-13: $133.00 → 2026-08-14: $133.00 → 2026-08-16: $133.00 → 2026-08-19: $133.00 → 2026-08-22: $133.00 → 2026-08-24: (no price) → 2026-09-09: $133.00 → 2026-09-10: $133.00
Cooling / Thermal,Standard & Performance Heat Sinks,HPE OCA > OCA Solution > Cooling / Thermal > Standard & Performance Heat Sinks,Cooling / Thermal,max 6,0,6,Mixing of Heat sink is not allowed.,P74204-B21,Standard,HPE ProLiant Compute DL380 Gen12 Cold Plate Module FIO Kit from PCIe NS204-u,0,"$2,027.00",,NA,,No,Not published by OCA,,Not published by OCA,Active,02/24/2025,06/30/2029,"{""Extended Price (USD)"":""NA""}",UNCHANGED,"$2,027.00",$0.00,$0.00,"$2,026.00"
Cooling / Thermal,Standard & Performance Heat Sinks,HPE OCA > OCA Solution > Cooling / Thermal > Standard & Performance Heat Sinks,Cooling / Thermal,max 6,0,6,Mixing of Heat sink is not allowed.,P74208-B21,Standard,HPE ProLiant Compute DL3XX Gen12 Cold Plate Module FIO Kit from PCIe,0,"$1,996.00",,NA,,No,Not published by OCA,,Not published by OCA,Active,02/24/2025,06/30/2029,"{""Extended Price (USD)"":""NA""}",UNCHANGED,"$1,996.00",$0.00,$0.00,"$2,026.00"
Cooling / Thermal,Standard & Performance Heat Sinks,HPE OCA > OCA Solution > Cooling / Thermal > Standard & Performance Heat Sinks,Cooling / Thermal,max 6,0,6,Mixing of Heat sink is not allowed.,P74787-B21,Standard,HPE ProLiant Compute DL3XX Gen12 High Performance Heat Sink Kit,0,$293.00,,NA,,No,Not published by OCA,,Not published by OCA,Active,02/24/2025,06/30/2029,"{""Extended Price (USD)"":""NA""}",UNCHANGED,$293.00,$0.00,$0.00,"$2,026.00"
Cooling / Thermal,Standard & Performance Heat Sinks,HPE OCA > OCA Solution > Cooling / Thermal > Standard & Performance Heat Sinks,Cooling / Thermal,max 6,0,6,Mixing of Heat sink is not allowed.,P74794-B21,Standard,HPE ProLiant Compute DL380 Gen12 2U Max Performance Heat Sink Kit,0,$624.00,,NA,,No,Not published by OCA,,Not published by OCA,Active,02/24/2025,06/30/2029,"{""Extended Price (USD)"":""NA""}",UNCHANGED,$624.00,$0.00,$0.00,"$2,026.00"
Memory,Memory,HPE OCA > OCA Solution > Memory > Memory,Memory,max 32,0,32,Selection constraint for Memory: max 32,P69727-F21,Standard,HPE 32GB (1x32GB) Dual Rank x8 DDR5-6400 CAS-52-52-52 EC8 Registered Smart FIO Memory Kit,2,"$13,909.00",,"$27,818.00",$434.66,No,Available,,Not published by OCA,Active,04/06/2026,03/31/2028,"{""Extended Price (USD)"":""27,818.00"",""Price per GB (USD)"":""434.66""}",UNCHANGED,"$13,909.00",$0.00,$0.00,"$2,026.00"
Memory,Memory,HPE OCA > OCA Solution > Memory > Memory,Memory,max 32,0,32,Mixing of x4 and x8 memory is not allowed,P69728-F21,Standard,HPE 64GB (1x64GB) Dual Rank x4 DDR5-6400 CAS-52-52-52 EC8 Registered Smart FIO Memory Kit,0,"$28,532.00",,NA,$445.81,No,Not published by OCA,,Not published by OCA,Active,04/06/2026,03/31/2028,"{""Extended Price (USD)"":""NA"",""Price per GB (USD)"":""445.81""}",UNCHANGED,"$28,532.00",$0.00,$0.00,2026-08-12: $28532.00 → 2026-08-13: $28532.00 → 2026-08-14: $28532.00 → 2026-08-16: $28532.00 → 2026-08-19: $28532.00 → 2026-08-22: $28532.00 → 2026-08-24: (no price) → 2026-09-09: $28532.00 → 2026-09-10: $28532.00
Memory,Memory,HPE OCA > OCA Solution > Memory > Memory,Memory,max 32,0,32,These products are hidden due to Supply constraints,P69726-B21,Standard,HPE 16GB (1x16GB) Single Rank x8 DDR5-6400 CAS-52-52-52 EC8 Registered Smart Memory Kit,0,"$7,439.00",,NA,$464.94,No,These products are hidden due to Supply constraints,,Not published by OCA,Active,02/24/2025,11/30/2027,"{""Extended Price (USD)"":""NA"",""Price per GB (USD)"":""464.94""}",UNCHANGED,"$7,439.00",$0.00,$0.00,2026-08-12: $7439.00 → 2026-08-13: $7439.00 → 2026-08-14: $7439.00 → 2026-08-16: $7439.00 → 2026-08-19: $7439.00 → 2026-08-22: $7439.00 → 2026-08-24: (no price) → 2026-09-09: $7439.00 → 2026-09-10: $7439.00
Memory,Memory,HPE OCA > OCA Solution > Memory > Memory,Memory,max 32,0,32,These products are hidden due to Supply constraints,P69726-F21,Standard,HPE 16GB (1x16GB) Single Rank x8 DDR5-6400 CAS-52-52-52 EC8 Registered Smart FIO Memory Kit,0,"$7,439.00",,NA,$464.94,No,These products are hidden due to Supply constraints,,Not published by OCA,Active,04/06/2026,11/30/2027,"{""Extended Price (USD)"":""NA"",""Price per GB (USD)"":""464.94""}",UNCHANGED,"$7,439.00",$0.00,$0.00,"$2,026.00"
Memory,Memory,HPE OCA > OCA Solution > Memory > Memory,Memory,max 32,0,32,96GB Memory cannot be mixed with any other Memory.,P69729-F21,Standard,HPE 96GB (1x96GB) Dual Rank x4 DDR5-6400 CAS-52-52-52 EC8 Registered Smart FIO Memory Kit,0,"$47,056.00",,NA,$490.17,No,Not published by OCA,,Not published by OCA,Active,04/06/2026,03/31/2028,"{""Extended Price (USD)"":""NA"",""Price per GB (USD)"":""490.17""}",UNCHANGED,"$47,056.00",$0.00,$0.00,2026-08-12: $47056.00 → 2026-08-13: $47056.00 → 2026-08-14: $47056.00 → 2026-08-16: $47056.00 → 2026-08-19: $47056.00 → 2026-08-22: $47056.00 → 2026-08-24: (no price) → 2026-09-09: $47056.00 → 2026-09-10: $47056.00
Memory,Memory,HPE OCA > OCA Solution > Memory > Memory,Memory,max 32,0,32,128GB Memory cannot be mixed with any other Memory.,P69730-F21,Standard,HPE 128GB (1x128GB) Dual Rank x4 DDR5-6400 CAS-52-52-52 EC8 Registered Smart FIO Memory Kit,0,"$60,190.00",,NA,$470.23,No,Not published by OCA,,Not published by OCA,Active,04/06/2026,03/31/2028,"{""Extended Price (USD)"":""NA"",""Price per GB (USD)"":""470.23""}",UNCHANGED,"$60,190.00",$0.00,$0.00,2026-08-12: $60190.00 → 2026-08-13: $60190.00 → 2026-08-14: $60190.00 → 2026-08-16: $60190.00 → 2026-08-19: $60190.00 → 2026-08-22: $60190.00 → 2026-08-24: (no price) → 2026-09-09: $60190.00 → 2026-09-10: $60190.00
Memory,Memory,HPE OCA > OCA Solution > Memory > Memory,Memory,max 32,0,32,Mixing of 3DS and non 3DS memory is not allowed.,P73447-F21,Standard,HPE 256GB (1x256GB) Quad Rank x4 DDR5-6400 CAS-60-52-52 EC8 Registered 3DS Smart FIO Memory Kit,0,"$133,186.00",,NA,$520.26,No,Not published by OCA,,Not published by OCA,Active,04/06/2026,03/31/2028,"{""Extended Price (USD)"":""NA"",""Price per GB (USD)"":""520.26""}",UNCHANGED,"$133,186.00",$0.00,$0.00,2026-08-12: $133186.00 → 2026-08-13: $133186.00 → 2026-08-14: $133186.00 → 2026-08-16: $133186.00 → 2026-08-19: $133186.00 → 2026-08-22: $133186.00 → 2026-08-24: (no price) → 2026-09-09: $133186.00 → 2026-09-10: $133186.00
Memory,Memory Blank Kit,HPE OCA > OCA Solution > Memory > Memory Blank Kit,Chassis Infrastructure,max 1,0,1,Selection constraint for Memory Blank Kit: max 1,P07818-B21,Standard,HPE DDR4 DIMM Blank Kit,0,$129.00,,NA,,No,Available,,Not published by OCA,Active,10/01/2018,06/30/2029,"{""Extended Price (USD)"":""NA""}",UNCHANGED,$129.00,$0.00,$0.00,"$2,026.00"
Drive Enclosures / Drives,Drive Cage,HPE OCA > OCA Solution > Drive Enclosures / Drives > Drive Cage,PCIe Riser,max 9,0,9,Selection constraint for Drive Cage: max 9,P74734-B21,Standard,HPE ProLiant Compute DL380 Gen12 2SFF Rear Primary/Secondary Riser Cage Kit,0,$233.00,,NA,,No,Available,,Not published by OCA,Active,02/24/2025,06/30/2029,"{""Extended Price (USD)"":""NA""}",UNCHANGED,$233.00,$0.00,$0.00,"$2,026.00"
Drive Enclosures / Drives,Drive Cage,HPE OCA > OCA Solution > Drive Enclosures / Drives > Drive Cage,Drive Cage / Drive,max 9,0,9,Selection constraint for Drive Cage: max 9,P74743-B21,Standard,HPE ProLiant Compute DL3XX Gen12 Rear 2SFF U.3 HDD Stacking Drive Cage Kit,0,$198.00,,NA,,No,Available,,Not published by OCA,Active,02/24/2025,06/30/2029,"{""Extended Price (USD)"":""NA""}",UNCHANGED,$198.00,$0.00,$0.00,"$2,026.00"
Drive Enclosures / Drives,Drive Cage,HPE OCA > OCA Solution > Drive Enclosures / Drives > Drive Cage,Drive Cage / Drive,max 9,0,9,Selection constraint for Drive Cage: max 9,P74749-B21,Standard,HPE ProLiant Compute DL3XX Gen12 SFF Universal Media Bay Kit,0,$152.00,,NA,,No,Available,,Not published by OCA,Active,02/24/2025,06/30/2029,"{""Extended Price (USD)"":""NA""}",UNCHANGED,$152.00,$0.00,$0.00,"$2,026.00"
Drive Enclosures / Drives,Drive Cage,HPE OCA > OCA Solution > Drive Enclosures / Drives > Drive Cage,Drive Cage / Drive,max 9,0,9,Selection constraint for Drive Cage: max 9,P75740-B21,Standard,HPE ProLiant Compute DL3XX Gen12 8SFF x1 U.3 Tri-Mode Drive Cage Kit,0,$260.00,,NA,,No,Available,,Not published by OCA,Active,02/24/2025,06/30/2029,"{""Extended Price (USD)"":""NA""}",UNCHANGED,$260.00,$0.00,$0.00,"$2,026.00"
Drive Enclosures / Drives,Drive Cage,HPE OCA > OCA Solution > Drive Enclosures / Drives > Drive Cage,Drive Cage / Drive,max 9,0,9,Selection constraint for Drive Cage: max 9,P75741-B21,Standard,HPE ProLiant Compute DL3XX Gen12 8SFF x4 U.3 Tri-Mode Drive Cage Kit,0,$355.00,,NA,,No,Available,,Not published by OCA,Active,02/24/2025,06/30/2029,"{""Extended Price (USD)"":""NA""}",UNCHANGED,$355.00,$0.00,$0.00,"$2,026.00"
Drive Enclosures / Drives,Drive Cage,HPE OCA > OCA Solution > Drive Enclosures / Drives > Drive Cage,Drive Cage / Drive,max 9,0,9,Selection constraint for Drive Cage: max 9,P75807-B21,Standard,HPE ProLiant Compute DL3XX Gen12 Front SFF for 2SFF Enablement U.3 HDD Front Cage Kit,0,$179.00,,NA,,No,Available,,Not published by OCA,Active,02/24/2025,06/30/2029,"{""Extended Price (USD)"":""NA""}",UNCHANGED,$179.00,$0.00,$0.00,"$2,026.00"
Drive Enclosures / Drives,Drive Cage,HPE OCA > OCA Solution > Drive Enclosures / Drives > Drive Cage,Drive Cage / Drive,max 9,0,9,Selection constraint for Drive Cage: max 9,P76449-B21,Standard,HPE ProLiant Compute DL3XX Gen12 Multipurpose Drive Cage Kit,0,$73.00,,NA,,No,Available,,Not published by OCA,Active,02/24/2025,06/30/2029,"{""Extended Price (USD)"":""NA""}",UNCHANGED,$73.00,$0.00,$0.00,"$2,026.00"
Drive Enclosures / Drives,Drive Cage,HPE OCA > OCA Solution > Drive Enclosures / Drives > Drive Cage,Drive Cage / Drive,max 9,0,9,Selection constraint for Drive Cage: max 9,P76450-B21,Standard,HPE ProLiant Compute Gen12 4EDSFF Drive Cage Kit,0,$169.00,,NA,,No,Available,,Not published by OCA,Active,02/24/2025,06/30/2029,"{""Extended Price (USD)"":""NA""}",UNCHANGED,$169.00,$0.00,$0.00,"$2,026.00"
Drive Enclosures / Drives,Drive Cage,HPE OCA > OCA Solution > Drive Enclosures / Drives > Drive Cage,Drive Cage / Drive,max 9,0,9,Supported with EDSFF CTO Server only.,P74738-B21,Standard,HPE ProLiant Compute Gen12 12EDSFF Drive Cage Kit,0,$488.00,,NA,,No,Not published by OCA,,Not published by OCA,Active,02/24/2025,06/30/2029,"{""Extended Price (USD)"":""NA""}",UNCHANGED,$488.00,$0.00,$0.00,2026-08-12: $488.00 → 2026-08-13: $488.00 → 2026-08-14: $488.00 → 2026-08-16: $488.00 → 2026-08-19: $488.00 → 2026-08-22: $488.00 → 2026-08-24: (no price) → 2026-09-09: $488.00 → 2026-09-10: $488.00
Drive Enclosures / Drives,Drive Cage,HPE OCA > OCA Solution > Drive Enclosures / Drives > Drive Cage,Drive Cage / Drive,max 9,0,9,Supported with 8LFF and 12LFF CTO Server only.,P74741-B21,Standard,HPE ProLiant Compute DL380 Gen12 4LFF SAS/SATA LP Midplane Drive Cage Kit,0,$262.00,,NA,,No,Not published by OCA,,Not published by OCA,Active,02/24/2025,06/30/2029,"{""Extended Price (USD)"":""NA""}",UNCHANGED,$262.00,$0.00,$0.00,2026-08-12: $262.00 → 2026-08-13: $262.00 → 2026-08-14: $262.00 → 2026-08-16: $262.00 → 2026-08-19: $262.00 → 2026-08-22: $262.00 → 2026-08-24: (no price) → 2026-09-09: $262.00 → 2026-09-10: $262.00
Drive Enclosures / Drives,Drive Cage,HPE OCA > OCA Solution > Drive Enclosures / Drives > Drive Cage,Drive Cage / Drive,max 9,0,9,Supported with 8LFF and 12LFF CTO Server only.,P74746-B21,Standard,HPE ProLiant Compute DL380 Gen12 2LFF Rear Primary Drive Cage Kit,0,$182.00,,NA,,No,Not published by OCA,,Not published by OCA,Active,02/24/2025,06/30/2029,"{""Extended Price (USD)"":""NA""}",UNCHANGED,$182.00,$0.00,$0.00,"$2,026.00"
Drive Enclosures / Drives,Drive Cage,HPE OCA > OCA Solution > Drive Enclosures / Drives > Drive Cage,Drive Cage / Drive,max 9,0,9,Supported with 8LFF and 12LFF CTO Server only.,P75411-B21,Standard,HPE ProLiant Compute DL380 Gen12 2LFF Rear/Tertiary Drive Cage Kit,0,$714.00,,NA,,No,Not published by OCA,,Not published by OCA,Active,02/24/2025,06/30/2029,"{""Extended Price (USD)"":""NA""}",UNCHANGED,$714.00,$0.00,$0.00,"$2,026.00"
Drive Enclosures / Drives,Drive Cage,HPE OCA > OCA Solution > Drive Enclosures / Drives > Drive Cage,Drive Cage / Drive,max 9,0,9,Supported with 8LFF and 12LFF CTO Server only.,P76875-B21,Standard,HPE ProLiant Compute DL380 Gen12 2LFF Rear Secondary Drive Cage Kit,0,$182.00,,NA,,No,Not published by OCA,,Not published by OCA,Active,02/24/2025,06/30/2029,"{""Extended Price (USD)"":""NA""}",UNCHANGED,$182.00,$0.00,$0.00,"$2,026.00"
Drive Enclosures / Drives,SFF Drive Cages & Enablement,HPE OCA > OCA Solution > Drive Enclosures / Drives > SFF Drive Cages & Enablement,Drive Cage / Drive,max 1,0,1,Supported with 8LFF CTO Server only.,P74744-B21,Standard,HPE ProLiant Compute DL3XX Gen12 Front LFF for 2SFF Enablement Side-by-Side U.3 HDD Front Cage Kit,0,$224.00,,NA,,No,Not published by OCA,,Not published by OCA,Active,02/24/2025,06/30/2029,"{""Extended Price (USD)"":""NA""}",UNCHANGED,$224.00,$0.00,$0.00,2026-08-12: $224.00 → 2026-08-13: $224.00 → 2026-08-14: $224.00 → 2026-08-16: $224.00 → 2026-08-19: $224.00 → 2026-08-22: $224.00 → 2026-08-24: (no price) → 2026-09-09: $224.00 → 2026-09-10: $224.00
Cables & Enablement Kits,Tertiary PCIe Risers,HPE OCA > OCA Solution > Cables & Enablement Kits > Tertiary PCIe Risers,Cable Kit,Unlimited,0,Unlimited,Define connection for 8SFF x4 Cage only needed if cage is selected.,DA8SFFX2,Standard,Direct Attach x2                       Nvme option not available with 8sff smart chassis choice.,0,$0.00,NA,NA,,No,Not published by OCA,,Not published by OCA,Active,01/01/2000,12/31/3999,"{""Price Delta (USD)"":""NA"",""Extended Price (USD)"":""NA""}",UNCHANGED,N/A,$0.00,$0.00,2026-08-16: (no price) → 2026-08-19: (no price) → 2026-08-22: (no price) → 2026-08-24: (no price) → 2026-09-09: (no price) → 2026-09-10: (no price)
Cables & Enablement Kits,Tertiary PCIe Risers,HPE OCA > OCA Solution > Cables & Enablement Kits > Tertiary PCIe Risers,Cable Kit,Unlimited,0,Unlimited,Define connection for 8SFF x4 Cage only needed if cage is selected.,DA8SFFX4,Standard,Direct Attach x4                       Nvme option not available with 8sff smart chassis choice.,0,$0.00,NA,NA,,No,Not published by OCA,,Not published by OCA,Active,01/01/2000,12/31/3999,"{""Price Delta (USD)"":""NA"",""Extended Price (USD)"":""NA""}",UNCHANGED,N/A,$0.00,$0.00,2026-08-16: (no price) → 2026-08-19: (no price) → 2026-08-22: (no price) → 2026-08-24: (no price) → 2026-09-09: (no price) → 2026-09-10: (no price)
Cables & Enablement Kits,Tertiary PCIe Risers,HPE OCA > OCA Solution > Cables & Enablement Kits > Tertiary PCIe Risers,Cable Kit,Unlimited,0,Unlimited,Define connection for 8SFF x4 Cage only needed if cage is selected.,P77955-B21,Standard,HPE ProLiant Compute DL380 Gen12 16SFF x2 1P Direct Attach FIO Bundle Kit                       Nvme option not available with 8sff smart chassis choice.,0,$1.00,NA,NA,,No,Not published by OCA,,Not published by OCA,Active,02/24/2025,02/28/2028,"{""Price Delta (USD)"":""NA"",""Extended Price (USD)"":""NA""}",UNCHANGED,$1.00,$0.00,$0.00,2026-08-12: $1.00 (✕ REMOVED) → 2026-08-13: $1.00 → 2026-08-14: $1.00 → 2026-08-16: $1.00 → 2026-08-19: $1.00 → 2026-08-22: $1.00 → 2026-08-24: (no price) → 2026-09-09: $1.00 → 2026-09-10: $1.00
Cables & Enablement Kits,Tertiary PCIe Risers,HPE OCA > OCA Solution > Cables & Enablement Kits > Tertiary PCIe Risers,Cable Kit,Unlimited,0,Unlimited,Define connection for 8SFF x4 Cage only needed if cage is selected.,P77958-B21,Standard,HPE ProLiant Compute DL380 Gen12 16SFF x2 1P Direct Attach Universal Media Bay FIO Bundle Kit                       Nvme option not available with 8sff smart chassis choice.,0,$1.00,NA,NA,,No,Not published by OCA,,Not published by OCA,Active,02/24/2025,02/28/2028,"{""Price Delta (USD)"":""NA"",""Extended Price (USD)"":""NA""}",UNCHANGED,$1.00,$0.00,$0.00,2026-08-12: $1.00 (✕ REMOVED) → 2026-08-13: $1.00 → 2026-08-14: $1.00 → 2026-08-16: $1.00 → 2026-08-19: $1.00 → 2026-08-22: $1.00 → 2026-08-24: (no price) → 2026-09-09: $1.00 → 2026-09-10: $1.00
Cables & Enablement Kits,Tertiary PCIe Risers,HPE OCA > OCA Solution > Cables & Enablement Kits > Tertiary PCIe Risers,Cable Kit,Unlimited,0,Unlimited,Define connection for 8SFF x4 Cage only needed if cage is selected.,P77931-B21,Standard,HPE ProLiant Compute DL380 Gen12 16SFF x4 Direct Attach Balanced FIO Bundle Kit                       Nvme option not available with 8sff smart chassis choice.,0,$1.00,NA,NA,,No,Not published by OCA,,Not published by OCA,Active,02/24/2025,02/28/2028,"{""Price Delta (USD)"":""NA"",""Extended Price (USD)"":""NA""}",UNCHANGED,$1.00,$0.00,$0.00,2026-08-12: $1.00 (✕ REMOVED) → 2026-08-13: $1.00 → 2026-08-14: $1.00 → 2026-08-16: $1.00 → 2026-08-19: $1.00 → 2026-08-22: $1.00 → 2026-08-24: (no price) → 2026-09-09: $1.00 → 2026-09-10: $1.00
Cables & Enablement Kits,Tertiary PCIe Risers,HPE OCA > OCA Solution > Cables & Enablement Kits > Tertiary PCIe Risers,Cable Kit,Unlimited,0,Unlimited,Define connection for 8SFF x4 Cage only needed if cage is selected.,P78064-B21,Standard,HPE ProLiant Compute DL380 Gen12 16SFF x4 Direct Attach Multiple Purpose Cage FIO Bundle Kit                       Nvme option not available with 8sff smart chassis choice.,0,$0.00,NA,NA,,No,Not published by OCA,,Not published by OCA,Active,05/05/2025,02/28/2028,"{""Price Delta (USD)"":""NA"",""Extended Price (USD)"":""NA""}",UNCHANGED,N/A,$0.00,$0.00,2026-08-12: (no price) (✕ REMOVED) → 2026-08-13: (no price) → 2026-08-14: (no price) → 2026-08-16: (no price) → 2026-08-19: (no price) → 2026-08-22: (no price) → 2026-08-24: (no price) → 2026-09-09: (no price) → 2026-09-10: (no price)
Cables & Enablement Kits,Tertiary PCIe Risers,HPE OCA > OCA Solution > Cables & Enablement Kits > Tertiary PCIe Risers,Cable Kit,Unlimited,0,Unlimited,Define connection for 8SFF x4 Cage only needed if cage is selected.,P77934-B21,Standard,HPE ProLiant Compute DL380 Gen12 16SFF x4 Direct Attach Universal Media Bay FIO Bundle Kit                       Nvme option not available with 8sff smart chassis choice.,0,$1.00,NA,NA,,No,Not published by OCA,,Not published by OCA,Active,02/24/2025,02/28/2028,"{""Price Delta (USD)"":""NA"",""Extended Price (USD)"":""NA""}",UNCHANGED,$1.00,$0.00,$0.00,2026-08-12: $1.00 (✕ REMOVED) → 2026-08-13: $1.00 → 2026-08-14: $1.00 → 2026-08-16: $1.00 → 2026-08-19: $1.00 → 2026-08-22: $1.00 → 2026-08-24: (no price) → 2026-09-09: $1.00 → 2026-09-10: $1.00
Cables & Enablement Kits,Tertiary PCIe Risers,HPE OCA > OCA Solution > Cables & Enablement Kits > Tertiary PCIe Risers,Cable Kit,Unlimited,0,Unlimited,Define connection for 8SFF x4 Cage only needed if cage is selected.,P77937-B21,Standard,HPE ProLiant Compute DL380 Gen12 24SFF x16/x16/x16 OCP Balanced FIO Bundle Kit                       Nvme option not available with 8sff smart chassis choice.,0,$1.00,NA,NA,,No,Not published by OCA,,Not published by OCA,Active,02/24/2025,02/28/2028,"{""Price Delta (USD)"":""NA"",""Extended Price (USD)"":""NA""}",UNCHANGED,$1.00,$0.00,$0.00,2026-08-12: $1.00 (✕ REMOVED) → 2026-08-13: $1.00 → 2026-08-14: $1.00 → 2026-08-16: $1.00 → 2026-08-19: $1.00 → 2026-08-22: $1.00 → 2026-08-24: (no price) → 2026-09-09: $1.00 → 2026-09-10: $1.00
Cables & Enablement Kits,Tertiary PCIe Risers,HPE OCA > OCA Solution > Cables & Enablement Kits > Tertiary PCIe Risers,Cable Kit,Unlimited,0,Unlimited,Define connection for 8SFF x4 Cage only needed if cage is selected.,P77940-B21,Standard,HPE ProLiant Compute DL380 Gen12 24SFF x16/x16/x16 OCP Gen4 Retimer Card FIO Bundle Kit                       Nvme option not available with 8sff smart chassis choice.,0,$1.00,NA,NA,,No,Not published by OCA,,Not published by OCA,Active,02/24/2025,02/28/2028,"{""Price Delta (USD)"":""NA"",""Extended Price (USD)"":""NA""}",UNCHANGED,$1.00,$0.00,$0.00,2026-08-12: $1.00 (✕ REMOVED) → 2026-08-13: $1.00 → 2026-08-14: $1.00 → 2026-08-16: $1.00 → 2026-08-19: $1.00 → 2026-08-22: $1.00 → 2026-08-24: (no price) → 2026-09-09: $1.00 → 2026-09-10: $1.00
Cables & Enablement Kits,Tertiary PCIe Risers,HPE OCA > OCA Solution > Cables & Enablement Kits > Tertiary PCIe Risers,Cable Kit,Unlimited,0,Unlimited,Define connection for 8SFF x4 Cage only needed if cage is selected.,P77961-B21,Standard,HPE ProLiant Compute DL380 Gen12 24SFF x2 Direct Attach x16/x16/x16 OCP FIO Bundle Kit                       Nvme option not available with 8sff smart chassis choice.,0,$1.00,NA,NA,,No,Not published by OCA,,Not published by OCA,Active,02/24/2025,02/28/2028,"{""Price Delta (USD)"":""NA"",""Extended Price (USD)"":""NA""}",UNCHANGED,$1.00,$0.00,$0.00,2026-08-12: $1.00 (✕ REMOVED) → 2026-08-13: $1.00 → 2026-08-14: $1.00 → 2026-08-16: $1.00 → 2026-08-19: $1.00 → 2026-08-22: $1.00 → 2026-08-24: (no price) → 2026-09-09: $1.00 → 2026-09-10: $1.00
Cables & Enablement Kits,Tertiary PCIe Risers,HPE OCA > OCA Solution > Cables & Enablement Kits > Tertiary PCIe Risers,Cable Kit,Unlimited,0,Unlimited,Define connection for 8SFF x4 Cage only needed if cage is selected.,P78070-B21,Standard,HPE ProLiant Compute DL380 Gen12 8SFF x4 1P Direct Attach FIO Bundle Kit                       Nvme option not available with 8sff smart chassis choice.,0,$1.00,NA,NA,,No,Not published by OCA,,Not published by OCA,Active,02/24/2025,02/28/2028,"{""Price Delta (USD)"":""NA"",""Extended Price (USD)"":""NA""}",UNCHANGED,$1.00,$0.00,$0.00,2026-08-12: $1.00 (✕ REMOVED) → 2026-08-13: $1.00 → 2026-08-14: $1.00 → 2026-08-16: $1.00 → 2026-08-19: $1.00 → 2026-08-22: $1.00 → 2026-08-24: (no price) → 2026-09-09: $1.00 → 2026-09-10: $1.00
Cables & Enablement Kits,Tertiary PCIe Risers,HPE OCA > OCA Solution > Cables & Enablement Kits > Tertiary PCIe Risers,Cable Kit,Unlimited,0,Unlimited,Define connection for 8SFF x4 Cage only needed if cage is selected.,P78047-B21,Standard,HPE ProLiant Compute DL380 Gen12 8SFF x4 Direct Attach Balanced FIO Bundle Kit                       Nvme option not available with 8sff smart chassis choice.,0,$1.00,NA,NA,,No,Not published by OCA,,Not published by OCA,Active,02/24/2025,02/28/2028,"{""Price Delta (USD)"":""NA"",""Extended Price (USD)"":""NA""}",UNCHANGED,$1.00,$0.00,$0.00,2026-08-12: $1.00 (✕ REMOVED) → 2026-08-13: $1.00 → 2026-08-14: $1.00 → 2026-08-16: $1.00 → 2026-08-19: $1.00 → 2026-08-22: $1.00 → 2026-08-24: (no price) → 2026-09-09: $1.00 → 2026-09-10: $1.00
Cables & Enablement Kits,Tertiary PCIe Risers,HPE OCA > OCA Solution > Cables & Enablement Kits > Tertiary PCIe Risers,Cable Kit,Unlimited,0,Unlimited,Define connection for 8SFF x4 Cage only needed if cage is selected.,P78058-B21,Standard,HPE ProLiant Compute DL380 Gen12 8SFF x4 Direct Attach Multiple Purpose Cage FIO Bundle Kit                       Nvme option not available with 8sff smart chassis choice.,0,$0.00,NA,NA,,No,Not published by OCA,,Not published by OCA,Active,05/05/2025,02/28/2028,"{""Price Delta (USD)"":""NA"",""Extended Price (USD)"":""NA""}",UNCHANGED,N/A,$0.00,$0.00,2026-08-12: (no price) (✕ REMOVED) → 2026-08-13: (no price) → 2026-08-14: (no price) → 2026-08-16: (no price) → 2026-08-19: (no price) → 2026-08-22: (no price) → 2026-08-24: (no price) → 2026-09-09: (no price) → 2026-09-10: (no price)
Cables & Enablement Kits,Tertiary PCIe Risers,HPE OCA > OCA Solution > Cables & Enablement Kits > Tertiary PCIe Risers,Cable Kit,Unlimited,0,Unlimited,Define connection for 8SFF x4 Cage only needed if cage is selected.,P78061-B21,Standard,HPE ProLiant Compute DL380 Gen12 8SFF x4 Direct Attach UMB Multiple Purpose Cage FIO Bundle Kit                       Nvme option not available with 8sff smart chassis choice.,0,$0.00,NA,NA,,No,Not published by OCA,,Not published by OCA,Active,05/05/2025,02/28/2028,"{""Price Delta (USD)"":""NA"",""Extended Price (USD)"":""NA""}",UNCHANGED,N/A,$0.00,$0.00,2026-08-12: (no price) (✕ REMOVED) → 2026-08-13: (no price) → 2026-08-14: (no price) → 2026-08-16: (no price) → 2026-08-19: (no price) → 2026-08-22: (no price) → 2026-08-24: (no price) → 2026-09-09: (no price) → 2026-09-10: (no price)
Cables & Enablement Kits,Tertiary PCIe Risers,HPE OCA > OCA Solution > Cables & Enablement Kits > Tertiary PCIe Risers,Cable Kit,Unlimited,0,Unlimited,Define connection for 8SFF x4 Cage only needed if cage is selected.,P77943-B21,Standard,HPE ProLiant Compute DL380 Gen12 Tertiary Riser 24SFF x16/x16/x16 OCP Balanced FIO Bundle Kit                       Nvme option not available with 8sff smart chassis choice.,0,$1.00,NA,NA,,No,Not published by OCA,,Not published by OCA,Active,02/24/2025,02/28/2028,"{""Price Delta (USD)"":""NA"",""Extended Price (USD)"":""NA""}",UNCHANGED,$1.00,$0.00,$0.00,2026-08-12: $1.00 (✕ REMOVED) → 2026-08-13: $1.00 → 2026-08-14: $1.00 → 2026-08-16: $1.00 → 2026-08-19: $1.00 → 2026-08-22: $1.00 → 2026-08-24: (no price) → 2026-09-09: $1.00 → 2026-09-10: $1.00
Drive Enclosures / Drives,Drive Cage,HPE OCA > OCA Solution > Drive Enclosures / Drives > Drive Cage,Drive Cage / Drive,max 9,0,9,Selection constraint for Drive Cage: max 9,873763-B21,Standard,HPE ProLiant Compute DL380 No Drive Configuration FIO Kit,0,$14.00,NA,NA,,No,Available,,Not published by OCA,Active,07/11/2017,06/30/2029,"{""Price Delta (USD)"":""NA"",""Extended Price (USD)"":""NA""}",UNCHANGED,$14.00,$0.00,$0.00,2026-08-12: $14.00 → 2026-08-13: $14.00 → 2026-08-14: $14.00 → 2026-08-16: $14.00 → 2026-08-19: $14.00 → 2026-08-22: $14.00 → 2026-08-24: (no price) → 2026-09-09: $14.00 → 2026-09-10: $14.00
PCIe Risers,Riser Cards,HPE OCA > OCA Solution > PCIe Risers > Riser Cards,PCIe Riser,"min 1, Required",1,Required,Selection constraint for Riser Cards: required,P48802-B21,Standard,HPE ProLiant DL380 Gen11 2U x8/x16/x8 Secondary Riser Kit,0,$265.00,,NA,,No,Available,,Not published by OCA,Active,01/10/2023,06/30/2029,"{""Extended Price (USD)"":""NA""}",UNCHANGED,$265.00,$0.00,$0.00,"$2,026.00"
PCIe Risers,Riser Cards,HPE OCA > OCA Solution > PCIe Risers > Riser Cards,PCIe Riser,"min 1, Required",1,Required,Selection constraint for Riser Cards: required,P48803-B21,Standard,HPE ProLiant DL380 2U x16/x16/x16 Primary Riser Kit,0,$262.00,,NA,,No,Available,,Not published by OCA,Active,01/10/2023,06/30/2029,"{""Extended Price (USD)"":""NA""}",UNCHANGED,$262.00,$0.00,$0.00,"$2,026.00"
PCIe Risers,Riser Cards,HPE OCA > OCA Solution > PCIe Risers > Riser Cards,PCIe Riser,"min 1, Required",1,Required,Selection constraint for Riser Cards: required,P51083-B21,Standard,HPE ProLiant DL380 2U x16/x16/x16 Secondary Riser Kit,0,$343.00,,NA,,No,Available,,Not published by OCA,Active,01/10/2023,06/30/2029,"{""Extended Price (USD)"":""NA""}",UNCHANGED,$343.00,$0.00,$0.00,"$2,026.00"
PCIe Risers,Riser Cards,HPE OCA > OCA Solution > PCIe Risers > Riser Cards,PCIe Riser,"min 1, Required",1,Required,Selection constraint for Riser Cards: required,P76451-B21,Standard,HPE ProLiant Compute DL380 Gen12 2U 2x16 Tertiary Riser Kit,0,$619.00,,NA,,No,Available,,Not published by OCA,Active,02/24/2025,06/30/2029,"{""Extended Price (USD)"":""NA""}",UNCHANGED,$619.00,$0.00,$0.00,"$2,026.00"
PCIe Risers,Tertiary PCIe Risers,HPE OCA > OCA Solution > PCIe Risers > Tertiary PCIe Risers,PCIe Riser,max 3,0,3,Tertiary x8x16 Riser and OCPA x16/ CPU1 OCPB x8 cannot be selected together.,P74737-B21,Standard,HPE ProLiant Compute DL380 Gen12 2U x8/x16 Tertiary Riser Kit,0,$506.00,,NA,,No,Not published by OCA,,Not published by OCA,Active,02/24/2025,06/30/2029,"{""Extended Price (USD)"":""NA""}",UNCHANGED,$506.00,$0.00,$0.00,2026-08-12: $506.00 → 2026-08-13: $506.00 → 2026-08-14: $506.00 → 2026-08-16: $506.00 → 2026-08-19: $506.00 → 2026-08-22: $506.00 → 2026-08-24: (no price) → 2026-09-09: $506.00 → 2026-09-10: $506.00
PCIe Risers,Primary PCIe Risers,HPE OCA > OCA Solution > PCIe Risers > Primary PCIe Risers,PCIe Riser,max 3,0,3,Supported with EDSFF CTO Server only.,P80997-B21,Standard,HPE ProLiant Compute DL380 Gen12 Secondary Riser Paddle Card FIO Kit,0,$625.00,,NA,,No,Not published by OCA,,Not published by OCA,Active,08/04/2025,06/30/2029,"{""Extended Price (USD)"":""NA""}",UNCHANGED,$625.00,$0.00,$0.00,2026-08-12: $625.00 → 2026-08-13: $625.00 → 2026-08-14: $625.00 → 2026-08-16: $625.00 → 2026-08-19: $625.00 → 2026-08-22: $625.00 → 2026-08-24: (no price) → 2026-09-09: $625.00 → 2026-09-10: $625.00
PCIe Risers,Primary PCIe Risers,HPE OCA > OCA Solution > PCIe Risers > Primary PCIe Risers,PCIe Riser,max 3,0,3,Supported with EDSFF CTO Server only.,P83356-B21,Standard,HPE ProLiant Compute DL380 Gen12 Primary Riser Paddle Card FIO Kit,0,$590.00,,NA,,No,Not published by OCA,,Not published by OCA,Active,08/04/2025,06/30/2029,"{""Extended Price (USD)"":""NA""}",UNCHANGED,$590.00,$0.00,$0.00,"$2,026.00"
PCIe Risers,Riser Accessories,HPE OCA > OCA Solution > PCIe Risers > Riser Accessories,Cable Kit,max 6,0,6,Selection constraint for Riser Accessories: max 6,P76471-B21,Standard,HPE ProLiant Compute DL380 Gen12 x8 Riser Enablement Cable Kit,0,$89.00,,NA,,No,Available,,Not published by OCA,Active,02/24/2025,06/30/2029,"{""Extended Price (USD)"":""NA""}",UNCHANGED,$89.00,$0.00,$0.00,"$2,026.00"
PCIe Risers,Riser Accessories,HPE OCA > OCA Solution > PCIe Risers > Riser Accessories,PCIe Riser,max 6,0,6,Selection constraint for Riser Accessories: max 6,P78117-B21,Standard,HPE ProLiant Compute DL380 Gen12 Primary Riser x16 FIO Bundle Kit,0,$1.00,,NA,,No,Available,,Not published by OCA,Active,02/24/2025,02/28/2028,"{""Extended Price (USD)"":""NA""}",UNCHANGED,$1.00,$0.00,$0.00,"$2,026.00"
PCIe Risers,Riser Accessories,HPE OCA > OCA Solution > PCIe Risers > Riser Accessories,PCIe Riser,max 6,0,6,Selection constraint for Riser Accessories: max 6,P78120-B21,Standard,HPE ProLiant Compute DL380 Gen12 Secondary Riser x16 FIO Bundle Kit,0,$1.00,,NA,,No,Available,,Not published by OCA,Active,02/24/2025,02/28/2028,"{""Extended Price (USD)"":""NA""}",UNCHANGED,$1.00,$0.00,$0.00,"$2,026.00"
Storage Controllers,SAS Controller,HPE OCA > OCA Solution > Storage Controllers > SAS Controller,Storage Controller,max 5,0,5,Selection constraint for SAS Controller: max 5,P75697-B21,Standard,HPE MR932i-p x32 Lanes PCIe Gen5 SPDM Plug-in Storage Controller,0,"$11,399.00",,NA,,No,Available,,Not published by OCA,Active,02/02/2026,06/30/2029,"{""Extended Price (USD)"":""NA""}",UNCHANGED,"$11,399.00",$0.00,$0.00,2026-08-12: $11399.00 → 2026-08-13: $11399.00 → 2026-08-14: $11399.00 → 2026-08-16: $11399.00 → 2026-08-19: $11399.00 → 2026-08-22: $11399.00 → 2026-08-24: (no price) → 2026-09-09: $11399.00 → 2026-09-10: $11399.00
Storage Controllers,SAS Controller,HPE OCA > OCA Solution > Storage Controllers > SAS Controller,Storage Controller,max 5,0,5,Selection constraint for SAS Controller: max 5,P47777-B21,Standard,HPE MR416i-p Gen11 x16 Lanes 8GB Cache PCI SPDM Plug-in Storage Controller,0,"$5,999.00",,NA,,No,Available,,Not published by OCA,Active,11/10/2022,04/30/2029,"{""Extended Price (USD)"":""NA""}",UNCHANGED,"$5,999.00",$0.00,$0.00,2026-08-12: $5999.00 → 2026-08-13: $5999.00 → 2026-08-14: $5999.00 → 2026-08-16: $5999.00 → 2026-08-19: $5999.00 → 2026-08-22: $5999.00 → 2026-08-24: (no price) → 2026-09-09: $5999.00 → 2026-09-10: $5999.00
Storage Controllers,SAS Controller,HPE OCA > OCA Solution > Storage Controllers > SAS Controller,Storage Controller,max 5,0,5,Selection constraint for SAS Controller: max 5,P47789-B21,Standard,HPE MR216i-o Gen11 x16 Lanes without Cache OCP SPDM Storage Controller,0,"$3,449.00",,NA,,No,Available,,Not published by OCA,Active,11/10/2022,04/30/2029,"{""Extended Price (USD)"":""NA""}",UNCHANGED,"$3,449.00",$0.00,$0.00,2026-08-12: $3449.00 → 2026-08-13: $3449.00 → 2026-08-14: $3449.00 → 2026-08-16: $3449.00 → 2026-08-19: $3449.00 → 2026-08-22: $3449.00 → 2026-08-24: (no price) → 2026-09-09: $3449.00 → 2026-09-10: $3449.00
Storage Controllers,SAS Controller,HPE OCA > OCA Solution > Storage Controllers > SAS Controller,Storage Controller,max 5,0,5,Selection constraint for SAS Controller: max 5,P74775-B21,Standard,HPE MR408i-p Gen11 x8 Lanes 4GB Cache PCI SPDM Plug-in Storage Controller,0,"$4,699.00",,NA,,No,Available,,Not published by OCA,Active,04/07/2025,04/30/2029,"{""Extended Price (USD)"":""NA""}",UNCHANGED,"$4,699.00",$0.00,$0.00,2026-08-12: $4699.00 → 2026-08-13: $4699.00 → 2026-08-14: $4699.00 → 2026-08-16: $4699.00 → 2026-08-19: $4699.00 → 2026-08-22: $4699.00 → 2026-08-24: (no price) → 2026-09-09: $4699.00 → 2026-09-10: $4699.00
Storage Controllers,SAS Controller,HPE OCA > OCA Solution > Storage Controllers > SAS Controller,Storage Controller,max 5,0,5,Selection constraint for SAS Controller: max 5,P25527-B21,Standard,HPE DL385 Gen10 Plus 12Gb NVMe 2-port Adapter,0,$633.00,,NA,,No,Available,,Not published by OCA,Active,06/08/2020,05/31/2028,"{""Extended Price (USD)"":""NA""}",UNCHANGED,$633.00,$0.00,$0.00,2026-08-12: $633.00 → 2026-08-13: $633.00 → 2026-08-14: $633.00 → 2026-08-16: $633.00 → 2026-08-19: $633.00 → 2026-08-22: $633.00 → 2026-08-24: (no price) → 2026-09-09: $633.00 → 2026-09-10: $633.00
Storage Controllers,SAS Controller,HPE OCA > OCA Solution > Storage Controllers > SAS Controller,Storage Controller,max 5,0,5,Selection constraint for SAS Controller: max 5,P47785-B21,Standard,HPE MR216i-p Gen11 x16 Lanes without Cache PCI SPDM Plug-in Storage Controller,0,"$3,499.00",,NA,,No,Available,,Not published by OCA,Active,11/10/2022,04/30/2029,"{""Extended Price (USD)"":""NA""}",UNCHANGED,"$3,499.00",$0.00,$0.00,2026-08-12: $3499.00 → 2026-08-13: $3499.00 → 2026-08-14: $3499.00 → 2026-08-16: $3499.00 → 2026-08-19: $3499.00 → 2026-08-22: $3499.00 → 2026-08-24: (no price) → 2026-09-09: $3499.00 → 2026-09-10: $3499.00
Storage Controllers,SAS Controller,HPE OCA > OCA Solution > Storage Controllers > SAS Controller,Storage Controller,max 5,0,5,Selection constraint for SAS Controller: max 5,P47781-B21,Standard,HPE MR416i-o Gen11 x16 Lanes 8GB Cache OCP SPDM Storage Controller,0,"$5,699.00",,NA,,No,Available,,Not published by OCA,Active,11/10/2022,04/30/2029,"{""Extended Price (USD)"":""NA""}",UNCHANGED,"$5,699.00",$0.00,$0.00,2026-08-12: $5699.00 → 2026-08-13: $5699.00 → 2026-08-14: $5699.00 → 2026-08-16: $5699.00 → 2026-08-19: $5699.00 → 2026-08-22: $5699.00 → 2026-08-24: (no price) → 2026-09-09: $5699.00 → 2026-09-10: $5699.00
Storage Controllers,SAS Controller,HPE OCA > OCA Solution > Storage Controllers > SAS Controller,Storage Controller,max 5,0,5,Selection constraint for SAS Controller: max 5,P58335-B21,Standard,HPE MR408i-o Gen11 x8 Lanes 4GB Cache OCP SPDM Storage Controller,0,"$4,599.00",,NA,,No,Available,,Not published by OCA,Active,11/10/2022,04/30/2029,"{""Extended Price (USD)"":""NA""}",UNCHANGED,"$4,599.00",$0.00,$0.00,2026-08-12: $4599.00 → 2026-08-13: $4599.00 → 2026-08-14: $4599.00 → 2026-08-16: $4599.00 → 2026-08-19: $4599.00 → 2026-08-22: $4599.00 → 2026-08-24: (no price) → 2026-09-09: $4599.00 → 2026-09-10: $4599.00
Storage Controllers,SAS Controller,HPE OCA > OCA Solution > Storage Controllers > SAS Controller,Storage Controller,max 5,0,5,Selection constraint for SAS Controller: max 5,P95072-B21,Standard,HPE Smart Array E208e-p SR Gen12 x8 Lanes without Cache SAS 12G PCIe Plug-in Controller,0,"$1,775.00",,NA,,No,Available,,Not published by OCA,Active,09/08/2026,04/30/2029,"{""Extended Price (USD)"":""NA""}",UNCHANGED,"$1,775.00",$0.00,$0.00,"$2,026.00"
Storage Controllers,SAS Controller,HPE OCA > OCA Solution > Storage Controllers > SAS Controller,Storage Controller,max 5,0,5,These products are hidden due to Supply constraints,804398-B21,Standard,HPE Smart Array E208e-p SR Gen10 (8 External Lanes/No Cache) 12G SAS PCIe Plug-in Controller,0,"$1,775.00",,NA,,No,These products are hidden due to Supply constraints,,Not published by OCA,Active,07/11/2017,04/30/2029,"{""Extended Price (USD)"":""NA""}",UNCHANGED,"$1,775.00",$0.00,$0.00,2026-08-12: $1775.00 → 2026-08-13: $1775.00 → 2026-08-14: $1775.00 → 2026-08-16: $1775.00 → 2026-08-19: $1775.00 → 2026-08-22: $1775.00 → 2026-08-24: (no price) → 2026-09-09: $1775.00 → 2026-09-10: $1775.00
Accessories & Infrastructure,AmbientTemperature,HPE OCA > OCA Solution > Accessories & Infrastructure > AmbientTemperature,Chassis Infrastructure,"min 1, Required",1,Required,Selection constraint for AmbientTemperature: required,P79567-B21,Standard,HPE ProLiant Compute 18C Maximum Recommended Ambient Temperature Configuration Tracking,0,$1.00,$0.00,$1.00,,No,Available,,Not published by OCA,Active,02/24/2025,06/30/2029,"{""Price Delta (USD)"":""+0.00"",""Extended Price (USD)"":""1.00""}",UNCHANGED,$1.00,$0.00,$0.00,"$2,026.00"
Accessories & Infrastructure,AmbientTemperature,HPE OCA > OCA Solution > Accessories & Infrastructure > AmbientTemperature,Chassis Infrastructure,"min 1, Required",1,Required,Selection constraint for AmbientTemperature: required,P79564-B21,Standard,HPE ProLiant Compute 20C Maximum Recommended Ambient Temperature Configuration Tracking,0,$1.00,$0.00,$1.00,,No,Available,,Not published by OCA,Active,02/24/2025,06/30/2029,"{""Price Delta (USD)"":""+0.00"",""Extended Price (USD)"":""1.00""}",UNCHANGED,$1.00,$0.00,$0.00,"$2,026.00"
Accessories & Infrastructure,AmbientTemperature,HPE OCA > OCA Solution > Accessories & Infrastructure > AmbientTemperature,Chassis Infrastructure,"min 1, Required",1,Required,Selection constraint for AmbientTemperature: required,P79561-B21,Standard,HPE ProLiant Compute 23C Maximum Recommended Ambient Temperature Configuration Tracking,0,$1.00,$0.00,$1.00,,No,Available,,Not published by OCA,Active,02/24/2025,06/30/2029,"{""Price Delta (USD)"":""+0.00"",""Extended Price (USD)"":""1.00""}",UNCHANGED,$1.00,$0.00,$0.00,"$2,026.00"
Accessories & Infrastructure,AmbientTemperature,HPE OCA > OCA Solution > Accessories & Infrastructure > AmbientTemperature,Chassis Infrastructure,"min 1, Required",1,Required,Selection constraint for AmbientTemperature: required,P79558-B21,Standard,HPE ProLiant Compute 25C Maximum Recommended Ambient Temperature Configuration Tracking,0,$1.00,$0.00,$1.00,,No,Available,,Not published by OCA,Active,02/24/2025,06/30/2029,"{""Price Delta (USD)"":""+0.00"",""Extended Price (USD)"":""1.00""}",UNCHANGED,$1.00,$0.00,$0.00,"$2,026.00"
Accessories & Infrastructure,AmbientTemperature,HPE OCA > OCA Solution > Accessories & Infrastructure > AmbientTemperature,Chassis Infrastructure,"min 1, Required",1,Required,Selection constraint for AmbientTemperature: required,P79555-B21,Standard,HPE ProLiant Compute 27C Maximum Recommended Ambient Temperature Configuration Tracking,0,$1.00,$0.00,$1.00,,No,Available,,Not published by OCA,Active,02/24/2025,06/30/2029,"{""Price Delta (USD)"":""+0.00"",""Extended Price (USD)"":""1.00""}",UNCHANGED,$1.00,$0.00,$0.00,"$2,026.00"
Accessories & Infrastructure,AmbientTemperature,HPE OCA > OCA Solution > Accessories & Infrastructure > AmbientTemperature,Chassis Infrastructure,"min 1, Required",1,Required,Selection constraint for AmbientTemperature: required,P79552-B21,Standard,HPE ProLiant Compute 30C Maximum Recommended Ambient Temperature Configuration Tracking,1,$1.00,Selected,$1.00,,No,Available,,Not published by OCA,Active,02/24/2025,06/30/2029,"{""Price Delta (USD)"":""Selected"",""Extended Price (USD)"":""1.00""}",UNCHANGED,$1.00,$0.00,$0.00,"$2,026.00"
Cables & Enablement Kits,Smart Storage Batteries,HPE OCA > OCA Solution > Cables & Enablement Kits > Smart Storage Batteries,Cable Kit,max 2,0,2,Selection constraint for Smart Storage Batteries: max 2,P01366-B21,Standard,HPE 96W Smart Storage Lithium-ion Battery with 145mm Cable Kit,0,$110.00,,NA,,No,Available,,Not published by OCA,Active,12/18/2017,04/30/2029,"{""Extended Price (USD)"":""NA""}",UNCHANGED,$110.00,$0.00,$0.00,2026-08-12: $110.00 → 2026-08-13: $110.00 → 2026-08-14: $110.00 → 2026-08-16: $110.00 → 2026-08-19: $110.00 → 2026-08-22: $110.00 → 2026-08-24: (no price) → 2026-09-09: $110.00 → 2026-09-10: $110.00
Cables & Enablement Kits,Smart Storage Batteries,HPE OCA > OCA Solution > Cables & Enablement Kits > Smart Storage Batteries,Cable Kit,max 2,0,2,Selection constraint for Smart Storage Batteries: max 2,P02377-B21,Standard,HPE Smart Storage Hybrid Capacitor with 145mm Cable Kit,0,$397.00,,NA,,No,Available,,Not published by OCA,Active,04/02/2019,06/30/2027,"{""Extended Price (USD)"":""NA""}",UNCHANGED,$397.00,$0.00,$0.00,2026-08-12: $397.00 → 2026-08-13: $397.00 → 2026-08-14: $397.00 → 2026-08-16: $397.00 → 2026-08-19: $397.00 → 2026-08-22: $397.00 → 2026-08-24: (no price) → 2026-09-09: $397.00 → 2026-09-10: $397.00
Cables & Enablement Kits,Smart Storage Batteries,HPE OCA > OCA Solution > Cables & Enablement Kits > Smart Storage Batteries,Cable Kit,max 2,0,2,Selection constraint for Smart Storage Batteries: max 2,P48918-B21,Standard,HPE ProLiant Storage Controller Enablement Cable Kit,0,$38.00,,NA,,No,Available,,Not published by OCA,Active,01/10/2023,06/30/2029,"{""Extended Price (USD)"":""NA""}",UNCHANGED,$38.00,$0.00,$0.00,2026-08-12: $38.00 → 2026-08-13: $38.00 → 2026-08-14: $38.00 → 2026-08-16: $38.00 → 2026-08-19: $38.00 → 2026-08-22: $38.00 → 2026-08-24: (no price) → 2026-09-09: $38.00 → 2026-09-10: $38.00
Cables & Enablement Kits,Smart Storage Batteries,HPE OCA > OCA Solution > Cables & Enablement Kits > Smart Storage Batteries,Cable Kit,max 2,0,2,Selection constraint for Smart Storage Batteries: max 2,P65038-B21,Standard,HPE 16W Smart Hybrid Capacitor with 145mm Cable,0,$397.00,,NA,,No,Available,,Not published by OCA,Active,12/01/2025,06/30/2029,"{""Extended Price (USD)"":""NA""}",UNCHANGED,$397.00,$0.00,$0.00,2026-08-12: $397.00 → 2026-08-13: $397.00 → 2026-08-14: $397.00 → 2026-08-16: $397.00 → 2026-08-19: $397.00 → 2026-08-22: $397.00 → 2026-08-24: (no price) → 2026-09-09: $397.00 → 2026-09-10: $397.00
Storage Controllers,Internal Storage Controller Cables,HPE OCA > OCA Solution > Storage Controllers > Internal Storage Controller Cables,Cable Kit,max 3,0,3,Selection constraint for Internal Storage Controller Cables: max 3,P76454-B21,Standard,HPE ProLiant Compute DL380 Gen12 OROC 8SFF x2 Controller Cable Kit,0,$212.00,,NA,,No,Available,,Not published by OCA,Active,02/24/2025,06/30/2029,"{""Extended Price (USD)"":""NA""}",UNCHANGED,$212.00,$0.00,$0.00,2026-08-12: $212.00 → 2026-08-13: $212.00 → 2026-08-14: $212.00 → 2026-08-16: $212.00 → 2026-08-19: $212.00 → 2026-08-22: $212.00 → 2026-08-24: (no price) → 2026-09-09: $212.00 → 2026-09-10: $212.00
Storage Controllers,Internal Storage Controller Cables,HPE OCA > OCA Solution > Storage Controllers > Internal Storage Controller Cables,Cable Kit,max 3,0,3,Selection constraint for Internal Storage Controller Cables: max 3,P76456-B21,Standard,HPE ProLiant Compute DL380 Gen12 8SFF x2 PCIe Box 2 Controller Cable Kit,0,$215.00,,NA,,No,Available,,Not published by OCA,Active,02/24/2025,06/30/2029,"{""Extended Price (USD)"":""NA""}",UNCHANGED,$215.00,$0.00,$0.00,2026-08-12: $215.00 → 2026-08-13: $215.00 → 2026-08-14: $215.00 → 2026-08-16: $215.00 → 2026-08-19: $215.00 → 2026-08-22: $215.00 → 2026-08-24: (no price) → 2026-09-09: $215.00 → 2026-09-10: $215.00
Storage Controllers,Internal Storage Controller Cables,HPE OCA > OCA Solution > Storage Controllers > Internal Storage Controller Cables,Processor,max 3,0,3,Selection constraint for Internal Storage Controller Cables: max 3,P76461-B21,Standard,HPE ProLiant Compute DL380 Gen12 8SFF x4 Direct Attach Box 1 for 2 Processors Cable Kit,0,$243.00,,NA,,No,Available,,Not published by OCA,Active,02/24/2025,06/30/2029,"{""Extended Price (USD)"":""NA""}",UNCHANGED,$243.00,$0.00,$0.00,2026-08-12: $243.00 → 2026-08-13: $243.00 → 2026-08-14: $243.00 → 2026-08-16: $243.00 → 2026-08-19: $243.00 → 2026-08-22: $243.00 → 2026-08-24: (no price) → 2026-09-09: $243.00 → 2026-09-10: $243.00
Storage Controllers,Internal Storage Controller Cables,HPE OCA > OCA Solution > Storage Controllers > Internal Storage Controller Cables,Cable Kit,max 3,0,3,Selection constraint for Internal Storage Controller Cables: max 3,P76462-B21,Standard,HPE ProLiant Compute DL380 Gen12 8SFF x4 Direct Attach Box 2 Cable Kit,0,$238.00,,NA,,No,Available,,Not published by OCA,Active,02/24/2025,06/30/2029,"{""Extended Price (USD)"":""NA""}",UNCHANGED,$238.00,$0.00,$0.00,2026-08-12: $238.00 → 2026-08-13: $238.00 → 2026-08-14: $238.00 → 2026-08-16: $238.00 → 2026-08-19: $238.00 → 2026-08-22: $238.00 → 2026-08-24: (no price) → 2026-09-09: $238.00 → 2026-09-10: $238.00
Storage Controllers,Internal Storage Controller Cables,HPE OCA > OCA Solution > Storage Controllers > Internal Storage Controller Cables,Cable Kit,max 3,0,3,Selection constraint for Internal Storage Controller Cables: max 3,P76464-B21,Standard,HPE ProLiant Compute DL380 Gen12 36EDSFF x2 Direct Attach Cable Kit,0,$925.00,,NA,,No,Available,,Not published by OCA,Active,02/24/2025,06/30/2029,"{""Extended Price (USD)"":""NA""}",UNCHANGED,$925.00,$0.00,$0.00,2026-08-12: $925.00 → 2026-08-13: $925.00 → 2026-08-14: $925.00 → 2026-08-16: $925.00 → 2026-08-19: $925.00 → 2026-08-22: $925.00 → 2026-08-24: (no price) → 2026-09-09: $925.00 → 2026-09-10: $925.00
Storage Controllers,Internal Storage Controller Cables,HPE OCA > OCA Solution > Storage Controllers > Internal Storage Controller Cables,Cable Kit,max 3,0,3,Selection constraint for Internal Storage Controller Cables: max 3,P76465-B21,Standard,HPE ProLiant Compute DL380 Gen12 12EDSFF x4 Direct Attach Box 2 Cable Kit,0,$414.00,,NA,,No,Available,,Not published by OCA,Active,02/24/2025,06/30/2029,"{""Extended Price (USD)"":""NA""}",UNCHANGED,$414.00,$0.00,$0.00,2026-08-12: $414.00 → 2026-08-13: $414.00 → 2026-08-14: $414.00 → 2026-08-16: $414.00 → 2026-08-19: $414.00 → 2026-08-22: $414.00 → 2026-08-24: (no price) → 2026-09-09: $414.00 → 2026-09-10: $414.00
Storage Controllers,Internal Storage Controller Cables,HPE OCA > OCA Solution > Storage Controllers > Internal Storage Controller Cables,Cable Kit,max 3,0,3,Selection constraint for Internal Storage Controller Cables: max 3,P76467-B21,Standard,HPE ProLiant Compute DL380 Gen12 12EDSFF x2 Direct Attach Box 1/2 Cable Kit,0,$296.00,,NA,,No,Available,,Not published by OCA,Active,02/24/2025,06/30/2029,"{""Extended Price (USD)"":""NA""}",UNCHANGED,$296.00,$0.00,$0.00,2026-08-12: $296.00 → 2026-08-13: $296.00 → 2026-08-14: $296.00 → 2026-08-16: $296.00 → 2026-08-19: $296.00 → 2026-08-22: $296.00 → 2026-08-24: (no price) → 2026-09-09: $296.00 → 2026-09-10: $296.00
Storage Controllers,Internal Storage Controller Cables,HPE OCA > OCA Solution > Storage Controllers > Internal Storage Controller Cables,Cable Kit,max 3,0,3,Selection constraint for Internal Storage Controller Cables: max 3,P76468-B21,Standard,HPE ProLiant Compute DL380 Gen12 Front 8SFF x4 Direct Attach Box 1/3 Cable Kit,0,$230.00,,NA,,No,Available,,Not published by OCA,Active,02/24/2025,06/30/2029,"{""Extended Price (USD)"":""NA""}",UNCHANGED,$230.00,$0.00,$0.00,2026-08-12: $230.00 → 2026-08-13: $230.00 → 2026-08-14: $230.00 → 2026-08-16: $230.00 → 2026-08-19: $230.00 → 2026-08-22: $230.00 → 2026-08-24: (no price) → 2026-09-09: $230.00 → 2026-09-10: $230.00
Storage Controllers,Internal Storage Controller Cables,HPE OCA > OCA Solution > Storage Controllers > Internal Storage Controller Cables,Cable Kit,max 3,0,3,Selection constraint for Internal Storage Controller Cables: max 3,P76475-B21,Standard,HPE ProLiant Compute DL380 Gen12 2SFF x4 PCIe Box 6 Cable Kit,0,$97.00,,NA,,No,Available,,Not published by OCA,Active,02/24/2025,06/30/2029,"{""Extended Price (USD)"":""NA""}",UNCHANGED,$97.00,$0.00,$0.00,2026-08-12: $97.00 → 2026-08-13: $97.00 → 2026-08-14: $97.00 → 2026-08-16: $97.00 → 2026-08-19: $97.00 → 2026-08-22: $97.00 → 2026-08-24: (no price) → 2026-09-09: $97.00 → 2026-09-10: $97.00
Storage Controllers,Internal Storage Controller Cables,HPE OCA > OCA Solution > Storage Controllers > Internal Storage Controller Cables,Cable Kit,max 3,0,3,Selection constraint for Internal Storage Controller Cables: max 3,P77476-B21,Standard,HPE ProLiant Compute DL380 Gen12 4EDSFF Front Cable Kit,0,$173.00,,NA,,No,Available,,Not published by OCA,Active,02/24/2025,06/30/2029,"{""Extended Price (USD)"":""NA""}",UNCHANGED,$173.00,$0.00,$0.00,2026-08-12: $173.00 → 2026-08-13: $173.00 → 2026-08-14: $173.00 → 2026-08-16: $173.00 → 2026-08-19: $173.00 → 2026-08-22: $173.00 → 2026-08-24: (no price) → 2026-09-09: $173.00 → 2026-09-10: $173.00
Storage Controllers,Internal Storage Controller Cables,HPE OCA > OCA Solution > Storage Controllers > Internal Storage Controller Cables,Cable Kit,max 3,0,3,Selection constraint for Internal Storage Controller Cables: max 3,P77477-B21,Standard,HPE ProLiant Compute DL380 Gen12 2SFF x4 OROC Box 6 OCP Cable Kit,0,$71.00,,NA,,No,Available,,Not published by OCA,Active,02/24/2025,06/30/2029,"{""Extended Price (USD)"":""NA""}",UNCHANGED,$71.00,$0.00,$0.00,2026-08-12: $71.00 → 2026-08-13: $71.00 → 2026-08-14: $71.00 → 2026-08-16: $71.00 → 2026-08-19: $71.00 → 2026-08-22: $71.00 → 2026-08-24: (no price) → 2026-09-09: $71.00 → 2026-09-10: $71.00
Storage Controllers,Internal Storage Controller Cables,HPE OCA > OCA Solution > Storage Controllers > Internal Storage Controller Cables,Cable Kit,max 3,0,3,Selection constraint for Internal Storage Controller Cables: max 3,P77478-B21,Standard,HPE ProLiant Compute DL380 Gen12 2SFF HDD Stacking Drive Direct Attach Cable Kit,0,$73.00,,NA,,No,Available,,Not published by OCA,Active,02/24/2025,06/30/2029,"{""Extended Price (USD)"":""NA""}",UNCHANGED,$73.00,$0.00,$0.00,2026-08-12: $73.00 → 2026-08-13: $73.00 → 2026-08-14: $73.00 → 2026-08-16: $73.00 → 2026-08-19: $73.00 → 2026-08-22: $73.00 → 2026-08-24: (no price) → 2026-09-09: $73.00 → 2026-09-10: $73.00
Storage Controllers,Internal Storage Controller Cables,HPE OCA > OCA Solution > Storage Controllers > Internal Storage Controller Cables,Cable Kit,max 3,0,3,Selection constraint for Internal Storage Controller Cables: max 3,P77482-B21,Standard,HPE ProLiant Compute DL380 Gen12 2SFF Rear PCIe Cable Kit,0,$165.00,,NA,,No,Available,,Not published by OCA,Active,02/24/2025,06/30/2029,"{""Extended Price (USD)"":""NA""}",UNCHANGED,$165.00,$0.00,$0.00,2026-08-12: $165.00 → 2026-08-13: $165.00 → 2026-08-14: $165.00 → 2026-08-16: $165.00 → 2026-08-19: $165.00 → 2026-08-22: $165.00 → 2026-08-24: (no price) → 2026-09-09: $165.00 → 2026-09-10: $165.00
Storage Controllers,Internal Storage Controller Cables,HPE OCA > OCA Solution > Storage Controllers > Internal Storage Controller Cables,Cable Kit,max 3,0,3,Selection constraint for Internal Storage Controller Cables: max 3,P77483-B21,Standard,HPE ProLiant Compute DL380 Gen12 2SFF Rear OROC Cable Kit,0,$70.00,,NA,,No,Available,,Not published by OCA,Active,02/24/2025,06/30/2029,"{""Extended Price (USD)"":""NA""}",UNCHANGED,$70.00,$0.00,$0.00,2026-08-12: $70.00 → 2026-08-13: $70.00 → 2026-08-14: $70.00 → 2026-08-16: $70.00 → 2026-08-19: $70.00 → 2026-08-22: $70.00 → 2026-08-24: (no price) → 2026-09-09: $70.00 → 2026-09-10: $70.00
Storage Controllers,Internal Storage Controller Cables,HPE OCA > OCA Solution > Storage Controllers > Internal Storage Controller Cables,Cable Kit,max 3,0,3,Selection constraint for Internal Storage Controller Cables: max 3,P77486-B21,Standard,HPE ProLiant Compute DL380 Gen12 8SFF x2 Direct Attach Cable Kit,0,$169.00,,NA,,No,Available,,Not published by OCA,Active,02/24/2025,06/30/2029,"{""Extended Price (USD)"":""NA""}",UNCHANGED,$169.00,$0.00,$0.00,2026-08-12: $169.00 → 2026-08-13: $169.00 → 2026-08-14: $169.00 → 2026-08-16: $169.00 → 2026-08-19: $169.00 → 2026-08-22: $169.00 → 2026-08-24: (no price) → 2026-09-09: $169.00 → 2026-09-10: $169.00
Storage Controllers,Internal Storage Controller Cables,HPE OCA > OCA Solution > Storage Controllers > Internal Storage Controller Cables,Cable Kit,max 3,0,3,Selection constraint for Internal Storage Controller Cables: max 3,P77489-B21,Standard,HPE ProLiant Compute DL380 Gen12 8SFF x4 Direct Attach Box 2/3 for 1P Cable Kit,0,$246.00,,NA,,No,Available,,Not published by OCA,Active,02/24/2025,06/30/2029,"{""Extended Price (USD)"":""NA""}",UNCHANGED,$246.00,$0.00,$0.00,2026-08-12: $246.00 → 2026-08-13: $246.00 → 2026-08-14: $246.00 → 2026-08-16: $246.00 → 2026-08-19: $246.00 → 2026-08-22: $246.00 → 2026-08-24: (no price) → 2026-09-09: $246.00 → 2026-09-10: $246.00
Storage Controllers,Internal Storage Controller Cables,HPE OCA > OCA Solution > Storage Controllers > Internal Storage Controller Cables,Cable Kit,max 3,0,3,Selection constraint for Internal Storage Controller Cables: max 3,P77490-B21,Standard,HPE ProLiant Compute DL380 Gen12 4EDSFF x4 Direct Attach Box 1 Cable Kit,0,$165.00,,NA,,No,Available,,Not published by OCA,Active,02/24/2025,06/30/2029,"{""Extended Price (USD)"":""NA""}",UNCHANGED,$165.00,$0.00,$0.00,2026-08-12: $165.00 → 2026-08-13: $165.00 → 2026-08-14: $165.00 → 2026-08-16: $165.00 → 2026-08-19: $165.00 → 2026-08-22: $165.00 → 2026-08-24: (no price) → 2026-09-09: $165.00 → 2026-09-10: $165.00
Storage Controllers,Internal Storage Controller Cables,HPE OCA > OCA Solution > Storage Controllers > Internal Storage Controller Cables,Cable Kit,max 3,0,3,Selection constraint for Internal Storage Controller Cables: max 3,P77491-B21,Standard,HPE ProLiant Compute DL380 Gen12 4EDSFF x4 Direct Attach Box 3 Cable Kit,0,$167.00,,NA,,No,Available,,Not published by OCA,Active,02/24/2025,06/30/2029,"{""Extended Price (USD)"":""NA""}",UNCHANGED,$167.00,$0.00,$0.00,2026-08-12: $167.00 → 2026-08-13: $167.00 → 2026-08-14: $167.00 → 2026-08-16: $167.00 → 2026-08-19: $167.00 → 2026-08-22: $167.00 → 2026-08-24: (no price) → 2026-09-09: $167.00 → 2026-09-10: $167.00
Storage Controllers,Internal Storage Controller Cables,HPE OCA > OCA Solution > Storage Controllers > Internal Storage Controller Cables,Cable Kit,max 3,0,3,Selection constraint for Internal Storage Controller Cables: max 3,P77493-B21,Standard,HPE ProLiant Compute DL380 Gen12 2SFF x4 Direct Attach Box 6 Cable Kit,0,$67.00,,NA,,No,Available,,Not published by OCA,Active,02/24/2025,06/30/2029,"{""Extended Price (USD)"":""NA""}",UNCHANGED,$67.00,$0.00,$0.00,2026-08-12: $67.00 → 2026-08-13: $67.00 → 2026-08-14: $67.00 → 2026-08-16: $67.00 → 2026-08-19: $67.00 → 2026-08-22: $67.00 → 2026-08-24: (no price) → 2026-09-09: $67.00 → 2026-09-10: $67.00
Storage Controllers,Internal Storage Controller Cables,HPE OCA > OCA Solution > Storage Controllers > Internal Storage Controller Cables,Cable Kit,max 3,0,3,Selection constraint for Internal Storage Controller Cables: max 3,P83800-B21,Standard,HPE ProLiant Compute DL380 Gen12 MR932i-p 8SFF x4 Cable Kit,0,$237.00,,NA,,No,Available,,Not published by OCA,Active,02/02/2026,06/30/2029,"{""Extended Price (USD)"":""NA""}",UNCHANGED,$237.00,$0.00,$0.00,2026-08-12: $237.00 → 2026-08-13: $237.00 → 2026-08-14: $237.00 → 2026-08-16: $237.00 → 2026-08-19: $237.00 → 2026-08-22: $237.00 → 2026-08-24: (no price) → 2026-09-09: $237.00 → 2026-09-10: $237.00
Storage Controllers,Internal Storage Controller Cables,HPE OCA > OCA Solution > Storage Controllers > Internal Storage Controller Cables,Cable Kit,max 3,0,3,Selection constraint for Internal Storage Controller Cables: max 3,P84481-B21,Standard,HPE ProLiant Compute DL380 Gen12 MR932i-p 8SFF x1 Cable Kit,0,$68.00,,NA,,No,Available,,Not published by OCA,Active,02/02/2026,06/30/2029,"{""Extended Price (USD)"":""NA""}",UNCHANGED,$68.00,$0.00,$0.00,2026-08-12: $68.00 → 2026-08-13: $68.00 → 2026-08-14: $68.00 → 2026-08-16: $68.00 → 2026-08-19: $68.00 → 2026-08-22: $68.00 → 2026-08-24: (no price) → 2026-09-09: $68.00 → 2026-09-10: $68.00
Storage Controllers,Internal Storage Controller Cables,HPE OCA > OCA Solution > Storage Controllers > Internal Storage Controller Cables,Cable Kit,max 3,0,3,Selection constraint for Internal Storage Controller Cables: max 3,P87235-B21,Standard,HPE ProLiant Compute DL380 Gen12 MR932i-p Rear 2SFF Box 4/5 Cable Kit,0,$64.00,,NA,,No,Available,,Not published by OCA,Active,02/02/2026,06/30/2029,"{""Extended Price (USD)"":""NA""}",UNCHANGED,$64.00,$0.00,$0.00,2026-08-12: $64.00 → 2026-08-13: $64.00 → 2026-08-14: $64.00 → 2026-08-16: $64.00 → 2026-08-19: $64.00 → 2026-08-22: $64.00 → 2026-08-24: (no price) → 2026-09-09: $64.00 → 2026-09-10: $64.00
Storage Controllers,Internal Storage Controller Cables,HPE OCA > OCA Solution > Storage Controllers > Internal Storage Controller Cables,Cable Kit,max 3,0,3,Selection constraint for Internal Storage Controller Cables: max 3,P87236-B21,Standard,HPE ProLiant Compute DL380 Gen12 MR932i-p Rear 2SFF Box 6 Cable Kit,0,$64.00,,NA,,No,Available,,Not published by OCA,Active,02/02/2026,06/30/2029,"{""Extended Price (USD)"":""NA""}",UNCHANGED,$64.00,$0.00,$0.00,2026-08-12: $64.00 → 2026-08-13: $64.00 → 2026-08-14: $64.00 → 2026-08-16: $64.00 → 2026-08-19: $64.00 → 2026-08-22: $64.00 → 2026-08-24: (no price) → 2026-09-09: $64.00 → 2026-09-10: $64.00
Storage Controllers,Internal Storage Controller Cables,HPE OCA > OCA Solution > Storage Controllers > Internal Storage Controller Cables,Cable Kit,max 3,0,3,Selection constraint for Internal Storage Controller Cables: max 3,P76452-B21,Standard,HPE ProLiant Compute DL380 Gen12 8SFF/2SFF UMB OROC Cable Kit,0,$60.00,,NA,,No,Available,,Not published by OCA,Active,02/24/2025,06/30/2029,"{""Extended Price (USD)"":""NA""}",UNCHANGED,$60.00,$0.00,$0.00,2026-08-12: $60.00 → 2026-08-13: $60.00 → 2026-08-14: $60.00 → 2026-08-16: $60.00 → 2026-08-19: $60.00 → 2026-08-22: $60.00 → 2026-08-24: (no price) → 2026-09-09: $60.00 → 2026-09-10: $60.00
Storage Controllers,Internal Storage Controller Cables,HPE OCA > OCA Solution > Storage Controllers > Internal Storage Controller Cables,Cable Kit,max 3,0,3,Selection constraint for Internal Storage Controller Cables: max 3,P76453-B21,Standard,HPE ProLiant Compute DL380 Gen12 8SFF/2SFF UMB PCIe Cable Kit,0,$96.00,,NA,,No,Available,,Not published by OCA,Active,02/24/2025,06/30/2029,"{""Extended Price (USD)"":""NA""}",UNCHANGED,$96.00,$0.00,$0.00,2026-08-12: $96.00 → 2026-08-13: $96.00 → 2026-08-14: $96.00 → 2026-08-16: $96.00 → 2026-08-19: $96.00 → 2026-08-22: $96.00 → 2026-08-24: (no price) → 2026-09-09: $96.00 → 2026-09-10: $96.00
Storage Controllers,Internal Storage Controller Cables,HPE OCA > OCA Solution > Storage Controllers > Internal Storage Controller Cables,Cable Kit,max 3,0,3,Selection constraint for Internal Storage Controller Cables: max 3,P76463-B21,Standard,HPE ProLiant Compute DL380 Gen12 16SFF x4 2x Gen4 Retimer Card Box 1/3 Cable Kit,0,$603.00,,NA,,No,Available,,Not published by OCA,Active,02/24/2025,06/30/2029,"{""Extended Price (USD)"":""NA""}",UNCHANGED,$603.00,$0.00,$0.00,2026-08-12: $603.00 → 2026-08-13: $603.00 → 2026-08-14: $603.00 → 2026-08-16: $603.00 → 2026-08-19: $603.00 → 2026-08-22: $603.00 → 2026-08-24: (no price) → 2026-09-09: $603.00 → 2026-09-10: $603.00
Storage Controllers,Internal Storage Controller Cables,HPE OCA > OCA Solution > Storage Controllers > Internal Storage Controller Cables,Cable Kit,max 3,0,3,Selection constraint for Internal Storage Controller Cables: max 3,P77488-B21,Standard,HPE ProLiant Compute DL380 Gen12 8SFF x4 PCIe for 2 Controllers Box 1/2 Cable Kit,0,$347.00,,NA,,No,Available,,Not published by OCA,Active,02/24/2025,06/30/2029,"{""Extended Price (USD)"":""NA""}",UNCHANGED,$347.00,$0.00,$0.00,2026-08-12: $347.00 → 2026-08-13: $347.00 → 2026-08-14: $347.00 → 2026-08-16: $347.00 → 2026-08-19: $347.00 → 2026-08-22: $347.00 → 2026-08-24: (no price) → 2026-09-09: $347.00 → 2026-09-10: $347.00
Storage Controllers,Internal Storage Controller Cables,HPE OCA > OCA Solution > Storage Controllers > Internal Storage Controller Cables,Cable Kit,max 3,0,3,Selection constraint for Internal Storage Controller Cables: max 3,P77492-B21,Standard,HPE ProLiant Compute DL380 Gen12 16SFF x4 1x Gen4 Retimer Card Box 1/3 Direct Attach Cable Kit,0,$626.00,,NA,,No,Available,,Not published by OCA,Active,02/24/2025,06/30/2029,"{""Extended Price (USD)"":""NA""}",UNCHANGED,$626.00,$0.00,$0.00,2026-08-12: $626.00 → 2026-08-13: $626.00 → 2026-08-14: $626.00 → 2026-08-16: $626.00 → 2026-08-19: $626.00 → 2026-08-22: $626.00 → 2026-08-24: (no price) → 2026-09-09: $626.00 → 2026-09-10: $626.00
Storage Controllers,Internal Storage Controller Cables,HPE OCA > OCA Solution > Storage Controllers > Internal Storage Controller Cables,Cable Kit,max 3,0,3,Selection constraint for Internal Storage Controller Cables: max 3,P83801-B21,Standard,HPE ProLiant Compute DL380 Gen12 MR932i-p 8SFF x2 Cable Kit,0,$183.00,,NA,,No,Available,,Not published by OCA,Active,02/02/2026,06/30/2029,"{""Extended Price (USD)"":""NA""}",UNCHANGED,$183.00,$0.00,$0.00,2026-08-12: $183.00 → 2026-08-13: $183.00 → 2026-08-14: $183.00 → 2026-08-16: $183.00 → 2026-08-19: $183.00 → 2026-08-22: $183.00 → 2026-08-24: (no price) → 2026-09-09: $183.00 → 2026-09-10: $183.00
Storage Controllers,Storage Controller Cable Kits,HPE OCA > OCA Solution > Storage Controllers > Storage Controller Cable Kits,Cable Kit,max 4,0,4,Supported with 8LFF and 12LFF CTO Server only.,P76473-B21,Standard,HPE ProLiant Compute DL380 Gen12 8LFF PCIe Controller Box 2/3 Cable Kit,0,$56.00,,NA,,No,Not published by OCA,,Not published by OCA,Active,02/24/2025,06/30/2029,"{""Extended Price (USD)"":""NA""}",UNCHANGED,$56.00,$0.00,$0.00,2026-08-12: $56.00 → 2026-08-13: $56.00 → 2026-08-14: $56.00 → 2026-08-16: $56.00 → 2026-08-19: $56.00 → 2026-08-22: $56.00 → 2026-08-24: (no price) → 2026-09-09: $56.00 → 2026-09-10: $56.00
Storage Controllers,Storage Controller Cable Kits,HPE OCA > OCA Solution > Storage Controllers > Storage Controller Cable Kits,Cable Kit,max 4,0,4,Supported with 8LFF and 12LFF CTO Server only.,P76474-B21,Standard,HPE ProLiant Compute DL380 Gen12 8LFF OROC Box 2/3 Cable Kit,0,$60.00,,NA,,No,Not published by OCA,,Not published by OCA,Active,02/24/2025,06/30/2029,"{""Extended Price (USD)"":""NA""}",UNCHANGED,$60.00,$0.00,$0.00,2026-08-12: $60.00 → 2026-08-13: $60.00 → 2026-08-14: $60.00 → 2026-08-16: $60.00 → 2026-08-19: $60.00 → 2026-08-22: $60.00 → 2026-08-24: (no price) → 2026-09-09: $60.00 → 2026-09-10: $60.00
Storage Controllers,Storage Controller Cable Kits,HPE OCA > OCA Solution > Storage Controllers > Storage Controller Cable Kits,Cable Kit,max 4,0,4,Supported with 8LFF and 12LFF CTO Server only.,P77474-B21,Standard,HPE ProLiant Compute DL380 Gen12 8LFF PCIe Box 1/7 Cable Kit,0,$55.00,,NA,,No,Not published by OCA,,Not published by OCA,Active,02/24/2025,06/30/2029,"{""Extended Price (USD)"":""NA""}",UNCHANGED,$55.00,$0.00,$0.00,2026-08-12: $55.00 → 2026-08-13: $55.00 → 2026-08-14: $55.00 → 2026-08-16: $55.00 → 2026-08-19: $55.00 → 2026-08-22: $55.00 → 2026-08-24: (no price) → 2026-09-09: $55.00 → 2026-09-10: $55.00
Storage Controllers,Storage Controller Cable Kits,HPE OCA > OCA Solution > Storage Controllers > Storage Controller Cable Kits,Cable Kit,max 4,0,4,Supported with 8LFF and 12LFF CTO Server only.,P77475-B21,Standard,HPE ProLiant Compute DL380 Gen12 8LFF OROC Box 1/7 Cable Kit,0,$61.00,,NA,,No,Not published by OCA,,Not published by OCA,Active,02/24/2025,06/30/2029,"{""Extended Price (USD)"":""NA""}",UNCHANGED,$61.00,$0.00,$0.00,2026-08-12: $61.00 → 2026-08-13: $61.00 → 2026-08-14: $61.00 → 2026-08-16: $61.00 → 2026-08-19: $61.00 → 2026-08-22: $61.00 → 2026-08-24: (no price) → 2026-09-09: $61.00 → 2026-09-10: $61.00
Storage Controllers,Storage Controller Cable Kits,HPE OCA > OCA Solution > Storage Controllers > Storage Controller Cable Kits,Cable Kit,max 4,0,4,Supported with 8LFF and 12LFF CTO Server only.,P77484-B21,Standard,HPE ProLiant Compute DL380 Gen12 2LFF Rear PCIe Cable Kit,0,$80.00,,NA,,No,Not published by OCA,,Not published by OCA,Active,02/24/2025,06/30/2029,"{""Extended Price (USD)"":""NA""}",UNCHANGED,$80.00,$0.00,$0.00,2026-08-12: $80.00 → 2026-08-13: $80.00 → 2026-08-14: $80.00 → 2026-08-16: $80.00 → 2026-08-19: $80.00 → 2026-08-22: $80.00 → 2026-08-24: (no price) → 2026-09-09: $80.00 → 2026-09-10: $80.00
Storage Controllers,Storage Controller Cable Kits,HPE OCA > OCA Solution > Storage Controllers > Storage Controller Cable Kits,Cable Kit,max 4,0,4,Supported with 8LFF and 12LFF CTO Server only.,P77485-B21,Standard,HPE ProLiant Compute DL380 Gen12 2LFF Rear OROC Cable Kit,0,$97.00,,NA,,No,Not published by OCA,,Not published by OCA,Active,02/24/2025,06/30/2029,"{""Extended Price (USD)"":""NA""}",UNCHANGED,$97.00,$0.00,$0.00,2026-08-12: $97.00 → 2026-08-13: $97.00 → 2026-08-14: $97.00 → 2026-08-16: $97.00 → 2026-08-19: $97.00 → 2026-08-22: $97.00 → 2026-08-24: (no price) → 2026-09-09: $97.00 → 2026-09-10: $97.00
Drive Enclosures / Drives,SFF Drive Cages & Enablement,HPE OCA > OCA Solution > Drive Enclosures / Drives > SFF Drive Cages & Enablement,Cable Kit,max 24,0,24,Supported with 8LFF CTO Server only and requires 2SFF SBS Cage.,P77481-B21,Standard,HPE ProLiant Compute DL380 Gen12 2SFF U.3 Side-by-Side Direct Attach Cable Kit,0,$73.00,,NA,,No,Not published by OCA,,Not published by OCA,Active,02/24/2025,06/30/2029,"{""Extended Price (USD)"":""NA""}",UNCHANGED,$73.00,$0.00,$0.00,2026-08-12: $73.00 → 2026-08-13: $73.00 → 2026-08-14: $73.00 → 2026-08-16: $73.00 → 2026-08-19: $73.00 → 2026-08-22: $73.00 → 2026-08-24: (no price) → 2026-09-09: $73.00 → 2026-09-10: $73.00
Drive Enclosures / Drives,SFF Drive Cages & Enablement,HPE OCA > OCA Solution > Drive Enclosures / Drives > SFF Drive Cages & Enablement,Cable Kit,max 24,0,24,Supported with 8LFF CTO Server only and requires 2SFF SBS Cage.,P76476-B21,Standard,HPE ProLiant Compute DL380 Gen12 2SFF x4 U.3 Side-by-Side Cable Kit,0,$102.00,,NA,,No,Not published by OCA,,Not published by OCA,Active,02/24/2025,06/30/2029,"{""Extended Price (USD)"":""NA""}",UNCHANGED,$102.00,$0.00,$0.00,2026-08-12: $102.00 → 2026-08-13: $102.00 → 2026-08-14: $102.00 → 2026-08-16: $102.00 → 2026-08-19: $102.00 → 2026-08-22: $102.00 → 2026-08-24: (no price) → 2026-09-09: $102.00 → 2026-09-10: $102.00
Drive Enclosures / Drives,SFF Drive Cages & Enablement,HPE OCA > OCA Solution > Drive Enclosures / Drives > SFF Drive Cages & Enablement,Cable Kit,max 24,0,24,Supported with 8LFF CTO Server only and requires 2SFF SBS Cage.,P77480-B21,Standard,HPE ProLiant Compute DL380 Gen12 OROC 2SFF U.3 Side-by-Side Cable Kit,0,$67.00,,NA,,No,Not published by OCA,,Not published by OCA,Active,02/24/2025,06/30/2029,"{""Extended Price (USD)"":""NA""}",UNCHANGED,$67.00,$0.00,$0.00,2026-08-12: $67.00 → 2026-08-13: $67.00 → 2026-08-14: $67.00 → 2026-08-16: $67.00 → 2026-08-19: $67.00 → 2026-08-22: $67.00 → 2026-08-24: (no price) → 2026-09-09: $67.00 → 2026-09-10: $67.00
Cables & Enablement Kits,System Options,HPE OCA > OCA Solution > Cables & Enablement Kits > System Options,Cable Kit,,0,,Supported with 12EDSFF CTO Server only.,P83798-B21,Standard,HPE ProLiant Compute DL380 Gen12 MR932i-p 4EDSFF x4 Signal Cable Kit,0,$198.00,,NA,,No,Not published by OCA,,Not published by OCA,Active,02/02/2026,06/30/2029,"{""Extended Price (USD)"":""NA""}",UNCHANGED,$198.00,$0.00,$0.00,2026-08-12: $198.00 → 2026-08-13: $198.00 → 2026-08-14: $198.00 → 2026-08-16: $198.00 → 2026-08-19: $198.00 → 2026-08-22: $198.00 → 2026-08-24: (no price) → 2026-09-09: $198.00 → 2026-09-10: $198.00
Cables & Enablement Kits,System Options,HPE OCA > OCA Solution > Cables & Enablement Kits > System Options,Cable Kit,,0,,Supported with 12EDSFF CTO Server only.,P87968-B21,Standard,HPE ProLiant Compute DL380 Gen12 12EDSFF Power Cable Kit,0,$20.00,,NA,,No,Not published by OCA,,Not published by OCA,Active,02/02/2026,06/30/2029,"{""Extended Price (USD)"":""NA""}",UNCHANGED,$20.00,$0.00,$0.00,2026-08-12: $20.00 → 2026-08-13: $20.00 → 2026-08-14: $20.00 → 2026-08-16: $20.00 → 2026-08-19: $20.00 → 2026-08-22: $20.00 → 2026-08-24: (no price) → 2026-09-09: $20.00 → 2026-09-10: $20.00
Cables & Enablement Kits,System Options,HPE OCA > OCA Solution > Cables & Enablement Kits > System Options,Cable Kit,,0,,Supported with 12EDSFF CTO Server only.,P83799-B21,Standard,HPE ProLiant Compute DL380 Gen12 MR932i-p 4EDSFF x2 Signal Cable Kit,0,$123.00,,NA,,No,Not published by OCA,,Not published by OCA,Active,02/02/2026,06/30/2029,"{""Extended Price (USD)"":""NA""}",UNCHANGED,$123.00,$0.00,$0.00,2026-08-12: $123.00 → 2026-08-13: $123.00 → 2026-08-14: $123.00 → 2026-08-16: $123.00 → 2026-08-19: $123.00 → 2026-08-22: $123.00 → 2026-08-24: (no price) → 2026-09-09: $123.00 → 2026-09-10: $123.00
Storage Controllers,RAID Settings,HPE OCA > OCA Solution > Storage Controllers > RAID Settings,Storage Controller,max 1,0,1,Selection constraint for RAID Settings: max 1,339777-B21,Standard,HPE RAID 0 Drive 1 FIO Setting,0,$1.00,,NA,,No,Available,,Not published by OCA,Active,08/01/2008,09/30/2043,"{""Extended Price (USD)"":""NA""}",UNCHANGED,$1.00,$0.00,$0.00,"$2,026.00"
Storage Controllers,RAID Settings,HPE OCA > OCA Solution > Storage Controllers > RAID Settings,Storage Controller,max 1,0,1,Selection constraint for RAID Settings: max 1,339778-B21,Standard,HPE RAID 1 Drive 1 FIO Setting,0,$1.00,,NA,,No,Available,,Not published by OCA,Active,08/14/2003,07/31/2044,"{""Extended Price (USD)"":""NA""}",UNCHANGED,$1.00,$0.00,$0.00,"$2,026.00"
Storage Controllers,RAID Settings,HPE OCA > OCA Solution > Storage Controllers > RAID Settings,Storage Controller,max 1,0,1,Selection constraint for RAID Settings: max 1,339779-B21,Standard,HPE RAID 5 Drive 1 FIO Setting,0,$1.00,,NA,,No,Available,,Not published by OCA,Active,09/07/2016,09/30/2043,"{""Extended Price (USD)"":""NA""}",UNCHANGED,$1.00,$0.00,$0.00,"$2,026.00"
Storage Controllers,RAID Settings,HPE OCA > OCA Solution > Storage Controllers > RAID Settings,Storage Controller,max 1,0,1,Selection constraint for RAID Settings: max 1,339780-B21,Standard,HPE Raid 5 w/SP Drive 1 FIO Setting,0,$1.00,,NA,,No,Available,,Not published by OCA,Active,08/01/2008,09/30/2043,"{""Extended Price (USD)"":""NA""}",UNCHANGED,$1.00,$0.00,$0.00,"$2,026.00"
Storage Controllers,RAID Settings,HPE OCA > OCA Solution > Storage Controllers > RAID Settings,Storage Controller,max 1,0,1,Selection constraint for RAID Settings: max 1,339781-B21,Standard,HPE RAID FIO Advanced Data Guarding Option,0,$1.00,,NA,,No,Available,,Not published by OCA,Active,08/01/2008,09/30/2043,"{""Extended Price (USD)"":""NA""}",UNCHANGED,$1.00,$0.00,$0.00,"$2,026.00"
Storage Controllers,RAID Settings,HPE OCA > OCA Solution > Storage Controllers > RAID Settings,Storage Controller,max 1,0,1,Selection constraint for RAID Settings: max 1,389692-B21,Standard,HPE Customer Defined RAID Setting Service,0,$1.00,,NA,,No,Available,,Not published by OCA,Active,02/02/2005,12/31/2043,"{""Extended Price (USD)"":""NA""}",UNCHANGED,$1.00,$0.00,$0.00,"$2,026.00"
Drive Enclosures / Drives,Optical Drive,HPE OCA > OCA Solution > Drive Enclosures / Drives > Optical Drive,Drive Cage / Drive,max 1,0,1,Selection constraint for Optical Drive: max 1,726536-B21,Standard,HPE 9.5mm SATA DVD-ROM Optical Drive,0,$124.00,,NA,,No,Available,,Not published by OCA,Active,09/09/2014,12/31/2027,"{""Extended Price (USD)"":""NA""}",UNCHANGED,$124.00,$0.00,$0.00,"$2,026.00"
Drive Enclosures / Drives,Optical Drive,HPE OCA > OCA Solution > Drive Enclosures / Drives > Optical Drive,Drive Cage / Drive,max 1,0,1,Selection constraint for Optical Drive: max 1,726537-B21,Standard,HPE 9.5mm SATA DVD-RW Optical Drive,0,$161.00,,NA,,No,Available,,Not published by OCA,Active,09/09/2014,12/31/2027,"{""Extended Price (USD)"":""NA""}",UNCHANGED,$161.00,$0.00,$0.00,"$2,026.00"
Drive Enclosures / Drives,Optical Drive,HPE OCA > OCA Solution > Drive Enclosures / Drives > Optical Drive,Drive Cage / Drive,max 1,0,1,BTO products are not allowed in CTO Base Model.,701498-B21,Standard,HPE Mobile USB DVD-RW Optical Drive,0,$203.00,,NA,,No,Not published by OCA,,Not published by OCA,Active,08/13/2012,12/31/2027,"{""Extended Price (USD)"":""NA""}",UNCHANGED,$203.00,$0.00,$0.00,2026-08-12: $203.00 → 2026-08-13: $203.00 → 2026-08-14: $203.00 → 2026-08-16: $203.00 → 2026-08-19: $203.00 → 2026-08-22: $203.00 → 2026-08-24: (no price) → 2026-09-09: $203.00 → 2026-09-10: $203.00
Cables & Enablement Kits,Optical Drive Accessories,HPE OCA > OCA Solution > Cables & Enablement Kits > Optical Drive Accessories,Cable Kit,max 2,0,2,Selection constraint for Optical Drive Accessories: max 2,P72199-B21,Standard,HPE ProLiant Compute Gen12 Optical Disk Drive USB to SATA Signal Cable Kit,0,$55.00,,NA,,No,Available,,Not published by OCA,Active,02/24/2025,06/30/2029,"{""Extended Price (USD)"":""NA""}",UNCHANGED,$55.00,$0.00,$0.00,2026-08-12: $55.00 → 2026-08-13: $55.00 → 2026-08-14: $55.00 → 2026-08-16: $55.00 → 2026-08-19: $55.00 → 2026-08-22: $55.00 → 2026-08-24: (no price) → 2026-09-09: $55.00 → 2026-09-10: $55.00
Cables & Enablement Kits,Compute Ops Management Enablement SKUs,HPE OCA > OCA Solution > Cables & Enablement Kits > Compute Ops Management Enablement SKUs,Cable Kit,max 1,0,1,Supported with 8LFF CTO Server only.,P74752-B21,Standard,HPE ProLiant Compute Gen12 LFF ODD/Display Port Enablement Kit,0,$105.00,,NA,,No,Not published by OCA,,Not published by OCA,Active,02/24/2025,06/30/2029,"{""Extended Price (USD)"":""NA""}",UNCHANGED,$105.00,$0.00,$0.00,2026-08-12: $105.00 → 2026-08-13: $105.00 → 2026-08-14: $105.00 → 2026-08-16: $105.00 → 2026-08-19: $105.00 → 2026-08-22: $105.00 → 2026-08-24: (no price) → 2026-09-09: $105.00 → 2026-09-10: $105.00
Memory,Memory Blank Kit,HPE OCA > OCA Solution > Memory > Memory Blank Kit,Chassis Infrastructure,max 1,0,1,BTO products are not allowed in CTO Base Model.,807878-B21,Standard,HPE Gen9 LFF HDD Spade Blank Kit,0,$32.00,,NA,,No,Not published by OCA,,Not published by OCA,Active,09/24/2015,06/30/2029,"{""Extended Price (USD)"":""NA""}",UNCHANGED,$32.00,$0.00,$0.00,2026-08-12: $32.00 → 2026-08-13: $32.00 → 2026-08-14: $32.00 → 2026-08-16: $32.00 → 2026-08-19: $32.00 → 2026-08-22: $32.00 → 2026-08-24: (no price) → 2026-09-09: $32.00 → 2026-09-10: $32.00
Memory,Memory Blank Kit,HPE OCA > OCA Solution > Memory > Memory Blank Kit,Chassis Infrastructure,max 1,0,1,BTO products are not allowed in CTO Base Model.,666987-B21,Standard,HPE Small Form Factor Hard Drive Blank Kit,0,$18.00,,NA,,No,Not published by OCA,,Not published by OCA,Active,03/06/2012,06/30/2029,"{""Extended Price (USD)"":""NA""}",UNCHANGED,$18.00,$0.00,$0.00,"$2,026.00"
Accessories & Infrastructure,Chassis Infrastructure & Rail Kits,HPE OCA > OCA Solution > Accessories & Infrastructure > Chassis Infrastructure & Rail Kits,Chassis Infrastructure,max 3,0,3,Selection constraint for Chassis Infrastructure & Rail Kits: max 3,875519-B21,Standard,HPE Bezel Lock Kit,0,$89.00,,NA,,No,Available,,Not published by OCA,Active,07/11/2017,06/30/2029,"{""Extended Price (USD)"":""NA""}",UNCHANGED,$89.00,$0.00,$0.00,"$2,026.00"
Accessories & Infrastructure,Chassis Infrastructure & Rail Kits,HPE OCA > OCA Solution > Accessories & Infrastructure > Chassis Infrastructure & Rail Kits,Cable Kit,max 3,0,3,Selection constraint for Chassis Infrastructure & Rail Kits: max 3,P48922-B21,Standard,HPE ProLiant DL3XX Gen11 Intrusion Cable Kit,0,$38.00,,NA,,No,Available,,Not published by OCA,Active,11/10/2022,06/30/2029,"{""Extended Price (USD)"":""NA""}",UNCHANGED,$38.00,$0.00,$0.00,"$2,026.00"
Accessories & Infrastructure,Chassis Infrastructure & Rail Kits,HPE OCA > OCA Solution > Accessories & Infrastructure > Chassis Infrastructure & Rail Kits,Chassis Infrastructure,max 3,0,3,Selection constraint for Chassis Infrastructure & Rail Kits: max 3,P50400-B21,Standard,HPE Gen11 2U Bezel Kit,0,$88.00,,NA,,No,Available,,Not published by OCA,Active,11/10/2022,06/30/2029,"{""Extended Price (USD)"":""NA""}",UNCHANGED,$88.00,$0.00,$0.00,"$2,026.00"
Accessories & Infrastructure,Chassis Infrastructure & Rail Kits,HPE OCA > OCA Solution > Accessories & Infrastructure > Chassis Infrastructure & Rail Kits,Chassis Infrastructure,max 3,0,3,Selection constraint for Chassis Infrastructure & Rail Kits: max 3,S6B45A,Standard,Yong Hau HPE-OEM-02 2U Bezel Kit,0,$88.00,,NA,,No,Available,,Not published by OCA,Active,02/13/2025,03/31/2029,"{""Extended Price (USD)"":""NA""}",ADDED,N/A,$88.00,$100.00,"$2,026.00"
Cables & Enablement Kits,Factory Configuration Settings,HPE OCA > OCA Solution > Cables & Enablement Kits > Factory Configuration Settings,Cable Kit,max 1,0,1,Selection constraint for Factory Configuration Settings: max 1,P35876-B21,Standard,HPE CE Mark Removal FIO Enablement Kit,0,$1.00,,NA,,No,Available,,Not published by OCA,Active,10/05/2020,07/31/2028,"{""Extended Price (USD)"":""NA""}",UNCHANGED,$1.00,$0.00,$0.00,"$2,026.00"
Accessories & Infrastructure,Trusted Supply Chain,HPE OCA > OCA Solution > Accessories & Infrastructure > Trusted Supply Chain,Chassis Infrastructure,max 1,0,1,Selection constraint for Trusted Supply Chain: max 1,P36394-B21,Standard,HPE Trusted Supply Chain for HPE ProLiant,0,"$1,839.00",,NA,,No,Available,,Not published by OCA,Active,09/08/2020,05/31/2028,"{""Extended Price (USD)"":""NA""}",UNCHANGED,"$1,839.00",$0.00,$0.00,"$2,026.00"
Drive Enclosures / Drives,Drive Configuration Settings,HPE OCA > OCA Solution > Drive Enclosures / Drives > Drive Configuration Settings,Drive Cage / Drive,max 1,0,1,Selection constraint for Drive Configuration Settings: max 1,P79376-B21,Standard,HPE ProLiant Compute DL380 Gen12 1P Multiple Purpose Cage FIO Bundle Kit,0,$1.00,,NA,,No,Available,,Not published by OCA,Active,02/24/2025,02/28/2028,"{""Extended Price (USD)"":""NA""}",UNCHANGED,$1.00,$0.00,$0.00,"$2,026.00"
Drive Enclosures / Drives,Drive Configuration Settings,HPE OCA > OCA Solution > Drive Enclosures / Drives > Drive Configuration Settings,Drive Cage / Drive,max 1,0,1,Selection constraint for Drive Configuration Settings: max 1,P79379-B21,Standard,HPE ProLiant Compute DL380 Gen12 2P Multiple Purpose Cage FIO Bundle Kit,0,$1.00,,NA,,No,Available,,Not published by OCA,Active,02/24/2025,02/28/2028,"{""Extended Price (USD)"":""NA""}",UNCHANGED,$1.00,$0.00,$0.00,"$2,026.00"
Drive Enclosures / Drives,Storage Controller Cable Kits,HPE OCA > OCA Solution > Drive Enclosures / Drives > Storage Controller Cable Kits,Drive Cage / Drive,max 1,0,1,Selection constraint for Storage Controller Cable Kits: max 1,P79308-B21,Standard,HPE ProLiant Compute DL380 Gen12 16SFF Drive Cage Box 1/2 FIO Kit,0,$1.00,,NA,,No,Available,,Not published by OCA,Active,02/24/2025,02/28/2028,"{""Extended Price (USD)"":""NA""}",UNCHANGED,$1.00,$0.00,$0.00,"$2,026.00"
Drive Enclosures / Drives,Storage Controller Cable Kits,HPE OCA > OCA Solution > Drive Enclosures / Drives > Storage Controller Cable Kits,Drive Cage / Drive,max 1,0,1,Selection constraint for Storage Controller Cable Kits: max 1,P79311-B21,Standard,HPE ProLiant Compute DL380 Gen12 SFF/EDSFF Drive Cage Box 1 FIO Kit,0,$1.00,,NA,,No,Available,,Not published by OCA,Active,02/24/2025,02/28/2028,"{""Extended Price (USD)"":""NA""}",UNCHANGED,$1.00,$0.00,$0.00,"$2,026.00"
Drive Enclosures / Drives,Storage Controller Cable Kits,HPE OCA > OCA Solution > Drive Enclosures / Drives > Storage Controller Cable Kits,Drive Cage / Drive,max 1,0,1,Selection constraint for Storage Controller Cable Kits: max 1,P79314-B21,Standard,HPE ProLiant Compute DL380 Gen12 8SFF Drive Cage Box 2 FIO Kit,0,$1.00,,NA,,No,Available,,Not published by OCA,Active,02/24/2025,02/28/2028,"{""Extended Price (USD)"":""NA""}",UNCHANGED,$1.00,$0.00,$0.00,"$2,026.00"
Drive Enclosures / Drives,Drive Cage,HPE OCA > OCA Solution > Drive Enclosures / Drives > Drive Cage,Drive Cage / Drive,max 9,0,9,Supported with 12EDSFF CTO Server only.,P87692-B21,Standard,HPE ProLiant Compute DL380 Gen12 12EDSFF Drive Cage Box 3 FIO Kit,0,$1.00,,NA,,No,Not published by OCA,,Not published by OCA,Active,02/02/2026,06/30/2029,"{""Extended Price (USD)"":""NA""}",UNCHANGED,$1.00,$0.00,$0.00,2026-08-12: $1.00 → 2026-08-13: $1.00 → 2026-08-14: $1.00 → 2026-08-16: $1.00 → 2026-08-19: $1.00 → 2026-08-22: $1.00 → 2026-08-24: (no price) → 2026-09-09: $1.00 → 2026-09-10: $1.00
Drive Enclosures / Drives,Drive Cage,HPE OCA > OCA Solution > Drive Enclosures / Drives > Drive Cage,Storage Controller,max 9,0,9,Supported with 12EDSFF CTO Server only.,P92742-B21,Standard,HPE ProLiant Compute DL380 Gen12 x2 EDSFF Controller Attach FIO Kit,0,$1.00,,NA,,No,Not published by OCA,,Not published by OCA,Active,08/03/2026,06/30/2029,"{""Extended Price (USD)"":""NA""}",UNCHANGED,$1.00,$0.00,$0.00,"$2,026.00"
Accessories & Infrastructure,Logical Size Settings,HPE OCA > OCA Solution > Accessories & Infrastructure > Logical Size Settings,Chassis Infrastructure,max 1,0,1,Selection constraint for Logical Size Settings: max 1,436007-B21,Standard,HPE 200GB Logical Size FIO Setting,0,$1.00,,NA,,No,Obsolete (OB),,Not published by OCA,Obsolete (OB),08/26/2008,04/01/2025,"{""Extended Price (USD)"":""NA""}",UNCHANGED,$1.00,$0.00,$0.00,"$2,026.00"
Software & Licenses,Server Management & Operating System Licenses,HPE OCA > OCA Solution > Software & Licenses > Server Management & Operating System Licenses,Operating System / License,max 1,0,1,Selection constraint for Server Management & Operating System Licenses: max 1,P42104-B21,Standard,HPE ProLiant Platform Certificate and IDevID iLO FIO Setting,0,$1.00,,NA,,No,Available,,Not published by OCA,Active,06/21/2021,06/30/2031,"{""Extended Price (USD)"":""NA""}",UNCHANGED,$1.00,$0.00,$0.00,"$2,026.00"
Accessories & Infrastructure,vSAN Tracking SKUs,HPE OCA > OCA Solution > Accessories & Infrastructure > vSAN Tracking SKUs,Chassis Infrastructure,max 1,0,1,Selection constraint for vSAN Tracking SKUs: max 1,P63226-B21,Standard,HPE ProLiant vSAN ReadyNode Express Storage Architecture FIO Tracking,0,$1.00,,NA,,No,Available,,Not published by OCA,Active,05/01/2023,05/31/2028,"{""Extended Price (USD)"":""NA""}",UNCHANGED,$1.00,$0.00,$0.00,"$2,026.00"
Software & Licenses,vSAN Tracking SKUs,HPE OCA > OCA Solution > Software & Licenses > vSAN Tracking SKUs,Operating System / License,max 1,0,1,Selection constraint for vSAN Tracking SKUs: max 1,P27078-B21,Standard,HPE ProLiant DL300 Gen10 Plus Platform RAS OS Control FIO Setting,0,$1.00,,NA,,No,Available,,Not published by OCA,Active,04/06/2021,06/30/2028,"{""Extended Price (USD)"":""NA""}",UNCHANGED,$1.00,$0.00,$0.00,2026-08-12: $1.00 → 2026-08-13: $1.00 → 2026-08-14: $1.00 → 2026-08-16: $1.00 → 2026-08-19: $1.00 → 2026-08-22: $1.00 → 2026-08-24: (no price) → 2026-09-09: $1.00 → 2026-09-10: $1.00
Software & Licenses,iLO Common Password,HPE OCA > OCA Solution > Software & Licenses > iLO Common Password,Operating System / License,max 1,0,1,Selection constraint for iLO Common Password: max 1,P08040-B21,Standard,HPE iLO Common Password FIO Setting,0,$1.00,,NA,,No,Available,,Not published by OCA,Active,12/02/2019,06/30/2028,"{""Extended Price (USD)"":""NA""}",UNCHANGED,$1.00,$0.00,$0.00,"$2,026.00"
Networking,Ethernet PCIe,HPE OCA > OCA Solution > Networking > Ethernet PCIe,GPU / Accelerator,max 5,0,5,Selection constraint for Ethernet PCIe: max 5,S2A69A,Standard,NVIDIA Ethernet 10/25Gb 2-port SFP28 NVMe-oF Crypto Adapter for HPE,0,"$1,650.00",,NA,,No,Available,,Not published by OCA,Active,03/04/2024,08/06/2027,"{""Extended Price (USD)"":""NA""}",ADDED,N/A,"$1,650.00",$100.00,"$2,026.00"
Networking,Ethernet PCIe,HPE OCA > OCA Solution > Networking > Ethernet PCIe,Network Adapter,max 5,0,5,Selection constraint for Ethernet PCIe: max 5,P08443-B21,Standard,Intel E810-XXVDA2 Ethernet 10/25Gb 2-port SFP28 Adapter for HPE,0,"$1,680.00",,NA,,No,Available,,Not published by OCA,Active,04/06/2021,11/30/2027,"{""Extended Price (USD)"":""NA""}",UNCHANGED,"$1,680.00",$0.00,$0.00,"$2,026.00"
Networking,Ethernet PCIe,HPE OCA > OCA Solution > Networking > Ethernet PCIe,Transceiver,max 5,0,5,Selection constraint for Ethernet PCIe: max 5,P25960-B21,Standard,Mellanox MCX623106AS-CDAT Ethernet 100Gb 2-port QSFP56 Adapter for HPE,0,"$4,373.00",,NA,,No,Available,,Not published by OCA,Active,09/28/2020,12/31/2028,"{""Extended Price (USD)"":""NA""}",UNCHANGED,"$4,373.00",$0.00,$0.00,"$2,026.00"
Networking,Ethernet PCIe,HPE OCA > OCA Solution > Networking > Ethernet PCIe,Network Adapter,max 5,0,5,Selection constraint for Ethernet PCIe: max 5,P26253-B21,Standard,Broadcom BCM57416 Ethernet 10Gb 2-port BASE-T Adapter for HPE,0,"$1,105.00",,NA,,No,Available,,Not published by OCA,Active,11/02/2020,12/31/2028,"{""Extended Price (USD)"":""NA""}",UNCHANGED,"$1,105.00",$0.00,$0.00,"$2,026.00"
Networking,Ethernet PCIe,HPE OCA > OCA Solution > Networking > Ethernet PCIe,Network Adapter,max 5,0,5,Selection constraint for Ethernet PCIe: max 5,P26259-B21,Standard,Broadcom BCM57412 Ethernet 10Gb 2-port SFP+ Adapter for HPE,0,$940.00,,NA,,No,Available,,Not published by OCA,Active,10/05/2020,12/31/2028,"{""Extended Price (USD)"":""NA""}",UNCHANGED,$940.00,$0.00,$0.00,"$2,026.00"
Networking,Ethernet PCIe,HPE OCA > OCA Solution > Networking > Ethernet PCIe,Network Adapter,max 5,0,5,Selection constraint for Ethernet PCIe: max 5,P26262-B21,Standard,Broadcom BCM57414 Ethernet 10/25Gb 2-port SFP28 Adapter for HPE,0,"$1,184.00",,NA,,No,Available,,Not published by OCA,Active,10/05/2020,12/31/2028,"{""Extended Price (USD)"":""NA""}",UNCHANGED,"$1,184.00",$0.00,$0.00,"$2,026.00"
Networking,Ethernet PCIe,HPE OCA > OCA Solution > Networking > Ethernet PCIe,Network Adapter,max 5,0,5,Selection constraint for Ethernet PCIe: max 5,P42044-B21,Standard,Mellanox MCX631102AS-ADAT Ethernet 10/25Gb 2-port SFP28 Adapter for HPE,0,"$1,500.00",,NA,,No,Available,,Not published by OCA,Active,02/07/2022,12/31/2028,"{""Extended Price (USD)"":""NA""}",UNCHANGED,"$1,500.00",$0.00,$0.00,"$2,026.00"
Networking,Ethernet PCIe,HPE OCA > OCA Solution > Networking > Ethernet PCIe,Network Adapter,max 5,0,5,Selection constraint for Ethernet PCIe: max 5,P51178-B21,Standard,Broadcom BCM5719 Ethernet 1Gb 4-port BASE-T Adapter for HPE,0,$485.00,,NA,,No,Available,,Not published by OCA,Active,06/06/2022,12/31/2028,"{""Extended Price (USD)"":""NA""}",UNCHANGED,$485.00,$0.00,$0.00,"$2,026.00"
Networking,Ethernet PCIe,HPE OCA > OCA Solution > Networking > Ethernet PCIe,GPU / Accelerator,max 5,0,5,Selection constraint for Ethernet PCIe: max 5,R8M41A,Standard,NVIDIA Ethernet 100Gb 2-port NVMe-oF Offload Adapter for HPE,0,"$3,999.00",,NA,,No,Available,,Not published by OCA,Active,05/02/2022,02/28/2027,"{""Extended Price (USD)"":""NA""}",ADDED,N/A,"$3,999.00",$100.00,"$2,026.00"
Networking,Ethernet PCIe,HPE OCA > OCA Solution > Networking > Ethernet PCIe,Transceiver,max 5,0,5,Selection constraint for Ethernet PCIe: max 5,P21112-B21,Standard,Intel E810-CQDA2 Ethernet 100Gb 2-port QSFP28 Adapter for HPE,0,"$3,600.00",,NA,,No,Available,,Not published by OCA,Active,04/06/2021,12/31/2028,"{""Extended Price (USD)"":""NA""}",UNCHANGED,"$3,600.00",$0.00,$0.00,"$2,026.00"
Networking,Ethernet PCIe,HPE OCA > OCA Solution > Networking > Ethernet PCIe,Network Adapter,max 5,0,5,Selection constraint for Ethernet PCIe: max 5,P08458-B21,Standard,Intel E810-XXVDA4 Ethernet 10/25Gb 4-port SFP28 Adapter for HPE,0,"$3,770.00",,NA,,No,Available,,Not published by OCA,Active,04/06/2021,12/31/2028,"{""Extended Price (USD)"":""NA""}",UNCHANGED,"$3,770.00",$0.00,$0.00,"$2,026.00"
Networking,Ethernet PCIe,HPE OCA > OCA Solution > Networking > Ethernet PCIe,Network Adapter,max 5,0,5,Selection constraint for Ethernet PCIe: max 5,P21109-B21,Standard,Xilinx X2522-25G-PLUS Ethernet 10/25Gb 2-port SFP28 Adapter for HPE,0,"$8,495.00",,NA,,No,Available,,Not published by OCA,Active,12/16/2019,04/30/2027,"{""Extended Price (USD)"":""NA""}",UNCHANGED,"$8,495.00",$0.00,$0.00,"$2,026.00"
Networking,Ethernet PCIe,HPE OCA > OCA Solution > Networking > Ethernet PCIe,Network Adapter,max 5,0,5,Selection constraint for Ethernet PCIe: max 5,P26264-B21,Standard,Broadcom BCM57504 Ethernet 10/25Gb 4-port SFP28 Adapter for HPE,0,"$2,598.00",,NA,,No,Available,,Not published by OCA,Active,09/06/2022,12/31/2028,"{""Extended Price (USD)"":""NA""}",UNCHANGED,"$2,598.00",$0.00,$0.00,"$2,026.00"
Networking,Ethernet PCIe,HPE OCA > OCA Solution > Networking > Ethernet PCIe,Network Adapter,max 5,0,5,Selection constraint for Ethernet PCIe: max 5,P73111-B21,Standard,Broadcom BCM57608 Ethernet 100Gb 2-port QSFP112 Adapter for HPE,0,"$4,855.00",,NA,,No,Available,,Not published by OCA,Active,03/03/2025,12/31/2028,"{""Extended Price (USD)"":""NA""}",UNCHANGED,"$4,855.00",$0.00,$0.00,"$2,026.00"
Networking,Ethernet PCIe,HPE OCA > OCA Solution > Networking > Ethernet PCIe,Transceiver,max 5,0,5,Selection constraint for Ethernet PCIe: max 5,P87940-B21,Standard,AMD Solarflare X4522-PLUS 10/25GbE 2-port SFP56 Adapter for HPE,0,"$11,755.00",,NA,,No,Available,,Not published by OCA,Active,05/04/2026,09/30/2029,"{""Extended Price (USD)"":""NA""}",UNCHANGED,"$11,755.00",$0.00,$0.00,"$2,026.00"
Networking,InfiniBand PCIe,HPE OCA > OCA Solution > Networking > InfiniBand PCIe,Network Adapter,max 3,0,3,Selection constraint for InfiniBand PCIe: max 3,P45641-H23,Standard,HPE InfiniBand NDR/Ethernet 400Gb 1-port OSFP PCIe5 x16 MCX75310AAS-NEAT Adapter,0,"$6,377.00",,NA,,No,Available,,Not published by OCA,Active,06/03/2024,12/31/2026,"{""Extended Price (USD)"":""NA""}",UNCHANGED,"$6,377.00",$0.00,$0.00,2026-08-12: $6377.00 → 2026-08-13: $6377.00 → 2026-08-14: $6377.00 → 2026-08-16: $6377.00 → 2026-08-19: $6377.00 → 2026-08-22: $6377.00 → 2026-08-24: (no price) → 2026-09-09: $6377.00 → 2026-09-10: $6377.00
Networking,InfiniBand PCIe,HPE OCA > OCA Solution > Networking > InfiniBand PCIe,Network Adapter,max 3,0,3,Selection constraint for InfiniBand PCIe: max 3,P45642-H23,Standard,HPE InfiniBand NDR200/Ethernet 200Gb 1-port OSFP PCIe5 x16 MCX75310AAS-HEAT Generic Adapter,0,"$4,904.00",,NA,,No,Available,,Not published by OCA,Active,02/02/2026,12/31/2027,"{""Extended Price (USD)"":""NA""}",UNCHANGED,"$4,904.00",$0.00,$0.00,2026-08-12: $4904.00 → 2026-08-13: $4904.00 → 2026-08-14: $4904.00 → 2026-08-16: $4904.00 → 2026-08-19: $4904.00 → 2026-08-22: $4904.00 → 2026-08-24: (no price) → 2026-09-09: $4904.00 → 2026-09-10: $4904.00
Networking,InfiniBand PCIe,HPE OCA > OCA Solution > Networking > InfiniBand PCIe,Network Adapter,max 3,0,3,Selection constraint for InfiniBand PCIe: max 3,P66386-H21,Standard,HPE Data Processing Unit InfiniBand NDR200/Ethernet 200Gb 2-port QSFP112 FHHL B3220 Adapter,0,"$15,334.00",,NA,,No,Available,,Not published by OCA,Active,05/06/2024,12/31/2027,"{""Extended Price (USD)"":""NA""}",UNCHANGED,"$15,334.00",$0.00,$0.00,"$2,026.00"
Networking,InfiniBand PCIe,HPE OCA > OCA Solution > Networking > InfiniBand PCIe,Network Adapter,max 3,0,3,Selection constraint for InfiniBand PCIe: max 3,P79115-H21,Standard,HPE InfiniBand XDR400/Ethernet 400GbE 2-port QSFP112 PCIe6 x16 HHHL CX8 Crypto Adapter,0,"$8,910.00",,NA,,No,Available,,Not published by OCA,Active,11/03/2025,06/30/2029,"{""Extended Price (USD)"":""NA""}",UNCHANGED,"$8,910.00",$0.00,$0.00,2026-08-12: $8910.00 → 2026-08-13: $8910.00 → 2026-08-14: $8910.00 → 2026-08-16: $8910.00 → 2026-08-19: $8910.00 → 2026-08-22: $8910.00 → 2026-08-24: (no price) → 2026-09-09: $8910.00 → 2026-09-10: $8910.00
Networking,InfiniBand PCIe,HPE OCA > OCA Solution > Networking > InfiniBand PCIe,Network Adapter,max 3,0,3,Selection constraint for InfiniBand PCIe: max 3,P45641-B23,Standard,HPE InfiniBand NDR/Ethernet 400Gb 1-port OSFP PCIe5 x16 MCX75310AAS-NEAT Adapter,0,"$6,377.00",,NA,,No,Obsolete (OB),,Not published by OCA,Obsolete (OB),06/03/2024,01/31/2026,"{""Extended Price (USD)"":""NA""}",UNCHANGED,"$6,377.00",$0.00,$0.00,"$2,026.00"
Networking,InfiniBand PCIe,HPE OCA > OCA Solution > Networking > InfiniBand PCIe,Network Adapter,max 3,0,3,Selection constraint for InfiniBand PCIe: max 3,P45641-H24,Standard,HPE InfiniBand NDR/Ethernet 400Gb 1-port OSFP PCIe5 x16 MCX75310AAS-NEAT Generic Adapter,0,"$6,517.00",,NA,,No,Available,,Not published by OCA,Active,05/04/2026,06/30/2029,"{""Extended Price (USD)"":""NA""}",UNCHANGED,"$6,517.00",$0.00,$0.00,2026-08-12: $6517.00 → 2026-08-13: $6517.00 → 2026-08-14: $6517.00 → 2026-08-16: $6517.00 → 2026-08-19: $6517.00 → 2026-08-22: $6517.00 → 2026-08-24: (no price) → 2026-09-09: $6517.00 → 2026-09-10: $6517.00
Networking,InfiniBand PCIe,HPE OCA > OCA Solution > Networking > InfiniBand PCIe,Network Adapter,max 3,0,3,Selection constraint for InfiniBand PCIe: max 3,P45642-B22,Standard,HPE InfiniBand NDR200/Ethernet 200Gb 1-port OSFP PCIe5 x16 MCX75310AAS-HEAT Adapter,0,"$4,568.00",,NA,,No,Obsolete (OB),,Not published by OCA,Obsolete (OB),06/03/2024,12/12/2025,"{""Extended Price (USD)"":""NA""}",UNCHANGED,"$4,568.00",$0.00,$0.00,"$2,026.00"
Networking,InfiniBand PCIe,HPE OCA > OCA Solution > Networking > InfiniBand PCIe,Network Adapter,max 3,0,3,Selection constraint for InfiniBand PCIe: max 3,P45642-H22,Standard,HPE InfiniBand NDR200/Ethernet 200Gb 1-port OSFP PCIe5 x16 MCX75310AAS-HEAT Adapter,0,"$4,568.00",,NA,,No,Obsolete (OB),,Not published by OCA,Obsolete (OB),06/03/2024,12/12/2025,"{""Extended Price (USD)"":""NA""}",UNCHANGED,"$4,568.00",$0.00,$0.00,"$2,026.00"
Networking,InfiniBand PCIe,HPE OCA > OCA Solution > Networking > InfiniBand PCIe,Network Adapter,max 3,0,3,Selection constraint for InfiniBand PCIe: max 3,P65333-B21,Standard,HPE InfiniBand NDR200/Ethernet 200GbE 2-port QSFP112 PCIe5 x16 MCX755106AC-HEAT Adapter,0,"$7,331.00",,NA,,No,Obsolete (OB),,Not published by OCA,Obsolete (OB),09/05/2023,01/31/2026,"{""Extended Price (USD)"":""NA""}",UNCHANGED,"$7,331.00",$0.00,$0.00,"$2,026.00"
Networking,InfiniBand PCIe,HPE OCA > OCA Solution > Networking > InfiniBand PCIe,Network Adapter,max 3,0,3,Selection constraint for InfiniBand PCIe: max 3,P65333-H21,Standard,HPE InfiniBand NDR200/Ethernet 200GbE 2-port QSFP112 PCIe5 x16 MCX755106AC-HEAT Adapter,0,"$5,425.00",,NA,,No,Available,,Not published by OCA,Active,09/05/2023,12/31/2027,"{""Extended Price (USD)"":""NA""}",UNCHANGED,"$5,425.00",$0.00,$0.00,2026-08-12: $5425.00 → 2026-08-13: $5425.00 → 2026-08-14: $5425.00 → 2026-08-16: $5425.00 → 2026-08-19: $5425.00 → 2026-08-22: $5425.00 → 2026-08-24: (no price) → 2026-09-09: $7331.00 (▲) → 2026-09-10: $5425.00 (▼)
Networking,InfiniBand PCIe,HPE OCA > OCA Solution > Networking > InfiniBand PCIe,Network Adapter,max 3,0,3,Selection constraint for InfiniBand PCIe: max 3,P66387-H21,Standard,HPE Data Processing Unit InfiniBand NDR/Ethernet 400Gb 1-port QSFP112 HHHL B3140H Adapter,0,"$14,399.00",,NA,,No,Available,,Not published by OCA,Active,05/06/2024,12/31/2027,"{""Extended Price (USD)"":""NA""}",UNCHANGED,"$14,399.00",$0.00,$0.00,"$2,026.00"
Networking,InfiniBand PCIe,HPE OCA > OCA Solution > Networking > InfiniBand PCIe,Network Adapter,max 3,0,3,Selection constraint for InfiniBand PCIe: max 3,P79114-H21,Standard,HPE InfiniBand XDR/Ethernet 2x400GbE 1-port OSFP PCIe6 x16 HHHL CX8 Crypto Adapter,0,"$8,910.00",,NA,,No,Available,,Not published by OCA,Active,11/03/2025,06/30/2029,"{""Extended Price (USD)"":""NA""}",UNCHANGED,"$8,910.00",$0.00,$0.00,2026-08-12: $8910.00 → 2026-08-13: $8910.00 → 2026-08-14: $8910.00 → 2026-08-16: $8910.00 → 2026-08-19: $8910.00 → 2026-08-22: $8910.00 → 2026-08-24: (no price) → 2026-09-09: $8910.00 → 2026-09-10: $8910.00
Networking,InfiniBand PCIe,HPE OCA > OCA Solution > Networking > InfiniBand PCIe,Network Adapter,max 3,0,3,Selection constraint for InfiniBand PCIe: max 3,P79115-B21,Standard,HPE InfiniBand XDR400/Ethernet 400GbE 2-port QSFP112 PCIe6 x16 HHHL CX8 Crypto Adapter,0,"$9,237.00",,NA,,No,Obsolete (OB),,Not published by OCA,Obsolete (OB),09/02/2025,09/19/2025,"{""Extended Price (USD)"":""NA""}",UNCHANGED,"$9,237.00",$0.00,$0.00,"$2,026.00"
Networking,InfiniBand PCIe,HPE OCA > OCA Solution > Networking > InfiniBand PCIe,Cable Kit,max 3,0,3,Selection constraint for InfiniBand PCIe: max 3,P81264-H21,Standard,HPE InfiniBand XDR PCIe Gen6 x16 Multi Host/Socket Direct Auxiliary Card with 250mm MCIO Cable Kit,0,$734.00,,NA,,No,Available,,Not published by OCA,Active,11/03/2025,06/30/2027,"{""Extended Price (USD)"":""NA""}",UNCHANGED,$734.00,$0.00,$0.00,2026-08-12: $734.00 → 2026-08-13: $734.00 → 2026-08-14: $734.00 → 2026-08-16: $734.00 → 2026-08-19: $734.00 → 2026-08-22: $734.00 → 2026-08-24: (no price) → 2026-09-09: $734.00 → 2026-09-10: $734.00
Networking,Transceivers,HPE OCA > OCA Solution > Networking > Transceivers,Transceiver,max 16,0,16,Selection constraint for Transceivers: max 16,P49764-B21,Standard,HPE InfiniBand NDR/Ethernet 1x400Gb OSFP Multi-mode 50m HCA-side Transceiver,0,"$1,866.00",,NA,,No,Available,,Not published by OCA,Active,03/06/2023,12/31/2027,"{""Extended Price (USD)"":""NA""}",UNCHANGED,"$1,866.00",$0.00,$0.00,2026-08-12: $1866.00 → 2026-08-13: $1866.00 → 2026-08-14: $1866.00 → 2026-08-16: $1866.00 → 2026-08-19: $1866.00 → 2026-08-22: $1866.00 → 2026-08-24: (no price) → 2026-09-09: $1866.00 → 2026-09-10: $1866.00
Networking,Transceivers,HPE OCA > OCA Solution > Networking > Transceivers,Transceiver,max 16,0,16,Selection constraint for Transceivers: max 16,Q8J73A,Standard,HPE 100GbE QSFP28 500m 1310mm PSM4 Transceiver,0,"$3,495.00",,NA,,No,Available,,Not published by OCA,Active,12/18/2017,11/30/2028,"{""Extended Price (USD)"":""NA""}",UNCHANGED,"$3,495.00",$0.00,$0.00,2026-08-12: $3495.00 → 2026-08-13: $3495.00 → 2026-08-14: $3495.00 → 2026-08-16: $3495.00 → 2026-08-19: $3495.00 → 2026-08-22: $3495.00 → 2026-08-24: (no price) → 2026-09-09: $3495.00 → 2026-09-10: $3495.00
Networking,Transceivers,HPE OCA > OCA Solution > Networking > Transceivers,Transceiver,max 16,0,16,Selection constraint for Transceivers: max 16,Q9S71A,Standard,HPE 100GbE QSFP28 to QSFP28 5m Active Optical Cable,0,"$1,899.00",,NA,,No,Available,,Not published by OCA,Active,09/04/2018,11/30/2028,"{""Extended Price (USD)"":""NA""}",UNCHANGED,"$1,899.00",$0.00,$0.00,2026-08-12: $1899.00 → 2026-08-13: $1899.00 → 2026-08-14: $1899.00 → 2026-08-16: $1899.00 → 2026-08-19: $1899.00 → 2026-08-22: $1899.00 → 2026-08-24: (no price) → 2026-09-09: $1899.00 → 2026-09-10: $1899.00
Networking,Transceivers,HPE OCA > OCA Solution > Networking > Transceivers,Transceiver,max 16,0,16,Selection constraint for Transceivers: max 16,453151-B21,Standard,HPE BladeSystem c-Class Virtual Connect 1G SFP SX Transceiver,0,$427.00,,NA,,No,Available,,Not published by OCA,Active,10/01/2007,07/31/2027,"{""Extended Price (USD)"":""NA""}",UNCHANGED,$427.00,$0.00,$0.00,2026-08-12: $427.00 → 2026-08-13: $427.00 → 2026-08-14: $427.00 → 2026-08-16: $427.00 → 2026-08-19: $427.00 → 2026-08-22: $427.00 → 2026-08-24: (no price) → 2026-09-09: $427.00 → 2026-09-10: $427.00
Networking,Transceivers,HPE OCA > OCA Solution > Networking > Transceivers,Transceiver,max 16,0,16,Selection constraint for Transceivers: max 16,453154-B21,Standard,HPE BladeSystem CClass Virtual Connect 1G SFP RJ45 Transceiver,0,$426.00,,NA,,No,Available,,Not published by OCA,Active,11/16/2007,07/31/2027,"{""Extended Price (USD)"":""NA""}",UNCHANGED,$426.00,$0.00,$0.00,2026-08-12: $426.00 → 2026-08-13: $426.00 → 2026-08-14: $426.00 → 2026-08-16: $426.00 → 2026-08-19: $426.00 → 2026-08-22: $426.00 → 2026-08-24: (no price) → 2026-09-09: $426.00 → 2026-09-10: $426.00
Networking,Transceivers,HPE OCA > OCA Solution > Networking > Transceivers,Transceiver,max 16,0,16,Selection constraint for Transceivers: max 16,455883-B21,Standard,HPE BladeSystem c-Class 10Gb SFP+ SR Transceiver,0,$842.00,,NA,,No,Available,,Not published by OCA,Active,12/01/2008,11/30/2030,"{""Extended Price (USD)"":""NA""}",UNCHANGED,$842.00,$0.00,$0.00,2026-08-12: $842.00 → 2026-08-13: $842.00 → 2026-08-14: $842.00 → 2026-08-16: $842.00 → 2026-08-19: $842.00 → 2026-08-22: $842.00 → 2026-08-24: (no price) → 2026-09-09: $842.00 → 2026-09-10: $842.00
Networking,Transceivers,HPE OCA > OCA Solution > Networking > Transceivers,Transceiver,max 16,0,16,Selection constraint for Transceivers: max 16,455886-B21,Standard,HPE BladeSystem c-Class 10Gb SFP+ LR Transceiver,0,"$1,751.00",,NA,,No,Available,,Not published by OCA,Active,12/01/2008,11/30/2030,"{""Extended Price (USD)"":""NA""}",UNCHANGED,"$1,751.00",$0.00,$0.00,2026-08-12: $1751.00 → 2026-08-13: $1751.00 → 2026-08-14: $1751.00 → 2026-08-16: $1751.00 → 2026-08-19: $1751.00 → 2026-08-22: $1751.00 → 2026-08-24: (no price) → 2026-09-09: $1751.00 → 2026-09-10: $1751.00
Networking,Transceivers,HPE OCA > OCA Solution > Networking > Transceivers,Transceiver,max 16,0,16,Selection constraint for Transceivers: max 16,845398-B21,Standard,HPE 25Gb SFP28 SR 100m Transceiver,0,"$2,110.00",,NA,,No,Available,,Not published by OCA,Active,06/06/2016,06/30/2028,"{""Extended Price (USD)"":""NA""}",UNCHANGED,"$2,110.00",$0.00,$0.00,2026-08-12: $2110.00 → 2026-08-13: $2110.00 → 2026-08-14: $2110.00 → 2026-08-16: $2110.00 → 2026-08-19: $2110.00 → 2026-08-22: $2110.00 → 2026-08-24: (no price) → 2026-09-09: $2110.00 → 2026-09-10: $2110.00
Networking,Transceivers,HPE OCA > OCA Solution > Networking > Transceivers,Transceiver,max 16,0,16,Selection constraint for Transceivers: max 16,845966-B21,Standard,HPE 100Gb QSFP28 MPO SR4 100m Transceiver,0,"$4,252.00",,NA,,No,Available,,Not published by OCA,Active,06/06/2016,11/30/2030,"{""Extended Price (USD)"":""NA""}",UNCHANGED,"$4,252.00",$0.00,$0.00,2026-08-12: $4252.00 → 2026-08-13: $4252.00 → 2026-08-14: $4252.00 → 2026-08-16: $4252.00 → 2026-08-19: $4252.00 → 2026-08-22: $4252.00 → 2026-08-24: (no price) → 2026-09-09: $4252.00 → 2026-09-10: $4252.00
Networking,Transceivers,HPE OCA > OCA Solution > Networking > Transceivers,Transceiver,max 16,0,16,Selection constraint for Transceivers: max 16,845972-B21,Standard,HPE 100Gb QSFP28 Bidirectional Transceiver,0,"$2,585.00",,NA,,No,Obsolete (OB),,Not published by OCA,Obsolete (OB),12/03/2018,07/27/2026,"{""Extended Price (USD)"":""NA""}",UNCHANGED,"$2,585.00",$0.00,$0.00,"$2,026.00"
Networking,Transceivers,HPE OCA > OCA Solution > Networking > Transceivers,Transceiver,max 16,0,16,Selection constraint for Transceivers: max 16,P65334-B21,Standard,HPE InfiniBand NDR/Ethernet 400G QSFP112 MPO12 850nm Multi-mode 50m APC Transceiver,0,"$3,875.00",,NA,,No,Available,,Not published by OCA,Active,09/05/2023,07/31/2027,"{""Extended Price (USD)"":""NA""}",UNCHANGED,"$3,875.00",$0.00,$0.00,2026-08-12: $3875.00 → 2026-08-13: $3875.00 → 2026-08-14: $3875.00 → 2026-08-16: $3875.00 → 2026-08-19: $3875.00 → 2026-08-22: $3875.00 → 2026-08-24: (no price) → 2026-09-09: $3875.00 → 2026-09-10: $3875.00
Networking,Transceivers,HPE OCA > OCA Solution > Networking > Transceivers,Transceiver,max 16,0,16,Selection constraint for Transceivers: max 16,P79829-B21,Standard,HPE InfiniBand XDR/Ethernet 400GbE QSFP112 1-port Single-mode 500m Transceiver,0,"$4,259.00",,NA,,No,Available,,Not published by OCA,Active,10/06/2025,06/30/2029,"{""Extended Price (USD)"":""NA""}",UNCHANGED,"$4,259.00",$0.00,$0.00,2026-08-12: $4259.00 → 2026-08-13: $4259.00 → 2026-08-14: $4259.00 → 2026-08-16: $4259.00 → 2026-08-19: $4259.00 → 2026-08-22: $4259.00 → 2026-08-24: (no price) → 2026-09-09: $4259.00 → 2026-09-10: $4259.00
Networking,Transceivers,HPE OCA > OCA Solution > Networking > Transceivers,Transceiver,max 16,0,16,Selection constraint for Transceivers: max 16,P82314-B21,Standard,HPE InfiniBand XDR 800GbE OSFP 1-port Single-mode 500m HCA-side Transceiver,0,"$4,939.00",,NA,,No,Available,,Not published by OCA,Active,10/06/2025,06/30/2029,"{""Extended Price (USD)"":""NA""}",UNCHANGED,"$4,939.00",$0.00,$0.00,2026-08-12: $4939.00 → 2026-08-13: $4939.00 → 2026-08-14: $4939.00 → 2026-08-16: $4939.00 → 2026-08-19: $4939.00 → 2026-08-22: $4939.00 → 2026-08-24: (no price) → 2026-09-09: $4939.00 → 2026-09-10: $4939.00
Networking,Transceivers,HPE OCA > OCA Solution > Networking > Transceivers,Transceiver,max 16,0,16,Selection constraint for Transceivers: max 16,P86377-B21,Standard,HPE InfiniBand/Ethernet 2x400GbE OSFP 2-port Multi-mode 50m Flat-Top Transceiver,0,"$3,682.00",,NA,,No,Available,,Not published by OCA,Active,11/03/2025,06/30/2029,"{""Extended Price (USD)"":""NA""}",UNCHANGED,"$3,682.00",$0.00,$0.00,2026-08-12: $3682.00 → 2026-08-13: $3682.00 → 2026-08-14: $3682.00 → 2026-08-16: $3682.00 → 2026-08-19: $3682.00 → 2026-08-22: $3682.00 → 2026-08-24: (no price) → 2026-09-09: $3682.00 → 2026-09-10: $3682.00
Networking,Transceivers,HPE OCA > OCA Solution > Networking > Transceivers,Transceiver,max 16,0,16,Selection constraint for Transceivers: max 16,P87585-B21,Standard,HPE InfiniBand NDR/Ethernet 400Gb OSFP 1-port Single-mode 100m HCA-side Flat-Top Transceiver,0,"$7,359.00",,NA,,No,Available,,Not published by OCA,Active,01/05/2026,06/30/2029,"{""Extended Price (USD)"":""NA""}",UNCHANGED,"$7,359.00",$0.00,$0.00,2026-08-12: $7359.00 → 2026-08-13: $7359.00 → 2026-08-14: $7359.00 → 2026-08-16: $7359.00 → 2026-08-19: $7359.00 → 2026-08-22: $7359.00 → 2026-08-24: (no price) → 2026-09-09: $7359.00 → 2026-09-10: $7359.00
Networking,Transceivers,HPE OCA > OCA Solution > Networking > Transceivers,Transceiver,max 16,0,16,Selection constraint for Transceivers: max 16,P89422-B21,Standard,HPE Ethernet 1x400Gb OSFP 1-port Multi-mode 50m NIC-side Flat-Top Transceiver,0,"$2,400.00",,NA,,No,Available,,Not published by OCA,Active,03/02/2026,06/30/2029,"{""Extended Price (USD)"":""NA""}",UNCHANGED,"$2,400.00",$0.00,$0.00,2026-08-12: $2400.00 → 2026-08-13: $2400.00 → 2026-08-14: $2400.00 → 2026-08-16: $2400.00 → 2026-08-19: $2400.00 → 2026-08-22: $2400.00 → 2026-08-24: (no price) → 2026-09-09: $2400.00 → 2026-09-10: $2400.00
Networking,Transceivers,HPE OCA > OCA Solution > Networking > Transceivers,Transceiver,max 16,0,16,Selection constraint for Transceivers: max 16,P89423-B21,Standard,HPE Ethernet 1x400Gb QSFP112 1-port Multi-mode 50m NIC-side Flat-Top Transceiver,0,"$2,428.00",,NA,,No,Available,,Not published by OCA,Active,03/02/2026,06/30/2029,"{""Extended Price (USD)"":""NA""}",UNCHANGED,"$2,428.00",$0.00,$0.00,2026-08-12: $2428.00 → 2026-08-13: $2428.00 → 2026-08-14: $2428.00 → 2026-08-16: $2428.00 → 2026-08-19: $2428.00 → 2026-08-22: $2428.00 → 2026-08-24: (no price) → 2026-09-09: $2428.00 → 2026-09-10: $2428.00
Networking,Transceivers,HPE OCA > OCA Solution > Networking > Transceivers,Transceiver,max 16,0,16,Selection constraint for Transceivers: max 16,Q2F19A,Standard,HPE 100GbE QSFP28 SR4 100m Transceiver,0,"$2,425.00",,NA,,No,Available,,Not published by OCA,Active,09/25/2017,11/30/2028,"{""Extended Price (USD)"":""NA""}",UNCHANGED,"$2,425.00",$0.00,$0.00,2026-08-12: $2425.00 → 2026-08-13: $2425.00 → 2026-08-14: $2425.00 → 2026-08-16: $2425.00 → 2026-08-19: $2425.00 → 2026-08-22: $2425.00 → 2026-08-24: (no price) → 2026-09-09: $2425.00 → 2026-09-10: $2425.00
Networking,PCIe Networking Adapters,HPE OCA > OCA Solution > Networking > PCIe Networking Adapters,Transceiver,max 8,0,8,These products are hidden due to Supply constraints,845970-B21,Standard,HPE QSFP28 to SFP28 Adapter,0,$227.00,,NA,,No,These products are hidden due to Supply constraints,,Not published by OCA,Active,12/03/2018,11/30/2030,"{""Extended Price (USD)"":""NA""}",UNCHANGED,$227.00,$0.00,$0.00,2026-08-12: $227.00 → 2026-08-13: $227.00 → 2026-08-14: $227.00 → 2026-08-16: $227.00 → 2026-08-19: $227.00 → 2026-08-22: $227.00 → 2026-08-24: (no price) → 2026-09-09: $227.00 → 2026-09-10: $227.00
Networking,Fibre Channel HBA,HPE OCA > OCA Solution > Networking > Fibre Channel HBA,Fibre Channel HBA,max 3,0,3,Selection constraint for Fibre Channel HBA: max 3,S4T09A,Standard,HPE SN1720E 64Gb 2p FC SecureHBA,0,"$9,999.00",,NA,,No,Available,,Not published by OCA,Active,02/24/2025,12/31/2029,"{""Extended Price (USD)"":""NA""}",ADDED,N/A,"$9,999.00",$100.00,"$2,026.00"
Networking,Fibre Channel HBA,HPE OCA > OCA Solution > Networking > Fibre Channel HBA,Fibre Channel HBA,max 3,0,3,Selection constraint for Fibre Channel HBA: max 3,S4S01A,Standard,HPE SN1620E 32Gb 2p FC SecureHBA,0,"$5,499.00",,NA,,No,Available,,Not published by OCA,Active,02/24/2025,12/31/2029,"{""Extended Price (USD)"":""NA""}",ADDED,N/A,"$5,499.00",$100.00,"$2,026.00"
Networking,Fibre Channel HBA,HPE OCA > OCA Solution > Networking > Fibre Channel HBA,Fibre Channel HBA,max 3,0,3,Selection constraint for Fibre Channel HBA: max 3,R2E08A,Standard,HPE SN1610Q 32Gb 1-port Fibre Channel Host Bus Adapter,0,"$4,675.00",,NA,,No,Available,,Not published by OCA,Active,10/07/2019,10/31/2028,"{""Extended Price (USD)"":""NA""}",ADDED,N/A,"$4,675.00",$100.00,"$2,026.00"
Networking,Fibre Channel HBA,HPE OCA > OCA Solution > Networking > Fibre Channel HBA,Fibre Channel HBA,max 3,0,3,Selection constraint for Fibre Channel HBA: max 3,R2E09A,Standard,HPE SN1610Q 32Gb 2-port Fibre Channel Host Bus Adapter,0,"$7,410.00",,NA,,No,Available,,Not published by OCA,Active,10/07/2019,10/31/2028,"{""Extended Price (USD)"":""NA""}",ADDED,N/A,"$7,410.00",$100.00,"$2,026.00"
Networking,Fibre Channel HBA,HPE OCA > OCA Solution > Networking > Fibre Channel HBA,Fibre Channel HBA,max 3,0,3,Selection constraint for Fibre Channel HBA: max 3,R7N86A,Standard,HPE SN1700Q 64Gb 1-port Fibre Channel Host Bus Adapter,0,"$9,688.00",,NA,,No,Available,,Not published by OCA,Active,02/06/2023,10/31/2028,"{""Extended Price (USD)"":""NA""}",ADDED,N/A,"$9,688.00",$100.00,"$2,026.00"
Networking,Fibre Channel HBA,HPE OCA > OCA Solution > Networking > Fibre Channel HBA,Fibre Channel HBA,max 3,0,3,Selection constraint for Fibre Channel HBA: max 3,R7N87A,Standard,HPE SN1700Q 64Gb 2-port Fibre Channel Host Bus Adapter,0,"$12,800.00",,NA,,No,Available,,Not published by OCA,Active,02/06/2023,10/31/2028,"{""Extended Price (USD)"":""NA""}",ADDED,N/A,"$12,800.00",$100.00,"$2,026.00"
Networking,OCP Ethernet,HPE OCA > OCA Solution > Networking > OCP Ethernet,Network Adapter,max 2,0,2,Selection constraint for OCP Ethernet: max 2,P10115-B21,Standard,Broadcom BCM57414 Ethernet 10/25Gb 2-port SFP28 OCP3 Adapter for HPE,0,"$1,231.00",,NA,,No,Available,,Not published by OCA,Active,11/02/2020,12/31/2028,"{""Extended Price (USD)"":""NA""}",UNCHANGED,"$1,231.00",$0.00,$0.00,2026-08-12: $1231.00 → 2026-08-13: $1231.00 → 2026-08-14: $1231.00 → 2026-08-16: $1231.00 → 2026-08-19: $1231.00 → 2026-08-22: $1231.00 → 2026-08-24: (no price) → 2026-09-09: $1231.00 → 2026-09-10: $1231.00
Networking,OCP Ethernet,HPE OCA > OCA Solution > Networking > OCP Ethernet,Network Adapter,max 2,0,2,Selection constraint for OCP Ethernet: max 2,P42041-B21,Standard,Mellanox MCX631432AS-ADAI Ethernet 10/25Gb 2-port SFP28 OCP3 Adapter for HPE,0,"$1,398.00",,NA,,No,Available,,Not published by OCA,Active,02/07/2022,12/31/2028,"{""Extended Price (USD)"":""NA""}",UNCHANGED,"$1,398.00",$0.00,$0.00,2026-08-12: $1398.00 → 2026-08-13: $1398.00 → 2026-08-14: $1398.00 → 2026-08-16: $1398.00 → 2026-08-19: $1398.00 → 2026-08-22: $1398.00 → 2026-08-24: (no price) → 2026-09-09: $1398.00 → 2026-09-10: $1398.00
Networking,OCP Ethernet,HPE OCA > OCA Solution > Networking > OCP Ethernet,Network Adapter,max 2,0,2,Selection constraint for OCP Ethernet: max 2,P51181-B21,Standard,Broadcom BCM5719 Ethernet 1Gb 4-port BASE-T OCP3 Adapter for HPE,1,$485.00,,$485.00,,No,Available,,Not published by OCA,Active,06/06/2022,12/31/2028,"{""Extended Price (USD)"":""485.00""}",UNCHANGED,$485.00,$0.00,$0.00,"$2,026.00"
Networking,OCP Ethernet,HPE OCA > OCA Solution > Networking > OCP Ethernet,Transceiver,max 2,0,2,Selection constraint for OCP Ethernet: max 2,P22767-B21,Standard,Intel E810-CQDA2 Ethernet 100Gb 2-port QSFP28 OCP3 Adapter for HPE,0,"$3,600.00",,NA,,No,Available,,Not published by OCA,Active,04/06/2021,12/31/2028,"{""Extended Price (USD)"":""NA""}",UNCHANGED,"$3,600.00",$0.00,$0.00,2026-08-12: $3600.00 → 2026-08-13: $3600.00 → 2026-08-14: $3600.00 → 2026-08-16: $3600.00 → 2026-08-19: $3600.00 → 2026-08-22: $3600.00 → 2026-08-24: (no price) → 2026-09-09: $3600.00 → 2026-09-10: $3600.00
Networking,OCP Ethernet,HPE OCA > OCA Solution > Networking > OCP Ethernet,Network Adapter,max 2,0,2,Selection constraint for OCP Ethernet: max 2,P26256-B21,Standard,Broadcom BCM57412 Ethernet 10Gb 2-port SFP+ OCP3 Adapter for HPE,0,$940.00,,NA,,No,Available,,Not published by OCA,Active,10/05/2020,12/31/2028,"{""Extended Price (USD)"":""NA""}",UNCHANGED,$940.00,$0.00,$0.00,2026-08-12: $940.00 → 2026-08-13: $940.00 → 2026-08-14: $940.00 → 2026-08-16: $940.00 → 2026-08-19: $940.00 → 2026-08-22: $940.00 → 2026-08-24: (no price) → 2026-09-09: $940.00 → 2026-09-10: $940.00
Networking,OCP Ethernet,HPE OCA > OCA Solution > Networking > OCP Ethernet,Network Adapter,max 2,0,2,Selection constraint for OCP Ethernet: max 2,P79833-B21,Standard,Intel E610-IT4 Ethernet 1Gb 4-port BASE-T OCP3 Adapter for HPE,0,"$1,580.00",,NA,,No,Available,,Not published by OCA,Active,09/02/2025,12/31/2028,"{""Extended Price (USD)"":""NA""}",UNCHANGED,"$1,580.00",$0.00,$0.00,2026-08-12: $1580.00 → 2026-08-13: $1580.00 → 2026-08-14: $1580.00 → 2026-08-16: $1580.00 → 2026-08-19: $1580.00 → 2026-08-22: $1580.00 → 2026-08-24: (no price) → 2026-09-09: $1580.00 → 2026-09-10: $1580.00
Networking,OCP Ethernet,HPE OCA > OCA Solution > Networking > OCP Ethernet,Network Adapter,max 2,0,2,Selection constraint for OCP Ethernet: max 2,P10097-B21,Standard,Broadcom BCM57416 Ethernet 10Gb 2-port BASE-T OCP3 Adapter for HPE,0,"$1,105.00",,NA,,No,Available,,Not published by OCA,Active,11/02/2020,12/31/2028,"{""Extended Price (USD)"":""NA""}",UNCHANGED,"$1,105.00",$0.00,$0.00,2026-08-12: $1105.00 → 2026-08-13: $1105.00 → 2026-08-14: $1105.00 → 2026-08-16: $1105.00 → 2026-08-19: $1105.00 → 2026-08-22: $1105.00 → 2026-08-24: (no price) → 2026-09-09: $1105.00 → 2026-09-10: $1105.00
Networking,OCP Ethernet,HPE OCA > OCA Solution > Networking > OCP Ethernet,Network Adapter,max 2,0,2,Selection constraint for OCP Ethernet: max 2,P10106-B21,Standard,Intel E810-XXVDA2 Ethernet 10/25Gb 2-port SFP28 OCP3 Adapter for HPE,0,"$1,680.00",,NA,,No,Available,,Not published by OCA,Active,04/06/2021,11/30/2027,"{""Extended Price (USD)"":""NA""}",UNCHANGED,"$1,680.00",$0.00,$0.00,2026-08-12: $1680.00 → 2026-08-13: $1680.00 → 2026-08-14: $1680.00 → 2026-08-16: $1680.00 → 2026-08-19: $1680.00 → 2026-08-22: $1680.00 → 2026-08-24: (no price) → 2026-09-09: $1680.00 → 2026-09-10: $1680.00
Networking,OCP Ethernet,HPE OCA > OCA Solution > Networking > OCP Ethernet,Network Adapter,max 2,0,2,Selection constraint for OCP Ethernet: max 2,P26269-B21,Standard,Broadcom BCM57504 Ethernet 10/25Gb 4-port SFP28 OCP3 Adapter for HPE,0,"$2,598.00",,NA,,No,Available,,Not published by OCA,Active,09/06/2022,12/31/2028,"{""Extended Price (USD)"":""NA""}",UNCHANGED,"$2,598.00",$0.00,$0.00,2026-08-12: $2598.00 → 2026-08-13: $2598.00 → 2026-08-14: $2598.00 → 2026-08-16: $2598.00 → 2026-08-19: $2598.00 → 2026-08-22: $2598.00 → 2026-08-24: (no price) → 2026-09-09: $2598.00 → 2026-09-10: $2598.00
Networking,OCP Ethernet,HPE OCA > OCA Solution > Networking > OCP Ethernet,Network Adapter,max 2,0,2,Selection constraint for OCP Ethernet: max 2,P41614-B21,Standard,Intel E810-XXVDA4 Ethernet 10/25Gb 4-port SFP28 OCP3 Adapter for HPE,0,"$3,770.00",,NA,,No,Available,,Not published by OCA,Active,08/02/2021,12/31/2028,"{""Extended Price (USD)"":""NA""}",UNCHANGED,"$3,770.00",$0.00,$0.00,2026-08-12: $3770.00 → 2026-08-13: $3770.00 → 2026-08-14: $3770.00 → 2026-08-16: $3770.00 → 2026-08-19: $3770.00 → 2026-08-22: $3770.00 → 2026-08-24: (no price) → 2026-09-09: $3770.00 → 2026-09-10: $3770.00
Networking,OCP Ethernet,HPE OCA > OCA Solution > Networking > OCP Ethernet,Network Adapter,max 2,0,2,Selection constraint for OCP Ethernet: max 2,P73114-B21,Standard,Broadcom BCM57608 Ethernet 100Gb 2-port QSFP112 OCP3 Adapter for HPE,0,"$4,855.00",,NA,,No,Available,,Not published by OCA,Active,03/03/2025,12/31/2028,"{""Extended Price (USD)"":""NA""}",UNCHANGED,"$4,855.00",$0.00,$0.00,2026-08-12: $4855.00 → 2026-08-13: $4855.00 → 2026-08-14: $4855.00 → 2026-08-16: $4855.00 → 2026-08-19: $4855.00 → 2026-08-22: $4855.00 → 2026-08-24: (no price) → 2026-09-09: $4855.00 → 2026-09-10: $4855.00
Networking,OCP3 Networking Adapters,HPE OCA > OCA Solution > Networking > OCP3 Networking Adapters,Network Adapter,max 1,0,1,Private Product is not valid for current customer account,P89140-B21,Standard,HPE 100G 2p MCX623436AN OCP3 Spl Adp,0,"$7,749.00",,NA,,No,Not published by OCA,,Not published by OCA,Active,02/14/2026,06/30/2027,"{""Extended Price (USD)"":""NA""}",UNCHANGED,"$7,749.00",$0.00,$0.00,"$2,026.00"
Cables & Enablement Kits,Energy Star,HPE OCA > OCA Solution > Cables & Enablement Kits > Energy Star,Cable Kit,max 1,0,1,BTO products are not allowed in CTO Base Model.,AJ833A,Standard,HPE LC to LC Multi-mode OM3 2-Fiber 0.5m 1-Pack Fiber Optic Cable,0,$65.00,,NA,,No,Not published by OCA,,Not published by OCA,Active,06/13/2008,11/30/2028,"{""Extended Price (USD)"":""NA""}",UNCHANGED,$65.00,$0.00,$0.00,2026-08-12: $65.00 → 2026-08-13: $65.00 → 2026-08-14: $65.00 → 2026-08-16: $65.00 → 2026-08-19: $65.00 → 2026-08-22: $65.00 → 2026-08-24: (no price) → 2026-09-09: $65.00 → 2026-09-10: $65.00
Cables & Enablement Kits,Energy Star,HPE OCA > OCA Solution > Cables & Enablement Kits > Energy Star,Cable Kit,max 1,0,1,BTO products are not allowed in CTO Base Model.,AJ836A,Standard,HPE LC to LC Multi-mode OM3 2-Fiber 5.0m 1-Pack Fiber Optic Cable,0,$115.00,,NA,,No,Not published by OCA,,Not published by OCA,Active,06/13/2008,11/30/2028,"{""Extended Price (USD)"":""NA""}",UNCHANGED,$115.00,$0.00,$0.00,2026-08-12: $115.00 → 2026-08-13: $115.00 → 2026-08-14: $115.00 → 2026-08-16: $115.00 → 2026-08-19: $115.00 → 2026-08-22: $115.00 → 2026-08-24: (no price) → 2026-09-09: $115.00 → 2026-09-10: $115.00
Cables & Enablement Kits,Energy Star,HPE OCA > OCA Solution > Cables & Enablement Kits > Energy Star,Cable Kit,max 1,0,1,BTO products are not allowed in CTO Base Model.,AJ838A,Standard,HPE LC to LC Multi-mode OM3 2-Fiber 30.0m 1-Pack Fiber Optic Cable,0,$208.00,,NA,,No,Not published by OCA,,Not published by OCA,Active,06/13/2008,11/30/2028,"{""Extended Price (USD)"":""NA""}",UNCHANGED,$208.00,$0.00,$0.00,2026-08-12: $208.00 → 2026-08-13: $208.00 → 2026-08-14: $208.00 → 2026-08-16: $208.00 → 2026-08-19: $208.00 → 2026-08-22: $208.00 → 2026-08-24: (no price) → 2026-09-09: $208.00 → 2026-09-10: $208.00
Cables & Enablement Kits,Energy Star,HPE OCA > OCA Solution > Cables & Enablement Kits > Energy Star,Cable Kit,max 1,0,1,BTO products are not allowed in CTO Base Model.,AJ839A,Standard,HPE LC to LC Multi-mode OM3 2-Fiber 50.0m 1-Pack Fiber Optic Cable,0,$253.00,,NA,,No,Not published by OCA,,Not published by OCA,Active,06/13/2008,11/30/2028,"{""Extended Price (USD)"":""NA""}",UNCHANGED,$253.00,$0.00,$0.00,2026-08-12: $253.00 → 2026-08-13: $253.00 → 2026-08-14: $253.00 → 2026-08-16: $253.00 → 2026-08-19: $253.00 → 2026-08-22: $253.00 → 2026-08-24: (no price) → 2026-09-09: $253.00 → 2026-09-10: $253.00
Cables & Enablement Kits,Energy Star,HPE OCA > OCA Solution > Cables & Enablement Kits > Energy Star,Cable Kit,max 1,0,1,BTO products are not allowed in CTO Base Model.,AJ834A,Standard,HPE LC to LC Multi-mode OM3 2-Fiber 1.0m 1-Pack Fiber Optic Cable,0,$70.00,,NA,,No,Not published by OCA,,Not published by OCA,Active,06/13/2008,11/30/2028,"{""Extended Price (USD)"":""NA""}",UNCHANGED,$70.00,$0.00,$0.00,2026-08-12: $70.00 → 2026-08-13: $70.00 → 2026-08-14: $70.00 → 2026-08-16: $70.00 → 2026-08-19: $70.00 → 2026-08-22: $70.00 → 2026-08-24: (no price) → 2026-09-09: $70.00 → 2026-09-10: $70.00
Cables & Enablement Kits,Energy Star,HPE OCA > OCA Solution > Cables & Enablement Kits > Energy Star,Cable Kit,max 1,0,1,BTO products are not allowed in CTO Base Model.,AJ837A,Standard,HPE LC to LC Multi-mode OM3 2-Fiber 15.0m 1-Pack Fiber Optic Cable,0,$162.00,,NA,,No,Not published by OCA,,Not published by OCA,Active,06/13/2008,11/30/2028,"{""Extended Price (USD)"":""NA""}",UNCHANGED,$162.00,$0.00,$0.00,2026-08-12: $162.00 → 2026-08-13: $162.00 → 2026-08-14: $162.00 → 2026-08-16: $162.00 → 2026-08-19: $162.00 → 2026-08-22: $162.00 → 2026-08-24: (no price) → 2026-09-09: $162.00 → 2026-09-10: $162.00
Cables & Enablement Kits,OCP3 Networking Adapters,HPE OCA > OCA Solution > Cables & Enablement Kits > OCP3 Networking Adapters,Cable Kit,max 2,0,2,Selection constraint for OCP3 Networking Adapters: max 2,P72201-B21,Standard,HPE ProLiant Compute DL3XX/ML350 Gen12 CPU1 to Rear OCP SlotA x16 Cable Kit,0,$84.00,,NA,,No,Available,,Not published by OCA,Active,02/24/2025,06/30/2029,"{""Extended Price (USD)"":""NA""}",UNCHANGED,$84.00,$0.00,$0.00,2026-08-12: $84.00 → 2026-08-13: $84.00 → 2026-08-14: $84.00 → 2026-08-16: $84.00 → 2026-08-19: $84.00 → 2026-08-22: $84.00 → 2026-08-24: (no price) → 2026-09-09: $84.00 → 2026-09-10: $84.00
Cables & Enablement Kits,OCP3 Networking Adapters,HPE OCA > OCA Solution > Cables & Enablement Kits > OCP3 Networking Adapters,Cable Kit,max 2,0,2,Selection constraint for OCP3 Networking Adapters: max 2,P72203-B21,Standard,HPE ProLiant Compute DL3XX/ML350 Gen12 CPU1 to Rear OCP SlotB x8 Cable Kit,1,$77.00,,$77.00,,No,Available,,Not published by OCA,Active,02/24/2025,06/30/2029,"{""Extended Price (USD)"":""77.00""}",UNCHANGED,$77.00,$0.00,$0.00,2026-08-12: $77.00 → 2026-08-13: $77.00 → 2026-08-14: $77.00 → 2026-08-16: $77.00 → 2026-08-19: $77.00 → 2026-08-22: $77.00 → 2026-08-24: (no price) → 2026-09-09: $77.00 → 2026-09-10: $77.00
Cables & Enablement Kits,OCP3 Networking Adapters,HPE OCA > OCA Solution > Cables & Enablement Kits > OCP3 Networking Adapters,Cable Kit,max 2,0,2,Selection constraint for OCP3 Networking Adapters: max 2,P72205-B21,Standard,HPE ProLiant Compute DL3XX/ML350 Gen12 CPU2 to Rear OCP SlotB x8 Cable Kit,0,$84.00,,NA,,No,Available,,Not published by OCA,Active,02/24/2025,06/30/2029,"{""Extended Price (USD)"":""NA""}",UNCHANGED,$84.00,$0.00,$0.00,2026-08-12: $84.00 → 2026-08-13: $84.00 → 2026-08-14: $84.00 → 2026-08-16: $84.00 → 2026-08-19: $84.00 → 2026-08-22: $84.00 → 2026-08-24: (no price) → 2026-09-09: $84.00 → 2026-09-10: $84.00
Cables & Enablement Kits,OCP3 Networking Adapters,HPE OCA > OCA Solution > Cables & Enablement Kits > OCP3 Networking Adapters,Cable Kit,max 2,0,2,Selection constraint for OCP3 Networking Adapters: max 2,P72207-B21,Standard,HPE ProLiant Compute DL3XX/ML350 Gen12 CPU2 to Rear OCP SlotB x16 Cable Kit,0,$164.00,,NA,,No,Available,,Not published by OCA,Active,02/24/2025,06/30/2029,"{""Extended Price (USD)"":""NA""}",UNCHANGED,$164.00,$0.00,$0.00,2026-08-12: $164.00 → 2026-08-13: $164.00 → 2026-08-14: $164.00 → 2026-08-16: $164.00 → 2026-08-19: $164.00 → 2026-08-22: $164.00 → 2026-08-24: (no price) → 2026-09-09: $164.00 → 2026-09-10: $164.00
Cables & Enablement Kits,OCP3 Networking Adapters,HPE OCA > OCA Solution > Cables & Enablement Kits > OCP3 Networking Adapters,Cable Kit,max 2,0,2,Selection constraint for OCP3 Networking Adapters: max 2,P74757-B21,Standard,HPE ProLiant Compute Gen12 Front Primary OCP Box2 Bay9 Enablement Kit,0,$0.00,,NA,,No,Available,,Not published by OCA,Active,05/05/2025,06/30/2029,"{""Extended Price (USD)"":""NA""}",UNCHANGED,N/A,$0.00,$0.00,2026-08-12: (no price) → 2026-08-13: (no price) → 2026-08-14: (no price) → 2026-08-16: (no price) → 2026-08-19: (no price) → 2026-08-22: (no price) → 2026-08-24: (no price) → 2026-09-09: (no price) → 2026-09-10: (no price)
Cables & Enablement Kits,OCP3 Networking Adapters,HPE OCA > OCA Solution > Cables & Enablement Kits > OCP3 Networking Adapters,Cable Kit,max 2,0,2,Selection constraint for OCP3 Networking Adapters: max 2,P74758-B21,Standard,HPE ProLiant Compute Gen12 Front Secondary OCP Box2 Bay11 Enablement Kit,0,$0.00,,NA,,No,Available,,Not published by OCA,Active,05/05/2025,06/30/2029,"{""Extended Price (USD)"":""NA""}",UNCHANGED,N/A,$0.00,$0.00,2026-08-12: (no price) → 2026-08-13: (no price) → 2026-08-14: (no price) → 2026-08-16: (no price) → 2026-08-19: (no price) → 2026-08-22: (no price) → 2026-08-24: (no price) → 2026-09-09: (no price) → 2026-09-10: (no price)
Networking,Networking Accessories,HPE OCA > OCA Solution > Networking > Networking Accessories,Cable Kit,max 1,0,1,Selection constraint for Networking Accessories: max 1,P95271-B21,Standard,HPE ProLiant Compute DL360/DL380 Gen12 B3220 Power Cable Kit,0,$17.00,,NA,,No,Available,,Not published by OCA,Active,09/08/2026,06/30/2029,"{""Extended Price (USD)"":""NA""}",UNCHANGED,$17.00,$0.00,$0.00,"$2,026.00"
Accessories & Infrastructure,Energy Star,HPE OCA > OCA Solution > Accessories & Infrastructure > Energy Star,Chassis Infrastructure,max 1,0,1,Private Product is not valid for current customer account,P74606-B21,Standard,HPE DL380G11 DPU B3220 Spl PWR CBL,0,$12.00,,NA,,No,Not published by OCA,,Not published by OCA,Active,03/27/2025,05/31/2028,"{""Extended Price (USD)"":""NA""}",UNCHANGED,$12.00,$0.00,$0.00,"$2,026.00"
Cables & Enablement Kits,Management Hardware,HPE OCA > OCA Solution > Cables & Enablement Kits > Management Hardware,Cable Kit,max 1,0,1,Selection constraint for Management Hardware: max 1,P48824-B21,Standard,HPE ProLiant DL380 Rear Serial Cable Kit,0,$28.00,,NA,,No,Available,,Not published by OCA,Active,01/10/2023,06/30/2029,"{""Extended Price (USD)"":""NA""}",UNCHANGED,$28.00,$0.00,$0.00,"$2,026.00"
Memory,Memory Setting,HPE OCA > OCA Solution > Memory > Memory Setting,Memory,max 1,0,1,Selection constraint for Memory Setting: max 1,875293-B21,Standard,HPE Smart Memory Fast Fault Tolerance FIO Setting,0,$1.00,,NA,NA,No,Available,,Not published by OCA,Active,07/11/2017,06/30/2029,"{""Extended Price (USD)"":""NA"",""Price per GB (USD)"":""NA""}",UNCHANGED,$1.00,$0.00,$0.00,2026-08-12: $1.00 → 2026-08-13: $1.00 → 2026-08-14: $1.00 → 2026-08-16: $1.00 → 2026-08-19: $1.00 → 2026-08-22: $1.00 → 2026-08-24: (no price) → 2026-09-09: $1.00 → 2026-09-10: $1.00
Cables & Enablement Kits,Solid State Drives (NVMe/SAS/SATA),HPE OCA > OCA Solution > Cables & Enablement Kits > Solid State Drives (NVMe/SAS/SATA),Cable Kit,max 3,0,3,Selection constraint for Solid State Drives (NVMe/SAS/SATA): max 3,P78279-B21,Standard,HPE NS204i-u v2 480GB NVMe Hot Plug Boot Optimized Storage Device,0,"$9,199.00",,NA,,No,Available,,Not published by OCA,Active,12/02/2024,04/30/2029,"{""Extended Price (USD)"":""NA""}",UNCHANGED,"$9,199.00",$0.00,$0.00,2026-08-12: $9199.00 → 2026-08-13: $9199.00 → 2026-08-14: $9199.00 → 2026-08-16: $9199.00 → 2026-08-19: $9199.00 → 2026-08-22: $9199.00 → 2026-08-24: (no price) → 2026-09-09: $9199.00 → 2026-09-10: $9199.00
Cables & Enablement Kits,Solid State Drives (NVMe/SAS/SATA),HPE OCA > OCA Solution > Cables & Enablement Kits > Solid State Drives (NVMe/SAS/SATA),Cable Kit,max 3,0,3,Selection constraint for Solid State Drives (NVMe/SAS/SATA): max 3,P81162-B21,Standard,HPE NS204i-u v2 960GB NVMe SED Hot Plug Boot Optimized Storage Device,0,"$14,299.00",,NA,,No,Available,,Not published by OCA,Active,07/07/2025,04/30/2029,"{""Extended Price (USD)"":""NA""}",UNCHANGED,"$14,299.00",$0.00,$0.00,2026-08-12: $14299.00 → 2026-08-13: $14299.00 → 2026-08-14: $14299.00 → 2026-08-16: $14299.00 → 2026-08-19: $14299.00 → 2026-08-22: $14299.00 → 2026-08-24: (no price) → 2026-09-09: $14299.00 → 2026-09-10: $14299.00
Cables & Enablement Kits,Solid State Drives (NVMe/SAS/SATA),HPE OCA > OCA Solution > Cables & Enablement Kits > Solid State Drives (NVMe/SAS/SATA),Cable Kit,max 3,0,3,Selection constraint for Solid State Drives (NVMe/SAS/SATA): max 3,P74755-B21,Standard,HPE ProLiant Compute DL380 Gen12 NS204i-u Rear Mount Enablement Kit,0,$82.00,,NA,,No,Available,,Not published by OCA,Active,02/24/2025,06/30/2029,"{""Extended Price (USD)"":""NA""}",UNCHANGED,$82.00,$0.00,$0.00,2026-08-12: $82.00 → 2026-08-13: $82.00 → 2026-08-14: $82.00 → 2026-08-16: $82.00 → 2026-08-19: $82.00 → 2026-08-22: $82.00 → 2026-08-24: (no price) → 2026-09-09: $82.00 → 2026-09-10: $82.00
Cables & Enablement Kits,Solid State Drives (NVMe/SAS/SATA),HPE OCA > OCA Solution > Cables & Enablement Kits > Solid State Drives (NVMe/SAS/SATA),Cable Kit,max 3,0,3,Selection constraint for Solid State Drives (NVMe/SAS/SATA): max 3,P74759-B21,Standard,HPE ProLiant Compute Gen12 NS204i-u Front Enablement Kit,0,$108.00,,NA,,No,Available,,Not published by OCA,Active,02/24/2025,06/30/2029,"{""Extended Price (USD)"":""NA""}",UNCHANGED,$108.00,$0.00,$0.00,2026-08-12: $108.00 → 2026-08-13: $108.00 → 2026-08-14: $108.00 → 2026-08-16: $108.00 → 2026-08-19: $108.00 → 2026-08-22: $108.00 → 2026-08-24: (no price) → 2026-09-09: $108.00 → 2026-09-10: $108.00
Cables & Enablement Kits,Solid State Drives (NVMe/SAS/SATA),HPE OCA > OCA Solution > Cables & Enablement Kits > Solid State Drives (NVMe/SAS/SATA),Cable Kit,max 3,0,3,Selection constraint for Solid State Drives (NVMe/SAS/SATA): max 3,P77928-B21,Standard,HPE ProLiant Compute DL380 Gen12 NS204i-u Rear Access FIO Enablement Kit,0,$1.00,,NA,,No,Available,,Not published by OCA,Active,02/24/2025,02/28/2028,"{""Extended Price (USD)"":""NA""}",UNCHANGED,$1.00,$0.00,$0.00,2026-08-12: $1.00 → 2026-08-13: $1.00 → 2026-08-14: $1.00 → 2026-08-16: $1.00 → 2026-08-19: $1.00 → 2026-08-22: $1.00 → 2026-08-24: (no price) → 2026-09-09: $1.00 → 2026-09-10: $1.00
Cables & Enablement Kits,Solid State Drives (NVMe/SAS/SATA),HPE OCA > OCA Solution > Cables & Enablement Kits > Solid State Drives (NVMe/SAS/SATA),Cable Kit,max 3,0,3,Selection constraint for Solid State Drives (NVMe/SAS/SATA): max 3,P81160-B21,Standard,HPE NS204i-u v2 960GB NVMe Hot Plug Boot Optimized Storage Device,0,"$14,299.00",,NA,,No,Available,,Not published by OCA,Active,07/07/2025,04/30/2029,"{""Extended Price (USD)"":""NA""}",UNCHANGED,"$14,299.00",$0.00,$0.00,2026-08-12: $14299.00 → 2026-08-13: $14299.00 → 2026-08-14: $14299.00 → 2026-08-16: $14299.00 → 2026-08-19: $14299.00 → 2026-08-22: $14299.00 → 2026-08-24: (no price) → 2026-09-09: $14299.00 → 2026-09-10: $14299.00
Accessories & Infrastructure,Accessories & Infrastructure Options,HPE OCA > OCA Solution > Accessories & Infrastructure > Accessories & Infrastructure Options,Option Component,max 3,0,3,Selection constraint for Manufacturing Services: max 3,P60283-B21,Standard,HPE OEM ProLiant DL380 Gen11 Over Pack FIO Shipping Kit,0,$99.00,,NA,,No,Available,,Not published by OCA,Active,03/06/2023,11/30/2028,"{""Extended Price (USD)"":""NA""}",UNCHANGED,$99.00,$0.00,$0.00,2026-08-12: $99.00 → 2026-08-13: $99.00 → 2026-08-14: $99.00 → 2026-08-16: $99.00 → 2026-08-19: $99.00 → 2026-08-22: $99.00 → 2026-09-09: $99.00 → 2026-09-10: $99.00 (✕ REMOVED)
Accessories & Infrastructure,Accessories & Infrastructure Options,HPE OCA > OCA Solution > Accessories & Infrastructure > Accessories & Infrastructure Options,Chassis Infrastructure,max 3,0,3,Selection constraint for Manufacturing Services: max 3,P73325-B21,Standard,HPE ProLiant Compute Localization FIO Kit,1,$4.00,,$4.00,,No,Available,,Not published by OCA,Active,02/24/2025,02/28/2028,"{""Extended Price (USD)"":""4.00""}",UNCHANGED,$4.00,$0.00,$0.00,2026-08-12: $4.00 → 2026-08-13: $4.00 → 2026-08-14: $4.00 → 2026-08-16: $4.00 → 2026-08-19: $4.00 → 2026-08-22: $4.00 → 2026-09-09: $4.00 → 2026-09-10: $4.00 (✕ REMOVED)
Accessories & Infrastructure,Chassis Infrastructure & Rail Kits,HPE OCA > OCA Solution > Accessories & Infrastructure > Chassis Infrastructure & Rail Kits,Chassis Infrastructure,max 3,0,3,Selection constraint for Chassis Infrastructure & Rail Kits: max 3,P22020-B21,Standard,HPE DL38X Gen10 Plus 2U Cable Management Arm for Rail Kit,0,$89.00,,NA,,No,Available,,Not published by OCA,Active,12/23/2019,05/31/2028,"{""Extended Price (USD)"":""NA""}",UNCHANGED,$89.00,$0.00,$0.00,"$2,026.00"
Accessories & Infrastructure,Chassis Infrastructure & Rail Kits,HPE OCA > OCA Solution > Accessories & Infrastructure > Chassis Infrastructure & Rail Kits,Chassis Infrastructure,max 3,0,3,Selection constraint for Chassis Infrastructure & Rail Kits: max 3,P52341-B21,Standard,HPE ProLiant DL3XX Gen11 Easy Install Rail 3 Kit,1,$164.00,,$164.00,,No,Available,,Not published by OCA,Active,11/10/2022,05/31/2029,"{""Extended Price (USD)"":""164.00""}",UNCHANGED,$164.00,$0.00,$0.00,2026-08-12: $164.00 → 2026-08-13: $164.00 → 2026-08-14: $164.00 → 2026-08-16: $164.00 → 2026-08-19: $164.00 → 2026-08-22: $164.00 (✕ REMOVED) → 2026-09-09: $164.00 → 2026-09-10: $164.00
Accessories & Infrastructure,Chassis Infrastructure & Rail Kits,HPE OCA > OCA Solution > Accessories & Infrastructure > Chassis Infrastructure & Rail Kits,Chassis Infrastructure,max 3,0,3,Selection constraint for Chassis Infrastructure & Rail Kits: max 3,P70744-B21,Standard,HPE ProLiant Compute DL3XX Gen12 2U Cable Management Arm for Rail Kit,0,$172.00,,NA,,No,Available,,Not published by OCA,Active,02/24/2025,06/30/2028,"{""Extended Price (USD)"":""NA""}",UNCHANGED,$172.00,$0.00,$0.00,2026-08-12: $172.00 → 2026-08-13: $172.00 → 2026-08-14: $172.00 → 2026-08-16: $172.00 → 2026-08-19: $172.00 → 2026-08-22: $172.00 (✕ REMOVED) → 2026-09-09: $172.00 → 2026-09-10: $172.00
Accessories & Infrastructure,Chassis Infrastructure & Rail Kits,HPE OCA > OCA Solution > Accessories & Infrastructure > Chassis Infrastructure & Rail Kits,Chassis Infrastructure,max 3,0,3,Selection constraint for Chassis Infrastructure & Rail Kits: max 3,P74748-B21,Standard,HPE ProLiant Compute DL380 Gen12 System Insight Display Kit,0,$117.00,,NA,,No,Available,,Not published by OCA,Active,02/24/2025,06/30/2029,"{""Extended Price (USD)"":""NA""}",UNCHANGED,$117.00,$0.00,$0.00,2026-08-12: $117.00 → 2026-08-13: $117.00 → 2026-08-14: $117.00 → 2026-08-16: $117.00 → 2026-08-19: $117.00 → 2026-08-22: $117.00 (✕ REMOVED) → 2026-09-09: $117.00 → 2026-09-10: $117.00
Graphics & GPU,Graphics,HPE OCA > OCA Solution > Graphics & GPU > Graphics,GPU / Accelerator,max 5,0,5,Selection constraint for Graphics: max 5,S2L70C,Standard,NVIDIA L40S 48GB PCIe Accelerator,0,"$32,212.00",,NA,,No,Available,,Not published by OCA,Active,11/06/2023,04/30/2027,"{""Extended Price (USD)"":""NA""}",ADDED,N/A,"$32,212.00",$100.00,"$2,026.00"
Graphics & GPU,Graphics,HPE OCA > OCA Solution > Graphics & GPU > Graphics,GPU / Accelerator,max 5,0,5,Selection constraint for Graphics: max 5,S6W30C,Standard,NVIDIA RTX PRO 4500 Blackwell Server Edition 32GB PCIe Accelerator for HPE,0,"$18,882.00",,NA,,No,Available,,Not published by OCA,Active,03/16/2026,12/31/2028,"{""Extended Price (USD)"":""NA""}",ADDED,N/A,"$18,882.00",$100.00,"$2,026.00"
Graphics & GPU,Graphics,HPE OCA > OCA Solution > Graphics & GPU > Graphics,GPU / Accelerator,max 5,0,5,Selection constraint for Graphics: max 5,S0K89C,Standard,NVIDIA L4 24GB PCIe Accelerator for HPE,0,"$10,589.00",,NA,,No,Available,,Not published by OCA,Active,04/03/2023,04/30/2028,"{""Extended Price (USD)"":""NA""}",ADDED,N/A,"$10,589.00",$100.00,"$2,026.00"
Graphics & GPU,Graphics,HPE OCA > OCA Solution > Graphics & GPU > Graphics,GPU / Accelerator,max 5,0,5,Selection constraint for Graphics: max 5,S2D86C,Standard,NVIDIA H100 NVL 94GB PCIe Accelerator for HPE,0,"$112,579.00",,NA,,No,Obsolete (OB),,Not published by OCA,Obsolete (OB),03/04/2024,02/02/2026,"{""Extended Price (USD)"":""NA""}",ADDED,N/A,"$112,579.00",$100.00,"$2,026.00"
Graphics & GPU,Graphics,HPE OCA > OCA Solution > Graphics & GPU > Graphics,GPU / Accelerator,max 5,0,5,Selection constraint for Graphics: max 5,S5T74C,Standard,NVIDIA RTX A1000 8GB PCIe Accelerator for HPE,0,"$1,687.00",,NA,,No,Available,,Not published by OCA,Active,09/02/2025,05/31/2028,"{""Extended Price (USD)"":""NA""}",ADDED,N/A,"$1,687.00",$100.00,"$2,026.00"
Graphics & GPU,GPU Accelerators,HPE OCA > OCA Solution > Graphics & GPU > GPU Accelerators,GPU / Accelerator,Unlimited,0,Unlimited,RTX Pro 6000/ RTX Pro 6000D/ H200 NVL GPU and 30C Ambient Temperature cannot be selected together.,S3U30C,Standard,NVIDIA H200 NVL 141GB PCIe Accelerator for HPE,0,"$112,579.00",,NA,,No,Not published by OCA,,Not published by OCA,Active,02/03/2025,12/31/2027,"{""Extended Price (USD)"":""NA""}",ADDED,N/A,"$112,579.00",$100.00,"$2,026.00"
Graphics & GPU,GPU Accelerators,HPE OCA > OCA Solution > Graphics & GPU > GPU Accelerators,GPU / Accelerator,Unlimited,0,Unlimited,RTX Pro 6000/ RTX Pro 6000D/ H200 NVL GPU and 30C Ambient Temperature cannot be selected together.,S6A73C,Standard,NVIDIA RTX PRO 6000 Blackwell Server Edition 96GB PCIe Accelerator for HPE,0,"$57,002.00",,NA,,No,Not published by OCA,,Not published by OCA,Active,07/07/2025,12/31/2028,"{""Extended Price (USD)"":""NA""}",ADDED,N/A,"$57,002.00",$100.00,"$2,026.00"
Graphics & GPU,GPU Accelerators,HPE OCA > OCA Solution > Graphics & GPU > GPU Accelerators,GPU / Accelerator,Unlimited,0,Unlimited,RTX Pro 6000/ RTX Pro 6000D/ H200 NVL GPU and 30C Ambient Temperature cannot be selected together.,S6W21C,Standard,NVIDIA RTX PRO 6000D 84GB PCIe Accelerator for HPE,0,"$37,899.00",,NA,,No,Not published by OCA,,Not published by OCA,Active,03/02/2026,12/31/2028,"{""Extended Price (USD)"":""NA""}",ADDED,N/A,"$37,899.00",$100.00,"$2,026.00"
Graphics & GPU,NVIDIA GPU SW,HPE OCA > OCA Solution > Graphics & GPU > NVIDIA GPU SW,GPU / Accelerator,Unlimited,0,Unlimited,Private Product is not valid for current customer account,S7J51C,Standard,NVIDIA RTX Pro 5000 48GB Spl GPU,0,$0.00,,NA,,No,Not published by OCA,,Not published by OCA,Active,10/24/2025,05/31/2027,"{""Extended Price (USD)"":""NA""}",ADDED,N/A,$0.00,$0.00,2026-09-13: (no price)
Graphics & GPU,Graphics Accessories,HPE OCA > OCA Solution > Graphics & GPU > Graphics Accessories,Cable Kit,max 3,0,3,Selection constraint for Graphics Accessories: max 3,P56072-B21,Standard,HPE ProLiant Double Wide GPU Power Cable Kit,0,$84.00,,NA,,No,Available,,Not published by OCA,Active,06/05/2023,06/30/2029,"{""Extended Price (USD)"":""NA""}",UNCHANGED,$84.00,$0.00,$0.00,2026-08-12: $84.00 → 2026-08-13: $84.00 → 2026-08-14: $84.00 → 2026-08-16: $84.00 → 2026-08-19: $84.00 → 2026-08-22: $84.00 → 2026-08-24: (no price) → 2026-09-09: $84.00 → 2026-09-10: $84.00
Graphics & GPU,Graphics Accessories,HPE OCA > OCA Solution > Graphics & GPU > Graphics Accessories,Cable Kit,max 3,0,3,Selection constraint for Graphics Accessories: max 3,P77896-B21,Standard,HPE ProLiant 8-pin GPU Power Cable Kit,0,$115.00,,NA,,No,Available,,Not published by OCA,Active,01/06/2025,06/30/2029,"{""Extended Price (USD)"":""NA""}",UNCHANGED,$115.00,$0.00,$0.00,2026-08-12: $115.00 → 2026-08-13: $115.00 → 2026-08-14: $115.00 → 2026-08-16: $115.00 → 2026-08-19: $115.00 → 2026-08-22: $115.00 → 2026-08-24: (no price) → 2026-09-09: $115.00 → 2026-09-10: $115.00
Graphics & GPU,Graphics Accessories,HPE OCA > OCA Solution > Graphics & GPU > Graphics Accessories,Cable Kit,max 3,0,3,Selection constraint for Graphics Accessories: max 3,P93055-B21,Standard,HPE GPU 16-pin Power Cable Kit,0,$53.00,,NA,,No,Available,,Not published by OCA,Active,07/06/2026,06/30/2029,"{""Extended Price (USD)"":""NA""}",UNCHANGED,$53.00,$0.00,$0.00,2026-08-12: $53.00 → 2026-08-13: $53.00 → 2026-08-14: $53.00 → 2026-08-16: $53.00 → 2026-08-19: $53.00 → 2026-08-22: $53.00 → 2026-08-24: (no price) → 2026-09-09: $53.00 → 2026-09-10: $53.00
Power Supplies,Power Supplies,HPE OCA > OCA Solution > Power Supplies > Power Supplies,Power Supply,"min 1, max 2",1,2,Selection constraint for Power Supplies: max 2,P03178-B21,Standard,HPE 1000W Flex Slot Titanium Hot Plug Power Supply Kit,2,$926.00,,"$1,852.00",,No,Available,,Not published by OCA,Active,12/05/2022,06/30/2028,"{""Extended Price (USD)"":""1,852.00""}",UNCHANGED,$926.00,$0.00,$0.00,"$2,026.00"
Processor,Intel Xeon Scalable Processors,HPE OCA > OCA Solution > Processor > Intel Xeon Scalable Processors,Processor,"min 1, max 2",1,2,Mixing of Power supplies are not allowed.,P38995-B21,Standard,HPE 800W Flex Slot Platinum Hot Plug Low Halogen Power Supply Kit,0,$524.00,,NA,,No,Not published by OCA,,Not published by OCA,Active,02/01/2021,06/30/2029,"{""Extended Price (USD)"":""NA""}",UNCHANGED,$524.00,$0.00,$0.00,2026-08-12: $524.00 → 2026-08-13: $524.00 → 2026-08-14: $524.00 → 2026-08-16: $524.00 → 2026-08-19: $524.00 → 2026-08-22: $524.00 → 2026-08-24: (no price) → 2026-09-09: $524.00 → 2026-09-10: $524.00
Processor,Intel Xeon Scalable Processors,HPE OCA > OCA Solution > Processor > Intel Xeon Scalable Processors,Processor,"min 1, max 2",1,2,Mixing of Power supplies are not allowed.,P38997-B21,Standard,HPE 1600W Flex Slot Platinum Hot Plug Low Halogen Power Supply Kit,0,$890.00,,NA,,No,Not published by OCA,,Not published by OCA,Active,02/01/2021,06/30/2029,"{""Extended Price (USD)"":""NA""}",UNCHANGED,$890.00,$0.00,$0.00,2026-08-12: $890.00 → 2026-08-13: $890.00 → 2026-08-14: $890.00 → 2026-08-16: $890.00 → 2026-08-19: $890.00 → 2026-08-22: $890.00 → 2026-08-24: (no price) → 2026-09-09: $890.00 → 2026-09-10: $890.00
Processor,Intel Xeon Scalable Processors,HPE OCA > OCA Solution > Processor > Intel Xeon Scalable Processors,Processor,"min 1, max 2",1,2,Mixing of Power supplies are not allowed.,P44712-B21,Standard,HPE 1800W-2200W Flex Slot Titanium Hot Plug Power Supply Kit,0,"$1,588.00",,NA,,No,Not published by OCA,,Not published by OCA,Active,03/06/2023,11/30/2030,"{""Extended Price (USD)"":""NA""}",UNCHANGED,"$1,588.00",$0.00,$0.00,2026-08-12: $1588.00 → 2026-08-13: $1588.00 → 2026-08-14: $1588.00 → 2026-08-16: $1588.00 → 2026-08-19: $1588.00 → 2026-08-22: $1588.00 → 2026-08-24: (no price) → 2026-09-09: $1588.00 → 2026-09-10: $1588.00
Power Supplies,-48VDC Power Supplies & Cable Kits,HPE OCA > OCA Solution > Power Supplies > -48VDC Power Supplies & Cable Kits,Power Supply,"min 1, max 2",1,2,If AC Power Supply is selected then only AC Power Cords should be in the drop-down.,P17023-B21,Standard,HPE 1600W Flex Slot -48VDC Hot Plug Power Supply Kit,0,"$1,561.00",,NA,,No,Not published by OCA,,Not published by OCA,Active,12/07/2020,06/30/2028,"{""Extended Price (USD)"":""NA""}",UNCHANGED,"$1,561.00",$0.00,$0.00,2026-08-12: $1561.00 → 2026-08-13: $1561.00 → 2026-08-14: $1561.00 → 2026-08-16: $1561.00 → 2026-08-19: $1561.00 → 2026-08-22: $1561.00 → 2026-08-24: (no price) → 2026-09-09: $1561.00 → 2026-09-10: $1561.00
Cooling / Thermal,Power Cooling Options,HPE OCA > OCA Solution > Cooling / Thermal > Power Cooling Options,Cooling / Thermal,max 3,0,3,Selection constraint for Power Cooling Options: max 3,P48820-B21,Standard,HPE ProLiant DL380/DL560 Gen11 2U High Performance Fan Kit,1,$972.00,,$972.00,,No,Available,,Not published by OCA,Active,01/10/2023,06/30/2029,"{""Extended Price (USD)"":""972.00""}",UNCHANGED,$972.00,$0.00,$0.00,"$2,026.00"
Cooling / Thermal,Power Cooling Options,HPE OCA > OCA Solution > Cooling / Thermal > Power Cooling Options,Cooling / Thermal,max 3,0,3,Selection constraint for Power Cooling Options: max 3,P49146-B21,Standard,HPE ProLiant DL380 2U Standard Fan Kit,0,$115.00,,NA,,No,Available,,Not published by OCA,Active,01/10/2023,06/30/2029,"{""Extended Price (USD)"":""NA""}",UNCHANGED,$115.00,$0.00,$0.00,"$2,026.00"
Cooling / Thermal,Power Cooling Options,HPE OCA > OCA Solution > Cooling / Thermal > Power Cooling Options,Cooling / Thermal,max 3,0,3,Selection constraint for Power Cooling Options: max 3,P62038-B21,Standard,HPE ProLiant Compute Direct Liquid Cooling 0.65m Quick Disconnect Tube Set FIO Kit,0,"$1,200.00",,NA,,No,Available,,Not published by OCA,Active,04/03/2023,06/30/2029,"{""Extended Price (USD)"":""NA""}",UNCHANGED,"$1,200.00",$0.00,$0.00,"$2,026.00"
Cooling / Thermal,Power Cooling Options,HPE OCA > OCA Solution > Cooling / Thermal > Power Cooling Options,Cooling / Thermal,max 3,0,3,Selection constraint for Power Cooling Options: max 3,P62042-B21,Standard,HPE ProLiant DL3XX Gen11 Direct Liquid Cooling 55cm Quick Disconnect Tube Set FIO Kit,0,"$1,213.00",,NA,,No,Available,,Not published by OCA,Active,04/03/2023,06/30/2029,"{""Extended Price (USD)"":""NA""}",UNCHANGED,"$1,213.00",$0.00,$0.00,"$2,026.00"
Cooling / Thermal,Power Cooling Options,HPE OCA > OCA Solution > Cooling / Thermal > Power Cooling Options,Cable Kit,max 3,0,3,Selection constraint for Power Cooling Options: max 3,P81130-B21,Standard,HPE ProLiant Compute DL380 Gen12 Cooling Upgrade Enablement Kit,0,$559.00,,NA,,No,Available,,Not published by OCA,Active,08/04/2025,06/30/2029,"{""Extended Price (USD)"":""NA""}",UNCHANGED,$559.00,$0.00,$0.00,"$2,026.00"
Power Supplies,-48VDC Power Supplies & Cable Kits,HPE OCA > OCA Solution > Power Supplies > -48VDC Power Supplies & Cable Kits,Cable Kit,"min 1, max 2",1,2,HPE 1600W -48VDC Pwr Cbl Lug Kit(P36877-B21) Supported only with HPE 1600W FS -48VDC Ht Plg PS Kit (P17023-B21).,P36877-B21,Standard,HPE 1600W -48VDC Power Cable Lug Kit,0,$135.00,,NA,,No,Not published by OCA,,Not published by OCA,Active,12/07/2020,06/30/2029,"{""Extended Price (USD)"":""NA""}",UNCHANGED,$135.00,$0.00,$0.00,2026-08-12: $135.00 → 2026-08-13: $135.00 → 2026-08-14: $135.00 → 2026-08-16: $135.00 → 2026-08-19: $135.00 → 2026-08-22: $135.00 → 2026-08-24: (no price) → 2026-09-09: $135.00 → 2026-09-10: $135.00
Cables & Enablement Kits,Power Cords,HPE OCA > OCA Solution > Cables & Enablement Kits > Power Cords,Cable Kit,max 2,0,2,Selection constraint for Power Cords: max 2,P78145-B21,Standard,HPE C13 - C14 250V 10Amp 2m FIO Power Cord,2,$11.00,,$22.00,,No,Available,,Not published by OCA,Active,02/03/2025,07/31/2028,"{""Extended Price (USD)"":""22.00""}",UNCHANGED,$11.00,$0.00,$0.00,2026-08-12: $11.00 → 2026-08-13: $11.00 → 2026-08-14: $11.00 → 2026-08-16: $11.00 → 2026-08-19: $11.00 → 2026-08-22: $11.00 → 2026-08-24: $2.00 (▼) → 2026-09-09: $11.00 → 2026-09-10: $11.00
Cables & Enablement Kits,Power Cords & Jumper Cables,HPE OCA > OCA Solution > Cables & Enablement Kits > Power Cords & Jumper Cables,Cable Kit,max 1,0,1,Max quantity of product limited by space available.,AF556A,Standard,HPE C13 - Nema 5-15P US/CA 110V 10Amp 1.83m Power Cord,0,$55.00,,NA,,No,Not published by OCA,,Not published by OCA,Active,03/26/2007,09/30/2028,"{""Extended Price (USD)"":""NA""}",UNCHANGED,$55.00,$0.00,$0.00,"$2,026.00"
Cables & Enablement Kits,Power Cords & Jumper Cables,HPE OCA > OCA Solution > Cables & Enablement Kits > Power Cords & Jumper Cables,Cable Kit,max 1,0,1,Max quantity of product limited by space available.,AF557A,Standard,HPE C13 - GB-1002 CN 250V 10Amp 1.83m Power Cord,0,$156.00,,NA,,No,Not published by OCA,,Not published by OCA,Active,05/29/2006,10/31/2031,"{""Extended Price (USD)"":""NA""}",UNCHANGED,$156.00,$0.00,$0.00,"$2,026.00"
Cables & Enablement Kits,Power Cords & Jumper Cables,HPE OCA > OCA Solution > Cables & Enablement Kits > Power Cords & Jumper Cables,Cable Kit,max 1,0,1,Max quantity of product limited by space available.,AF568A,Standard,HPE C13 - CEE-VII EU 250V 10Amp 1.83m Power Cord,0,$71.00,,NA,,No,Not published by OCA,,Not published by OCA,Active,11/13/2006,10/31/2031,"{""Extended Price (USD)"":""NA""}",UNCHANGED,$71.00,$0.00,$0.00,"$2,026.00"
Cables & Enablement Kits,Power Cords & Jumper Cables,HPE OCA > OCA Solution > Cables & Enablement Kits > Power Cords & Jumper Cables,Cable Kit,max 1,0,1,Max quantity of product limited by space available.,AF570A,Standard,HPE C13 - BS-1363A UK/HK/SG 250V 10Amp 1.83m Power Cord,0,$55.00,,NA,,No,Not published by OCA,,Not published by OCA,Active,04/06/2011,09/30/2028,"{""Extended Price (USD)"":""NA""}",UNCHANGED,$55.00,$0.00,$0.00,"$2,026.00"
Cables & Enablement Kits,Power Cords & Jumper Cables,HPE OCA > OCA Solution > Cables & Enablement Kits > Power Cords & Jumper Cables,Cable Kit,max 1,0,1,Max quantity of product limited by space available.,AF573A,Standard,HPE C13 - C14 WW 250V 10Amp Flint Gray 2.0m Jumper Cord,0,$38.00,,NA,,No,Not published by OCA,,Not published by OCA,Active,07/09/2007,09/30/2031,"{""Extended Price (USD)"":""NA""}",UNCHANGED,$38.00,$0.00,$0.00,"$2,026.00"
Cables & Enablement Kits,Power Cords & Jumper Cables,HPE OCA > OCA Solution > Cables & Enablement Kits > Power Cords & Jumper Cables,Cable Kit,max 1,0,1,Max quantity of product limited by space available.,P78130-B21,Standard,HPE C13 - NEMA 5-15P 125V 10Amp 1.83m FIO Power Cord,0,$10.00,,NA,,No,Not published by OCA,,Not published by OCA,Active,02/03/2025,07/31/2028,"{""Extended Price (USD)"":""NA""}",UNCHANGED,$10.00,$0.00,$0.00,"$2,026.00"
Cables & Enablement Kits,Power Cords & Jumper Cables,HPE OCA > OCA Solution > Cables & Enablement Kits > Power Cords & Jumper Cables,Cable Kit,max 1,0,1,Max quantity of product limited by space available.,AF558A,Standard,HPE C13 - IRAM -2073 AR 250V 10A 2.5m Power Cord,0,$65.00,,NA,,No,Not published by OCA,,Not published by OCA,Active,05/29/2006,09/30/2028,"{""Extended Price (USD)"":""NA""}",UNCHANGED,$65.00,$0.00,$0.00,"$2,026.00"
Cables & Enablement Kits,Power Cords & Jumper Cables,HPE OCA > OCA Solution > Cables & Enablement Kits > Power Cords & Jumper Cables,Cable Kit,max 1,0,1,Max quantity of product limited by space available.,AF559A,Standard,HPE C13 - Nema 5-15P TH/PH 250V 10Amp 1.83m Power Cord,0,$55.00,,NA,,No,Not published by OCA,,Not published by OCA,Active,05/29/2006,09/30/2028,"{""Extended Price (USD)"":""NA""}",UNCHANGED,$55.00,$0.00,$0.00,"$2,026.00"
Cables & Enablement Kits,Power Cords & Jumper Cables,HPE OCA > OCA Solution > Cables & Enablement Kits > Power Cords & Jumper Cables,Cable Kit,max 1,0,1,Max quantity of product limited by space available.,AF560A,Standard,HPE C13 - KSC- 8305 KR 250V 10Amp 1.83m Power Cord,0,$55.00,,NA,,No,Not published by OCA,,Not published by OCA,Active,05/29/2006,09/30/2028,"{""Extended Price (USD)"":""NA""}",UNCHANGED,$55.00,$0.00,$0.00,"$2,026.00"
Cables & Enablement Kits,Power Cords & Jumper Cables,HPE OCA > OCA Solution > Cables & Enablement Kits > Power Cords & Jumper Cables,Cable Kit,max 1,0,1,Max quantity of product limited by space available.,AF561A,Standard,HPE C13 - CNS-690 TW 110V 13Amp 1.83m Power Cord,0,$55.00,,NA,,No,Not published by OCA,,Not published by OCA,Active,05/29/2006,09/30/2028,"{""Extended Price (USD)"":""NA""}",UNCHANGED,$55.00,$0.00,$0.00,"$2,026.00"
Cables & Enablement Kits,Power Cords & Jumper Cables,HPE OCA > OCA Solution > Cables & Enablement Kits > Power Cords & Jumper Cables,Cable Kit,max 1,0,1,Max quantity of product limited by space available.,AF562A,Standard,HPE C13 - IS-1293 IN 240V 6Amp LV 2.0m Power Cord,0,$194.00,,NA,,No,Not published by OCA,,Not published by OCA,Active,05/29/2006,10/31/2031,"{""Extended Price (USD)"":""NA""}",UNCHANGED,$194.00,$0.00,$0.00,"$2,026.00"
Cables & Enablement Kits,Power Cords & Jumper Cables,HPE OCA > OCA Solution > Cables & Enablement Kits > Power Cords & Jumper Cables,Cable Kit,max 1,0,1,Max quantity of product limited by space available.,AF564A,Standard,HPE C13 - SI-32 IL 250V 10Amp 1.83m Power Cord,0,$55.00,,NA,,No,Not published by OCA,,Not published by OCA,Active,12/15/2006,09/30/2028,"{""Extended Price (USD)"":""NA""}",UNCHANGED,$55.00,$0.00,$0.00,"$2,026.00"
Cables & Enablement Kits,Power Cords & Jumper Cables,HPE OCA > OCA Solution > Cables & Enablement Kits > Power Cords & Jumper Cables,Cable Kit,max 1,0,1,Max quantity of product limited by space available.,AF565A,Standard,HPE C13 - SEV 1011 CH 250V 10Amp 1.83m Power Cord,0,$55.00,,NA,,No,Not published by OCA,,Not published by OCA,Active,12/15/2006,09/30/2028,"{""Extended Price (USD)"":""NA""}",UNCHANGED,$55.00,$0.00,$0.00,"$2,026.00"
Cables & Enablement Kits,Power Cords & Jumper Cables,HPE OCA > OCA Solution > Cables & Enablement Kits > Power Cords & Jumper Cables,Cable Kit,max 1,0,1,Max quantity of product limited by space available.,AF566A,Standard,HPE C13 - DK-2.5A DK 250V 10Amp 1.83m Power Cord,0,$55.00,,NA,,No,Not published by OCA,,Not published by OCA,Active,11/13/2006,09/30/2028,"{""Extended Price (USD)"":""NA""}",UNCHANGED,$55.00,$0.00,$0.00,"$2,026.00"
Cables & Enablement Kits,Power Cords & Jumper Cables,HPE OCA > OCA Solution > Cables & Enablement Kits > Power Cords & Jumper Cables,Cable Kit,max 1,0,1,Max quantity of product limited by space available.,AF567A,Standard,HPE C13 - SABS-164 ZA 250V 10Amp 2.5m Power Cord,0,$65.00,,NA,,No,Not published by OCA,,Not published by OCA,Active,11/13/2006,09/30/2028,"{""Extended Price (USD)"":""NA""}",UNCHANGED,$65.00,$0.00,$0.00,"$2,026.00"
Cables & Enablement Kits,Power Cords & Jumper Cables,HPE OCA > OCA Solution > Cables & Enablement Kits > Power Cords & Jumper Cables,Cable Kit,max 1,0,1,Max quantity of product limited by space available.,AF569A,Standard,HPE C13 - AS3112-3 AU 250V 10Amp 2.5m Power Cord,0,$65.00,,NA,,No,Not published by OCA,,Not published by OCA,Active,11/13/2006,09/30/2028,"{""Extended Price (USD)"":""NA""}",UNCHANGED,$65.00,$0.00,$0.00,"$2,026.00"
Cables & Enablement Kits,Power Cords & Jumper Cables,HPE OCA > OCA Solution > Cables & Enablement Kits > Power Cords & Jumper Cables,Cable Kit,max 1,0,1,Max quantity of product limited by space available.,AF572A,Standard,HPE C13 - JIS C8303 JP 100V 12Amp 2.0m Power Cord,0,$60.00,,NA,,No,Not published by OCA,,Not published by OCA,Active,04/06/2011,09/30/2028,"{""Extended Price (USD)"":""NA""}",UNCHANGED,$60.00,$0.00,$0.00,"$2,026.00"
Cables & Enablement Kits,Power Cords & Jumper Cables,HPE OCA > OCA Solution > Cables & Enablement Kits > Power Cords & Jumper Cables,Cable Kit,max 1,0,1,Max quantity of product limited by space available.,AF591A,Standard,HPE C13 - NBR-14136 BR 250V 10Amp 1.83m Power Cord,0,$49.00,,NA,,No,Not published by OCA,,Not published by OCA,Active,07/14/2008,10/31/2031,"{""Extended Price (USD)"":""NA""}",UNCHANGED,$49.00,$0.00,$0.00,"$2,026.00"
Cables & Enablement Kits,Power Cords & Jumper Cables,HPE OCA > OCA Solution > Cables & Enablement Kits > Power Cords & Jumper Cables,Cable Kit,max 1,0,1,Max quantity of product limited by space available.,P78131-B21,Standard,HPE C13 - GB1002 250V 10Amp 1.83m FIO Power Cord,0,$10.00,,NA,,No,Not published by OCA,,Not published by OCA,Active,02/03/2025,07/31/2028,"{""Extended Price (USD)"":""NA""}",UNCHANGED,$10.00,$0.00,$0.00,"$2,026.00"
Cables & Enablement Kits,Power Cords & Jumper Cables,HPE OCA > OCA Solution > Cables & Enablement Kits > Power Cords & Jumper Cables,Cable Kit,max 1,0,1,Max quantity of product limited by space available.,P78144-B21,Standard,HPE C13 - JIS C8303 100V 12Amp 2m FIO Power Cord,0,$46.00,,NA,,No,Not published by OCA,,Not published by OCA,Active,02/03/2025,07/31/2028,"{""Extended Price (USD)"":""NA""}",UNCHANGED,$46.00,$0.00,$0.00,"$2,026.00"
Cables & Enablement Kits,Power Cords & Jumper Cables,HPE OCA > OCA Solution > Cables & Enablement Kits > Power Cords & Jumper Cables,Cable Kit,max 1,0,1,Max quantity of product limited by space available.,P78147-B21,Standard,HPE C13 - C14 250V 10Amp 2m IN FIO Power Cord,0,$77.00,,NA,,No,Not published by OCA,,Not published by OCA,Active,02/03/2025,07/31/2028,"{""Extended Price (USD)"":""NA""}",UNCHANGED,$77.00,$0.00,$0.00,"$2,026.00"
Cables & Enablement Kits,Power Cords & Jumper Cables,HPE OCA > OCA Solution > Cables & Enablement Kits > Power Cords & Jumper Cables,Cable Kit,max 1,0,1,Max quantity of product limited by space available.,P78156-B21,Standard,HPE C13 - C14 250V 10Amp 3m FIO Power Cord,0,$14.00,,NA,,No,Not published by OCA,,Not published by OCA,Active,02/03/2025,07/31/2028,"{""Extended Price (USD)"":""NA""}",UNCHANGED,$14.00,$0.00,$0.00,"$2,026.00"
Cables & Enablement Kits,Power Cords & Jumper Cables,HPE OCA > OCA Solution > Cables & Enablement Kits > Power Cords & Jumper Cables,Cable Kit,max 1,0,1,Max quantity of product limited by space available.,P78940-B21,Standard,HPE C13 - C14 250V 10Amp 3m IN FIO Power Cord,0,$130.00,,NA,,No,Not published by OCA,,Not published by OCA,Active,02/03/2025,07/31/2028,"{""Extended Price (USD)"":""NA""}",UNCHANGED,$130.00,$0.00,$0.00,"$2,026.00"
Cables & Enablement Kits,Power Cords & Jumper Cables,HPE OCA > OCA Solution > Cables & Enablement Kits > Power Cords & Jumper Cables,Cable Kit,max 1,0,1,Max quantity of product limited by space available.,P78941-B21,Standard,HPE C13 - C14 250V 10Amp 0.7m IN FIO Power Cord,0,$110.00,,NA,,No,Not published by OCA,,Not published by OCA,Active,02/03/2025,07/31/2028,"{""Extended Price (USD)"":""NA""}",UNCHANGED,$110.00,$0.00,$0.00,"$2,026.00"
Cables & Enablement Kits,Power Cords & Jumper Cables,HPE OCA > OCA Solution > Cables & Enablement Kits > Power Cords & Jumper Cables,Cable Kit,max 1,0,1,Max quantity of product limited by space available.,R1C65A,Standard,HPE C13-C14 IN 250V 10Amp 2m Black Jumper Cord,0,$119.00,,NA,,No,Not published by OCA,,Not published by OCA,Active,12/03/2018,10/31/2031,"{""Extended Price (USD)"":""NA""}",ADDED,N/A,$119.00,$100.00,"$2,026.00"
Power Supplies,-48VDC Power Supplies & Cable Kits,HPE OCA > OCA Solution > Power Supplies > -48VDC Power Supplies & Cable Kits,Cable Kit,"min 1, max 2",1,2,If AC Power Supply is selected then only AC Power Cords should be in the drop-down.,P22173-B21,Standard,HPE 1600W -48VDC 600V 3.5m Power Cable Kit,0,$818.00,,NA,,No,Not published by OCA,,Not published by OCA,Active,12/07/2020,06/30/2028,"{""Extended Price (USD)"":""NA""}",UNCHANGED,$818.00,$0.00,$0.00,"$2,026.00"
Cables & Enablement Kits,Power Cords & Jumper Cables,HPE OCA > OCA Solution > Cables & Enablement Kits > Power Cords & Jumper Cables,Cable Kit,max 1,0,1,BTO products are not allowed in CTO Base Model.,A0K02A,Standard,HPE C13 - C14 WW 250V 10Amp 2.0m Jumper Cord,0,$34.00,,NA,,No,Not published by OCA,,Not published by OCA,Active,08/30/2011,09/30/2031,"{""Extended Price (USD)"":""NA""}",UNCHANGED,$34.00,$0.00,$0.00,"$2,026.00"
Cables & Enablement Kits,Power Cords & Jumper Cables,HPE OCA > OCA Solution > Cables & Enablement Kits > Power Cords & Jumper Cables,Cable Kit,max 1,0,1,BTO products are not allowed in CTO Base Model.,A0N33A,Standard,HPE C13-NEMA 6-15P 10A/250V 3.6m Black Power Cord,0,$78.00,,NA,,No,Not published by OCA,,Not published by OCA,Active,08/30/2011,09/30/2031,"{""Extended Price (USD)"":""NA""}",UNCHANGED,$78.00,$0.00,$0.00,"$2,026.00"
Software & Licenses,Proliant Software Media Kits,HPE OCA > OCA Solution > Software & Licenses > Proliant Software Media Kits,Operating System / License,Unlimited,0,Unlimited,Not Supported ProStack Server Software,S7J52A,Standard,HPE Morpheus VM Essentials Software for ProLiant Compute Gen12 FIO SW,0,$1.00,,NA,,No,Not published by OCA,,Not published by OCA,Active,04/06/2026,05/31/2031,"{""Extended Price (USD)"":""NA""}",ADDED,N/A,$1.00,$100.00,"$2,026.00"
Accessories & Infrastructure,Accessories & Infrastructure Options,HPE OCA > OCA Solution > Accessories & Infrastructure > Accessories & Infrastructure Options,Option Component,Unlimited,0,Unlimited,Selection constraint for HPC Software Products: no max,Q9V62A,Standard,HPE Performance Cluster Manager Media Kit,0,$49.00,,NA,,No,Obsolete (OB),,Not published by OCA,Obsolete (OB),06/04/2018,05/30/2026,"{""Extended Price (USD)"":""NA""}",ATTRIBUTE_CHANGED,$49.00,$0.00,$0.00,"$2,026.00"
Software & Licenses,HPC Software Products,HPE OCA > OCA Solution > Software & Licenses > HPC Software Products,Service & Support,Unlimited,0,Unlimited,Selection constraint for HPC Software Products: no max,Q2A48A,Standard,HPE Performance Message Passing Interface for 1 Socket 3yr Support LTU,0,$249.00,,NA,,No,Available,,Not published by OCA,Active,07/07/2017,07/31/2027,"{""Extended Price (USD)"":""NA""}",UNCHANGED,$249.00,$0.00,$0.00,"$2,026.00"
Software & Licenses,HPC Software Products,HPE OCA > OCA Solution > Software & Licenses > HPC Software Products,Operating System / License,Unlimited,0,Unlimited,Selection constraint for HPC Software Products: no max,Q9V61A,Standard,HPE Performance Cluster Manager FIO Software,0,$1.00,,NA,,No,Available,,Not published by OCA,Active,06/04/2018,01/31/2027,"{""Extended Price (USD)"":""NA""}",UNCHANGED,$1.00,$0.00,$0.00,"$2,026.00"
Software & Licenses,HPC Software Products,HPE OCA > OCA Solution > Software & Licenses > HPC Software Products,Service & Support,Unlimited,0,Unlimited,Selection constraint for HPC Software Products: no max,S2M19A,Standard,Intel oneAPI Base and HPC Premium Support Maximum 63 Nodes up to 10 Developers 1-year LTU,0,"$23,466.00",,NA,,No,Obsolete (OB),,Not published by OCA,Obsolete (OB),10/02/2023,06/26/2025,"{""Extended Price (USD)"":""NA""}",ADDED,N/A,"$23,466.00",$100.00,"$2,026.00"
Software & Licenses,HPC Software Products,HPE OCA > OCA Solution > Software & Licenses > HPC Software Products,Service & Support,Unlimited,0,Unlimited,Selection constraint for HPC Software Products: no max,S2M21A,Standard,Intel oneAPI Base and HPC Premium Support Maximum 63 Nodes up to 25 Developers 1-year LTU,0,"$46,916.00",,NA,,No,Obsolete (OB),,Not published by OCA,Obsolete (OB),10/02/2023,06/25/2025,"{""Extended Price (USD)"":""NA""}",ADDED,N/A,"$46,916.00",$100.00,"$2,026.00"
Software & Licenses,HPC Software Products,HPE OCA > OCA Solution > Software & Licenses > HPC Software Products,Service & Support,Unlimited,0,Unlimited,Selection constraint for HPC Software Products: no max,S2M23A,Standard,Intel oneAPI Base and HPC Premium Support Maximum 63 Nodes up to 50 Developers 1-year LTU,0,"$70,366.00",,NA,,No,Obsolete (OB),,Not published by OCA,Obsolete (OB),10/02/2023,06/25/2025,"{""Extended Price (USD)"":""NA""}",ADDED,N/A,"$70,366.00",$100.00,"$2,026.00"
Software & Licenses,HPC Software Products,HPE OCA > OCA Solution > Software & Licenses > HPC Software Products,Service & Support,Unlimited,0,Unlimited,Selection constraint for HPC Software Products: no max,S2M25A,Standard,Intel oneAPI Base and HPC Premium Support Maximum 63 Nodes up to 10 Developers 3-year LTU,0,"$39,921.00",,NA,,No,Obsolete (OB),,Not published by OCA,Obsolete (OB),10/02/2023,06/26/2025,"{""Extended Price (USD)"":""NA""}",ADDED,N/A,"$39,921.00",$100.00,"$2,026.00"
Software & Licenses,HPC Software Products,HPE OCA > OCA Solution > Software & Licenses > HPC Software Products,Service & Support,Unlimited,0,Unlimited,Selection constraint for HPC Software Products: no max,S2M27A,Standard,Intel oneAPI Base and HPC Premium Support Maximum 63 Nodes up to 25 Developers 3-year LTU,0,"$79,746.00",,NA,,No,Obsolete (OB),,Not published by OCA,Obsolete (OB),10/02/2023,06/26/2025,"{""Extended Price (USD)"":""NA""}",ADDED,N/A,"$79,746.00",$100.00,"$2,026.00"
Software & Licenses,HPC Software Products,HPE OCA > OCA Solution > Software & Licenses > HPC Software Products,Service & Support,Unlimited,0,Unlimited,Selection constraint for HPC Software Products: no max,S2M29A,Standard,Intel oneAPI Base and HPC Premium Support Maximum 63 Nodes up to 50 Developers 3-year LTU,0,"$119,571.00",,NA,,No,Obsolete (OB),,Not published by OCA,Obsolete (OB),10/02/2023,06/25/2025,"{""Extended Price (USD)"":""NA""}",ADDED,N/A,"$119,571.00",$100.00,"$2,026.00"
Software & Licenses,HPC Software Products,HPE OCA > OCA Solution > Software & Licenses > HPC Software Products,Service & Support,Unlimited,0,Unlimited,Selection constraint for HPC Software Products: no max,S2M31A,Standard,Intel oneAPI Base and HPC Support Max 63 Nodes up to 10 Developers 1yr Renewal Pre-expiration LTU,0,"$14,884.00",,NA,,No,Obsolete (OB),,Not published by OCA,Obsolete (OB),10/02/2023,06/26/2025,"{""Extended Price (USD)"":""NA""}",ADDED,N/A,"$14,884.00",$100.00,"$2,026.00"
Software & Licenses,HPC Software Products,HPE OCA > OCA Solution > Software & Licenses > HPC Software Products,Service & Support,Unlimited,0,Unlimited,Selection constraint for HPC Software Products: no max,S2M32A,Standard,Intel oneAPI Base and HPC Support Max 63 Nodes up to 10 Developers 1yr Renewal Post-expiration LTU,0,"$29,615.00",,NA,,No,Obsolete (OB),,Not published by OCA,Obsolete (OB),10/02/2023,06/26/2025,"{""Extended Price (USD)"":""NA""}",ADDED,N/A,"$29,615.00",$100.00,"$2,026.00"
Software & Licenses,HPC Software Products,HPE OCA > OCA Solution > Software & Licenses > HPC Software Products,Service & Support,Unlimited,0,Unlimited,Selection constraint for HPC Software Products: no max,S2M33A,Standard,Intel oneAPI Base and HPC Support Max 63 Nodes up to 25 Developers 1yr Renewal Pre-expiration LTU,0,"$29,615.00",,NA,,No,Obsolete (OB),,Not published by OCA,Obsolete (OB),10/02/2023,06/26/2025,"{""Extended Price (USD)"":""NA""}",ADDED,N/A,"$29,615.00",$100.00,"$2,026.00"
Software & Licenses,HPC Software Products,HPE OCA > OCA Solution > Software & Licenses > HPC Software Products,Service & Support,Unlimited,0,Unlimited,Selection constraint for HPC Software Products: no max,S2M34A,Standard,Intel oneAPI Base and HPC Support Max 63 Nodes up to 25 Developers 1yr Renewal Post-expiration LTU,0,"$59,072.00",,NA,,No,Obsolete (OB),,Not published by OCA,Obsolete (OB),10/02/2023,06/25/2025,"{""Extended Price (USD)"":""NA""}",ADDED,N/A,"$59,072.00",$100.00,"$2,026.00"
Software & Licenses,HPC Software Products,HPE OCA > OCA Solution > Software & Licenses > HPC Software Products,Service & Support,Unlimited,0,Unlimited,Selection constraint for HPC Software Products: no max,S2M35A,Standard,Intel oneAPI Base and HPC Support Max 63 Nodes up to 50 Developers 1yr Renewal Pre-expiration LTU,0,"$44,343.00",,NA,,No,Obsolete (OB),,Not published by OCA,Obsolete (OB),10/02/2023,06/25/2025,"{""Extended Price (USD)"":""NA""}",ADDED,N/A,"$44,343.00",$100.00,"$2,026.00"
Software & Licenses,HPC Software Products,HPE OCA > OCA Solution > Software & Licenses > HPC Software Products,Service & Support,Unlimited,0,Unlimited,Selection constraint for HPC Software Products: no max,S2M36A,Standard,Intel oneAPI Base and HPC Support Max 63 Nodes up to 50 Developers 1yr Renewal Post-expiration LTU,0,"$88,674.00",,NA,,No,Obsolete (OB),,Not published by OCA,Obsolete (OB),10/02/2023,06/25/2025,"{""Extended Price (USD)"":""NA""}",ADDED,N/A,"$88,674.00",$100.00,"$2,026.00"
Software & Licenses,HPC Software Products,HPE OCA > OCA Solution > Software & Licenses > HPC Software Products,Service & Support,Unlimited,0,Unlimited,Selection constraint for HPC Software Products: no max,S2M37A,Standard,Intel oneAPI Base and HPC Premium Support 64-256 Nodes 1-year LTU,0,"$119,609.00",,NA,,No,Obsolete (OB),,Not published by OCA,Obsolete (OB),10/02/2023,06/25/2025,"{""Extended Price (USD)"":""NA""}",ADDED,N/A,"$119,609.00",$100.00,"$2,026.00"
Software & Licenses,HPC Software Products,HPE OCA > OCA Solution > Software & Licenses > HPC Software Products,Service & Support,Unlimited,0,Unlimited,Selection constraint for HPC Software Products: no max,S2M39A,Standard,Intel oneAPI Base and HPC Premium Support 64-256 Nodes 3-year LTU,0,"$203,256.00",,NA,,No,Obsolete (OB),,Not published by OCA,Obsolete (OB),10/02/2023,06/25/2025,"{""Extended Price (USD)"":""NA""}",ADDED,N/A,"$203,256.00",$100.00,"$2,026.00"
Software & Licenses,HPC Software Products,HPE OCA > OCA Solution > Software & Licenses > HPC Software Products,Service & Support,Unlimited,0,Unlimited,Selection constraint for HPC Software Products: no max,S2M41A,Standard,Intel oneAPI Base and HPC Premium Support 64-256 Nodes 4-year LTU,0,"$243,905.00",,NA,,No,Obsolete (OB),,Not published by OCA,Obsolete (OB),10/02/2023,06/25/2025,"{""Extended Price (USD)"":""NA""}",ADDED,N/A,"$243,905.00",$100.00,"$2,026.00"
Software & Licenses,HPC Software Products,HPE OCA > OCA Solution > Software & Licenses > HPC Software Products,Service & Support,Unlimited,0,Unlimited,Selection constraint for HPC Software Products: no max,S2M43A,Standard,Intel oneAPI Base and HPC Premium Support 64-256 Nodes 5-year LTU,0,"$264,229.00",,NA,,No,Obsolete (OB),,Not published by OCA,Obsolete (OB),10/02/2023,06/25/2025,"{""Extended Price (USD)"":""NA""}",ADDED,N/A,"$264,229.00",$100.00,"$2,026.00"
Software & Licenses,HPC Software Products,HPE OCA > OCA Solution > Software & Licenses > HPC Software Products,Service & Support,Unlimited,0,Unlimited,Selection constraint for HPC Software Products: no max,S2M45A,Standard,Intel oneAPI Base and HPC Premium Support 257-512 Nodes 1-year LTU,0,"$158,299.00",,NA,,No,Obsolete (OB),,Not published by OCA,Obsolete (OB),10/02/2023,06/26/2025,"{""Extended Price (USD)"":""NA""}",ADDED,N/A,"$158,299.00",$100.00,"$2,026.00"
Software & Licenses,HPC Software Products,HPE OCA > OCA Solution > Software & Licenses > HPC Software Products,Service & Support,Unlimited,0,Unlimited,Selection constraint for HPC Software Products: no max,S2M47A,Standard,Intel oneAPI Base and HPC Premium Support 257-512 Nodes 3-year LTU,0,"$269,011.00",,NA,,No,Obsolete (OB),,Not published by OCA,Obsolete (OB),10/02/2023,06/25/2025,"{""Extended Price (USD)"":""NA""}",ADDED,N/A,"$269,011.00",$100.00,"$2,026.00"
Software & Licenses,HPC Software Products,HPE OCA > OCA Solution > Software & Licenses > HPC Software Products,Service & Support,Unlimited,0,Unlimited,Selection constraint for HPC Software Products: no max,S2M49A,Standard,Intel oneAPI Base and HPC Premium Support 257-512 Nodes 4-year LTU,0,"$322,811.00",,NA,,No,Obsolete (OB),,Not published by OCA,Obsolete (OB),10/02/2023,06/25/2025,"{""Extended Price (USD)"":""NA""}",ADDED,N/A,"$322,811.00",$100.00,"$2,026.00"
Software & Licenses,HPC Software Products,HPE OCA > OCA Solution > Software & Licenses > HPC Software Products,Service & Support,Unlimited,0,Unlimited,Selection constraint for HPC Software Products: no max,S2M51A,Standard,Intel oneAPI Base and HPC Premium Support 257-512 Nodes 5-year LTU,0,"$349,711.00",,NA,,No,Obsolete (OB),,Not published by OCA,Obsolete (OB),10/02/2023,06/25/2025,"{""Extended Price (USD)"":""NA""}",ADDED,N/A,"$349,711.00",$100.00,"$2,026.00"
Software & Licenses,HPC Software Products,HPE OCA > OCA Solution > Software & Licenses > HPC Software Products,Service & Support,Unlimited,0,Unlimited,Selection constraint for HPC Software Products: no max,S2M53A,Standard,Intel oneAPI Base and HPC Premium Support 512+ Nodes 1-year LTU,0,"$246,235.00",,NA,,No,Obsolete (OB),,Not published by OCA,Obsolete (OB),10/02/2023,06/26/2025,"{""Extended Price (USD)"":""NA""}",ADDED,N/A,"$246,235.00",$100.00,"$2,026.00"
Software & Licenses,HPC Software Products,HPE OCA > OCA Solution > Software & Licenses > HPC Software Products,Service & Support,Unlimited,0,Unlimited,Selection constraint for HPC Software Products: no max,S2M55A,Standard,Intel oneAPI Base and HPC Premium Support 512+ Nodes 3-year LTU,0,"$418,455.00",,NA,,No,Obsolete (OB),,Not published by OCA,Obsolete (OB),10/02/2023,06/25/2025,"{""Extended Price (USD)"":""NA""}",ADDED,N/A,"$418,455.00",$100.00,"$2,026.00"
Software & Licenses,HPC Software Products,HPE OCA > OCA Solution > Software & Licenses > HPC Software Products,Service & Support,Unlimited,0,Unlimited,Selection constraint for HPC Software Products: no max,S2M57A,Standard,Intel oneAPI Base and HPC Premium Support 512+ Nodes 4-year LTU,0,"$502,140.00",,NA,,No,Obsolete (OB),,Not published by OCA,Obsolete (OB),10/02/2023,06/25/2025,"{""Extended Price (USD)"":""NA""}",ADDED,N/A,"$502,140.00",$100.00,"$2,026.00"
Software & Licenses,HPC Software Products,HPE OCA > OCA Solution > Software & Licenses > HPC Software Products,Service & Support,Unlimited,0,Unlimited,Selection constraint for HPC Software Products: no max,S2M59A,Standard,Intel oneAPI Base and HPC Premium Support 512+ Nodes 5-year LTU,0,"$543,984.00",,NA,,No,Obsolete (OB),,Not published by OCA,Obsolete (OB),10/02/2023,06/25/2025,"{""Extended Price (USD)"":""NA""}",ADDED,N/A,"$543,984.00",$100.00,"$2,026.00"
Software & Licenses,HPC Software Products,HPE OCA > OCA Solution > Software & Licenses > HPC Software Products,Service & Support,Unlimited,0,Unlimited,Selection constraint for HPC Software Products: no max,S2M61A,Standard,Intel oneAPI Base and HPC Support 64-256 Nodes 1-year Renewal Pre-expiration LTU,0,"$79,803.00",,NA,,No,Obsolete (OB),,Not published by OCA,Obsolete (OB),10/02/2023,06/25/2025,"{""Extended Price (USD)"":""NA""}",ADDED,N/A,"$79,803.00",$100.00,"$2,026.00"
Software & Licenses,HPC Software Products,HPE OCA > OCA Solution > Software & Licenses > HPC Software Products,Service & Support,Unlimited,0,Unlimited,Selection constraint for HPC Software Products: no max,S2M62A,Standard,Intel oneAPI Base and HPC Support 257-512 Nodes 1-year Renewal Pre-expiration LTU,0,"$104,184.00",,NA,,No,Obsolete (OB),,Not published by OCA,Obsolete (OB),10/02/2023,06/25/2025,"{""Extended Price (USD)"":""NA""}",ADDED,N/A,"$104,184.00",$100.00,"$2,026.00"
Software & Licenses,HPC Software Products,HPE OCA > OCA Solution > Software & Licenses > HPC Software Products,Service & Support,Unlimited,0,Unlimited,Selection constraint for HPC Software Products: no max,S2M63A,Standard,Intel oneAPI Base and HPC Support 512+ Nodes 1-year Renewal Pre-expiration LTU,0,"$159,593.00",,NA,,No,Obsolete (OB),,Not published by OCA,Obsolete (OB),10/02/2023,06/25/2025,"{""Extended Price (USD)"":""NA""}",ADDED,N/A,"$159,593.00",$100.00,"$2,026.00"
Software & Licenses,High Availability Computing - Cluster Software,HPE OCA > OCA Solution > Software & Licenses > High Availability Computing - Cluster Software,Service & Support,Unlimited,0,Unlimited,Selection constraint for High Availability Computing - Cluster Software: no max,R8V48A,Standard,HPE Serviceguard for Linux x86 Flex Storage Add-On Media,0,$50.00,,NA,,No,Obsolete (OB),,Not published by OCA,Obsolete (OB),10/04/2021,04/01/2025,"{""Extended Price (USD)"":""NA""}",ADDED,N/A,$50.00,$100.00,"$2,026.00"
Software & Licenses,Partner Software - Operating System,HPE OCA > OCA Solution > Software & Licenses > Partner Software - Operating System,Operating System / License,Unlimited,0,Unlimited,Selection constraint for Partner Software - Operating System: no max,R1P40A,Standard,Red Hat Enterprise Linux for HPC Compute Node 1yr Subscription Flexible LTU,0,$87.00,,NA,,No,Available,,Not published by OCA,Active,12/03/2018,09/30/2028,"{""Extended Price (USD)"":""NA""}",ADDED,N/A,$87.00,$100.00,"$2,026.00"
Software & Licenses,Partner Software - Operating System,HPE OCA > OCA Solution > Software & Licenses > Partner Software - Operating System,Operating System / License,Unlimited,0,Unlimited,Selection constraint for Partner Software - Operating System: no max,R1P41A,Standard,Red Hat Enterprise Linux for HPC Compute Node 3yr Subscription Flexible LTU,0,$248.00,,NA,,No,Available,,Not published by OCA,Active,12/03/2018,09/30/2028,"{""Extended Price (USD)"":""NA""}",ADDED,N/A,$248.00,$100.00,"$2,026.00"
Software & Licenses,Partner Software - Operating System,HPE OCA > OCA Solution > Software & Licenses > Partner Software - Operating System,Operating System / License,Unlimited,0,Unlimited,Selection constraint for Partner Software - Operating System: no max,R1P42A,Standard,Red Hat Enterprise Linux for HPC Compute Node 5yr Subscription Flexible LTU,0,$413.00,,NA,,No,Available,,Not published by OCA,Active,12/03/2018,09/30/2028,"{""Extended Price (USD)"":""NA""}",ADDED,N/A,$413.00,$100.00,"$2,026.00"
Software & Licenses,Partner Software - Operating System,HPE OCA > OCA Solution > Software & Licenses > Partner Software - Operating System,Service & Support,Unlimited,0,Unlimited,Selection constraint for Partner Software - Operating System: no max,R1P34A,Standard,Red Hat Enterprise Linux for HPC Head Node 1yr Subscription 24x7 Support Flexible LTU,0,"$2,858.00",,NA,,No,Available,,Not published by OCA,Active,12/03/2018,09/30/2028,"{""Extended Price (USD)"":""NA""}",ADDED,N/A,"$2,858.00",$100.00,"$2,026.00"
Software & Licenses,Partner Software - Operating System,HPE OCA > OCA Solution > Software & Licenses > Partner Software - Operating System,Service & Support,Unlimited,0,Unlimited,Selection constraint for Partner Software - Operating System: no max,R1P37A,Standard,Red Hat Enterprise Linux for HPC Head Node 1yr Subscription 9x5 Support Flexible LTU,0,"$1,758.00",,NA,,No,Available,,Not published by OCA,Active,12/03/2018,09/30/2028,"{""Extended Price (USD)"":""NA""}",ADDED,N/A,"$1,758.00",$100.00,"$2,026.00"
Software & Licenses,Partner Software - Operating System,HPE OCA > OCA Solution > Software & Licenses > Partner Software - Operating System,Service & Support,Unlimited,0,Unlimited,Selection constraint for Partner Software - Operating System: no max,R1P35A,Standard,Red Hat Enterprise Linux for HPC Head Node 3yr Subscription 24x7 Support Flexible LTU,0,"$8,145.00",,NA,,No,Available,,Not published by OCA,Active,12/03/2018,09/30/2028,"{""Extended Price (USD)"":""NA""}",ADDED,N/A,"$8,145.00",$100.00,"$2,026.00"
Software & Licenses,Partner Software - Operating System,HPE OCA > OCA Solution > Software & Licenses > Partner Software - Operating System,Service & Support,Unlimited,0,Unlimited,Selection constraint for Partner Software - Operating System: no max,R1P38A,Standard,Red Hat Enterprise Linux for HPC Head Node 3yr Subscription 9x5 Support Flexible LTU,0,"$5,010.00",,NA,,No,Available,,Not published by OCA,Active,12/03/2018,09/30/2028,"{""Extended Price (USD)"":""NA""}",ADDED,N/A,"$5,010.00",$100.00,"$2,026.00"
Software & Licenses,Partner Software - Operating System,HPE OCA > OCA Solution > Software & Licenses > Partner Software - Operating System,Service & Support,Unlimited,0,Unlimited,Selection constraint for Partner Software - Operating System: no max,R1P36A,Standard,Red Hat Enterprise Linux for HPC Head Node 5yr Subscription 24x7 Support Flexible LTU,0,"$13,575.00",,NA,,No,Available,,Not published by OCA,Active,12/03/2018,09/30/2028,"{""Extended Price (USD)"":""NA""}",ADDED,N/A,"$13,575.00",$100.00,"$2,026.00"
Software & Licenses,Partner Software - Operating System,HPE OCA > OCA Solution > Software & Licenses > Partner Software - Operating System,Service & Support,Unlimited,0,Unlimited,Selection constraint for Partner Software - Operating System: no max,R1P39A,Standard,Red Hat Enterprise Linux for HPC Head Node 5yr Subscription 9x5 Support Flexible LTU,0,"$8,350.00",,NA,,No,Available,,Not published by OCA,Active,12/03/2018,09/30/2028,"{""Extended Price (USD)"":""NA""}",ADDED,N/A,"$8,350.00",$100.00,"$2,026.00"
HPE Compute Ops Management,Compute Ops Management SKUs,HPE OCA > OCA Solution > HPE Compute Ops Management > Compute Ops Management SKUs,Option Component,"min 1, Required",1,Required,Selection constraint for Compute Ops Management SKUs: required,S1A05A,Standard,HPE Compute Cloud Management Server FIO Enablement,1,$1.00,,$1.00,,No,Available,,Not published by OCA,Active,04/01/2024,02/29/2028,"{""Extended Price (USD)"":""1.00""}",ADDED,N/A,$1.00,$100.00,"$2,026.00"
Software & Licenses,OEM Software,HPE OCA > OCA Solution > Software & Licenses > OEM Software,Service & Support,Unlimited,0,Unlimited,Selection constraint for OEM Software: no max,Q9R65A,Standard,Red Hat Enterprise Linux for SAP Solutions for Physical Nodes 3yr Subscription 24x7 Support LTU,0,"$6,737.00",,NA,,No,Available,,Not published by OCA,Active,03/05/2018,11/30/2027,"{""Extended Price (USD)"":""NA""}",UNCHANGED,"$6,737.00",$0.00,$0.00,2026-08-12: $6737.00 → 2026-08-13: $6737.00 → 2026-08-14: $6737.00 → 2026-08-24: $6737.00 → 2026-09-09: $6737.00 (✕ REMOVED) → 2026-09-10: $6737.00 (↩ REINSTATED)
Software & Licenses,OEM Software,HPE OCA > OCA Solution > Software & Licenses > OEM Software,Service & Support,Unlimited,0,Unlimited,Selection constraint for OEM Software: no max,Q9R66A,Standard,Red Hat Enterprise Linux for SAP Solutions for Physical Nodes 5yr Subscription 24x7 Support LTU,0,"$11,229.00",,NA,,No,Available,,Not published by OCA,Active,03/05/2018,11/30/2027,"{""Extended Price (USD)"":""NA""}",UNCHANGED,"$11,229.00",$0.00,$0.00,2026-08-12: $11229.00 → 2026-08-13: $11229.00 → 2026-08-14: $11229.00 → 2026-08-24: $11229.00 → 2026-09-09: $11229.00 (✕ REMOVED) → 2026-09-10: $11229.00 (↩ REINSTATED)
Software & Licenses,OEM Software,HPE OCA > OCA Solution > Software & Licenses > OEM Software,Service & Support,Unlimited,0,Unlimited,Selection constraint for OEM Software: no max,Q9R67A,Standard,Red Hat Enterprise Linux for SAP Solutions for Virtual DC 3yr Subscription 24x7 Support LTU,0,"$24,680.00",,NA,,No,Available,,Not published by OCA,Active,03/05/2018,11/30/2027,"{""Extended Price (USD)"":""NA""}",UNCHANGED,"$24,680.00",$0.00,$0.00,2026-08-12: $24680.00 → 2026-08-13: $24680.00 → 2026-08-14: $24680.00 → 2026-08-24: $24680.00 → 2026-09-09: $24680.00 (✕ REMOVED) → 2026-09-10: $24680.00 (↩ REINSTATED)
Software & Licenses,OEM Software,HPE OCA > OCA Solution > Software & Licenses > OEM Software,Service & Support,Unlimited,0,Unlimited,Selection constraint for OEM Software: no max,Q9R68A,Standard,Red Hat Enterprise Linux for SAP Solutions for Virtual DC 5yr Subscription 24x7 Support LTU,0,"$41,134.00",,NA,,No,Available,,Not published by OCA,Active,03/05/2018,11/30/2027,"{""Extended Price (USD)"":""NA""}",UNCHANGED,"$41,134.00",$0.00,$0.00,2026-08-12: $41134.00 → 2026-08-13: $41134.00 → 2026-08-14: $41134.00 → 2026-08-24: $41134.00 → 2026-09-09: $41134.00 (✕ REMOVED) → 2026-09-10: $41134.00 (↩ REINSTATED)
Software & Licenses,OEM Software,HPE OCA > OCA Solution > Software & Licenses > OEM Software,Service & Support,Unlimited,0,Unlimited,Selection constraint for OEM Software: no max,N0U73A,Standard,SUSE Linux Enterprise Server SAP 1-2 Sockets or 1-2 VM 3-year Subscription 24x7 Support Flexible LTU,0,"$7,803.00",,NA,,No,Obsolete (OB),,Not published by OCA,Obsolete (OB),08/17/2015,03/02/2026,"{""Extended Price (USD)"":""NA""}",UNCHANGED,"$7,803.00",$0.00,$0.00,"$2,026.00"
Software & Licenses,OEM Software,HPE OCA > OCA Solution > Software & Licenses > OEM Software,Service & Support,Unlimited,0,Unlimited,Selection constraint for OEM Software: no max,N0U75A,Standard,SUSE Linux Enterprise Server SAP 1-2 Sockets or 1-2 VM 5-year Subscription 24x7 Support Flexible LTU,0,"$13,005.00",,NA,,No,Obsolete (OB),,Not published by OCA,Obsolete (OB),08/17/2015,03/02/2026,"{""Extended Price (USD)"":""NA""}",UNCHANGED,"$13,005.00",$0.00,$0.00,"$2,026.00"
Software & Licenses,Proliant Software Media Kits,HPE OCA > OCA Solution > Software & Licenses > Proliant Software Media Kits,Operating System / License,Unlimited,0,Unlimited,Selection constraint for Proliant Software Media Kits: no max,Q5T84A,Standard,SUSE Linux Enterprise High Availability Extension 1-2 Sockets 1yr Subscription Flexible LTU,0,$752.00,,NA,,No,Available,,Not published by OCA,Active,06/05/2017,09/30/2027,"{""Extended Price (USD)"":""NA""}",UNCHANGED,$752.00,$0.00,$0.00,"$2,026.00"
Software & Licenses,Proliant Software Media Kits,HPE OCA > OCA Solution > Software & Licenses > Proliant Software Media Kits,Operating System / License,Unlimited,0,Unlimited,Selection constraint for Proliant Software Media Kits: no max,Q5T85A,Standard,SUSE Linux Enterprise High Availability Extension 1-2 Sockets 5yr Subscription Flexible LTU,0,"$3,390.00",,NA,,No,Available,,Not published by OCA,Active,06/05/2017,09/30/2027,"{""Extended Price (USD)"":""NA""}",UNCHANGED,"$3,390.00",$0.00,$0.00,"$2,026.00"
Software & Licenses,Server Management & Operating System Licenses,HPE OCA > OCA Solution > Software & Licenses > Server Management & Operating System Licenses,Operating System / License,Unlimited,0,Unlimited,Selection constraint for Server Management & Operating System Licenses: no max,S4T26A,Standard,Red Hat High Availability 2 Sockets Unlimited Guests 1-year Subscription LTU,0,"$1,506.00",,NA,,No,Available,,Not published by OCA,Active,10/07/2024,11/07/2027,"{""Extended Price (USD)"":""NA""}",ADDED,N/A,"$1,506.00",$100.00,"$2,026.00"
Software & Licenses,Server Management & Operating System Licenses,HPE OCA > OCA Solution > Software & Licenses > Server Management & Operating System Licenses,Operating System / License,Unlimited,0,Unlimited,Selection constraint for Server Management & Operating System Licenses: no max,S4T27A,Standard,Red Hat High Availability 2 Sockets Unlimited Guests 3-year Subscription LTU,0,"$4,519.00",,NA,,No,Available,,Not published by OCA,Active,10/07/2024,11/07/2027,"{""Extended Price (USD)"":""NA""}",ADDED,N/A,"$4,519.00",$100.00,"$2,026.00"
Software & Licenses,Server Management & Operating System Licenses,HPE OCA > OCA Solution > Software & Licenses > Server Management & Operating System Licenses,Operating System / License,Unlimited,0,Unlimited,Selection constraint for Server Management & Operating System Licenses: no max,S4T22A,Standard,Red Hat High Availability 2 Sockets or 2 Guests 1-year Subscription LTU,0,$439.00,,NA,,No,Available,,Not published by OCA,Active,10/07/2024,11/07/2027,"{""Extended Price (USD)"":""NA""}",ADDED,N/A,$439.00,$100.00,"$2,026.00"
Software & Licenses,Server Management & Operating System Licenses,HPE OCA > OCA Solution > Software & Licenses > Server Management & Operating System Licenses,Operating System / License,Unlimited,0,Unlimited,Selection constraint for Server Management & Operating System Licenses: no max,S4T23A,Standard,Red Hat High Availability 2 Sockets or 2 Guests 3-year Subscription LTU,0,"$1,251.00",,NA,,No,Available,,Not published by OCA,Active,10/07/2024,11/07/2027,"{""Extended Price (USD)"":""NA""}",ADDED,N/A,"$1,251.00",$100.00,"$2,026.00"
Software & Licenses,Server Management & Operating System Licenses,HPE OCA > OCA Solution > Software & Licenses > Server Management & Operating System Licenses,Operating System / License,Unlimited,0,Unlimited,Selection constraint for Server Management & Operating System Licenses: no max,S4T24A,Standard,Red Hat Resilient Storage 2 Sockets or 2 Guests 1-year Subscription LTU,0,$879.00,,NA,,No,Available,,Not published by OCA,Active,10/07/2024,11/07/2027,"{""Extended Price (USD)"":""NA""}",ADDED,N/A,$879.00,$100.00,"$2,026.00"
Software & Licenses,Server Management & Operating System Licenses,HPE OCA > OCA Solution > Software & Licenses > Server Management & Operating System Licenses,Operating System / License,Unlimited,0,Unlimited,Selection constraint for Server Management & Operating System Licenses: no max,S4T25A,Standard,Red Hat Resilient Storage 2 Sockets or 2 Guests 3-year Subscription LTU,0,"$2,637.00",,NA,,No,Available,,Not published by OCA,Active,10/07/2024,11/07/2027,"{""Extended Price (USD)"":""NA""}",ADDED,N/A,"$2,637.00",$100.00,"$2,026.00"
Software & Licenses,Server Management & Operating System Licenses,HPE OCA > OCA Solution > Software & Licenses > Server Management & Operating System Licenses,Operating System / License,Unlimited,0,Unlimited,Selection constraint for Server Management & Operating System Licenses: no max,R2A03A,Standard,Red Hat Satellite 2 Sockets Unlimited Guests 1yr Subscription Flexible LTU,0,"$1,482.00",,NA,,No,Available,,Not published by OCA,Active,02/04/2019,09/30/2028,"{""Extended Price (USD)"":""NA""}",ADDED,N/A,"$1,482.00",$100.00,"$2,026.00"
Software & Licenses,Server Management & Operating System Licenses,HPE OCA > OCA Solution > Software & Licenses > Server Management & Operating System Licenses,Operating System / License,Unlimited,0,Unlimited,Selection constraint for Server Management & Operating System Licenses: no max,R2A04A,Standard,Red Hat Satellite 2 Sockets Unlimited Guests 3-year Subscription Flexible LTU,0,"$4,447.00",,NA,,No,Available,,Not published by OCA,Active,02/04/2019,09/30/2028,"{""Extended Price (USD)"":""NA""}",ADDED,N/A,"$4,447.00",$100.00,"$2,026.00"
Software & Licenses,Server Management & Operating System Licenses,HPE OCA > OCA Solution > Software & Licenses > Server Management & Operating System Licenses,Operating System / License,Unlimited,0,Unlimited,Selection constraint for Server Management & Operating System Licenses: no max,R2A05A,Standard,Red Hat Satellite 2 Sockets Unlimited Guests 5-year Subscription Flexible LTU,0,"$7,411.00",,NA,,No,Available,,Not published by OCA,Active,02/04/2019,09/30/2028,"{""Extended Price (USD)"":""NA""}",ADDED,N/A,"$7,411.00",$100.00,"$2,026.00"
Software & Licenses,Server Management & Operating System Licenses,HPE OCA > OCA Solution > Software & Licenses > Server Management & Operating System Licenses,Operating System / License,Unlimited,0,Unlimited,Selection constraint for Server Management & Operating System Licenses: no max,R2A00A,Standard,Red Hat Satellite 2 Sockets or 2 Guests 1yr Subscription Flexible LTU,0,$385.00,,NA,,No,Available,,Not published by OCA,Active,02/04/2019,09/30/2028,"{""Extended Price (USD)"":""NA""}",ADDED,N/A,$385.00,$100.00,"$2,026.00"
Software & Licenses,Server Management & Operating System Licenses,HPE OCA > OCA Solution > Software & Licenses > Server Management & Operating System Licenses,Operating System / License,Unlimited,0,Unlimited,Selection constraint for Server Management & Operating System Licenses: no max,R2A01A,Standard,Red Hat Satellite 2 Sockets or 2 Guests 3-year Subscription Flexible LTU,0,"$1,097.00",,NA,,No,Available,,Not published by OCA,Active,02/04/2019,09/30/2028,"{""Extended Price (USD)"":""NA""}",ADDED,N/A,"$1,097.00",$100.00,"$2,026.00"
Software & Licenses,Server Management & Operating System Licenses,HPE OCA > OCA Solution > Software & Licenses > Server Management & Operating System Licenses,Operating System / License,Unlimited,0,Unlimited,Selection constraint for Server Management & Operating System Licenses: no max,R2A02A,Standard,Red Hat Satellite 2 Sockets or 2 Guests 5-year Subscription Flexible LTU,0,"$1,828.00",,NA,,No,Available,,Not published by OCA,Active,02/04/2019,09/30/2028,"{""Extended Price (USD)"":""NA""}",ADDED,N/A,"$1,828.00",$100.00,"$2,026.00"
Software & Licenses,SUSE Add-ons,HPE OCA > OCA Solution > Software & Licenses > SUSE Add-ons,Operating System / License,Unlimited,0,Unlimited,Selection constraint for SUSE Add-ons: no max,M6K34A,Standard,SUSE Linux Enterprise High Availability Extension 1-2 Sockets 3 Year Subscription Flx LTU,0,"$2,040.00",,NA,,No,Available,,Not published by OCA,Active,06/01/2015,09/30/2027,"{""Extended Price (USD)"":""NA""}",UNCHANGED,"$2,040.00",$0.00,$0.00,"$2,026.00"
Software & Licenses,iLO,HPE OCA > OCA Solution > Software & Licenses > iLO,Service & Support,Unlimited,0,Unlimited,Selection constraint for iLO: no max,512485-B21,Standard,HPE iLO Advanced 1-server License with 1yr Support on iLO Licensed Features,0,$399.00,,NA,,No,Available,,Not published by OCA,Active,11/18/2008,01/25/2036,"{""Extended Price (USD)"":""NA""}",UNCHANGED,$399.00,$0.00,$0.00,"$2,026.00"
Software & Licenses,iLO,HPE OCA > OCA Solution > Software & Licenses > iLO,Service & Support,Unlimited,0,Unlimited,Selection constraint for iLO: no max,BD505A,Standard,HPE iLO Advanced 1-server License with 3yr Support on iLO Licensed Features,1,$469.00,,$469.00,,No,Available,,Not published by OCA,Active,03/26/2012,01/25/2036,"{""Extended Price (USD)"":""469.00""}",UNCHANGED,$469.00,$0.00,$0.00,"$2,026.00"
Software & Licenses,iLO,HPE OCA > OCA Solution > Software & Licenses > iLO,Service & Support,Unlimited,0,Unlimited,Selection constraint for iLO: no max,512487-B21,Standard,HPE iLO Advanced AKA Tracking License with 1yr Support on iLO Licensed Features,0,$399.00,,NA,,No,Available,,Not published by OCA,Active,03/04/2015,01/25/2036,"{""Extended Price (USD)"":""NA""}",UNCHANGED,$399.00,$0.00,$0.00,"$2,026.00"
Software & Licenses,iLO,HPE OCA > OCA Solution > Software & Licenses > iLO,Service & Support,Unlimited,0,Unlimited,Selection constraint for iLO: no max,BD507A,Standard,HPE iLO Advanced AKA Tracking License with 3yr Support on iLO Licensed Features,0,$469.00,,NA,,No,Available,,Not published by OCA,Active,03/26/2012,01/25/2036,"{""Extended Price (USD)"":""NA""}",UNCHANGED,$469.00,$0.00,$0.00,"$2,026.00"
Software & Licenses,iLO,HPE OCA > OCA Solution > Software & Licenses > iLO,Service & Support,Unlimited,0,Unlimited,Selection constraint for iLO: no max,E6U59ABE,Standard,HPE iLO Advanced Electronic License with 1yr Support on iLO Licensed Features,0,$399.00,,NA,,No,Available,,Not published by OCA,Active,09/10/2013,01/25/2036,"{""Extended Price (USD)"":""NA""}",UNCHANGED,$399.00,$0.00,$0.00,"$2,026.00"
Software & Licenses,iLO,HPE OCA > OCA Solution > Software & Licenses > iLO,Service & Support,Unlimited,0,Unlimited,Selection constraint for iLO: no max,E6U64ABE,Standard,HPE iLO Advanced Electronic License with 3yr Support on iLO Licensed Features,0,$467.00,,NA,,No,Available,,Not published by OCA,Active,09/10/2013,01/25/2036,"{""Extended Price (USD)"":""NA""}",UNCHANGED,$467.00,$0.00,$0.00,"$2,026.00"
Software & Licenses,OneView Management Software,HPE OCA > OCA Solution > Software & Licenses > OneView Management Software,Service & Support,max 1,0,1,Selection constraint for OneView Management Software: max 1,E5Y44A,Standard,HPE OneView for ProLiant DL Server including 3yr 24x7 Support Bundle Track 1-server LTU,0,$799.00,,NA,,No,Available,,Not published by OCA,Active,11/01/2013,07/31/2030,"{""Extended Price (USD)"":""NA""}",UNCHANGED,$799.00,$0.00,$0.00,"$2,026.00"
Software & Licenses,OneView Management Software,HPE OCA > OCA Solution > Software & Licenses > OneView Management Software,Service & Support,max 1,0,1,Selection constraint for OneView Management Software: max 1,E5Y43A,Standard,HPE OneView for ProLiant DL Server including 3yr 24x7 Support FIO Bundle Physical 1-server LTU,0,$849.00,,NA,,No,Available,,Not published by OCA,Active,11/01/2013,07/31/2030,"{""Extended Price (USD)"":""NA""}",UNCHANGED,$849.00,$0.00,$0.00,"$2,026.00"
Software & Licenses,OneView Management Software,HPE OCA > OCA Solution > Software & Licenses > OneView Management Software,Service & Support,max 1,0,1,Selection constraint for OneView Management Software: max 1,E5Y36A,Standard,HPE OneView including 3yr 24x7 Support Track 1-server LTU,0,$999.00,,NA,,No,Available,,Not published by OCA,Active,11/01/2013,07/31/2030,"{""Extended Price (USD)"":""NA""}",UNCHANGED,$999.00,$0.00,$0.00,"$2,026.00"
Software & Licenses,OneView Management Software,HPE OCA > OCA Solution > Software & Licenses > OneView Management Software,Service & Support,max 1,0,1,Selection constraint for OneView Management Software: max 1,P8B31A,Standard,HPE OneView w/o iLO including 3yr 24x7 Support 1-server FIO LTU,0,$480.00,,NA,,No,Available,,Not published by OCA,Active,10/09/2015,07/31/2030,"{""Extended Price (USD)"":""NA""}",UNCHANGED,$480.00,$0.00,$0.00,"$2,026.00"
Software & Licenses,OneView Management Software,HPE OCA > OCA Solution > Software & Licenses > OneView Management Software,Service & Support,max 1,0,1,Selection constraint for OneView Management Software: max 1,P8B25A,Standard,HPE OneView w/o iLO including 3yr 24x7 Support Track 1-server LTU,0,$499.00,,NA,,No,Available,,Not published by OCA,Active,10/09/2015,07/31/2030,"{""Extended Price (USD)"":""NA""}",UNCHANGED,$499.00,$0.00,$0.00,"$2,026.00"
Storage Controllers,INTEL VROC Products,HPE OCA > OCA Solution > Storage Controllers > INTEL VROC Products,Storage Controller,max 1,0,1,Selection constraint for INTEL VROC Products: max 1,R7J57A,Standard,Intel Virtual RAID on CPU Premium FIO Software for HPE,0,$371.00,,NA,,No,Available,,Not published by OCA,Active,04/06/2021,02/29/2028,"{""Extended Price (USD)"":""NA""}",ADDED,N/A,$371.00,$100.00,"$2,026.00"
Storage Controllers,INTEL VROC Products,HPE OCA > OCA Solution > Storage Controllers > INTEL VROC Products,Storage Controller,max 1,0,1,Selection constraint for INTEL VROC Products: max 1,S3Q19A,Standard,Intel Virtual RAID on CPU RAID 1 FIO Software for HPE,0,$229.00,,NA,,No,Available,,Not published by OCA,Active,04/01/2024,02/29/2028,"{""Extended Price (USD)"":""NA""}",ADDED,N/A,$229.00,$100.00,"$2,026.00"
Software & Licenses,Supported Operating System,HPE OCA > OCA Solution > Software & Licenses > Supported Operating System,Service & Support,Unlimited,0,Unlimited,Selection constraint for Supported Operating System: no max,Q0D22A,Standard,Red Hat Enterprise Linux Server 2 Sockets 4 Guests 5yr Subscription 24x7 Support Flexible LTU,0,"$10,183.00",,NA,,No,Available,,Not published by OCA,Active,08/15/2016,09/30/2028,"{""Extended Price (USD)"":""NA""}",UNCHANGED,"$10,183.00",$0.00,$0.00,"$2,026.00"
Software & Licenses,Supported Operating System,HPE OCA > OCA Solution > Software & Licenses > Supported Operating System,Service & Support,Unlimited,0,Unlimited,Selection constraint for Supported Operating System: no max,Q0D23A,Standard,Red Hat Enterprise Linux Server 2 Sockets 4 Guests 5yr Subscription 9x5 Support Flexible LTU,0,"$6,264.00",,NA,,No,Available,,Not published by OCA,Active,08/15/2016,09/30/2028,"{""Extended Price (USD)"":""NA""}",UNCHANGED,"$6,264.00",$0.00,$0.00,"$2,026.00"
Software & Licenses,Supported Operating System,HPE OCA > OCA Solution > Software & Licenses > Supported Operating System,Operating System / License,Unlimited,0,Unlimited,Selection constraint for Supported Operating System: no max,Q0D25A,Standard,Red Hat High Availability 2 Sockets or 2 Guests 5yr Subscription Flexible LTU,0,"$2,085.00",,NA,,No,Available,,Not published by OCA,Active,08/15/2016,11/30/2027,"{""Extended Price (USD)"":""NA""}",UNCHANGED,"$2,085.00",$0.00,$0.00,"$2,026.00"
Software & Licenses,Supported Operating System,HPE OCA > OCA Solution > Software & Licenses > Supported Operating System,Operating System / License,Unlimited,0,Unlimited,Selection constraint for Supported Operating System: no max,Q0D26A,Standard,Red Hat High Availability 2 Sockets Unlimited Guests 5yr Subscription Flexible LTU,0,"$7,532.00",,NA,,No,Available,,Not published by OCA,Active,08/15/2016,11/30/2027,"{""Extended Price (USD)"":""NA""}",UNCHANGED,"$7,532.00",$0.00,$0.00,"$2,026.00"
Software & Licenses,Supported Operating System,HPE OCA > OCA Solution > Software & Licenses > Supported Operating System,Operating System / License,Unlimited,0,Unlimited,Selection constraint for Supported Operating System: no max,Q0D29A,Standard,Red Hat Resilient Storage 2 Sockets or 2 Guests 5yr Subscription Flexible LTU,0,"$4,395.00",,NA,,No,Available,,Not published by OCA,Active,08/15/2016,11/30/2027,"{""Extended Price (USD)"":""NA""}",UNCHANGED,"$4,395.00",$0.00,$0.00,"$2,026.00"
Software & Licenses,Supported Operating System,HPE OCA > OCA Solution > Software & Licenses > Supported Operating System,Operating System / License,Unlimited,0,Unlimited,Selection constraint for Supported Operating System: no max,Q0D30A,Standard,Red Hat Resilient Storage 2 Sockets Unlimited Guests 5yr Subscription Flexible LTU,0,"$15,095.00",,NA,,No,Available,,Not published by OCA,Active,08/15/2016,11/30/2027,"{""Extended Price (USD)"":""NA""}",UNCHANGED,"$15,095.00",$0.00,$0.00,"$2,026.00"
Software & Licenses,Supported Operating System,HPE OCA > OCA Solution > Software & Licenses > Supported Operating System,Service & Support,Unlimited,0,Unlimited,Selection constraint for Supported Operating System: no max,Q5W19A,Standard,Red Hat Enterprise Linux for SAP (Physical/Virtual Nodes) 3yr Subscription 9x5 Support Flex LTU,0,"$2,505.00",,NA,,No,Available,,Not published by OCA,Active,06/05/2017,09/30/2028,"{""Extended Price (USD)"":""NA""}",UNCHANGED,"$2,505.00",$0.00,$0.00,"$2,026.00"
Software & Licenses,Supported Operating System,HPE OCA > OCA Solution > Software & Licenses > Supported Operating System,Service & Support,Unlimited,0,Unlimited,Selection constraint for Supported Operating System: no max,Q5W20A,Standard,Red Hat Enterprise Linux for SAP (Physical/Virtual Nodes) 3yr Subscription 24x7 Support Flex LTU,0,"$4,072.00",,NA,,No,Available,,Not published by OCA,Active,06/05/2017,09/30/2028,"{""Extended Price (USD)"":""NA""}",UNCHANGED,"$4,072.00",$0.00,$0.00,"$2,026.00"
Software & Licenses,Supported Operating System,HPE OCA > OCA Solution > Software & Licenses > Supported Operating System,Service & Support,Unlimited,0,Unlimited,Selection constraint for Supported Operating System: no max,Q5W21A,Standard,Red Hat Enterprise Linux for SAP (Physical/Virtual Nodes) 5yr Subscription 9x5 Support Flex LTU,0,"$4,175.00",,NA,,No,Available,,Not published by OCA,Active,06/05/2017,09/30/2028,"{""Extended Price (USD)"":""NA""}",UNCHANGED,"$4,175.00",$0.00,$0.00,"$2,026.00"
Software & Licenses,Supported Operating System,HPE OCA > OCA Solution > Software & Licenses > Supported Operating System,Service & Support,Unlimited,0,Unlimited,Selection constraint for Supported Operating System: no max,Q5W22A,Standard,Red Hat Enterprise Linux for SAP (Physical/Virtual Nodes) 5yr Subscription 24x7 Support Flex LTU,0,"$6,787.00",,NA,,No,Available,,Not published by OCA,Active,06/05/2017,09/30/2028,"{""Extended Price (USD)"":""NA""}",UNCHANGED,"$6,787.00",$0.00,$0.00,"$2,026.00"
Software & Licenses,Supported Operating System,HPE OCA > OCA Solution > Software & Licenses > Supported Operating System,Service & Support,Unlimited,0,Unlimited,Selection constraint for Supported Operating System: no max,Q5W23A,Standard,Red Hat Enterprise Linux for SAP for Virtual Datacenters 3yr Subscription 9x5 Support Flex LTU,0,"$9,072.00",,NA,,No,Available,,Not published by OCA,Active,06/05/2017,09/30/2028,"{""Extended Price (USD)"":""NA""}",UNCHANGED,"$9,072.00",$0.00,$0.00,"$2,026.00"
Software & Licenses,Supported Operating System,HPE OCA > OCA Solution > Software & Licenses > Supported Operating System,Service & Support,Unlimited,0,Unlimited,Selection constraint for Supported Operating System: no max,Q5W24A,Standard,Red Hat Enterprise Linux for SAP for Virtual Datacenters 3yr Subscription 24x7 Support Flex LTU,0,"$14,516.00",,NA,,No,Available,,Not published by OCA,Active,06/05/2017,09/30/2028,"{""Extended Price (USD)"":""NA""}",UNCHANGED,"$14,516.00",$0.00,$0.00,"$2,026.00"
Software & Licenses,Supported Operating System,HPE OCA > OCA Solution > Software & Licenses > Supported Operating System,Service & Support,Unlimited,0,Unlimited,Selection constraint for Supported Operating System: no max,Q5W25A,Standard,Red Hat Enterprise Linux for SAP for Virtual Datacenters 5yr Subscription 9x5 Support Flex LTU,0,"$15,119.00",,NA,,No,Available,,Not published by OCA,Active,06/05/2017,09/30/2028,"{""Extended Price (USD)"":""NA""}",UNCHANGED,"$15,119.00",$0.00,$0.00,"$2,026.00"
Software & Licenses,Supported Operating System,HPE OCA > OCA Solution > Software & Licenses > Supported Operating System,Service & Support,Unlimited,0,Unlimited,Selection constraint for Supported Operating System: no max,Q5W26A,Standard,Red Hat Enterprise Linux for SAP for Virtual Datacenters 5yr Subscription 24x7 Support Flex LTU,0,"$24,194.00",,NA,,No,Available,,Not published by OCA,Active,06/05/2017,09/30/2028,"{""Extended Price (USD)"":""NA""}",UNCHANGED,"$24,194.00",$0.00,$0.00,"$2,026.00"
Software & Licenses,Supported Operating System,HPE OCA > OCA Solution > Software & Licenses > Supported Operating System,Service & Support,Unlimited,0,Unlimited,Selection constraint for Supported Operating System: no max,Q8U15A,Standard,Red Hat Enterprise Linux for SAP Solutions for Virtual DC 3yr Subscription 24x7 Support LTU,0,"$24,680.00",,NA,,No,Available,,Not published by OCA,Active,12/04/2017,11/30/2027,"{""Extended Price (USD)"":""NA""}",UNCHANGED,"$24,680.00",$0.00,$0.00,"$2,026.00"
Software & Licenses,Supported Operating System,HPE OCA > OCA Solution > Software & Licenses > Supported Operating System,Service & Support,Unlimited,0,Unlimited,Selection constraint for Supported Operating System: no max,Q8U16A,Standard,Red Hat Enterprise Linux for SAP Solutions for Virtual DC 5yr Subscription 24x7 Support LTU,0,"$41,134.00",,NA,,No,Available,,Not published by OCA,Active,12/04/2017,11/30/2027,"{""Extended Price (USD)"":""NA""}",UNCHANGED,"$41,134.00",$0.00,$0.00,"$2,026.00"
Software & Licenses,Supported Operating System,HPE OCA > OCA Solution > Software & Licenses > Supported Operating System,Service & Support,Unlimited,0,Unlimited,Selection constraint for Supported Operating System: no max,Q8U17A,Standard,Red Hat Enterprise Linux for SAP Solutions for Virtual DC 3yr Subscription 9x5 Support LTU,0,"$20,325.00",,NA,,No,Available,,Not published by OCA,Active,12/04/2017,11/30/2027,"{""Extended Price (USD)"":""NA""}",UNCHANGED,"$20,325.00",$0.00,$0.00,"$2,026.00"
Software & Licenses,Supported Operating System,HPE OCA > OCA Solution > Software & Licenses > Supported Operating System,Service & Support,Unlimited,0,Unlimited,Selection constraint for Supported Operating System: no max,Q8U18A,Standard,Red Hat Enterprise Linux for SAP Solutions for Virtual DC 5yr Subscription 9x5 Support LTU,0,"$33,874.00",,NA,,No,Available,,Not published by OCA,Active,12/04/2017,11/30/2027,"{""Extended Price (USD)"":""NA""}",UNCHANGED,"$33,874.00",$0.00,$0.00,"$2,026.00"
Software & Licenses,Supported Operating System,HPE OCA > OCA Solution > Software & Licenses > Supported Operating System,Service & Support,Unlimited,0,Unlimited,Selection constraint for Supported Operating System: no max,Q8U19A,Standard,Red Hat Enterprise Linux for SAP Solutions for Physical Nodes 3yr Subscription 24x7 Support LTU,0,"$6,737.00",,NA,,No,Available,,Not published by OCA,Active,12/04/2017,11/30/2027,"{""Extended Price (USD)"":""NA""}",UNCHANGED,"$6,737.00",$0.00,$0.00,"$2,026.00"
Software & Licenses,Supported Operating System,HPE OCA > OCA Solution > Software & Licenses > Supported Operating System,Service & Support,Unlimited,0,Unlimited,Selection constraint for Supported Operating System: no max,Q8U20A,Standard,Red Hat Enterprise Linux for SAP Solutions for Physical Nodes 5yr Subscription 24x7 Support LTU,0,"$11,229.00",,NA,,No,Available,,Not published by OCA,Active,12/04/2017,11/30/2027,"{""Extended Price (USD)"":""NA""}",UNCHANGED,"$11,229.00",$0.00,$0.00,"$2,026.00"
Software & Licenses,Supported Operating System,HPE OCA > OCA Solution > Software & Licenses > Supported Operating System,Service & Support,Unlimited,0,Unlimited,Selection constraint for Supported Operating System: no max,Q8U21A,Standard,Red Hat Enterprise Linux for SAP Solutions for Physical Nodes 3yr Subscription 9x5 Support LTU,0,"$5,483.00",,NA,,No,Available,,Not published by OCA,Active,12/04/2017,11/30/2027,"{""Extended Price (USD)"":""NA""}",UNCHANGED,"$5,483.00",$0.00,$0.00,"$2,026.00"
Software & Licenses,Supported Operating System,HPE OCA > OCA Solution > Software & Licenses > Supported Operating System,Service & Support,Unlimited,0,Unlimited,Selection constraint for Supported Operating System: no max,Q8U22A,Standard,Red Hat Enterprise Linux for SAP Solutions for Physical Nodes 5yr Subscription 9x5 Support LTU,0,"$9,139.00",,NA,,No,Available,,Not published by OCA,Active,12/04/2017,11/30/2027,"{""Extended Price (USD)"":""NA""}",UNCHANGED,"$9,139.00",$0.00,$0.00,"$2,026.00"
Software & Licenses,Supported Operating System,HPE OCA > OCA Solution > Software & Licenses > Supported Operating System,Operating System / License,Unlimited,0,Unlimited,Selection constraint for Supported Operating System: no max,R8V72A,Standard,SUSE Linux Enterprise Server for SAP 1-2 Sockets Unlimited VM w/Live Patching 3yr 24x7 Flexible LTU,0,"$18,873.00",,NA,,No,Obsolete (OB),,Not published by OCA,Obsolete (OB),10/04/2021,03/02/2026,"{""Extended Price (USD)"":""NA""}",ADDED,N/A,"$18,873.00",$100.00,"$2,026.00"
Software & Licenses,Supported Operating System,HPE OCA > OCA Solution > Software & Licenses > Supported Operating System,Operating System / License,Unlimited,0,Unlimited,Selection constraint for Supported Operating System: no max,R8V73A,Standard,SUSE Linux Enterprise Server for SAP 1-2 Sockets Unlimited VM w/Live Patching 5yr 24x7 Flexible LTU,0,"$31,455.00",,NA,,No,Obsolete (OB),,Not published by OCA,Obsolete (OB),10/04/2021,03/02/2026,"{""Extended Price (USD)"":""NA""}",ADDED,N/A,"$31,455.00",$100.00,"$2,026.00"
Software & Licenses,Supported Operating System,HPE OCA > OCA Solution > Software & Licenses > Supported Operating System,Operating System / License,Unlimited,0,Unlimited,Selection constraint for Supported Operating System: no max,R8V74A,Standard,SUSE Linux Enterprise Server 1-2 Sockets Unlimited VM w/Live Patching 1-year 9x5 Flexible LTU,0,"$2,260.00",,NA,,No,Available,,Not published by OCA,Active,10/04/2021,01/04/2027,"{""Extended Price (USD)"":""NA""}",ADDED,N/A,"$2,260.00",$100.00,"$2,026.00"
Software & Licenses,Supported Operating System,HPE OCA > OCA Solution > Software & Licenses > Supported Operating System,Operating System / License,Unlimited,0,Unlimited,Selection constraint for Supported Operating System: no max,R8V75A,Standard,SUSE Linux Enterprise Server 1-2 Sockets Unlimited VM w/Live Patching 3-year 9x5 Flexible LTU,0,"$6,110.00",,NA,,No,Available,,Not published by OCA,Active,10/04/2021,01/04/2027,"{""Extended Price (USD)"":""NA""}",ADDED,N/A,"$6,110.00",$100.00,"$2,026.00"
Software & Licenses,Supported Operating System,HPE OCA > OCA Solution > Software & Licenses > Supported Operating System,Operating System / License,Unlimited,0,Unlimited,Selection constraint for Supported Operating System: no max,R8V76A,Standard,SUSE Linux Enterprise Server 1-2 Sockets Unlimited VM w/Live Patching 1-year 24x7 Flexible LTU,0,"$3,980.00",,NA,,No,Available,,Not published by OCA,Active,10/04/2021,01/04/2027,"{""Extended Price (USD)"":""NA""}",ADDED,N/A,"$3,980.00",$100.00,"$2,026.00"
Software & Licenses,Supported Operating System,HPE OCA > OCA Solution > Software & Licenses > Supported Operating System,Operating System / License,Unlimited,0,Unlimited,Selection constraint for Supported Operating System: no max,R8V77A,Standard,SUSE Linux Enterprise Server 1-2 Sockets Unlimited VM w/Live Patching 3-year 24x7 Flexible LTU,0,"$10,800.00",,NA,,No,Available,,Not published by OCA,Active,10/04/2021,01/04/2027,"{""Extended Price (USD)"":""NA""}",ADDED,N/A,"$10,800.00",$100.00,"$2,026.00"
Software & Licenses,Supported Operating System,HPE OCA > OCA Solution > Software & Licenses > Supported Operating System,Operating System / License,Unlimited,0,Unlimited,Selection constraint for Supported Operating System: no max,R8V78A,Standard,SUSE Linux Enterprise Server 1-2 Sockets Unlimited VM w/Live Patching 5-year 24x7 Flexible LTU,0,"$18,000.00",,NA,,No,Available,,Not published by OCA,Active,10/04/2021,01/04/2027,"{""Extended Price (USD)"":""NA""}",ADDED,N/A,"$18,000.00",$100.00,"$2,026.00"
Software & Licenses,Supported Operating System,HPE OCA > OCA Solution > Software & Licenses > Supported Operating System,Operating System / License,Unlimited,0,Unlimited,Selection constraint for Supported Operating System: no max,R8V79A,Standard,SUSE Linux Enterprise Server 1-2 Sockets Unlimited VM w/Live Patching 5-year 9x5 Flexible LTU,0,"$10,200.00",,NA,,No,Available,,Not published by OCA,Active,10/04/2021,01/04/2027,"{""Extended Price (USD)"":""NA""}",ADDED,N/A,"$10,200.00",$100.00,"$2,026.00"
Software & Licenses,Supported Operating System,HPE OCA > OCA Solution > Software & Licenses > Supported Operating System,Operating System / License,Unlimited,0,Unlimited,Selection constraint for Supported Operating System: no max,R8V84A,Standard,SUSE Linux Enterprise Server for SAP 1-2 Sockets Unlimited VM w/Live Patching 3yr 24x7 Flexible LTU,0,"$18,873.00",,NA,,No,Obsolete (OB),,Not published by OCA,Obsolete (OB),10/04/2021,03/02/2026,"{""Extended Price (USD)"":""NA""}",ADDED,N/A,"$18,873.00",$100.00,"$2,026.00"
Software & Licenses,Supported Operating System,HPE OCA > OCA Solution > Software & Licenses > Supported Operating System,Operating System / License,Unlimited,0,Unlimited,Selection constraint for Supported Operating System: no max,R8V85A,Standard,SUSE Linux Enterprise Server for SAP 1-2 Sockets Unlimited VM w/Live Patching 5yr 24x7 Flexible LTU,0,"$31,455.00",,NA,,No,Obsolete (OB),,Not published by OCA,Obsolete (OB),10/04/2021,03/02/2026,"{""Extended Price (USD)"":""NA""}",ADDED,N/A,"$31,455.00",$100.00,"$2,026.00"
Software & Licenses,Supported Operating System,HPE OCA > OCA Solution > Software & Licenses > Supported Operating System,Operating System / License,Unlimited,0,Unlimited,Selection constraint for Supported Operating System: no max,S7N87A,Standard,SUSE Linux Enterprise Server for SAP Applications 1-2 Sockets Unlimited VM 3yr Sub 24x7 Sup Flex LTU,0,"$18,873.00",,NA,,No,Available,,Not published by OCA,Active,03/02/2026,04/30/2028,"{""Extended Price (USD)"":""NA""}",ADDED,N/A,"$18,873.00",$100.00,"$2,026.00"
Software & Licenses,Supported Operating System,HPE OCA > OCA Solution > Software & Licenses > Supported Operating System,Operating System / License,Unlimited,0,Unlimited,Selection constraint for Supported Operating System: no max,S7N88A,Standard,SUSE Linux Enterprise Server for SAP Applications 1-2 Sockets Unlimited VM 5yr Sub 24x7 Sup Flex LTU,0,"$31,455.00",,NA,,No,Available,,Not published by OCA,Active,03/02/2026,04/30/2028,"{""Extended Price (USD)"":""NA""}",ADDED,N/A,"$31,455.00",$100.00,"$2,026.00"
Software & Licenses,Supported Operating System,HPE OCA > OCA Solution > Software & Licenses > Supported Operating System,Operating System / License,Unlimited,0,Unlimited,Selection constraint for Supported Operating System: no max,S7P10A,Standard,SUSE Linux Enterprise Server for SAP Applications 1-2 Sockets Unlimited VM 3yr Sub 24x7 Sup Flex LTU,0,"$18,873.00",,NA,,No,Available,,Not published by OCA,Active,03/02/2026,04/30/2028,"{""Extended Price (USD)"":""NA""}",ADDED,N/A,"$18,873.00",$100.00,"$2,026.00"
Software & Licenses,Supported Operating System,HPE OCA > OCA Solution > Software & Licenses > Supported Operating System,Operating System / License,Unlimited,0,Unlimited,Selection constraint for Supported Operating System: no max,S7P11A,Standard,SUSE Linux Enterprise Server for SAP Applications 1-2 Sockets Unlimited VM 5yr Sub 24x7 Sup Flex LTU,0,"$31,455.00",,NA,,No,Available,,Not published by OCA,Active,03/02/2026,04/30/2028,"{""Extended Price (USD)"":""NA""}",ADDED,N/A,"$31,455.00",$100.00,"$2,026.00"
Software & Licenses,Supported Operating System,HPE OCA > OCA Solution > Software & Licenses > Supported Operating System,Operating System / License,Unlimited,0,Unlimited,Selection constraint for Supported Operating System: no max,S7P12A,Standard,SUSE Linux Enterprise Server for SAP Applications 1-2 Sockets or 1-2 VM 3-year Sub 24x7 Sup Flex LTU,0,"$7,803.00",,NA,,No,Available,,Not published by OCA,Active,03/02/2026,04/30/2028,"{""Extended Price (USD)"":""NA""}",ADDED,N/A,"$7,803.00",$100.00,"$2,026.00"
Software & Licenses,Supported Operating System,HPE OCA > OCA Solution > Software & Licenses > Supported Operating System,Operating System / License,Unlimited,0,Unlimited,Selection constraint for Supported Operating System: no max,S7P13A,Standard,SUSE Linux Enterprise Server for SAP Applications 1-2 Sockets or 1-2 VM 5-year Sub 24x7 Sup Flex LTU,0,"$13,005.00",,NA,,No,Available,,Not published by OCA,Active,03/02/2026,04/30/2028,"{""Extended Price (USD)"":""NA""}",ADDED,N/A,"$13,005.00",$100.00,"$2,026.00"
Software & Licenses,Supported Operating System,HPE OCA > OCA Solution > Software & Licenses > Supported Operating System,Operating System / License,Unlimited,0,Unlimited,Selection constraint for Supported Operating System: no max,P45916-291,Standard,Microsoft Windows Server 2022 16-core Datacenter FIO Not Pre-installed Japanese SW,0,"$99,999.00",,NA,,No,Obsolete (OB),,Not published by OCA,Obsolete (OB),12/06/2021,05/31/2025,"{""Extended Price (USD)"":""NA""}",UNCHANGED,"$99,999.00",$0.00,$0.00,"$2,026.00"
Software & Licenses,Supported Operating System,HPE OCA > OCA Solution > Software & Licenses > Supported Operating System,Operating System / License,Unlimited,0,Unlimited,Selection constraint for Supported Operating System: no max,P45916-B21,Standard,Microsoft Windows Server 2022 16-core Datacenter FIO Not Pre-installed en/fr/it/de/es/nl/pt SW,0,"$4,946.00",,NA,,No,Obsolete (OB),,Not published by OCA,Obsolete (OB),12/06/2021,05/31/2025,"{""Extended Price (USD)"":""NA""}",UNCHANGED,"$4,946.00",$0.00,$0.00,"$2,026.00"
Software & Licenses,Supported Operating System,HPE OCA > OCA Solution > Software & Licenses > Supported Operating System,Operating System / License,Unlimited,0,Unlimited,Selection constraint for Supported Operating System: no max,P46005-291,Standard,Microsoft Windows Server 2022 16-core Standard FIO Not Pre-installed Japanese SW,0,"$99,999.00",,NA,,No,Obsolete (OB),,Not published by OCA,Obsolete (OB),12/06/2021,05/31/2025,"{""Extended Price (USD)"":""NA""}",UNCHANGED,"$99,999.00",$0.00,$0.00,"$2,026.00"
Software & Licenses,Supported Operating System,HPE OCA > OCA Solution > Software & Licenses > Supported Operating System,Operating System / License,Unlimited,0,Unlimited,Selection constraint for Supported Operating System: no max,P46005-B21,Standard,Microsoft Windows Server 2022 16-core Standard FIO Not Pre-installed en/fr/it/de/es/nl/pt SW,0,$988.00,,NA,,No,Obsolete (OB),,Not published by OCA,Obsolete (OB),12/06/2021,05/31/2025,"{""Extended Price (USD)"":""NA""}",UNCHANGED,$988.00,$0.00,$0.00,"$2,026.00"
Software & Licenses,Supported Operating System,HPE OCA > OCA Solution > Software & Licenses > Supported Operating System,Operating System / License,Unlimited,0,Unlimited,Selection constraint for Supported Operating System: no max,P46195-B21,Standard,Microsoft Windows Server 2022 16-core Std Add Lic en/cs/de/es/fr/it/nl/pl/pt/ru/sv/ko/ja/xc SW,0,"$1,087.00",,NA,,No,Obsolete (OB),,Not published by OCA,Obsolete (OB),11/01/2021,05/31/2025,"{""Extended Price (USD)"":""NA""}",UNCHANGED,"$1,087.00",$0.00,$0.00,"$2,026.00"
Software & Licenses,Supported Operating System,HPE OCA > OCA Solution > Software & Licenses > Supported Operating System,Operating System / License,Unlimited,0,Unlimited,Selection constraint for Supported Operating System: no max,P46196-B21,Standard,Microsoft Windows Server 2022 4-core Std Add Lic en/cs/de/es/fr/it/nl/pl/pt/ru/sv/ko/ja/xc SW,0,$272.00,,NA,,No,Obsolete (OB),,Not published by OCA,Obsolete (OB),11/01/2021,05/31/2025,"{""Extended Price (USD)"":""NA""}",UNCHANGED,$272.00,$0.00,$0.00,"$2,026.00"
Software & Licenses,Supported Operating System,HPE OCA > OCA Solution > Software & Licenses > Supported Operating System,Operating System / License,Unlimited,0,Unlimited,Selection constraint for Supported Operating System: no max,P46199-AA1,Standard,Microsoft Windows Server 2022 2-core Standard Additional License Chinese Simplified SW,0,"$99,999.00",,NA,,No,Obsolete (OB),,Not published by OCA,Obsolete (OB),11/01/2021,05/31/2025,"{""Extended Price (USD)"":""NA""}",UNCHANGED,"$99,999.00",$0.00,$0.00,"$2,026.00"
Software & Licenses,Supported Operating System,HPE OCA > OCA Solution > Software & Licenses > Supported Operating System,Operating System / License,Unlimited,0,Unlimited,Selection constraint for Supported Operating System: no max,P46199-AB1,Standard,Microsoft Windows Server 2022 2-core Standard Additional License Chinese Traditional SW,0,"$99,999.00",,NA,,No,Obsolete (OB),,Not published by OCA,Obsolete (OB),11/01/2021,05/31/2025,"{""Extended Price (USD)"":""NA""}",UNCHANGED,"$99,999.00",$0.00,$0.00,"$2,026.00"
Software & Licenses,Supported Operating System,HPE OCA > OCA Solution > Software & Licenses > Supported Operating System,Operating System / License,Unlimited,0,Unlimited,Selection constraint for Supported Operating System: no max,P46199-B21,Standard,Microsoft Windows Server 2022 2-core Std Add Lic en/cs/de/es/fr/it/nl/pl/pt/ru/sv/ko/ja/xc SW,0,$136.00,,NA,,No,Obsolete (OB),,Not published by OCA,Obsolete (OB),10/04/2021,05/31/2025,"{""Extended Price (USD)"":""NA""}",UNCHANGED,$136.00,$0.00,$0.00,"$2,026.00"
Software & Licenses,Supported Operating System,HPE OCA > OCA Solution > Software & Licenses > Supported Operating System,Operating System / License,Unlimited,0,Unlimited,Selection constraint for Supported Operating System: no max,P46212-B21,Standard,Microsoft Windows Server 2022 16-core DC Add Lic en/cs/de/es/fr/it/nl/pl/pt/ru/sv/ko/ja/xc SW,0,"$4,946.00",,NA,,No,Obsolete (OB),,Not published by OCA,Obsolete (OB),11/01/2021,05/31/2025,"{""Extended Price (USD)"":""NA""}",UNCHANGED,"$4,946.00",$0.00,$0.00,"$2,026.00"
Software & Licenses,Supported Operating System,HPE OCA > OCA Solution > Software & Licenses > Supported Operating System,Operating System / License,Unlimited,0,Unlimited,Selection constraint for Supported Operating System: no max,P46213-B21,Standard,Microsoft Windows Server 2022 4-core DC Add Lic en/cs/de/es/fr/it/nl/pl/pt/ru/sv/ko/ja/xc SW,0,"$1,238.00",,NA,,No,Obsolete (OB),,Not published by OCA,Obsolete (OB),11/01/2021,05/31/2025,"{""Extended Price (USD)"":""NA""}",UNCHANGED,"$1,238.00",$0.00,$0.00,"$2,026.00"
Software & Licenses,Supported Operating System,HPE OCA > OCA Solution > Software & Licenses > Supported Operating System,Operating System / License,Unlimited,0,Unlimited,Selection constraint for Supported Operating System: no max,P46214-B21,Standard,Microsoft Windows Server 2022 2-core DC Add Lic en/cs/de/es/fr/it/nl/pl/pt/ru/sv/ko/ja/xc SW,0,$619.00,,NA,,No,Obsolete (OB),,Not published by OCA,Obsolete (OB),10/04/2021,05/31/2025,"{""Extended Price (USD)"":""NA""}",UNCHANGED,$619.00,$0.00,$0.00,"$2,026.00"
Software & Licenses,Supported Operating System,HPE OCA > OCA Solution > Software & Licenses > Supported Operating System,Operating System / License,Unlimited,0,Unlimited,Selection constraint for Supported Operating System: no max,P77095-291,Standard,Microsoft Windows Server 2025 16-core Standard FIO Not Pre-installed Japanese SW,0,$0.00,,NA,,No,Available,,Not published by OCA,Active,12/02/2024,01/31/2027,"{""Extended Price (USD)"":""NA""}",UNCHANGED,N/A,$0.00,$0.00,2026-08-12: (no price) → 2026-09-10: (no price)
Software & Licenses,Supported Operating System,HPE OCA > OCA Solution > Software & Licenses > Supported Operating System,Operating System / License,Unlimited,0,Unlimited,Selection constraint for Supported Operating System: no max,P77095-B21,Standard,Microsoft Windows Server 2025 16-core Standard FIO Not Pre-installed en/fr/de/es/it/pt/nl SW,0,"$1,147.00",,NA,,No,Available,,Not published by OCA,Active,12/02/2024,01/31/2027,"{""Extended Price (USD)"":""NA""}",UNCHANGED,"$1,147.00",$0.00,$0.00,"$2,026.00"
Software & Licenses,Supported Operating System,HPE OCA > OCA Solution > Software & Licenses > Supported Operating System,Operating System / License,Unlimited,0,Unlimited,Selection constraint for Supported Operating System: no max,P77096-291,Standard,Microsoft Windows Server 2025 16-core Standard FIO Pre-installed UEFI Japanese SW,0,$0.00,,NA,,No,Available,,Not published by OCA,Active,12/02/2024,01/31/2027,"{""Extended Price (USD)"":""NA""}",UNCHANGED,N/A,$0.00,$0.00,2026-08-12: (no price) → 2026-09-10: (no price)
Software & Licenses,Supported Operating System,HPE OCA > OCA Solution > Software & Licenses > Supported Operating System,Operating System / License,Unlimited,0,Unlimited,Selection constraint for Supported Operating System: no max,P77096-B21,Standard,Microsoft Windows Server 2025 16-core Standard FIO Pre-installed UEFI en/fr/de/es/it/pt/nl SW,0,"$1,147.00",,NA,,No,Available,,Not published by OCA,Active,12/02/2024,01/31/2027,"{""Extended Price (USD)"":""NA""}",UNCHANGED,"$1,147.00",$0.00,$0.00,"$2,026.00"
Software & Licenses,Supported Operating System,HPE OCA > OCA Solution > Software & Licenses > Supported Operating System,Operating System / License,Unlimited,0,Unlimited,Selection constraint for Supported Operating System: no max,P77097-291,Standard,Microsoft Windows Server 2025 16-core Datacenter FIO Not Pre-installed Japanese SW,0,$0.00,,NA,,No,Available,,Not published by OCA,Active,12/02/2024,01/31/2027,"{""Extended Price (USD)"":""NA""}",UNCHANGED,N/A,$0.00,$0.00,2026-08-12: (no price) → 2026-09-10: (no price)
Software & Licenses,Supported Operating System,HPE OCA > OCA Solution > Software & Licenses > Supported Operating System,Operating System / License,Unlimited,0,Unlimited,Selection constraint for Supported Operating System: no max,P77097-B21,Standard,Microsoft Windows Server 2025 16-core Datacenter FIO Not Pre-installed en/fr/de/es/it/pt/nl SW,0,"$5,712.00",,NA,,No,Available,,Not published by OCA,Active,12/02/2024,01/31/2027,"{""Extended Price (USD)"":""NA""}",UNCHANGED,"$5,712.00",$0.00,$0.00,"$2,026.00"
Software & Licenses,Supported Operating System,HPE OCA > OCA Solution > Software & Licenses > Supported Operating System,Operating System / License,Unlimited,0,Unlimited,Selection constraint for Supported Operating System: no max,P77104-B21,Standard,Microsoft Windows Server 2025 16-core Standard Additional License WW SW,0,"$1,258.00",,NA,,No,Available,,Not published by OCA,Active,12/02/2024,11/30/2027,"{""Extended Price (USD)"":""NA""}",UNCHANGED,"$1,258.00",$0.00,$0.00,"$2,026.00"
Software & Licenses,Supported Operating System,HPE OCA > OCA Solution > Software & Licenses > Supported Operating System,Operating System / License,Unlimited,0,Unlimited,Selection constraint for Supported Operating System: no max,P77105-B21,Standard,Microsoft Windows Server 2025 4-core Standard Additional License WW SW,0,$320.00,,NA,,No,Available,,Not published by OCA,Active,12/02/2024,11/30/2027,"{""Extended Price (USD)"":""NA""}",UNCHANGED,$320.00,$0.00,$0.00,"$2,026.00"
Software & Licenses,Supported Operating System,HPE OCA > OCA Solution > Software & Licenses > Supported Operating System,Operating System / License,Unlimited,0,Unlimited,Selection constraint for Supported Operating System: no max,P77106-AA1,Standard,Microsoft Windows Server 2025 2-core Standard Additional License Chinese Simplified SW,0,$0.00,,NA,,No,Available,,Not published by OCA,Active,12/02/2024,11/30/2027,"{""Extended Price (USD)"":""NA""}",UNCHANGED,N/A,$0.00,$0.00,2026-08-12: (no price) → 2026-09-10: (no price)
Software & Licenses,Supported Operating System,HPE OCA > OCA Solution > Software & Licenses > Supported Operating System,Operating System / License,Unlimited,0,Unlimited,Selection constraint for Supported Operating System: no max,P77106-AB1,Standard,Microsoft Windows Server 2025 2-core Standard Additional License Chinese Traditional SW,0,$0.00,,NA,,No,Available,,Not published by OCA,Active,12/02/2024,11/30/2027,"{""Extended Price (USD)"":""NA""}",UNCHANGED,N/A,$0.00,$0.00,2026-08-12: (no price) → 2026-09-10: (no price)
Software & Licenses,Supported Operating System,HPE OCA > OCA Solution > Software & Licenses > Supported Operating System,Operating System / License,Unlimited,0,Unlimited,Selection constraint for Supported Operating System: no max,P77106-B21,Standard,Microsoft Windows Server 2025 2-core Standard Additional License WW SW,0,$164.00,,NA,,No,Available,,Not published by OCA,Active,12/02/2024,11/30/2027,"{""Extended Price (USD)"":""NA""}",UNCHANGED,$164.00,$0.00,$0.00,"$2,026.00"
Software & Licenses,Supported Operating System,HPE OCA > OCA Solution > Software & Licenses > Supported Operating System,Operating System / License,Unlimited,0,Unlimited,Selection constraint for Supported Operating System: no max,P77107-B21,Standard,Microsoft Windows Server 2025 16-core Datacenter Additional License WW SW,0,"$5,712.00",,NA,,No,Available,,Not published by OCA,Active,12/02/2024,11/30/2027,"{""Extended Price (USD)"":""NA""}",UNCHANGED,"$5,712.00",$0.00,$0.00,"$2,026.00"
Software & Licenses,Supported Operating System,HPE OCA > OCA Solution > Software & Licenses > Supported Operating System,Operating System / License,Unlimited,0,Unlimited,Selection constraint for Supported Operating System: no max,P77108-B21,Standard,Microsoft Windows Server 2025 4-core Datacenter Additional License WW SW,0,"$1,434.00",,NA,,No,Available,,Not published by OCA,Active,12/02/2024,11/30/2027,"{""Extended Price (USD)"":""NA""}",UNCHANGED,"$1,434.00",$0.00,$0.00,"$2,026.00"
Software & Licenses,Supported Operating System,HPE OCA > OCA Solution > Software & Licenses > Supported Operating System,Operating System / License,Unlimited,0,Unlimited,Selection constraint for Supported Operating System: no max,P77109-B21,Standard,Microsoft Windows Server 2025 2-core Datacenter Additional License WW SW,0,$721.00,,NA,,No,Available,,Not published by OCA,Active,12/02/2024,11/30/2027,"{""Extended Price (USD)"":""NA""}",UNCHANGED,$721.00,$0.00,$0.00,"$2,026.00"
Software & Licenses,Supported Operating System,HPE OCA > OCA Solution > Software & Licenses > Supported Operating System,Operating System / License,Unlimited,0,Unlimited,Selection constraint for Supported Operating System: no max,S6K30B,Standard,Microsoft Windows Server 2025 16-core Standard FIO Not Pre-installed WW ESD LTU,0,"$1,147.00",,NA,,No,Available,,Not published by OCA,Active,09/02/2025,11/30/2027,"{""Extended Price (USD)"":""NA""}",ADDED,N/A,"$1,147.00",$100.00,"$2,026.00"
Software & Licenses,Supported Operating System,HPE OCA > OCA Solution > Software & Licenses > Supported Operating System,Operating System / License,Unlimited,0,Unlimited,Selection constraint for Supported Operating System: no max,S6L35B,Standard,Microsoft Windows Server 2025 16-core Datacenter FIO Not Pre-installed WW ESD LTU,0,"$5,712.00",,NA,,No,Available,,Not published by OCA,Active,09/02/2025,11/30/2027,"{""Extended Price (USD)"":""NA""}",ADDED,N/A,"$5,712.00",$100.00,"$2,026.00"
Software & Licenses,Server Management & Operating System Licenses,HPE OCA > OCA Solution > Software & Licenses > Server Management & Operating System Licenses,Operating System / License,Unlimited,0,Unlimited,Selection constraint for Supported Operating System: no max,P11085-291,Standard,Microsoft Windows Server 2016 Downgrade Datacenter Reseller Option Kit Japanese SW,0,$0.00,NA,NA,,No,Obsolete (OB),,Not published by OCA,Obsolete (OB),04/02/2019,05/31/2025,"{""Price Delta (USD)"":""NA"",""Extended Price (USD)"":""NA""}",ATTRIBUTE_CHANGED,N/A,$0.00,$0.00,2026-09-10: (no price) → 2026-09-13: (no price)
Software & Licenses,Server Management & Operating System Licenses,HPE OCA > OCA Solution > Software & Licenses > Server Management & Operating System Licenses,Operating System / License,Unlimited,0,Unlimited,Selection constraint for Supported Operating System: no max,P11084-291,Standard,Microsoft Windows Server 2016 Downgrade Standard Reseller Option Kit Japanese SW,0,$0.00,NA,NA,,No,Obsolete (OB),,Not published by OCA,Obsolete (OB),04/02/2019,05/31/2025,"{""Price Delta (USD)"":""NA"",""Extended Price (USD)"":""NA""}",ATTRIBUTE_CHANGED,N/A,$0.00,$0.00,2026-09-10: (no price) → 2026-09-13: (no price)
Software & Licenses,Server Management & Operating System Licenses,HPE OCA > OCA Solution > Software & Licenses > Server Management & Operating System Licenses,Operating System / License,Unlimited,0,Unlimited,Selection constraint for Supported Operating System: no max,S6L45A,Standard,Microsoft Windows Server 2019 Downgrade Datacenter Reseller Option Kit Japanese ESD LTU,0,$20.00,NA,NA,,No,Available,,Not published by OCA,Active,09/02/2025,11/30/2027,"{""Price Delta (USD)"":""NA"",""Extended Price (USD)"":""NA""}",ADDED,N/A,$20.00,$100.00,"$2,026.00"
Software & Licenses,Server Management & Operating System Licenses,HPE OCA > OCA Solution > Software & Licenses > Server Management & Operating System Licenses,Operating System / License,Unlimited,0,Unlimited,Selection constraint for Supported Operating System: no max,S6L44A,Standard,Microsoft Windows Server 2019 Downgrade Standard Reseller Option Kit Japanese ESD LTU,0,$20.00,NA,NA,,No,Available,,Not published by OCA,Active,09/02/2025,11/30/2027,"{""Price Delta (USD)"":""NA"",""Extended Price (USD)"":""NA""}",ADDED,N/A,$20.00,$100.00,"$2,026.00"
Software & Licenses,Server Management & Operating System Licenses,HPE OCA > OCA Solution > Software & Licenses > Server Management & Operating System Licenses,Operating System / License,Unlimited,0,Unlimited,Selection constraint for Supported Operating System: no max,S6L41A,Standard,Microsoft Windows Server 2022 Downgrade Standard Reseller Option Kit Japanese ESD LTU,0,$33.00,NA,NA,,No,Available,,Not published by OCA,Active,09/02/2025,11/30/2027,"{""Price Delta (USD)"":""NA"",""Extended Price (USD)"":""NA""}",ADDED,N/A,$33.00,$100.00,"$2,026.00"
Software & Licenses,Supported Operating System,HPE OCA > OCA Solution > Software & Licenses > Supported Operating System,Operating System / License,Unlimited,0,Unlimited,Selection constraint for Supported Operating System: no max,P11086-B21,Standard,Microsoft Windows Server 2016 Downgrade Datacenter FIO Not Pre-installed English SW,0,$20.00,NA,NA,,No,Obsolete (OB),,Not published by OCA,Obsolete (OB),04/02/2019,05/31/2025,"{""Price Delta (USD)"":""NA"",""Extended Price (USD)"":""NA""}",UNCHANGED,$20.00,$0.00,$0.00,"$2,026.00"
Software & Licenses,Supported Operating System,HPE OCA > OCA Solution > Software & Licenses > Supported Operating System,Operating System / License,Unlimited,0,Unlimited,Selection constraint for Supported Operating System: no max,P11086-051,Standard,Microsoft Windows Server 2016 Downgrade Datacenter FIO Not Pre-installed French SW,0,$20.00,NA,NA,,No,Obsolete (OB),,Not published by OCA,Obsolete (OB),04/02/2019,05/31/2025,"{""Price Delta (USD)"":""NA"",""Extended Price (USD)"":""NA""}",UNCHANGED,$20.00,$0.00,$0.00,"$2,026.00"
Software & Licenses,Supported Operating System,HPE OCA > OCA Solution > Software & Licenses > Supported Operating System,Operating System / License,Unlimited,0,Unlimited,Selection constraint for Supported Operating System: no max,P11086-041,Standard,Microsoft Windows Server 2016 Downgrade Datacenter FIO Not Pre-installed German SW,0,$20.00,NA,NA,,No,Obsolete (OB),,Not published by OCA,Obsolete (OB),04/02/2019,05/31/2025,"{""Price Delta (USD)"":""NA"",""Extended Price (USD)"":""NA""}",UNCHANGED,$20.00,$0.00,$0.00,"$2,026.00"
Software & Licenses,Supported Operating System,HPE OCA > OCA Solution > Software & Licenses > Supported Operating System,Operating System / License,Unlimited,0,Unlimited,Selection constraint for Supported Operating System: no max,P11086-061,Standard,Microsoft Windows Server 2016 Downgrade Datacenter FIO Not Pre-installed Italian SW,0,$20.00,NA,NA,,No,Obsolete (OB),,Not published by OCA,Obsolete (OB),04/02/2019,05/31/2025,"{""Price Delta (USD)"":""NA"",""Extended Price (USD)"":""NA""}",UNCHANGED,$20.00,$0.00,$0.00,"$2,026.00"
Software & Licenses,Supported Operating System,HPE OCA > OCA Solution > Software & Licenses > Supported Operating System,Operating System / License,Unlimited,0,Unlimited,Selection constraint for Supported Operating System: no max,P11086-291,Standard,Microsoft Windows Server 2016 Downgrade Datacenter FIO Not Pre-installed Japanese SW,0,$0.00,NA,NA,,No,Obsolete (OB),,Not published by OCA,Obsolete (OB),04/02/2019,05/31/2025,"{""Price Delta (USD)"":""NA"",""Extended Price (USD)"":""NA""}",UNCHANGED,N/A,$0.00,$0.00,2026-09-10: (no price)
Software & Licenses,Supported Operating System,HPE OCA > OCA Solution > Software & Licenses > Supported Operating System,Operating System / License,Unlimited,0,Unlimited,Selection constraint for Supported Operating System: no max,P11086-071,Standard,Microsoft Windows Server 2016 Downgrade Datacenter FIO Not Pre-installed Spanish SW,0,$20.00,NA,NA,,No,Obsolete (OB),,Not published by OCA,Obsolete (OB),04/02/2019,05/31/2025,"{""Price Delta (USD)"":""NA"",""Extended Price (USD)"":""NA""}",UNCHANGED,$20.00,$0.00,$0.00,"$2,026.00"
Software & Licenses,Supported Operating System,HPE OCA > OCA Solution > Software & Licenses > Supported Operating System,Operating System / License,Unlimited,0,Unlimited,Selection constraint for Supported Operating System: no max,P11083-B21,Standard,Microsoft Windows Server 2016 Downgrade Standard FIO Not Pre-installed English SW,0,$20.00,NA,NA,,No,Obsolete (OB),,Not published by OCA,Obsolete (OB),04/02/2019,05/31/2025,"{""Price Delta (USD)"":""NA"",""Extended Price (USD)"":""NA""}",UNCHANGED,$20.00,$0.00,$0.00,"$2,026.00"
Software & Licenses,Supported Operating System,HPE OCA > OCA Solution > Software & Licenses > Supported Operating System,Operating System / License,Unlimited,0,Unlimited,Selection constraint for Supported Operating System: no max,P11083-051,Standard,Microsoft Windows Server 2016 Downgrade Standard FIO Not Pre-installed French SW,0,$20.00,NA,NA,,No,Obsolete (OB),,Not published by OCA,Obsolete (OB),04/02/2019,05/31/2025,"{""Price Delta (USD)"":""NA"",""Extended Price (USD)"":""NA""}",UNCHANGED,$20.00,$0.00,$0.00,"$2,026.00"
Software & Licenses,Supported Operating System,HPE OCA > OCA Solution > Software & Licenses > Supported Operating System,Operating System / License,Unlimited,0,Unlimited,Selection constraint for Supported Operating System: no max,P11083-041,Standard,Microsoft Windows Server 2016 Downgrade Standard FIO Not Pre-installed German SW,0,$20.00,NA,NA,,No,Obsolete (OB),,Not published by OCA,Obsolete (OB),04/02/2019,05/31/2025,"{""Price Delta (USD)"":""NA"",""Extended Price (USD)"":""NA""}",UNCHANGED,$20.00,$0.00,$0.00,"$2,026.00"
Software & Licenses,Supported Operating System,HPE OCA > OCA Solution > Software & Licenses > Supported Operating System,Operating System / License,Unlimited,0,Unlimited,Selection constraint for Supported Operating System: no max,P11083-061,Standard,Microsoft Windows Server 2016 Downgrade Standard FIO Not Pre-installed Italian SW,0,$20.00,NA,NA,,No,Obsolete (OB),,Not published by OCA,Obsolete (OB),04/02/2019,05/31/2025,"{""Price Delta (USD)"":""NA"",""Extended Price (USD)"":""NA""}",UNCHANGED,$20.00,$0.00,$0.00,"$2,026.00"
Software & Licenses,Supported Operating System,HPE OCA > OCA Solution > Software & Licenses > Supported Operating System,Operating System / License,Unlimited,0,Unlimited,Selection constraint for Supported Operating System: no max,P11083-291,Standard,Microsoft Windows Server 2016 Downgrade Standard FIO Not Pre-installed Japanese SW,0,$0.00,NA,NA,,No,Obsolete (OB),,Not published by OCA,Obsolete (OB),04/02/2019,05/31/2025,"{""Price Delta (USD)"":""NA"",""Extended Price (USD)"":""NA""}",UNCHANGED,N/A,$0.00,$0.00,2026-09-10: (no price)
Software & Licenses,Supported Operating System,HPE OCA > OCA Solution > Software & Licenses > Supported Operating System,Operating System / License,Unlimited,0,Unlimited,Selection constraint for Supported Operating System: no max,P11083-071,Standard,Microsoft Windows Server 2016 Downgrade Standard FIO Not Pre-installed Spanish SW,0,$20.00,NA,NA,,No,Obsolete (OB),,Not published by OCA,Obsolete (OB),04/02/2019,05/31/2025,"{""Price Delta (USD)"":""NA"",""Extended Price (USD)"":""NA""}",UNCHANGED,$20.00,$0.00,$0.00,"$2,026.00"
Software & Licenses,Supported Operating System,HPE OCA > OCA Solution > Software & Licenses > Supported Operating System,Operating System / License,Unlimited,0,Unlimited,Selection constraint for Supported Operating System: no max,P45879-B21,Standard,Microsoft Windows Server 2019 16-core Downgrade Datacenter FIO Not Pre-installed English SW,0,$20.00,NA,NA,,No,Available,,Not published by OCA,Active,12/06/2021,01/31/2027,"{""Price Delta (USD)"":""NA"",""Extended Price (USD)"":""NA""}",UNCHANGED,$20.00,$0.00,$0.00,"$2,026.00"
Software & Licenses,Supported Operating System,HPE OCA > OCA Solution > Software & Licenses > Supported Operating System,Operating System / License,Unlimited,0,Unlimited,Selection constraint for Supported Operating System: no max,P45879-051,Standard,Microsoft Windows Server 2019 16-core Downgrade Datacenter FIO Not Pre-installed French SW,0,$20.00,NA,NA,,No,Available,,Not published by OCA,Active,12/06/2021,01/31/2027,"{""Price Delta (USD)"":""NA"",""Extended Price (USD)"":""NA""}",UNCHANGED,$20.00,$0.00,$0.00,"$2,026.00"
Software & Licenses,Supported Operating System,HPE OCA > OCA Solution > Software & Licenses > Supported Operating System,Operating System / License,Unlimited,0,Unlimited,Selection constraint for Supported Operating System: no max,P45879-041,Standard,Microsoft Windows Server 2019 16-core Downgrade Datacenter FIO Not Pre-installed German SW,0,$20.00,NA,NA,,No,Available,,Not published by OCA,Active,12/06/2021,01/31/2027,"{""Price Delta (USD)"":""NA"",""Extended Price (USD)"":""NA""}",UNCHANGED,$20.00,$0.00,$0.00,"$2,026.00"
Software & Licenses,Supported Operating System,HPE OCA > OCA Solution > Software & Licenses > Supported Operating System,Operating System / License,Unlimited,0,Unlimited,Selection constraint for Supported Operating System: no max,P45879-061,Standard,Microsoft Windows Server 2019 16-core Downgrade Datacenter FIO Not Pre-installed Italian SW,0,$20.00,NA,NA,,No,Available,,Not published by OCA,Active,12/06/2021,01/31/2027,"{""Price Delta (USD)"":""NA"",""Extended Price (USD)"":""NA""}",UNCHANGED,$20.00,$0.00,$0.00,"$2,026.00"
Software & Licenses,Supported Operating System,HPE OCA > OCA Solution > Software & Licenses > Supported Operating System,Operating System / License,Unlimited,0,Unlimited,Selection constraint for Supported Operating System: no max,P45879-291,Standard,Microsoft Windows Server 2019 16-core Downgrade Datacenter FIO Not Pre-installed Japanese SW,0,"$99,999.00",NA,NA,,No,Available,,Not published by OCA,Active,12/06/2021,01/31/2027,"{""Price Delta (USD)"":""NA"",""Extended Price (USD)"":""NA""}",UNCHANGED,"$99,999.00",$0.00,$0.00,"$2,026.00"
Software & Licenses,Supported Operating System,HPE OCA > OCA Solution > Software & Licenses > Supported Operating System,Operating System / License,Unlimited,0,Unlimited,Selection constraint for Supported Operating System: no max,P45879-071,Standard,Microsoft Windows Server 2019 16-core Downgrade Datacenter FIO Not Pre-installed Spanish SW,0,$20.00,NA,NA,,No,Available,,Not published by OCA,Active,12/06/2021,01/31/2027,"{""Price Delta (USD)"":""NA"",""Extended Price (USD)"":""NA""}",UNCHANGED,$20.00,$0.00,$0.00,"$2,026.00"
Software & Licenses,Supported Operating System,HPE OCA > OCA Solution > Software & Licenses > Supported Operating System,Operating System / License,Unlimited,0,Unlimited,Selection constraint for Supported Operating System: no max,P45862-B21,Standard,Microsoft Windows Server 2019 16-core Downgrade Standard FIO Not Pre-installed English SW,0,$20.00,NA,NA,,No,Available,,Not published by OCA,Active,12/06/2021,01/31/2027,"{""Price Delta (USD)"":""NA"",""Extended Price (USD)"":""NA""}",UNCHANGED,$20.00,$0.00,$0.00,"$2,026.00"
Software & Licenses,Supported Operating System,HPE OCA > OCA Solution > Software & Licenses > Supported Operating System,Operating System / License,Unlimited,0,Unlimited,Selection constraint for Supported Operating System: no max,P45862-051,Standard,Microsoft Windows Server 2019 16-core Downgrade Standard FIO Not Pre-installed French SW,0,$20.00,NA,NA,,No,Available,,Not published by OCA,Active,12/06/2021,01/31/2027,"{""Price Delta (USD)"":""NA"",""Extended Price (USD)"":""NA""}",UNCHANGED,$20.00,$0.00,$0.00,"$2,026.00"
Software & Licenses,Supported Operating System,HPE OCA > OCA Solution > Software & Licenses > Supported Operating System,Operating System / License,Unlimited,0,Unlimited,Selection constraint for Supported Operating System: no max,P45862-041,Standard,Microsoft Windows Server 2019 16-core Downgrade Standard FIO Not Pre-installed German SW,0,$20.00,NA,NA,,No,Available,,Not published by OCA,Active,12/06/2021,01/31/2027,"{""Price Delta (USD)"":""NA"",""Extended Price (USD)"":""NA""}",UNCHANGED,$20.00,$0.00,$0.00,"$2,026.00"
Software & Licenses,Supported Operating System,HPE OCA > OCA Solution > Software & Licenses > Supported Operating System,Operating System / License,Unlimited,0,Unlimited,Selection constraint for Supported Operating System: no max,P45862-061,Standard,Microsoft Windows Server 2019 16-core Downgrade Standard FIO Not Pre-installed Italian SW,0,$20.00,NA,NA,,No,Available,,Not published by OCA,Active,12/06/2021,01/31/2027,"{""Price Delta (USD)"":""NA"",""Extended Price (USD)"":""NA""}",UNCHANGED,$20.00,$0.00,$0.00,"$2,026.00"
Software & Licenses,Supported Operating System,HPE OCA > OCA Solution > Software & Licenses > Supported Operating System,Operating System / License,Unlimited,0,Unlimited,Selection constraint for Supported Operating System: no max,P45862-291,Standard,Microsoft Windows Server 2019 16-core Downgrade Standard FIO Not Pre-installed Japanese SW,0,"$99,999.00",NA,NA,,No,Available,,Not published by OCA,Active,12/06/2021,01/31/2027,"{""Price Delta (USD)"":""NA"",""Extended Price (USD)"":""NA""}",UNCHANGED,"$99,999.00",$0.00,$0.00,"$2,026.00"
Software & Licenses,Supported Operating System,HPE OCA > OCA Solution > Software & Licenses > Supported Operating System,Operating System / License,Unlimited,0,Unlimited,Selection constraint for Supported Operating System: no max,P45862-071,Standard,Microsoft Windows Server 2019 16-core Downgrade Standard FIO Not Pre-installed Spanish SW,0,$20.00,NA,NA,,No,Available,,Not published by OCA,Active,12/06/2021,01/31/2027,"{""Price Delta (USD)"":""NA"",""Extended Price (USD)"":""NA""}",UNCHANGED,$20.00,$0.00,$0.00,"$2,026.00"
Software & Licenses,Supported Operating System,HPE OCA > OCA Solution > Software & Licenses > Supported Operating System,Operating System / License,Unlimited,0,Unlimited,Selection constraint for Supported Operating System: no max,S6L47A,Standard,Microsoft Windows Server 2019 Downgrade Datacenter FIO Not Pre-installed WW ESD LTU,0,$20.00,NA,NA,,No,Available,,Not published by OCA,Active,09/02/2025,11/30/2027,"{""Price Delta (USD)"":""NA"",""Extended Price (USD)"":""NA""}",ADDED,N/A,$20.00,$100.00,"$2,026.00"
Software & Licenses,Supported Operating System,HPE OCA > OCA Solution > Software & Licenses > Supported Operating System,Operating System / License,Unlimited,0,Unlimited,Selection constraint for Supported Operating System: no max,S6L46A,Standard,Microsoft Windows Server 2019 Downgrade Standard FIO Not Pre-installed WW ESD LTU,0,$20.00,NA,NA,,No,Available,,Not published by OCA,Active,09/02/2025,11/30/2027,"{""Price Delta (USD)"":""NA"",""Extended Price (USD)"":""NA""}",ADDED,N/A,$20.00,$100.00,"$2,026.00"
Software & Licenses,Supported Operating System,HPE OCA > OCA Solution > Software & Licenses > Supported Operating System,Operating System / License,Unlimited,0,Unlimited,Selection constraint for Supported Operating System: no max,P77125-291,Standard,Microsoft Windows Server 2022 Downgrade Datacenter FIO Not Pre-installed Japanese SW,0,$0.00,NA,NA,,No,Available,,Not published by OCA,Active,12/02/2024,01/31/2027,"{""Price Delta (USD)"":""NA"",""Extended Price (USD)"":""NA""}",UNCHANGED,N/A,$0.00,$0.00,2026-08-12: (no price) → 2026-09-10: (no price)
Software & Licenses,Supported Operating System,HPE OCA > OCA Solution > Software & Licenses > Supported Operating System,Operating System / License,Unlimited,0,Unlimited,Selection constraint for Supported Operating System: no max,S6L48A,Standard,Microsoft Windows Server 2022 Downgrade Datacenter FIO Not Pre-installed WW ESD LTU,0,$33.00,NA,NA,,No,Available,,Not published by OCA,Active,09/02/2025,11/30/2027,"{""Price Delta (USD)"":""NA"",""Extended Price (USD)"":""NA""}",ADDED,N/A,$33.00,$100.00,"$2,026.00"
Software & Licenses,Supported Operating System,HPE OCA > OCA Solution > Software & Licenses > Supported Operating System,Operating System / License,Unlimited,0,Unlimited,Selection constraint for Supported Operating System: no max,P77125-B21,Standard,Microsoft Windows Server 2022 Downgrade Datacenter FIO Not Pre-installed WW SW,0,$33.00,NA,NA,,No,Available,,Not published by OCA,Active,12/02/2024,01/31/2027,"{""Price Delta (USD)"":""NA"",""Extended Price (USD)"":""NA""}",UNCHANGED,$33.00,$0.00,$0.00,"$2,026.00"
Software & Licenses,Supported Operating System,HPE OCA > OCA Solution > Software & Licenses > Supported Operating System,Operating System / License,Unlimited,0,Unlimited,Selection constraint for Supported Operating System: no max,P77124-291,Standard,Microsoft Windows Server 2022 Downgrade Standard FIO Not Pre-installed Japanese SW,0,$0.00,NA,NA,,No,Available,,Not published by OCA,Active,12/02/2024,01/31/2027,"{""Price Delta (USD)"":""NA"",""Extended Price (USD)"":""NA""}",UNCHANGED,N/A,$0.00,$0.00,2026-08-12: (no price) → 2026-09-10: (no price)
Software & Licenses,Supported Operating System,HPE OCA > OCA Solution > Software & Licenses > Supported Operating System,Operating System / License,Unlimited,0,Unlimited,Selection constraint for Supported Operating System: no max,S6L43A,Standard,Microsoft Windows Server 2022 Downgrade Standard FIO Not Pre-installed WW ESD LTU,0,$33.00,NA,NA,,No,Available,,Not published by OCA,Active,09/02/2025,11/30/2027,"{""Price Delta (USD)"":""NA"",""Extended Price (USD)"":""NA""}",ADDED,N/A,$33.00,$100.00,"$2,026.00"
Software & Licenses,Supported Operating System,HPE OCA > OCA Solution > Software & Licenses > Supported Operating System,Operating System / License,Unlimited,0,Unlimited,Selection constraint for Supported Operating System: no max,P77124-B21,Standard,Microsoft Windows Server 2022 Downgrade Standard FIO Not Pre-installed WW SW,0,$33.00,NA,NA,,No,Available,,Not published by OCA,Active,12/02/2024,01/31/2027,"{""Price Delta (USD)"":""NA"",""Extended Price (USD)"":""NA""}",UNCHANGED,$33.00,$0.00,$0.00,"$2,026.00"
Software & Licenses,Server Management & Operating System Licenses,HPE OCA > OCA Solution > Software & Licenses > Server Management & Operating System Licenses,Operating System / License,Unlimited,0,Unlimited,Selection constraint for Red Hat OpenShift Platform Container: no max,P46123-AA1,Standard,Microsoft Windows Server 2022 16-core Datacenter Reseller Option Kit Chinese Simplified SW,0,"$99,999.00",,NA,,No,Obsolete (OB),,Not published by OCA,Obsolete (OB),11/01/2021,05/31/2025,"{""Extended Price (USD)"":""NA""}",ATTRIBUTE_CHANGED,"$99,999.00",$0.00,$0.00,"$2,026.00"
Software & Licenses,Server Management & Operating System Licenses,HPE OCA > OCA Solution > Software & Licenses > Server Management & Operating System Licenses,Operating System / License,Unlimited,0,Unlimited,Selection constraint for Red Hat OpenShift Platform Container: no max,P46123-AB1,Standard,Microsoft Windows Server 2022 16-core Datacenter Reseller Option Kit Chinese Traditional SW,0,"$99,999.00",,NA,,No,Obsolete (OB),,Not published by OCA,Obsolete (OB),11/01/2021,05/31/2025,"{""Extended Price (USD)"":""NA""}",ATTRIBUTE_CHANGED,"$99,999.00",$0.00,$0.00,"$2,026.00"
Software & Licenses,Server Management & Operating System Licenses,HPE OCA > OCA Solution > Software & Licenses > Server Management & Operating System Licenses,Operating System / License,Unlimited,0,Unlimited,Selection constraint for Red Hat OpenShift Platform Container: no max,P46123-371,Standard,Microsoft Windows Server 2022 16-core Datacenter Reseller Option Kit English/Korean/Japanese SW,0,"$99,999.00",,NA,,No,Obsolete (OB),,Not published by OCA,Obsolete (OB),10/04/2021,05/31/2025,"{""Extended Price (USD)"":""NA""}",ATTRIBUTE_CHANGED,"$99,999.00",$0.00,$0.00,"$2,026.00"
Software & Licenses,Server Management & Operating System Licenses,HPE OCA > OCA Solution > Software & Licenses > Server Management & Operating System Licenses,Operating System / License,Unlimited,0,Unlimited,Selection constraint for Red Hat OpenShift Platform Container: no max,P46123-021,Standard,Microsoft Windows Server 2022 16-core Datacenter Reseller Option Kit en/cs/pl/ru/sv SW,0,"$4,946.00",,NA,,No,Obsolete (OB),,Not published by OCA,Obsolete (OB),11/01/2021,05/31/2025,"{""Extended Price (USD)"":""NA""}",ATTRIBUTE_CHANGED,"$4,946.00",$0.00,$0.00,"$2,026.00"
Software & Licenses,Server Management & Operating System Licenses,HPE OCA > OCA Solution > Software & Licenses > Server Management & Operating System Licenses,Operating System / License,Unlimited,0,Unlimited,Selection constraint for Red Hat OpenShift Platform Container: no max,P46123-A21,Standard,Microsoft Windows Server 2022 16-core Datacenter Reseller Option Kit en/fr/it/de/es/nl/pt SW,0,"$4,946.00",,NA,,No,Obsolete (OB),,Not published by OCA,Obsolete (OB),10/04/2021,05/31/2025,"{""Extended Price (USD)"":""NA""}",ATTRIBUTE_CHANGED,"$4,946.00",$0.00,$0.00,"$2,026.00"
Software & Licenses,Server Management & Operating System Licenses,HPE OCA > OCA Solution > Software & Licenses > Server Management & Operating System Licenses,Operating System / License,Unlimited,0,Unlimited,Selection constraint for Red Hat OpenShift Platform Container: no max,P46128-B21,Standard,Microsoft Windows Server 2022 16-core Datacenter w/Reassignment Reseller Option Kit en/fr/de/es SW,0,"$7,260.00",,NA,,No,Obsolete (OB),,Not published by OCA,Obsolete (OB),11/01/2021,05/31/2025,"{""Extended Price (USD)"":""NA""}",ATTRIBUTE_CHANGED,"$7,260.00",$0.00,$0.00,"$2,026.00"
Software & Licenses,Server Management & Operating System Licenses,HPE OCA > OCA Solution > Software & Licenses > Server Management & Operating System Licenses,Operating System / License,Unlimited,0,Unlimited,Selection constraint for Red Hat OpenShift Platform Container: no max,P46128-291,Standard,Microsoft Windows Server 2022 16-core Datacenter with Reassignment Reseller Option Kit Japanese SW,0,"$99,999.00",,NA,,No,Obsolete (OB),,Not published by OCA,Obsolete (OB),11/01/2021,05/31/2025,"{""Extended Price (USD)"":""NA""}",ATTRIBUTE_CHANGED,"$99,999.00",$0.00,$0.00,"$2,026.00"
Software & Licenses,Server Management & Operating System Licenses,HPE OCA > OCA Solution > Software & Licenses > Server Management & Operating System Licenses,Operating System / License,Unlimited,0,Unlimited,Selection constraint for Red Hat OpenShift Platform Container: no max,P46171-AA1,Standard,Microsoft Windows Server 2022 16-core Standard Reseller Option Kit Chinese Simplified SW,0,"$99,999.00",,NA,,No,Obsolete (OB),,Not published by OCA,Obsolete (OB),11/01/2021,05/31/2025,"{""Extended Price (USD)"":""NA""}",ATTRIBUTE_CHANGED,"$99,999.00",$0.00,$0.00,"$2,026.00"
Software & Licenses,Server Management & Operating System Licenses,HPE OCA > OCA Solution > Software & Licenses > Server Management & Operating System Licenses,Operating System / License,Unlimited,0,Unlimited,Selection constraint for Red Hat OpenShift Platform Container: no max,P46171-AB1,Standard,Microsoft Windows Server 2022 16-core Standard Reseller Option Kit Chinese Traditional SW,0,"$99,999.00",,NA,,No,Obsolete (OB),,Not published by OCA,Obsolete (OB),11/01/2021,05/31/2025,"{""Extended Price (USD)"":""NA""}",ATTRIBUTE_CHANGED,"$99,999.00",$0.00,$0.00,"$2,026.00"
Software & Licenses,Server Management & Operating System Licenses,HPE OCA > OCA Solution > Software & Licenses > Server Management & Operating System Licenses,Operating System / License,Unlimited,0,Unlimited,Selection constraint for Red Hat OpenShift Platform Container: no max,P46171-371,Standard,Microsoft Windows Server 2022 16-core Standard Reseller Option Kit English/Korean/Japanese SW,0,"$99,999.00",,NA,,No,Obsolete (OB),,Not published by OCA,Obsolete (OB),10/04/2021,05/31/2025,"{""Extended Price (USD)"":""NA""}",ATTRIBUTE_CHANGED,"$99,999.00",$0.00,$0.00,"$2,026.00"
Software & Licenses,Server Management & Operating System Licenses,HPE OCA > OCA Solution > Software & Licenses > Server Management & Operating System Licenses,Operating System / License,Unlimited,0,Unlimited,Selection constraint for Red Hat OpenShift Platform Container: no max,P46171-021,Standard,Microsoft Windows Server 2022 16-core Standard Reseller Option Kit en/cs/pl/ru/sv SW,0,$988.00,,NA,,No,Obsolete (OB),,Not published by OCA,Obsolete (OB),11/01/2021,05/31/2025,"{""Extended Price (USD)"":""NA""}",ATTRIBUTE_CHANGED,$988.00,$0.00,$0.00,"$2,026.00"
Software & Licenses,Server Management & Operating System Licenses,HPE OCA > OCA Solution > Software & Licenses > Server Management & Operating System Licenses,Operating System / License,Unlimited,0,Unlimited,Selection constraint for Red Hat OpenShift Platform Container: no max,P46171-A21,Standard,Microsoft Windows Server 2022 16-core Standard Reseller Option Kit en/fr/it/de/es/nl/pt SW,0,$988.00,,NA,,No,Obsolete (OB),,Not published by OCA,Obsolete (OB),10/04/2021,05/31/2025,"{""Extended Price (USD)"":""NA""}",ATTRIBUTE_CHANGED,$988.00,$0.00,$0.00,"$2,026.00"
Software & Licenses,Server Management & Operating System Licenses,HPE OCA > OCA Solution > Software & Licenses > Server Management & Operating System Licenses,Operating System / License,Unlimited,0,Unlimited,Selection constraint for Red Hat OpenShift Platform Container: no max,S6L39A,Standard,Microsoft Windows Server 2025 10-core Essentials Reseller Option Kit WW ESD LTU,0,$445.00,,NA,,No,Available,,Not published by OCA,Active,09/02/2025,11/30/2027,"{""Extended Price (USD)"":""NA""}",ADDED,N/A,$445.00,$100.00,"$2,026.00"
Software & Licenses,Server Management & Operating System Licenses,HPE OCA > OCA Solution > Software & Licenses > Server Management & Operating System Licenses,Operating System / License,Unlimited,0,Unlimited,Selection constraint for Red Hat OpenShift Platform Container: no max,P77102-291,Standard,Microsoft Windows Server 2025 16-core Datacenter Reassignment Reseller Option Kit Japanese SW,0,$0.00,,NA,,No,Available,,Not published by OCA,Active,12/02/2024,01/31/2027,"{""Extended Price (USD)"":""NA""}",ATTRIBUTE_CHANGED,N/A,$0.00,$0.00,2026-08-12: (no price) → 2026-09-10: (no price) → 2026-09-13: (no price)
Software & Licenses,Server Management & Operating System Licenses,HPE OCA > OCA Solution > Software & Licenses > Server Management & Operating System Licenses,Operating System / License,Unlimited,0,Unlimited,Selection constraint for Red Hat OpenShift Platform Container: no max,S6L37A,Standard,Microsoft Windows Server 2025 16-core Datacenter Reassignment Reseller Option Kit WW ESD LTU,0,"$7,733.00",,NA,,No,Available,,Not published by OCA,Active,09/02/2025,11/30/2027,"{""Extended Price (USD)"":""NA""}",ADDED,N/A,"$7,733.00",$100.00,"$2,026.00"
Software & Licenses,Server Management & Operating System Licenses,HPE OCA > OCA Solution > Software & Licenses > Server Management & Operating System Licenses,Operating System / License,Unlimited,0,Unlimited,Selection constraint for Red Hat OpenShift Platform Container: no max,P77102-B21,Standard,Microsoft Windows Server 2025 16-core Datacenter Reassignment Reseller Option Kit en/fr/de/es SW,0,"$7,733.00",,NA,,No,Available,,Not published by OCA,Active,12/02/2024,01/31/2027,"{""Extended Price (USD)"":""NA""}",ATTRIBUTE_CHANGED,"$7,733.00",$0.00,$0.00,"$2,026.00"
Software & Licenses,Server Management & Operating System Licenses,HPE OCA > OCA Solution > Software & Licenses > Server Management & Operating System Licenses,Operating System / License,Unlimited,0,Unlimited,Selection constraint for Red Hat OpenShift Platform Container: no max,P77101-AA1,Standard,Microsoft Windows Server 2025 16-core Datacenter Reseller Option Kit Chinese Simplified SW,0,$0.00,,NA,,No,Available,,Not published by OCA,Active,12/02/2024,01/31/2027,"{""Extended Price (USD)"":""NA""}",ATTRIBUTE_CHANGED,N/A,$0.00,$0.00,2026-08-12: (no price) → 2026-09-10: (no price) → 2026-09-13: (no price)
Software & Licenses,Server Management & Operating System Licenses,HPE OCA > OCA Solution > Software & Licenses > Server Management & Operating System Licenses,Operating System / License,Unlimited,0,Unlimited,Selection constraint for Red Hat OpenShift Platform Container: no max,P77101-AB1,Standard,Microsoft Windows Server 2025 16-core Datacenter Reseller Option Kit Chinese Traditional SW,0,$0.00,,NA,,No,Available,,Not published by OCA,Active,12/02/2024,01/31/2027,"{""Extended Price (USD)"":""NA""}",ATTRIBUTE_CHANGED,N/A,$0.00,$0.00,2026-08-12: (no price) → 2026-09-10: (no price) → 2026-09-13: (no price)
Software & Licenses,Server Management & Operating System Licenses,HPE OCA > OCA Solution > Software & Licenses > Server Management & Operating System Licenses,Operating System / License,Unlimited,0,Unlimited,Selection constraint for Red Hat OpenShift Platform Container: no max,P77101-291,Standard,Microsoft Windows Server 2025 16-core Datacenter Reseller Option Kit Japanese SW,0,$0.00,,NA,,No,Available,,Not published by OCA,Active,12/02/2024,01/31/2027,"{""Extended Price (USD)"":""NA""}",ATTRIBUTE_CHANGED,N/A,$0.00,$0.00,2026-08-12: (no price) → 2026-09-10: (no price) → 2026-09-13: (no price)
Software & Licenses,Server Management & Operating System Licenses,HPE OCA > OCA Solution > Software & Licenses > Server Management & Operating System Licenses,Operating System / License,Unlimited,0,Unlimited,Selection constraint for Red Hat OpenShift Platform Container: no max,S6L36A,Standard,Microsoft Windows Server 2025 16-core Datacenter Reseller Option Kit WW ESD LTU,0,"$5,712.00",,NA,,No,Available,,Not published by OCA,Active,09/02/2025,11/30/2027,"{""Extended Price (USD)"":""NA""}",ADDED,N/A,"$5,712.00",$100.00,"$2,026.00"
Software & Licenses,Server Management & Operating System Licenses,HPE OCA > OCA Solution > Software & Licenses > Server Management & Operating System Licenses,Operating System / License,Unlimited,0,Unlimited,Selection constraint for Red Hat OpenShift Platform Container: no max,P77101-021,Standard,Microsoft Windows Server 2025 16-core Datacenter Reseller Option Kit en/cs/pl/ru/sv SW,0,"$5,712.00",,NA,,No,Available,,Not published by OCA,Active,12/02/2024,01/31/2027,"{""Extended Price (USD)"":""NA""}",ATTRIBUTE_CHANGED,"$5,712.00",$0.00,$0.00,"$2,026.00"
Software & Licenses,Server Management & Operating System Licenses,HPE OCA > OCA Solution > Software & Licenses > Server Management & Operating System Licenses,Operating System / License,Unlimited,0,Unlimited,Selection constraint for Red Hat OpenShift Platform Container: no max,P77101-A21,Standard,Microsoft Windows Server 2025 16-core Datacenter Reseller Option Kit en/fr/de/es/it/pt/nl SW,0,"$5,712.00",,NA,,No,Available,,Not published by OCA,Active,12/02/2024,01/31/2027,"{""Extended Price (USD)"":""NA""}",ATTRIBUTE_CHANGED,"$5,712.00",$0.00,$0.00,"$2,026.00"
Software & Licenses,Server Management & Operating System Licenses,HPE OCA > OCA Solution > Software & Licenses > Server Management & Operating System Licenses,Operating System / License,Unlimited,0,Unlimited,Selection constraint for Red Hat OpenShift Platform Container: no max,P77101-371,Standard,Microsoft Windows Server 2025 16-core Datacenter Reseller Option Kit en/ko SW,0,$0.00,,NA,,No,Available,,Not published by OCA,Active,12/02/2024,01/31/2027,"{""Extended Price (USD)"":""NA""}",ATTRIBUTE_CHANGED,N/A,$0.00,$0.00,2026-08-12: (no price) → 2026-09-10: (no price) → 2026-09-13: (no price)
Software & Licenses,Server Management & Operating System Licenses,HPE OCA > OCA Solution > Software & Licenses > Server Management & Operating System Licenses,Operating System / License,Unlimited,0,Unlimited,Selection constraint for Red Hat OpenShift Platform Container: no max,P77100-AA1,Standard,Microsoft Windows Server 2025 16-core Standard Reseller Option Kit Chinese Simplified SW,0,$0.00,,NA,,No,Available,,Not published by OCA,Active,12/02/2024,01/31/2027,"{""Extended Price (USD)"":""NA""}",ATTRIBUTE_CHANGED,N/A,$0.00,$0.00,2026-08-12: (no price) → 2026-09-10: (no price) → 2026-09-13: (no price)
Software & Licenses,Server Management & Operating System Licenses,HPE OCA > OCA Solution > Software & Licenses > Server Management & Operating System Licenses,Operating System / License,Unlimited,0,Unlimited,Selection constraint for Red Hat OpenShift Platform Container: no max,P77100-AB1,Standard,Microsoft Windows Server 2025 16-core Standard Reseller Option Kit Chinese Traditional SW,0,$0.00,,NA,,No,Available,,Not published by OCA,Active,12/02/2024,01/31/2027,"{""Extended Price (USD)"":""NA""}",ATTRIBUTE_CHANGED,N/A,$0.00,$0.00,2026-08-12: (no price) → 2026-09-10: (no price) → 2026-09-13: (no price)
Software & Licenses,Server Management & Operating System Licenses,HPE OCA > OCA Solution > Software & Licenses > Server Management & Operating System Licenses,Operating System / License,Unlimited,0,Unlimited,Selection constraint for Red Hat OpenShift Platform Container: no max,P77100-291,Standard,Microsoft Windows Server 2025 16-core Standard Reseller Option Kit Japanese SW,0,$0.00,,NA,,No,Available,,Not published by OCA,Active,12/02/2024,01/31/2027,"{""Extended Price (USD)"":""NA""}",ATTRIBUTE_CHANGED,N/A,$0.00,$0.00,2026-08-12: (no price) → 2026-09-10: (no price) → 2026-09-13: (no price)
Software & Licenses,Server Management & Operating System Licenses,HPE OCA > OCA Solution > Software & Licenses > Server Management & Operating System Licenses,Operating System / License,Unlimited,0,Unlimited,Selection constraint for Red Hat OpenShift Platform Container: no max,S6L38A,Standard,Microsoft Windows Server 2025 16-core Standard Reseller Option Kit WW ESD LTU,0,"$1,147.00",,NA,,No,Available,,Not published by OCA,Active,09/02/2025,11/30/2027,"{""Extended Price (USD)"":""NA""}",ADDED,N/A,"$1,147.00",$100.00,"$2,026.00"
Software & Licenses,Server Management & Operating System Licenses,HPE OCA > OCA Solution > Software & Licenses > Server Management & Operating System Licenses,Operating System / License,Unlimited,0,Unlimited,Selection constraint for Red Hat OpenShift Platform Container: no max,P77100-021,Standard,Microsoft Windows Server 2025 16-core Standard Reseller Option Kit en/cs/pl/ru/sv SW,0,"$1,147.00",,NA,,No,Available,,Not published by OCA,Active,12/02/2024,01/31/2027,"{""Extended Price (USD)"":""NA""}",ATTRIBUTE_CHANGED,"$1,147.00",$0.00,$0.00,"$2,026.00"
Software & Licenses,Server Management & Operating System Licenses,HPE OCA > OCA Solution > Software & Licenses > Server Management & Operating System Licenses,Operating System / License,Unlimited,0,Unlimited,Selection constraint for Red Hat OpenShift Platform Container: no max,P77100-A21,Standard,Microsoft Windows Server 2025 16-core Standard Reseller Option Kit en/fr/de/es/it/pt/nl SW,0,"$1,147.00",,NA,,No,Available,,Not published by OCA,Active,12/02/2024,01/31/2027,"{""Extended Price (USD)"":""NA""}",ATTRIBUTE_CHANGED,"$1,147.00",$0.00,$0.00,"$2,026.00"
Software & Licenses,Server Management & Operating System Licenses,HPE OCA > OCA Solution > Software & Licenses > Server Management & Operating System Licenses,Operating System / License,Unlimited,0,Unlimited,Selection constraint for Red Hat OpenShift Platform Container: no max,P77100-371,Standard,Microsoft Windows Server 2025 16-core Standard Reseller Option Kit en/ko SW,0,$0.00,,NA,,No,Available,,Not published by OCA,Active,12/02/2024,01/31/2027,"{""Extended Price (USD)"":""NA""}",ATTRIBUTE_CHANGED,N/A,$0.00,$0.00,2026-08-12: (no price) → 2026-09-10: (no price) → 2026-09-13: (no price)
Software & Licenses,SUSE containers,HPE OCA > OCA Solution > Software & Licenses > SUSE containers,Service & Support,Unlimited,0,Unlimited,Selection constraint for SUSE containers: no max,M6K30A,Standard,SUSE Linux Enterprise Server SAP 1-2 Sockets or 1-2 VM 3 Year Subscription 24x7 Support Flx LTU,0,"$7,803.00",,NA,,No,Obsolete (OB),,Not published by OCA,Obsolete (OB),06/01/2015,03/02/2026,"{""Extended Price (USD)"":""NA""}",UNCHANGED,"$7,803.00",$0.00,$0.00,"$2,026.00"
Software & Licenses,SUSE containers,HPE OCA > OCA Solution > Software & Licenses > SUSE containers,Service & Support,Unlimited,0,Unlimited,Selection constraint for SUSE containers: no max,M6K32A,Standard,SUSE Linux Enterprise Server SAP 1-2 Sockets or 1-2 VM 5 Year Subscription 24x7 Support Flx LTU,0,"$13,005.00",,NA,,No,Obsolete (OB),,Not published by OCA,Obsolete (OB),06/01/2015,03/02/2026,"{""Extended Price (USD)"":""NA""}",UNCHANGED,"$13,005.00",$0.00,$0.00,"$2,026.00"
Software & Licenses,SUSE containers,HPE OCA > OCA Solution > Software & Licenses > SUSE containers,Operating System / License,Unlimited,0,Unlimited,Selection constraint for SUSE containers: no max,S3R49A,Standard,SUSE Linux Enterprise Server w/SUSE Manager Lifecycle Management+ 1-2 Sockets/1-2 VM 3yr 24x7 LTU,0,"$4,399.00",,NA,,No,Obsolete (OB),,Not published by OCA,Obsolete (OB),05/06/2024,03/02/2026,"{""Extended Price (USD)"":""NA""}",ADDED,N/A,"$4,399.00",$100.00,"$2,026.00"
Software & Licenses,SUSE containers,HPE OCA > OCA Solution > Software & Licenses > SUSE containers,Operating System / License,Unlimited,0,Unlimited,Selection constraint for SUSE containers: no max,S3R50A,Standard,SUSE Linux Enterprise Server w/SUSE Manager Lifecycle Management+ 1-2 Sockets/1-2 VM 1yr 24x7 LTU,0,"$1,599.00",,NA,,No,Obsolete (OB),,Not published by OCA,Obsolete (OB),05/06/2024,03/02/2026,"{""Extended Price (USD)"":""NA""}",ADDED,N/A,"$1,599.00",$100.00,"$2,026.00"
Software & Licenses,SUSE containers,HPE OCA > OCA Solution > Software & Licenses > SUSE containers,Operating System / License,Unlimited,0,Unlimited,Selection constraint for SUSE containers: no max,S3R51A,Standard,SUSE Linux Enterprise Server w/SUSE Manager Lifecycle Management+ 1-2 Sockets/1-2 VM 1yr 9x5 LTU,0,"$1,099.00",,NA,,No,Obsolete (OB),,Not published by OCA,Obsolete (OB),05/06/2024,03/02/2026,"{""Extended Price (USD)"":""NA""}",ADDED,N/A,"$1,099.00",$100.00,"$2,026.00"
Software & Licenses,SUSE containers,HPE OCA > OCA Solution > Software & Licenses > SUSE containers,Operating System / License,Unlimited,0,Unlimited,Selection constraint for SUSE containers: no max,S3R52A,Standard,SUSE Linux Enterprise Server w/SUSE Manager Lifecycle Management+ 1-2 Sockets/1-2 VM 5yr 24x7 LTU,0,"$7,196.00",,NA,,No,Obsolete (OB),,Not published by OCA,Obsolete (OB),05/06/2024,03/02/2026,"{""Extended Price (USD)"":""NA""}",ADDED,N/A,"$7,196.00",$100.00,"$2,026.00"
Software & Licenses,SUSE containers,HPE OCA > OCA Solution > Software & Licenses > SUSE containers,Operating System / License,Unlimited,0,Unlimited,Selection constraint for SUSE containers: no max,S3R53A,Standard,SUSE Linux Enterprise Server w/SUSE Manager Lifecycle Management+ 1-2 Sockets/1-2 VM 3yr 9x5 LTU,0,"$2,990.00",,NA,,No,Obsolete (OB),,Not published by OCA,Obsolete (OB),05/06/2024,03/02/2026,"{""Extended Price (USD)"":""NA""}",ADDED,N/A,"$2,990.00",$100.00,"$2,026.00"
Software & Licenses,SUSE containers,HPE OCA > OCA Solution > Software & Licenses > SUSE containers,Operating System / License,Unlimited,0,Unlimited,Selection constraint for SUSE containers: no max,S3R54A,Standard,SUSE Linux Enterprise Server w/SUSE Manager Lifecycle Management+ 1-2 Sockets/1-2 VM 5yr 9x5 LTU,0,"$4,946.00",,NA,,No,Obsolete (OB),,Not published by OCA,Obsolete (OB),05/06/2024,03/02/2026,"{""Extended Price (USD)"":""NA""}",ADDED,N/A,"$4,946.00",$100.00,"$2,026.00"
Software & Licenses,SUSE containers,HPE OCA > OCA Solution > Software & Licenses > SUSE containers,Service & Support,Unlimited,0,Unlimited,Selection constraint for SUSE containers: no max,S7N85A,Standard,SUSE Linux Enterprise Server for SAP Applications 1-2 Sockets or 1-2 VM 3-year Sub 24x7 Support LTU,0,"$7,803.00",,NA,,No,Available,,Not published by OCA,Active,03/02/2026,04/30/2028,"{""Extended Price (USD)"":""NA""}",ADDED,N/A,"$7,803.00",$100.00,"$2,026.00"
Software & Licenses,SUSE containers,HPE OCA > OCA Solution > Software & Licenses > SUSE containers,Service & Support,Unlimited,0,Unlimited,Selection constraint for SUSE containers: no max,S7N86A,Standard,SUSE Linux Enterprise Server for SAP Applications 1-2 Sockets or 1-2 VM 5-year Sub 24x7 Support LTU,0,"$13,005.00",,NA,,No,Available,,Not published by OCA,Active,03/02/2026,04/30/2028,"{""Extended Price (USD)"":""NA""}",ADDED,N/A,"$13,005.00",$100.00,"$2,026.00"
Software & Licenses,SUSE containers,HPE OCA > OCA Solution > Software & Licenses > SUSE containers,Operating System / License,Unlimited,0,Unlimited,Selection constraint for SUSE containers: no max,S7N89A,Standard,SUSE Linux Enterprise Server w/SUSE Multi-Linux Mgr Lifecycle Mgmt+ 1-2 Skts/1-2 VM 1yr 24x7 LTU,0,"$1,599.00",,NA,,No,Available,,Not published by OCA,Active,03/02/2026,04/30/2028,"{""Extended Price (USD)"":""NA""}",ADDED,N/A,"$1,599.00",$100.00,"$2,026.00"
Software & Licenses,SUSE containers,HPE OCA > OCA Solution > Software & Licenses > SUSE containers,Operating System / License,Unlimited,0,Unlimited,Selection constraint for SUSE containers: no max,S7N90A,Standard,SUSE Linux Enterprise Server w/SUSE Multi-Linux Mgr Lifecycle Mgmt+ 1-2 Skts/1-2 VM 1yr 9x5 LTU,0,"$1,099.00",,NA,,No,Available,,Not published by OCA,Active,03/02/2026,04/30/2028,"{""Extended Price (USD)"":""NA""}",ADDED,N/A,"$1,099.00",$100.00,"$2,026.00"
Software & Licenses,SUSE containers,HPE OCA > OCA Solution > Software & Licenses > SUSE containers,Operating System / License,Unlimited,0,Unlimited,Selection constraint for SUSE containers: no max,S7N91A,Standard,SUSE Linux Enterprise Server w/SUSE Multi-Linux Mgr Lifecycle Mgmt+ 1-2 Skts/1-2 VM 3yr 24x7 LTU,0,"$4,399.00",,NA,,No,Available,,Not published by OCA,Active,03/02/2026,04/30/2028,"{""Extended Price (USD)"":""NA""}",ADDED,N/A,"$4,399.00",$100.00,"$2,026.00"
Software & Licenses,SUSE containers,HPE OCA > OCA Solution > Software & Licenses > SUSE containers,Operating System / License,Unlimited,0,Unlimited,Selection constraint for SUSE containers: no max,S7N92A,Standard,SUSE Linux Enterprise Server w/SUSE Multi-Linux Mgr Lifecycle Mgmt+ 1-2 Skts/1-2 VM 3yr 9x5 LTU,0,"$2,990.00",,NA,,No,Available,,Not published by OCA,Active,03/02/2026,04/30/2028,"{""Extended Price (USD)"":""NA""}",ADDED,N/A,"$2,990.00",$100.00,"$2,026.00"
Software & Licenses,SUSE containers,HPE OCA > OCA Solution > Software & Licenses > SUSE containers,Operating System / License,Unlimited,0,Unlimited,Selection constraint for SUSE containers: no max,S7N93A,Standard,SUSE Linux Enterprise Server w/SUSE Multi-Linux Mgr Lifecycle Mgmt+ 1-2 Skts/1-2 VM 5yr 24x7 LTU,0,"$7,196.00",,NA,,No,Available,,Not published by OCA,Active,03/02/2026,04/30/2028,"{""Extended Price (USD)"":""NA""}",ADDED,N/A,"$7,196.00",$100.00,"$2,026.00"
Software & Licenses,SUSE containers,HPE OCA > OCA Solution > Software & Licenses > SUSE containers,Operating System / License,Unlimited,0,Unlimited,Selection constraint for SUSE containers: no max,S7N94A,Standard,SUSE Linux Enterprise Server w/SUSE Multi-Linux Mgr Lifecycle Mgmt+ 1-2 Skts/1-2 VM 5yr 9x5 LTU,0,"$4,946.00",,NA,,No,Available,,Not published by OCA,Active,03/02/2026,04/30/2028,"{""Extended Price (USD)"":""NA""}",ADDED,N/A,"$4,946.00",$100.00,"$2,026.00"
Software & Licenses,SUSE containers,HPE OCA > OCA Solution > Software & Licenses > SUSE containers,Operating System / License,Unlimited,0,Unlimited,Selection constraint for SUSE containers: no max,P46191-AA1,Standard,Microsoft Windows Server 2022 1 User CAL Chinese Simplified LTU,0,"$99,999.00",,NA,,No,Obsolete (OB),,Not published by OCA,Obsolete (OB),11/01/2021,05/31/2025,"{""Extended Price (USD)"":""NA""}",UNCHANGED,"$99,999.00",$0.00,$0.00,"$2,026.00"
Software & Licenses,SUSE containers,HPE OCA > OCA Solution > Software & Licenses > SUSE containers,Operating System / License,Unlimited,0,Unlimited,Selection constraint for SUSE containers: no max,P46191-B21,Standard,Microsoft Windows Server 2022 1 User CAL en/cs/de/es/fr/it/nl/pl/pt/ru/sv/ko/ja/xc LTU,0,$55.00,,NA,,No,Obsolete (OB),,Not published by OCA,Obsolete (OB),11/01/2021,05/31/2025,"{""Extended Price (USD)"":""NA""}",UNCHANGED,$55.00,$0.00,$0.00,"$2,026.00"
Software & Licenses,SUSE containers,HPE OCA > OCA Solution > Software & Licenses > SUSE containers,Operating System / License,Unlimited,0,Unlimited,Selection constraint for SUSE containers: no max,P46194-B21,Standard,Microsoft Windows Server 2022 1 Device CAL en/cs/de/es/fr/it/nl/pl/pt/ru/sv/ko/ja/xc LTU,0,$44.00,,NA,,No,Obsolete (OB),,Not published by OCA,Obsolete (OB),11/01/2021,05/31/2025,"{""Extended Price (USD)"":""NA""}",UNCHANGED,$44.00,$0.00,$0.00,"$2,026.00"
Software & Licenses,SUSE containers,HPE OCA > OCA Solution > Software & Licenses > SUSE containers,Operating System / License,Unlimited,0,Unlimited,Selection constraint for SUSE containers: no max,P46215-AA1,Standard,Microsoft Windows Server 2022 5 Users CAL Chinese Simplified LTU,0,"$99,999.00",,NA,,No,Obsolete (OB),,Not published by OCA,Obsolete (OB),11/01/2021,05/31/2025,"{""Extended Price (USD)"":""NA""}",UNCHANGED,"$99,999.00",$0.00,$0.00,"$2,026.00"
Software & Licenses,SUSE containers,HPE OCA > OCA Solution > Software & Licenses > SUSE containers,Operating System / License,Unlimited,0,Unlimited,Selection constraint for SUSE containers: no max,P46215-AB1,Standard,Microsoft Windows Server 2022 5 Users CAL Chinese Traditional LTU,0,"$99,999.00",,NA,,No,Obsolete (OB),,Not published by OCA,Obsolete (OB),11/01/2021,05/31/2025,"{""Extended Price (USD)"":""NA""}",UNCHANGED,"$99,999.00",$0.00,$0.00,"$2,026.00"
Software & Licenses,SUSE containers,HPE OCA > OCA Solution > Software & Licenses > SUSE containers,Operating System / License,Unlimited,0,Unlimited,Selection constraint for SUSE containers: no max,P46215-B21,Standard,Microsoft Windows Server 2022 5 Users CAL en/cs/de/es/fr/it/nl/pl/pt/ru/sv/ko/ja/xc LTU,0,$271.00,,NA,,No,Obsolete (OB),,Not published by OCA,Obsolete (OB),11/01/2021,05/31/2025,"{""Extended Price (USD)"":""NA""}",UNCHANGED,$271.00,$0.00,$0.00,"$2,026.00"
Software & Licenses,SUSE containers,HPE OCA > OCA Solution > Software & Licenses > SUSE containers,Operating System / License,Unlimited,0,Unlimited,Selection constraint for SUSE containers: no max,P46216-B21,Standard,Microsoft Windows Server 2022 5 Devices CAL en/cs/de/es/fr/it/nl/pl/pt/ru/sv/ko/ja/xc LTU,0,$216.00,,NA,,No,Obsolete (OB),,Not published by OCA,Obsolete (OB),11/01/2021,05/31/2025,"{""Extended Price (USD)"":""NA""}",UNCHANGED,$216.00,$0.00,$0.00,"$2,026.00"
Software & Licenses,SUSE containers,HPE OCA > OCA Solution > Software & Licenses > SUSE containers,Operating System / License,Unlimited,0,Unlimited,Selection constraint for SUSE containers: no max,P46217-B21,Standard,Microsoft Windows Server 2022 10 Users CAL en/cs/de/es/fr/it/nl/pl/pt/ru/sv/ko/ja/xc LTU,0,$539.00,,NA,,No,Obsolete (OB),,Not published by OCA,Obsolete (OB),11/01/2021,05/31/2025,"{""Extended Price (USD)"":""NA""}",UNCHANGED,$539.00,$0.00,$0.00,"$2,026.00"
Software & Licenses,SUSE containers,HPE OCA > OCA Solution > Software & Licenses > SUSE containers,Operating System / License,Unlimited,0,Unlimited,Selection constraint for SUSE containers: no max,P46218-B21,Standard,Microsoft Windows Server 2022 10 Devices CAL en/cs/de/es/fr/it/nl/pl/pt/ru/sv/ko/ja/xc LTU,0,$429.00,,NA,,No,Obsolete (OB),,Not published by OCA,Obsolete (OB),11/01/2021,05/31/2025,"{""Extended Price (USD)"":""NA""}",UNCHANGED,$429.00,$0.00,$0.00,"$2,026.00"
Software & Licenses,SUSE containers,HPE OCA > OCA Solution > Software & Licenses > SUSE containers,Operating System / License,Unlimited,0,Unlimited,Selection constraint for SUSE containers: no max,P46219-B21,Standard,Microsoft Windows Server 2022 50 Users CAL en/cs/de/es/fr/it/nl/pl/pt/ru/sv/ko/ja/xc LTU,0,"$2,695.00",,NA,,No,Obsolete (OB),,Not published by OCA,Obsolete (OB),11/01/2021,05/31/2025,"{""Extended Price (USD)"":""NA""}",UNCHANGED,"$2,695.00",$0.00,$0.00,"$2,026.00"
Software & Licenses,SUSE containers,HPE OCA > OCA Solution > Software & Licenses > SUSE containers,Operating System / License,Unlimited,0,Unlimited,Selection constraint for SUSE containers: no max,P46220-B21,Standard,Microsoft Windows Server 2022 50 Devices CAL en/cs/de/es/fr/it/nl/pl/pt/ru/sv/ko/ja/xc LTU,0,"$2,145.00",,NA,,No,Obsolete (OB),,Not published by OCA,Obsolete (OB),11/01/2021,05/31/2025,"{""Extended Price (USD)"":""NA""}",UNCHANGED,"$2,145.00",$0.00,$0.00,"$2,026.00"
Software & Licenses,SUSE containers,HPE OCA > OCA Solution > Software & Licenses > SUSE containers,Operating System / License,Unlimited,0,Unlimited,Selection constraint for SUSE containers: no max,P46221-B21,Standard,Microsoft Windows Server 2022 RDS 5 Users CAL en/cs/de/es/fr/it/nl/pl/pt/ru/sv/ko/ja/xc LTU,0,$899.00,,NA,,No,Obsolete (OB),,Not published by OCA,Obsolete (OB),11/01/2021,05/31/2025,"{""Extended Price (USD)"":""NA""}",UNCHANGED,$899.00,$0.00,$0.00,2026-09-09: $935.00 → 2026-09-10: $899.00 (▼)
Software & Licenses,SUSE containers,HPE OCA > OCA Solution > Software & Licenses > SUSE containers,Operating System / License,Unlimited,0,Unlimited,Selection constraint for SUSE containers: no max,P46222-B21,Standard,Microsoft Windows Server 2022 RDS 5 Devices CAL en/cs/de/es/fr/it/nl/pl/pt/ru/sv/ko/ja/xc LTU,0,$880.00,,NA,,No,Obsolete (OB),,Not published by OCA,Obsolete (OB),11/01/2021,05/31/2025,"{""Extended Price (USD)"":""NA""}",UNCHANGED,$880.00,$0.00,$0.00,"$2,026.00"
Software & Licenses,SUSE containers,HPE OCA > OCA Solution > Software & Licenses > SUSE containers,Operating System / License,Unlimited,0,Unlimited,Selection constraint for SUSE containers: no max,P77110-AA1,Standard,Microsoft Windows Server 2025 1 User CAL Chinese Simplified LTU,0,$0.00,,NA,,No,Available,,Not published by OCA,Active,12/02/2024,11/30/2027,"{""Extended Price (USD)"":""NA""}",UNCHANGED,N/A,$0.00,$0.00,2026-08-12: (no price) → 2026-08-13: (no price) → 2026-08-14: (no price) → 2026-08-24: (no price) → 2026-09-09: (no price) → 2026-09-10: (no price)
Software & Licenses,SUSE containers,HPE OCA > OCA Solution > Software & Licenses > SUSE containers,Operating System / License,Unlimited,0,Unlimited,Selection constraint for SUSE containers: no max,P77110-B21,Standard,Microsoft Windows Server 2025 1 User CAL WW LTU,0,$72.00,,NA,,No,Available,,Not published by OCA,Active,12/02/2024,11/30/2027,"{""Extended Price (USD)"":""NA""}",UNCHANGED,$72.00,$0.00,$0.00,"$2,026.00"
Software & Licenses,SUSE containers,HPE OCA > OCA Solution > Software & Licenses > SUSE containers,Operating System / License,Unlimited,0,Unlimited,Selection constraint for SUSE containers: no max,P77111-B21,Standard,Microsoft Windows Server 2025 1 Device CAL WW LTU,0,$52.00,,NA,,No,Available,,Not published by OCA,Active,12/02/2024,11/30/2027,"{""Extended Price (USD)"":""NA""}",UNCHANGED,$52.00,$0.00,$0.00,"$2,026.00"
Software & Licenses,SUSE containers,HPE OCA > OCA Solution > Software & Licenses > SUSE containers,Operating System / License,Unlimited,0,Unlimited,Selection constraint for SUSE containers: no max,P77112-AA1,Standard,Microsoft Windows Server 2025 5 Users CAL Chinese Simplified LTU,0,$0.00,,NA,,No,Available,,Not published by OCA,Active,12/02/2024,11/30/2027,"{""Extended Price (USD)"":""NA""}",UNCHANGED,N/A,$0.00,$0.00,2026-08-12: (no price) → 2026-08-13: (no price) → 2026-08-14: (no price) → 2026-08-24: (no price) → 2026-09-09: (no price) → 2026-09-10: (no price)
Software & Licenses,SUSE containers,HPE OCA > OCA Solution > Software & Licenses > SUSE containers,Operating System / License,Unlimited,0,Unlimited,Selection constraint for SUSE containers: no max,P77112-AB1,Standard,Microsoft Windows Server 2025 5 Users CAL Chinese Traditional LTU,0,$0.00,,NA,,No,Available,,Not published by OCA,Active,12/02/2024,11/30/2027,"{""Extended Price (USD)"":""NA""}",UNCHANGED,N/A,$0.00,$0.00,2026-08-12: (no price) → 2026-08-13: (no price) → 2026-08-14: (no price) → 2026-08-24: (no price) → 2026-09-09: (no price) → 2026-09-10: (no price)
Software & Licenses,SUSE containers,HPE OCA > OCA Solution > Software & Licenses > SUSE containers,Operating System / License,Unlimited,0,Unlimited,Selection constraint for SUSE containers: no max,P77112-B21,Standard,Microsoft Windows Server 2025 5 Users CAL WW LTU,0,$322.00,,NA,,No,Available,,Not published by OCA,Active,12/02/2024,11/30/2027,"{""Extended Price (USD)"":""NA""}",UNCHANGED,$322.00,$0.00,$0.00,"$2,026.00"
Software & Licenses,SUSE containers,HPE OCA > OCA Solution > Software & Licenses > SUSE containers,Operating System / License,Unlimited,0,Unlimited,Selection constraint for SUSE containers: no max,P77113-B21,Standard,Microsoft Windows Server 2025 5 Devices CAL WW LTU,0,$226.00,,NA,,No,Available,,Not published by OCA,Active,12/02/2024,11/30/2027,"{""Extended Price (USD)"":""NA""}",UNCHANGED,$226.00,$0.00,$0.00,"$2,026.00"
Software & Licenses,SUSE containers,HPE OCA > OCA Solution > Software & Licenses > SUSE containers,Operating System / License,Unlimited,0,Unlimited,Selection constraint for SUSE containers: no max,P77114-B21,Standard,Microsoft Windows Server 2025 10 Users CAL WW LTU,0,$636.00,,NA,,No,Available,,Not published by OCA,Active,12/02/2024,11/30/2027,"{""Extended Price (USD)"":""NA""}",UNCHANGED,$636.00,$0.00,$0.00,"$2,026.00"
Software & Licenses,SUSE containers,HPE OCA > OCA Solution > Software & Licenses > SUSE containers,Operating System / License,Unlimited,0,Unlimited,Selection constraint for SUSE containers: no max,P77115-B21,Standard,Microsoft Windows Server 2025 10 Devices CAL WW LTU,0,$444.00,,NA,,No,Available,,Not published by OCA,Active,12/02/2024,11/30/2027,"{""Extended Price (USD)"":""NA""}",UNCHANGED,$444.00,$0.00,$0.00,"$2,026.00"
Software & Licenses,SUSE containers,HPE OCA > OCA Solution > Software & Licenses > SUSE containers,Operating System / License,Unlimited,0,Unlimited,Selection constraint for SUSE containers: no max,P77116-B21,Standard,Microsoft Windows Server 2025 50 Users CAL WW LTU,0,"$3,143.00",,NA,,No,Available,,Not published by OCA,Active,12/02/2024,11/30/2027,"{""Extended Price (USD)"":""NA""}",UNCHANGED,"$3,143.00",$0.00,$0.00,"$2,026.00"
Software & Licenses,SUSE containers,HPE OCA > OCA Solution > Software & Licenses > SUSE containers,Operating System / License,Unlimited,0,Unlimited,Selection constraint for SUSE containers: no max,P77117-B21,Standard,Microsoft Windows Server 2025 50 Devices CAL WW LTU,0,"$2,184.00",,NA,,No,Available,,Not published by OCA,Active,12/02/2024,11/30/2027,"{""Extended Price (USD)"":""NA""}",UNCHANGED,"$2,184.00",$0.00,$0.00,"$2,026.00"
Software & Licenses,SUSE containers,HPE OCA > OCA Solution > Software & Licenses > SUSE containers,Service & Support,Unlimited,0,Unlimited,Selection constraint for SUSE containers: no max,P77118-B21,Standard,Microsoft Windows Server 2025 Remote Desktop Service 1 User CAL WW LTU,0,$280.00,,NA,,No,Available,,Not published by OCA,Active,12/02/2024,11/30/2027,"{""Extended Price (USD)"":""NA""}",UNCHANGED,$280.00,$0.00,$0.00,"$2,026.00"
Software & Licenses,SUSE containers,HPE OCA > OCA Solution > Software & Licenses > SUSE containers,Service & Support,Unlimited,0,Unlimited,Selection constraint for SUSE containers: no max,P77119-B21,Standard,Microsoft Windows Server 2025 Remote Desktop Service 1 Device CAL WW LTU,0,$201.00,,NA,,No,Available,,Not published by OCA,Active,12/02/2024,11/30/2027,"{""Extended Price (USD)"":""NA""}",UNCHANGED,$201.00,$0.00,$0.00,"$2,026.00"
Software & Licenses,SUSE containers,HPE OCA > OCA Solution > Software & Licenses > SUSE containers,Service & Support,Unlimited,0,Unlimited,Selection constraint for SUSE containers: no max,P77120-B21,Standard,Microsoft Windows Server 2025 Remote Desktop Service 5 Users CAL WW LTU,0,"$1,364.00",,NA,,No,Available,,Not published by OCA,Active,12/02/2024,11/30/2027,"{""Extended Price (USD)"":""NA""}",UNCHANGED,"$1,364.00",$0.00,$0.00,"$2,026.00"
Software & Licenses,SUSE containers,HPE OCA > OCA Solution > Software & Licenses > SUSE containers,Service & Support,Unlimited,0,Unlimited,Selection constraint for SUSE containers: no max,P77121-B21,Standard,Microsoft Windows Server 2025 Remote Desktop Service 5 Devices CAL WW LTU,0,$974.00,,NA,,No,Available,,Not published by OCA,Active,12/02/2024,11/30/2027,"{""Extended Price (USD)"":""NA""}",UNCHANGED,$974.00,$0.00,$0.00,"$2,026.00"
Software & Licenses,SUSE containers,HPE OCA > OCA Solution > Software & Licenses > SUSE containers,Service & Support,Unlimited,0,Unlimited,Selection constraint for SUSE containers: no max,P77122-B21,Standard,Microsoft Windows Server 2025 Remote Desktop Service 50 Users CAL WW LTU,0,"$13,566.00",,NA,,No,Available,,Not published by OCA,Active,12/02/2024,11/30/2027,"{""Extended Price (USD)"":""NA""}",UNCHANGED,"$13,566.00",$0.00,$0.00,"$2,026.00"
Software & Licenses,SUSE containers,HPE OCA > OCA Solution > Software & Licenses > SUSE containers,Service & Support,Unlimited,0,Unlimited,Selection constraint for SUSE containers: no max,P77123-B21,Standard,Microsoft Windows Server 2025 Remote Desktop Service 50 Devices CAL WW LTU,0,"$9,666.00",,NA,,No,Available,,Not published by OCA,Active,12/02/2024,11/30/2027,"{""Extended Price (USD)"":""NA""}",UNCHANGED,"$9,666.00",$0.00,$0.00,"$2,026.00"
Software & Licenses,Red Hat Enterprise Linux Server-Virtualization,HPE OCA > OCA Solution > Software & Licenses > Red Hat Enterprise Linux Server-Virtualization,Service & Support,Unlimited,0,Unlimited,Selection constraint for Red Hat Enterprise Linux Server-Virtualization: no max,S4R31A,Standard,Red Hat Enterprise Linux Virtual Datacenter 2 Sockets 1-year Subscription 24x7 Support LTU,0,"$4,839.00",,NA,,No,Available,,Not published by OCA,Active,10/07/2024,11/03/2027,"{""Extended Price (USD)"":""NA""}",ADDED,N/A,"$4,839.00",$100.00,"$2,026.00"
Software & Licenses,Red Hat Enterprise Linux Server-Virtualization,HPE OCA > OCA Solution > Software & Licenses > Red Hat Enterprise Linux Server-Virtualization,Service & Support,Unlimited,0,Unlimited,Selection constraint for Red Hat Enterprise Linux Server-Virtualization: no max,S4R32A,Standard,Red Hat Enterprise Linux Virtual Datacenter 2 Sockets 3-year Subscription 24x7 Support LTU,0,"$14,516.00",,NA,,No,Available,,Not published by OCA,Active,10/07/2024,11/03/2027,"{""Extended Price (USD)"":""NA""}",ADDED,N/A,"$14,516.00",$100.00,"$2,026.00"
Software & Licenses,Red Hat Enterprise Linux Server-Virtualization,HPE OCA > OCA Solution > Software & Licenses > Red Hat Enterprise Linux Server-Virtualization,Service & Support,Unlimited,0,Unlimited,Selection constraint for Red Hat Enterprise Linux Server-Virtualization: no max,S4R33A,Standard,Red Hat Enterprise Linux Virtual Datacenter 2 Sockets 5-year Subscription 24x7 Support LTU,0,"$24,194.00",,NA,,No,Available,,Not published by OCA,Active,10/07/2024,11/03/2027,"{""Extended Price (USD)"":""NA""}",ADDED,N/A,"$24,194.00",$100.00,"$2,026.00"
Software & Licenses,Red Hat Enterprise Linux Server-Virtualization,HPE OCA > OCA Solution > Software & Licenses > Red Hat Enterprise Linux Server-Virtualization,Service & Support,Unlimited,0,Unlimited,Selection constraint for Red Hat Enterprise Linux Server-Virtualization: no max,S4R34A,Standard,Red Hat Enterprise Linux Virtual Datacenter 2 Sockets 1-year Subscription 9x5 Support LTU,0,"$3,024.00",,NA,,No,Available,,Not published by OCA,Active,10/07/2024,11/03/2027,"{""Extended Price (USD)"":""NA""}",ADDED,N/A,"$3,024.00",$100.00,"$2,026.00"
Software & Licenses,Red Hat Enterprise Linux Server-Virtualization,HPE OCA > OCA Solution > Software & Licenses > Red Hat Enterprise Linux Server-Virtualization,Service & Support,Unlimited,0,Unlimited,Selection constraint for Red Hat Enterprise Linux Server-Virtualization: no max,S4R35A,Standard,Red Hat Enterprise Linux Virtual Datacenter 2 Sockets 3-year Subscription 9x5 Support LTU,0,"$9,072.00",,NA,,No,Available,,Not published by OCA,Active,10/07/2024,11/03/2027,"{""Extended Price (USD)"":""NA""}",ADDED,N/A,"$9,072.00",$100.00,"$2,026.00"
Software & Licenses,Red Hat Enterprise Linux Server-Virtualization,HPE OCA > OCA Solution > Software & Licenses > Red Hat Enterprise Linux Server-Virtualization,Service & Support,Unlimited,0,Unlimited,Selection constraint for Red Hat Enterprise Linux Server-Virtualization: no max,S4R36A,Standard,Red Hat Enterprise Linux Virtual Datacenter 2 Sockets 5-year Subscription 9x5 Support LTU,0,"$15,119.00",,NA,,No,Available,,Not published by OCA,Active,10/07/2024,11/03/2027,"{""Extended Price (USD)"":""NA""}",ADDED,N/A,"$15,119.00",$100.00,"$2,026.00"
Software & Licenses,Red Hat Enterprise Linux Server-Virtualization,HPE OCA > OCA Solution > Software & Licenses > Red Hat Enterprise Linux Server-Virtualization,Service & Support,Unlimited,0,Unlimited,Selection constraint for Red Hat Enterprise Linux Server-Virtualization: no max,S4R37A,Standard,Red Hat Enterprise Linux Server 2 Sockets or 2 Guests 1-year Subscription 24x7 Support LTU,0,"$1,429.00",,NA,,No,Available,,Not published by OCA,Active,10/07/2024,11/03/2027,"{""Extended Price (USD)"":""NA""}",ADDED,N/A,"$1,429.00",$100.00,"$2,026.00"
Software & Licenses,Red Hat Enterprise Linux Server-Virtualization,HPE OCA > OCA Solution > Software & Licenses > Red Hat Enterprise Linux Server-Virtualization,Service & Support,Unlimited,0,Unlimited,Selection constraint for Red Hat Enterprise Linux Server-Virtualization: no max,S4R38A,Standard,Red Hat Enterprise Linux Server 2 Sockets or 2 Guests 3-year Subscription 24x7 Support LTU,0,"$4,072.00",,NA,,No,Available,,Not published by OCA,Active,10/07/2024,11/03/2027,"{""Extended Price (USD)"":""NA""}",ADDED,N/A,"$4,072.00",$100.00,"$2,026.00"
Software & Licenses,Red Hat Enterprise Linux Server-Virtualization,HPE OCA > OCA Solution > Software & Licenses > Red Hat Enterprise Linux Server-Virtualization,Service & Support,Unlimited,0,Unlimited,Selection constraint for Red Hat Enterprise Linux Server-Virtualization: no max,S4R39A,Standard,Red Hat Enterprise Linux Server 2 Sockets or 2 Guests 5-year Subscription 24x7 Support LTU,0,"$6,787.00",,NA,,No,Available,,Not published by OCA,Active,10/07/2024,11/03/2027,"{""Extended Price (USD)"":""NA""}",ADDED,N/A,"$6,787.00",$100.00,"$2,026.00"
Software & Licenses,Red Hat Enterprise Linux Server-Virtualization,HPE OCA > OCA Solution > Software & Licenses > Red Hat Enterprise Linux Server-Virtualization,Service & Support,Unlimited,0,Unlimited,Selection constraint for Red Hat Enterprise Linux Server-Virtualization: no max,S4R40A,Standard,Red Hat Enterprise Linux Server 2 Sockets or 2 Guests 1-year Subscription 9x5 Support LTU,0,$879.00,,NA,,No,Available,,Not published by OCA,Active,10/07/2024,11/03/2027,"{""Extended Price (USD)"":""NA""}",ADDED,N/A,$879.00,$100.00,"$2,026.00"
Software & Licenses,Red Hat Enterprise Linux Server-Virtualization,HPE OCA > OCA Solution > Software & Licenses > Red Hat Enterprise Linux Server-Virtualization,Service & Support,Unlimited,0,Unlimited,Selection constraint for Red Hat Enterprise Linux Server-Virtualization: no max,S4R41A,Standard,Red Hat Enterprise Linux Server 2 Sockets or 2 Guests 3-year Subscription 9x5 Support LTU,0,"$2,505.00",,NA,,No,Available,,Not published by OCA,Active,10/07/2024,11/03/2027,"{""Extended Price (USD)"":""NA""}",ADDED,N/A,"$2,505.00",$100.00,"$2,026.00"
Software & Licenses,Red Hat Enterprise Linux Server-Virtualization,HPE OCA > OCA Solution > Software & Licenses > Red Hat Enterprise Linux Server-Virtualization,Service & Support,Unlimited,0,Unlimited,Selection constraint for Red Hat Enterprise Linux Server-Virtualization: no max,S4R42A,Standard,Red Hat Enterprise Linux Server 2 Sockets or 2 Guests 5-year Subscription 9x5 Support LTU,0,"$4,175.00",,NA,,No,Available,,Not published by OCA,Active,10/07/2024,11/03/2027,"{""Extended Price (USD)"":""NA""}",ADDED,N/A,"$4,175.00",$100.00,"$2,026.00"
Software & Licenses,Red Hat Enterprise Linux Server-Virtualization,HPE OCA > OCA Solution > Software & Licenses > Red Hat Enterprise Linux Server-Virtualization,Service & Support,Unlimited,0,Unlimited,Selection constraint for Red Hat Enterprise Linux Server-Virtualization: no max,S4R43A,Standard,Red Hat Enterprise Linux Server 2 Sockets 1 Guest 1-year Subscription 24x7 Support LTU,0,"$1,429.00",,NA,,No,Available,,Not published by OCA,Active,10/07/2024,11/03/2027,"{""Extended Price (USD)"":""NA""}",ADDED,N/A,"$1,429.00",$100.00,"$2,026.00"
Software & Licenses,Red Hat Enterprise Linux Server-Virtualization,HPE OCA > OCA Solution > Software & Licenses > Red Hat Enterprise Linux Server-Virtualization,Service & Support,Unlimited,0,Unlimited,Selection constraint for Red Hat Enterprise Linux Server-Virtualization: no max,S4R44A,Standard,Red Hat Enterprise Linux Server 2 Sockets 1 Guest 1-year Subscription 9x5 Support LTU,0,$879.00,,NA,,No,Available,,Not published by OCA,Active,10/07/2024,11/03/2027,"{""Extended Price (USD)"":""NA""}",ADDED,N/A,$879.00,$100.00,"$2,026.00"
Software & Licenses,Red Hat Enterprise Linux Server-Virtualization,HPE OCA > OCA Solution > Software & Licenses > Red Hat Enterprise Linux Server-Virtualization,Service & Support,Unlimited,0,Unlimited,Selection constraint for Red Hat Enterprise Linux Server-Virtualization: no max,S4R45A,Standard,Red Hat Enterprise Linux Server 2 Sockets 4 Guests 1-year Subscription 24x7 Support LTU,0,"$2,144.00",,NA,,No,Available,,Not published by OCA,Active,10/07/2024,11/03/2027,"{""Extended Price (USD)"":""NA""}",ADDED,N/A,"$2,144.00",$100.00,"$2,026.00"
Software & Licenses,Red Hat Enterprise Linux Server-Virtualization,HPE OCA > OCA Solution > Software & Licenses > Red Hat Enterprise Linux Server-Virtualization,Service & Support,Unlimited,0,Unlimited,Selection constraint for Red Hat Enterprise Linux Server-Virtualization: no max,S4R46A,Standard,Red Hat Enterprise Linux Server 2 Sockets 4 Guests 1-year Subscription 9x5 Support LTU,0,"$1,319.00",,NA,,No,Available,,Not published by OCA,Active,10/07/2024,11/03/2027,"{""Extended Price (USD)"":""NA""}",ADDED,N/A,"$1,319.00",$100.00,"$2,026.00"
Software & Licenses,Red Hat Enterprise Linux Server-Virtualization,HPE OCA > OCA Solution > Software & Licenses > Red Hat Enterprise Linux Server-Virtualization,Service & Support,Unlimited,0,Unlimited,Selection constraint for Red Hat Enterprise Linux Server-Virtualization: no max,S4R47A,Standard,Red Hat Enterprise Linux Server 2 Sockets 4 Guests 3-year Subscription 24x7 Support LTU,0,"$6,110.00",,NA,,No,Available,,Not published by OCA,Active,10/07/2024,11/03/2027,"{""Extended Price (USD)"":""NA""}",ADDED,N/A,"$6,110.00",$100.00,"$2,026.00"
Software & Licenses,Red Hat Enterprise Linux Server-Virtualization,HPE OCA > OCA Solution > Software & Licenses > Red Hat Enterprise Linux Server-Virtualization,Service & Support,Unlimited,0,Unlimited,Selection constraint for Red Hat Enterprise Linux Server-Virtualization: no max,S4R48A,Standard,Red Hat Enterprise Linux Server 2 Sockets 4 Guests 3-year Subscription 9x5 Support LTU,0,"$3,759.00",,NA,,No,Available,,Not published by OCA,Active,10/07/2024,11/03/2027,"{""Extended Price (USD)"":""NA""}",ADDED,N/A,"$3,759.00",$100.00,"$2,026.00"