Main Category	Sub-Category	Hierarchy Path	Component Role	Constraint Text	Subcategory Min Qty	Subcategory Max Qty	Table Rule/Note	Product #	Option Type	Description	Current Qty	Unit Price (USD)	Price Delta (USD)	Extended Price (USD)	Price per GB (USD)	HPE Recommended	Availability	Lead Time	Lead Time Source	Lifecycle Status	Start Date	Discontinued Date	Vendor Attributes (JSON)	Diff Status	Previous List Price (USD)	Price Change (USD)	Price Change (%)	Price History Trail
Chassis	Variants	HPE OCA > DL360 Gen11 [P52499-B21] > Chassis > Variants	Base Chassis	min 1, max 1	1	1	Select exactly one currently discoverable, non-TAA/non-GTA CTO base chassis	P52499-B21	CTO	HPE ProLiant DL360 Gen11 8SFF NC Configure-to-order Server	1	5045.00				Yes	Available in OCA product catalog	EDT 17 - 21 days	OCA configuration estimate	Active	2026-09-16	05/31/2028		BASELINE	N/A	$0.00	0.00%	2026-09-16: $5045.00
Chassis	Variants	HPE OCA > DL360 Gen11 [P52499-B21] > Chassis > Variants	Base Chassis	min 1, max 1	1	1	Select exactly one currently discoverable, non-TAA/non-GTA CTO base chassis	P52498-B21	CTO	HPE ProLiant DL360 Gen11 4LFF NC Configure-to-order Server	1	5045.00				Yes	Available in OCA product catalog	EDT 17 - 21 days	OCA configuration estimate	Active	2026-09-16	05/31/2028		BASELINE	N/A	$0.00	0.00%	2026-09-16: $5045.00
Chassis	Variants	HPE OCA > DL360 Gen11 [P52499-B21] > Chassis > Variants	Base Chassis	min 1, max 1	1	1	Select exactly one currently discoverable, non-TAA/non-GTA CTO base chassis	P52500-B21	CTO	HPE ProLiant DL360 Gen11 20EDSFF Configure-to-order Server	1	5045.00				Yes	Available in OCA product catalog	EDT 17 - 21 days	OCA configuration estimate	Active	2026-09-16	05/31/2028		BASELINE	N/A	$0.00	0.00%	2026-09-16: $5045.00
Accessories & Infrastructure	Energy Star Configuration Presets	HPE OCA > DL360 Gen11 [P52499-B21] > Accessories & Infrastructure > Energy Star Configuration Presets	Chassis Infrastructure	max 1	0	1	Selection constraint for Energy Star Configuration Presets: max 1	P68503-B21	Standard	ENERGY STAR 4.0 FIO Trigger Configuration Kit for HPE	0	1.00				No	Available		Not published by OCA	Active	2026-09-16	05/31/2028	{}	BASELINE	N/A	$0.00	0.00%	2026-09-16: $1.00
Processor	Processors	HPE OCA > DL360 Gen11 [P52499-B21] > Processor > Processors	Processor	min 1, Required	1	Required	Selection constraint for Processors: required	P49621-B21	Standard	Intel Xeon-Gold 6418H 2.1GHz 24-core 185W Processor for HPE	0	7285.00				No	Available		Not published by OCA	Active	2026-09-16	05/31/2028	{"Type":"6418H","Freq":"2.1","Watt":"185","Cores":"24","Series":"H"}	BASELINE	N/A	$0.00	0.00%	2026-09-16: $7285.00
Processor	Processors	HPE OCA > DL360 Gen11 [P52499-B21] > Processor > Processors	Processor	min 1, Required	1	Required	Selection constraint for Processors: required	P67096-B21	Standard	Intel Xeon-Gold 6538Y+ 2.2GHz 32-core 225W Processor for HPE	0	8173.00				No	Available		Not published by OCA	Active	2026-09-16	05/31/2028	{"Type":"6538Y+","Freq":"2.2","Watt":"225","Cores":"32","Series":"Y+"}	BASELINE	N/A	$0.00	0.00%	2026-09-16: $8173.00
Processor	Processors	HPE OCA > DL360 Gen11 [P52499-B21] > Processor > Processors	Processor	min 1, Required	1	Required	Selection constraint for Processors: required	P67097-B21	Standard	Intel Xeon-Platinum 8558 2.1GHz 48-core 330W Processor for HPE	0	14218.00				No	Available		Not published by OCA	Active	2026-09-16	05/31/2028	{"Type":"8558","Freq":"2.1","Watt":"330","Cores":"48"}	BASELINE	N/A	$0.00	0.00%	2026-09-16: $14218.00
Processor	Processors	HPE OCA > DL360 Gen11 [P52499-B21] > Processor > Processors	Processor	min 1, Required	1	Required	Selection constraint for Processors: required	P49653-B21	Standard	Intel Xeon-Gold 5416S 2.0GHz 16-core 150W Processor for HPE	2	3017.00				No	Available		Not published by OCA	Active	2026-09-16	05/31/2028	{"Type":"5416S","Freq":"2","Watt":"150","Cores":"16","Series":"S"}	BASELINE	N/A	$0.00	0.00%	2026-09-16: $3017.00
Processor	Processors	HPE OCA > DL360 Gen11 [P52499-B21] > Processor > Processors	Processor	min 1, Required	1	Required	Selection constraint for Processors: required	P67080-B21	Standard	Intel Xeon-Gold 6526Y 2.8GHz 16-core 195W Processor for HPE	0	4014.00				No	Available		Not published by OCA	Active	2026-09-16	05/31/2028	{"Type":"6526Y","Freq":"2.8","Watt":"195","Cores":"16","Series":"Y"}	BASELINE	N/A	$0.00	0.00%	2026-09-16: $4014.00
Processor	Processors	HPE OCA > DL360 Gen11 [P52499-B21] > Processor > Processors	Processor	min 1, Required	1	Required	Selection constraint for Processors: required	P67081-B21	Standard	Intel Xeon-Gold 6542Y 2.9GHz 24-core 250W Processor for HPE	0	6769.00				No	Available		Not published by OCA	Active	2026-09-16	05/31/2028	{"Type":"6542Y","Freq":"2.9","Watt":"250","Cores":"24","Series":"Y"}	BASELINE	N/A	$0.00	0.00%	2026-09-16: $6769.00
Processor	Processors	HPE OCA > DL360 Gen11 [P52499-B21] > Processor > Processors	Processor	min 1, Required	1	Required	Selection constraint for Processors: required	P67082-B21	Standard	Intel Xeon-Gold 6548Y+ 2.5GHz 32-core 250W Processor for HPE	0	10516.00				No	Available		Not published by OCA	Active	2026-09-16	05/31/2028	{"Type":"6548Y+","Freq":"2.5","Watt":"250","Cores":"32","Series":"Y+"}	BASELINE	N/A	$0.00	0.00%	2026-09-16: $10516.00
Processor	Processors	HPE OCA > DL360 Gen11 [P52499-B21] > Processor > Processors	Processor	min 1, Required	1	Required	Selection constraint for Processors: required	P67083-B21	Standard	Intel Xeon-Gold 6534 3.9GHz 8-core 195W Processor for HPE	0	7947.00				No	Available		Not published by OCA	Active	2026-09-16	05/31/2028	{"Type":"6534","Freq":"3.9","Watt":"195","Cores":"8"}	BASELINE	N/A	$0.00	0.00%	2026-09-16: $7947.00
Processor	Processors	HPE OCA > DL360 Gen11 [P52499-B21] > Processor > Processors	Processor	min 1, Required	1	Required	Selection constraint for Processors: required	P67084-B21	Standard	Intel Xeon-Gold 6544Y 3.6GHz 16-core 270W Processor for HPE	0	11074.00				No	Available		Not published by OCA	Active	2026-09-16	05/31/2028	{"Type":"6544Y","Freq":"3.6","Watt":"270","Cores":"16","Series":"Y"}	BASELINE	N/A	$0.00	0.00%	2026-09-16: $11074.00
Processor	Processors	HPE OCA > DL360 Gen11 [P52499-B21] > Processor > Processors	Processor	min 1, Required	1	Required	Selection constraint for Processors: required	P67085-B21	Standard	Intel Xeon-Platinum 8562Y+ 2.8GHz 32-core 300W Processor for HPE	0	14682.00				No	Available		Not published by OCA	Active	2026-09-16	05/31/2028	{"Type":"8562Y+","Freq":"2.8","Watt":"300","Cores":"32"}	BASELINE	N/A	$0.00	0.00%	2026-09-16: $14682.00
Processor	Processors	HPE OCA > DL360 Gen11 [P52499-B21] > Processor > Processors	Processor	min 1, Required	1	Required	Selection constraint for Processors: required	P67091-B21	Standard	Intel Xeon-Silver 4510 2.4GHz 12-core 150W Processor for HPE	0	1756.00				No	Available		Not published by OCA	Active	2026-09-16	05/31/2028	{"Type":"4510","Freq":"2.4","Watt":"150","Cores":"12","Series":"N/A"}	BASELINE	N/A	$0.00	0.00%	2026-09-16: $1756.00
Processor	Processors	HPE OCA > DL360 Gen11 [P52499-B21] > Processor > Processors	Processor	min 1, Required	1	Required	Selection constraint for Processors: required	P67092-B21	Standard	Intel Xeon-Silver 4514Y 2.0GHz 16-core 150W Processor for HPE	0	2457.00				No	Available		Not published by OCA	Active	2026-09-16	05/31/2028	{"Type":"4514Y","Freq":"2","Watt":"150","Cores":"16","Series":"Y"}	BASELINE	N/A	$0.00	0.00%	2026-09-16: $2457.00
Processor	Processors	HPE OCA > DL360 Gen11 [P52499-B21] > Processor > Processors	Processor	min 1, Required	1	Required	Selection constraint for Processors: required	P67094-B21	Standard	Intel Xeon-Gold 5520+ 2.2GHz 28-core 205W Processor for HPE	0	4959.00				No	Available		Not published by OCA	Active	2026-09-16	05/31/2028	{"Type":"5520+","Freq":"2.2","Watt":"205","Cores":"28","Series":"+"}	BASELINE	N/A	$0.00	0.00%	2026-09-16: $4959.00
Processor	Processors	HPE OCA > DL360 Gen11 [P52499-B21] > Processor > Processors	Processor	min 1, Required	1	Required	Selection constraint for Processors: required	P67095-B21	Standard	Intel Xeon-Gold 6530 2.1GHz 32-core 270W Processor for HPE	0	4933.00				No	Available		Not published by OCA	Active	2026-09-16	05/31/2028	{"Type":"6530","Freq":"2.1","Watt":"270","Cores":"32"}	BASELINE	N/A	$0.00	0.00%	2026-09-16: $4933.00
Processor	Processors	HPE OCA > DL360 Gen11 [P52499-B21] > Processor > Processors	Processor	min 1, Required	1	Required	Selection constraint for Processors: required	P67098-B21	Standard	Intel Xeon-Gold 6558Q 3.2GHz 32-core 350W Processor for HPE	0	15846.00				No	Available		Not published by OCA	Active	2026-09-16	05/31/2028	{"Type":"6558Q","Freq":"3.2","Watt":"350","Cores":"32"}	BASELINE	N/A	$0.00	0.00%	2026-09-16: $15846.00
Processor	Processors	HPE OCA > DL360 Gen11 [P52499-B21] > Processor > Processors	Processor	min 1, Required	1	Required	Selection constraint for Processors: required	P67105-B21	Standard	Intel Xeon-Gold 6548N 2.8GHz 32-core 250W Processor for HPE	0	11165.00				No	Available		Not published by OCA	Active	2026-09-16	05/31/2028	{"Type":"6548N","Freq":"2.8","Watt":"250","Cores":"32","Series":"N"}	BASELINE	N/A	$0.00	0.00%	2026-09-16: $11165.00
Processor	Processors	HPE OCA > DL360 Gen11 [P52499-B21] > Processor > Processors	Processor	min 1, Required	1	Required	Selection constraint for Processors: required	P49605-B21	Standard	Intel Xeon-Platinum 8468 2.1GHz 48-core 350W Processor for HPE	0	15149.00				No	EOL Warning (90-Day)		Not published by OCA	EOL Warning (90-Day)	2026-09-16	05/31/2028	{"Type":"8468","Freq":"2.1","Watt":"350","Cores":"48","Series":"N/A"}	BASELINE	N/A	$0.00	0.00%	2026-09-16: $15149.00
Processor	Processors	HPE OCA > DL360 Gen11 [P52499-B21] > Processor > Processors	Processor	min 1, Required	1	Required	Selection constraint for Processors: required	P49607-B21	Standard	Intel Xeon-Platinum 8480+ 2.0GHz 56-core 350W Processor for HPE	0	20242.00				No	EOL Warning (90-Day)		Not published by OCA	EOL Warning (90-Day)	2026-09-16	05/31/2028	{"Type":"8480Plus","Freq":"2","Watt":"350","Cores":"56","Series":"+"}	BASELINE	N/A	$0.00	0.00%	2026-09-16: $20242.00
Processor	Processors	HPE OCA > DL360 Gen11 [P52499-B21] > Processor > Processors	Processor	min 1, Required	1	Required	Selection constraint for Processors: required	P49615-B21	Standard	Intel Xeon-Gold 6438Y+ 2.0GHz 32-core 205W Processor for HPE	0	11104.00				No	EOL Warning (90-Day)		Not published by OCA	EOL Warning (90-Day)	2026-09-16	05/31/2028	{"Type":"6438Y+","Freq":"2","Watt":"205","Cores":"32","Series":"Y+"}	BASELINE	N/A	$0.00	0.00%	2026-09-16: $11104.00
Processor	Processors	HPE OCA > DL360 Gen11 [P52499-B21] > Processor > Processors	Processor	min 1, Required	1	Required	Selection constraint for Processors: required	P49616-B21	Standard	Intel Xeon-Platinum 8452Y 2.0GHz 36-core 300W Processor for HPE	0	8390.00				No	EOL Warning (90-Day)		Not published by OCA	EOL Warning (90-Day)	2026-09-16	05/31/2028	{"Type":"8452Y","Freq":"2","Watt":"300","Cores":"36","Series":"Y"}	BASELINE	N/A	$0.00	0.00%	2026-09-16: $8390.00
Processor	Processors	HPE OCA > DL360 Gen11 [P52499-B21] > Processor > Processors	Processor	min 1, Required	1	Required	Selection constraint for Processors: required	P67088-B21	Standard	Intel Xeon-Platinum 8580 2.0GHz 60-core 350W Processor for HPE	0	23877.00				No	Available		Not published by OCA	Active	2026-09-16	05/31/2028	{"Type":"8580","Freq":"2","Watt":"350","Cores":"60"}	BASELINE	N/A	$0.00	0.00%	2026-09-16: $23877.00
Processor	Processors	HPE OCA > DL360 Gen11 [P52499-B21] > Processor > Processors	Processor	min 1, Required	1	Required	Selection constraint for Processors: required	P67109-B21	Standard	Intel Xeon-Platinum 8581V 2.0GHz 60-core 270W Processor for HPE	0	20661.00				No	Available		Not published by OCA	Active	2026-09-16	05/31/2028	{"Type":"8581V","Freq":"2","Watt":"270","Cores":"60","Series":"V"}	BASELINE	N/A	$0.00	0.00%	2026-09-16: $20661.00
Processor	Processors	HPE OCA > DL360 Gen11 [P52499-B21] > Processor > Processors	Processor	min 1, Required	1	Required	Selection constraint for Processors: required	P67110-B21	Standard	Intel Xeon-Gold 6554S 2.2GHz 36-core 270W Processor for HPE	0	9653.00				No	Available		Not published by OCA	Active	2026-09-16	05/31/2028	{"Type":"6554S","Freq":"2.2","Watt":"270","Cores":"36","Series":"S"}	BASELINE	N/A	$0.00	0.00%	2026-09-16: $9653.00
Processor	Processors	HPE OCA > DL360 Gen11 [P52499-B21] > Processor > Processors	Processor	min 1, Required	1	Required	Selection constraint for Processors: required	P68449-B21	Standard	Intel Xeon-Platinum 8593Q 2.2GHz 64-core 385W Processor for HPE	0	24791.00				No	Available		Not published by OCA	Active	2026-09-16	05/31/2028	{"Type":"8593Q","Freq":"2.2","Watt":"385","Cores":"64","Series":"Q"}	BASELINE	N/A	$0.00	0.00%	2026-09-16: $24791.00
Processor	Processors	HPE OCA > DL360 Gen11 [P52499-B21] > Processor > Processors	Processor	min 1, Required	1	Required	Selection constraint for Processors: required	P49597-B21	Standard	Intel Xeon-Gold 5415+ 2.9GHz 8-core 150W Processor for HPE	0	4164.00				No	EOL Warning (90-Day)		Not published by OCA	EOL Warning (90-Day)	2026-09-16	05/31/2028	{"Type":"5415+","Freq":"2.9","Watt":"150","Cores":"8","Series":"+"}	BASELINE	N/A	$0.00	0.00%	2026-09-16: $4164.00
Processor	Processors	HPE OCA > DL360 Gen11 [P52499-B21] > Processor > Processors	Processor	min 1, Required	1	Required	Selection constraint for Processors: required	P49598-B21	Standard	Intel Xeon-Gold 6426Y 2.5GHz 16-core 185W Processor for HPE	0	5789.00				No	EOL Warning (90-Day)		Not published by OCA	EOL Warning (90-Day)	2026-09-16	05/31/2028	{"Type":"6426Y","Freq":"2.5","Watt":"185","Cores":"16","Series":"Y"}	BASELINE	N/A	$0.00	0.00%	2026-09-16: $5789.00
Processor	Processors	HPE OCA > DL360 Gen11 [P52499-B21] > Processor > Processors	Processor	min 1, Required	1	Required	Selection constraint for Processors: required	P49599-B21	Standard	Intel Xeon-Gold 6442Y 2.6GHz 24-core 225W Processor for HPE	0	9811.00				No	EOL Warning (90-Day)		Not published by OCA	EOL Warning (90-Day)	2026-09-16	05/31/2028	{"Type":"6442Y","Freq":"2.6","Watt":"225","Cores":"24","Series":"Y"}	BASELINE	N/A	$0.00	0.00%	2026-09-16: $9811.00
Processor	Processors	HPE OCA > DL360 Gen11 [P52499-B21] > Processor > Processors	Processor	min 1, Required	1	Required	Selection constraint for Processors: required	P49600-B21	Standard	Intel Xeon-Gold 6448Y 2.1GHz 32-core 225W Processor for HPE	0	11738.00				No	Direct Ship (DS)		Not published by OCA	Direct Ship (DS)	2026-09-16	05/31/2028	{"Type":"6448Y","Freq":"2.1","Watt":"225","Cores":"32","Series":"Y"}	BASELINE	N/A	$0.00	0.00%	2026-09-16: $11738.00
Processor	Processors	HPE OCA > DL360 Gen11 [P52499-B21] > Processor > Processors	Processor	min 1, Required	1	Required	Selection constraint for Processors: required	P49601-B21	Standard	Intel Xeon-Gold 6434 3.7GHz 8-core 195W Processor for HPE	0	8463.00				No	EOL Warning (90-Day)		Not published by OCA	EOL Warning (90-Day)	2026-09-16	05/31/2028	{"Type":"6434","Freq":"3.7","Watt":"195","Cores":"8","Series":"N/A"}	BASELINE	N/A	$0.00	0.00%	2026-09-16: $8463.00
Processor	Processors	HPE OCA > DL360 Gen11 [P52499-B21] > Processor > Processors	Processor	min 1, Required	1	Required	Selection constraint for Processors: required	P49602-B21	Standard	Intel Xeon-Gold 6444Y 3.6GHz 16-core 270W Processor for HPE	0	12574.00				No	EOL Warning (90-Day)		Not published by OCA	EOL Warning (90-Day)	2026-09-16	05/31/2028	{"Type":"6444Y","Freq":"3.6","Watt":"270","Cores":"16","Series":"Y"}	BASELINE	N/A	$0.00	0.00%	2026-09-16: $12574.00
Processor	Processors	HPE OCA > DL360 Gen11 [P52499-B21] > Processor > Processors	Processor	min 1, Required	1	Required	Selection constraint for Processors: required	P49603-B21	Standard	Intel Xeon-Platinum 8462Y+ 2.8GHz 32-core 300W Processor for HPE	0	12584.00				No	EOL Warning (90-Day)		Not published by OCA	EOL Warning (90-Day)	2026-09-16	05/31/2028	{"Type":"8462Y+","Freq":"2.8","Watt":"300","Cores":"32","Series":"Y+"}	BASELINE	N/A	$0.00	0.00%	2026-09-16: $12584.00
Processor	Processors	HPE OCA > DL360 Gen11 [P52499-B21] > Processor > Processors	Processor	min 1, Required	1	Required	Selection constraint for Processors: required	P49604-B21	Standard	Intel Xeon-Platinum 8460Y+ 2.0GHz 40-core 300W Processor for HPE	0	18237.00				No	Direct Ship (DS)		Not published by OCA	Direct Ship (DS)	2026-09-16	05/31/2028	{"Type":"8460YPlus","Freq":"2","Watt":"300","Cores":"40","Series":"Y+"}	BASELINE	N/A	$0.00	0.00%	2026-09-16: $18237.00
Processor	Processors	HPE OCA > DL360 Gen11 [P52499-B21] > Processor > Processors	Processor	min 1, Required	1	Required	Selection constraint for Processors: required	P49606-B21	Standard	Intel Xeon-Platinum 8470 2.0GHz 52-core 350W Processor for HPE	0	30022.00				No	Direct Ship (DS)		Not published by OCA	Direct Ship (DS)	2026-09-16	05/31/2028	{"Type":"8470","Freq":"2","Watt":"350","Cores":"52","Series":"N/A"}	BASELINE	N/A	$0.00	0.00%	2026-09-16: $30022.00
Processor	Processors	HPE OCA > DL360 Gen11 [P52499-B21] > Processor > Processors	Processor	min 1, Required	1	Required	Selection constraint for Processors: required	P49608-B21	Standard	Intel Xeon-Gold 6458Q 3.1GHz 32-core 350W Processor for HPE	0	14552.00				No	Obsolete (OB)		Not published by OCA	Obsolete (OB)	2026-09-16	2026-09-16	{"Type":"6458Q","Freq":"3.1","Watt":"350","Cores":"32","Series":"Q"}	BASELINE	N/A	$0.00	0.00%	2026-09-16: $14552.00
Processor	Processors	HPE OCA > DL360 Gen11 [P52499-B21] > Processor > Processors	Processor	min 1, Required	1	Required	Selection constraint for Processors: required	P49609-B21	Standard	Intel Xeon-Platinum 8470Q 2.1GHz 52-core 350W Processor for HPE	0	24701.00				No	Obsolete (OB)		Not published by OCA	Obsolete (OB)	2026-09-16	2026-09-16	{"Type":"8470Q","Freq":"2.1","Watt":"350","Cores":"52","Series":"Q"}	BASELINE	N/A	$0.00	0.00%	2026-09-16: $24701.00
Processor	Processors	HPE OCA > DL360 Gen11 [P52499-B21] > Processor > Processors	Processor	min 1, Required	1	Required	Selection constraint for Processors: required	P49610-B21	Standard	Intel Xeon-Silver 4410Y 2.0GHz 12-core 150W Processor for HPE	0	1966.00				No	Available		Not published by OCA	Active	2026-09-16	05/31/2028	{"Type":"4410Y","Freq":"2","Watt":"150","Cores":"12","Series":"Y"}	BASELINE	N/A	$0.00	0.00%	2026-09-16: $1966.00
Processor	Processors	HPE OCA > DL360 Gen11 [P52499-B21] > Processor > Processors	Processor	min 1, Required	1	Required	Selection constraint for Processors: required	P49611-B21	Standard	Intel Xeon-Silver 4416+ 2.0GHz 20-core 165W Processor for HPE	0	4593.00				No	EOL Warning (90-Day)		Not published by OCA	EOL Warning (90-Day)	2026-09-16	05/31/2028	{"Type":"4416+","Freq":"2","Watt":"165","Cores":"20","Series":"+"}	BASELINE	N/A	$0.00	0.00%	2026-09-16: $4593.00
Processor	Processors	HPE OCA > DL360 Gen11 [P52499-B21] > Processor > Processors	Processor	min 1, Required	1	Required	Selection constraint for Processors: required	P49612-B21	Standard	Intel Xeon-Gold 5418Y 2.0GHz 24-core 185W Processor for HPE	0	5381.00				No	Available		Not published by OCA	Active	2026-09-16	05/31/2028	{"Type":"5418Y","Freq":"2","Watt":"185","Cores":"24","Series":"Y"}	BASELINE	N/A	$0.00	0.00%	2026-09-16: $5381.00
Processor	Processors	HPE OCA > DL360 Gen11 [P52499-B21] > Processor > Processors	Processor	min 1, Required	1	Required	Selection constraint for Processors: required	P49613-B21	Standard	Intel Xeon-Gold 5420+ 2.0GHz 28-core 205W Processor for HPE	0	5588.00				No	Obsolete (OB)		Not published by OCA	Obsolete (OB)	2026-09-16	2026-09-16	{"Type":"5420+","Freq":"2","Watt":"205","Cores":"28","Series":"+"}	BASELINE	N/A	$0.00	0.00%	2026-09-16: $5588.00
Processor	Processors	HPE OCA > DL360 Gen11 [P52499-B21] > Processor > Processors	Processor	min 1, Required	1	Required	Selection constraint for Processors: required	P49614-B21	Standard	Intel Xeon-Gold 6430 2.1GHz 32-core 270W Processor for HPE	0	4933.00				No	Available		Not published by OCA	Active	2026-09-16	05/31/2028	{"Type":"6430","Freq":"2.1","Watt":"270","Cores":"32","Series":"N/A"}	BASELINE	N/A	$0.00	0.00%	2026-09-16: $4933.00
Processor	Processors	HPE OCA > DL360 Gen11 [P52499-B21] > Processor > Processors	Processor	min 1, Required	1	Required	Selection constraint for Processors: required	P49617-B21	Standard	Intel Xeon-Bronze 3408U 1.8GHz 8-core 125W Processor for HPE	0	1133.00				No	Obsolete (OB)		Not published by OCA	Obsolete (OB)	2026-09-16	2026-09-16	{"Type":"3408U","Freq":"1.8","Watt":"125","Cores":"8","Series":"U"}	BASELINE	N/A	$0.00	0.00%	2026-09-16: $1133.00
Processor	Processors	HPE OCA > DL360 Gen11 [P52499-B21] > Processor > Processors	Processor	min 1, Required	1	Required	Selection constraint for Processors: required	P49619-B21	Standard	Intel Xeon-Gold 6414U 2.0GHz 32-core 250W Processor for HPE	0	5317.00				No	Obsolete (OB)		Not published by OCA	Obsolete (OB)	2026-09-16	2026-09-16	{"Type":"6414U","Freq":"2","Watt":"250","Cores":"32","Series":"U"}	BASELINE	N/A	$0.00	0.00%	2026-09-16: $5317.00
Processor	Processors	HPE OCA > DL360 Gen11 [P52499-B21] > Processor > Processors	Processor	min 1, Required	1	Required	Selection constraint for Processors: required	P49620-B21	Standard	Intel Xeon-Gold 6416H 2.2GHz 18-core 165W Processor for HPE	0	5460.00				No	Available		Not published by OCA	Active	2026-09-16	05/31/2028	{"Type":"6416H","Freq":"2.2","Watt":"165","Cores":"18","Series":"H"}	BASELINE	N/A	$0.00	0.00%	2026-09-16: $5460.00
Processor	Processors	HPE OCA > DL360 Gen11 [P52499-B21] > Processor > Processors	Processor	min 1, Required	1	Required	Selection constraint for Processors: required	P49622-B21	Standard	Intel Xeon-Gold 6448H 2.4GHz 32-core 250W Processor for HPE	0	11873.00				No	Available		Not published by OCA	Active	2026-09-16	05/31/2028	{"Type":"6448H","Freq":"2.4","Watt":"250","Cores":"32","Series":"H"}	BASELINE	N/A	$0.00	0.00%	2026-09-16: $11873.00
Processor	Processors	HPE OCA > DL360 Gen11 [P52499-B21] > Processor > Processors	Processor	min 1, Required	1	Required	Selection constraint for Processors: required	P49625-B21	Standard	Intel Xeon-Platinum 8444H 2.9GHz 16-core 270W Processor for HPE	0	11950.00				No	Available		Not published by OCA	Active	2026-09-16	05/31/2028	{"Type":"8444H","Freq":"2.9","Watt":"270","Cores":"16","Series":"H"}	BASELINE	N/A	$0.00	0.00%	2026-09-16: $11950.00
Processor	Processors	HPE OCA > DL360 Gen11 [P52499-B21] > Processor > Processors	Processor	min 1, Required	1	Required	Selection constraint for Processors: required	P49630-B21	Standard	Intel Xeon-Platinum 8490H 1.9GHz 60-core 350W Processor for HPE	0	62375.00				No	Available		Not published by OCA	Active	2026-09-16	05/31/2028	{"Type":"8490H","Freq":"1.9","Watt":"350","Cores":"60","Series":"H"}	BASELINE	N/A	$0.00	0.00%	2026-09-16: $62375.00
Processor	Processors	HPE OCA > DL360 Gen11 [P52499-B21] > Processor > Processors	Processor	min 1, Required	1	Required	Selection constraint for Processors: required	P49631-B21	Standard	Intel Xeon-Platinum 8468V 2.4GHz 48-core 330W Processor for HPE	0	17571.00				No	Obsolete (OB)		Not published by OCA	Obsolete (OB)	2026-09-16	2026-09-16	{"Type":"8468V","Freq":"2.4","Watt":"330","Cores":"48","Series":"V"}	BASELINE	N/A	$0.00	0.00%	2026-09-16: $17571.00
Processor	Processors	HPE OCA > DL360 Gen11 [P52499-B21] > Processor > Processors	Processor	min 1, Required	1	Required	Selection constraint for Processors: required	P49632-B21	Standard	Intel Xeon-Platinum 8458P 2.7GHz 44-core 350W Processor for HPE	0	20014.00				No	Direct Ship (DS)		Not published by OCA	Direct Ship (DS)	2026-09-16	05/31/2028	{"Type":"8458P","Freq":"2.7","Watt":"350","Cores":"44","Series":"P"}	BASELINE	N/A	$0.00	0.00%	2026-09-16: $20014.00
Processor	Processors	HPE OCA > DL360 Gen11 [P52499-B21] > Processor > Processors	Processor	min 1, Required	1	Required	Selection constraint for Processors: required	P49638-B21	Standard	Intel Xeon-Gold 6438N 2.0GHz 32-core 205W Processor for HPE	0	8444.00				No	Obsolete (OB)		Not published by OCA	Obsolete (OB)	2026-09-16	2026-09-16	{"Type":"6438N","Freq":"2","Watt":"205","Cores":"32","Series":"N"}	BASELINE	N/A	$0.00	0.00%	2026-09-16: $8444.00
Processor	Processors	HPE OCA > DL360 Gen11 [P52499-B21] > Processor > Processors	Processor	min 1, Required	1	Required	Selection constraint for Processors: required	P49639-B21	Standard	Intel Xeon-Gold 5411N 1.9GHz 24-core 165W Processor for HPE	0	4736.00				No	EOL Warning (90-Day)		Not published by OCA	EOL Warning (90-Day)	2026-09-16	05/31/2028	{"Type":"5411N","Freq":"1.9","Watt":"165","Cores":"24","Series":"N"}	BASELINE	N/A	$0.00	0.00%	2026-09-16: $4736.00
Processor	Processors	HPE OCA > DL360 Gen11 [P52499-B21] > Processor > Processors	Processor	min 1, Required	1	Required	Selection constraint for Processors: required	P49640-B21	Standard	Intel Xeon-Gold 5418N 1.8GHz 24-core 165W Processor for HPE	0	5033.00				No	Direct Ship (DS)		Not published by OCA	Direct Ship (DS)	2026-09-16	05/31/2028	{"Type":"5418N","Freq":"1.8","Watt":"165","Cores":"24","Series":"N"}	BASELINE	N/A	$0.00	0.00%	2026-09-16: $5033.00
Processor	Processors	HPE OCA > DL360 Gen11 [P52499-B21] > Processor > Processors	Processor	min 1, Required	1	Required	Selection constraint for Processors: required	P49641-B21	Standard	Intel Xeon-Gold 6421N 1.8GHz 32-core 185W Processor for HPE	0	7241.00				No	EOL Warning (90-Day)		Not published by OCA	EOL Warning (90-Day)	2026-09-16	05/31/2028	{"Type":"6421N","Freq":"1.8","Watt":"185","Cores":"32","Series":"N"}	BASELINE	N/A	$0.00	0.00%	2026-09-16: $7241.00
Processor	Processors	HPE OCA > DL360 Gen11 [P52499-B21] > Processor > Processors	Processor	min 1, Required	1	Required	Selection constraint for Processors: required	P49645-B21	Standard	Intel Xeon-Platinum 9462 2.7GHz 32-core 350W Processor for HPE	0	24445.00				No	EOL Warning (90-Day)		Not published by OCA	EOL Warning (90-Day)	2026-09-16	05/31/2028	{"Type":"9462","Freq":"2.7","Watt":"350","Cores":"32","Series":"N/A"}	BASELINE	N/A	$0.00	0.00%	2026-09-16: $24445.00
Processor	Processors	HPE OCA > DL360 Gen11 [P52499-B21] > Processor > Processors	Processor	min 1, Required	1	Required	Selection constraint for Processors: required	P49649-B21	Standard	Intel Xeon-Platinum 8470N 1.7GHz 52-core 300W Processor for HPE	0	27489.00				No	Direct Ship (DS)		Not published by OCA	Direct Ship (DS)	2026-09-16	05/31/2028	{"Type":"8470N","Freq":"1.7","Watt":"300","Cores":"52","Series":"N"}	BASELINE	N/A	$0.00	0.00%	2026-09-16: $27489.00
Processor	Processors	HPE OCA > DL360 Gen11 [P52499-B21] > Processor > Processors	Processor	min 1, Required	1	Required	Selection constraint for Processors: required	P49654-B21	Standard	Intel Xeon-Gold 6454S 2.2GHz 32-core 270W Processor for HPE	0	9946.00				No	Obsolete (OB)		Not published by OCA	Obsolete (OB)	2026-09-16	2026-09-16	{"Type":"6454S","Freq":"2.2","Watt":"270","Cores":"32","Series":"S"}	BASELINE	N/A	$0.00	0.00%	2026-09-16: $9946.00
Processor	Processors	HPE OCA > DL360 Gen11 [P52499-B21] > Processor > Processors	Processor	min 1, Required	1	Required	Selection constraint for Processors: required	P67079-B21	Standard	Intel Xeon-Gold 5515+ 3.2GHz 8-core 165W Processor for HPE	0	3324.00				No	Available		Not published by OCA	Active	2026-09-16	05/31/2028	{"Type":"5515+","Freq":"3.2","Watt":"165","Cores":"8","Series":"+"}	BASELINE	N/A	$0.00	0.00%	2026-09-16: $3324.00
Processor	Processors	HPE OCA > DL360 Gen11 [P52499-B21] > Processor > Processors	Processor	min 1, Required	1	Required	Selection constraint for Processors: required	P67086-B21	Standard	Intel Xeon-Platinum 8568Y+ 2.3GHz 48-core 350W Processor for HPE	0	16967.00				No	Available		Not published by OCA	Active	2026-09-16	05/31/2028	{"Type":"8568Y+","Freq":"2.3","Watt":"350","Cores":"48","Series":"Y+"}	BASELINE	N/A	$0.00	0.00%	2026-09-16: $16967.00
Processor	Processors	HPE OCA > DL360 Gen11 [P52499-B21] > Processor > Processors	Processor	min 1, Required	1	Required	Selection constraint for Processors: required	P67087-B21	Standard	Intel Xeon-Platinum 8570 2.1GHz 56-core 350W Processor for HPE	0	20311.00				No	Available		Not published by OCA	Active	2026-09-16	05/31/2028	{"Type":"8570","Freq":"2.1","Watt":"350","Cores":"56"}	BASELINE	N/A	$0.00	0.00%	2026-09-16: $20311.00
Processor	Processors	HPE OCA > DL360 Gen11 [P52499-B21] > Processor > Processors	Processor	min 1, Required	1	Required	Selection constraint for Processors: required	P67089-B21	Standard	Intel Xeon-Platinum 8592+ 1.9GHz 64-core 350W Processor for HPE	0	27283.00				No	Available		Not published by OCA	Active	2026-09-16	05/31/2028	{"Type":"8592+","Freq":"1.9","Watt":"350","Cores":"64","Series":"+"}	BASELINE	N/A	$0.00	0.00%	2026-09-16: $27283.00
Processor	Processors	HPE OCA > DL360 Gen11 [P52499-B21] > Processor > Processors	Processor	min 1, Required	1	Required	Selection constraint for Processors: required	P67090-B21	Standard	Intel Xeon-Silver 4509Y 2.6GHz 8-core 125W Processor for HPE	0	1756.00				No	Available		Not published by OCA	Active	2026-09-16	05/31/2028	{"Type":"4509Y","Freq":"2.6","Watt":"125","Cores":"8","Series":"Y"}	BASELINE	N/A	$0.00	0.00%	2026-09-16: $1756.00
Processor	Processors	HPE OCA > DL360 Gen11 [P52499-B21] > Processor > Processors	Processor	min 1, Required	1	Required	Selection constraint for Processors: required	P67093-B21	Standard	Intel Xeon-Silver 4516Y+ 2.2GHz 24-core 185W Processor for HPE	0	3917.00				No	Available		Not published by OCA	Active	2026-09-16	05/31/2028	{"Type":"4516Y+","Freq":"2.2","Watt":"185","Cores":"24","Series":"Y+"}	BASELINE	N/A	$0.00	0.00%	2026-09-16: $3917.00
Processor	Processors	HPE OCA > DL360 Gen11 [P52499-B21] > Processor > Processors	Processor	min 1, Required	1	Required	Selection constraint for Processors: required	P67100-B21	Standard	Intel Xeon-Bronze 3508U 2.1GHz 8-core 125W Processor for HPE	0	1444.00				No	Available		Not published by OCA	Active	2026-09-16	05/31/2028	{"Type":"3508U","Freq":"2.1","Watt":"125","Cores":"8","Series":"U"}	BASELINE	N/A	$0.00	0.00%	2026-09-16: $1444.00
Processor	Processors	HPE OCA > DL360 Gen11 [P52499-B21] > Processor > Processors	Processor	min 1, Required	1	Required	Selection constraint for Processors: required	8558U	Standard	Intel Xeon-Platinum 8558U 2.0GHz 48-core 300W Processor for HPE	0	0.00				No	Available		Not published by OCA	Active	2026-09-16	05/31/2028	{"Type":"8558U","Freq":"2","Watt":"300","Cores":"48","Series":"U"}	BASELINE	N/A	$0.00	0.00%	2026-09-16: (no price)
Processor	Processors	HPE OCA > DL360 Gen11 [P52499-B21] > Processor > Processors	Processor	min 1, Required	1	Required	Selection constraint for Processors: required	P67104-B21	Standard	Intel Xeon-Gold 6538N 2.1GHz 32-core 205W Processor for HPE	0	9655.00				No	Available		Not published by OCA	Active	2026-09-16	05/31/2028	{"Type":"6538N","Freq":"2.1","Watt":"205","Cores":"32","Series":"N"}	BASELINE	N/A	$0.00	0.00%	2026-09-16: $9655.00
Processor	Processors	HPE OCA > DL360 Gen11 [P52499-B21] > Processor > Processors	Processor	min 1, Required	1	Required	Selection constraint for Processors: required	P67107-B21	Standard	Intel Xeon-Platinum 8592V 2.0GHz 64-core 330W Processor for HPE	0	25398.00				No	Available		Not published by OCA	Active	2026-09-16	05/31/2028	{"Type":"8592V","Freq":"2","Watt":"330","Cores":"64","Series":"V"}	BASELINE	N/A	$0.00	0.00%	2026-09-16: $25398.00
Processor	Processors	HPE OCA > DL360 Gen11 [P52499-B21] > Processor > Processors	Processor	min 1, Required	1	Required	Selection constraint for Processors: required	P67108-B21	Standard	Intel Xeon-Platinum 8558P 2.7GHz 48-core 350W Processor for HPE	0	17487.00				No	Available		Not published by OCA	Active	2026-09-16	05/31/2028	{"Type":"8558P","Freq":"2.7","Watt":"350","Cores":"48","Series":"P"}	BASELINE	N/A	$0.00	0.00%	2026-09-16: $17487.00
Cooling / Thermal	Heatsink Kit	HPE OCA > DL360 Gen11 [P52499-B21] > Cooling / Thermal > Heatsink Kit	Cooling / Thermal	max 2	0	2	Selection constraint for Heatsink Kit: max 2	P48904-B21	Standard	HPE ProLiant DL3X0 Gen11 1U Standard Heat Sink Kit	2	0.00				No	Available		Not published by OCA	Active	2026-09-16	05/31/2028	{}	BASELINE	N/A	$0.00	0.00%	2026-09-16: (no price)
Cooling / Thermal	Heatsink Kit	HPE OCA > DL360 Gen11 [P52499-B21] > Cooling / Thermal > Heatsink Kit	Cooling / Thermal	max 2	0	2	Max quantity of product limited by space available.	P48905-B21	Standard	HPE ProLiant DL3XX/560 Gen11 High Performance Heat Sink Kit	0	259.00				No	Not published by OCA		Not published by OCA	Active	2026-09-16	05/31/2028	{}	BASELINE	N/A	$0.00	0.00%	2026-09-16: $259.00
Cooling / Thermal	Heatsink Kit	HPE OCA > DL360 Gen11 [P52499-B21] > Cooling / Thermal > Heatsink Kit	Cooling / Thermal	max 2	0	2	Max quantity of product limited by space available.	P48906-B21	Standard	HPE ProLiant DL360 Gen11 Closed-loop Liquid Cooling Heat Sink Fan FIO Bundle Kit	0	0.00				No	Not published by OCA		Not published by OCA	Active	2026-09-16	05/31/2028	{}	BASELINE	N/A	$0.00	0.00%	2026-09-16: (no price)
Cooling / Thermal	Heatsink Kit	HPE OCA > DL360 Gen11 [P52499-B21] > Cooling / Thermal > Heatsink Kit	Boot Device	max 2	0	2	Max quantity of product limited by space available.	P62026-B21	Standard	HPE ProLiant DL360 Gen11 Cold Plate Module FIO Kit from External NS204i-u	0	0.00				No	Not published by OCA		Not published by OCA	Active	2026-09-16	05/31/2028	{}	BASELINE	N/A	$0.00	0.00%	2026-09-16: (no price)
Cooling / Thermal	Heatsink Kit	HPE OCA > DL360 Gen11 [P52499-B21] > Cooling / Thermal > Heatsink Kit	Cooling / Thermal	max 2	0	2	Max quantity of product limited by space available.	P62029-B21	Standard	HPE ProLiant DL3XX Gen11 Cold Plate Module FIO Kit from PCIe	0	1827.00				No	Not published by OCA		Not published by OCA	Active	2026-09-16	05/31/2028	{}	BASELINE	N/A	$0.00	0.00%	2026-09-16: $1827.00
Memory	Memory	HPE OCA > DL360 Gen11 [P52499-B21] > Memory > Memory	Memory	max 32	0	32	Selection constraint for Memory: max 32	P43331-F21	Standard	HPE 64GB (1x64GB) Dual Rank x4 DDR5-4800 CAS-40-39-39 EC8 Registered Smart FIO Memory Kit	2	28532.00				No	Available		Not published by OCA	Active	2026-09-16	05/31/2028	{"Capacity":"64","Type":"RDIMM","Rank":"DUAL","Frequency":"4800"}	BASELINE	N/A	$0.00	0.00%	2026-09-16: $28532.00
Memory	Memory	HPE OCA > DL360 Gen11 [P52499-B21] > Memory > Memory	Memory	max 32	0	32	Mixing of x4 and x8 memory is not allowed	P43328-F21	Standard	HPE 32GB (1x32GB) Dual Rank x8 DDR5-4800 CAS-40-39-39 EC8 Registered Smart FIO Memory Kit	0	13909.00				No	Not published by OCA		Not published by OCA	Active	2026-09-16	05/31/2028	{"Capacity":"32","Type":"RDIMM","Rank":"DUAL","Frequency":"4800"}	BASELINE	N/A	$0.00	0.00%	2026-09-16: $13909.00
Memory	Memory	HPE OCA > DL360 Gen11 [P52499-B21] > Memory > Memory	Memory	max 32	0	32	Mixing of x4 and x8 memory is not allowed	P43322-F21	Standard	HPE 16GB (1x16GB) Single Rank x8 DDR5-4800 CAS-40-39-39 EC8 Registered Smart FIO Memory Kit	0	7439.00				No	Not published by OCA		Not published by OCA	Active	2026-09-16	05/31/2028	{"Capacity":"16","Type":"RDIMM","Rank":"SINGLE","Frequency":"4800"}	BASELINE	N/A	$0.00	0.00%	2026-09-16: $7439.00
Memory	Memory	HPE OCA > DL360 Gen11 [P52499-B21] > Memory > Memory	Memory	max 32	0	32	This Processor supports only PC5-4800B Memory	P64706-F21	Standard	HPE 32GB (1x32GB) Dual Rank x8 DDR5-5600 CAS-46-45-45 EC8 Registered Smart FIO Memory Kit	0	13909.00				No	Not published by OCA		Not published by OCA	Active	2026-09-16	05/31/2028	{"Capacity":"32","Type":"RDIMM","Rank":"DUAL","Frequency":"5600"}	BASELINE	N/A	$0.00	0.00%	2026-09-16: $13909.00
Memory	Memory	HPE OCA > DL360 Gen11 [P52499-B21] > Memory > Memory	Memory	max 32	0	32	This Processor supports only PC5-4800B Memory	P64707-F21	Standard	HPE 64GB (1x64GB) Dual Rank x4 DDR5-5600 CAS-46-45-45 EC8 Registered Smart FIO Memory Kit	0	28532.00				No	Not published by OCA		Not published by OCA	Active	2026-09-16	05/31/2028	{"Capacity":"64","Type":"RDIMM","Rank":"DUAL","Frequency":"5600"}	BASELINE	N/A	$0.00	0.00%	2026-09-16: $28532.00
Memory	Memory	HPE OCA > DL360 Gen11 [P52499-B21] > Memory > Memory	Memory	max 32	0	32	This Processor supports only PC5-4800B Memory	P69976-F21	Standard	HPE 128GB (1x128GB) Dual Rank x4 DDR5-5600 CAS-46-45-45 EC8 Registered Smart FIO Memory Kit	0	60190.00				No	Not published by OCA		Not published by OCA	Active	2026-09-16	05/31/2028	{"Capacity":"128","Type":"RDIMM","Rank":"DUAL","Frequency":"5600"}	BASELINE	N/A	$0.00	0.00%	2026-09-16: $60190.00
Memory	Memory	HPE OCA > DL360 Gen11 [P52499-B21] > Memory > Memory	Memory	max 32	0	32	This Processor supports only PC5-4800B Memory	P64705-F21	Standard	HPE 16GB (1x16GB) Single Rank x8 DDR5-5600 CAS-46-45-45 EC8 Registered Smart FIO Memory Kit	0	7439.00				No	Not published by OCA		Not published by OCA	Active	2026-09-16	05/31/2028	{"Capacity":"16","Type":"RDIMM","Rank":"SINGLE","Frequency":"5600"}	BASELINE	N/A	$0.00	0.00%	2026-09-16: $7439.00
Memory	Memory	HPE OCA > DL360 Gen11 [P52499-B21] > Memory > Memory	Memory	max 32	0	32	This Processor supports only PC5-4800B Memory	P64708-F21	Standard	HPE 96GB (1x96GB) Dual Rank x4 DDR5-5600 CAS-46-45-45 EC8 Registered Smart FIO Memory Kit	0	47056.00				No	Not published by OCA		Not published by OCA	Active	2026-09-16	05/31/2028	{"Capacity":"96","Type":"RDIMM","Rank":"DUAL","Frequency":"5600"}	BASELINE	N/A	$0.00	0.00%	2026-09-16: $47056.00
Memory	Memory	HPE OCA > DL360 Gen11 [P52499-B21] > Memory > Memory	Memory	max 32	0	32	This Processor supports only PC5-4800B Memory	P64709-B21	Standard	HPE 128GB (1x128GB) Quad Rank x4 DDR5-5600 CAS-52-45-45 EC8 Registered 3DS Smart Memory Kit	0	22520.00				No	Obsolete (OB)		Not published by OCA	Obsolete (OB)	2026-09-16	2026-09-16	{"Capacity":"128","Type":"RDIMM","Rank":"QUAD","Frequency":"5600"}	BASELINE	N/A	$0.00	0.00%	2026-09-16: $22520.00
Memory	Memory	HPE OCA > DL360 Gen11 [P52499-B21] > Memory > Memory	Memory	max 32	0	32	This Processor supports only PC5-4800B Memory	P64710-F21	Standard	HPE 256GB (1x256GB) Octal Rank x4 DDR5-5600 CAS-52-45-45 EC8 Registered 3DS Smart FIO Memory Kit	0	101207.00				No	Obsolete (OB)		Not published by OCA	Obsolete (OB)	2026-09-16	2026-09-16	{"Capacity":"256","Type":"RDIMM","Rank":"OCTAL","Frequency":"5600"}	BASELINE	N/A	$0.00	0.00%	2026-09-16: $101207.00
Memory	Memory	HPE OCA > DL360 Gen11 [P52499-B21] > Memory > Memory	Memory	max 32	0	32	This Processor supports only PC5-4800B Memory	P90554-F21	Standard	HPE 256GB 4Rx4 PC5-5600B-R 3DS FIO Kit	0	133186.00				No	Not published by OCA		Not published by OCA	Active	2026-09-16	05/31/2028	{"Capacity":"256","Type":"RDIMM","Rank":"QUAD","Frequency":"5600"}	BASELINE	N/A	$0.00	0.00%	2026-09-16: $133186.00
Memory	Memory	HPE OCA > DL360 Gen11 [P52499-B21] > Memory > Memory	Memory	max 32	0	32	These products are hidden due to Supply constraints	P43322-B21	Standard	HPE 16GB (1x16GB) Single Rank x8 DDR5-4800 CAS-40-39-39 EC8 Registered Smart Memory Kit	0	7439.00				No	These products are hidden due to Supply constraints		Not published by OCA	Active	2026-09-16	05/31/2028	{"Capacity":"16","Type":"RDIMM","Rank":"SINGLE","Frequency":"4800"}	BASELINE	N/A	$0.00	0.00%	2026-09-16: $7439.00
Memory	Memory	HPE OCA > DL360 Gen11 [P52499-B21] > Memory > Memory	Memory	max 32	0	32	These products are hidden due to Supply constraints	P43328-B21	Standard	HPE 32GB (1x32GB) Dual Rank x8 DDR5-4800 CAS-40-39-39 EC8 Registered Smart Memory Kit	0	13909.00				No	These products are hidden due to Supply constraints		Not published by OCA	Active	2026-09-16	05/31/2028	{"Capacity":"32","Type":"RDIMM","Rank":"DUAL","Frequency":"4800"}	BASELINE	N/A	$0.00	0.00%	2026-09-16: $13909.00
Memory	Memory	HPE OCA > DL360 Gen11 [P52499-B21] > Memory > Memory	Memory	max 32	0	32	These products are hidden due to Supply constraints	P43331-B21	Standard	HPE 64GB (1x64GB) Dual Rank x4 DDR5-4800 CAS-40-39-39 EC8 Registered Smart Memory Kit	0	28532.00				No	These products are hidden due to Supply constraints		Not published by OCA	Active	2026-09-16	05/31/2028	{"Capacity":"64","Type":"RDIMM","Rank":"DUAL","Frequency":"4800"}	BASELINE	N/A	$0.00	0.00%	2026-09-16: $28532.00
Memory	Memory	HPE OCA > DL360 Gen11 [P52499-B21] > Memory > Memory	Memory	max 32	0	32	These products are hidden due to Supply constraints	P43337-B21	Standard	HPE 256GB (1x256GB) Octal Rank x4 DDR5-4800 CAS-46-39-39 EC8 Registered 3DS Smart Memory Kit	0	77851.00				No	Obsolete (OB)		Not published by OCA	Obsolete (OB)	2026-09-16	2026-09-16	{"Capacity":"256","Type":"RDIMM","Rank":"OCTAL","Frequency":"4800"}	BASELINE	N/A	$0.00	0.00%	2026-09-16: $77851.00
Memory	Memory	HPE OCA > DL360 Gen11 [P52499-B21] > Memory > Memory	Memory	max 32	0	32	These products are hidden due to Supply constraints	P64705-B21	Standard	HPE 16GB (1x16GB) Single Rank x8 DDR5-5600 CAS-46-45-45 EC8 Registered Smart Memory Kit	0	7439.00				No	These products are hidden due to Supply constraints		Not published by OCA	Active	2026-09-16	05/31/2028	{"Capacity":"16","Type":"RDIMM","Rank":"SINGLE","Frequency":"5600"}	BASELINE	N/A	$0.00	0.00%	2026-09-16: $7439.00
Memory	Memory	HPE OCA > DL360 Gen11 [P52499-B21] > Memory > Memory	Memory	max 32	0	32	These products are hidden due to Supply constraints	P64706-B21	Standard	HPE 32GB (1x32GB) Dual Rank x8 DDR5-5600 CAS-46-45-45 EC8 Registered Smart Memory Kit	0	13909.00				No	These products are hidden due to Supply constraints		Not published by OCA	Active	2026-09-16	05/31/2028	{"Capacity":"32","Type":"RDIMM","Rank":"DUAL","Frequency":"5600"}	BASELINE	N/A	$0.00	0.00%	2026-09-16: $13909.00
Memory	Memory	HPE OCA > DL360 Gen11 [P52499-B21] > Memory > Memory	Memory	max 32	0	32	These products are hidden due to Supply constraints	P64707-B21	Standard	HPE 64GB (1x64GB) Dual Rank x4 DDR5-5600 CAS-46-45-45 EC8 Registered Smart Memory Kit	0	28532.00				No	These products are hidden due to Supply constraints		Not published by OCA	Active	2026-09-16	05/31/2028	{"Capacity":"64","Type":"RDIMM","Rank":"DUAL","Frequency":"5600"}	BASELINE	N/A	$0.00	0.00%	2026-09-16: $28532.00
Memory	Memory	HPE OCA > DL360 Gen11 [P52499-B21] > Memory > Memory	Memory	max 32	0	32	These products are hidden due to Supply constraints	P64708-B21	Standard	HPE 96GB (1x96GB) Dual Rank x4 DDR5-5600 CAS-46-45-45 EC8 Registered Smart Memory Kit	0	47056.00				No	These products are hidden due to Supply constraints		Not published by OCA	Active	2026-09-16	05/31/2028	{"Capacity":"96","Type":"RDIMM","Rank":"DUAL","Frequency":"5600"}	BASELINE	N/A	$0.00	0.00%	2026-09-16: $47056.00
Memory	Memory	HPE OCA > DL360 Gen11 [P52499-B21] > Memory > Memory	Memory	max 32	0	32	These products are hidden due to Supply constraints	P64710-B21	Standard	HPE 256GB (1x256GB) Octal Rank x4 DDR5-5600 CAS-52-45-45 EC8 Registered 3DS Smart Memory Kit	0	77851.00				No	Obsolete (OB)		Not published by OCA	Obsolete (OB)	2026-09-16	2026-09-16	{"Capacity":"256","Type":"RDIMM","Rank":"OCTAL","Frequency":"5600"}	BASELINE	N/A	$0.00	0.00%	2026-09-16: $77851.00
Memory	Memory	HPE OCA > DL360 Gen11 [P52499-B21] > Memory > Memory	Memory	max 32	0	32	These products are hidden due to Supply constraints	P66675-B21	Standard	HPE 96GB (1x96GB) Dual Rank x4 DDR5-4800 CAS-46-45-45 EC8 Registered Smart Memory Kit	0	47056.00				No	These products are hidden due to Supply constraints		Not published by OCA	Active	2026-09-16	05/31/2028	{"Capacity":"96","Type":"RDIMM","Rank":"DUAL","Frequency":"4800"}	BASELINE	N/A	$0.00	0.00%	2026-09-16: $47056.00
Memory	Memory	HPE OCA > DL360 Gen11 [P52499-B21] > Memory > Memory	Memory	max 32	0	32	These products are hidden due to Supply constraints	P69974-B21	Standard	HPE 128GB (1x128GB) Dual Rank x4 DDR5-4800 CAS-40-39-39 EC8 Registered Smart Memory Kit	0	60190.00				No	These products are hidden due to Supply constraints		Not published by OCA	Active	2026-09-16	05/31/2028	{"Capacity":"128","Type":"RDIMM","Rank":"DUAL","Frequency":"4800"}	BASELINE	N/A	$0.00	0.00%	2026-09-16: $60190.00
Memory	Memory	HPE OCA > DL360 Gen11 [P52499-B21] > Memory > Memory	Memory	max 32	0	32	These products are hidden due to Supply constraints	P69976-B21	Standard	HPE 128GB (1x128GB) Dual Rank x4 DDR5-5600 CAS-46-45-45 EC8 Registered Smart Memory Kit	0	60190.00				No	These products are hidden due to Supply constraints		Not published by OCA	Active	2026-09-16	05/31/2028	{"Capacity":"128","Type":"RDIMM","Rank":"DUAL","Frequency":"5600"}	BASELINE	N/A	$0.00	0.00%	2026-09-16: $60190.00
Memory	Memory	HPE OCA > DL360 Gen11 [P52499-B21] > Memory > Memory	Memory	max 32	0	32	These products are hidden due to Supply constraints	P90550-B21	Standard	HPE 256GB (1x256GB) Quad Rank x4 DDR5-4800 CAS-60-52-52 EC8 Registered 3DS Smart Memory Kit	0	133186.00				No	These products are hidden due to Supply constraints		Not published by OCA	Active	2026-09-16	05/31/2028	{"Capacity":"256","Type":"RDIMM","Rank":"QUAD","Frequency":"4800"}	BASELINE	N/A	$0.00	0.00%	2026-09-16: $133186.00
Memory	Memory	HPE OCA > DL360 Gen11 [P52499-B21] > Memory > Memory	Memory	max 32	0	32	These products are hidden due to Supply constraints	P90554-B21	Standard	HPE 256GB (1x256GB) Quad Rank x4 DDR5-5600 CAS-60-52-52 EC8 Registered 3DS Smart Memory Kit	0	133186.00				No	These products are hidden due to Supply constraints		Not published by OCA	Active	2026-09-16	05/31/2028	{"Capacity":"256","Type":"RDIMM","Rank":"QUAD","Frequency":"5600"}	BASELINE	N/A	$0.00	0.00%	2026-09-16: $133186.00
Memory	Memory	HPE OCA > DL360 Gen11 [P52499-B21] > Memory > Memory	Memory	max 32	0	32	128GB 2Rx4 PC5-4800B-R memory cannot be mixed with any other memory	P43334-B21	Standard	HPE 128GB (1x128GB) Quad Rank x4 DDR5-4800 CAS-46-39-39 EC8 Registered 3DS Smart Memory Kit	0	22520.00				No	Obsolete (OB)		Not published by OCA	Obsolete (OB)	2026-09-16	2026-09-16	{"Capacity":"128","Type":"RDIMM","Rank":"QUAD","Frequency":"4800"}	BASELINE	N/A	$0.00	0.00%	2026-09-16: $22520.00
Memory	Memory	HPE OCA > DL360 Gen11 [P52499-B21] > Memory > Memory	Memory	max 32	0	32	128GB 2Rx4 PC5-4800B-R memory cannot be mixed with any other memory	P69974-F21	Standard	HPE 128GB (1x128GB) Dual Rank x4 DDR5-4800 CAS-46-45-45 EC8 Registered Smart FIO Memory Kit	0	60190.00				No	Not published by OCA		Not published by OCA	Active	2026-09-16	05/31/2028	{"Capacity":"128","Type":"RDIMM","Rank":"DUAL","Frequency":"4800"}	BASELINE	N/A	$0.00	0.00%	2026-09-16: $60190.00
Memory	Memory	HPE OCA > DL360 Gen11 [P52499-B21] > Memory > Memory	Memory	max 32	0	32	Mixing of 3DS and Non 3DS memory is not allowed	P43337-F21	Standard	HPE 256GB (1x256GB) Octal Rank x4 DDR5-4800 CAS-46-39-39 EC8 Registered 3DS Smart FIO Memory Kit	0	101207.00				No	Obsolete (OB)		Not published by OCA	Obsolete (OB)	2026-09-16	2026-09-16	{"Capacity":"256","Type":"RDIMM","Rank":"OCTAL","Frequency":"4800"}	BASELINE	N/A	$0.00	0.00%	2026-09-16: $101207.00
Memory	Memory	HPE OCA > DL360 Gen11 [P52499-B21] > Memory > Memory	Memory	max 32	0	32	Mixing of 3DS and Non 3DS memory is not allowed	P90550-F21	Standard	HPE 256GB 4Rx4 PC5-4800B-R 3DS FIO Kit	0	133186.00				No	Not published by OCA		Not published by OCA	Active	2026-09-16	05/31/2028	{"Capacity":"256","Type":"RDIMM","Rank":"QUAD","Frequency":"4800"}	BASELINE	N/A	$0.00	0.00%	2026-09-16: $133186.00
Memory	Memory	HPE OCA > DL360 Gen11 [P52499-B21] > Memory > Memory	Memory	max 32	0	32	96GB Memory cannot be mixed with any other Memory	P66675-F21	Standard	HPE 96GB (1x96GB) Dual Rank x4 DDR5-4800 CAS-46-45-45 EC8 Registered Smart FIO Memory Kit	0	47056.00				No	Not published by OCA		Not published by OCA	Active	2026-09-16	05/31/2028	{"Capacity":"96","Type":"RDIMM","Rank":"DUAL","Frequency":"4800"}	BASELINE	N/A	$0.00	0.00%	2026-09-16: $47056.00
Memory	Memory Blank Kit	HPE OCA > DL360 Gen11 [P52499-B21] > Memory > Memory Blank Kit	Chassis Infrastructure	max 99	0	99	Selection constraint for Memory Blank Kit: max 99	P07818-B21	Standard	HPE DDR4 DIMM Blank Kit	0	129.00				No	Available		Not published by OCA	Active	2026-09-16	05/31/2028	{}	BASELINE	N/A	$0.00	0.00%	2026-09-16: $129.00
Storage Controllers	SAS Controller	HPE OCA > DL360 Gen11 [P52499-B21] > Storage Controllers > SAS Controller	Storage Controller	max 3	0	3	Selection constraint for SAS Controller: max 3	P47777-B21	Standard	HPE MR416i-p Gen11 x16 Lanes 8GB Cache PCI SPDM Plug-in Storage Controller	0	5999.00				No	Available		Not published by OCA	Active	2026-09-16	05/31/2028	{"Bus Width":"8","Cache":"8GB","Drive Type Support":"SAS, SATA, NVMe","Height":"HH","Length":"HL","Max Drive Support":"16","No of External Port":"0","No of Internal Port":"2","PCI Card Type":"SAS","Type":"PCI_E","Network":"4.0","Port Specification":"x8"}	BASELINE	N/A	$0.00	0.00%	2026-09-16: $5999.00
Storage Controllers	SAS Controller	HPE OCA > DL360 Gen11 [P52499-B21] > Storage Controllers > SAS Controller	Storage Controller	max 3	0	3	Selection constraint for SAS Controller: max 3	P47789-B21	Standard	HPE MR216i-o Gen11 x16 Lanes without Cache OCP SPDM Storage Controller	0	3449.00				No	Available		Not published by OCA	Active	2026-09-16	05/31/2028	{"Bus Width":"8","Cache":"N/A","Drive Type Support":"SAS, SATA, NVMe","Height":"LP","Length":"HL","Max Drive Support":"16","No of External Port":"0","No of Internal Port":"2","PCI Card Type":"SAS","Type":"OCP-OROC","Network":"3.0","Port Specification":"x8"}	BASELINE	N/A	$0.00	0.00%	2026-09-16: $3449.00
Storage Controllers	SAS Controller	HPE OCA > DL360 Gen11 [P52499-B21] > Storage Controllers > SAS Controller	Storage Controller	max 3	0	3	Selection constraint for SAS Controller: max 3	P47785-B21	Standard	HPE MR216i-p Gen11 x16 Lanes without Cache PCI SPDM Plug-in Storage Controller	0	3499.00				No	Available		Not published by OCA	Active	2026-09-16	05/31/2028	{"Bus Width":"8","Cache":"N/A","Drive Type Support":"SAS, SATA, NVMe","Height":"HH","Length":"HL","Max Drive Support":"16","No of External Port":"0","No of Internal Port":"2","PCI Card Type":"SAS","Type":"PCI_E","Network":"4.0","Port Specification":"x8"}	BASELINE	N/A	$0.00	0.00%	2026-09-16: $3499.00
Storage Controllers	SAS Controller	HPE OCA > DL360 Gen11 [P52499-B21] > Storage Controllers > SAS Controller	Storage Controller	max 3	0	3	Selection constraint for SAS Controller: max 3	804398-B21	Standard	HPE Smart Array E208e-p SR Gen10 (8 External Lanes/No Cache) 12G SAS PCIe Plug-in Controller	0	1775.00				No	Available		Not published by OCA	Active	2026-09-16	05/31/2028	{"Bus Width":"8","Cache":"N/A","Drive Type Support":"SAS, SATA","Height":"LP","Length":"FL","Max Drive Support":"N/A","No of External Port":"1","No of Internal Port":"0","PCI Card Type":"storage","Type":"PCI_E","Network":"3","Port Specification":"x4"}	BASELINE	N/A	$0.00	0.00%	2026-09-16: $1775.00
Storage Controllers	SAS Controller	HPE OCA > DL360 Gen11 [P52499-B21] > Storage Controllers > SAS Controller	Storage Controller	max 3	0	3	Selection constraint for SAS Controller: max 3	P47184-B21	Standard	HPE SR932i-p Gen11 x32 Lanes 8GB Wide Cache PCI SPDM Plug-in Storage Controller	0	11155.00				No	Available		Not published by OCA	Active	2026-09-16	05/31/2028	{"Bus Width":"16","Cache":"8GB","Drive Type Support":"SAS, SATA, NVMe","Height":"FH","Length":"HL","Max Drive Support":"32","No of External Port":"0","No of Internal Port":"4","PCI Card Type":"SAS","Type":"PCI_E","Network":"4.0","Port Specification":"x8"}	BASELINE	N/A	$0.00	0.00%	2026-09-16: $11155.00
Storage Controllers	SAS Controller	HPE OCA > DL360 Gen11 [P52499-B21] > Storage Controllers > SAS Controller	Storage Controller	max 3	0	3	Selection constraint for SAS Controller: max 3	P47781-B21	Standard	HPE MR416i-o Gen11 x16 Lanes 8GB Cache OCP SPDM Storage Controller	0	5699.00				No	Available		Not published by OCA	Active	2026-09-16	05/31/2028	{"Bus Width":"8","Cache":"8GB","Drive Type Support":"SAS, SATA, NVMe","Height":"LP","Length":"HL","Max Drive Support":"16","No of External Port":"0","No of Internal Port":"2","PCI Card Type":"SAS","Type":"OCP-OROC","Network":"3.0","Port Specification":"x8"}	BASELINE	N/A	$0.00	0.00%	2026-09-16: $5699.00
Storage Controllers	SAS Controller	HPE OCA > DL360 Gen11 [P52499-B21] > Storage Controllers > SAS Controller	Storage Controller	max 3	0	3	Selection constraint for SAS Controller: max 3	P58335-B21	Standard	HPE MR408i-o Gen11 x8 Lanes 4GB Cache OCP SPDM Storage Controller	0	4599.00				No	Available		Not published by OCA	Active	2026-09-16	05/31/2028	{"Bus Width":"8","Cache":"4GB","Drive Type Support":"SAS, SATA, NVMe","Height":"LP","Length":"HL","Max Drive Support":"8","No of External Port":"0","No of Internal Port":"1","PCI Card Type":"SAS","Type":"OCP-OROC","Network":"3.0","Port Specification":"x8"}	BASELINE	N/A	$0.00	0.00%	2026-09-16: $4599.00
Cables & Enablement Kits	Smart Storage Batteries	HPE OCA > DL360 Gen11 [P52499-B21] > Cables & Enablement Kits > Smart Storage Batteries	Cable Kit	max 2	0	2	Selection constraint for Smart Storage Batteries: max 2	P01366-B21	Standard	HPE 96W Smart Storage Lithium-ion Battery with 145mm Cable Kit	0	110.00				No	Available		Not published by OCA	Active	2026-09-16	05/31/2028	{}	BASELINE	N/A	$0.00	0.00%	2026-09-16: $110.00
Cables & Enablement Kits	Smart Storage Batteries	HPE OCA > DL360 Gen11 [P52499-B21] > Cables & Enablement Kits > Smart Storage Batteries	Cable Kit	max 2	0	2	Selection constraint for Smart Storage Batteries: max 2	P02377-B21	Standard	HPE Smart Storage Hybrid Capacitor with 145mm Cable Kit	0	397.00				No	Available		Not published by OCA	Active	2026-09-16	05/31/2028	{}	BASELINE	N/A	$0.00	0.00%	2026-09-16: $397.00
Cables & Enablement Kits	Smart Storage Batteries	HPE OCA > DL360 Gen11 [P52499-B21] > Cables & Enablement Kits > Smart Storage Batteries	Cable Kit	max 2	0	2	Selection constraint for Smart Storage Batteries: max 2	P48918-B21	Standard	HPE ProLiant Storage Controller Enablement Cable Kit	0	38.00				No	Available		Not published by OCA	Active	2026-09-16	05/31/2028	{}	BASELINE	N/A	$0.00	0.00%	2026-09-16: $38.00
Cables & Enablement Kits	Smart Storage Batteries	HPE OCA > DL360 Gen11 [P52499-B21] > Cables & Enablement Kits > Smart Storage Batteries	Cable Kit	max 2	0	2	Selection constraint for Smart Storage Batteries: max 2	P65038-B21	Standard	HPE 16W Smart Hybrid Capacitor with 145mm Cable	0	397.00				No	Available		Not published by OCA	Active	2026-09-16	05/31/2028	{}	BASELINE	N/A	$0.00	0.00%	2026-09-16: $397.00
Storage Controllers	Internal Storage Controller Cables	HPE OCA > DL360 Gen11 [P52499-B21] > Storage Controllers > Internal Storage Controller Cables	Cable Kit	max 2	0	2	Selection constraint for Internal Storage Controller Cables: max 2	P48909-B21	Standard	HPE ProLiant DL360 Gen11 8SFF PCIe Controller Cable Kit	0	0.00				No	Available		Not published by OCA	Active	2026-09-16	05/31/2028	{}	BASELINE	N/A	$0.00	0.00%	2026-09-16: (no price)
Storage Controllers	Internal Storage Controller Cables	HPE OCA > DL360 Gen11 [P52499-B21] > Storage Controllers > Internal Storage Controller Cables	Cable Kit	max 2	0	2	Selection constraint for Internal Storage Controller Cables: max 2	P48910-B21	Standard	HPE ProLiant DL360 Gen11 2SFF Tri-Mode Controller Cable Kit	0	0.00				No	Available		Not published by OCA	Active	2026-09-16	05/31/2028	{}	BASELINE	N/A	$0.00	0.00%	2026-09-16: (no price)
Storage Controllers	Internal Storage Controller Cables	HPE OCA > DL360 Gen11 [P52499-B21] > Storage Controllers > Internal Storage Controller Cables	Cable Kit	max 2	0	2	Selection constraint for Internal Storage Controller Cables: max 2	P52416-B21	Standard	HPE ProLiant DL360 Gen11 OROC Tri-Mode Cable Kit	0	0.00				No	Available		Not published by OCA	Active	2026-09-16	05/31/2028	{}	BASELINE	N/A	$0.00	0.00%	2026-09-16: (no price)
Storage Controllers	Internal Storage Controller Cables	HPE OCA > DL360 Gen11 [P52499-B21] > Storage Controllers > Internal Storage Controller Cables	Cable Kit	max 2	0	2	Selection constraint for Internal Storage Controller Cables: max 2	P61535-B21	Standard	HPE ProLiant DL360 Gen11 2SFF slimSAS to MLB Cable FIO Trigger System Setting	0	0.00				No	Available		Not published by OCA	Active	2026-09-16	05/31/2028	{}	BASELINE	N/A	$0.00	0.00%	2026-09-16: (no price)
Storage Controllers	Internal Storage Controller Cables	HPE OCA > DL360 Gen11 [P52499-B21] > Storage Controllers > Internal Storage Controller Cables	Cable Kit	max 2	0	2	The SFF products are not supported with LFF model                     The LFF products are not supported with SFF model	P48913-B21	Standard	HPE ProLiant DL360 Gen11 LFF Internal Cable Kit	0	0.00				No	Not published by OCA		Not published by OCA	Active	2026-09-16	05/31/2028	{}	BASELINE	N/A	$0.00	0.00%	2026-09-16: (no price)
Storage Controllers	Internal Storage Controller Cables	HPE OCA > DL360 Gen11 [P52499-B21] > Storage Controllers > Internal Storage Controller Cables	Cable Kit	max 2	0	2	The SFF products are not supported with LFF model                     The LFF products are not supported with SFF model	P51897-B21	Standard	HPE ProLiant DL360 Gen11 4LFF SAS/SATA Signal Cable Kit	0	0.00				No	Not published by OCA		Not published by OCA	Active	2026-09-16	05/31/2028	{}	BASELINE	N/A	$0.00	0.00%	2026-09-16: (no price)
Storage Controllers	Internal Storage Controller Cables	HPE OCA > DL360 Gen11 [P52499-B21] > Storage Controllers > Internal Storage Controller Cables	Cable Kit	max 2	0	2	Supported with EDSFF CTO Model only.	P73000-B21	Standard	HPE ProLiant DL360 Gen11 EDSFF Tri-Mode Controller Cable from PCIe Slot 1 with Drive Label FIO Kit	0	0.00				No	Not published by OCA		Not published by OCA	Active	2026-09-16	05/31/2028	{}	BASELINE	N/A	$0.00	0.00%	2026-09-16: (no price)
Storage Controllers	Internal Storage Controller Cables	HPE OCA > DL360 Gen11 [P52499-B21] > Storage Controllers > Internal Storage Controller Cables	Cable Kit	max 2	0	2	Supported with EDSFF CTO Model only.	P73001-B21	Standard	HPE ProLiant DL360 Gen11 EDSFF Tri-Mode Controller Cable from PCIe Slot 2/3 with Drive Label FIO Kit	0	0.00				No	Not published by OCA		Not published by OCA	Active	2026-09-16	05/31/2028	{}	BASELINE	N/A	$0.00	0.00%	2026-09-16: (no price)
Storage Controllers	Internal Storage Controller Cables	HPE OCA > DL360 Gen11 [P52499-B21] > Storage Controllers > Internal Storage Controller Cables	Cable Kit	max 2	0	2	Private Product is not valid for current customer account	P78127-B21	Standard	HPE DL360G11 8SFF x4 2P DA Spl FIO Cable	0	0.00				No	Not published by OCA		Not published by OCA	Active	2026-09-16	05/31/2028	{}	BASELINE	N/A	$0.00	0.00%	2026-09-16: (no price)
Storage Controllers	RAID Settings	HPE OCA > DL360 Gen11 [P52499-B21] > Storage Controllers > RAID Settings	Storage Controller	max 1	0	1	Selection constraint for RAID Settings: max 1	339777-B21	Standard	HPE RAID 0 Drive 1 FIO Setting	0	1.00				No	Available		Not published by OCA	Active	2026-09-16	05/31/2028	{}	BASELINE	N/A	$0.00	0.00%	2026-09-16: $1.00
Storage Controllers	RAID Settings	HPE OCA > DL360 Gen11 [P52499-B21] > Storage Controllers > RAID Settings	Storage Controller	max 1	0	1	Selection constraint for RAID Settings: max 1	339778-B21	Standard	HPE RAID 1 Drive 1 FIO Setting	0	1.00				No	Available		Not published by OCA	Active	2026-09-16	05/31/2028	{}	BASELINE	N/A	$0.00	0.00%	2026-09-16: $1.00
Storage Controllers	RAID Settings	HPE OCA > DL360 Gen11 [P52499-B21] > Storage Controllers > RAID Settings	Storage Controller	max 1	0	1	Selection constraint for RAID Settings: max 1	339779-B21	Standard	HPE RAID 5 Drive 1 FIO Setting	0	1.00				No	Available		Not published by OCA	Active	2026-09-16	05/31/2028	{}	BASELINE	N/A	$0.00	0.00%	2026-09-16: $1.00
Storage Controllers	RAID Settings	HPE OCA > DL360 Gen11 [P52499-B21] > Storage Controllers > RAID Settings	Storage Controller	max 1	0	1	Selection constraint for RAID Settings: max 1	339780-B21	Standard	HPE Raid 5 w/SP Drive 1 FIO Setting	0	1.00				No	Available		Not published by OCA	Active	2026-09-16	05/31/2028	{}	BASELINE	N/A	$0.00	0.00%	2026-09-16: $1.00
Storage Controllers	RAID Settings	HPE OCA > DL360 Gen11 [P52499-B21] > Storage Controllers > RAID Settings	Storage Controller	max 1	0	1	Selection constraint for RAID Settings: max 1	339781-B21	Standard	HPE RAID FIO Advanced Data Guarding Option	0	1.00				No	Available		Not published by OCA	Active	2026-09-16	05/31/2028	{}	BASELINE	N/A	$0.00	0.00%	2026-09-16: $1.00
Storage Controllers	RAID Settings	HPE OCA > DL360 Gen11 [P52499-B21] > Storage Controllers > RAID Settings	Storage Controller	max 1	0	1	Selection constraint for RAID Settings: max 1	389692-B21	Standard	HPE Customer Defined RAID Setting Service	0	1.00				No	Available		Not published by OCA	Active	2026-09-16	05/31/2028	{}	BASELINE	N/A	$0.00	0.00%	2026-09-16: $1.00
Drive Enclosures / Drives	Drive Cage	HPE OCA > DL360 Gen11 [P52499-B21] > Drive Enclosures / Drives > Drive Cage	Drive Cage / Drive	max 2	0	2	Selection constraint for Drive Cage: max 2	P48895-B21	Standard	HPE ProLiant DL360 Gen11 8SFF x1 U.3 Tri-Mode Backplane Kit	0	0.00				No	Available		Not published by OCA	Active	2026-09-16	05/31/2028	{"Drive Type Support":"SAS, SATA, NVMe","Position":"Front","Max Drive Support":"8","Type":"SFF","DriveCage Type":"U.3","Riser included":"No","DriveCage Lane":"x1"}	BASELINE	N/A	$0.00	0.00%	2026-09-16: (no price)
Drive Enclosures / Drives	Drive Cage	HPE OCA > DL360 Gen11 [P52499-B21] > Drive Enclosures / Drives > Drive Cage	Drive Cage / Drive	max 2	0	2	Selection constraint for Drive Cage: max 2	P48896-B21	Standard	HPE ProLiant DL360 Gen11 8SFF x4 U.3 Tri-Mode Backplane Kit	0	0.00				No	Available		Not published by OCA	Active	2026-09-16	05/31/2028	{"Drive Type Support":"SAS, SATA, NVMe","Position":"Front","Max Drive Support":"8","Type":"SFF","DriveCage Type":"U.3","Riser included":"No","DriveCage Lane":"x4"}	BASELINE	N/A	$0.00	0.00%	2026-09-16: (no price)
Drive Enclosures / Drives	Drive Cage	HPE OCA > DL360 Gen11 [P52499-B21] > Drive Enclosures / Drives > Drive Cage	Cable Kit	max 2	0	2	Selection constraint for Drive Cage: max 2	P48899-B21	Standard	HPE ProLiant DL360 Gen11 2SFF x4 U.3 BC Tri-Mode Enablement Kit	0	0.00				No	Available		Not published by OCA	Active	2026-09-16	05/31/2028	{"Drive Type Support":"SAS, SATA, NVMe","Position":"Front","Max Drive Support":"2","Type":"SFF","DriveCage Type":"U.3","Riser included":"No","DriveCage Lane":"x4"}	BASELINE	N/A	$0.00	0.00%	2026-09-16: (no price)
Drive Enclosures / Drives	Drive Cage	HPE OCA > DL360 Gen11 [P52499-B21] > Drive Enclosures / Drives > Drive Cage	Chassis Infrastructure	max 2	0	2	Selection constraint for Drive Cage: max 2	P48926-B21	Standard	HPE ProLiant DL3X0 Gen11 1U 8SFF Display Port/USB/Optical Drive Blank Kit	0	0.00				No	Available		Not published by OCA	Active	2026-09-16	05/31/2028	{"Position":"Front","Max Drive Support":"1","Riser included":"No"}	BASELINE	N/A	$0.00	0.00%	2026-09-16: (no price)
Drive Enclosures / Drives	Drive Cage	HPE OCA > DL360 Gen11 [P52499-B21] > Drive Enclosures / Drives > Drive Cage	Cable Kit	max 2	0	2	The SFF products are not supported with LFF model                     The LFF products are not supported with SFF model	P48914-B21	Standard	HPE ProLiant DL360 Gen11 LFF Optical Cable Kit	0	0.00				No	Not published by OCA		Not published by OCA	Active	2026-09-16	05/31/2028	{}	BASELINE	N/A	$0.00	0.00%	2026-09-16: (no price)
Drive Enclosures / Drives	Optical Drive	HPE OCA > DL360 Gen11 [P52499-B21] > Drive Enclosures / Drives > Optical Drive	Drive Cage / Drive	max 1	0	1	Selection constraint for Optical Drive: max 1	726536-B21	Standard	HPE 9.5mm SATA DVD-ROM Optical Drive	0	124.00				No	Available		Not published by OCA	Active	2026-09-16	05/31/2028	{}	BASELINE	N/A	$0.00	0.00%	2026-09-16: $124.00
Drive Enclosures / Drives	Optical Drive	HPE OCA > DL360 Gen11 [P52499-B21] > Drive Enclosures / Drives > Optical Drive	Drive Cage / Drive	max 1	0	1	Selection constraint for Optical Drive: max 1	726537-B21	Standard	HPE 9.5mm SATA DVD-RW Optical Drive	0	161.00				No	Available		Not published by OCA	Active	2026-09-16	05/31/2028	{}	BASELINE	N/A	$0.00	0.00%	2026-09-16: $161.00
Drive Enclosures / Drives	Optical Drive	HPE OCA > DL360 Gen11 [P52499-B21] > Drive Enclosures / Drives > Optical Drive	Drive Cage / Drive	max 1	0	1	BTO products are not allowed in CTO Base Model.	701498-B21	Standard	HPE Mobile USB DVD-RW Optical Drive	0	203.00				No	Not published by OCA		Not published by OCA	Active	2026-09-16	05/31/2028	{}	BASELINE	N/A	$0.00	0.00%	2026-09-16: $203.00
Accessories & Infrastructure	Drive Blank & FIO Enablement Kits	HPE OCA > DL360 Gen11 [P52499-B21] > Accessories & Infrastructure > Drive Blank & FIO Enablement Kits	Chassis Infrastructure	max 1	0	1	BTO products are not allowed in CTO Base Model.	807878-B21	Standard	HPE Gen9 LFF HDD Spade Blank Kit	0	32.00				No	Not published by OCA		Not published by OCA	Active	2026-09-16	05/31/2028	{}	BASELINE	N/A	$0.00	0.00%	2026-09-16: $32.00
Accessories & Infrastructure	Drive Blank & FIO Enablement Kits	HPE OCA > DL360 Gen11 [P52499-B21] > Accessories & Infrastructure > Drive Blank & FIO Enablement Kits	Chassis Infrastructure	max 1	0	1	BTO products are not allowed in CTO Base Model.	666987-B21	Standard	HPE Small Form Factor Hard Drive Blank Kit	0	18.00				No	Not published by OCA		Not published by OCA	Active	2026-09-16	05/31/2028	{}	BASELINE	N/A	$0.00	0.00%	2026-09-16: $18.00
Software & Licenses	BIOS Mode	HPE OCA > DL360 Gen11 [P52499-B21] > Software & Licenses > BIOS Mode	Operating System / License	max 1	0	1	Selection constraint for BIOS Mode: max 1	P27078-B21	Standard	HPE ProLiant DL300 Gen10 Plus Platform RAS OS Control FIO Setting	0	1.00				No	Available		Not published by OCA	Active	2026-09-16	05/31/2028	{}	BASELINE	N/A	$0.00	0.00%	2026-09-16: $1.00
Cables & Enablement Kits	Factory Configuration Settings	HPE OCA > DL360 Gen11 [P52499-B21] > Cables & Enablement Kits > Factory Configuration Settings	Cable Kit	max 1	0	1	Selection constraint for Factory Configuration Settings: max 1	P35876-B21	Standard	HPE CE Mark Removal FIO Enablement Kit	0	1.00				No	Available		Not published by OCA	Active	2026-09-16	05/31/2028	{}	BASELINE	N/A	$0.00	0.00%	2026-09-16: $1.00
Software & Licenses	iLO Common Password	HPE OCA > DL360 Gen11 [P52499-B21] > Software & Licenses > iLO Common Password	Operating System / License	max 1	0	1	Selection constraint for iLO Common Password: max 1	P08040-B21	Standard	HPE iLO Common Password FIO Setting	0	1.00				No	Available		Not published by OCA	Active	2026-09-16	05/31/2028	{}	BASELINE	N/A	$0.00	0.00%	2026-09-16: $1.00
Factory Configuration Settings	Logical Size Settings	HPE OCA > DL360 Gen11 [P52499-B21] > Factory Configuration Settings > Logical Size Settings	Option Component	max 1	0	1	Selection constraint for Logical Size Settings: max 1	436007-B21	Standard	HPE 200GB Logical Size FIO Setting	0	1.00				No	Obsolete (OB)		Not published by OCA	Obsolete (OB)	2026-09-16	2026-09-16	{}	BASELINE	N/A	$0.00	0.00%	2026-09-16: $1.00
Accessories & Infrastructure	Trusted Supply Chain	HPE OCA > DL360 Gen11 [P52499-B21] > Accessories & Infrastructure > Trusted Supply Chain	Chassis Infrastructure	max 1	0	1	Selection constraint for Trusted Supply Chain: max 1	P36394-B21	Standard	HPE Trusted Supply Chain for HPE ProLiant	0	1839.00				No	Available		Not published by OCA	Active	2026-09-16	05/31/2028	{}	BASELINE	N/A	$0.00	0.00%	2026-09-16: $1839.00
Accessories & Infrastructure	vSAN Tracking SKUs	HPE OCA > DL360 Gen11 [P52499-B21] > Accessories & Infrastructure > vSAN Tracking SKUs	Chassis Infrastructure	max 1	0	1	Selection constraint for vSAN Tracking SKUs: max 1	P63223-B21	Standard	HPE ProLiant vSAN Original Storage Architecture FIO Tracking	0	1.00				No	Available		Not published by OCA	Active	2026-09-16	05/31/2028	{}	BASELINE	N/A	$0.00	0.00%	2026-09-16: $1.00
Accessories & Infrastructure	vSAN Tracking SKUs	HPE OCA > DL360 Gen11 [P52499-B21] > Accessories & Infrastructure > vSAN Tracking SKUs	Chassis Infrastructure	max 1	0	1	Selection constraint for vSAN Tracking SKUs: max 1	P63226-B21	Standard	HPE ProLiant vSAN ReadyNode Express Storage Architecture FIO Tracking	0	1.00				No	Available		Not published by OCA	Active	2026-09-16	05/31/2028	{}	BASELINE	N/A	$0.00	0.00%	2026-09-16: $1.00
Memory	Memory Setting	HPE OCA > DL360 Gen11 [P52499-B21] > Memory > Memory Setting	Memory	max 1	0	1	Selection constraint for Memory Setting: max 1	P65886-B21	Standard	HPE ProLiant DL3XX Gen11 Cache Mode for High-Bandwidth Memory FIO Trigger System Setting	0	1.00				No	Available		Not published by OCA	Active	2026-09-16	05/31/2028	{}	BASELINE	N/A	$0.00	0.00%	2026-09-16: $1.00
Memory	Memory Setting	HPE OCA > DL360 Gen11 [P52499-B21] > Memory > Memory Setting	Memory	max 1	0	1	Selection constraint for Memory Setting: max 1	875293-B21	Standard	HPE Smart Memory Fast Fault Tolerance FIO Setting	0	1.00				No	Available		Not published by OCA	Active	2026-09-16	05/31/2028	{}	BASELINE	N/A	$0.00	0.00%	2026-09-16: $1.00
Memory	Memory Setting	HPE OCA > DL360 Gen11 [P52499-B21] > Memory > Memory Setting	Memory	max 1	0	1	Supported only for NEBS Models	P40010-B21	Standard	HPE NEBS-compliant FIO Trigger System Setting	0	0.00				No	Not published by OCA		Not published by OCA	Active	2026-09-16	05/31/2028	{}	BASELINE	N/A	$0.00	0.00%	2026-09-16: (no price)
PCIe Risers	Riser Cards	HPE OCA > DL360 Gen11 [P52499-B21] > PCIe Risers > Riser Cards	PCIe Riser	max 2	0	2	Selection constraint for Riser Cards: max 2	P48901-B21	Standard	HPE ProLiant DL360 Gen11 x16 Full Height Riser Kit	0	0.00				No	Available		Not published by OCA	Active	2026-09-16	05/31/2028	{"Type":"Secondary","Slots":"1"}	BASELINE	N/A	$0.00	0.00%	2026-09-16: (no price)
PCIe Risers	Riser Cards	HPE OCA > DL360 Gen11 [P52499-B21] > PCIe Risers > Riser Cards	PCIe Riser	max 2	0	2	Selection constraint for Riser Cards: max 2	P48903-B21	Standard	HPE ProLiant DL360 Gen11 x16 LP Riser Kit	0	0.00				No	Available		Not published by OCA	Active	2026-09-16	05/31/2028	{"Type":"Secondary","Slots":"1"}	BASELINE	N/A	$0.00	0.00%	2026-09-16: (no price)
PCIe Risers	Riser Cards	HPE OCA > DL360 Gen11 [P52499-B21] > PCIe Risers > Riser Cards	PCIe Riser	max 2	0	2	BTO products are not allowed in CTO Base Model.	P75407-B21	Standard	HPE ProLiant Compute DL360 Gen11/Gen12 x16 Primary Riser Kit	0	0.00				No	Not published by OCA		Not published by OCA	Active	2026-09-16	05/31/2028	{"Type":"Primary","Slots":"2"}	BASELINE	N/A	$0.00	0.00%	2026-09-16: (no price)
Cables & Enablement Kits	Solid State Drives (NVMe/SAS/SATA)	HPE OCA > DL360 Gen11 [P52499-B21] > Cables & Enablement Kits > Solid State Drives (NVMe/SAS/SATA)	Cable Kit	max 2	0	2	Selection constraint for Solid State Drives (NVMe/SAS/SATA): max 2	P48183-B21	Standard	HPE NS204i-u Gen11 NVMe Hot Plug Boot Optimized Storage Device	0	7799.00				No	Available		Not published by OCA	Active	2026-09-16	05/31/2028	{}	BASELINE	N/A	$0.00	0.00%	2026-09-16: $7799.00
Cables & Enablement Kits	Solid State Drives (NVMe/SAS/SATA)	HPE OCA > DL360 Gen11 [P52499-B21] > Cables & Enablement Kits > Solid State Drives (NVMe/SAS/SATA)	Cable Kit	max 2	0	2	Selection constraint for Solid State Drives (NVMe/SAS/SATA): max 2	P48920-B21	Standard	HPE ProLiant DL360 Gen11 NS204i-u Internal Cable Kit	0	0.00				No	Available		Not published by OCA	Active	2026-09-16	05/31/2028	{}	BASELINE	N/A	$0.00	0.00%	2026-09-16: (no price)
Cables & Enablement Kits	Solid State Drives (NVMe/SAS/SATA)	HPE OCA > DL360 Gen11 [P52499-B21] > Cables & Enablement Kits > Solid State Drives (NVMe/SAS/SATA)	Cable Kit	max 2	0	2	Selection constraint for Solid State Drives (NVMe/SAS/SATA): max 2	P54702-B21	Standard	HPE ProLiant DL360 Gen11 NS204i-u Rear Cable Kit	0	0.00				No	Available		Not published by OCA	Active	2026-09-16	05/31/2028	{}	BASELINE	N/A	$0.00	0.00%	2026-09-16: (no price)
Cables & Enablement Kits	Solid State Drives (NVMe/SAS/SATA)	HPE OCA > DL360 Gen11 [P52499-B21] > Cables & Enablement Kits > Solid State Drives (NVMe/SAS/SATA)	Cable Kit	max 2	0	2	Selection constraint for Solid State Drives (NVMe/SAS/SATA): max 2	P81162-B21	Standard	HPE NS204i-u v2 960GB NVMe SED Hot Plug Boot Optimized Storage Device	0	14299.00				No	Available		Not published by OCA	Active	2026-09-16	05/31/2028	{}	BASELINE	N/A	$0.00	0.00%	2026-09-16: $14299.00
Cables & Enablement Kits	Solid State Drives (NVMe/SAS/SATA)	HPE OCA > DL360 Gen11 [P52499-B21] > Cables & Enablement Kits > Solid State Drives (NVMe/SAS/SATA)	Cable Kit	max 2	0	2	Selection constraint for Solid State Drives (NVMe/SAS/SATA): max 2	P81160-B21	Standard	HPE NS204i-u v2 960GB NVMe Hot Plug Boot Optimized Storage Device	0	14299.00				No	Available		Not published by OCA	Active	2026-09-16	05/31/2028	{}	BASELINE	N/A	$0.00	0.00%	2026-09-16: $14299.00
OS Boot Device	OS Boot Device	HPE OCA > DL360 Gen11 [P52499-B21] > OS Boot Device > OS Boot Device	Boot Device	max 2	0	2	Private Product is not valid for current customer account	P61852-B21	Standard	HPE NS204i-u Gen11 960GB Spl Boot Dev	0	15699.00				No	Not published by OCA		Not published by OCA	Active	2026-09-16	05/31/2028	{}	BASELINE	N/A	$0.00	0.00%	2026-09-16: $15699.00
Networking	InfiniBand PCIe	HPE OCA > DL360 Gen11 [P52499-B21] > Networking > InfiniBand PCIe	Network Adapter	max 2	0	2	Selection constraint for InfiniBand PCIe: max 2	P45641-H23	Standard	HPE InfiniBand NDR/Ethernet 400Gb 1-port OSFP PCIe5 x16 MCX75310AAS-NEAT Adapter	0	6377.00				No	Available		Not published by OCA	Active	2026-09-16	05/31/2028	{"Height":"HH","Length":"HL","Type":"PCI_E","Network":"400 Gb","Bus Width":"16","Connector":"OSFP"}	BASELINE	N/A	$0.00	0.00%	2026-09-16: $6377.00
Networking	InfiniBand PCIe	HPE OCA > DL360 Gen11 [P52499-B21] > Networking > InfiniBand PCIe	Network Adapter	max 2	0	2	Selection constraint for InfiniBand PCIe: max 2	P45642-H23	Standard	HPE InfiniBand NDR200/Ethernet 200Gb 1-port OSFP PCIe5 x16 MCX75310AAS-HEAT Generic Adapter	0	4904.00				No	Available		Not published by OCA	Active	2026-09-16	05/31/2028	{"Height":"HH","Length":"HL","Type":"PCI_E","Network":"200 GbE","Bus Width":"16","Connector":"OSFP"}	BASELINE	N/A	$0.00	0.00%	2026-09-16: $4904.00
Networking	InfiniBand PCIe	HPE OCA > DL360 Gen11 [P52499-B21] > Networking > InfiniBand PCIe	Transceiver	max 2	0	2	Selection constraint for InfiniBand PCIe: max 2	P23664-B21	Standard	HPE InfiniBand HDR/Ethernet 200Gb 1-port QSFP56 PCIe4 x16 MCX653105A-HDAT Adapter	0	2407.00				No	Obsolete (OB)		Not published by OCA	Obsolete (OB)	2026-09-16	2026-09-16	{"Height":"LP","Length":"FL","Type":"PCI_E","Network":"200Gb","Bus Width":"16","Connector":"QSFP56"}	BASELINE	N/A	$0.00	0.00%	2026-09-16: $2407.00
Networking	InfiniBand PCIe	HPE OCA > DL360 Gen11 [P52499-B21] > Networking > InfiniBand PCIe	Transceiver	max 2	0	2	Selection constraint for InfiniBand PCIe: max 2	P23665-B21	Standard	HPE InfiniBand HDR100/Ethernet 100Gb 1-port QSFP56 PCIe4 x16 MCX653105A-ECAT Adapter	0	1068.00				No	Obsolete (OB)		Not published by OCA	Obsolete (OB)	2026-09-16	2026-09-16	{"Height":"LP","Length":"FL","Type":"PCI_E","Network":"100Gb","Bus Width":"16","Connector":"QSFP56"}	BASELINE	N/A	$0.00	0.00%	2026-09-16: $1068.00
Networking	InfiniBand PCIe	HPE OCA > DL360 Gen11 [P52499-B21] > Networking > InfiniBand PCIe	Transceiver	max 2	0	2	Selection constraint for InfiniBand PCIe: max 2	P23666-B21	Standard	HPE InfiniBand HDR100/Ethernet 100Gb 2-port QSFP56 PCIe4 x16 MCX653106A-ECAT Adapter	0	1274.00				No	Obsolete (OB)		Not published by OCA	Obsolete (OB)	2026-09-16	2026-09-16	{"Height":"LP","Length":"FL","Type":"PCI_E","Network":"100Gb","Bus Width":"16","Connector":"QSFP56"}	BASELINE	N/A	$0.00	0.00%	2026-09-16: $1274.00
Networking	InfiniBand PCIe	HPE OCA > DL360 Gen11 [P52499-B21] > Networking > InfiniBand PCIe	Transceiver	max 2	0	2	Selection constraint for InfiniBand PCIe: max 2	P31324-B21	Standard	HPE InfiniBand HDR/Ethernet 200Gb 2-port QSFP56 PCIe4 x16 MCX653106A-HDAT Adapter	0	3439.00				No	Obsolete (OB)		Not published by OCA	Obsolete (OB)	2026-09-16	2026-09-16	{"Height":"LP","Length":"FL","Type":"PCI_E","Network":"200Gb","Bus Width":"16","Connector":"QSFP56"}	BASELINE	N/A	$0.00	0.00%	2026-09-16: $3439.00
Networking	InfiniBand PCIe	HPE OCA > DL360 Gen11 [P52499-B21] > Networking > InfiniBand PCIe	Network Adapter	max 2	0	2	Selection constraint for InfiniBand PCIe: max 2	P45641-B21	Standard	HPE InfiniBand NDR 1-port OSFP PCIe5 x16 MCX75310AAS-NEAT Adapter	0	2205.00				No	Obsolete (OB)		Not published by OCA	Obsolete (OB)	2026-09-16	2026-09-16	{"Height":"HH","Length":"HL","Type":"PCI_E","Network":"400 GbE","Bus Width":"16","Connector":"OSFP"}	BASELINE	N/A	$0.00	0.00%	2026-09-16: $2205.00
Networking	InfiniBand PCIe	HPE OCA > DL360 Gen11 [P52499-B21] > Networking > InfiniBand PCIe	Network Adapter	max 2	0	2	Selection constraint for InfiniBand PCIe: max 2	P45641-B23	Standard	HPE InfiniBand NDR/Ethernet 400Gb 1-port OSFP PCIe5 x16 MCX75310AAS-NEAT Adapter	0	6377.00				No	Obsolete (OB)		Not published by OCA	Obsolete (OB)	2026-09-16	2026-09-16	{"Height":"HH","Length":"HL","Type":"PCI_E","Network":"400Gb","Bus Width":"16","Connector":"OSFP"}	BASELINE	N/A	$0.00	0.00%	2026-09-16: $6377.00
Networking	InfiniBand PCIe	HPE OCA > DL360 Gen11 [P52499-B21] > Networking > InfiniBand PCIe	Network Adapter	max 2	0	2	Selection constraint for InfiniBand PCIe: max 2	P45641-H24	Standard	HPE InfiniBand NDR/Ethernet 400Gb 1-port OSFP PCIe5 x16 MCX75310AAS-NEAT Generic Adapter	0	6517.00				No	Available		Not published by OCA	Active	2026-09-16	05/31/2028	{"Height":"HH","Length":"HL","Type":"PCI_E","Network":"400 Gb","Bus Width":"16","Connector":"OSFP"}	BASELINE	N/A	$0.00	0.00%	2026-09-16: $6517.00
Networking	InfiniBand PCIe	HPE OCA > DL360 Gen11 [P52499-B21] > Networking > InfiniBand PCIe	Network Adapter	max 2	0	2	Selection constraint for InfiniBand PCIe: max 2	P45642-B21	Standard	HPE InfiniBand NDR200 1-port OSFP PCIe5 x16 MCX75310AAS-HEAT Adapter	0	4568.00				No	Obsolete (OB)		Not published by OCA	Obsolete (OB)	2026-09-16	2026-09-16	{"Height":"HH","Length":"HL","Type":"PCI_E","Network":"200 Gb","Bus Width":"16","Connector":"QSFP"}	BASELINE	N/A	$0.00	0.00%	2026-09-16: $4568.00
Networking	InfiniBand PCIe	HPE OCA > DL360 Gen11 [P52499-B21] > Networking > InfiniBand PCIe	Network Adapter	max 2	0	2	Selection constraint for InfiniBand PCIe: max 2	P45642-B22	Standard	HPE InfiniBand NDR200/Ethernet 200Gb 1-port OSFP PCIe5 x16 MCX75310AAS-HEAT Adapter	0	4568.00				No	Obsolete (OB)		Not published by OCA	Obsolete (OB)	2026-09-16	2026-09-16	{"Height":"HH","Length":"HL","Type":"PCI_E","Network":"200Gb","Bus Width":"16","Connector":"OSFP"}	BASELINE	N/A	$0.00	0.00%	2026-09-16: $4568.00
Networking	InfiniBand PCIe	HPE OCA > DL360 Gen11 [P52499-B21] > Networking > InfiniBand PCIe	Network Adapter	max 2	0	2	Selection constraint for InfiniBand PCIe: max 2	P45642-H22	Standard	HPE InfiniBand NDR200/Ethernet 200Gb 1-port OSFP PCIe5 x16 MCX75310AAS-HEAT Adapter	0	4568.00				No	Obsolete (OB)		Not published by OCA	Obsolete (OB)	2026-09-16	2026-09-16	{"Height":"HH","Length":"HL","Type":"PCI_E","Network":"200 Gb","Bus Width":"16","Connector":"OSFP"}	BASELINE	N/A	$0.00	0.00%	2026-09-16: $4568.00
Networking	InfiniBand PCIe	HPE OCA > DL360 Gen11 [P52499-B21] > Networking > InfiniBand PCIe	Network Adapter	max 2	0	2	Selection constraint for InfiniBand PCIe: max 2	P65333-H21	Standard	HPE InfiniBand NDR200/Ethernet 200GbE 2-port QSFP112 PCIe5 x16 MCX755106AC-HEAT Adapter	0	5425.00				No	Available		Not published by OCA	Active	2026-09-16	05/31/2028	{"Height":"HH","Length":"HL","Type":"PCI_E","Network":"200 Gb","Bus Width":"16","Connector":"QSFP"}	BASELINE	N/A	$0.00	0.00%	2026-09-16: $5425.00
Networking	InfiniBand PCIe	HPE OCA > DL360 Gen11 [P52499-B21] > Networking > InfiniBand PCIe	Network Adapter	max 2	0	2	Private Product is not valid for current customer account | There are no "HPE Recommended products" available. Please use the toggle to show potential alternatives.	P77627-B21	Standard	HPE IB NDR200EN 2P MCX755106AS Spl Adapter	0	0.00				No	Not published by OCA		Not published by OCA	Active	2026-09-16	05/31/2028	{"Height":"HH","Length":"HL","Type":"PCI_E","Network":"200 Gb","Bus Width":"16","Connector":"OSFP"}	BASELINE	N/A	$0.00	0.00%	2026-09-16: (no price)
Networking	Ethernet PCIe	HPE OCA > DL360 Gen11 [P52499-B21] > Networking > Ethernet PCIe	GPU / Accelerator	max 2	0	2	Selection constraint for Ethernet PCIe: max 2	S2A69A	Standard	NVIDIA Ethernet 10/25Gb 2-port SFP28 NVMe-oF Crypto Adapter for HPE	0	1650.00				No	Available		Not published by OCA	Active	2026-09-16	05/31/2028	{"Height":"HH","Length":"HL","Type":"PCI_E","Network":"10/25 Gb","Bus Width":"8","Connector":"SFP28"}	BASELINE	N/A	$0.00	0.00%	2026-09-16: $1650.00
Networking	Ethernet PCIe	HPE OCA > DL360 Gen11 [P52499-B21] > Networking > Ethernet PCIe	Network Adapter	max 2	0	2	Selection constraint for Ethernet PCIe: max 2	P08443-B21	Standard	Intel E810-XXVDA2 Ethernet 10/25Gb 2-port SFP28 Adapter for HPE	0	1680.00				No	Available		Not published by OCA	Active	2026-09-16	05/31/2028	{"Height":"LP","Length":"FL","Type":"PCI_E","Network":"10and25Gb","Bus Width":"8","Connector":"Base-T"}	BASELINE	N/A	$0.00	0.00%	2026-09-16: $1680.00
Networking	Ethernet PCIe	HPE OCA > DL360 Gen11 [P52499-B21] > Networking > Ethernet PCIe	Transceiver	max 2	0	2	Selection constraint for Ethernet PCIe: max 2	P25960-B21	Standard	Mellanox MCX623106AS-CDAT Ethernet 100Gb 2-port QSFP56 Adapter for HPE	0	4373.00				No	Available		Not published by OCA	Active	2026-09-16	05/31/2028	{"Height":"HH","Length":"HL","Type":"PCI_E","Network":"100Gb","Bus Width":"16","Connector":"QSFP56"}	BASELINE	N/A	$0.00	0.00%	2026-09-16: $4373.00
Networking	Ethernet PCIe	HPE OCA > DL360 Gen11 [P52499-B21] > Networking > Ethernet PCIe	Network Adapter	max 2	0	2	Selection constraint for Ethernet PCIe: max 2	P26253-B21	Standard	Broadcom BCM57416 Ethernet 10Gb 2-port BASE-T Adapter for HPE	0	1105.00				No	Available		Not published by OCA	Active	2026-09-16	05/31/2028	{"Height":"LP","Length":"FL","Type":"PCI_E","Network":"10Gb","Bus Width":"8","Connector":"Base-T"}	BASELINE	N/A	$0.00	0.00%	2026-09-16: $1105.00
Networking	Ethernet PCIe	HPE OCA > DL360 Gen11 [P52499-B21] > Networking > Ethernet PCIe	Network Adapter	max 2	0	2	Selection constraint for Ethernet PCIe: max 2	P26259-B21	Standard	Broadcom BCM57412 Ethernet 10Gb 2-port SFP+ Adapter for HPE	0	940.00				No	Available		Not published by OCA	Active	2026-09-16	05/31/2028	{"Height":"LP","Length":"HL","Type":"PCI_E","Network":"10Gb","Bus Width":"8","Connector":"SFP+"}	BASELINE	N/A	$0.00	0.00%	2026-09-16: $940.00
Networking	Ethernet PCIe	HPE OCA > DL360 Gen11 [P52499-B21] > Networking > Ethernet PCIe	Network Adapter	max 2	0	2	Selection constraint for Ethernet PCIe: max 2	P26262-B21	Standard	Broadcom BCM57414 Ethernet 10/25Gb 2-port SFP28 Adapter for HPE	0	1184.00				No	Available		Not published by OCA	Active	2026-09-16	05/31/2028	{"Height":"LP","Length":"HL","Type":"PCI_E","Network":"10and25Gb","Bus Width":"8","Connector":"SFP28"}	BASELINE	N/A	$0.00	0.00%	2026-09-16: $1184.00
Networking	Ethernet PCIe	HPE OCA > DL360 Gen11 [P52499-B21] > Networking > Ethernet PCIe	Network Adapter	max 2	0	2	Selection constraint for Ethernet PCIe: max 2	P42044-B21	Standard	Mellanox MCX631102AS-ADAT Ethernet 10/25Gb 2-port SFP28 Adapter for HPE	0	1500.00				No	Available		Not published by OCA	Active	2026-09-16	05/31/2028	{"Height":"LP","Length":"HL","Type":"PCI_E","Network":"10and25Gb","Bus Width":"8","Connector":"SFP28"}	BASELINE	N/A	$0.00	0.00%	2026-09-16: $1500.00
Networking	Ethernet PCIe	HPE OCA > DL360 Gen11 [P52499-B21] > Networking > Ethernet PCIe	Network Adapter	max 2	0	2	Selection constraint for Ethernet PCIe: max 2	P51178-B21	Standard	Broadcom BCM5719 Ethernet 1Gb 4-port BASE-T Adapter for HPE	0	485.00				No	Available		Not published by OCA	Active	2026-09-16	05/31/2028	{"Height":"LP","Length":"HL","Type":"PCI_E","Network":"1 Gb","Bus Width":"4","Connector":"Base-T"}	BASELINE	N/A	$0.00	0.00%	2026-09-16: $485.00
Networking	Ethernet PCIe	HPE OCA > DL360 Gen11 [P52499-B21] > Networking > Ethernet PCIe	GPU / Accelerator	max 2	0	2	Selection constraint for Ethernet PCIe: max 2	R8M41A	Standard	NVIDIA Ethernet 100Gb 2-port NVMe-oF Offload Adapter for HPE	0	3999.00				No	Available		Not published by OCA	Active	2026-09-16	05/31/2028	{"Height":"HH","Length":"HL","Type":"PCI_E","Network":"100 GbE","Bus Width":"16","Connector":"SFP+"}	BASELINE	N/A	$0.00	0.00%	2026-09-16: $3999.00
Networking	Ethernet PCIe	HPE OCA > DL360 Gen11 [P52499-B21] > Networking > Ethernet PCIe	Transceiver	max 2	0	2	Selection constraint for Ethernet PCIe: max 2	P21112-B21	Standard	Intel E810-CQDA2 Ethernet 100Gb 2-port QSFP28 Adapter for HPE	0	3600.00				No	Available		Not published by OCA	Active	2026-09-16	05/31/2028	{"Height":"HH","Length":"HL","Type":"PCI_E","Network":"100Gb","Bus Width":"16","Connector":"QSFP28"}	BASELINE	N/A	$0.00	0.00%	2026-09-16: $3600.00
Networking	Ethernet PCIe	HPE OCA > DL360 Gen11 [P52499-B21] > Networking > Ethernet PCIe	Network Adapter	max 2	0	2	Selection constraint for Ethernet PCIe: max 2	P08458-B21	Standard	Intel E810-XXVDA4 Ethernet 10/25Gb 4-port SFP28 Adapter for HPE	0	3770.00				No	Available		Not published by OCA	Active	2026-09-16	05/31/2028	{"Height":"FH","Length":"HL","Type":"PCI_E","Network":"10and25Gb","Bus Width":"16","Connector":"SFP28"}	BASELINE	N/A	$0.00	0.00%	2026-09-16: $3770.00
Networking	Ethernet PCIe	HPE OCA > DL360 Gen11 [P52499-B21] > Networking > Ethernet PCIe	Transceiver	max 2	0	2	Selection constraint for Ethernet PCIe: max 2	P10180-B21	Standard	Mellanox MCX623105AS-VDAT Ethernet 200Gb 1-port QSFP56 Adapter for HPE	0	4271.00				No	Obsolete (OB)		Not published by OCA	Obsolete (OB)	2026-09-16	2026-09-16	{"Height":"LP","Length":"HL","Type":"PCI_E","Network":"200Gb","Bus Width":"16","Connector":"QSFP56"}	BASELINE	N/A	$0.00	0.00%	2026-09-16: $4271.00
Networking	Ethernet PCIe	HPE OCA > DL360 Gen11 [P52499-B21] > Networking > Ethernet PCIe	Network Adapter	max 2	0	2	Selection constraint for Ethernet PCIe: max 2	P13188-B21	Standard	Mellanox MCX512F-ACHT Ethernet 10/25Gb 2-port SFP28 Adapter for HPE	0	1425.00				No	Obsolete (OB)		Not published by OCA	Obsolete (OB)	2026-09-16	2026-09-16	{"Height":"HH","Length":"HL","Type":"PCI_E","Network":"10and25Gb","Bus Width":"16","Connector":"SFP28"}	BASELINE	N/A	$0.00	0.00%	2026-09-16: $1425.00
Networking	Ethernet PCIe	HPE OCA > DL360 Gen11 [P52499-B21] > Networking > Ethernet PCIe	Network Adapter	max 2	0	2	Selection constraint for Ethernet PCIe: max 2	P21106-B21	Standard	Intel I350-T4 Ethernet 1Gb 4-port BASE-T Adapter for HPE	0	790.00				No	Available		Not published by OCA	Active	2026-09-16	05/31/2028	{"Height":"LP","Length":"HL","Type":"PCI_E","Network":"1Gb","Bus Width":"8","Connector":"Base-T"}	BASELINE	N/A	$0.00	0.00%	2026-09-16: $790.00
Networking	Ethernet PCIe	HPE OCA > DL360 Gen11 [P52499-B21] > Networking > Ethernet PCIe	Network Adapter	max 2	0	2	Selection constraint for Ethernet PCIe: max 2	P21109-B21	Standard	Xilinx X2522-25G-PLUS Ethernet 10/25Gb 2-port SFP28 Adapter for HPE	0	8495.00				No	Available		Not published by OCA	Active	2026-09-16	05/31/2028	{"Height":"HH","Length":"HL","Type":"PCI_E","Network":"10and25Gb","Bus Width":"8","Connector":"SFP28"}	BASELINE	N/A	$0.00	0.00%	2026-09-16: $8495.00
Networking	Ethernet PCIe	HPE OCA > DL360 Gen11 [P52499-B21] > Networking > Ethernet PCIe	Network Adapter	max 2	0	2	Selection constraint for Ethernet PCIe: max 2	P26264-B21	Standard	Broadcom BCM57504 Ethernet 10/25Gb 4-port SFP28 Adapter for HPE	0	2598.00				No	Available		Not published by OCA	Active	2026-09-16	05/31/2028	{"Height":"LP","Length":"HL","Type":"PCI_E","Network":"10/25 Gb","Bus Width":"16","Connector":"SFP28"}	BASELINE	N/A	$0.00	0.00%	2026-09-16: $2598.00
Networking	Ethernet PCIe	HPE OCA > DL360 Gen11 [P52499-B21] > Networking > Ethernet PCIe	Network Adapter	max 2	0	2	Selection constraint for Ethernet PCIe: max 2	P73111-B21	Standard	Broadcom BCM57608 Ethernet 100Gb 2-port QSFP112 Adapter for HPE	0	4855.00				No	Available		Not published by OCA	Active	2026-09-16	05/31/2028	{"Height":"HH","Length":"HL","Type":"PCI_E","Network":"100 GbE","Bus Width":"16","Connector":"QSFP112"}	BASELINE	N/A	$0.00	0.00%	2026-09-16: $4855.00
Networking	Ethernet PCIe	HPE OCA > DL360 Gen11 [P52499-B21] > Networking > Ethernet PCIe	Transceiver	max 2	0	2	Selection constraint for Ethernet PCIe: max 2	P87940-B21	Standard	AMD Solarflare X4522-PLUS 10/25GbE 2-port SFP56 Adapter for HPE	0	11755.00				No	Available		Not published by OCA	Active	2026-09-16	05/31/2028	{"Height":"HH","Length":"HL","Type":"PCI_E","Network":"10/25 GbE","Bus Width":"8","Connector":"SFP56"}	BASELINE	N/A	$0.00	0.00%	2026-09-16: $11755.00
Networking	Ethernet PCIe	HPE OCA > DL360 Gen11 [P52499-B21] > Networking > Ethernet PCIe	Network Adapter	max 2	0	2	Selection constraint for Ethernet PCIe: max 2	R9Y95A	Standard	HPE Slingshot SA410S 400GbE 1-port QSFP PCIe5 HHHL NIC	0	4250.00				No	Available		Not published by OCA	Active	2026-09-16	05/31/2028	{"Height":"LP","Length":"HL","Type":"PCI_E","Network":"400 GbE","Bus Width":"16","Connector":"QSFP112"}	BASELINE	N/A	$0.00	0.00%	2026-09-16: $4250.00
Networking	Ethernet PCIe	HPE OCA > DL360 Gen11 [P52499-B21] > Networking > Ethernet PCIe	Network Adapter	max 2	0	2	Private Product is not valid for current customer account	P31618-B21	Standard	Intel X710-T4L Ethernet 10Gb 4-port BASE-T Special Adapter for HPE                       is obsolete: P31618-B21	0	3992.00				No	Obsolete (OB)		Not published by OCA	Obsolete (OB)	2026-09-16	2026-09-16	{"Height":"LP","Length":"HL","Type":"PCI_E","Network":"unset","Bus Width":"8","Connector":"Base-T"}	BASELINE	N/A	$0.00	0.00%	2026-09-16: $3992.00
Networking	Ethernet PCIe	HPE OCA > DL360 Gen11 [P52499-B21] > Networking > Ethernet PCIe	Network Adapter	max 2	0	2	Private Product is not valid for current customer account	P36208-B21	Standard	Intel X710-T2L Ethernet 10Gb 2-port BASE-T Special Adapter for HPE                       Product is discontinued: P36208-B21	0	0.00				No	Direct Ship (DS)		Not published by OCA	Direct Ship (DS)	2026-09-16	05/31/2028	{"Height":"HH","Length":"HL","Type":"PCI_E","Network":"10 Gb","Bus Width":"8","Connector":"Base-T"}	BASELINE	N/A	$0.00	0.00%	2026-09-16: (no price)
Networking	Ethernet PCIe	HPE OCA > DL360 Gen11 [P52499-B21] > Networking > Ethernet PCIe	Transceiver	max 2	0	2	Private Product is not valid for current customer account	P80855-B21	Standard	HPE 50/25G 4PSFP56 MCX713104AS Spl Adapter	0	5459.00				No	Not published by OCA		Not published by OCA	Active	2026-09-16	05/31/2028	{"Height":"HH","Length":"HL","Type":"PCI_E","Network":"25/50 GbE","Bus Width":"16"}	BASELINE	N/A	$0.00	0.00%	2026-09-16: $5459.00
Networking	OCP Ethernet	HPE OCA > DL360 Gen11 [P52499-B21] > Networking > OCP Ethernet	Network Adapter	max 2	0	2	Selection constraint for OCP Ethernet: max 2	P10115-B21	Standard	Broadcom BCM57414 Ethernet 10/25Gb 2-port SFP28 OCP3 Adapter for HPE	0	1231.00				No	Available		Not published by OCA	Active	2026-09-16	05/31/2028	{"Height":"LP","Length":"FL","Type":"OCP","Network":"10and25Gb","Bus Width":"8","Connector":"SFP28"}	BASELINE	N/A	$0.00	0.00%	2026-09-16: $1231.00
Networking	OCP Ethernet	HPE OCA > DL360 Gen11 [P52499-B21] > Networking > OCP Ethernet	Network Adapter	max 2	0	2	Selection constraint for OCP Ethernet: max 2	P42041-B21	Standard	Mellanox MCX631432AS-ADAI Ethernet 10/25Gb 2-port SFP28 OCP3 Adapter for HPE	0	1398.00				No	Available		Not published by OCA	Active	2026-09-16	05/31/2028	{"Height":"LP","Length":"HL","Type":"OCP","Network":"10and25Gb","Bus Width":"8","Connector":"SFP28"}	BASELINE	N/A	$0.00	0.00%	2026-09-16: $1398.00
Networking	OCP Ethernet	HPE OCA > DL360 Gen11 [P52499-B21] > Networking > OCP Ethernet	Network Adapter	max 2	0	2	Selection constraint for OCP Ethernet: max 2	P51181-B21	Standard	Broadcom BCM5719 Ethernet 1Gb 4-port BASE-T OCP3 Adapter for HPE	0	485.00				No	Available		Not published by OCA	Active	2026-09-16	05/31/2028	{"Height":"LP","Length":"HL","Type":"OCP","Network":"1 Gb","Bus Width":"4","Connector":"Base-T"}	BASELINE	N/A	$0.00	0.00%	2026-09-16: $485.00
Networking	OCP Ethernet	HPE OCA > DL360 Gen11 [P52499-B21] > Networking > OCP Ethernet	Transceiver	max 2	0	2	Selection constraint for OCP Ethernet: max 2	P22767-B21	Standard	Intel E810-CQDA2 Ethernet 100Gb 2-port QSFP28 OCP3 Adapter for HPE	0	3600.00				No	Available		Not published by OCA	Active	2026-09-16	05/31/2028	{"Height":"HH","Length":"HL","Type":"OCP","Network":"100Gb","Bus Width":"16","Connector":"QSFP28"}	BASELINE	N/A	$0.00	0.00%	2026-09-16: $3600.00
Networking	OCP Ethernet	HPE OCA > DL360 Gen11 [P52499-B21] > Networking > OCP Ethernet	Network Adapter	max 2	0	2	Selection constraint for OCP Ethernet: max 2	P26256-B21	Standard	Broadcom BCM57412 Ethernet 10Gb 2-port SFP+ OCP3 Adapter for HPE	0	940.00				No	Available		Not published by OCA	Active	2026-09-16	05/31/2028	{"Height":"LP","Length":"FL","Type":"OCP","Network":"10Gb","Bus Width":"8","Connector":"SFP+"}	BASELINE	N/A	$0.00	0.00%	2026-09-16: $940.00
Networking	OCP Ethernet	HPE OCA > DL360 Gen11 [P52499-B21] > Networking > OCP Ethernet	Network Adapter	max 2	0	2	Selection constraint for OCP Ethernet: max 2	P08449-B21	Standard	Intel I350-T4 Ethernet 1Gb 4-port BASE-T OCP3 Adapter for HPE	1	830.00				No	Available		Not published by OCA	Active	2026-09-16	05/31/2028	{"Height":"LP","Length":"HL","Type":"OCP","Network":"1Gb","Bus Width":"4","Connector":"Base-T"}	BASELINE	N/A	$0.00	0.00%	2026-09-16: $830.00
Networking	OCP Ethernet	HPE OCA > DL360 Gen11 [P52499-B21] > Networking > OCP Ethernet	Network Adapter	max 2	0	2	Selection constraint for OCP Ethernet: max 2	P10097-B21	Standard	Broadcom BCM57416 Ethernet 10Gb 2-port BASE-T OCP3 Adapter for HPE	0	1105.00				No	Available		Not published by OCA	Active	2026-09-16	05/31/2028	{"Height":"LP","Length":"HL","Type":"OCP","Network":"10Gb","Bus Width":"4","Connector":"Base-T"}	BASELINE	N/A	$0.00	0.00%	2026-09-16: $1105.00
Networking	OCP Ethernet	HPE OCA > DL360 Gen11 [P52499-B21] > Networking > OCP Ethernet	Network Adapter	max 2	0	2	Selection constraint for OCP Ethernet: max 2	P10106-B21	Standard	Intel E810-XXVDA2 Ethernet 10/25Gb 2-port SFP28 OCP3 Adapter for HPE	0	1680.00				No	Available		Not published by OCA	Active	2026-09-16	05/31/2028	{"Height":"LP","Length":"HL","Type":"OCP","Network":"10and25Gb","Bus Width":"8","Connector":"SFP28"}	BASELINE	N/A	$0.00	0.00%	2026-09-16: $1680.00
Networking	OCP Ethernet	HPE OCA > DL360 Gen11 [P52499-B21] > Networking > OCP Ethernet	Network Adapter	max 2	0	2	Selection constraint for OCP Ethernet: max 2	P10112-B21	Standard	Mellanox MCX562A-ACAI Ethernet 10/25Gb 2-port SFP28 OCP3 Adapter for HPE	0	1040.00				No	Obsolete (OB)		Not published by OCA	Obsolete (OB)	2026-09-16	2026-09-16	{"Height":"LP","Length":"FL","Type":"OCP","Network":"10and25Gb","Bus Width":"8","Connector":"SFP28"}	BASELINE	N/A	$0.00	0.00%	2026-09-16: $1040.00
Networking	OCP Ethernet	HPE OCA > DL360 Gen11 [P52499-B21] > Networking > OCP Ethernet	Network Adapter	max 2	0	2	Selection constraint for OCP Ethernet: max 2	P26269-B21	Standard	Broadcom BCM57504 Ethernet 10/25Gb 4-port SFP28 OCP3 Adapter for HPE	0	2598.00				No	Available		Not published by OCA	Active	2026-09-16	05/31/2028	{"Height":"LP","Length":"HL","Type":"OCP","Network":"10/25 Gb","Bus Width":"16","Connector":"SFP28"}	BASELINE	N/A	$0.00	0.00%	2026-09-16: $2598.00
Networking	OCP Ethernet	HPE OCA > DL360 Gen11 [P52499-B21] > Networking > OCP Ethernet	Network Adapter	max 2	0	2	Selection constraint for OCP Ethernet: max 2	P41614-B21	Standard	Intel E810-XXVDA4 Ethernet 10/25Gb 4-port SFP28 OCP3 Adapter for HPE	0	3770.00				No	Available		Not published by OCA	Active	2026-09-16	05/31/2028	{"Height":"LP","Length":"HL","Type":"PCI_E","Network":"unset","Bus Width":"4"}	BASELINE	N/A	$0.00	0.00%	2026-09-16: $3770.00
Networking	OCP Ethernet	HPE OCA > DL360 Gen11 [P52499-B21] > Networking > OCP Ethernet	Network Adapter	max 2	0	2	Selection constraint for OCP Ethernet: max 2	P73114-B21	Standard	Broadcom BCM57608 Ethernet 100Gb 2-port QSFP112 OCP3 Adapter for HPE	0	4855.00				No	Available		Not published by OCA	Active	2026-09-16	05/31/2028	{"Height":"LP","Length":"HL","Type":"NA","Network":"100 GbE","Bus Width":"16","Connector":"OCP3"}	BASELINE	N/A	$0.00	0.00%	2026-09-16: $4855.00
Networking	OCP Ethernet	HPE OCA > DL360 Gen11 [P52499-B21] > Networking > OCP Ethernet	Network Adapter	max 2	0	2	Private Product is not valid for current customer account	P36205-B21	Standard	Intel X710-T2L Ethernet 10Gb 2-port BASE-T OCP3 Special Adapter for HPE                       Product is discontinued: P36205-B21	0	0.00				No	Direct Ship (DS)		Not published by OCA	Direct Ship (DS)	2026-09-16	05/31/2028	{"Height":"LP","Length":"HL","Type":"PCI_E","Network":"unset","Bus Width":"4"}	BASELINE	N/A	$0.00	0.00%	2026-09-16: (no price)
Networking	OCP Ethernet	HPE OCA > DL360 Gen11 [P52499-B21] > Networking > OCP Ethernet	Network Adapter	max 2	0	2	Private Product is not valid for current customer account	P46857-B21	Standard	INT X710 10GbE 4p BASE-T OCP3 Spl Adapterr	0	0.00				No	EOL Warning (90-Day)		Not published by OCA	EOL Warning (90-Day)	2026-09-16	05/31/2028	{"Height":"LP","Length":"HL","Type":"OCP","Network":"1 Gb","Bus Width":"4","Connector":"OCP3"}	BASELINE	N/A	$0.00	0.00%	2026-09-16: (no price)
Networking	OCP Ethernet	HPE OCA > DL360 Gen11 [P52499-B21] > Networking > OCP Ethernet	Network Adapter	max 2	0	2	Private Product is not valid for current customer account	P71812-B21	Standard	BCM 957508-N2 100Gb/s 2p Spl OCP3 Adapter	0	0.00				No	EOL Warning (90-Day)		Not published by OCA	EOL Warning (90-Day)	2026-09-16	05/31/2028	{"Height":"HH","Length":"HL","Type":"OCP","Network":"100 Gb","Bus Width":"16","Connector":"QSFP28"}	BASELINE	N/A	$0.00	0.00%	2026-09-16: (no price)
Networking	Fibre Channel HBA	HPE OCA > DL360 Gen11 [P52499-B21] > Networking > Fibre Channel HBA	Fibre Channel HBA	max 2	0	2	Selection constraint for Fibre Channel HBA: max 2	R7N78A	Standard	HPE SN1700E 64Gb 2-port Fibre Channel Host Bus Adapter	0	10800.00				No	Available		Not published by OCA	Active	2026-09-16	05/31/2028	{"Height":"LP","Length":"FL","Type":"PCI_E","Network":"64Gb","Bus Width":"8","Connector":"Fibre"}	BASELINE	N/A	$0.00	0.00%	2026-09-16: $10800.00
Networking	Fibre Channel HBA	HPE OCA > DL360 Gen11 [P52499-B21] > Networking > Fibre Channel HBA	Fibre Channel HBA	max 2	0	2	Selection constraint for Fibre Channel HBA: max 2	R2J63A	Standard	HPE SN1610E 32Gb 2-port Fibre Channel Host Bus Adapter	0	4991.00				No	Available		Not published by OCA	Active	2026-09-16	05/31/2028	{"Height":"LP","Length":"FL","Type":"PCI_E","Network":"32Gb","Bus Width":"8","Connector":"Fibre"}	BASELINE	N/A	$0.00	0.00%	2026-09-16: $4991.00
Networking	Fibre Channel HBA	HPE OCA > DL360 Gen11 [P52499-B21] > Networking > Fibre Channel HBA	Fibre Channel HBA	max 2	0	2	Selection constraint for Fibre Channel HBA: max 2	R2J62A	Standard	HPE SN1610E 32Gb 1-port Fibre Channel Host Bus Adapter	0	3188.00				No	Available		Not published by OCA	Active	2026-09-16	05/31/2028	{"Height":"LP","Length":"FL","Type":"PCI_E","Network":"32Gb","Bus Width":"8","Connector":"Fibre"}	BASELINE	N/A	$0.00	0.00%	2026-09-16: $3188.00
Networking	Fibre Channel HBA	HPE OCA > DL360 Gen11 [P52499-B21] > Networking > Fibre Channel HBA	Fibre Channel HBA	max 2	0	2	Selection constraint for Fibre Channel HBA: max 2	R7N77A	Standard	HPE SN1700E 64Gb 1-port Fibre Channel Host Bus Adapter	0	5999.00				No	Available		Not published by OCA	Active	2026-09-16	05/31/2028	{"Height":"LP","Length":"FL","Type":"PCI_E","Network":"64Gb","Bus Width":"8","Connector":"Fibre"}	BASELINE	N/A	$0.00	0.00%	2026-09-16: $5999.00
Networking	Fibre Channel HBA	HPE OCA > DL360 Gen11 [P52499-B21] > Networking > Fibre Channel HBA	Fibre Channel HBA	max 2	0	2	Selection constraint for Fibre Channel HBA: max 2	R2E08A	Standard	HPE SN1610Q 32Gb 1-port Fibre Channel Host Bus Adapter	0	4675.00				No	Available		Not published by OCA	Active	2026-09-16	05/31/2028	{"Height":"LP","Length":"FL","Type":"PCI_E","Network":"32Gb","Bus Width":"8","Connector":"Fibre"}	BASELINE	N/A	$0.00	0.00%	2026-09-16: $4675.00
Networking	Fibre Channel HBA	HPE OCA > DL360 Gen11 [P52499-B21] > Networking > Fibre Channel HBA	Fibre Channel HBA	max 2	0	2	Selection constraint for Fibre Channel HBA: max 2	R2E09A	Standard	HPE SN1610Q 32Gb 2-port Fibre Channel Host Bus Adapter	0	7410.00				No	Available		Not published by OCA	Active	2026-09-16	05/31/2028	{"Height":"LP","Length":"FL","Type":"PCI_E","Network":"32Gb","Bus Width":"8","Connector":"Fibre"}	BASELINE	N/A	$0.00	0.00%	2026-09-16: $7410.00
Networking	Fibre Channel HBA	HPE OCA > DL360 Gen11 [P52499-B21] > Networking > Fibre Channel HBA	Fibre Channel HBA	max 2	0	2	These products are hidden due to Supply constraints	R7N86A	Standard	HPE SN1700Q 64Gb 1-port Fibre Channel Host Bus Adapter	0	9688.00				No	These products are hidden due to Supply constraints		Not published by OCA	Active	2026-09-16	05/31/2028	{"Height":"LP","Length":"FL","Type":"PCI_E","Network":"64 Gb","Bus Width":"8","Connector":"Fibre"}	BASELINE	N/A	$0.00	0.00%	2026-09-16: $9688.00
Networking	Fibre Channel HBA	HPE OCA > DL360 Gen11 [P52499-B21] > Networking > Fibre Channel HBA	Fibre Channel HBA	max 2	0	2	These products are hidden due to Supply constraints	R7N87A	Standard	HPE SN1700Q 64Gb 2-port Fibre Channel Host Bus Adapter	0	12800.00				No	These products are hidden due to Supply constraints		Not published by OCA	Active	2026-09-16	05/31/2028	{"Height":"LP","Length":"FL","Type":"PCI_E","Network":"64 Gb","Bus Width":"8","Connector":"Fibre"}	BASELINE	N/A	$0.00	0.00%	2026-09-16: $12800.00
Networking	Transceivers	HPE OCA > DL360 Gen11 [P52499-B21] > Networking > Transceivers	Transceiver	max 12	0	12	Selection constraint for Transceivers: max 12	P49764-B21	Standard	HPE InfiniBand NDR/Ethernet 1x400Gb OSFP Multi-mode 50m HCA-side Transceiver	0	1866.00				No	Available		Not published by OCA	Active	2026-09-16	05/31/2028	{"Form Factor":"sfpplus","BandWidth":"none"}	BASELINE	N/A	$0.00	0.00%	2026-09-16: $1866.00
Networking	Transceivers	HPE OCA > DL360 Gen11 [P52499-B21] > Networking > Transceivers	Transceiver	max 12	0	12	Selection constraint for Transceivers: max 12	Q8J73A	Standard	HPE 100GbE QSFP28 500m 1310mm PSM4 Transceiver	0	3495.00				No	Available		Not published by OCA	Active	2026-09-16	05/31/2028	{"Form Factor":"qsfp28","BandWidth":"none"}	BASELINE	N/A	$0.00	0.00%	2026-09-16: $3495.00
Networking	Transceivers	HPE OCA > DL360 Gen11 [P52499-B21] > Networking > Transceivers	Transceiver	max 12	0	12	Selection constraint for Transceivers: max 12	Q9S71A	Standard	HPE 100GbE QSFP28 to QSFP28 5m Active Optical Cable	0	1899.00				No	Available		Not published by OCA	Active	2026-09-16	05/31/2028	{"Form Factor":"qsfp28","BandWidth":"none"}	BASELINE	N/A	$0.00	0.00%	2026-09-16: $1899.00
Networking	Transceivers	HPE OCA > DL360 Gen11 [P52499-B21] > Networking > Transceivers	Transceiver	max 12	0	12	Selection constraint for Transceivers: max 12	453151-B21	Standard	HPE BladeSystem c-Class Virtual Connect 1G SFP SX Transceiver	0	427.00				No	Available		Not published by OCA	Active	2026-09-16	05/31/2028	{"Form Factor":"sfp","BandWidth":"1G"}	BASELINE	N/A	$0.00	0.00%	2026-09-16: $427.00
Networking	Transceivers	HPE OCA > DL360 Gen11 [P52499-B21] > Networking > Transceivers	Transceiver	max 12	0	12	Selection constraint for Transceivers: max 12	453154-B21	Standard	HPE BladeSystem CClass Virtual Connect 1G SFP RJ45 Transceiver	0	426.00				No	Available		Not published by OCA	Active	2026-09-16	05/31/2028	{"Form Factor":"sfp","BandWidth":"1GBaseT"}	BASELINE	N/A	$0.00	0.00%	2026-09-16: $426.00
Networking	Transceivers	HPE OCA > DL360 Gen11 [P52499-B21] > Networking > Transceivers	Transceiver	max 12	0	12	Selection constraint for Transceivers: max 12	455883-B21	Standard	HPE BladeSystem c-Class 10Gb SFP+ SR Transceiver	0	842.00				No	Available		Not published by OCA	Active	2026-09-16	05/31/2028	{"Form Factor":"sfpplus","BandWidth":"10G"}	BASELINE	N/A	$0.00	0.00%	2026-09-16: $842.00
Networking	Transceivers	HPE OCA > DL360 Gen11 [P52499-B21] > Networking > Transceivers	Transceiver	max 12	0	12	Selection constraint for Transceivers: max 12	455886-B21	Standard	HPE BladeSystem c-Class 10Gb SFP+ LR Transceiver	0	1751.00				No	Available		Not published by OCA	Active	2026-09-16	05/31/2028	{"Form Factor":"sfpplus","BandWidth":"10G"}	BASELINE	N/A	$0.00	0.00%	2026-09-16: $1751.00
Networking	Transceivers	HPE OCA > DL360 Gen11 [P52499-B21] > Networking > Transceivers	Transceiver	max 12	0	12	Selection constraint for Transceivers: max 12	845398-B21	Standard	HPE 25Gb SFP28 SR 100m Transceiver	0	2110.00				No	Available		Not published by OCA	Active	2026-09-16	05/31/2028	{"Form Factor":"sfp28","BandWidth":"25G"}	BASELINE	N/A	$0.00	0.00%	2026-09-16: $2110.00
Networking	Transceivers	HPE OCA > DL360 Gen11 [P52499-B21] > Networking > Transceivers	Transceiver	max 12	0	12	Selection constraint for Transceivers: max 12	845966-B21	Standard	HPE 100Gb QSFP28 MPO SR4 100m Transceiver	0	4252.00				No	Available		Not published by OCA	Active	2026-09-16	05/31/2028	{"Form Factor":"qsfp28","BandWidth":"100G"}	BASELINE	N/A	$0.00	0.00%	2026-09-16: $4252.00
Networking	Transceivers	HPE OCA > DL360 Gen11 [P52499-B21] > Networking > Transceivers	Transceiver	max 12	0	12	Selection constraint for Transceivers: max 12	845970-B21	Standard	HPE QSFP28 to SFP28 Adapter	0	227.00				No	Available		Not published by OCA	Active	2026-09-16	05/31/2028	{"Form Factor":"qsfp28tosfp","BandWidth":"100G"}	BASELINE	N/A	$0.00	0.00%	2026-09-16: $227.00
Networking	Transceivers	HPE OCA > DL360 Gen11 [P52499-B21] > Networking > Transceivers	Transceiver	max 12	0	12	Selection constraint for Transceivers: max 12	845972-B21	Standard	HPE 100Gb QSFP28 Bidirectional Transceiver	0	2585.00				No	Obsolete (OB)		Not published by OCA	Obsolete (OB)	2026-09-16	2026-09-16	{"Form Factor":"unset","BandWidth":"100G"}	BASELINE	N/A	$0.00	0.00%	2026-09-16: $2585.00
Networking	Transceivers	HPE OCA > DL360 Gen11 [P52499-B21] > Networking > Transceivers	Transceiver	max 12	0	12	Selection constraint for Transceivers: max 12	P65334-B21	Standard	HPE InfiniBand NDR/Ethernet 400G QSFP112 MPO12 850nm Multi-mode 50m APC Transceiver	0	3875.00				No	Available		Not published by OCA	Active	2026-09-16	05/31/2028	{"Form Factor":"QSFP","BandWidth":"400G"}	BASELINE	N/A	$0.00	0.00%	2026-09-16: $3875.00
Networking	Transceivers	HPE OCA > DL360 Gen11 [P52499-B21] > Networking > Transceivers	Transceiver	max 12	0	12	Selection constraint for Transceivers: max 12	P87585-B21	Standard	HPE InfiniBand NDR/Ethernet 400Gb OSFP 1-port Single-mode 100m HCA-side Flat-Top Transceiver	0	7359.00				No	Available		Not published by OCA	Active	2026-09-16	05/31/2028	{"Form Factor":"OSFP","BandWidth":"400G"}	BASELINE	N/A	$0.00	0.00%	2026-09-16: $7359.00
Networking	Transceivers	HPE OCA > DL360 Gen11 [P52499-B21] > Networking > Transceivers	Transceiver	max 12	0	12	Selection constraint for Transceivers: max 12	P89422-B21	Standard	HPE Ethernet 1x400Gb OSFP 1-port Multi-mode 50m NIC-side Flat-Top Transceiver	0	2400.00				No	Available		Not published by OCA	Active	2026-09-16	05/31/2028	{"Form Factor":"QSFP","BandWidth":"400G"}	BASELINE	N/A	$0.00	0.00%	2026-09-16: $2400.00
Networking	Transceivers	HPE OCA > DL360 Gen11 [P52499-B21] > Networking > Transceivers	Transceiver	max 12	0	12	Selection constraint for Transceivers: max 12	P89423-B21	Standard	HPE Ethernet 1x400Gb QSFP112 1-port Multi-mode 50m NIC-side Flat-Top Transceiver	0	2428.00				No	Available		Not published by OCA	Active	2026-09-16	05/31/2028	{"Form Factor":"QSFP","BandWidth":"400G"}	BASELINE	N/A	$0.00	0.00%	2026-09-16: $2428.00
Networking	Transceivers	HPE OCA > DL360 Gen11 [P52499-B21] > Networking > Transceivers	Transceiver	max 12	0	12	Selection constraint for Transceivers: max 12	Q2F19A	Standard	HPE 100GbE QSFP28 SR4 100m Transceiver	0	2425.00				No	Available		Not published by OCA	Active	2026-09-16	05/31/2028	{"Form Factor":"qsfp28","BandWidth":"none"}	BASELINE	N/A	$0.00	0.00%	2026-09-16: $2425.00
Cables & Enablement Kits	Storage Controller Cable Kits	HPE OCA > DL360 Gen11 [P52499-B21] > Cables & Enablement Kits > Storage Controller Cable Kits	Cable Kit	max 2	0	2	Selection constraint for Storage Controller Cable Kits: max 2	P48827-B21	Standard	HPE ProLiant DL3XX Gen11 OCP1 x16 Enablement Kit	0	107.00				No	Available		Not published by OCA	Active	2026-09-16	05/31/2028	{}	BASELINE	N/A	$0.00	0.00%	2026-09-16: $107.00
Cables & Enablement Kits	Storage Controller Cable Kits	HPE OCA > DL360 Gen11 [P52499-B21] > Cables & Enablement Kits > Storage Controller Cable Kits	Cable Kit	max 2	0	2	Selection constraint for Storage Controller Cable Kits: max 2	P48828-B21	Standard	HPE ProLiant DL3XX Gen11 OCP2 x16 Enablement Kit	0	226.00				No	Available		Not published by OCA	Active	2026-09-16	05/31/2028	{}	BASELINE	N/A	$0.00	0.00%	2026-09-16: $226.00
Cables & Enablement Kits	Storage Controller Cable Kits	HPE OCA > DL360 Gen11 [P52499-B21] > Cables & Enablement Kits > Storage Controller Cable Kits	Cable Kit	max 2	0	2	Selection constraint for Storage Controller Cable Kits: max 2	P48830-B21	Standard	HPE ProLiant DL3XX Gen11 CPU2 to OCP2 x8 Enablement Kit	0	115.00				No	Available		Not published by OCA	Active	2026-09-16	05/31/2028	{}	BASELINE	N/A	$0.00	0.00%	2026-09-16: $115.00
Cables & Enablement Kits	Storage Controller Cable Kits	HPE OCA > DL360 Gen11 [P52499-B21] > Cables & Enablement Kits > Storage Controller Cable Kits	Cable Kit	max 2	0	2	Selection constraint for Storage Controller Cable Kits: max 2	P48909-B21	Standard	HPE ProLiant DL360 Gen11 8SFF PCIe Controller Cable Kit	0	0.00				No	Available		Not published by OCA	Active	2026-09-16	05/31/2028	{}	BASELINE	N/A	$0.00	0.00%	2026-09-16: (no price)
Cables & Enablement Kits	Storage Controller Cable Kits	HPE OCA > DL360 Gen11 [P52499-B21] > Cables & Enablement Kits > Storage Controller Cable Kits	Cable Kit	max 2	0	2	Selection constraint for Storage Controller Cable Kits: max 2	P48910-B21	Standard	HPE ProLiant DL360 Gen11 2SFF Tri-Mode Controller Cable Kit	0	0.00				No	Available		Not published by OCA	Active	2026-09-16	05/31/2028	{}	BASELINE	N/A	$0.00	0.00%	2026-09-16: (no price)
Cables & Enablement Kits	Storage Controller Cable Kits	HPE OCA > DL360 Gen11 [P52499-B21] > Cables & Enablement Kits > Storage Controller Cable Kits	Cable Kit	max 2	0	2	Selection constraint for Storage Controller Cable Kits: max 2	P52416-B21	Standard	HPE ProLiant DL360 Gen11 OROC Tri-Mode Cable Kit	0	0.00				No	Available		Not published by OCA	Active	2026-09-16	05/31/2028	{}	BASELINE	N/A	$0.00	0.00%	2026-09-16: (no price)
Cables & Enablement Kits	Storage Controller Cable Kits	HPE OCA > DL360 Gen11 [P52499-B21] > Cables & Enablement Kits > Storage Controller Cable Kits	Cable Kit	max 2	0	2	Selection constraint for Storage Controller Cable Kits: max 2	P51911-B21	Standard	HPE ProLiant DL360 Gen11 CPU1 to OCP2 x8 Enablement Kit	0	120.00				No	Available		Not published by OCA	Active	2026-09-16	05/31/2028	{}	BASELINE	N/A	$0.00	0.00%	2026-09-16: $120.00
Cables & Enablement Kits	Storage Controller Cable Kits	HPE OCA > DL360 Gen11 [P52499-B21] > Cables & Enablement Kits > Storage Controller Cable Kits	Cable Kit	max 2	0	2	Selection constraint for Storage Controller Cable Kits: max 2	P61535-B21	Standard	HPE ProLiant DL360 Gen11 2SFF slimSAS to MLB Cable FIO Trigger System Setting	0	0.00				No	Available		Not published by OCA	Active	2026-09-16	05/31/2028	{}	BASELINE	N/A	$0.00	0.00%	2026-09-16: (no price)
Storage Controllers	Internal Storage Controller Cables	HPE OCA > DL360 Gen11 [P52499-B21] > Storage Controllers > Internal Storage Controller Cables	Cable Kit	max 2	0	2	The SFF products are not supported with LFF model                     The LFF products are not supported with SFF model	P48913-B21	Standard	HPE ProLiant DL360 Gen11 LFF Internal Cable Kit	0	0.00				No	Not published by OCA		Not published by OCA	Active	2026-09-16	05/31/2028	{}	BASELINE	N/A	$0.00	0.00%	2026-09-16: (no price)
Storage Controllers	Internal Storage Controller Cables	HPE OCA > DL360 Gen11 [P52499-B21] > Storage Controllers > Internal Storage Controller Cables	Cable Kit	max 2	0	2	The SFF products are not supported with LFF model                     The LFF products are not supported with SFF model	P51897-B21	Standard	HPE ProLiant DL360 Gen11 4LFF SAS/SATA Signal Cable Kit	0	0.00				No	Not published by OCA		Not published by OCA	Active	2026-09-16	05/31/2028	{}	BASELINE	N/A	$0.00	0.00%	2026-09-16: (no price)
Storage Controllers	Internal Storage Controller Cables	HPE OCA > DL360 Gen11 [P52499-B21] > Storage Controllers > Internal Storage Controller Cables	Cable Kit	max 2	0	2	Supported with EDSFF CTO Model only.	P73000-B21	Standard	HPE ProLiant DL360 Gen11 EDSFF Tri-Mode Controller Cable from PCIe Slot 1 with Drive Label FIO Kit	0	0.00				No	Not published by OCA		Not published by OCA	Active	2026-09-16	05/31/2028	{}	BASELINE	N/A	$0.00	0.00%	2026-09-16: (no price)
Storage Controllers	Internal Storage Controller Cables	HPE OCA > DL360 Gen11 [P52499-B21] > Storage Controllers > Internal Storage Controller Cables	Cable Kit	max 2	0	2	Supported with EDSFF CTO Model only.	P73001-B21	Standard	HPE ProLiant DL360 Gen11 EDSFF Tri-Mode Controller Cable from PCIe Slot 2/3 with Drive Label FIO Kit	0	0.00				No	Not published by OCA		Not published by OCA	Active	2026-09-16	05/31/2028	{}	BASELINE	N/A	$0.00	0.00%	2026-09-16: (no price)
Storage Controllers	Internal Storage Controller Cables	HPE OCA > DL360 Gen11 [P52499-B21] > Storage Controllers > Internal Storage Controller Cables	Cable Kit	max 2	0	2	Private Product is not valid for current customer account	P78127-B21	Standard	HPE DL360G11 8SFF x4 2P DA Spl FIO Cable	0	0.00				No	Not published by OCA		Not published by OCA	Active	2026-09-16	05/31/2028	{}	BASELINE	N/A	$0.00	0.00%	2026-09-16: (no price)
Networking	OCP Infiniband	HPE OCA > DL360 Gen11 [P52499-B21] > Networking > OCP Infiniband	Transceiver	max 2	0	2	Selection constraint for OCP Infiniband: max 2	P31323-B21	Standard	HPE InfiniBand HDR/Ethernet 200Gb 1-port QSFP56 PCIe4 x16 OCP3 MCX653435A-HDAI Adapter	0	4217.00				No	Obsolete (OB)		Not published by OCA	Obsolete (OB)	2026-09-16	2026-09-16	{"Height":"LP","Length":"HL","Type":"PCI_E","Network":"unset","Bus Width":"8"}	BASELINE	N/A	$0.00	0.00%	2026-09-16: $4217.00
Networking	OCP Infiniband	HPE OCA > DL360 Gen11 [P52499-B21] > Networking > OCP Infiniband	Transceiver	max 2	0	2	Selection constraint for OCP Infiniband: max 2	P31348-B21	Standard	HPE InfiniBand HDR/Ethernet 200Gb 2-port QSFP56 PCIe4 x16 OCP3 MCX653436A-HDAI Adapter	0	3439.00				No	Obsolete (OB)		Not published by OCA	Obsolete (OB)	2026-09-16	2026-09-16	{"Height":"LP","Length":"HL","Type":"PCI_E","Network":"unset","Bus Width":"8"}	BASELINE	N/A	$0.00	0.00%	2026-09-16: $3439.00
Networking	OCP Infiniband	HPE OCA > DL360 Gen11 [P52499-B21] > Networking > OCP Infiniband	Network Adapter	max 2	0	2	Private Product is not valid for current customer account	P81273-B21	Standard	HPE NDR200EN 2P MCX753436MS OCP3 Spl Adp	0	0.00				No	Not published by OCA		Not published by OCA	Active	2026-09-16	05/31/2028	{"Height":"LP","Length":"HL","Type":"PCI_E","Network":"unset","Bus Width":"16"}	BASELINE	N/A	$0.00	0.00%	2026-09-16: (no price)
Power Supplies	Power Supplies	HPE OCA > DL360 Gen11 [P52499-B21] > Power Supplies > Power Supplies	Power Supply	min 1, max 2	1	2	Selection constraint for Power Supplies: max 2	P03178-B21	Standard	HPE 1000W Flex Slot Titanium Hot Plug Power Supply Kit	2	926.00				No	Available		Not published by OCA	Active	2026-09-16	05/31/2028	{"Current":"AC","Wattage":"1000"}	BASELINE	N/A	$0.00	0.00%	2026-09-16: $926.00
Power Supplies	Power Supplies	HPE OCA > DL360 Gen11 [P52499-B21] > Power Supplies > Power Supplies	Power Supply	min 1, max 2	1	2	Mixing of different Power supply SKU is not allowed.	P38995-B21	Standard	HPE 800W Flex Slot Platinum Hot Plug Low Halogen Power Supply Kit	0	524.00				No	Not published by OCA		Not published by OCA	Active	2026-09-16	05/31/2028	{"Current":"AC","Wattage":"800"}	BASELINE	N/A	$0.00	0.00%	2026-09-16: $524.00
Power Supplies	Power Supplies	HPE OCA > DL360 Gen11 [P52499-B21] > Power Supplies > Power Supplies	Power Supply	min 1, max 2	1	2	Mixing of different Power supply SKU is not allowed.	P38997-B21	Standard	HPE 1600W Flex Slot Platinum Hot Plug Low Halogen Power Supply Kit	0	890.00				No	Not published by OCA		Not published by OCA	Active	2026-09-16	05/31/2028	{"Current":"AC","Wattage":"1600"}	BASELINE	N/A	$0.00	0.00%	2026-09-16: $890.00
Power Supplies	Power Supplies	HPE OCA > DL360 Gen11 [P52499-B21] > Power Supplies > Power Supplies	Power Supply	min 1, max 2	1	2	Mixing of different Power supply SKU is not allowed.	P44712-B21	Standard	HPE 1800W-2200W Flex Slot Titanium Hot Plug Power Supply Kit	0	1588.00				No	Not published by OCA		Not published by OCA	Active	2026-09-16	05/31/2028	{"Current":"AC","Wattage":"2200"}	BASELINE	N/A	$0.00	0.00%	2026-09-16: $1588.00
Power Supplies	Power Supplies	HPE OCA > DL360 Gen11 [P52499-B21] > Power Supplies > Power Supplies	Power Supply	min 1, max 2	1	2	The SFF products are not supported with LFF model                     The LFF products are not supported with SFF model	865408-B21	Standard	HPE 500W Flex Slot Platinum Hot Plug Low Halogen Power Supply Kit	0	0.00				No	Not published by OCA		Not published by OCA	Active	2026-09-16	05/31/2028	{"Current":"AC","Wattage":"500"}	BASELINE	N/A	$0.00	0.00%	2026-09-16: (no price)
Power Supplies	Power Supplies	HPE OCA > DL360 Gen11 [P52499-B21] > Power Supplies > Power Supplies	Power Supply	min 1, max 2	1	2	AC Power cord can only be selected with AC Power supply	P17023-B21	Standard	HPE 1600W Flex Slot -48VDC Hot Plug Power Supply Kit	0	1561.00				No	Not published by OCA		Not published by OCA	Active	2026-09-16	05/31/2028	{"Current":"DC","Wattage":"1600"}	BASELINE	N/A	$0.00	0.00%	2026-09-16: $1561.00
Cooling / Thermal	Power Cooling Options	HPE OCA > DL360 Gen11 [P52499-B21] > Cooling / Thermal > Power Cooling Options	Cooling / Thermal	max 2	0	2	Selection constraint for Power Cooling Options: max 2	P48907-B21	Standard	HPE ProLiant DL3X0 Gen11 1U Standard Fan Kit	1	0.00				No	Available		Not published by OCA	Active	2026-09-16	05/31/2028	{}	BASELINE	N/A	$0.00	0.00%	2026-09-16: (no price)
Cooling / Thermal	Power Cooling Options	HPE OCA > DL360 Gen11 [P52499-B21] > Cooling / Thermal > Power Cooling Options	Cooling / Thermal	max 2	0	2	Selection constraint for Power Cooling Options: max 2	P54697-B21	Standard	HPE ProLiant DL3X0 Gen11 1U 2P Standard Fan Kit	1	0.00				No	Available		Not published by OCA	Active	2026-09-16	05/31/2028	{}	BASELINE	N/A	$0.00	0.00%	2026-09-16: (no price)
Cooling / Thermal	Power Cooling Options	HPE OCA > DL360 Gen11 [P52499-B21] > Cooling / Thermal > Power Cooling Options	Cooling / Thermal	max 2	0	2	If Standard Heatsink is selected, then Performance fan cannot be selected.	P48908-B21	Standard	HPE ProLiant DL3X0 Gen11 1U High Performance Fan Kit	0	0.00				No	Not published by OCA		Not published by OCA	Active	2026-09-16	05/31/2028	{}	BASELINE	N/A	$0.00	0.00%	2026-09-16: (no price)
Cooling / Thermal	Power Cooling Options	HPE OCA > DL360 Gen11 [P52499-B21] > Cooling / Thermal > Power Cooling Options	Cooling / Thermal	max 2	0	2	Max quantity of product limited by space available.	P62046-B21	Standard	HPE ProLiant Direct Liquid Cooling 450mm Female-Male Connection Quick Disconnect Tube Set FIO Kit	0	0.00				No	Not published by OCA		Not published by OCA	Active	2026-09-16	05/31/2028	{}	BASELINE	N/A	$0.00	0.00%	2026-09-16: (no price)
Cooling / Thermal	Power Cooling Options	HPE OCA > DL360 Gen11 [P52499-B21] > Cooling / Thermal > Power Cooling Options	Cable Kit	max 2	0	2	AC Power cord can only be selected with AC Power supply	P36877-B21	Standard	HPE 1600W -48VDC Power Cable Lug Kit	0	135.00				No	Not published by OCA		Not published by OCA	Active	2026-09-16	05/31/2028	{}	BASELINE	N/A	$0.00	0.00%	2026-09-16: $135.00
Cables & Enablement Kits	Power Cords	HPE OCA > DL360 Gen11 [P52499-B21] > Cables & Enablement Kits > Power Cords	Cable Kit	max 2	0	2	Selection constraint for Power Cords: max 2	AF556A	Standard	HPE C13 - Nema 5-15P US/CA 110V 10Amp 1.83m Power Cord	0	55.00				No	Available		Not published by OCA	Active	2026-09-16	05/31/2028	{}	BASELINE	N/A	$0.00	0.00%	2026-09-16: $55.00
Cables & Enablement Kits	Power Cords	HPE OCA > DL360 Gen11 [P52499-B21] > Cables & Enablement Kits > Power Cords	Cable Kit	max 2	0	2	Selection constraint for Power Cords: max 2	AF557A	Standard	HPE C13 - GB-1002 CN 250V 10Amp 1.83m Power Cord	0	156.00				No	Available		Not published by OCA	Active	2026-09-16	05/31/2028	{}	BASELINE	N/A	$0.00	0.00%	2026-09-16: $156.00
Cables & Enablement Kits	Power Cords	HPE OCA > DL360 Gen11 [P52499-B21] > Cables & Enablement Kits > Power Cords	Cable Kit	max 2	0	2	Selection constraint for Power Cords: max 2	AF568A	Standard	HPE C13 - CEE-VII EU 250V 10Amp 1.83m Power Cord	0	71.00				No	Available		Not published by OCA	Active	2026-09-16	05/31/2028	{}	BASELINE	N/A	$0.00	0.00%	2026-09-16: $71.00
Cables & Enablement Kits	Power Cords	HPE OCA > DL360 Gen11 [P52499-B21] > Cables & Enablement Kits > Power Cords	Cable Kit	max 2	0	2	Selection constraint for Power Cords: max 2	AF570A	Standard	HPE C13 - BS-1363A UK/HK/SG 250V 10Amp 1.83m Power Cord	0	55.00				No	Available		Not published by OCA	Active	2026-09-16	05/31/2028	{}	BASELINE	N/A	$0.00	0.00%	2026-09-16: $55.00
Cables & Enablement Kits	Power Cords	HPE OCA > DL360 Gen11 [P52499-B21] > Cables & Enablement Kits > Power Cords	Cable Kit	max 2	0	2	Selection constraint for Power Cords: max 2	AF573A	Standard	HPE C13 - C14 WW 250V 10Amp Flint Gray 2.0m Jumper Cord	0	38.00				No	Available		Not published by OCA	Active	2026-09-16	05/31/2028	{}	BASELINE	N/A	$0.00	0.00%	2026-09-16: $38.00
Cables & Enablement Kits	Power Cords	HPE OCA > DL360 Gen11 [P52499-B21] > Cables & Enablement Kits > Power Cords	Cable Kit	max 2	0	2	Selection constraint for Power Cords: max 2	AF558A	Standard	HPE C13 - IRAM -2073 AR 250V 10A 2.5m Power Cord	0	65.00				No	Available		Not published by OCA	Active	2026-09-16	05/31/2028	{}	BASELINE	N/A	$0.00	0.00%	2026-09-16: $65.00
Cables & Enablement Kits	Power Cords	HPE OCA > DL360 Gen11 [P52499-B21] > Cables & Enablement Kits > Power Cords	Cable Kit	max 2	0	2	Selection constraint for Power Cords: max 2	AF559A	Standard	HPE C13 - Nema 5-15P TH/PH 250V 10Amp 1.83m Power Cord	0	55.00				No	Available		Not published by OCA	Active	2026-09-16	05/31/2028	{}	BASELINE	N/A	$0.00	0.00%	2026-09-16: $55.00
Cables & Enablement Kits	Power Cords	HPE OCA > DL360 Gen11 [P52499-B21] > Cables & Enablement Kits > Power Cords	Cable Kit	max 2	0	2	Selection constraint for Power Cords: max 2	AF560A	Standard	HPE C13 - KSC- 8305 KR 250V 10Amp 1.83m Power Cord	0	55.00				No	Available		Not published by OCA	Active	2026-09-16	05/31/2028	{}	BASELINE	N/A	$0.00	0.00%	2026-09-16: $55.00
Cables & Enablement Kits	Power Cords	HPE OCA > DL360 Gen11 [P52499-B21] > Cables & Enablement Kits > Power Cords	Cable Kit	max 2	0	2	Selection constraint for Power Cords: max 2	AF561A	Standard	HPE C13 - CNS-690 TW 110V 13Amp 1.83m Power Cord	0	55.00				No	Available		Not published by OCA	Active	2026-09-16	05/31/2028	{}	BASELINE	N/A	$0.00	0.00%	2026-09-16: $55.00
Cables & Enablement Kits	Power Cords	HPE OCA > DL360 Gen11 [P52499-B21] > Cables & Enablement Kits > Power Cords	Cable Kit	max 2	0	2	Selection constraint for Power Cords: max 2	AF562A	Standard	HPE C13 - IS-1293 IN 240V 6Amp LV 2.0m Power Cord	0	194.00				No	Available		Not published by OCA	Active	2026-09-16	05/31/2028	{}	BASELINE	N/A	$0.00	0.00%	2026-09-16: $194.00
Cables & Enablement Kits	Power Cords	HPE OCA > DL360 Gen11 [P52499-B21] > Cables & Enablement Kits > Power Cords	Cable Kit	max 2	0	2	Selection constraint for Power Cords: max 2	AF564A	Standard	HPE C13 - SI-32 IL 250V 10Amp 1.83m Power Cord	0	55.00				No	Available		Not published by OCA	Active	2026-09-16	05/31/2028	{}	BASELINE	N/A	$0.00	0.00%	2026-09-16: $55.00
Cables & Enablement Kits	Power Cords	HPE OCA > DL360 Gen11 [P52499-B21] > Cables & Enablement Kits > Power Cords	Cable Kit	max 2	0	2	Selection constraint for Power Cords: max 2	AF565A	Standard	HPE C13 - SEV 1011 CH 250V 10Amp 1.83m Power Cord	0	55.00				No	Available		Not published by OCA	Active	2026-09-16	05/31/2028	{}	BASELINE	N/A	$0.00	0.00%	2026-09-16: $55.00
Cables & Enablement Kits	Power Cords	HPE OCA > DL360 Gen11 [P52499-B21] > Cables & Enablement Kits > Power Cords	Cable Kit	max 2	0	2	Selection constraint for Power Cords: max 2	AF566A	Standard	HPE C13 - DK-2.5A DK 250V 10Amp 1.83m Power Cord	0	55.00				No	Available		Not published by OCA	Active	2026-09-16	05/31/2028	{}	BASELINE	N/A	$0.00	0.00%	2026-09-16: $55.00
Cables & Enablement Kits	Power Cords	HPE OCA > DL360 Gen11 [P52499-B21] > Cables & Enablement Kits > Power Cords	Cable Kit	max 2	0	2	Selection constraint for Power Cords: max 2	AF567A	Standard	HPE C13 - SABS-164 ZA 250V 10Amp 2.5m Power Cord	0	65.00				No	Available		Not published by OCA	Active	2026-09-16	05/31/2028	{}	BASELINE	N/A	$0.00	0.00%	2026-09-16: $65.00
Cables & Enablement Kits	Power Cords	HPE OCA > DL360 Gen11 [P52499-B21] > Cables & Enablement Kits > Power Cords	Cable Kit	max 2	0	2	Selection constraint for Power Cords: max 2	AF569A	Standard	HPE C13 - AS3112-3 AU 250V 10Amp 2.5m Power Cord	0	65.00				No	Available		Not published by OCA	Active	2026-09-16	05/31/2028	{}	BASELINE	N/A	$0.00	0.00%	2026-09-16: $65.00
Cables & Enablement Kits	Power Cords	HPE OCA > DL360 Gen11 [P52499-B21] > Cables & Enablement Kits > Power Cords	Cable Kit	max 2	0	2	Selection constraint for Power Cords: max 2	AF572A	Standard	HPE C13 - JIS C8303 JP 100V 12Amp 2.0m Power Cord	0	60.00				No	Available		Not published by OCA	Active	2026-09-16	05/31/2028	{}	BASELINE	N/A	$0.00	0.00%	2026-09-16: $60.00
Cables & Enablement Kits	Power Cords	HPE OCA > DL360 Gen11 [P52499-B21] > Cables & Enablement Kits > Power Cords	Cable Kit	max 2	0	2	Selection constraint for Power Cords: max 2	AF591A	Standard	HPE C13 - NBR-14136 BR 250V 10Amp 1.83m Power Cord	0	49.00				No	Available		Not published by OCA	Active	2026-09-16	05/31/2028	{}	BASELINE	N/A	$0.00	0.00%	2026-09-16: $49.00
Cables & Enablement Kits	Power Cords	HPE OCA > DL360 Gen11 [P52499-B21] > Cables & Enablement Kits > Power Cords	Cable Kit	max 2	0	2	Selection constraint for Power Cords: max 2	R1C65A	Standard	HPE C13-C14 IN 250V 10Amp 2m Black Jumper Cord	0	119.00				No	Available		Not published by OCA	Active	2026-09-16	05/31/2028	{}	BASELINE	N/A	$0.00	0.00%	2026-09-16: $119.00
Cables & Enablement Kits	Power Cords	HPE OCA > DL360 Gen11 [P52499-B21] > Cables & Enablement Kits > Power Cords	Cable Kit	max 2	0	2	AC Power cord can only be selected with AC Power supply	P22173-B21	Standard	HPE 1600W -48VDC 600V 3.5m Power Cable Kit	0	818.00				No	Not published by OCA		Not published by OCA	Active	2026-09-16	05/31/2028	{}	BASELINE	N/A	$0.00	0.00%	2026-09-16: $818.00
Cables & Enablement Kits	Power Cords	HPE OCA > DL360 Gen11 [P52499-B21] > Cables & Enablement Kits > Power Cords	Cable Kit	max 2	0	2	BTO products are not allowed in CTO Base Model.	A0K02A	Standard	HPE C13 - C14 WW 250V 10Amp 2.0m Jumper Cord	0	34.00				No	Not published by OCA		Not published by OCA	Active	2026-09-16	05/31/2028	{}	BASELINE	N/A	$0.00	0.00%	2026-09-16: $34.00
Cables & Enablement Kits	Power Cords	HPE OCA > DL360 Gen11 [P52499-B21] > Cables & Enablement Kits > Power Cords	Cable Kit	max 2	0	2	BTO products are not allowed in CTO Base Model.	A0N33A	Standard	HPE C13-NEMA 6-15P 10A/250V 3.6m Black Power Cord	0	78.00				No	Not published by OCA		Not published by OCA	Active	2026-09-16	05/31/2028	{}	BASELINE	N/A	$0.00	0.00%	2026-09-16: $78.00
Accessories & Infrastructure	Chassis Infrastructure & Rail Kits	HPE OCA > DL360 Gen11 [P52499-B21] > Accessories & Infrastructure > Chassis Infrastructure & Rail Kits	Chassis Infrastructure	max 3	0	3	Selection constraint for Chassis Infrastructure & Rail Kits: max 3	875519-B21	Standard	HPE Bezel Lock Kit	0	89.00				No	Available		Not published by OCA	Active	2026-09-16	05/31/2028	{}	BASELINE	N/A	$0.00	0.00%	2026-09-16: $89.00
Accessories & Infrastructure	Chassis Infrastructure & Rail Kits	HPE OCA > DL360 Gen11 [P52499-B21] > Accessories & Infrastructure > Chassis Infrastructure & Rail Kits	Cable Kit	max 3	0	3	Selection constraint for Chassis Infrastructure & Rail Kits: max 3	P48922-B21	Standard	HPE ProLiant DL3XX Gen11 Intrusion Cable Kit	0	38.00				No	Available		Not published by OCA	Active	2026-09-16	05/31/2028	{}	BASELINE	N/A	$0.00	0.00%	2026-09-16: $38.00
Accessories & Infrastructure	Chassis Infrastructure & Rail Kits	HPE OCA > DL360 Gen11 [P52499-B21] > Accessories & Infrastructure > Chassis Infrastructure & Rail Kits	Chassis Infrastructure	max 3	0	3	Selection constraint for Chassis Infrastructure & Rail Kits: max 3	P50450-B21	Standard	HPE ProLiant Gen11 1U Common Bezel Kit	0	0.00				No	Available		Not published by OCA	Active	2026-09-16	05/31/2028	{}	BASELINE	N/A	$0.00	0.00%	2026-09-16: (no price)
Accessories & Infrastructure	Chassis Infrastructure & Rail Kits	HPE OCA > DL360 Gen11 [P52499-B21] > Accessories & Infrastructure > Chassis Infrastructure & Rail Kits	Chassis Infrastructure	max 3	0	3	Selection constraint for Chassis Infrastructure & Rail Kits: max 3	P55439-B21	Standard	HPE OEM ProLiant Gen11 1U Bezel Kit	0	0.00				No	Available		Not published by OCA	Active	2026-09-16	05/31/2028	{}	BASELINE	N/A	$0.00	0.00%	2026-09-16: (no price)
Accessories & Infrastructure	Management Hardware	HPE OCA > DL360 Gen11 [P52499-B21] > Accessories & Infrastructure > Management Hardware	Cable Kit	max 1	0	1	Selection constraint for Management Hardware: max 1	P48921-B21	Standard	HPE ProLiant DL36X Gen11 Rear Serial Port Cable Kit	0	0.00				No	Available		Not published by OCA	Active	2026-09-16	05/31/2028	{}	BASELINE	N/A	$0.00	0.00%	2026-09-16: (no price)
Accessories & Infrastructure	Management Hardware	HPE OCA > DL360 Gen11 [P52499-B21] > Accessories & Infrastructure > Management Hardware	Chassis Infrastructure	max 1	0	1	Selection constraint for Management Hardware: max 1	P48927-B21	Standard	HPE ProLiant DL360 Gen11 SFF System Insight Display Power Module Kit	0	0.00				No	Available		Not published by OCA	Active	2026-09-16	05/31/2028	{}	BASELINE	N/A	$0.00	0.00%	2026-09-16: (no price)
Security Options	Management Hardware	HPE OCA > DL360 Gen11 [P52499-B21] > Security Options > Management Hardware	Option Component	max 1	0	1	The SFF products are not supported with LFF model                     The LFF products are not supported with SFF model	P48928-B21	Standard	HPE ProLiant DL3X0 Gen11 1U LFF Display Port/USB Kit	0	0.00				No	Not published by OCA		Not published by OCA	Active	2026-09-16	05/31/2028	{}	BASELINE	N/A	$0.00	0.00%	2026-09-16: (no price)
Accessories & Infrastructure	Chassis Infrastructure & Rail Kits	HPE OCA > DL360 Gen11 [P52499-B21] > Accessories & Infrastructure > Chassis Infrastructure & Rail Kits	Chassis Infrastructure	max 2	0	2	Selection constraint for Chassis Infrastructure & Rail Kits: max 2	P26489-B21	Standard	HPE ProLiant DL300 Gen10 Plus 1U Cable Management Arm for Rail Kit	0	0.00				No	Available		Not published by OCA	Active	2026-09-16	05/31/2028	{}	BASELINE	N/A	$0.00	0.00%	2026-09-16: (no price)
Accessories & Infrastructure	Chassis Infrastructure & Rail Kits	HPE OCA > DL360 Gen11 [P52499-B21] > Accessories & Infrastructure > Chassis Infrastructure & Rail Kits	Chassis Infrastructure	max 2	0	2	Selection constraint for Chassis Infrastructure & Rail Kits: max 2	P52341-B21	Standard	HPE ProLiant DL3XX Gen11 Easy Install Rail 3 Kit	1	164.00				No	Available		Not published by OCA	Active	2026-09-16	05/31/2028	{}	BASELINE	N/A	$0.00	0.00%	2026-09-16: $164.00
Accessories & Infrastructure	Chassis Infrastructure & Rail Kits	HPE OCA > DL360 Gen11 [P52499-B21] > Accessories & Infrastructure > Chassis Infrastructure & Rail Kits	Chassis Infrastructure	max 2	0	2	Selection constraint for Chassis Infrastructure & Rail Kits: max 2	P70741-B21	Standard	HPE Cable Management Arm 4 for Friction Rail Kit	0	0.00				No	Available		Not published by OCA	Active	2026-09-16	05/31/2028	{}	BASELINE	N/A	$0.00	0.00%	2026-09-16: (no price)
Accessories & Infrastructure	Chassis Infrastructure & Rail Kits	HPE OCA > DL360 Gen11 [P52499-B21] > Accessories & Infrastructure > Chassis Infrastructure & Rail Kits	Chassis Infrastructure	max 2	0	2	The SFF products are not supported with LFF model                     The LFF products are not supported with SFF model	P52343-B21	Standard	HPE Easy Install Rail 5 Kit	0	0.00				No	Not published by OCA		Not published by OCA	Active	2026-09-16	05/31/2028	{}	BASELINE	N/A	$0.00	0.00%	2026-09-16: (no price)
Graphics & GPU	Graphics	HPE OCA > DL360 Gen11 [P52499-B21] > Graphics & GPU > Graphics	GPU / Accelerator	max 2	0	2	Selection constraint for Graphics: max 2	R9H23C	Standard	NVIDIA A2 16GB PCIe Non-CEC Accelerator for HPE	0	0.00				No	Obsolete (OB)		Not published by OCA	Obsolete (OB)	2026-09-16	2026-09-16	{}	BASELINE	N/A	$0.00	0.00%	2026-09-16: (no price)
Graphics & GPU	Graphics	HPE OCA > DL360 Gen11 [P52499-B21] > Graphics & GPU > Graphics	GPU / Accelerator	max 2	0	2	Selection constraint for Graphics: max 2	S0K89C	Standard	NVIDIA L4 24GB PCIe Accelerator for HPE	0	10589.00				No	Available		Not published by OCA	Active	2026-09-16	05/31/2028	{}	BASELINE	N/A	$0.00	0.00%	2026-09-16: $10589.00
Graphics & GPU	Graphics	HPE OCA > DL360 Gen11 [P52499-B21] > Graphics & GPU > Graphics	GPU / Accelerator	max 2	0	2	Private Product is not valid for current customer account	R9Q63C	Standard	NVIDIA T1000 8GB GPU Spl Module                       is obsolete: R9Q63C	0	0.00				No	Obsolete (OB)		Not published by OCA	Obsolete (OB)	2026-09-16	2026-09-16	{}	BASELINE	N/A	$0.00	0.00%	2026-09-16: (no price)
Storage Controllers	INTEL VROC Products-FIO	HPE OCA > DL360 Gen11 [P52499-B21] > Storage Controllers > INTEL VROC Products-FIO	Storage Controller	Unlimited	0	Unlimited	Selection constraint for INTEL VROC Products-FIO: no max	R7J57A	Standard	Intel Virtual RAID on CPU Premium FIO Software for HPE	0	371.00				No	Available		Not published by OCA	Active	2026-09-16	05/31/2028	{}	BASELINE	N/A	$0.00	0.00%	2026-09-16: $371.00
Storage Controllers	INTEL VROC Products-FIO	HPE OCA > DL360 Gen11 [P52499-B21] > Storage Controllers > INTEL VROC Products-FIO	Storage Controller	Unlimited	0	Unlimited	Selection constraint for INTEL VROC Products-FIO: no max	S0E37A	Standard	Intel Virtual RAID on CPU Standard FIO Software for HPE	0	229.00				No	Obsolete (OB)		Not published by OCA	Obsolete (OB)	2026-09-16	2026-09-16	{}	BASELINE	N/A	$0.00	0.00%	2026-09-16: $229.00
Storage Controllers	INTEL VROC Products-FIO	HPE OCA > DL360 Gen11 [P52499-B21] > Storage Controllers > INTEL VROC Products-FIO	Storage Controller	Unlimited	0	Unlimited	Selection constraint for INTEL VROC Products-FIO: no max	S3Q19A	Standard	Intel Virtual RAID on CPU RAID 1 FIO Software for HPE	0	229.00				No	Available		Not published by OCA	Active	2026-09-16	05/31/2028	{}	BASELINE	N/A	$0.00	0.00%	2026-09-16: $229.00
Processor	Processor Options	HPE OCA > DL360 Gen11 [P52499-B21] > Processor > Processor Options	Processor	Unlimited	0	Unlimited	Selection constraint for VMware NSX: no max	R9L85A	Standard	VMware NSX Advanced 1 Processor 3-year LTU	0	10004.00				No	Obsolete (OB)		Not published by OCA	Obsolete (OB)	2026-09-16	2026-09-16	{}	BASELINE	N/A	$0.00	0.00%	2026-09-16: $10004.00
Processor	Processor Options	HPE OCA > DL360 Gen11 [P52499-B21] > Processor > Processor Options	Processor	Unlimited	0	Unlimited	Selection constraint for VMware NSX: no max	R9L86A	Standard	VMware NSX Advanced 1 Processor 5-year LTU	0	12429.00				No	Obsolete (OB)		Not published by OCA	Obsolete (OB)	2026-09-16	2026-09-16	{}	BASELINE	N/A	$0.00	0.00%	2026-09-16: $12429.00
Software & Licenses	VMWare VCenter Srm Products	HPE OCA > DL360 Gen11 [P52499-B21] > Software & Licenses > VMWare VCenter Srm Products	Operating System / License	Unlimited	0	Unlimited	Selection constraint for VMWare VCenter Srm Products: no max	BD750A	Standard	VMware vCenter Site Recovery Manager Enterprise 25 Virtual Machines 1yr Software	0	15810.00				No	Obsolete (OB)		Not published by OCA	Obsolete (OB)	2026-09-16	2026-09-16	{}	BASELINE	N/A	$0.00	0.00%	2026-09-16: $15810.00
Software & Licenses	VMWare VCenter Srm Products	HPE OCA > DL360 Gen11 [P52499-B21] > Software & Licenses > VMWare VCenter Srm Products	Operating System / License	Unlimited	0	Unlimited	Selection constraint for VMWare VCenter Srm Products: no max	BD748A	Standard	VMware vCenter Site Recovery Manager Standard 25 Virtual Machines 1yr Software	0	6231.00				No	Obsolete (OB)		Not published by OCA	Obsolete (OB)	2026-09-16	2026-09-16	{}	BASELINE	N/A	$0.00	0.00%	2026-09-16: $6231.00
Software & Licenses	VMWare VCloud Products	HPE OCA > DL360 Gen11 [P52499-B21] > Software & Licenses > VMWare VCloud Products	Operating System / License	Unlimited	0	Unlimited	Selection constraint for VMWare VCloud Products: no max	R0S73A	Standard	VMware Cloud Foundation Enterprise per CPU 3yr LTU	0	48678.00				No	Obsolete (OB)		Not published by OCA	Obsolete (OB)	2026-09-16	2026-09-16	{}	BASELINE	N/A	$0.00	0.00%	2026-09-16: $48678.00
Software & Licenses	VMWare VCloud Products	HPE OCA > DL360 Gen11 [P52499-B21] > Software & Licenses > VMWare VCloud Products	Operating System / License	Unlimited	0	Unlimited	Selection constraint for VMWare VCloud Products: no max	R0S74A	Standard	VMware Cloud Foundation Enterprise per CPU 5yr LTU	0	61193.00				No	Obsolete (OB)		Not published by OCA	Obsolete (OB)	2026-09-16	2026-09-16	{}	BASELINE	N/A	$0.00	0.00%	2026-09-16: $61193.00
Software & Licenses	VMWare VCloud Products	HPE OCA > DL360 Gen11 [P52499-B21] > Software & Licenses > VMWare VCloud Products	Operating System / License	Unlimited	0	Unlimited	Selection constraint for VMWare VCloud Products: no max	R0S66A	Standard	VMware Cloud Foundation Starter per CPU 1-year LTU	0	24734.00				No	Obsolete (OB)		Not published by OCA	Obsolete (OB)	2026-09-16	2026-09-16	{}	BASELINE	N/A	$0.00	0.00%	2026-09-16: $24734.00
Software & Licenses	VMWare VCloud Products	HPE OCA > DL360 Gen11 [P52499-B21] > Software & Licenses > VMWare VCloud Products	Operating System / License	Unlimited	0	Unlimited	Selection constraint for VMWare VCloud Products: no max	R0S67A	Standard	VMware Cloud Foundation Starter per CPU 3-year LTU	0	33867.00				No	Obsolete (OB)		Not published by OCA	Obsolete (OB)	2026-09-16	2026-09-16	{}	BASELINE	N/A	$0.00	0.00%	2026-09-16: $33867.00
Software & Licenses	VMWare VCloud Products	HPE OCA > DL360 Gen11 [P52499-B21] > Software & Licenses > VMWare VCloud Products	Operating System / License	Unlimited	0	Unlimited	Selection constraint for VMWare VCloud Products: no max	R0S68A	Standard	VMware Cloud Foundation Starter per CPU 5-year LTU	0	42700.00				No	Obsolete (OB)		Not published by OCA	Obsolete (OB)	2026-09-16	2026-09-16	{}	BASELINE	N/A	$0.00	0.00%	2026-09-16: $42700.00
Software & Licenses	VMWare VCloud Products	HPE OCA > DL360 Gen11 [P52499-B21] > Software & Licenses > VMWare VCloud Products	Operating System / License	Unlimited	0	Unlimited	Selection constraint for VMWare VCloud Products: no max	P9U26BAE	Standard	VMware vCloud Suite Enterprise 3yr E-LTU	0	20242.00				No	Obsolete (OB)		Not published by OCA	Obsolete (OB)	2026-09-16	2026-09-16	{}	BASELINE	N/A	$0.00	0.00%	2026-09-16: $20242.00
Software & Licenses	VMWare VCloud Products	HPE OCA > DL360 Gen11 [P52499-B21] > Software & Licenses > VMWare VCloud Products	Operating System / License	Unlimited	0	Unlimited	Selection constraint for VMWare VCloud Products: no max	P9U27BAE	Standard	VMware vCloud Suite Enterprise 5yr E-LTU	0	25138.00				No	Obsolete (OB)		Not published by OCA	Obsolete (OB)	2026-09-16	2026-09-16	{}	BASELINE	N/A	$0.00	0.00%	2026-09-16: $25138.00
Software & Licenses	VMWare VCloud Products	HPE OCA > DL360 Gen11 [P52499-B21] > Software & Licenses > VMWare VCloud Products	Operating System / License	Unlimited	0	Unlimited	Selection constraint for VMWare VCloud Products: no max	P9U19BAE	Standard	VMware vCloud Suite Standard 1yr E-LTU	0	8451.00				No	Obsolete (OB)		Not published by OCA	Obsolete (OB)	2026-09-16	2026-09-16	{}	BASELINE	N/A	$0.00	0.00%	2026-09-16: $8451.00
Software & Licenses	VMWare VCloud Products	HPE OCA > DL360 Gen11 [P52499-B21] > Software & Licenses > VMWare VCloud Products	Operating System / License	Unlimited	0	Unlimited	Selection constraint for VMWare VCloud Products: no max	P9U20BAE	Standard	VMware vCloud Suite Standard 3yr E-LTU	0	11279.00				No	Obsolete (OB)		Not published by OCA	Obsolete (OB)	2026-09-16	2026-09-16	{}	BASELINE	N/A	$0.00	0.00%	2026-09-16: $11279.00
Software & Licenses	VMWare VCloud Products	HPE OCA > DL360 Gen11 [P52499-B21] > Software & Licenses > VMWare VCloud Products	Operating System / License	Unlimited	0	Unlimited	Selection constraint for VMWare VCloud Products: no max	P9U21BAE	Standard	VMware vCloud Suite Standard 5yr E-LTU	0	14013.00				No	Obsolete (OB)		Not published by OCA	Obsolete (OB)	2026-09-16	2026-09-16	{}	BASELINE	N/A	$0.00	0.00%	2026-09-16: $14013.00
Software & Licenses	VMWare VCenter Products	HPE OCA > DL360 Gen11 [P52499-B21] > Software & Licenses > VMWare VCenter Products	Operating System / License	Unlimited	0	Unlimited	Selection constraint for VMWare VCenter Products: no max	BD722A	Standard	VMware vCenter Server Foundation 1yr Software	0	2171.00				No	Obsolete (OB)		Not published by OCA	Obsolete (OB)	2026-09-16	2026-09-16	{}	BASELINE	N/A	$0.00	0.00%	2026-09-16: $2171.00
Software & Licenses	VMWare VCenter Products	HPE OCA > DL360 Gen11 [P52499-B21] > Software & Licenses > VMWare VCenter Products	Operating System / License	Unlimited	0	Unlimited	Selection constraint for VMWare VCenter Products: no max	BD723A	Standard	VMware vCenter Server Foundation 3yr Software	0	3270.00				No	Obsolete (OB)		Not published by OCA	Obsolete (OB)	2026-09-16	2026-09-16	{}	BASELINE	N/A	$0.00	0.00%	2026-09-16: $3270.00
Software & Licenses	VMWare VCenter Products	HPE OCA > DL360 Gen11 [P52499-B21] > Software & Licenses > VMWare VCenter Products	Operating System / License	Unlimited	0	Unlimited	Selection constraint for VMWare VCenter Products: no max	BD518A	Standard	VMware vCenter Server Foundation 5yr Software	0	4333.00				No	Obsolete (OB)		Not published by OCA	Obsolete (OB)	2026-09-16	2026-09-16	{}	BASELINE	N/A	$0.00	0.00%	2026-09-16: $4333.00
Software & Licenses	VMWare VCenter Products	HPE OCA > DL360 Gen11 [P52499-B21] > Software & Licenses > VMWare VCenter Products	Operating System / License	Unlimited	0	Unlimited	Selection constraint for VMWare VCenter Products: no max	BD727A	Standard	VMware vCenter Server Foundation to Standard Upgrade 3yr Software	0	9148.00				No	Obsolete (OB)		Not published by OCA	Obsolete (OB)	2026-09-16	2026-09-16	{}	BASELINE	N/A	$0.00	0.00%	2026-09-16: $9148.00
Software & Licenses	VMWare VCenter Products	HPE OCA > DL360 Gen11 [P52499-B21] > Software & Licenses > VMWare VCenter Products	Operating System / License	Unlimited	0	Unlimited	Selection constraint for VMWare VCenter Products: no max	P9U40A	Standard	VMware vCenter Server Standard for vSphere (per Instance) 1yr Software	0	7657.00				No	Obsolete (OB)		Not published by OCA	Obsolete (OB)	2026-09-16	2026-09-16	{}	BASELINE	N/A	$0.00	0.00%	2026-09-16: $7657.00
Software & Licenses	VMWare VCenter Products	HPE OCA > DL360 Gen11 [P52499-B21] > Software & Licenses > VMWare VCenter Products	Operating System / License	Unlimited	0	Unlimited	Selection constraint for VMWare VCenter Products: no max	P9U41A	Standard	VMware vCenter Server Standard for vSphere (per Instance) 3yr Software	0	10219.00				No	Obsolete (OB)		Not published by OCA	Obsolete (OB)	2026-09-16	2026-09-16	{}	BASELINE	N/A	$0.00	0.00%	2026-09-16: $10219.00
Software & Licenses	VMWare VCenter Products	HPE OCA > DL360 Gen11 [P52499-B21] > Software & Licenses > VMWare VCenter Products	Operating System / License	Unlimited	0	Unlimited	Selection constraint for VMWare VCenter Products: no max	P9U42A	Standard	VMware vCenter Server Standard for vSphere (per Instance) 5yr Software	0	12696.00				No	Obsolete (OB)		Not published by OCA	Obsolete (OB)	2026-09-16	2026-09-16	{}	BASELINE	N/A	$0.00	0.00%	2026-09-16: $12696.00
Software & Licenses	VMWare VCenter Products	HPE OCA > DL360 Gen11 [P52499-B21] > Software & Licenses > VMWare VCenter Products	Operating System / License	Unlimited	0	Unlimited	Selection constraint for VMWare VCenter Products: no max	L8M86BAE	Standard	VMware vRealize Log Insight 1yr E-LTU	0	2108.00				No	Obsolete (OB)		Not published by OCA	Obsolete (OB)	2026-09-16	2026-09-16	{}	BASELINE	N/A	$0.00	0.00%	2026-09-16: $2108.00
Software & Licenses	VMWare VCenter Products	HPE OCA > DL360 Gen11 [P52499-B21] > Software & Licenses > VMWare VCenter Products	Operating System / License	Unlimited	0	Unlimited	Selection constraint for VMWare VCenter Products: no max	P9U32BAE	Standard	VMware vRealize Suite Enterprise per Portable Licensing Unit 3yr E-LTU	0	16468.00				No	Obsolete (OB)		Not published by OCA	Obsolete (OB)	2026-09-16	2026-09-16	{}	BASELINE	N/A	$0.00	0.00%	2026-09-16: $16468.00
Software & Licenses	VMWare VCenter Products	HPE OCA > DL360 Gen11 [P52499-B21] > Software & Licenses > VMWare VCenter Products	Operating System / License	Unlimited	0	Unlimited	Selection constraint for VMWare VCenter Products: no max	Q2W08BAE	Standard	VMware vRealize Suite Standard per Portable Licensing Unit 3yr E-LTU	0	7545.00				No	Obsolete (OB)		Not published by OCA	Obsolete (OB)	2026-09-16	2026-09-16	{}	BASELINE	N/A	$0.00	0.00%	2026-09-16: $7545.00
Processor	Processor Options	HPE OCA > DL360 Gen11 [P52499-B21] > Processor > Processor Options	Processor	Unlimited	0	Unlimited	Selection constraint for VMWare VSphere Editions: no max	P9H45A	Standard	VMware vSAN Advanced 1 Processor 3yr LTU	0	7488.00				No	Obsolete (OB)		Not published by OCA	Obsolete (OB)	2026-09-16	2026-09-16	{}	BASELINE	N/A	$0.00	0.00%	2026-09-16: $7488.00
Processor	Processor Options	HPE OCA > DL360 Gen11 [P52499-B21] > Processor > Processor Options	Processor	Unlimited	0	Unlimited	Selection constraint for VMWare VSphere Editions: no max	P9H46A	Standard	VMware vSAN Advanced 1 Processor 5yr LTU	0	9303.00				No	Obsolete (OB)		Not published by OCA	Obsolete (OB)	2026-09-16	2026-09-16	{}	BASELINE	N/A	$0.00	0.00%	2026-09-16: $9303.00
Processor	Processor Options	HPE OCA > DL360 Gen11 [P52499-B21] > Processor > Processor Options	Processor	Unlimited	0	Unlimited	Selection constraint for VMWare VSphere Editions: no max	P9U53B	Standard	VMware vSAN Enterprise 1 Processor 3yr LTU	0	11012.00				No	Obsolete (OB)		Not published by OCA	Obsolete (OB)	2026-09-16	2026-09-16	{}	BASELINE	N/A	$0.00	0.00%	2026-09-16: $11012.00
Processor	Processor Options	HPE OCA > DL360 Gen11 [P52499-B21] > Processor > Processor Options	Processor	Unlimited	0	Unlimited	Selection constraint for VMWare VSphere Editions: no max	G4Y17A	Standard	VMware vSAN Standard 1 Processor 1yr LTU	0	3497.00				No	Obsolete (OB)		Not published by OCA	Obsolete (OB)	2026-09-16	2026-09-16	{}	BASELINE	N/A	$0.00	0.00%	2026-09-16: $3497.00
Processor	Processor Options	HPE OCA > DL360 Gen11 [P52499-B21] > Processor > Processor Options	Processor	Unlimited	0	Unlimited	Selection constraint for VMWare VSphere Editions: no max	G4Y18A	Standard	VMware vSAN Standard 1 Processor 3yr LTU	0	4667.00				No	Obsolete (OB)		Not published by OCA	Obsolete (OB)	2026-09-16	2026-09-16	{}	BASELINE	N/A	$0.00	0.00%	2026-09-16: $4667.00
Processor	Processor Options	HPE OCA > DL360 Gen11 [P52499-B21] > Processor > Processor Options	Processor	Unlimited	0	Unlimited	Selection constraint for VMWare VSphere Editions: no max	G4Y19A	Standard	VMware vSAN Standard 1 Processor 5yr LTU	0	5799.00				No	Obsolete (OB)		Not published by OCA	Obsolete (OB)	2026-09-16	2026-09-16	{}	BASELINE	N/A	$0.00	0.00%	2026-09-16: $5799.00
Software & Licenses	VMWare VSphere Editions	HPE OCA > DL360 Gen11 [P52499-B21] > Software & Licenses > VMWare VSphere Editions	Operating System / License	Unlimited	0	Unlimited	Selection constraint for VMWare VSphere Editions: no max	S2D09A	Standard	VMware vSAN Advanced Term per Core 3-year LTU	0	285.00				No	Obsolete (OB)		Not published by OCA	Obsolete (OB)	2026-09-16	2026-09-16	{}	BASELINE	N/A	$0.00	0.00%	2026-09-16: $285.00
Software & Licenses	VMWare VSphere Editions	HPE OCA > DL360 Gen11 [P52499-B21] > Software & Licenses > VMWare VSphere Editions	Processor	Unlimited	0	Unlimited	Selection constraint for VMWare VSphere Editions: no max	P9U52BAE	Standard	VMware vSAN Enterprise 1 Processor 1yr E-LTU	0	8252.00				No	Obsolete (OB)		Not published by OCA	Obsolete (OB)	2026-09-16	2026-09-16	{}	BASELINE	N/A	$0.00	0.00%	2026-09-16: $8252.00
Software & Licenses	VMWare VSphere Editions	HPE OCA > DL360 Gen11 [P52499-B21] > Software & Licenses > VMWare VSphere Editions	Processor	Unlimited	0	Unlimited	Selection constraint for VMWare VSphere Editions: no max	P9U53BAE	Standard	VMware vSAN Enterprise 1 Processor 3yr E-LTU	0	11012.00				No	Obsolete (OB)		Not published by OCA	Obsolete (OB)	2026-09-16	2026-09-16	{}	BASELINE	N/A	$0.00	0.00%	2026-09-16: $11012.00
Software & Licenses	VMWare VSphere Editions	HPE OCA > DL360 Gen11 [P52499-B21] > Software & Licenses > VMWare VSphere Editions	Processor	Unlimited	0	Unlimited	Selection constraint for VMWare VSphere Editions: no max	P9U54BAE	Standard	VMware vSAN Enterprise 1 Processor 5yr E-LTU	0	13682.00				No	Obsolete (OB)		Not published by OCA	Obsolete (OB)	2026-09-16	2026-09-16	{}	BASELINE	N/A	$0.00	0.00%	2026-09-16: $13682.00
Software & Licenses	VMWare VSphere Editions	HPE OCA > DL360 Gen11 [P52499-B21] > Software & Licenses > VMWare VSphere Editions	Operating System / License	Unlimited	0	Unlimited	Selection constraint for VMWare VSphere Editions: no max	S2D13A	Standard	VMware vSAN Enterprise Term per Core 3-year LTU	0	405.00				No	Obsolete (OB)		Not published by OCA	Obsolete (OB)	2026-09-16	2026-09-16	{}	BASELINE	N/A	$0.00	0.00%	2026-09-16: $405.00
Software & Licenses	VMWare VSphere Editions	HPE OCA > DL360 Gen11 [P52499-B21] > Software & Licenses > VMWare VSphere Editions	Operating System / License	Unlimited	0	Unlimited	Selection constraint for VMWare VSphere Editions: no max	S2D02A	Standard	VMware vSAN Standard Term per Core 1-year LTU	0	85.00				No	Obsolete (OB)		Not published by OCA	Obsolete (OB)	2026-09-16	2026-09-16	{}	BASELINE	N/A	$0.00	0.00%	2026-09-16: $85.00
Software & Licenses	VMWare VSphere Editions	HPE OCA > DL360 Gen11 [P52499-B21] > Software & Licenses > VMWare VSphere Editions	Operating System / License	Unlimited	0	Unlimited	Selection constraint for VMWare VSphere Editions: no max	S2D04A	Standard	VMware vSAN Standard Term per Core 3-year LTU	0	180.00				No	Obsolete (OB)		Not published by OCA	Obsolete (OB)	2026-09-16	2026-09-16	{}	BASELINE	N/A	$0.00	0.00%	2026-09-16: $180.00
Software & Licenses	VMWare VSphere Editions	HPE OCA > DL360 Gen11 [P52499-B21] > Software & Licenses > VMWare VSphere Editions	Operating System / License	Unlimited	0	Unlimited	Selection constraint for VMWare VSphere Editions: no max	S2D06A	Standard	VMware vSAN Standard Term per Core 5-year LTU	0	300.00				No	Obsolete (OB)		Not published by OCA	Obsolete (OB)	2026-09-16	2026-09-16	{}	BASELINE	N/A	$0.00	0.00%	2026-09-16: $300.00
Software & Licenses	VMWare VSphere Editions	HPE OCA > DL360 Gen11 [P52499-B21] > Software & Licenses > VMWare VSphere Editions	Processor	Unlimited	0	Unlimited	Selection constraint for VMWare VSphere Editions: no max	BD714A	Standard	VMware vSphere Enterprise Plus 1 Processor 1yr Software	0	4899.00				No	Obsolete (OB)		Not published by OCA	Obsolete (OB)	2026-09-16	2026-09-16	{}	BASELINE	N/A	$0.00	0.00%	2026-09-16: $4899.00
Software & Licenses	VMWare VSphere Editions	HPE OCA > DL360 Gen11 [P52499-B21] > Software & Licenses > VMWare VSphere Editions	Processor	Unlimited	0	Unlimited	Selection constraint for VMWare VSphere Editions: no max	BD715A	Standard	VMware vSphere Enterprise Plus 1 Processor 3yr Software	0	6539.00				No	Obsolete (OB)		Not published by OCA	Obsolete (OB)	2026-09-16	2026-09-16	{}	BASELINE	N/A	$0.00	0.00%	2026-09-16: $6539.00
Software & Licenses	VMWare VSphere Editions	HPE OCA > DL360 Gen11 [P52499-B21] > Software & Licenses > VMWare VSphere Editions	Processor	Unlimited	0	Unlimited	Selection constraint for VMWare VSphere Editions: no max	BD514A	Standard	VMware vSphere Enterprise Plus 1 Processor 5yr Software	0	8126.00				No	Obsolete (OB)		Not published by OCA	Obsolete (OB)	2026-09-16	2026-09-16	{}	BASELINE	N/A	$0.00	0.00%	2026-09-16: $8126.00
Software & Licenses	VMWare VSphere Editions	HPE OCA > DL360 Gen11 [P52499-B21] > Software & Licenses > VMWare VSphere Editions	Operating System / License	Unlimited	0	Unlimited	Selection constraint for VMWare VSphere Editions: no max	S2C96A	Standard	VMware vSphere Enterprise Plus with Tanzu Kubernetes Grid Term per Core 1-year LTU	0	140.00				No	Obsolete (OB)		Not published by OCA	Obsolete (OB)	2026-09-16	2026-09-16	{}	BASELINE	N/A	$0.00	0.00%	2026-09-16: $140.00
Software & Licenses	VMWare VSphere Editions	HPE OCA > DL360 Gen11 [P52499-B21] > Software & Licenses > VMWare VSphere Editions	Operating System / License	Unlimited	0	Unlimited	Selection constraint for VMWare VSphere Editions: no max	S2C98A	Standard	VMware vSphere Enterprise Plus with Tanzu Kubernetes Grid Term per Core 3-year LTU	0	300.00				No	Obsolete (OB)		Not published by OCA	Obsolete (OB)	2026-09-16	2026-09-16	{}	BASELINE	N/A	$0.00	0.00%	2026-09-16: $300.00
Software & Licenses	VMWare VSphere Editions	HPE OCA > DL360 Gen11 [P52499-B21] > Software & Licenses > VMWare VSphere Editions	Operating System / License	Unlimited	0	Unlimited	Selection constraint for VMWare VSphere Editions: no max	S2D00A	Standard	VMware vSphere Enterprise Plus with Tanzu Kubernetes Grid Term per Core 5-year LTU	0	500.00				No	Obsolete (OB)		Not published by OCA	Obsolete (OB)	2026-09-16	2026-09-16	{}	BASELINE	N/A	$0.00	0.00%	2026-09-16: $500.00
Software & Licenses	VMWare VSphere Editions	HPE OCA > DL360 Gen11 [P52499-B21] > Software & Licenses > VMWare VSphere Editions	Processor	Unlimited	0	Unlimited	Selection constraint for VMWare VSphere Editions: no max	BD741A	Standard	VMware vSphere Enterprise to Enterprise Plus Upgrade 1 Processor 3yr Software	0	3370.00				No	Obsolete (OB)		Not published by OCA	Obsolete (OB)	2026-09-16	2026-09-16	{}	BASELINE	N/A	$0.00	0.00%	2026-09-16: $3370.00
Software & Licenses	VMWare VSphere Editions	HPE OCA > DL360 Gen11 [P52499-B21] > Software & Licenses > VMWare VSphere Editions	Processor	Unlimited	0	Unlimited	Selection constraint for VMWare VSphere Editions: no max	BD710A	Standard	VMware vSphere Standard 1 Processor 1yr Software	0	1439.00				No	Obsolete (OB)		Not published by OCA	Obsolete (OB)	2026-09-16	2026-09-16	{}	BASELINE	N/A	$0.00	0.00%	2026-09-16: $1439.00
Software & Licenses	VMWare VSphere Editions	HPE OCA > DL360 Gen11 [P52499-B21] > Software & Licenses > VMWare VSphere Editions	Processor	Unlimited	0	Unlimited	Selection constraint for VMWare VSphere Editions: no max	BD711A	Standard	VMware vSphere Standard 1 Processor 3yr Software	0	2034.00				No	Obsolete (OB)		Not published by OCA	Obsolete (OB)	2026-09-16	2026-09-16	{}	BASELINE	N/A	$0.00	0.00%	2026-09-16: $2034.00
Software & Licenses	VMWare VSphere Editions	HPE OCA > DL360 Gen11 [P52499-B21] > Software & Licenses > VMWare VSphere Editions	Processor	Unlimited	0	Unlimited	Selection constraint for VMWare VSphere Editions: no max	BD512A	Standard	VMware vSphere Standard 1 Processor 5yr Software	0	2609.00				No	Obsolete (OB)		Not published by OCA	Obsolete (OB)	2026-09-16	2026-09-16	{}	BASELINE	N/A	$0.00	0.00%	2026-09-16: $2609.00
Software & Licenses	VMWare VSphere Editions	HPE OCA > DL360 Gen11 [P52499-B21] > Software & Licenses > VMWare VSphere Editions	Operating System / License	Unlimited	0	Unlimited	Selection constraint for VMWare VSphere Editions: no max	S2C90A	Standard	VMware vSphere Standard Term per Core 1-year LTU	0	46.00				No	Obsolete (OB)		Not published by OCA	Obsolete (OB)	2026-09-16	2026-09-16	{}	BASELINE	N/A	$0.00	0.00%	2026-09-16: $46.00
Software & Licenses	VMWare VSphere Editions	HPE OCA > DL360 Gen11 [P52499-B21] > Software & Licenses > VMWare VSphere Editions	Operating System / License	Unlimited	0	Unlimited	Selection constraint for VMWare VSphere Editions: no max	S2C92A	Standard	VMware vSphere Standard Term per Core 3-year LTU	0	89.00				No	Obsolete (OB)		Not published by OCA	Obsolete (OB)	2026-09-16	2026-09-16	{}	BASELINE	N/A	$0.00	0.00%	2026-09-16: $89.00
Software & Licenses	VMWare VSphere Editions	HPE OCA > DL360 Gen11 [P52499-B21] > Software & Licenses > VMWare VSphere Editions	Operating System / License	Unlimited	0	Unlimited	Selection constraint for VMWare VSphere Editions: no max	S2C94A	Standard	VMware vSphere Standard Term per Core 5-year LTU	0	145.00				No	Obsolete (OB)		Not published by OCA	Obsolete (OB)	2026-09-16	2026-09-16	{}	BASELINE	N/A	$0.00	0.00%	2026-09-16: $145.00
Software & Licenses	VMWare VSphere Editions	HPE OCA > DL360 Gen11 [P52499-B21] > Software & Licenses > VMWare VSphere Editions	Processor	Unlimited	0	Unlimited	Selection constraint for VMWare VSphere Editions: no max	BD739A	Standard	VMware vSphere Standard to Enterprise Plus Upgrade 1 Processor 3yr Software	0	5752.00				No	Obsolete (OB)		Not published by OCA	Obsolete (OB)	2026-09-16	2026-09-16	{}	BASELINE	N/A	$0.00	0.00%	2026-09-16: $5752.00
Software & Licenses	VMWare VSphere Kits	HPE OCA > DL360 Gen11 [P52499-B21] > Software & Licenses > VMWare VSphere Kits	Operating System / License	Unlimited	0	Unlimited	Selection constraint for VMWare VSphere Kits: no max	BD706A	Standard	VMware vSphere Essentials 1yr Software	0	661.00				No	Obsolete (OB)		Not published by OCA	Obsolete (OB)	2026-09-16	2026-09-16	{}	BASELINE	N/A	$0.00	0.00%	2026-09-16: $661.00
Software & Licenses	VMWare VSphere Kits	HPE OCA > DL360 Gen11 [P52499-B21] > Software & Licenses > VMWare VSphere Kits	Operating System / License	Unlimited	0	Unlimited	Selection constraint for VMWare VSphere Kits: no max	BD707A	Standard	VMware vSphere Essentials 3yr Software	0	921.00				No	Obsolete (OB)		Not published by OCA	Obsolete (OB)	2026-09-16	2026-09-16	{}	BASELINE	N/A	$0.00	0.00%	2026-09-16: $921.00
Software & Licenses	VMWare VSphere Kits	HPE OCA > DL360 Gen11 [P52499-B21] > Software & Licenses > VMWare VSphere Kits	Operating System / License	Unlimited	0	Unlimited	Selection constraint for VMWare VSphere Kits: no max	BD510A	Standard	VMware vSphere Essentials 5yr Software	0	1173.00				No	Obsolete (OB)		Not published by OCA	Obsolete (OB)	2026-09-16	2026-09-16	{}	BASELINE	N/A	$0.00	0.00%	2026-09-16: $1173.00
Software & Licenses	VMWare VSphere Kits	HPE OCA > DL360 Gen11 [P52499-B21] > Software & Licenses > VMWare VSphere Kits	Processor	Unlimited	0	Unlimited	Selection constraint for VMWare VSphere Kits: no max	F6M48A	Standard	VMware vSphere Essentials Plus Kit 6 Processor 1yr Software	0	5735.00				No	Obsolete (OB)		Not published by OCA	Obsolete (OB)	2026-09-16	2026-09-16	{}	BASELINE	N/A	$0.00	0.00%	2026-09-16: $5735.00
Software & Licenses	VMWare VSphere Kits	HPE OCA > DL360 Gen11 [P52499-B21] > Software & Licenses > VMWare VSphere Kits	Processor	Unlimited	0	Unlimited	Selection constraint for VMWare VSphere Kits: no max	F6M49A	Standard	VMware vSphere Essentials Plus Kit 6 Processor 3yr Software	0	7654.00				No	Obsolete (OB)		Not published by OCA	Obsolete (OB)	2026-09-16	2026-09-16	{}	BASELINE	N/A	$0.00	0.00%	2026-09-16: $7654.00
Software & Licenses	VMWare VSphere Kits	HPE OCA > DL360 Gen11 [P52499-B21] > Software & Licenses > VMWare VSphere Kits	Processor	Unlimited	0	Unlimited	Selection constraint for VMWare VSphere Kits: no max	F6M50A	Standard	VMware vSphere Essentials Plus Kit 6 Processor 5yr Software	0	9509.00				No	Obsolete (OB)		Not published by OCA	Obsolete (OB)	2026-09-16	2026-09-16	{}	BASELINE	N/A	$0.00	0.00%	2026-09-16: $9509.00
Software & Licenses	VMWare Core Editions	HPE OCA > DL360 Gen11 [P52499-B21] > Software & Licenses > VMWare Core Editions	Operating System / License	Unlimited	0	Unlimited	Selection constraint for VMWare Core Editions: no max	R8V76A	Standard	SUSE Linux Enterprise Server 1-2 Sockets Unlimited VM w/Live Patching 1-year 24x7 Flexible LTU	0	3980.00				No	Available		Not published by OCA	Active	2026-09-16	05/31/2028	{}	BASELINE	N/A	$0.00	0.00%	2026-09-16: $3980.00
Software & Licenses	VMWare Core Editions	HPE OCA > DL360 Gen11 [P52499-B21] > Software & Licenses > VMWare Core Editions	Operating System / License	Unlimited	0	Unlimited	Selection constraint for VMWare Core Editions: no max	R8V74A	Standard	SUSE Linux Enterprise Server 1-2 Sockets Unlimited VM w/Live Patching 1-year 9x5 Flexible LTU	0	2260.00				No	Available		Not published by OCA	Active	2026-09-16	05/31/2028	{}	BASELINE	N/A	$0.00	0.00%	2026-09-16: $2260.00
Software & Licenses	VMWare Core Editions	HPE OCA > DL360 Gen11 [P52499-B21] > Software & Licenses > VMWare Core Editions	Operating System / License	Unlimited	0	Unlimited	Selection constraint for VMWare Core Editions: no max	R8V77A	Standard	SUSE Linux Enterprise Server 1-2 Sockets Unlimited VM w/Live Patching 3-year 24x7 Flexible LTU	0	10800.00				No	Available		Not published by OCA	Active	2026-09-16	05/31/2028	{}	BASELINE	N/A	$0.00	0.00%	2026-09-16: $10800.00
Software & Licenses	VMWare Core Editions	HPE OCA > DL360 Gen11 [P52499-B21] > Software & Licenses > VMWare Core Editions	Operating System / License	Unlimited	0	Unlimited	Selection constraint for VMWare Core Editions: no max	R8V75A	Standard	SUSE Linux Enterprise Server 1-2 Sockets Unlimited VM w/Live Patching 3-year 9x5 Flexible LTU	0	6110.00				No	Available		Not published by OCA	Active	2026-09-16	05/31/2028	{}	BASELINE	N/A	$0.00	0.00%	2026-09-16: $6110.00
Software & Licenses	VMWare Core Editions	HPE OCA > DL360 Gen11 [P52499-B21] > Software & Licenses > VMWare Core Editions	Operating System / License	Unlimited	0	Unlimited	Selection constraint for VMWare Core Editions: no max	R8V78A	Standard	SUSE Linux Enterprise Server 1-2 Sockets Unlimited VM w/Live Patching 5-year 24x7 Flexible LTU	0	18000.00				No	Available		Not published by OCA	Active	2026-09-16	05/31/2028	{}	BASELINE	N/A	$0.00	0.00%	2026-09-16: $18000.00
Software & Licenses	VMWare Core Editions	HPE OCA > DL360 Gen11 [P52499-B21] > Software & Licenses > VMWare Core Editions	Operating System / License	Unlimited	0	Unlimited	Selection constraint for VMWare Core Editions: no max	R8V79A	Standard	SUSE Linux Enterprise Server 1-2 Sockets Unlimited VM w/Live Patching 5-year 9x5 Flexible LTU	0	10200.00				No	Available		Not published by OCA	Active	2026-09-16	05/31/2028	{}	BASELINE	N/A	$0.00	0.00%	2026-09-16: $10200.00
Software & Licenses	VMWare Core Editions	HPE OCA > DL360 Gen11 [P52499-B21] > Software & Licenses > VMWare Core Editions	Service & Support	Unlimited	0	Unlimited	Selection constraint for VMWare Core Editions: no max	Q5T80A	Standard	SUSE Linux Enterprise Server 1-2 Sockets/1-2 VM 3yr Subscription 9x5 Support Flexible LTU	0	2320.00				No	Obsolete (OB)		Not published by OCA	Obsolete (OB)	2026-09-16	2026-09-16	{}	BASELINE	N/A	$0.00	0.00%	2026-09-16: $2320.00
Software & Licenses	VMWare Core Editions	HPE OCA > DL360 Gen11 [P52499-B21] > Software & Licenses > VMWare Core Editions	Service & Support	Unlimited	0	Unlimited	Selection constraint for VMWare Core Editions: no max	Q5T83A	Standard	SUSE Linux Enterprise Server 1-2 Sockets/1-2 VM 5yr Subscription 24x7 Support Flexible LTU	0	6300.00				No	Obsolete (OB)		Not published by OCA	Obsolete (OB)	2026-09-16	2026-09-16	{}	BASELINE	N/A	$0.00	0.00%	2026-09-16: $6300.00
Software & Licenses	VMWare Core Editions	HPE OCA > DL360 Gen11 [P52499-B21] > Software & Licenses > VMWare Core Editions	Service & Support	Unlimited	0	Unlimited	Selection constraint for VMWare Core Editions: no max	Q5T89A	Standard	SUSE Linux Enterprise Server 1-2 Sockets/1-2 VM 5yr Subscription 9x5 Support Flexible LTU	0	3870.00				No	Obsolete (OB)		Not published by OCA	Obsolete (OB)	2026-09-16	2026-09-16	{}	BASELINE	N/A	$0.00	0.00%	2026-09-16: $3870.00
Software & Licenses	VMWare Core Editions	HPE OCA > DL360 Gen11 [P52499-B21] > Software & Licenses > VMWare Core Editions	Operating System / License	Unlimited	0	Unlimited	Selection constraint for VMWare Core Editions: no max	R8V72A	Standard	SUSE Linux Enterprise Server for SAP 1-2 Sockets Unlimited VM w/Live Patching 3yr 24x7 Flexible LTU	0	18873.00				No	Obsolete (OB)		Not published by OCA	Obsolete (OB)	2026-09-16	2026-09-16	{}	BASELINE	N/A	$0.00	0.00%	2026-09-16: $18873.00
Software & Licenses	VMWare Core Editions	HPE OCA > DL360 Gen11 [P52499-B21] > Software & Licenses > VMWare Core Editions	Operating System / License	Unlimited	0	Unlimited	Selection constraint for VMWare Core Editions: no max	R8V73A	Standard	SUSE Linux Enterprise Server for SAP 1-2 Sockets Unlimited VM w/Live Patching 5yr 24x7 Flexible LTU	0	31455.00				No	Obsolete (OB)		Not published by OCA	Obsolete (OB)	2026-09-16	2026-09-16	{}	BASELINE	N/A	$0.00	0.00%	2026-09-16: $31455.00
Software & Licenses	VMWare Core Editions	HPE OCA > DL360 Gen11 [P52499-B21] > Software & Licenses > VMWare Core Editions	Operating System / License	Unlimited	0	Unlimited	Selection constraint for VMWare Core Editions: no max	S7N87A	Standard	SUSE Linux Enterprise Server for SAP Applications 1-2 Sockets Unlimited VM 3yr Sub 24x7 Sup Flex LTU	0	18873.00				No	Available		Not published by OCA	Active	2026-09-16	05/31/2028	{}	BASELINE	N/A	$0.00	0.00%	2026-09-16: $18873.00
Software & Licenses	VMWare Core Editions	HPE OCA > DL360 Gen11 [P52499-B21] > Software & Licenses > VMWare Core Editions	Operating System / License	Unlimited	0	Unlimited	Selection constraint for VMWare Core Editions: no max	S7P10A	Standard	SUSE Linux Enterprise Server for SAP Applications 1-2 Sockets Unlimited VM 3yr Sub 24x7 Sup Flex LTU	0	18873.00				No	Available		Not published by OCA	Active	2026-09-16	05/31/2028	{}	BASELINE	N/A	$0.00	0.00%	2026-09-16: $18873.00
Software & Licenses	VMWare Core Editions	HPE OCA > DL360 Gen11 [P52499-B21] > Software & Licenses > VMWare Core Editions	Operating System / License	Unlimited	0	Unlimited	Selection constraint for VMWare Core Editions: no max	S7P11A	Standard	SUSE Linux Enterprise Server for SAP Applications 1-2 Sockets Unlimited VM 5yr Sub 24x7 Sup Flex LTU	0	31455.00				No	Available		Not published by OCA	Active	2026-09-16	05/31/2028	{}	BASELINE	N/A	$0.00	0.00%	2026-09-16: $31455.00
Software & Licenses	VMWare Core Editions	HPE OCA > DL360 Gen11 [P52499-B21] > Software & Licenses > VMWare Core Editions	Operating System / License	Unlimited	0	Unlimited	Selection constraint for VMWare Core Editions: no max	S7N88A	Standard	SUSE Linux Enterprise Server for SAP Applications 1-2 Sockets Unlimited VM 5yr Sub 24x7 Sup Flex LTU	0	31455.00				No	Available		Not published by OCA	Active	2026-09-16	05/31/2028	{}	BASELINE	N/A	$0.00	0.00%	2026-09-16: $31455.00
HPE Compute Ops Management	Compute Ops Management SKUs	HPE OCA > DL360 Gen11 [P52499-B21] > HPE Compute Ops Management > Compute Ops Management SKUs	Option Component	min 1, Required	1	Required	Selection constraint for Compute Ops Management SKUs: required	S1A05A	Standard	HPE Compute Cloud Management Server FIO Enablement	1	1.00				No	Available		Not published by OCA	Active	2026-09-16	05/31/2028	{}	BASELINE	N/A	$0.00	0.00%	2026-09-16: $1.00
Software & Licenses	MS Windows Server Additional License	HPE OCA > DL360 Gen11 [P52499-B21] > Software & Licenses > MS Windows Server Additional License	Operating System / License	max 999	0	999	Selection constraint for MS Windows Server Additional License: max 999	P46195-B21	Standard	Microsoft Windows Server 2022 16-core Std Add Lic en/cs/de/es/fr/it/nl/pl/pt/ru/sv/ko/ja/xc SW	0	1087.00				No	Obsolete (OB)		Not published by OCA	Obsolete (OB)	2026-09-16	2026-09-16	{}	BASELINE	N/A	$0.00	0.00%	2026-09-16: $1087.00
Software & Licenses	MS Windows Server Additional License	HPE OCA > DL360 Gen11 [P52499-B21] > Software & Licenses > MS Windows Server Additional License	Operating System / License	max 999	0	999	Selection constraint for MS Windows Server Additional License: max 999	P46196-B21	Standard	Microsoft Windows Server 2022 4-core Std Add Lic en/cs/de/es/fr/it/nl/pl/pt/ru/sv/ko/ja/xc SW	0	272.00				No	Obsolete (OB)		Not published by OCA	Obsolete (OB)	2026-09-16	2026-09-16	{}	BASELINE	N/A	$0.00	0.00%	2026-09-16: $272.00
Software & Licenses	MS Windows Server Additional License	HPE OCA > DL360 Gen11 [P52499-B21] > Software & Licenses > MS Windows Server Additional License	Operating System / License	max 999	0	999	Selection constraint for MS Windows Server Additional License: max 999	P46199-AA1	Standard	Microsoft Windows Server 2022 2-core Standard Additional License Chinese Simplified SW	0	99999.00				No	Obsolete (OB)		Not published by OCA	Obsolete (OB)	2026-09-16	2026-09-16	{}	BASELINE	N/A	$0.00	0.00%	2026-09-16: $99999.00
Software & Licenses	MS Windows Server Additional License	HPE OCA > DL360 Gen11 [P52499-B21] > Software & Licenses > MS Windows Server Additional License	Operating System / License	max 999	0	999	Selection constraint for MS Windows Server Additional License: max 999	P46199-AB1	Standard	Microsoft Windows Server 2022 2-core Standard Additional License Chinese Traditional SW	0	99999.00				No	Obsolete (OB)		Not published by OCA	Obsolete (OB)	2026-09-16	2026-09-16	{}	BASELINE	N/A	$0.00	0.00%	2026-09-16: $99999.00
Software & Licenses	MS Windows Server Additional License	HPE OCA > DL360 Gen11 [P52499-B21] > Software & Licenses > MS Windows Server Additional License	Operating System / License	max 999	0	999	Selection constraint for MS Windows Server Additional License: max 999	P46199-B21	Standard	Microsoft Windows Server 2022 2-core Std Add Lic en/cs/de/es/fr/it/nl/pl/pt/ru/sv/ko/ja/xc SW	0	136.00				No	Obsolete (OB)		Not published by OCA	Obsolete (OB)	2026-09-16	2026-09-16	{}	BASELINE	N/A	$0.00	0.00%	2026-09-16: $136.00
Software & Licenses	MS Windows Server Additional License	HPE OCA > DL360 Gen11 [P52499-B21] > Software & Licenses > MS Windows Server Additional License	Operating System / License	max 999	0	999	Selection constraint for MS Windows Server Additional License: max 999	P46212-B21	Standard	Microsoft Windows Server 2022 16-core DC Add Lic en/cs/de/es/fr/it/nl/pl/pt/ru/sv/ko/ja/xc SW	0	4946.00				No	Obsolete (OB)		Not published by OCA	Obsolete (OB)	2026-09-16	2026-09-16	{}	BASELINE	N/A	$0.00	0.00%	2026-09-16: $4946.00
Software & Licenses	MS Windows Server Additional License	HPE OCA > DL360 Gen11 [P52499-B21] > Software & Licenses > MS Windows Server Additional License	Operating System / License	max 999	0	999	Selection constraint for MS Windows Server Additional License: max 999	P46213-B21	Standard	Microsoft Windows Server 2022 4-core DC Add Lic en/cs/de/es/fr/it/nl/pl/pt/ru/sv/ko/ja/xc SW	0	1238.00				No	Obsolete (OB)		Not published by OCA	Obsolete (OB)	2026-09-16	2026-09-16	{}	BASELINE	N/A	$0.00	0.00%	2026-09-16: $1238.00
Software & Licenses	MS Windows Server Additional License	HPE OCA > DL360 Gen11 [P52499-B21] > Software & Licenses > MS Windows Server Additional License	Operating System / License	max 999	0	999	Selection constraint for MS Windows Server Additional License: max 999	P46214-B21	Standard	Microsoft Windows Server 2022 2-core DC Add Lic en/cs/de/es/fr/it/nl/pl/pt/ru/sv/ko/ja/xc SW	0	619.00				No	Obsolete (OB)		Not published by OCA	Obsolete (OB)	2026-09-16	2026-09-16	{}	BASELINE	N/A	$0.00	0.00%	2026-09-16: $619.00
Software & Licenses	MS Windows Server Additional License	HPE OCA > DL360 Gen11 [P52499-B21] > Software & Licenses > MS Windows Server Additional License	Operating System / License	max 999	0	999	Selection constraint for MS Windows Server Additional License: max 999	P77104-B21	Standard	Microsoft Windows Server 2025 16-core Standard Additional License WW SW	0	1258.00				No	Available		Not published by OCA	Active	2026-09-16	05/31/2028	{}	BASELINE	N/A	$0.00	0.00%	2026-09-16: $1258.00
Software & Licenses	MS Windows Server Additional License	HPE OCA > DL360 Gen11 [P52499-B21] > Software & Licenses > MS Windows Server Additional License	Operating System / License	max 999	0	999	Selection constraint for MS Windows Server Additional License: max 999	P77105-B21	Standard	Microsoft Windows Server 2025 4-core Standard Additional License WW SW	0	320.00				No	Available		Not published by OCA	Active	2026-09-16	05/31/2028	{}	BASELINE	N/A	$0.00	0.00%	2026-09-16: $320.00
Software & Licenses	MS Windows Server Additional License	HPE OCA > DL360 Gen11 [P52499-B21] > Software & Licenses > MS Windows Server Additional License	Operating System / License	max 999	0	999	Selection constraint for MS Windows Server Additional License: max 999	P77106-AA1	Standard	Microsoft Windows Server 2025 2-core Standard Additional License Chinese Simplified SW	0	0.00				No	Available		Not published by OCA	Active	2026-09-16	05/31/2028	{}	BASELINE	N/A	$0.00	0.00%	2026-09-16: (no price)
Software & Licenses	MS Windows Server Additional License	HPE OCA > DL360 Gen11 [P52499-B21] > Software & Licenses > MS Windows Server Additional License	Operating System / License	max 999	0	999	Selection constraint for MS Windows Server Additional License: max 999	P77106-AB1	Standard	Microsoft Windows Server 2025 2-core Standard Additional License Chinese Traditional SW	0	0.00				No	Available		Not published by OCA	Active	2026-09-16	05/31/2028	{}	BASELINE	N/A	$0.00	0.00%	2026-09-16: (no price)
Software & Licenses	MS Windows Server Additional License	HPE OCA > DL360 Gen11 [P52499-B21] > Software & Licenses > MS Windows Server Additional License	Operating System / License	max 999	0	999	Selection constraint for MS Windows Server Additional License: max 999	P77106-B21	Standard	Microsoft Windows Server 2025 2-core Standard Additional License WW SW	0	164.00				No	Available		Not published by OCA	Active	2026-09-16	05/31/2028	{}	BASELINE	N/A	$0.00	0.00%	2026-09-16: $164.00
Software & Licenses	MS Windows Server Additional License	HPE OCA > DL360 Gen11 [P52499-B21] > Software & Licenses > MS Windows Server Additional License	Operating System / License	max 999	0	999	Selection constraint for MS Windows Server Additional License: max 999	P77107-B21	Standard	Microsoft Windows Server 2025 16-core Datacenter Additional License WW SW	0	5712.00				No	Available		Not published by OCA	Active	2026-09-16	05/31/2028	{}	BASELINE	N/A	$0.00	0.00%	2026-09-16: $5712.00
Software & Licenses	MS Windows Server Additional License	HPE OCA > DL360 Gen11 [P52499-B21] > Software & Licenses > MS Windows Server Additional License	Operating System / License	max 999	0	999	Selection constraint for MS Windows Server Additional License: max 999	P77108-B21	Standard	Microsoft Windows Server 2025 4-core Datacenter Additional License WW SW	0	1434.00				No	Available		Not published by OCA	Active	2026-09-16	05/31/2028	{}	BASELINE	N/A	$0.00	0.00%	2026-09-16: $1434.00
Software & Licenses	MS Windows Server Additional License	HPE OCA > DL360 Gen11 [P52499-B21] > Software & Licenses > MS Windows Server Additional License	Operating System / License	max 999	0	999	Selection constraint for MS Windows Server Additional License: max 999	P77109-B21	Standard	Microsoft Windows Server 2025 2-core Datacenter Additional License WW SW	0	721.00				No	Available		Not published by OCA	Active	2026-09-16	05/31/2028	{}	BASELINE	N/A	$0.00	0.00%	2026-09-16: $721.00
Software & Licenses	MS Windows Server Additional License	HPE OCA > DL360 Gen11 [P52499-B21] > Software & Licenses > MS Windows Server Additional License	Operating System / License	max 999	0	999	Selection constraint for MS Windows Server Additional License: max 999	S6K30B	Standard	Microsoft Windows Server 2025 16-core Standard FIO Not Pre-installed WW ESD LTU	0	1147.00				No	Available		Not published by OCA	Active	2026-09-16	05/31/2028	{}	BASELINE	N/A	$0.00	0.00%	2026-09-16: $1147.00
Software & Licenses	MS Windows Server Additional License	HPE OCA > DL360 Gen11 [P52499-B21] > Software & Licenses > MS Windows Server Additional License	Operating System / License	max 999	0	999	Selection constraint for MS Windows Server Additional License: max 999	S6L35B	Standard	Microsoft Windows Server 2025 16-core Datacenter FIO Not Pre-installed WW ESD LTU	0	5712.00				No	Available		Not published by OCA	Active	2026-09-16	05/31/2028	{}	BASELINE	N/A	$0.00	0.00%	2026-09-16: $5712.00
Software & Licenses	MS Windows Server CALs	HPE OCA > DL360 Gen11 [P52499-B21] > Software & Licenses > MS Windows Server CALs	Operating System / License	Unlimited	0	Unlimited	Selection constraint for MS Windows Server CALs: no max	P46191-AA1	Standard	Microsoft Windows Server 2022 1 User CAL Chinese Simplified LTU	0	99999.00				No	Obsolete (OB)		Not published by OCA	Obsolete (OB)	2026-09-16	2026-09-16	{}	BASELINE	N/A	$0.00	0.00%	2026-09-16: $99999.00
Software & Licenses	MS Windows Server CALs	HPE OCA > DL360 Gen11 [P52499-B21] > Software & Licenses > MS Windows Server CALs	Operating System / License	Unlimited	0	Unlimited	Selection constraint for MS Windows Server CALs: no max	P46191-B21	Standard	Microsoft Windows Server 2022 1 User CAL en/cs/de/es/fr/it/nl/pl/pt/ru/sv/ko/ja/xc LTU	0	55.00				No	Obsolete (OB)		Not published by OCA	Obsolete (OB)	2026-09-16	2026-09-16	{}	BASELINE	N/A	$0.00	0.00%	2026-09-16: $55.00
Software & Licenses	MS Windows Server CALs	HPE OCA > DL360 Gen11 [P52499-B21] > Software & Licenses > MS Windows Server CALs	Operating System / License	Unlimited	0	Unlimited	Selection constraint for MS Windows Server CALs: no max	P46194-B21	Standard	Microsoft Windows Server 2022 1 Device CAL en/cs/de/es/fr/it/nl/pl/pt/ru/sv/ko/ja/xc LTU	0	44.00				No	Obsolete (OB)		Not published by OCA	Obsolete (OB)	2026-09-16	2026-09-16	{}	BASELINE	N/A	$0.00	0.00%	2026-09-16: $44.00
Software & Licenses	MS Windows Server CALs	HPE OCA > DL360 Gen11 [P52499-B21] > Software & Licenses > MS Windows Server CALs	Operating System / License	Unlimited	0	Unlimited	Selection constraint for MS Windows Server CALs: no max	P46215-AA1	Standard	Microsoft Windows Server 2022 5 Users CAL Chinese Simplified LTU	0	99999.00				No	Obsolete (OB)		Not published by OCA	Obsolete (OB)	2026-09-16	2026-09-16	{}	BASELINE	N/A	$0.00	0.00%	2026-09-16: $99999.00
Software & Licenses	MS Windows Server CALs	HPE OCA > DL360 Gen11 [P52499-B21] > Software & Licenses > MS Windows Server CALs	Operating System / License	Unlimited	0	Unlimited	Selection constraint for MS Windows Server CALs: no max	P46215-AB1	Standard	Microsoft Windows Server 2022 5 Users CAL Chinese Traditional LTU	0	99999.00				No	Obsolete (OB)		Not published by OCA	Obsolete (OB)	2026-09-16	2026-09-16	{}	BASELINE	N/A	$0.00	0.00%	2026-09-16: $99999.00
Software & Licenses	MS Windows Server CALs	HPE OCA > DL360 Gen11 [P52499-B21] > Software & Licenses > MS Windows Server CALs	Operating System / License	Unlimited	0	Unlimited	Selection constraint for MS Windows Server CALs: no max	P46215-B21	Standard	Microsoft Windows Server 2022 5 Users CAL en/cs/de/es/fr/it/nl/pl/pt/ru/sv/ko/ja/xc LTU	0	271.00				No	Obsolete (OB)		Not published by OCA	Obsolete (OB)	2026-09-16	2026-09-16	{}	BASELINE	N/A	$0.00	0.00%	2026-09-16: $271.00
Software & Licenses	MS Windows Server CALs	HPE OCA > DL360 Gen11 [P52499-B21] > Software & Licenses > MS Windows Server CALs	Operating System / License	Unlimited	0	Unlimited	Selection constraint for MS Windows Server CALs: no max	P46216-B21	Standard	Microsoft Windows Server 2022 5 Devices CAL en/cs/de/es/fr/it/nl/pl/pt/ru/sv/ko/ja/xc LTU	0	216.00				No	Obsolete (OB)		Not published by OCA	Obsolete (OB)	2026-09-16	2026-09-16	{}	BASELINE	N/A	$0.00	0.00%	2026-09-16: $216.00
Software & Licenses	MS Windows Server CALs	HPE OCA > DL360 Gen11 [P52499-B21] > Software & Licenses > MS Windows Server CALs	Operating System / License	Unlimited	0	Unlimited	Selection constraint for MS Windows Server CALs: no max	P46217-B21	Standard	Microsoft Windows Server 2022 10 Users CAL en/cs/de/es/fr/it/nl/pl/pt/ru/sv/ko/ja/xc LTU	0	539.00				No	Obsolete (OB)		Not published by OCA	Obsolete (OB)	2026-09-16	2026-09-16	{}	BASELINE	N/A	$0.00	0.00%	2026-09-16: $539.00
Software & Licenses	MS Windows Server CALs	HPE OCA > DL360 Gen11 [P52499-B21] > Software & Licenses > MS Windows Server CALs	Operating System / License	Unlimited	0	Unlimited	Selection constraint for MS Windows Server CALs: no max	P46218-B21	Standard	Microsoft Windows Server 2022 10 Devices CAL en/cs/de/es/fr/it/nl/pl/pt/ru/sv/ko/ja/xc LTU	0	429.00				No	Obsolete (OB)		Not published by OCA	Obsolete (OB)	2026-09-16	2026-09-16	{}	BASELINE	N/A	$0.00	0.00%	2026-09-16: $429.00
Software & Licenses	MS Windows Server CALs	HPE OCA > DL360 Gen11 [P52499-B21] > Software & Licenses > MS Windows Server CALs	Operating System / License	Unlimited	0	Unlimited	Selection constraint for MS Windows Server CALs: no max	P46219-B21	Standard	Microsoft Windows Server 2022 50 Users CAL en/cs/de/es/fr/it/nl/pl/pt/ru/sv/ko/ja/xc LTU	0	2695.00				No	Obsolete (OB)		Not published by OCA	Obsolete (OB)	2026-09-16	2026-09-16	{}	BASELINE	N/A	$0.00	0.00%	2026-09-16: $2695.00
Software & Licenses	MS Windows Server CALs	HPE OCA > DL360 Gen11 [P52499-B21] > Software & Licenses > MS Windows Server CALs	Operating System / License	Unlimited	0	Unlimited	Selection constraint for MS Windows Server CALs: no max	P46220-B21	Standard	Microsoft Windows Server 2022 50 Devices CAL en/cs/de/es/fr/it/nl/pl/pt/ru/sv/ko/ja/xc LTU	0	2145.00				No	Obsolete (OB)		Not published by OCA	Obsolete (OB)	2026-09-16	2026-09-16	{}	BASELINE	N/A	$0.00	0.00%	2026-09-16: $2145.00
Software & Licenses	MS Windows Server CALs	HPE OCA > DL360 Gen11 [P52499-B21] > Software & Licenses > MS Windows Server CALs	Operating System / License	Unlimited	0	Unlimited	Selection constraint for MS Windows Server CALs: no max	P46221-B21	Standard	Microsoft Windows Server 2022 RDS 5 Users CAL en/cs/de/es/fr/it/nl/pl/pt/ru/sv/ko/ja/xc LTU	0	935.00				No	Obsolete (OB)		Not published by OCA	Obsolete (OB)	2026-09-16	2026-09-16	{}	BASELINE	N/A	$0.00	0.00%	2026-09-16: $935.00
Software & Licenses	MS Windows Server CALs	HPE OCA > DL360 Gen11 [P52499-B21] > Software & Licenses > MS Windows Server CALs	Operating System / License	Unlimited	0	Unlimited	Selection constraint for MS Windows Server CALs: no max	P46222-B21	Standard	Microsoft Windows Server 2022 RDS 5 Devices CAL en/cs/de/es/fr/it/nl/pl/pt/ru/sv/ko/ja/xc LTU	0	880.00				No	Obsolete (OB)		Not published by OCA	Obsolete (OB)	2026-09-16	2026-09-16	{}	BASELINE	N/A	$0.00	0.00%	2026-09-16: $880.00
Software & Licenses	MS Windows Server CALs	HPE OCA > DL360 Gen11 [P52499-B21] > Software & Licenses > MS Windows Server CALs	Operating System / License	Unlimited	0	Unlimited	Selection constraint for MS Windows Server CALs: no max	P77110-AA1	Standard	Microsoft Windows Server 2025 1 User CAL Chinese Simplified LTU	0	0.00				No	Available		Not published by OCA	Active	2026-09-16	05/31/2028	{}	BASELINE	N/A	$0.00	0.00%	2026-09-16: (no price)
Software & Licenses	MS Windows Server CALs	HPE OCA > DL360 Gen11 [P52499-B21] > Software & Licenses > MS Windows Server CALs	Operating System / License	Unlimited	0	Unlimited	Selection constraint for MS Windows Server CALs: no max	P77110-B21	Standard	Microsoft Windows Server 2025 1 User CAL WW LTU	0	72.00				No	Available		Not published by OCA	Active	2026-09-16	05/31/2028	{}	BASELINE	N/A	$0.00	0.00%	2026-09-16: $72.00
Software & Licenses	MS Windows Server CALs	HPE OCA > DL360 Gen11 [P52499-B21] > Software & Licenses > MS Windows Server CALs	Operating System / License	Unlimited	0	Unlimited	Selection constraint for MS Windows Server CALs: no max	P77111-B21	Standard	Microsoft Windows Server 2025 1 Device CAL WW LTU	0	52.00				No	Available		Not published by OCA	Active	2026-09-16	05/31/2028	{}	BASELINE	N/A	$0.00	0.00%	2026-09-16: $52.00
Software & Licenses	MS Windows Server CALs	HPE OCA > DL360 Gen11 [P52499-B21] > Software & Licenses > MS Windows Server CALs	Operating System / License	Unlimited	0	Unlimited	Selection constraint for MS Windows Server CALs: no max	P77112-AA1	Standard	Microsoft Windows Server 2025 5 Users CAL Chinese Simplified LTU	0	0.00				No	Available		Not published by OCA	Active	2026-09-16	05/31/2028	{}	BASELINE	N/A	$0.00	0.00%	2026-09-16: (no price)
Software & Licenses	MS Windows Server CALs	HPE OCA > DL360 Gen11 [P52499-B21] > Software & Licenses > MS Windows Server CALs	Operating System / License	Unlimited	0	Unlimited	Selection constraint for MS Windows Server CALs: no max	P77112-AB1	Standard	Microsoft Windows Server 2025 5 Users CAL Chinese Traditional LTU	0	0.00				No	Available		Not published by OCA	Active	2026-09-16	05/31/2028	{}	BASELINE	N/A	$0.00	0.00%	2026-09-16: (no price)
Software & Licenses	MS Windows Server CALs	HPE OCA > DL360 Gen11 [P52499-B21] > Software & Licenses > MS Windows Server CALs	Operating System / License	Unlimited	0	Unlimited	Selection constraint for MS Windows Server CALs: no max	P77112-B21	Standard	Microsoft Windows Server 2025 5 Users CAL WW LTU	0	322.00				No	Available		Not published by OCA	Active	2026-09-16	05/31/2028	{}	BASELINE	N/A	$0.00	0.00%	2026-09-16: $322.00
Software & Licenses	MS Windows Server CALs	HPE OCA > DL360 Gen11 [P52499-B21] > Software & Licenses > MS Windows Server CALs	Operating System / License	Unlimited	0	Unlimited	Selection constraint for MS Windows Server CALs: no max	P77113-B21	Standard	Microsoft Windows Server 2025 5 Devices CAL WW LTU	0	226.00				No	Available		Not published by OCA	Active	2026-09-16	05/31/2028	{}	BASELINE	N/A	$0.00	0.00%	2026-09-16: $226.00
Software & Licenses	MS Windows Server CALs	HPE OCA > DL360 Gen11 [P52499-B21] > Software & Licenses > MS Windows Server CALs	Operating System / License	Unlimited	0	Unlimited	Selection constraint for MS Windows Server CALs: no max	P77114-B21	Standard	Microsoft Windows Server 2025 10 Users CAL WW LTU	0	636.00				No	Available		Not published by OCA	Active	2026-09-16	05/31/2028	{}	BASELINE	N/A	$0.00	0.00%	2026-09-16: $636.00
Software & Licenses	MS Windows Server CALs	HPE OCA > DL360 Gen11 [P52499-B21] > Software & Licenses > MS Windows Server CALs	Operating System / License	Unlimited	0	Unlimited	Selection constraint for MS Windows Server CALs: no max	P77115-B21	Standard	Microsoft Windows Server 2025 10 Devices CAL WW LTU	0	444.00				No	Available		Not published by OCA	Active	2026-09-16	05/31/2028	{}	BASELINE	N/A	$0.00	0.00%	2026-09-16: $444.00
Software & Licenses	MS Windows Server CALs	HPE OCA > DL360 Gen11 [P52499-B21] > Software & Licenses > MS Windows Server CALs	Operating System / License	Unlimited	0	Unlimited	Selection constraint for MS Windows Server CALs: no max	P77116-B21	Standard	Microsoft Windows Server 2025 50 Users CAL WW LTU	0	3143.00				No	Available		Not published by OCA	Active	2026-09-16	05/31/2028	{}	BASELINE	N/A	$0.00	0.00%	2026-09-16: $3143.00
Software & Licenses	MS Windows Server CALs	HPE OCA > DL360 Gen11 [P52499-B21] > Software & Licenses > MS Windows Server CALs	Operating System / License	Unlimited	0	Unlimited	Selection constraint for MS Windows Server CALs: no max	P77117-B21	Standard	Microsoft Windows Server 2025 50 Devices CAL WW LTU	0	2184.00				No	Available		Not published by OCA	Active	2026-09-16	05/31/2028	{}	BASELINE	N/A	$0.00	0.00%	2026-09-16: $2184.00
Software & Licenses	MS Windows Server CALs	HPE OCA > DL360 Gen11 [P52499-B21] > Software & Licenses > MS Windows Server CALs	Service & Support	Unlimited	0	Unlimited	Selection constraint for MS Windows Server CALs: no max	P77118-B21	Standard	Microsoft Windows Server 2025 Remote Desktop Service 1 User CAL WW LTU	0	280.00				No	Available		Not published by OCA	Active	2026-09-16	05/31/2028	{}	BASELINE	N/A	$0.00	0.00%	2026-09-16: $280.00
Software & Licenses	MS Windows Server CALs	HPE OCA > DL360 Gen11 [P52499-B21] > Software & Licenses > MS Windows Server CALs	Service & Support	Unlimited	0	Unlimited	Selection constraint for MS Windows Server CALs: no max	P77119-B21	Standard	Microsoft Windows Server 2025 Remote Desktop Service 1 Device CAL WW LTU	0	201.00				No	Available		Not published by OCA	Active	2026-09-16	05/31/2028	{}	BASELINE	N/A	$0.00	0.00%	2026-09-16: $201.00
Software & Licenses	MS Windows Server CALs	HPE OCA > DL360 Gen11 [P52499-B21] > Software & Licenses > MS Windows Server CALs	Service & Support	Unlimited	0	Unlimited	Selection constraint for MS Windows Server CALs: no max	P77120-B21	Standard	Microsoft Windows Server 2025 Remote Desktop Service 5 Users CAL WW LTU	0	1364.00				No	Available		Not published by OCA	Active	2026-09-16	05/31/2028	{}	BASELINE	N/A	$0.00	0.00%	2026-09-16: $1364.00
Software & Licenses	MS Windows Server CALs	HPE OCA > DL360 Gen11 [P52499-B21] > Software & Licenses > MS Windows Server CALs	Service & Support	Unlimited	0	Unlimited	Selection constraint for MS Windows Server CALs: no max	P77121-B21	Standard	Microsoft Windows Server 2025 Remote Desktop Service 5 Devices CAL WW LTU	0	974.00				No	Available		Not published by OCA	Active	2026-09-16	05/31/2028	{}	BASELINE	N/A	$0.00	0.00%	2026-09-16: $974.00
Software & Licenses	MS Windows Server CALs	HPE OCA > DL360 Gen11 [P52499-B21] > Software & Licenses > MS Windows Server CALs	Service & Support	Unlimited	0	Unlimited	Selection constraint for MS Windows Server CALs: no max	P77122-B21	Standard	Microsoft Windows Server 2025 Remote Desktop Service 50 Users CAL WW LTU	0	13566.00				No	Available		Not published by OCA	Active	2026-09-16	05/31/2028	{}	BASELINE	N/A	$0.00	0.00%	2026-09-16: $13566.00
Software & Licenses	MS Windows Server CALs	HPE OCA > DL360 Gen11 [P52499-B21] > Software & Licenses > MS Windows Server CALs	Service & Support	Unlimited	0	Unlimited	Selection constraint for MS Windows Server CALs: no max	P77123-B21	Standard	Microsoft Windows Server 2025 Remote Desktop Service 50 Devices CAL WW LTU	0	9666.00				No	Available		Not published by OCA	Active	2026-09-16	05/31/2028	{}	BASELINE	N/A	$0.00	0.00%	2026-09-16: $9666.00
Software & Licenses	MS Windows Server Not Preinstalled	HPE OCA > DL360 Gen11 [P52499-B21] > Software & Licenses > MS Windows Server Not Preinstalled	Operating System / License	Unlimited	0	Unlimited	Selection constraint for MS Windows Server Not Preinstalled: no max	P45916-291	Standard	Microsoft Windows Server 2022 16-core Datacenter FIO Not Pre-installed Japanese SW	0	99999.00				No	Obsolete (OB)		Not published by OCA	Obsolete (OB)	2026-09-16	2026-09-16	{}	BASELINE	N/A	$0.00	0.00%	2026-09-16: $99999.00
Software & Licenses	MS Windows Server Not Preinstalled	HPE OCA > DL360 Gen11 [P52499-B21] > Software & Licenses > MS Windows Server Not Preinstalled	Operating System / License	Unlimited	0	Unlimited	Selection constraint for MS Windows Server Not Preinstalled: no max	P45916-B21	Standard	Microsoft Windows Server 2022 16-core Datacenter FIO Not Pre-installed en/fr/it/de/es/nl/pt SW	0	4946.00				No	Obsolete (OB)		Not published by OCA	Obsolete (OB)	2026-09-16	2026-09-16	{}	BASELINE	N/A	$0.00	0.00%	2026-09-16: $4946.00
Software & Licenses	MS Windows Server Not Preinstalled	HPE OCA > DL360 Gen11 [P52499-B21] > Software & Licenses > MS Windows Server Not Preinstalled	Operating System / License	Unlimited	0	Unlimited	Selection constraint for MS Windows Server Not Preinstalled: no max	P46005-291	Standard	Microsoft Windows Server 2022 16-core Standard FIO Not Pre-installed Japanese SW	0	99999.00				No	Obsolete (OB)		Not published by OCA	Obsolete (OB)	2026-09-16	2026-09-16	{}	BASELINE	N/A	$0.00	0.00%	2026-09-16: $99999.00
Software & Licenses	MS Windows Server Not Preinstalled	HPE OCA > DL360 Gen11 [P52499-B21] > Software & Licenses > MS Windows Server Not Preinstalled	Operating System / License	Unlimited	0	Unlimited	Selection constraint for MS Windows Server Not Preinstalled: no max	P46005-B21	Standard	Microsoft Windows Server 2022 16-core Standard FIO Not Pre-installed en/fr/it/de/es/nl/pt SW	0	988.00				No	Obsolete (OB)		Not published by OCA	Obsolete (OB)	2026-09-16	2026-09-16	{}	BASELINE	N/A	$0.00	0.00%	2026-09-16: $988.00
Software & Licenses	MS Windows Server Not Preinstalled	HPE OCA > DL360 Gen11 [P52499-B21] > Software & Licenses > MS Windows Server Not Preinstalled	Operating System / License	Unlimited	0	Unlimited	Selection constraint for MS Windows Server Not Preinstalled: no max	P77095-291	Standard	Microsoft Windows Server 2025 16-core Standard FIO Not Pre-installed Japanese SW	0	0.00				No	Available		Not published by OCA	Active	2026-09-16	05/31/2028	{}	BASELINE	N/A	$0.00	0.00%	2026-09-16: (no price)
Software & Licenses	MS Windows Server Not Preinstalled	HPE OCA > DL360 Gen11 [P52499-B21] > Software & Licenses > MS Windows Server Not Preinstalled	Operating System / License	Unlimited	0	Unlimited	Selection constraint for MS Windows Server Not Preinstalled: no max	P77095-B21	Standard	Microsoft Windows Server 2025 16-core Standard FIO Not Pre-installed en/fr/de/es/it/pt/nl SW	0	1147.00				No	Available		Not published by OCA	Active	2026-09-16	05/31/2028	{}	BASELINE	N/A	$0.00	0.00%	2026-09-16: $1147.00
Software & Licenses	MS Windows Server Not Preinstalled	HPE OCA > DL360 Gen11 [P52499-B21] > Software & Licenses > MS Windows Server Not Preinstalled	Operating System / License	Unlimited	0	Unlimited	Selection constraint for MS Windows Server Not Preinstalled: no max	P77097-291	Standard	Microsoft Windows Server 2025 16-core Datacenter FIO Not Pre-installed Japanese SW	0	0.00				No	Available		Not published by OCA	Active	2026-09-16	05/31/2028	{}	BASELINE	N/A	$0.00	0.00%	2026-09-16: (no price)
Software & Licenses	MS Windows Server Not Preinstalled	HPE OCA > DL360 Gen11 [P52499-B21] > Software & Licenses > MS Windows Server Not Preinstalled	Operating System / License	Unlimited	0	Unlimited	Selection constraint for MS Windows Server Not Preinstalled: no max	P77097-B21	Standard	Microsoft Windows Server 2025 16-core Datacenter FIO Not Pre-installed en/fr/de/es/it/pt/nl SW	0	5712.00				No	Available		Not published by OCA	Active	2026-09-16	05/31/2028	{}	BASELINE	N/A	$0.00	0.00%	2026-09-16: $5712.00
Software & Licenses	MS Windows Server Not Preinstalled	HPE OCA > DL360 Gen11 [P52499-B21] > Software & Licenses > MS Windows Server Not Preinstalled	Operating System / License	Unlimited	0	Unlimited	Selection constraint for MS Windows Server Not Preinstalled: no max	P77098-291	Standard	Microsoft Windows Server 2025 10-core Essentials FIO Not Pre-installed Japanese SW	0	0.00				No	Available		Not published by OCA	Active	2026-09-16	05/31/2028	{}	BASELINE	N/A	$0.00	0.00%	2026-09-16: (no price)
Software & Licenses	MS Windows Server Not Preinstalled	HPE OCA > DL360 Gen11 [P52499-B21] > Software & Licenses > MS Windows Server Not Preinstalled	Operating System / License	Unlimited	0	Unlimited	Selection constraint for MS Windows Server Not Preinstalled: no max	P77098-B21	Standard	Microsoft Windows Server 2025 10-core Essentials FIO Not Pre-installed en/fr/de/es/it/pt/nl SW	0	0.00				No	Available		Not published by OCA	Active	2026-09-16	05/31/2028	{}	BASELINE	N/A	$0.00	0.00%	2026-09-16: (no price)
Software & Licenses	MS Windows Server Not Preinstalled	HPE OCA > DL360 Gen11 [P52499-B21] > Software & Licenses > MS Windows Server Not Preinstalled	Operating System / License	Unlimited	0	Unlimited	Selection constraint for MS Windows Server Not Preinstalled: no max	S6L28B	Standard	Microsoft Windows Server 2025 10-core Essentials FIO Not Pre-installed WW ESD LTU	0	445.00				No	Available		Not published by OCA	Active	2026-09-16	05/31/2028	{}	BASELINE	N/A	$0.00	0.00%	2026-09-16: $445.00
Software & Licenses	MS Windows Server Preinstalled	HPE OCA > DL360 Gen11 [P52499-B21] > Software & Licenses > MS Windows Server Preinstalled	Operating System / License	Unlimited	0	Unlimited	Selection constraint for MS Windows Server Preinstalled: no max	P46155-291	Standard	Microsoft Windows Server 2022 16-core Standard FIO Pre-installed UEFI Japanese SW	0	99999.00				No	Obsolete (OB)		Not published by OCA	Obsolete (OB)	2026-09-16	2026-09-16	{}	BASELINE	N/A	$0.00	0.00%	2026-09-16: $99999.00
Software & Licenses	MS Windows Server Preinstalled	HPE OCA > DL360 Gen11 [P52499-B21] > Software & Licenses > MS Windows Server Preinstalled	Operating System / License	Unlimited	0	Unlimited	Selection constraint for MS Windows Server Preinstalled: no max	P46155-B21	Standard	Microsoft Windows Server 2022 16-core Standard FIO Pre-installed UEFI en/fr/it/de/es/nl/pt SW	0	988.00				No	Obsolete (OB)		Not published by OCA	Obsolete (OB)	2026-09-16	2026-09-16	{}	BASELINE	N/A	$0.00	0.00%	2026-09-16: $988.00
Software & Licenses	MS Windows Server Preinstalled	HPE OCA > DL360 Gen11 [P52499-B21] > Software & Licenses > MS Windows Server Preinstalled	Operating System / License	Unlimited	0	Unlimited	Selection constraint for MS Windows Server Preinstalled: no max	P77096-291	Standard	Microsoft Windows Server 2025 16-core Standard FIO Pre-installed UEFI Japanese SW	0	0.00				No	Available		Not published by OCA	Active	2026-09-16	05/31/2028	{}	BASELINE	N/A	$0.00	0.00%	2026-09-16: (no price)
Software & Licenses	MS Windows Server Preinstalled	HPE OCA > DL360 Gen11 [P52499-B21] > Software & Licenses > MS Windows Server Preinstalled	Operating System / License	Unlimited	0	Unlimited	Selection constraint for MS Windows Server Preinstalled: no max	P77096-B21	Standard	Microsoft Windows Server 2025 16-core Standard FIO Pre-installed UEFI en/fr/de/es/it/pt/nl SW	0	1147.00				No	Available		Not published by OCA	Active	2026-09-16	05/31/2028	{}	BASELINE	N/A	$0.00	0.00%	2026-09-16: $1147.00
Software & Licenses	MS Windows Server Preinstalled	HPE OCA > DL360 Gen11 [P52499-B21] > Software & Licenses > MS Windows Server Preinstalled	Operating System / License	Unlimited	0	Unlimited	Selection constraint for MS Windows Server Preinstalled: no max	P77099-291	Standard	Microsoft Windows Server 2025 10-core Essentials FIO Pre-installed UEFI Japanese SW	0	0.00				No	Available		Not published by OCA	Active	2026-09-16	05/31/2028	{}	BASELINE	N/A	$0.00	0.00%	2026-09-16: (no price)
Software & Licenses	Red Hat Operating Systems	HPE OCA > DL360 Gen11 [P52499-B21] > Software & Licenses > Red Hat Operating Systems	Service & Support	Unlimited	0	Unlimited	Selection constraint for Red Hat Operating Systems: no max	G3J22A	Standard	Red Hat Enterprise Linux for Virtual Datacenters 2 Sockets 1 Year Subscription 24x7 Support LTU	0	4399.00				No	Obsolete (OB)		Not published by OCA	Obsolete (OB)	2026-09-16	2026-09-16	{}	BASELINE	N/A	$0.00	0.00%	2026-09-16: $4399.00
Software & Licenses	Red Hat Operating Systems	HPE OCA > DL360 Gen11 [P52499-B21] > Software & Licenses > Red Hat Operating Systems	Service & Support	Unlimited	0	Unlimited	Selection constraint for Red Hat Operating Systems: no max	G3J23A	Standard	Red Hat Enterprise Linux for Virtual Datacenters 2 Sockets 1 Year Subscription 9x5 Support LTU	0	2749.00				No	Obsolete (OB)		Not published by OCA	Obsolete (OB)	2026-09-16	2026-09-16	{}	BASELINE	N/A	$0.00	0.00%	2026-09-16: $2749.00
Software & Licenses	Red Hat Operating Systems	HPE OCA > DL360 Gen11 [P52499-B21] > Software & Licenses > Red Hat Operating Systems	Service & Support	Unlimited	0	Unlimited	Selection constraint for Red Hat Operating Systems: no max	G3J24A	Standard	Red Hat Enterprise Linux for Virtual Datacenters 2 Sockets 3 Year Subscription 24x7 Support LTU	0	12537.00				No	Obsolete (OB)		Not published by OCA	Obsolete (OB)	2026-09-16	2026-09-16	{}	BASELINE	N/A	$0.00	0.00%	2026-09-16: $12537.00
Software & Licenses	Red Hat Operating Systems	HPE OCA > DL360 Gen11 [P52499-B21] > Software & Licenses > Red Hat Operating Systems	Service & Support	Unlimited	0	Unlimited	Selection constraint for Red Hat Operating Systems: no max	G3J25A	Standard	Red Hat Enterprise Linux for Virtual Datacenters 2 Sockets 3 Year Subscription 9x5 Support LTU	0	7834.00				No	Obsolete (OB)		Not published by OCA	Obsolete (OB)	2026-09-16	2026-09-16	{}	BASELINE	N/A	$0.00	0.00%	2026-09-16: $7834.00
Software & Licenses	Red Hat Operating Systems	HPE OCA > DL360 Gen11 [P52499-B21] > Software & Licenses > Red Hat Operating Systems	Service & Support	Unlimited	0	Unlimited	Selection constraint for Red Hat Operating Systems: no max	G3J26A	Standard	Red Hat Enterprise Linux for Virtual Datacenters 2 Sockets 5 Year Subscription 24x7 Support LTU	0	20895.00				No	Obsolete (OB)		Not published by OCA	Obsolete (OB)	2026-09-16	2026-09-16	{}	BASELINE	N/A	$0.00	0.00%	2026-09-16: $20895.00
Software & Licenses	Red Hat Operating Systems	HPE OCA > DL360 Gen11 [P52499-B21] > Software & Licenses > Red Hat Operating Systems	Service & Support	Unlimited	0	Unlimited	Selection constraint for Red Hat Operating Systems: no max	G3J27A	Standard	Red Hat Enterprise Linux for Virtual Datacenters 2 Sockets 5 Year Subscription 9x5 Support LTU	0	13057.00				No	Obsolete (OB)		Not published by OCA	Obsolete (OB)	2026-09-16	2026-09-16	{}	BASELINE	N/A	$0.00	0.00%	2026-09-16: $13057.00
Software & Licenses	Red Hat Operating Systems	HPE OCA > DL360 Gen11 [P52499-B21] > Software & Licenses > Red Hat Operating Systems	Service & Support	Unlimited	0	Unlimited	Selection constraint for Red Hat Operating Systems: no max	G3J28A	Standard	Red Hat Enterprise Linux Server 2 Sockets or 2 Guests 1 Year Subscription 24x7 Support LTU	0	1429.00				No	Obsolete (OB)		Not published by OCA	Obsolete (OB)	2026-09-16	2026-09-16	{}	BASELINE	N/A	$0.00	0.00%	2026-09-16: $1429.00
Software & Licenses	Red Hat Operating Systems	HPE OCA > DL360 Gen11 [P52499-B21] > Software & Licenses > Red Hat Operating Systems	Service & Support	Unlimited	0	Unlimited	Selection constraint for Red Hat Operating Systems: no max	G3J29A	Standard	Red Hat Enterprise Linux Server 2 Sockets or 2 Guests 1 Year Subscription 9x5 Support LTU	0	879.00				No	Obsolete (OB)		Not published by OCA	Obsolete (OB)	2026-09-16	2026-09-16	{}	BASELINE	N/A	$0.00	0.00%	2026-09-16: $879.00
Software & Licenses	Red Hat Operating Systems	HPE OCA > DL360 Gen11 [P52499-B21] > Software & Licenses > Red Hat Operating Systems	Service & Support	Unlimited	0	Unlimited	Selection constraint for Red Hat Operating Systems: no max	G3J30A	Standard	Red Hat Enterprise Linux Server 2 Sockets or 2 Guests 3 Year Subscription 24x7 Support LTU	0	4072.00				No	Obsolete (OB)		Not published by OCA	Obsolete (OB)	2026-09-16	2026-09-16	{}	BASELINE	N/A	$0.00	0.00%	2026-09-16: $4072.00
Software & Licenses	Red Hat Operating Systems	HPE OCA > DL360 Gen11 [P52499-B21] > Software & Licenses > Red Hat Operating Systems	Service & Support	Unlimited	0	Unlimited	Selection constraint for Red Hat Operating Systems: no max	G3J31A	Standard	Red Hat Enterprise Linux Server 2 Sockets or 2 Guests 3 Year Subscription 9x5 Support LTU	0	2505.00				No	Obsolete (OB)		Not published by OCA	Obsolete (OB)	2026-09-16	2026-09-16	{}	BASELINE	N/A	$0.00	0.00%	2026-09-16: $2505.00
Software & Licenses	Red Hat Operating Systems	HPE OCA > DL360 Gen11 [P52499-B21] > Software & Licenses > Red Hat Operating Systems	Service & Support	Unlimited	0	Unlimited	Selection constraint for Red Hat Operating Systems: no max	G3J32A	Standard	Red Hat Enterprise Linux Server 2 Sockets or 2 Guests 5 Year Subscription 24x7 Support LTU	0	6787.00				No	Obsolete (OB)		Not published by OCA	Obsolete (OB)	2026-09-16	2026-09-16	{}	BASELINE	N/A	$0.00	0.00%	2026-09-16: $6787.00
Software & Licenses	Red Hat Operating Systems	HPE OCA > DL360 Gen11 [P52499-B21] > Software & Licenses > Red Hat Operating Systems	Service & Support	Unlimited	0	Unlimited	Selection constraint for Red Hat Operating Systems: no max	G3J33A	Standard	Red Hat Enterprise Linux Server 2 Sockets or 2 Guests 5 Year Subscription 9x5 Support LTU	0	4175.00				No	Obsolete (OB)		Not published by OCA	Obsolete (OB)	2026-09-16	2026-09-16	{}	BASELINE	N/A	$0.00	0.00%	2026-09-16: $4175.00
Software & Licenses	Red Hat Operating Systems	HPE OCA > DL360 Gen11 [P52499-B21] > Software & Licenses > Red Hat Operating Systems	Service & Support	Unlimited	0	Unlimited	Selection constraint for Red Hat Operating Systems: no max	G5J62A	Standard	Red Hat Enterprise Linux Server 2 Sockets 4 Guests 1 Year Subscription 24x7 Support LTU	0	2144.00				No	Obsolete (OB)		Not published by OCA	Obsolete (OB)	2026-09-16	2026-09-16	{}	BASELINE	N/A	$0.00	0.00%	2026-09-16: $2144.00
Software & Licenses	Red Hat Operating Systems	HPE OCA > DL360 Gen11 [P52499-B21] > Software & Licenses > Red Hat Operating Systems	Service & Support	Unlimited	0	Unlimited	Selection constraint for Red Hat Operating Systems: no max	G5J63A	Standard	Red Hat Enterprise Linux Server 2 Sockets 4 Guests 1 Year Subscription 9x5 Support LTU	0	1319.00				No	Obsolete (OB)		Not published by OCA	Obsolete (OB)	2026-09-16	2026-09-16	{}	BASELINE	N/A	$0.00	0.00%	2026-09-16: $1319.00
Software & Licenses	Red Hat Operating Systems	HPE OCA > DL360 Gen11 [P52499-B21] > Software & Licenses > Red Hat Operating Systems	Service & Support	Unlimited	0	Unlimited	Selection constraint for Red Hat Operating Systems: no max	G5J64A	Standard	Red Hat Enterprise Linux Server 2 Sockets 4 Guests 3 Year Subscription 24x7 Support LTU	0	6110.00				No	Obsolete (OB)		Not published by OCA	Obsolete (OB)	2026-09-16	2026-09-16	{}	BASELINE	N/A	$0.00	0.00%	2026-09-16: $6110.00
Software & Licenses	Red Hat Operating Systems	HPE OCA > DL360 Gen11 [P52499-B21] > Software & Licenses > Red Hat Operating Systems	Service & Support	Unlimited	0	Unlimited	Selection constraint for Red Hat Operating Systems: no max	G5J65A	Standard	Red Hat Enterprise Linux Server 2 Sockets 4 Guests 3 Year Subscription 9x5 Support LTU	0	3759.00				No	Obsolete (OB)		Not published by OCA	Obsolete (OB)	2026-09-16	2026-09-16	{}	BASELINE	N/A	$0.00	0.00%	2026-09-16: $3759.00
Software & Licenses	Red Hat Operating Systems	HPE OCA > DL360 Gen11 [P52499-B21] > Software & Licenses > Red Hat Operating Systems	Service & Support	Unlimited	0	Unlimited	Selection constraint for Red Hat Operating Systems: no max	J8J35A	Standard	Red Hat Enterprise Linux Server 2 Sockets 1 Guest 1 Year Subscription 9x5 Support LTU	0	879.00				No	Obsolete (OB)		Not published by OCA	Obsolete (OB)	2026-09-16	2026-09-16	{}	BASELINE	N/A	$0.00	0.00%	2026-09-16: $879.00
Software & Licenses	Red Hat Operating Systems	HPE OCA > DL360 Gen11 [P52499-B21] > Software & Licenses > Red Hat Operating Systems	Service & Support	Unlimited	0	Unlimited	Selection constraint for Red Hat Operating Systems: no max	J8J36A	Standard	Red Hat Enterprise Linux Server 2 Sockets 1 Guest 1 Year Subscription 24x7 Support LTU	0	1429.00				No	Obsolete (OB)		Not published by OCA	Obsolete (OB)	2026-09-16	2026-09-16	{}	BASELINE	N/A	$0.00	0.00%	2026-09-16: $1429.00
Software & Licenses	Red Hat Operating Systems	HPE OCA > DL360 Gen11 [P52499-B21] > Software & Licenses > Red Hat Operating Systems	Service & Support	Unlimited	0	Unlimited	Selection constraint for Red Hat Operating Systems: no max	S4R31A	Standard	Red Hat Enterprise Linux Virtual Datacenter 2 Sockets 1-year Subscription 24x7 Support LTU	0	4839.00				No	Available		Not published by OCA	Active	2026-09-16	05/31/2028	{}	BASELINE	N/A	$0.00	0.00%	2026-09-16: $4839.00
Software & Licenses	Red Hat Operating Systems	HPE OCA > DL360 Gen11 [P52499-B21] > Software & Licenses > Red Hat Operating Systems	Service & Support	Unlimited	0	Unlimited	Selection constraint for Red Hat Operating Systems: no max	S4R32A	Standard	Red Hat Enterprise Linux Virtual Datacenter 2 Sockets 3-year Subscription 24x7 Support LTU	0	14516.00				No	Available		Not published by OCA	Active	2026-09-16	05/31/2028	{}	BASELINE	N/A	$0.00	0.00%	2026-09-16: $14516.00
Software & Licenses	Red Hat Operating Systems	HPE OCA > DL360 Gen11 [P52499-B21] > Software & Licenses > Red Hat Operating Systems	Service & Support	Unlimited	0	Unlimited	Selection constraint for Red Hat Operating Systems: no max	S4R33A	Standard	Red Hat Enterprise Linux Virtual Datacenter 2 Sockets 5-year Subscription 24x7 Support LTU	0	24194.00				No	Available		Not published by OCA	Active	2026-09-16	05/31/2028	{}	BASELINE	N/A	$0.00	0.00%	2026-09-16: $24194.00
Software & Licenses	Red Hat Operating Systems	HPE OCA > DL360 Gen11 [P52499-B21] > Software & Licenses > Red Hat Operating Systems	Service & Support	Unlimited	0	Unlimited	Selection constraint for Red Hat Operating Systems: no max	S4R34A	Standard	Red Hat Enterprise Linux Virtual Datacenter 2 Sockets 1-year Subscription 9x5 Support LTU	0	3024.00				No	Available		Not published by OCA	Active	2026-09-16	05/31/2028	{}	BASELINE	N/A	$0.00	0.00%	2026-09-16: $3024.00
Software & Licenses	Red Hat Operating Systems	HPE OCA > DL360 Gen11 [P52499-B21] > Software & Licenses > Red Hat Operating Systems	Service & Support	Unlimited	0	Unlimited	Selection constraint for Red Hat Operating Systems: no max	S4R35A	Standard	Red Hat Enterprise Linux Virtual Datacenter 2 Sockets 3-year Subscription 9x5 Support LTU	0	9072.00				No	Available		Not published by OCA	Active	2026-09-16	05/31/2028	{}	BASELINE	N/A	$0.00	0.00%	2026-09-16: $9072.00
Software & Licenses	Red Hat Operating Systems	HPE OCA > DL360 Gen11 [P52499-B21] > Software & Licenses > Red Hat Operating Systems	Service & Support	Unlimited	0	Unlimited	Selection constraint for Red Hat Operating Systems: no max	S4R36A	Standard	Red Hat Enterprise Linux Virtual Datacenter 2 Sockets 5-year Subscription 9x5 Support LTU	0	15119.00				No	Available		Not published by OCA	Active	2026-09-16	05/31/2028	{}	BASELINE	N/A	$0.00	0.00%	2026-09-16: $15119.00
Software & Licenses	Red Hat Operating Systems	HPE OCA > DL360 Gen11 [P52499-B21] > Software & Licenses > Red Hat Operating Systems	Service & Support	Unlimited	0	Unlimited	Selection constraint for Red Hat Operating Systems: no max	S4R37A	Standard	Red Hat Enterprise Linux Server 2 Sockets or 2 Guests 1-year Subscription 24x7 Support LTU	0	1429.00				No	Available		Not published by OCA	Active	2026-09-16	05/31/2028	{}	BASELINE	N/A	$0.00	0.00%	2026-09-16: $1429.00
Software & Licenses	Red Hat Operating Systems	HPE OCA > DL360 Gen11 [P52499-B21] > Software & Licenses > Red Hat Operating Systems	Service & Support	Unlimited	0	Unlimited	Selection constraint for Red Hat Operating Systems: no max	S4R38A	Standard	Red Hat Enterprise Linux Server 2 Sockets or 2 Guests 3-year Subscription 24x7 Support LTU	0	4072.00				No	Available		Not published by OCA	Active	2026-09-16	05/31/2028	{}	BASELINE	N/A	$0.00	0.00%	2026-09-16: $4072.00
Software & Licenses	Red Hat Operating Systems	HPE OCA > DL360 Gen11 [P52499-B21] > Software & Licenses > Red Hat Operating Systems	Service & Support	Unlimited	0	Unlimited	Selection constraint for Red Hat Operating Systems: no max	S4R39A	Standard	Red Hat Enterprise Linux Server 2 Sockets or 2 Guests 5-year Subscription 24x7 Support LTU	0	6787.00				No	Available		Not published by OCA	Active	2026-09-16	05/31/2028	{}	BASELINE	N/A	$0.00	0.00%	2026-09-16: $6787.00
Software & Licenses	Red Hat Operating Systems	HPE OCA > DL360 Gen11 [P52499-B21] > Software & Licenses > Red Hat Operating Systems	Service & Support	Unlimited	0	Unlimited	Selection constraint for Red Hat Operating Systems: no max	S4R40A	Standard	Red Hat Enterprise Linux Server 2 Sockets or 2 Guests 1-year Subscription 9x5 Support LTU	0	879.00				No	Available		Not published by OCA	Active	2026-09-16	05/31/2028	{}	BASELINE	N/A	$0.00	0.00%	2026-09-16: $879.00
Software & Licenses	Red Hat Operating Systems	HPE OCA > DL360 Gen11 [P52499-B21] > Software & Licenses > Red Hat Operating Systems	Service & Support	Unlimited	0	Unlimited	Selection constraint for Red Hat Operating Systems: no max	S4R41A	Standard	Red Hat Enterprise Linux Server 2 Sockets or 2 Guests 3-year Subscription 9x5 Support LTU	0	2505.00				No	Available		Not published by OCA	Active	2026-09-16	05/31/2028	{}	BASELINE	N/A	$0.00	0.00%	2026-09-16: $2505.00
Software & Licenses	Red Hat Operating Systems	HPE OCA > DL360 Gen11 [P52499-B21] > Software & Licenses > Red Hat Operating Systems	Service & Support	Unlimited	0	Unlimited	Selection constraint for Red Hat Operating Systems: no max	S4R42A	Standard	Red Hat Enterprise Linux Server 2 Sockets or 2 Guests 5-year Subscription 9x5 Support LTU	0	4175.00				No	Available		Not published by OCA	Active	2026-09-16	05/31/2028	{}	BASELINE	N/A	$0.00	0.00%	2026-09-16: $4175.00
Software & Licenses	Red Hat Operating Systems	HPE OCA > DL360 Gen11 [P52499-B21] > Software & Licenses > Red Hat Operating Systems	Service & Support	Unlimited	0	Unlimited	Selection constraint for Red Hat Operating Systems: no max	S4R43A	Standard	Red Hat Enterprise Linux Server 2 Sockets 1 Guest 1-year Subscription 24x7 Support LTU	0	1429.00				No	Available		Not published by OCA	Active	2026-09-16	05/31/2028	{}	BASELINE	N/A	$0.00	0.00%	2026-09-16: $1429.00
Software & Licenses	Red Hat Operating Systems	HPE OCA > DL360 Gen11 [P52499-B21] > Software & Licenses > Red Hat Operating Systems	Service & Support	Unlimited	0	Unlimited	Selection constraint for Red Hat Operating Systems: no max	S4R44A	Standard	Red Hat Enterprise Linux Server 2 Sockets 1 Guest 1-year Subscription 9x5 Support LTU	0	879.00				No	Available		Not published by OCA	Active	2026-09-16	05/31/2028	{}	BASELINE	N/A	$0.00	0.00%	2026-09-16: $879.00
Software & Licenses	Red Hat Operating Systems	HPE OCA > DL360 Gen11 [P52499-B21] > Software & Licenses > Red Hat Operating Systems	Service & Support	Unlimited	0	Unlimited	Selection constraint for Red Hat Operating Systems: no max	S4R45A	Standard	Red Hat Enterprise Linux Server 2 Sockets 4 Guests 1-year Subscription 24x7 Support LTU	0	2144.00				No	Available		Not published by OCA	Active	2026-09-16	05/31/2028	{}	BASELINE	N/A	$0.00	0.00%	2026-09-16: $2144.00
Software & Licenses	Red Hat Operating Systems	HPE OCA > DL360 Gen11 [P52499-B21] > Software & Licenses > Red Hat Operating Systems	Service & Support	Unlimited	0	Unlimited	Selection constraint for Red Hat Operating Systems: no max	S4R46A	Standard	Red Hat Enterprise Linux Server 2 Sockets 4 Guests 1-year Subscription 9x5 Support LTU	0	1319.00				No	Available		Not published by OCA	Active	2026-09-16	05/31/2028	{}	BASELINE	N/A	$0.00	0.00%	2026-09-16: $1319.00
Software & Licenses	Red Hat Operating Systems	HPE OCA > DL360 Gen11 [P52499-B21] > Software & Licenses > Red Hat Operating Systems	Service & Support	Unlimited	0	Unlimited	Selection constraint for Red Hat Operating Systems: no max	S4R47A	Standard	Red Hat Enterprise Linux Server 2 Sockets 4 Guests 3-year Subscription 24x7 Support LTU	0	6110.00				No	Available		Not published by OCA	Active	2026-09-16	05/31/2028	{}	BASELINE	N/A	$0.00	0.00%	2026-09-16: $6110.00
Software & Licenses	Red Hat Operating Systems	HPE OCA > DL360 Gen11 [P52499-B21] > Software & Licenses > Red Hat Operating Systems	Service & Support	Unlimited	0	Unlimited	Selection constraint for Red Hat Operating Systems: no max	S4R48A	Standard	Red Hat Enterprise Linux Server 2 Sockets 4 Guests 3-year Subscription 9x5 Support LTU	0	3759.00				No	Available		Not published by OCA	Active	2026-09-16	05/31/2028	{}	BASELINE	N/A	$0.00	0.00%	2026-09-16: $3759.00
Software & Licenses	Red Hat SAP Operating System	HPE OCA > DL360 Gen11 [P52499-B21] > Software & Licenses > Red Hat SAP Operating System	Service & Support	Unlimited	0	Unlimited	Selection constraint for Red Hat SAP Operating System: no max	Q5W19A	Standard	Red Hat Enterprise Linux for SAP (Physical/Virtual Nodes) 3yr Subscription 9x5 Support Flex LTU	0	2505.00				No	Available		Not published by OCA	Active	2026-09-16	05/31/2028	{}	BASELINE	N/A	$0.00	0.00%	2026-09-16: $2505.00
Software & Licenses	Red Hat SAP Operating System	HPE OCA > DL360 Gen11 [P52499-B21] > Software & Licenses > Red Hat SAP Operating System	Service & Support	Unlimited	0	Unlimited	Selection constraint for Red Hat SAP Operating System: no max	Q5W20A	Standard	Red Hat Enterprise Linux for SAP (Physical/Virtual Nodes) 3yr Subscription 24x7 Support Flex LTU	0	4072.00				No	Available		Not published by OCA	Active	2026-09-16	05/31/2028	{}	BASELINE	N/A	$0.00	0.00%	2026-09-16: $4072.00
Software & Licenses	Red Hat SAP Operating System	HPE OCA > DL360 Gen11 [P52499-B21] > Software & Licenses > Red Hat SAP Operating System	Service & Support	Unlimited	0	Unlimited	Selection constraint for Red Hat SAP Operating System: no max	Q5W21A	Standard	Red Hat Enterprise Linux for SAP (Physical/Virtual Nodes) 5yr Subscription 9x5 Support Flex LTU	0	4175.00				No	Available		Not published by OCA	Active	2026-09-16	05/31/2028	{}	BASELINE	N/A	$0.00	0.00%	2026-09-16: $4175.00
Software & Licenses	Red Hat SAP Operating System	HPE OCA > DL360 Gen11 [P52499-B21] > Software & Licenses > Red Hat SAP Operating System	Service & Support	Unlimited	0	Unlimited	Selection constraint for Red Hat SAP Operating System: no max	Q5W22A	Standard	Red Hat Enterprise Linux for SAP (Physical/Virtual Nodes) 5yr Subscription 24x7 Support Flex LTU	0	6787.00				No	Available		Not published by OCA	Active	2026-09-16	05/31/2028	{}	BASELINE	N/A	$0.00	0.00%	2026-09-16: $6787.00
Software & Licenses	Red Hat SAP Operating System	HPE OCA > DL360 Gen11 [P52499-B21] > Software & Licenses > Red Hat SAP Operating System	Service & Support	Unlimited	0	Unlimited	Selection constraint for Red Hat SAP Operating System: no max	Q5W23A	Standard	Red Hat Enterprise Linux for SAP for Virtual Datacenters 3yr Subscription 9x5 Support Flex LTU	0	9072.00				No	Available		Not published by OCA	Active	2026-09-16	05/31/2028	{}	BASELINE	N/A	$0.00	0.00%	2026-09-16: $9072.00
Software & Licenses	Red Hat SAP Operating System	HPE OCA > DL360 Gen11 [P52499-B21] > Software & Licenses > Red Hat SAP Operating System	Service & Support	Unlimited	0	Unlimited	Selection constraint for Red Hat SAP Operating System: no max	Q5W24A	Standard	Red Hat Enterprise Linux for SAP for Virtual Datacenters 3yr Subscription 24x7 Support Flex LTU	0	14516.00				No	Available		Not published by OCA	Active	2026-09-16	05/31/2028	{}	BASELINE	N/A	$0.00	0.00%	2026-09-16: $14516.00
Software & Licenses	Red Hat SAP Operating System	HPE OCA > DL360 Gen11 [P52499-B21] > Software & Licenses > Red Hat SAP Operating System	Service & Support	Unlimited	0	Unlimited	Selection constraint for Red Hat SAP Operating System: no max	Q5W25A	Standard	Red Hat Enterprise Linux for SAP for Virtual Datacenters 5yr Subscription 9x5 Support Flex LTU	0	15119.00				No	Available		Not published by OCA	Active	2026-09-16	05/31/2028	{}	BASELINE	N/A	$0.00	0.00%	2026-09-16: $15119.00
Software & Licenses	Red Hat SAP Operating System	HPE OCA > DL360 Gen11 [P52499-B21] > Software & Licenses > Red Hat SAP Operating System	Service & Support	Unlimited	0	Unlimited	Selection constraint for Red Hat SAP Operating System: no max	Q5W26A	Standard	Red Hat Enterprise Linux for SAP for Virtual Datacenters 5yr Subscription 24x7 Support Flex LTU	0	24194.00				No	Available		Not published by OCA	Active	2026-09-16	05/31/2028	{}	BASELINE	N/A	$0.00	0.00%	2026-09-16: $24194.00
Software & Licenses	Red Hat SAP Operating System	HPE OCA > DL360 Gen11 [P52499-B21] > Software & Licenses > Red Hat SAP Operating System	Service & Support	Unlimited	0	Unlimited	Selection constraint for Red Hat SAP Operating System: no max	Q8U15A	Standard	Red Hat Enterprise Linux for SAP Solutions for Virtual DC 3yr Subscription 24x7 Support LTU	0	24680.00				No	Available		Not published by OCA	Active	2026-09-16	05/31/2028	{}	BASELINE	N/A	$0.00	0.00%	2026-09-16: $24680.00
Software & Licenses	Red Hat SAP Operating System	HPE OCA > DL360 Gen11 [P52499-B21] > Software & Licenses > Red Hat SAP Operating System	Service & Support	Unlimited	0	Unlimited	Selection constraint for Red Hat SAP Operating System: no max	Q8U16A	Standard	Red Hat Enterprise Linux for SAP Solutions for Virtual DC 5yr Subscription 24x7 Support LTU	0	41134.00				No	Available		Not published by OCA	Active	2026-09-16	05/31/2028	{}	BASELINE	N/A	$0.00	0.00%	2026-09-16: $41134.00
Software & Licenses	Red Hat SAP Operating System	HPE OCA > DL360 Gen11 [P52499-B21] > Software & Licenses > Red Hat SAP Operating System	Service & Support	Unlimited	0	Unlimited	Selection constraint for Red Hat SAP Operating System: no max	Q8U17A	Standard	Red Hat Enterprise Linux for SAP Solutions for Virtual DC 3yr Subscription 9x5 Support LTU	0	20325.00				No	Available		Not published by OCA	Active	2026-09-16	05/31/2028	{}	BASELINE	N/A	$0.00	0.00%	2026-09-16: $20325.00
Software & Licenses	Red Hat SAP Operating System	HPE OCA > DL360 Gen11 [P52499-B21] > Software & Licenses > Red Hat SAP Operating System	Service & Support	Unlimited	0	Unlimited	Selection constraint for Red Hat SAP Operating System: no max	Q8U18A	Standard	Red Hat Enterprise Linux for SAP Solutions for Virtual DC 5yr Subscription 9x5 Support LTU	0	33874.00				No	Available		Not published by OCA	Active	2026-09-16	05/31/2028	{}	BASELINE	N/A	$0.00	0.00%	2026-09-16: $33874.00
Software & Licenses	Red Hat SAP Operating System	HPE OCA > DL360 Gen11 [P52499-B21] > Software & Licenses > Red Hat SAP Operating System	Service & Support	Unlimited	0	Unlimited	Selection constraint for Red Hat SAP Operating System: no max	Q8U19A	Standard	Red Hat Enterprise Linux for SAP Solutions for Physical Nodes 3yr Subscription 24x7 Support LTU	0	6737.00				No	Available		Not published by OCA	Active	2026-09-16	05/31/2028	{}	BASELINE	N/A	$0.00	0.00%	2026-09-16: $6737.00
Software & Licenses	Red Hat SAP Operating System	HPE OCA > DL360 Gen11 [P52499-B21] > Software & Licenses > Red Hat SAP Operating System	Service & Support	Unlimited	0	Unlimited	Selection constraint for Red Hat SAP Operating System: no max	Q8U20A	Standard	Red Hat Enterprise Linux for SAP Solutions for Physical Nodes 5yr Subscription 24x7 Support LTU	0	11229.00				No	Available		Not published by OCA	Active	2026-09-16	05/31/2028	{}	BASELINE	N/A	$0.00	0.00%	2026-09-16: $11229.00
Software & Licenses	Red Hat SAP Operating System	HPE OCA > DL360 Gen11 [P52499-B21] > Software & Licenses > Red Hat SAP Operating System	Service & Support	Unlimited	0	Unlimited	Selection constraint for Red Hat SAP Operating System: no max	Q8U21A	Standard	Red Hat Enterprise Linux for SAP Solutions for Physical Nodes 3yr Subscription 9x5 Support LTU	0	5483.00				No	Available		Not published by OCA	Active	2026-09-16	05/31/2028	{}	BASELINE	N/A	$0.00	0.00%	2026-09-16: $5483.00
Software & Licenses	Red Hat SAP Operating System	HPE OCA > DL360 Gen11 [P52499-B21] > Software & Licenses > Red Hat SAP Operating System	Service & Support	Unlimited	0	Unlimited	Selection constraint for Red Hat SAP Operating System: no max	Q8U22A	Standard	Red Hat Enterprise Linux for SAP Solutions for Physical Nodes 5yr Subscription 9x5 Support LTU	0	9139.00				No	Available		Not published by OCA	Active	2026-09-16	05/31/2028	{}	BASELINE	N/A	$0.00	0.00%	2026-09-16: $9139.00
Software & Licenses	Red Hat-Virtualization	HPE OCA > DL360 Gen11 [P52499-B21] > Software & Licenses > Red Hat-Virtualization	Service & Support	Unlimited	0	Unlimited	Selection constraint for Red Hat-Virtualization: no max	Q0D22A	Standard	Red Hat Enterprise Linux Server 2 Sockets 4 Guests 5yr Subscription 24x7 Support Flexible LTU	0	10183.00				No	Available		Not published by OCA	Active	2026-09-16	05/31/2028	{}	BASELINE	N/A	$0.00	0.00%	2026-09-16: $10183.00
Software & Licenses	Red Hat-Virtualization	HPE OCA > DL360 Gen11 [P52499-B21] > Software & Licenses > Red Hat-Virtualization	Service & Support	Unlimited	0	Unlimited	Selection constraint for Red Hat-Virtualization: no max	Q0D23A	Standard	Red Hat Enterprise Linux Server 2 Sockets 4 Guests 5yr Subscription 9x5 Support Flexible LTU	0	6264.00				No	Available		Not published by OCA	Active	2026-09-16	05/31/2028	{}	BASELINE	N/A	$0.00	0.00%	2026-09-16: $6264.00
Software & Licenses	Red Hat-Virtualization	HPE OCA > DL360 Gen11 [P52499-B21] > Software & Licenses > Red Hat-Virtualization	Operating System / License	Unlimited	0	Unlimited	Selection constraint for Red Hat-Virtualization: no max	Q0D25A	Standard	Red Hat High Availability 2 Sockets or 2 Guests 5yr Subscription Flexible LTU	0	2085.00				No	Available		Not published by OCA	Active	2026-09-16	05/31/2028	{}	BASELINE	N/A	$0.00	0.00%	2026-09-16: $2085.00
Software & Licenses	Red Hat-Virtualization	HPE OCA > DL360 Gen11 [P52499-B21] > Software & Licenses > Red Hat-Virtualization	Operating System / License	Unlimited	0	Unlimited	Selection constraint for Red Hat-Virtualization: no max	Q0D26A	Standard	Red Hat High Availability 2 Sockets Unlimited Guests 5yr Subscription Flexible LTU	0	7532.00				No	Available		Not published by OCA	Active	2026-09-16	05/31/2028	{}	BASELINE	N/A	$0.00	0.00%	2026-09-16: $7532.00
Software & Licenses	Red Hat-Virtualization	HPE OCA > DL360 Gen11 [P52499-B21] > Software & Licenses > Red Hat-Virtualization	Operating System / License	Unlimited	0	Unlimited	Selection constraint for Red Hat-Virtualization: no max	Q0D29A	Standard	Red Hat Resilient Storage 2 Sockets or 2 Guests 5yr Subscription Flexible LTU	0	4395.00				No	Available		Not published by OCA	Active	2026-09-16	05/31/2028	{}	BASELINE	N/A	$0.00	0.00%	2026-09-16: $4395.00
Software & Licenses	Red Hat-Virtualization	HPE OCA > DL360 Gen11 [P52499-B21] > Software & Licenses > Red Hat-Virtualization	Operating System / License	Unlimited	0	Unlimited	Selection constraint for Red Hat-Virtualization: no max	Q0D30A	Standard	Red Hat Resilient Storage 2 Sockets Unlimited Guests 5yr Subscription Flexible LTU	0	15095.00				No	Available		Not published by OCA	Active	2026-09-16	05/31/2028	{}	BASELINE	N/A	$0.00	0.00%	2026-09-16: $15095.00
Software & Licenses	SUSE Add-ons	HPE OCA > DL360 Gen11 [P52499-B21] > Software & Licenses > SUSE Add-ons	Operating System / License	Unlimited	0	Unlimited	Selection constraint for SUSE Add-ons: no max	M6K34A	Standard	SUSE Linux Enterprise High Availability Extension 1-2 Sockets 3 Year Subscription Flx LTU	0	2040.00				No	Available		Not published by OCA	Active	2026-09-16	05/31/2028	{}	BASELINE	N/A	$0.00	0.00%	2026-09-16: $2040.00
Software & Licenses	SUSE Operating Systems	HPE OCA > DL360 Gen11 [P52499-B21] > Software & Licenses > SUSE Operating Systems	Service & Support	Unlimited	0	Unlimited	Selection constraint for SUSE Operating Systems: no max	M6K28A	Standard	SUSE Linux Enterprise Server 1-2 Sockets or 1-2 VM 3 Year Subscription 24x7 Support Flx LTU	0	3780.00				No	Obsolete (OB)		Not published by OCA	Obsolete (OB)	2026-09-16	2026-09-16	{}	BASELINE	N/A	$0.00	0.00%	2026-09-16: $3780.00
Software & Licenses	SUSE Operating Systems	HPE OCA > DL360 Gen11 [P52499-B21] > Software & Licenses > SUSE Operating Systems	Service & Support	Unlimited	0	Unlimited	Selection constraint for SUSE Operating Systems: no max	N0U73A	Standard	SUSE Linux Enterprise Server SAP 1-2 Sockets or 1-2 VM 3-year Subscription 24x7 Support Flexible LTU	0	7803.00				No	Obsolete (OB)		Not published by OCA	Obsolete (OB)	2026-09-16	2026-09-16	{}	BASELINE	N/A	$0.00	0.00%	2026-09-16: $7803.00
Software & Licenses	SUSE Operating Systems	HPE OCA > DL360 Gen11 [P52499-B21] > Software & Licenses > SUSE Operating Systems	Service & Support	Unlimited	0	Unlimited	Selection constraint for SUSE Operating Systems: no max	N0U75A	Standard	SUSE Linux Enterprise Server SAP 1-2 Sockets or 1-2 VM 5-year Subscription 24x7 Support Flexible LTU	0	13005.00				No	Obsolete (OB)		Not published by OCA	Obsolete (OB)	2026-09-16	2026-09-16	{}	BASELINE	N/A	$0.00	0.00%	2026-09-16: $13005.00
Software & Licenses	SUSE Operating Systems	HPE OCA > DL360 Gen11 [P52499-B21] > Software & Licenses > SUSE Operating Systems	Service & Support	Unlimited	0	Unlimited	Selection constraint for SUSE Operating Systems: no max	N7F54A	Standard	SUSE Linux Enterprise Server 1-2 Sockets or 1-2 VM 1 Year Subscription 24x7 Support Flx LTU	0	1400.00				No	Obsolete (OB)		Not published by OCA	Obsolete (OB)	2026-09-16	2026-09-16	{}	BASELINE	N/A	$0.00	0.00%	2026-09-16: $1400.00
Software & Licenses	SUSE Operating Systems	HPE OCA > DL360 Gen11 [P52499-B21] > Software & Licenses > SUSE Operating Systems	Service & Support	Unlimited	0	Unlimited	Selection constraint for SUSE Operating Systems: no max	N7F55A	Standard	SUSE Linux Enterprise Server 1-2 Sockets or 1-2 VM 1 Year Subscription 9x5 Support Flx LTU	0	859.00				No	Obsolete (OB)		Not published by OCA	Obsolete (OB)	2026-09-16	2026-09-16	{}	BASELINE	N/A	$0.00	0.00%	2026-09-16: $859.00
Software & Licenses	SUSE Operating Systems	HPE OCA > DL360 Gen11 [P52499-B21] > Software & Licenses > SUSE Operating Systems	Service & Support	Unlimited	0	Unlimited	Selection constraint for SUSE Operating Systems: no max	Q9R65A	Standard	Red Hat Enterprise Linux for SAP Solutions for Physical Nodes 3yr Subscription 24x7 Support LTU	0	6737.00				No	Available		Not published by OCA	Active	2026-09-16	05/31/2028	{}	BASELINE	N/A	$0.00	0.00%	2026-09-16: $6737.00
Software & Licenses	SUSE Operating Systems	HPE OCA > DL360 Gen11 [P52499-B21] > Software & Licenses > SUSE Operating Systems	Service & Support	Unlimited	0	Unlimited	Selection constraint for SUSE Operating Systems: no max	Q9R66A	Standard	Red Hat Enterprise Linux for SAP Solutions for Physical Nodes 5yr Subscription 24x7 Support LTU	0	11229.00				No	Available		Not published by OCA	Active	2026-09-16	05/31/2028	{}	BASELINE	N/A	$0.00	0.00%	2026-09-16: $11229.00
Software & Licenses	SUSE Operating Systems	HPE OCA > DL360 Gen11 [P52499-B21] > Software & Licenses > SUSE Operating Systems	Service & Support	Unlimited	0	Unlimited	Selection constraint for SUSE Operating Systems: no max	Q9R67A	Standard	Red Hat Enterprise Linux for SAP Solutions for Virtual DC 3yr Subscription 24x7 Support LTU	0	24680.00				No	Available		Not published by OCA	Active	2026-09-16	05/31/2028	{}	BASELINE	N/A	$0.00	0.00%	2026-09-16: $24680.00
Software & Licenses	SUSE Operating Systems	HPE OCA > DL360 Gen11 [P52499-B21] > Software & Licenses > SUSE Operating Systems	Service & Support	Unlimited	0	Unlimited	Selection constraint for SUSE Operating Systems: no max	Q9R68A	Standard	Red Hat Enterprise Linux for SAP Solutions for Virtual DC 5yr Subscription 24x7 Support LTU	0	41134.00				No	Available		Not published by OCA	Active	2026-09-16	05/31/2028	{}	BASELINE	N/A	$0.00	0.00%	2026-09-16: $41134.00
Software & Licenses	SUSE Operating Systems	HPE OCA > DL360 Gen11 [P52499-B21] > Software & Licenses > SUSE Operating Systems	Operating System / License	Unlimited	0	Unlimited	Selection constraint for SUSE Operating Systems: no max	R8V84A	Standard	SUSE Linux Enterprise Server for SAP 1-2 Sockets Unlimited VM w/Live Patching 3yr 24x7 Flexible LTU	0	18873.00				No	Obsolete (OB)		Not published by OCA	Obsolete (OB)	2026-09-16	2026-09-16	{}	BASELINE	N/A	$0.00	0.00%	2026-09-16: $18873.00
Software & Licenses	SUSE Operating Systems	HPE OCA > DL360 Gen11 [P52499-B21] > Software & Licenses > SUSE Operating Systems	Operating System / License	Unlimited	0	Unlimited	Selection constraint for SUSE Operating Systems: no max	R8V85A	Standard	SUSE Linux Enterprise Server for SAP 1-2 Sockets Unlimited VM w/Live Patching 5yr 24x7 Flexible LTU	0	31455.00				No	Obsolete (OB)		Not published by OCA	Obsolete (OB)	2026-09-16	2026-09-16	{}	BASELINE	N/A	$0.00	0.00%	2026-09-16: $31455.00
Software & Licenses	SUSE Operating Systems	HPE OCA > DL360 Gen11 [P52499-B21] > Software & Licenses > SUSE Operating Systems	Operating System / License	Unlimited	0	Unlimited	Selection constraint for SUSE Operating Systems: no max	S3R49A	Standard	SUSE Linux Enterprise Server w/SUSE Manager Lifecycle Management+ 1-2 Sockets/1-2 VM 3yr 24x7 LTU	0	4399.00				No	Obsolete (OB)		Not published by OCA	Obsolete (OB)	2026-09-16	2026-09-16	{}	BASELINE	N/A	$0.00	0.00%	2026-09-16: $4399.00
Software & Licenses	SUSE Operating Systems	HPE OCA > DL360 Gen11 [P52499-B21] > Software & Licenses > SUSE Operating Systems	Operating System / License	Unlimited	0	Unlimited	Selection constraint for SUSE Operating Systems: no max	S3R50A	Standard	SUSE Linux Enterprise Server w/SUSE Manager Lifecycle Management+ 1-2 Sockets/1-2 VM 1yr 24x7 LTU	0	1599.00				No	Obsolete (OB)		Not published by OCA	Obsolete (OB)	2026-09-16	2026-09-16	{}	BASELINE	N/A	$0.00	0.00%	2026-09-16: $1599.00
Software & Licenses	SUSE Operating Systems	HPE OCA > DL360 Gen11 [P52499-B21] > Software & Licenses > SUSE Operating Systems	Operating System / License	Unlimited	0	Unlimited	Selection constraint for SUSE Operating Systems: no max	S3R51A	Standard	SUSE Linux Enterprise Server w/SUSE Manager Lifecycle Management+ 1-2 Sockets/1-2 VM 1yr 9x5 LTU	0	1099.00				No	Obsolete (OB)		Not published by OCA	Obsolete (OB)	2026-09-16	2026-09-16	{}	BASELINE	N/A	$0.00	0.00%	2026-09-16: $1099.00
Software & Licenses	SUSE Operating Systems	HPE OCA > DL360 Gen11 [P52499-B21] > Software & Licenses > SUSE Operating Systems	Operating System / License	Unlimited	0	Unlimited	Selection constraint for SUSE Operating Systems: no max	S3R52A	Standard	SUSE Linux Enterprise Server w/SUSE Manager Lifecycle Management+ 1-2 Sockets/1-2 VM 5yr 24x7 LTU	0	7196.00				No	Obsolete (OB)		Not published by OCA	Obsolete (OB)	2026-09-16	2026-09-16	{}	BASELINE	N/A	$0.00	0.00%	2026-09-16: $7196.00
Software & Licenses	SUSE Operating Systems	HPE OCA > DL360 Gen11 [P52499-B21] > Software & Licenses > SUSE Operating Systems	Operating System / License	Unlimited	0	Unlimited	Selection constraint for SUSE Operating Systems: no max	S3R53A	Standard	SUSE Linux Enterprise Server w/SUSE Manager Lifecycle Management+ 1-2 Sockets/1-2 VM 3yr 9x5 LTU	0	2990.00				No	Obsolete (OB)		Not published by OCA	Obsolete (OB)	2026-09-16	2026-09-16	{}	BASELINE	N/A	$0.00	0.00%	2026-09-16: $2990.00
Software & Licenses	SUSE Operating Systems	HPE OCA > DL360 Gen11 [P52499-B21] > Software & Licenses > SUSE Operating Systems	Operating System / License	Unlimited	0	Unlimited	Selection constraint for SUSE Operating Systems: no max	S3R54A	Standard	SUSE Linux Enterprise Server w/SUSE Manager Lifecycle Management+ 1-2 Sockets/1-2 VM 5yr 9x5 LTU	0	4946.00				No	Obsolete (OB)		Not published by OCA	Obsolete (OB)	2026-09-16	2026-09-16	{}	BASELINE	N/A	$0.00	0.00%	2026-09-16: $4946.00
Software & Licenses	SUSE Operating Systems	HPE OCA > DL360 Gen11 [P52499-B21] > Software & Licenses > SUSE Operating Systems	Service & Support	Unlimited	0	Unlimited	Selection constraint for SUSE Operating Systems: no max	S7N85A	Standard	SUSE Linux Enterprise Server for SAP Applications 1-2 Sockets or 1-2 VM 3-year Sub 24x7 Support LTU	0	7803.00				No	Available		Not published by OCA	Active	2026-09-16	05/31/2028	{}	BASELINE	N/A	$0.00	0.00%	2026-09-16: $7803.00
Software & Licenses	SUSE Operating Systems	HPE OCA > DL360 Gen11 [P52499-B21] > Software & Licenses > SUSE Operating Systems	Service & Support	Unlimited	0	Unlimited	Selection constraint for SUSE Operating Systems: no max	S7N86A	Standard	SUSE Linux Enterprise Server for SAP Applications 1-2 Sockets or 1-2 VM 5-year Sub 24x7 Support LTU	0	13005.00				No	Available		Not published by OCA	Active	2026-09-16	05/31/2028	{}	BASELINE	N/A	$0.00	0.00%	2026-09-16: $13005.00
Software & Licenses	SUSE Operating Systems	HPE OCA > DL360 Gen11 [P52499-B21] > Software & Licenses > SUSE Operating Systems	Operating System / License	Unlimited	0	Unlimited	Selection constraint for SUSE Operating Systems: no max	S7N89A	Standard	SUSE Linux Enterprise Server w/SUSE Multi-Linux Mgr Lifecycle Mgmt+ 1-2 Skts/1-2 VM 1yr 24x7 LTU	0	1599.00				No	Available		Not published by OCA	Active	2026-09-16	05/31/2028	{}	BASELINE	N/A	$0.00	0.00%	2026-09-16: $1599.00
Software & Licenses	SUSE Operating Systems	HPE OCA > DL360 Gen11 [P52499-B21] > Software & Licenses > SUSE Operating Systems	Operating System / License	Unlimited	0	Unlimited	Selection constraint for SUSE Operating Systems: no max	S7N90A	Standard	SUSE Linux Enterprise Server w/SUSE Multi-Linux Mgr Lifecycle Mgmt+ 1-2 Skts/1-2 VM 1yr 9x5 LTU	0	1099.00				No	Available		Not published by OCA	Active	2026-09-16	05/31/2028	{}	BASELINE	N/A	$0.00	0.00%	2026-09-16: $1099.00
Software & Licenses	SUSE Operating Systems	HPE OCA > DL360 Gen11 [P52499-B21] > Software & Licenses > SUSE Operating Systems	Operating System / License	Unlimited	0	Unlimited	Selection constraint for SUSE Operating Systems: no max	S7N91A	Standard	SUSE Linux Enterprise Server w/SUSE Multi-Linux Mgr Lifecycle Mgmt+ 1-2 Skts/1-2 VM 3yr 24x7 LTU	0	4399.00				No	Available		Not published by OCA	Active	2026-09-16	05/31/2028	{}	BASELINE	N/A	$0.00	0.00%	2026-09-16: $4399.00
Software & Licenses	SUSE Operating Systems	HPE OCA > DL360 Gen11 [P52499-B21] > Software & Licenses > SUSE Operating Systems	Operating System / License	Unlimited	0	Unlimited	Selection constraint for SUSE Operating Systems: no max	S7N92A	Standard	SUSE Linux Enterprise Server w/SUSE Multi-Linux Mgr Lifecycle Mgmt+ 1-2 Skts/1-2 VM 3yr 9x5 LTU	0	2990.00				No	Available		Not published by OCA	Active	2026-09-16	05/31/2028	{}	BASELINE	N/A	$0.00	0.00%	2026-09-16: $2990.00
Software & Licenses	SUSE Operating Systems	HPE OCA > DL360 Gen11 [P52499-B21] > Software & Licenses > SUSE Operating Systems	Operating System / License	Unlimited	0	Unlimited	Selection constraint for SUSE Operating Systems: no max	S7N93A	Standard	SUSE Linux Enterprise Server w/SUSE Multi-Linux Mgr Lifecycle Mgmt+ 1-2 Skts/1-2 VM 5yr 24x7 LTU	0	7196.00				No	Available		Not published by OCA	Active	2026-09-16	05/31/2028	{}	BASELINE	N/A	$0.00	0.00%	2026-09-16: $7196.00
Software & Licenses	SUSE Operating Systems	HPE OCA > DL360 Gen11 [P52499-B21] > Software & Licenses > SUSE Operating Systems	Operating System / License	Unlimited	0	Unlimited	Selection constraint for SUSE Operating Systems: no max	S7N94A	Standard	SUSE Linux Enterprise Server w/SUSE Multi-Linux Mgr Lifecycle Mgmt+ 1-2 Skts/1-2 VM 5yr 9x5 LTU	0	4946.00				No	Available		Not published by OCA	Active	2026-09-16	05/31/2028	{}	BASELINE	N/A	$0.00	0.00%	2026-09-16: $4946.00
Software & Licenses	SUSE Operating Systems	HPE OCA > DL360 Gen11 [P52499-B21] > Software & Licenses > SUSE Operating Systems	Operating System / License	Unlimited	0	Unlimited	Selection constraint for SUSE Operating Systems: no max	S7P12A	Standard	SUSE Linux Enterprise Server for SAP Applications 1-2 Sockets or 1-2 VM 3-year Sub 24x7 Sup Flex LTU	0	7803.00				No	Available		Not published by OCA	Active	2026-09-16	05/31/2028	{}	BASELINE	N/A	$0.00	0.00%	2026-09-16: $7803.00
Software & Licenses	SUSE Operating Systems	HPE OCA > DL360 Gen11 [P52499-B21] > Software & Licenses > SUSE Operating Systems	Operating System / License	Unlimited	0	Unlimited	Selection constraint for SUSE Operating Systems: no max	S7P13A	Standard	SUSE Linux Enterprise Server for SAP Applications 1-2 Sockets or 1-2 VM 5-year Sub 24x7 Sup Flex LTU	0	13005.00				No	Available		Not published by OCA	Active	2026-09-16	05/31/2028	{}	BASELINE	N/A	$0.00	0.00%	2026-09-16: $13005.00
Software & Licenses	SUSE SAP Operating Systems	HPE OCA > DL360 Gen11 [P52499-B21] > Software & Licenses > SUSE SAP Operating Systems	Service & Support	Unlimited	0	Unlimited	Selection constraint for SUSE SAP Operating Systems: no max	M6K30A	Standard	SUSE Linux Enterprise Server SAP 1-2 Sockets or 1-2 VM 3 Year Subscription 24x7 Support Flx LTU	0	7803.00				No	Obsolete (OB)		Not published by OCA	Obsolete (OB)	2026-09-16	2026-09-16	{}	BASELINE	N/A	$0.00	0.00%	2026-09-16: $7803.00
Software & Licenses	SUSE SAP Operating Systems	HPE OCA > DL360 Gen11 [P52499-B21] > Software & Licenses > SUSE SAP Operating Systems	Service & Support	Unlimited	0	Unlimited	Selection constraint for SUSE SAP Operating Systems: no max	M6K32A	Standard	SUSE Linux Enterprise Server SAP 1-2 Sockets or 1-2 VM 5 Year Subscription 24x7 Support Flx LTU	0	13005.00				No	Obsolete (OB)		Not published by OCA	Obsolete (OB)	2026-09-16	2026-09-16	{}	BASELINE	N/A	$0.00	0.00%	2026-09-16: $13005.00
Software & Licenses	OneView Management Software	HPE OCA > DL360 Gen11 [P52499-B21] > Software & Licenses > OneView Management Software	Service & Support	max 1	0	1	Selection constraint for OneView Management Software: max 1	E5Y44A	Standard	HPE OneView for ProLiant DL Server including 3yr 24x7 Support Bundle Track 1-server LTU	0	799.00				No	Available		Not published by OCA	Active	2026-09-16	05/31/2028	{}	BASELINE	N/A	$0.00	0.00%	2026-09-16: $799.00
Software & Licenses	OneView Management Software	HPE OCA > DL360 Gen11 [P52499-B21] > Software & Licenses > OneView Management Software	Service & Support	max 1	0	1	Selection constraint for OneView Management Software: max 1	E5Y43A	Standard	HPE OneView for ProLiant DL Server including 3yr 24x7 Support FIO Bundle Physical 1-server LTU	0	849.00				No	Available		Not published by OCA	Active	2026-09-16	05/31/2028	{}	BASELINE	N/A	$0.00	0.00%	2026-09-16: $849.00
Software & Licenses	OneView Management Software	HPE OCA > DL360 Gen11 [P52499-B21] > Software & Licenses > OneView Management Software	Service & Support	max 1	0	1	Selection constraint for OneView Management Software: max 1	E5Y36A	Standard	HPE OneView including 3yr 24x7 Support Track 1-server LTU	0	999.00				No	Available		Not published by OCA	Active	2026-09-16	05/31/2028	{}	BASELINE	N/A	$0.00	0.00%	2026-09-16: $999.00
Software & Licenses	OneView Management Software	HPE OCA > DL360 Gen11 [P52499-B21] > Software & Licenses > OneView Management Software	Service & Support	max 1	0	1	Selection constraint for OneView Management Software: max 1	P8B31A	Standard	HPE OneView w/o iLO including 3yr 24x7 Support 1-server FIO LTU	0	480.00				No	Available		Not published by OCA	Active	2026-09-16	05/31/2028	{}	BASELINE	N/A	$0.00	0.00%	2026-09-16: $480.00
Software & Licenses	OneView Management Software	HPE OCA > DL360 Gen11 [P52499-B21] > Software & Licenses > OneView Management Software	Service & Support	max 1	0	1	Selection constraint for OneView Management Software: max 1	P8B25A	Standard	HPE OneView w/o iLO including 3yr 24x7 Support Track 1-server LTU	0	499.00				No	Available		Not published by OCA	Active	2026-09-16	05/31/2028	{}	BASELINE	N/A	$0.00	0.00%	2026-09-16: $499.00
Software & Licenses	OneView Management Software	HPE OCA > DL360 Gen11 [P52499-B21] > Software & Licenses > OneView Management Software	Operating System / License	max 1	0	1	Not Supported ProStack Server Software	S1T84A	Standard	HPE Alletra dHCI for ProLiant Gen11 with VMware ESXi 7.0 FIO Software	0	1.00				No	Obsolete (OB)		Not published by OCA	Obsolete (OB)	2026-09-16	2026-09-16	{}	BASELINE	N/A	$0.00	0.00%	2026-09-16: $1.00
Software & Licenses	OneView Management Software	HPE OCA > DL360 Gen11 [P52499-B21] > Software & Licenses > OneView Management Software	Operating System / License	max 1	0	1	Not Supported ProStack Server Software	S1T85A	Standard	HPE Alletra dHCI for ProLiant Gen11 with VMware ESXi 8.0 FIO Software	0	1.00				No	Not published by OCA		Not published by OCA	Active	2026-09-16	05/31/2028	{}	BASELINE	N/A	$0.00	0.00%	2026-09-16: $1.00
Software & Licenses	OneView Management Software	HPE OCA > DL360 Gen11 [P52499-B21] > Software & Licenses > OneView Management Software	Operating System / License	max 1	0	1	Not Supported ProStack Server Software	S3V79A	Standard	HPE GreenLake for Private Cloud Business Edition w/AL STG MP Addl ProLiant G11 w/VMware 7.0 FIO SW	0	1.00				No	Not published by OCA		Not published by OCA	Active	2026-09-16	05/31/2028	{}	BASELINE	N/A	$0.00	0.00%	2026-09-16: $1.00
Software & Licenses	OneView Management Software	HPE OCA > DL360 Gen11 [P52499-B21] > Software & Licenses > OneView Management Software	Operating System / License	max 1	0	1	Not Supported ProStack Server Software	S3V80A	Standard	HPE GreenLake for Private Cloud Business Edition w/AL STG MP Addl ProLiant G11 w/VMware 8.0 FIO SW	0	1.00				No	Not published by OCA		Not published by OCA	Active	2026-09-16	05/31/2028	{}	BASELINE	N/A	$0.00	0.00%	2026-09-16: $1.00
Software & Licenses	OneView Management Software	HPE OCA > DL360 Gen11 [P52499-B21] > Software & Licenses > OneView Management Software	Operating System / License	max 1	0	1	Not Supported ProStack Server Software	S3V87A	Standard	HPE GreenLake for Private Cloud Business Edition w/Alletra STG MP Compatible Servers Tracking	0	1.00				No	Not published by OCA		Not published by OCA	Active	2026-09-16	05/31/2028	{}	BASELINE	N/A	$0.00	0.00%	2026-09-16: $1.00
Software & Licenses	OneView Management Software	HPE OCA > DL360 Gen11 [P52499-B21] > Software & Licenses > OneView Management Software	Service & Support	max 1	0	1	Not Supported ProStack Server Software	S4V16A	Standard	HPE Virtualization Service FIO Software	0	1.00				No	Obsolete (OB)		Not published by OCA	Obsolete (OB)	2026-09-16	2026-09-16	{}	BASELINE	N/A	$0.00	0.00%	2026-09-16: $1.00
Software & Licenses	OneView Management Software	HPE OCA > DL360 Gen11 [P52499-B21] > Software & Licenses > OneView Management Software	Operating System / License	max 1	0	1	Not Supported ProStack Server Software	S6F19A	Standard	HPE Morpheus VM Essentials Software FIO E-LTU	0	1.00				No	Not published by OCA		Not published by OCA	Active	2026-09-16	05/31/2028	{}	BASELINE	N/A	$0.00	0.00%	2026-09-16: $1.00
Software & Licenses	Integrated Lights Out Software	HPE OCA > DL360 Gen11 [P52499-B21] > Software & Licenses > Integrated Lights Out Software	Service & Support	Unlimited	0	Unlimited	Selection constraint for Integrated Lights Out Software: no max	512485-B21	Standard	HPE iLO Advanced 1-server License with 1yr Support on iLO Licensed Features	0	399.00				No	Available		Not published by OCA	Active	2026-09-16	05/31/2028	{}	BASELINE	N/A	$0.00	0.00%	2026-09-16: $399.00
Software & Licenses	Integrated Lights Out Software	HPE OCA > DL360 Gen11 [P52499-B21] > Software & Licenses > Integrated Lights Out Software	Service & Support	Unlimited	0	Unlimited	Selection constraint for Integrated Lights Out Software: no max	BD505A	Standard	HPE iLO Advanced 1-server License with 3yr Support on iLO Licensed Features	1	469.00				No	Available		Not published by OCA	Active	2026-09-16	05/31/2028	{}	BASELINE	N/A	$0.00	0.00%	2026-09-16: $469.00
Software & Licenses	Integrated Lights Out Software	HPE OCA > DL360 Gen11 [P52499-B21] > Software & Licenses > Integrated Lights Out Software	Service & Support	Unlimited	0	Unlimited	Selection constraint for Integrated Lights Out Software: no max	512487-B21	Standard	HPE iLO Advanced AKA Tracking License with 1yr Support on iLO Licensed Features	0	399.00				No	Available		Not published by OCA	Active	2026-09-16	05/31/2028	{}	BASELINE	N/A	$0.00	0.00%	2026-09-16: $399.00
Software & Licenses	Integrated Lights Out Software	HPE OCA > DL360 Gen11 [P52499-B21] > Software & Licenses > Integrated Lights Out Software	Service & Support	Unlimited	0	Unlimited	Selection constraint for Integrated Lights Out Software: no max	BD507A	Standard	HPE iLO Advanced AKA Tracking License with 3yr Support on iLO Licensed Features	0	469.00				No	Available		Not published by OCA	Active	2026-09-16	05/31/2028	{}	BASELINE	N/A	$0.00	0.00%	2026-09-16: $469.00
Software & Licenses	Integrated Lights Out Software	HPE OCA > DL360 Gen11 [P52499-B21] > Software & Licenses > Integrated Lights Out Software	Service & Support	Unlimited	0	Unlimited	Selection constraint for Integrated Lights Out Software: no max	E6U59ABE	Standard	HPE iLO Advanced Electronic License with 1yr Support on iLO Licensed Features	0	399.00				No	Available		Not published by OCA	Active	2026-09-16	05/31/2028	{}	BASELINE	N/A	$0.00	0.00%	2026-09-16: $399.00
Software & Licenses	Integrated Lights Out Software	HPE OCA > DL360 Gen11 [P52499-B21] > Software & Licenses > Integrated Lights Out Software	Service & Support	Unlimited	0	Unlimited	Selection constraint for Integrated Lights Out Software: no max	E6U64ABE	Standard	HPE iLO Advanced Electronic License with 3yr Support on iLO Licensed Features	0	467.00				No	Available		Not published by OCA	Active	2026-09-16	05/31/2028	{}	BASELINE	N/A	$0.00	0.00%	2026-09-16: $467.00
Software & Licenses	Integrated Lights Out Software	HPE OCA > DL360 Gen11 [P52499-B21] > Software & Licenses > Integrated Lights Out Software	Service & Support	Unlimited	0	Unlimited	Selection constraint for Integrated Lights Out Software: no max	512486-B21	Standard	HPE iLO Advanced Flexible Quantity License with 1yr Support on iLO Licensed Features	0	399.00				No	Obsolete (OB)		Not published by OCA	Obsolete (OB)	2026-09-16	2026-09-16	{}	BASELINE	N/A	$0.00	0.00%	2026-09-16: $399.00
Software & Licenses	Integrated Lights Out Software	HPE OCA > DL360 Gen11 [P52499-B21] > Software & Licenses > Integrated Lights Out Software	Service & Support	Unlimited	0	Unlimited	Selection constraint for Integrated Lights Out Software: no max	BD506A	Standard	HPE iLO Advanced Flexible Quantity License with 3yr Support on iLO Licensed Features	0	469.00				No	Obsolete (OB)		Not published by OCA	Obsolete (OB)	2026-09-16	2026-09-16	{}	BASELINE	N/A	$0.00	0.00%	2026-09-16: $469.00
Software & Licenses	Server Management & Operating System Licenses	HPE OCA > DL360 Gen11 [P52499-B21] > Software & Licenses > Server Management & Operating System Licenses	Operating System / License	Unlimited	0	Unlimited	Selection constraint for Hadoop Software: no max	S6L45A	Standard	Microsoft Windows Server 2019 Downgrade Datacenter Reseller Option Kit Japanese ESD LTU	0	20.00				No	Available		Not published by OCA	Active	2026-09-16	05/31/2028	{}	BASELINE	N/A	$0.00	0.00%	2026-09-16: $20.00
Software & Licenses	Server Management & Operating System Licenses	HPE OCA > DL360 Gen11 [P52499-B21] > Software & Licenses > Server Management & Operating System Licenses	Operating System / License	Unlimited	0	Unlimited	Selection constraint for Hadoop Software: no max	S6L44A	Standard	Microsoft Windows Server 2019 Downgrade Standard Reseller Option Kit Japanese ESD LTU	0	20.00				No	Available		Not published by OCA	Active	2026-09-16	05/31/2028	{}	BASELINE	N/A	$0.00	0.00%	2026-09-16: $20.00
Software & Licenses	Server Management & Operating System Licenses	HPE OCA > DL360 Gen11 [P52499-B21] > Software & Licenses > Server Management & Operating System Licenses	Operating System / License	Unlimited	0	Unlimited	Selection constraint for Hadoop Software: no max	S6L41A	Standard	Microsoft Windows Server 2022 Downgrade Standard Reseller Option Kit Japanese ESD LTU	0	33.00				No	Available		Not published by OCA	Active	2026-09-16	05/31/2028	{}	BASELINE	N/A	$0.00	0.00%	2026-09-16: $33.00
Software & Licenses	Hadoop Software	HPE OCA > DL360 Gen11 [P52499-B21] > Software & Licenses > Hadoop Software	Operating System / License	Unlimited	0	Unlimited	Selection constraint for Hadoop Software: no max	P11086-B21	Standard	Microsoft Windows Server 2016 Downgrade Datacenter FIO Not Pre-installed English SW	0	28.00				No	Obsolete (OB)		Not published by OCA	Obsolete (OB)	2026-09-16	2026-09-16	{}	BASELINE	N/A	$0.00	0.00%	2026-09-16: $28.00
Software & Licenses	Hadoop Software	HPE OCA > DL360 Gen11 [P52499-B21] > Software & Licenses > Hadoop Software	Operating System / License	Unlimited	0	Unlimited	Selection constraint for Hadoop Software: no max	P11086-051	Standard	Microsoft Windows Server 2016 Downgrade Datacenter FIO Not Pre-installed French SW	0	28.00				No	Obsolete (OB)		Not published by OCA	Obsolete (OB)	2026-09-16	2026-09-16	{}	BASELINE	N/A	$0.00	0.00%	2026-09-16: $28.00
Software & Licenses	Hadoop Software	HPE OCA > DL360 Gen11 [P52499-B21] > Software & Licenses > Hadoop Software	Operating System / License	Unlimited	0	Unlimited	Selection constraint for Hadoop Software: no max	P11086-041	Standard	Microsoft Windows Server 2016 Downgrade Datacenter FIO Not Pre-installed German SW	0	20.00				No	Obsolete (OB)		Not published by OCA	Obsolete (OB)	2026-09-16	2026-09-16	{}	BASELINE	N/A	$0.00	0.00%	2026-09-16: $20.00
Software & Licenses	Hadoop Software	HPE OCA > DL360 Gen11 [P52499-B21] > Software & Licenses > Hadoop Software	Operating System / License	Unlimited	0	Unlimited	Selection constraint for Hadoop Software: no max	P11086-061	Standard	Microsoft Windows Server 2016 Downgrade Datacenter FIO Not Pre-installed Italian SW	0	20.00				No	Obsolete (OB)		Not published by OCA	Obsolete (OB)	2026-09-16	2026-09-16	{}	BASELINE	N/A	$0.00	0.00%	2026-09-16: $20.00
Software & Licenses	Hadoop Software	HPE OCA > DL360 Gen11 [P52499-B21] > Software & Licenses > Hadoop Software	Operating System / License	Unlimited	0	Unlimited	Selection constraint for Hadoop Software: no max	P11086-291	Standard	Microsoft Windows Server 2016 Downgrade Datacenter FIO Not Pre-installed Japanese SW	0	0.00				No	Obsolete (OB)		Not published by OCA	Obsolete (OB)	2026-09-16	2026-09-16	{}	BASELINE	N/A	$0.00	0.00%	2026-09-16: (no price)
Software & Licenses	Hadoop Software	HPE OCA > DL360 Gen11 [P52499-B21] > Software & Licenses > Hadoop Software	Operating System / License	Unlimited	0	Unlimited	Selection constraint for Hadoop Software: no max	P11086-071	Standard	Microsoft Windows Server 2016 Downgrade Datacenter FIO Not Pre-installed Spanish SW	0	20.00				No	Obsolete (OB)		Not published by OCA	Obsolete (OB)	2026-09-16	2026-09-16	{}	BASELINE	N/A	$0.00	0.00%	2026-09-16: $20.00
Software & Licenses	Hadoop Software	HPE OCA > DL360 Gen11 [P52499-B21] > Software & Licenses > Hadoop Software	Operating System / License	Unlimited	0	Unlimited	Selection constraint for Hadoop Software: no max	P11083-B21	Standard	Microsoft Windows Server 2016 Downgrade Standard FIO Not Pre-installed English SW	0	20.00				No	Obsolete (OB)		Not published by OCA	Obsolete (OB)	2026-09-16	2026-09-16	{}	BASELINE	N/A	$0.00	0.00%	2026-09-16: $20.00
Software & Licenses	Hadoop Software	HPE OCA > DL360 Gen11 [P52499-B21] > Software & Licenses > Hadoop Software	Operating System / License	Unlimited	0	Unlimited	Selection constraint for Hadoop Software: no max	P11083-051	Standard	Microsoft Windows Server 2016 Downgrade Standard FIO Not Pre-installed French SW	0	20.00				No	Obsolete (OB)		Not published by OCA	Obsolete (OB)	2026-09-16	2026-09-16	{}	BASELINE	N/A	$0.00	0.00%	2026-09-16: $20.00
Software & Licenses	Hadoop Software	HPE OCA > DL360 Gen11 [P52499-B21] > Software & Licenses > Hadoop Software	Operating System / License	Unlimited	0	Unlimited	Selection constraint for Hadoop Software: no max	P11083-041	Standard	Microsoft Windows Server 2016 Downgrade Standard FIO Not Pre-installed German SW	0	20.00				No	Obsolete (OB)		Not published by OCA	Obsolete (OB)	2026-09-16	2026-09-16	{}	BASELINE	N/A	$0.00	0.00%	2026-09-16: $20.00
Software & Licenses	Hadoop Software	HPE OCA > DL360 Gen11 [P52499-B21] > Software & Licenses > Hadoop Software	Operating System / License	Unlimited	0	Unlimited	Selection constraint for Hadoop Software: no max	P11083-061	Standard	Microsoft Windows Server 2016 Downgrade Standard FIO Not Pre-installed Italian SW	0	28.00				No	Obsolete (OB)		Not published by OCA	Obsolete (OB)	2026-09-16	2026-09-16	{}	BASELINE	N/A	$0.00	0.00%	2026-09-16: $28.00
Software & Licenses	Hadoop Software	HPE OCA > DL360 Gen11 [P52499-B21] > Software & Licenses > Hadoop Software	Operating System / License	Unlimited	0	Unlimited	Selection constraint for Hadoop Software: no max	P11083-291	Standard	Microsoft Windows Server 2016 Downgrade Standard FIO Not Pre-installed Japanese SW	0	0.00				No	Obsolete (OB)		Not published by OCA	Obsolete (OB)	2026-09-16	2026-09-16	{}	BASELINE	N/A	$0.00	0.00%	2026-09-16: (no price)
Software & Licenses	Hadoop Software	HPE OCA > DL360 Gen11 [P52499-B21] > Software & Licenses > Hadoop Software	Operating System / License	Unlimited	0	Unlimited	Selection constraint for Hadoop Software: no max	P11083-071	Standard	Microsoft Windows Server 2016 Downgrade Standard FIO Not Pre-installed Spanish SW	0	20.00				No	Obsolete (OB)		Not published by OCA	Obsolete (OB)	2026-09-16	2026-09-16	{}	BASELINE	N/A	$0.00	0.00%	2026-09-16: $20.00
Software & Licenses	Hadoop Software	HPE OCA > DL360 Gen11 [P52499-B21] > Software & Licenses > Hadoop Software	Operating System / License	Unlimited	0	Unlimited	Selection constraint for Hadoop Software: no max	P45879-B21	Standard	Microsoft Windows Server 2019 16-core Downgrade Datacenter FIO Not Pre-installed English SW	0	20.00				No	Available		Not published by OCA	Active	2026-09-16	05/31/2028	{}	BASELINE	N/A	$0.00	0.00%	2026-09-16: $20.00
Software & Licenses	Hadoop Software	HPE OCA > DL360 Gen11 [P52499-B21] > Software & Licenses > Hadoop Software	Operating System / License	Unlimited	0	Unlimited	Selection constraint for Hadoop Software: no max	P45879-051	Standard	Microsoft Windows Server 2019 16-core Downgrade Datacenter FIO Not Pre-installed French SW	0	20.00				No	Available		Not published by OCA	Active	2026-09-16	05/31/2028	{}	BASELINE	N/A	$0.00	0.00%	2026-09-16: $20.00
Software & Licenses	Hadoop Software	HPE OCA > DL360 Gen11 [P52499-B21] > Software & Licenses > Hadoop Software	Operating System / License	Unlimited	0	Unlimited	Selection constraint for Hadoop Software: no max	P45879-041	Standard	Microsoft Windows Server 2019 16-core Downgrade Datacenter FIO Not Pre-installed German SW	0	20.00				No	Available		Not published by OCA	Active	2026-09-16	05/31/2028	{}	BASELINE	N/A	$0.00	0.00%	2026-09-16: $20.00
Software & Licenses	Hadoop Software	HPE OCA > DL360 Gen11 [P52499-B21] > Software & Licenses > Hadoop Software	Operating System / License	Unlimited	0	Unlimited	Selection constraint for Hadoop Software: no max	P45879-061	Standard	Microsoft Windows Server 2019 16-core Downgrade Datacenter FIO Not Pre-installed Italian SW	0	20.00				No	Available		Not published by OCA	Active	2026-09-16	05/31/2028	{}	BASELINE	N/A	$0.00	0.00%	2026-09-16: $20.00
Software & Licenses	Hadoop Software	HPE OCA > DL360 Gen11 [P52499-B21] > Software & Licenses > Hadoop Software	Operating System / License	Unlimited	0	Unlimited	Selection constraint for Hadoop Software: no max	P45879-291	Standard	Microsoft Windows Server 2019 16-core Downgrade Datacenter FIO Not Pre-installed Japanese SW	0	99999.00				No	Available		Not published by OCA	Active	2026-09-16	05/31/2028	{}	BASELINE	N/A	$0.00	0.00%	2026-09-16: $99999.00
Software & Licenses	Hadoop Software	HPE OCA > DL360 Gen11 [P52499-B21] > Software & Licenses > Hadoop Software	Operating System / License	Unlimited	0	Unlimited	Selection constraint for Hadoop Software: no max	P45879-071	Standard	Microsoft Windows Server 2019 16-core Downgrade Datacenter FIO Not Pre-installed Spanish SW	0	20.00				No	Available		Not published by OCA	Active	2026-09-16	05/31/2028	{}	BASELINE	N/A	$0.00	0.00%	2026-09-16: $20.00
Software & Licenses	Hadoop Software	HPE OCA > DL360 Gen11 [P52499-B21] > Software & Licenses > Hadoop Software	Operating System / License	Unlimited	0	Unlimited	Selection constraint for Hadoop Software: no max	P45862-B21	Standard	Microsoft Windows Server 2019 16-core Downgrade Standard FIO Not Pre-installed English SW	0	20.00				No	Available		Not published by OCA	Active	2026-09-16	05/31/2028	{}	BASELINE	N/A	$0.00	0.00%	2026-09-16: $20.00
Software & Licenses	Hadoop Software	HPE OCA > DL360 Gen11 [P52499-B21] > Software & Licenses > Hadoop Software	Operating System / License	Unlimited	0	Unlimited	Selection constraint for Hadoop Software: no max	P45862-051	Standard	Microsoft Windows Server 2019 16-core Downgrade Standard FIO Not Pre-installed French SW	0	20.00				No	Available		Not published by OCA	Active	2026-09-16	05/31/2028	{}	BASELINE	N/A	$0.00	0.00%	2026-09-16: $20.00
Software & Licenses	Hadoop Software	HPE OCA > DL360 Gen11 [P52499-B21] > Software & Licenses > Hadoop Software	Operating System / License	Unlimited	0	Unlimited	Selection constraint for Hadoop Software: no max	P45862-041	Standard	Microsoft Windows Server 2019 16-core Downgrade Standard FIO Not Pre-installed German SW	0	20.00				No	Available		Not published by OCA	Active	2026-09-16	05/31/2028	{}	BASELINE	N/A	$0.00	0.00%	2026-09-16: $20.00
Software & Licenses	Hadoop Software	HPE OCA > DL360 Gen11 [P52499-B21] > Software & Licenses > Hadoop Software	Operating System / License	Unlimited	0	Unlimited	Selection constraint for Hadoop Software: no max	P45862-061	Standard	Microsoft Windows Server 2019 16-core Downgrade Standard FIO Not Pre-installed Italian SW	0	20.00				No	Available		Not published by OCA	Active	2026-09-16	05/31/2028	{}	BASELINE	N/A	$0.00	0.00%	2026-09-16: $20.00
Software & Licenses	Hadoop Software	HPE OCA > DL360 Gen11 [P52499-B21] > Software & Licenses > Hadoop Software	Operating System / License	Unlimited	0	Unlimited	Selection constraint for Hadoop Software: no max	P45862-291	Standard	Microsoft Windows Server 2019 16-core Downgrade Standard FIO Not Pre-installed Japanese SW	0	99999.00				No	Available		Not published by OCA	Active	2026-09-16	05/31/2028	{}	BASELINE	N/A	$0.00	0.00%	2026-09-16: $99999.00
Software & Licenses	Hadoop Software	HPE OCA > DL360 Gen11 [P52499-B21] > Software & Licenses > Hadoop Software	Operating System / License	Unlimited	0	Unlimited	Selection constraint for Hadoop Software: no max	P45862-071	Standard	Microsoft Windows Server 2019 16-core Downgrade Standard FIO Not Pre-installed Spanish SW	0	20.00				No	Available		Not published by OCA	Active	2026-09-16	05/31/2028	{}	BASELINE	N/A	$0.00	0.00%	2026-09-16: $20.00
Software & Licenses	Hadoop Software	HPE OCA > DL360 Gen11 [P52499-B21] > Software & Licenses > Hadoop Software	Operating System / License	Unlimited	0	Unlimited	Selection constraint for Hadoop Software: no max	S6L47A	Standard	Microsoft Windows Server 2019 Downgrade Datacenter FIO Not Pre-installed WW ESD LTU	0	20.00				No	Available		Not published by OCA	Active	2026-09-16	05/31/2028	{}	BASELINE	N/A	$0.00	0.00%	2026-09-16: $20.00
Software & Licenses	Hadoop Software	HPE OCA > DL360 Gen11 [P52499-B21] > Software & Licenses > Hadoop Software	Operating System / License	Unlimited	0	Unlimited	Selection constraint for Hadoop Software: no max	S6L46A	Standard	Microsoft Windows Server 2019 Downgrade Standard FIO Not Pre-installed WW ESD LTU	0	20.00				No	Available		Not published by OCA	Active	2026-09-16	05/31/2028	{}	BASELINE	N/A	$0.00	0.00%	2026-09-16: $20.00
Software & Licenses	Hadoop Software	HPE OCA > DL360 Gen11 [P52499-B21] > Software & Licenses > Hadoop Software	Operating System / License	Unlimited	0	Unlimited	Selection constraint for Hadoop Software: no max	P77125-291	Standard	Microsoft Windows Server 2022 Downgrade Datacenter FIO Not Pre-installed Japanese SW	0	0.00				No	Available		Not published by OCA	Active	2026-09-16	05/31/2028	{}	BASELINE	N/A	$0.00	0.00%	2026-09-16: (no price)
Software & Licenses	Hadoop Software	HPE OCA > DL360 Gen11 [P52499-B21] > Software & Licenses > Hadoop Software	Operating System / License	Unlimited	0	Unlimited	Selection constraint for Hadoop Software: no max	S6L48A	Standard	Microsoft Windows Server 2022 Downgrade Datacenter FIO Not Pre-installed WW ESD LTU	0	33.00				No	Available		Not published by OCA	Active	2026-09-16	05/31/2028	{}	BASELINE	N/A	$0.00	0.00%	2026-09-16: $33.00
Software & Licenses	Hadoop Software	HPE OCA > DL360 Gen11 [P52499-B21] > Software & Licenses > Hadoop Software	Operating System / License	Unlimited	0	Unlimited	Selection constraint for Hadoop Software: no max	P77125-B21	Standard	Microsoft Windows Server 2022 Downgrade Datacenter FIO Not Pre-installed WW SW	0	33.00				No	Available		Not published by OCA	Active	2026-09-16	05/31/2028	{}	BASELINE	N/A	$0.00	0.00%	2026-09-16: $33.00
Software & Licenses	Hadoop Software	HPE OCA > DL360 Gen11 [P52499-B21] > Software & Licenses > Hadoop Software	Operating System / License	Unlimited	0	Unlimited	Selection constraint for Hadoop Software: no max	P77124-291	Standard	Microsoft Windows Server 2022 Downgrade Standard FIO Not Pre-installed Japanese SW	0	0.00				No	Available		Not published by OCA	Active	2026-09-16	05/31/2028	{}	BASELINE	N/A	$0.00	0.00%	2026-09-16: (no price)
Software & Licenses	Hadoop Software	HPE OCA > DL360 Gen11 [P52499-B21] > Software & Licenses > Hadoop Software	Operating System / License	Unlimited	0	Unlimited	Selection constraint for Hadoop Software: no max	S6L43A	Standard	Microsoft Windows Server 2022 Downgrade Standard FIO Not Pre-installed WW ESD LTU	0	33.00				No	Available		Not published by OCA	Active	2026-09-16	05/31/2028	{}	BASELINE	N/A	$0.00	0.00%	2026-09-16: $33.00
Software & Licenses	Hadoop Software	HPE OCA > DL360 Gen11 [P52499-B21] > Software & Licenses > Hadoop Software	Operating System / License	Unlimited	0	Unlimited	Selection constraint for Hadoop Software: no max	P77124-B21	Standard	Microsoft Windows Server 2022 Downgrade Standard FIO Not Pre-installed WW SW	0	33.00				No	Available		Not published by OCA	Active	2026-09-16	05/31/2028	{}	BASELINE	N/A	$0.00	0.00%	2026-09-16: $33.00
Software & Licenses	Proliant Software Media Kits	HPE OCA > DL360 Gen11 [P52499-B21] > Software & Licenses > Proliant Software Media Kits	Operating System / License	Unlimited	0	Unlimited	Selection constraint for Proliant Software Media Kits: no max	Q5T84A	Standard	SUSE Linux Enterprise High Availability Extension 1-2 Sockets 1yr Subscription Flexible LTU	0	752.00				No	Available		Not published by OCA	Active	2026-09-16	05/31/2028	{}	BASELINE	N/A	$0.00	0.00%	2026-09-16: $752.00
Software & Licenses	Proliant Software Media Kits	HPE OCA > DL360 Gen11 [P52499-B21] > Software & Licenses > Proliant Software Media Kits	Operating System / License	Unlimited	0	Unlimited	Selection constraint for Proliant Software Media Kits: no max	Q5T85A	Standard	SUSE Linux Enterprise High Availability Extension 1-2 Sockets 5yr Subscription Flexible LTU	0	3390.00				No	Available		Not published by OCA	Active	2026-09-16	05/31/2028	{}	BASELINE	N/A	$0.00	0.00%	2026-09-16: $3390.00
Software & Licenses	Linux Value Added Software	HPE OCA > DL360 Gen11 [P52499-B21] > Software & Licenses > Linux Value Added Software	Operating System / License	Unlimited	0	Unlimited	Selection constraint for Linux Value Added Software: no max	G5J66A	Standard	Red Hat High Availability 2 Sockets Unlimited Guests 1 Year Subscription LTU	0	1370.00				No	Obsolete (OB)		Not published by OCA	Obsolete (OB)	2026-09-16	2026-09-16	{}	BASELINE	N/A	$0.00	0.00%	2026-09-16: $1370.00
Software & Licenses	Linux Value Added Software	HPE OCA > DL360 Gen11 [P52499-B21] > Software & Licenses > Linux Value Added Software	Operating System / License	Unlimited	0	Unlimited	Selection constraint for Linux Value Added Software: no max	S4T26A	Standard	Red Hat High Availability 2 Sockets Unlimited Guests 1-year Subscription LTU	0	1506.00				No	Available		Not published by OCA	Active	2026-09-16	05/31/2028	{}	BASELINE	N/A	$0.00	0.00%	2026-09-16: $1506.00
Software & Licenses	Linux Value Added Software	HPE OCA > DL360 Gen11 [P52499-B21] > Software & Licenses > Linux Value Added Software	Operating System / License	Unlimited	0	Unlimited	Selection constraint for Linux Value Added Software: no max	G5J67A	Standard	Red Hat High Availability 2 Sockets Unlimited Guests 3 Year Subscription LTU	0	3903.00				No	Obsolete (OB)		Not published by OCA	Obsolete (OB)	2026-09-16	2026-09-16	{}	BASELINE	N/A	$0.00	0.00%	2026-09-16: $3903.00
Software & Licenses	Linux Value Added Software	HPE OCA > DL360 Gen11 [P52499-B21] > Software & Licenses > Linux Value Added Software	Operating System / License	Unlimited	0	Unlimited	Selection constraint for Linux Value Added Software: no max	S4T27A	Standard	Red Hat High Availability 2 Sockets Unlimited Guests 3-year Subscription LTU	0	4519.00				No	Available		Not published by OCA	Active	2026-09-16	05/31/2028	{}	BASELINE	N/A	$0.00	0.00%	2026-09-16: $4519.00
Software & Licenses	Linux Value Added Software	HPE OCA > DL360 Gen11 [P52499-B21] > Software & Licenses > Linux Value Added Software	Operating System / License	Unlimited	0	Unlimited	Selection constraint for Linux Value Added Software: no max	G3J34A	Standard	Red Hat High Availability 2 Sockets or 2 Guests 1 Year Subscription LTU	0	439.00				No	Obsolete (OB)		Not published by OCA	Obsolete (OB)	2026-09-16	2026-09-16	{}	BASELINE	N/A	$0.00	0.00%	2026-09-16: $439.00
Software & Licenses	Linux Value Added Software	HPE OCA > DL360 Gen11 [P52499-B21] > Software & Licenses > Linux Value Added Software	Operating System / License	Unlimited	0	Unlimited	Selection constraint for Linux Value Added Software: no max	S4T22A	Standard	Red Hat High Availability 2 Sockets or 2 Guests 1-year Subscription LTU	0	439.00				No	Available		Not published by OCA	Active	2026-09-16	05/31/2028	{}	BASELINE	N/A	$0.00	0.00%	2026-09-16: $439.00
Software & Licenses	Linux Value Added Software	HPE OCA > DL360 Gen11 [P52499-B21] > Software & Licenses > Linux Value Added Software	Operating System / License	Unlimited	0	Unlimited	Selection constraint for Linux Value Added Software: no max	G3J35A	Standard	Red Hat High Availability 2 Sockets or 2 Guests 3 Year Subscription LTU	0	1251.00				No	Obsolete (OB)		Not published by OCA	Obsolete (OB)	2026-09-16	2026-09-16	{}	BASELINE	N/A	$0.00	0.00%	2026-09-16: $1251.00
Software & Licenses	Linux Value Added Software	HPE OCA > DL360 Gen11 [P52499-B21] > Software & Licenses > Linux Value Added Software	Operating System / License	Unlimited	0	Unlimited	Selection constraint for Linux Value Added Software: no max	S4T23A	Standard	Red Hat High Availability 2 Sockets or 2 Guests 3-year Subscription LTU	0	1251.00				No	Available		Not published by OCA	Active	2026-09-16	05/31/2028	{}	BASELINE	N/A	$0.00	0.00%	2026-09-16: $1251.00
Software & Licenses	Linux Value Added Software	HPE OCA > DL360 Gen11 [P52499-B21] > Software & Licenses > Linux Value Added Software	Operating System / License	Unlimited	0	Unlimited	Selection constraint for Linux Value Added Software: no max	G3J36A	Standard	Red Hat Resilient Storage 2 Sockets or 2 Guests 1 Year Subscription LTU	0	879.00				No	Obsolete (OB)		Not published by OCA	Obsolete (OB)	2026-09-16	2026-09-16	{}	BASELINE	N/A	$0.00	0.00%	2026-09-16: $879.00
Software & Licenses	Linux Value Added Software	HPE OCA > DL360 Gen11 [P52499-B21] > Software & Licenses > Linux Value Added Software	Operating System / License	Unlimited	0	Unlimited	Selection constraint for Linux Value Added Software: no max	S4T24A	Standard	Red Hat Resilient Storage 2 Sockets or 2 Guests 1-year Subscription LTU	0	879.00				No	Available		Not published by OCA	Active	2026-09-16	05/31/2028	{}	BASELINE	N/A	$0.00	0.00%	2026-09-16: $879.00
Software & Licenses	Linux Value Added Software	HPE OCA > DL360 Gen11 [P52499-B21] > Software & Licenses > Linux Value Added Software	Operating System / License	Unlimited	0	Unlimited	Selection constraint for Linux Value Added Software: no max	G3J37A	Standard	Red Hat Resilient Storage 2 Sockets or 2 Guests 3 Year Subscription LTU	0	2505.00				No	Obsolete (OB)		Not published by OCA	Obsolete (OB)	2026-09-16	2026-09-16	{}	BASELINE	N/A	$0.00	0.00%	2026-09-16: $2505.00
Software & Licenses	Linux Value Added Software	HPE OCA > DL360 Gen11 [P52499-B21] > Software & Licenses > Linux Value Added Software	Operating System / License	Unlimited	0	Unlimited	Selection constraint for Linux Value Added Software: no max	S4T25A	Standard	Red Hat Resilient Storage 2 Sockets or 2 Guests 3-year Subscription LTU	0	2637.00				No	Available		Not published by OCA	Active	2026-09-16	05/31/2028	{}	BASELINE	N/A	$0.00	0.00%	2026-09-16: $2637.00
Software & Licenses	Linux Value Added Software	HPE OCA > DL360 Gen11 [P52499-B21] > Software & Licenses > Linux Value Added Software	Operating System / License	Unlimited	0	Unlimited	Selection constraint for Linux Value Added Software: no max	R2A03A	Standard	Red Hat Satellite 2 Sockets Unlimited Guests 1yr Subscription Flexible LTU	0	1482.00				No	Available		Not published by OCA	Active	2026-09-16	05/31/2028	{}	BASELINE	N/A	$0.00	0.00%	2026-09-16: $1482.00
Software & Licenses	Linux Value Added Software	HPE OCA > DL360 Gen11 [P52499-B21] > Software & Licenses > Linux Value Added Software	Operating System / License	Unlimited	0	Unlimited	Selection constraint for Linux Value Added Software: no max	R2A04A	Standard	Red Hat Satellite 2 Sockets Unlimited Guests 3-year Subscription Flexible LTU	0	4447.00				No	Available		Not published by OCA	Active	2026-09-16	05/31/2028	{}	BASELINE	N/A	$0.00	0.00%	2026-09-16: $4447.00
Software & Licenses	Linux Value Added Software	HPE OCA > DL360 Gen11 [P52499-B21] > Software & Licenses > Linux Value Added Software	Operating System / License	Unlimited	0	Unlimited	Selection constraint for Linux Value Added Software: no max	R2A05A	Standard	Red Hat Satellite 2 Sockets Unlimited Guests 5-year Subscription Flexible LTU	0	7411.00				No	Available		Not published by OCA	Active	2026-09-16	05/31/2028	{}	BASELINE	N/A	$0.00	0.00%	2026-09-16: $7411.00
Software & Licenses	Linux Value Added Software	HPE OCA > DL360 Gen11 [P52499-B21] > Software & Licenses > Linux Value Added Software	Operating System / License	Unlimited	0	Unlimited	Selection constraint for Linux Value Added Software: no max	R2A00A	Standard	Red Hat Satellite 2 Sockets or 2 Guests 1yr Subscription Flexible LTU	0	385.00				No	Available		Not published by OCA	Active	2026-09-16	05/31/2028	{}	BASELINE	N/A	$0.00	0.00%	2026-09-16: $385.00
Software & Licenses	Linux Value Added Software	HPE OCA > DL360 Gen11 [P52499-B21] > Software & Licenses > Linux Value Added Software	Operating System / License	Unlimited	0	Unlimited	Selection constraint for Linux Value Added Software: no max	R2A01A	Standard	Red Hat Satellite 2 Sockets or 2 Guests 3-year Subscription Flexible LTU	0	1097.00				No	Available		Not published by OCA	Active	2026-09-16	05/31/2028	{}	BASELINE	N/A	$0.00	0.00%	2026-09-16: $1097.00
Software & Licenses	Linux Value Added Software	HPE OCA > DL360 Gen11 [P52499-B21] > Software & Licenses > Linux Value Added Software	Operating System / License	Unlimited	0	Unlimited	Selection constraint for Linux Value Added Software: no max	R2A02A	Standard	Red Hat Satellite 2 Sockets or 2 Guests 5-year Subscription Flexible LTU	0	1828.00				No	Available		Not published by OCA	Active	2026-09-16	05/31/2028	{}	BASELINE	N/A	$0.00	0.00%	2026-09-16: $1828.00
Accessories & Infrastructure	Accessories & Infrastructure Options	HPE OCA > DL360 Gen11 [P52499-B21] > Accessories & Infrastructure > Accessories & Infrastructure Options	Option Component	Unlimited	0	Unlimited	Selection constraint for HPC Software Products: no max	Q9V62A	Standard	HPE Performance Cluster Manager Media Kit	0	49.00				No	Obsolete (OB)		Not published by OCA	Obsolete (OB)	2026-09-16	2026-09-16	{}	BASELINE	N/A	$0.00	0.00%	2026-09-16: $49.00
Software & Licenses	HPC Software Products	HPE OCA > DL360 Gen11 [P52499-B21] > Software & Licenses > HPC Software Products	Service & Support	Unlimited	0	Unlimited	Selection constraint for HPC Software Products: no max	Q2A48A	Standard	HPE Performance Message Passing Interface for 1 Socket 3yr Support LTU	0	249.00				No	Available		Not published by OCA	Active	2026-09-16	05/31/2028	{}	BASELINE	N/A	$0.00	0.00%	2026-09-16: $249.00
Software & Licenses	HPC Software Products	HPE OCA > DL360 Gen11 [P52499-B21] > Software & Licenses > HPC Software Products	Operating System / License	Unlimited	0	Unlimited	Selection constraint for HPC Software Products: no max	Q9V61A	Standard	HPE Performance Cluster Manager FIO Software	0	1.00				No	Available		Not published by OCA	Active	2026-09-16	05/31/2028	{}	BASELINE	N/A	$0.00	0.00%	2026-09-16: $1.00
Software & Licenses	HPC Software Products	HPE OCA > DL360 Gen11 [P52499-B21] > Software & Licenses > HPC Software Products	Operating System / License	Unlimited	0	Unlimited	Selection constraint for HPC Software Products: no max	R1Z69A	Standard	SUSE Linux Enterprise Server 15 FIO Software	0	1.00				No	Available		Not published by OCA	Active	2026-09-16	05/31/2028	{}	BASELINE	N/A	$0.00	0.00%	2026-09-16: $1.00
Software & Licenses	HPC Software Products	HPE OCA > DL360 Gen11 [P52499-B21] > Software & Licenses > HPC Software Products	Operating System / License	Unlimited	0	Unlimited	Selection constraint for HPC Software Products: no max	R4T04A	Standard	Red Hat Enterprise Linux 8 FIO Software	0	1.00				No	Obsolete (OB)		Not published by OCA	Obsolete (OB)	2026-09-16	2026-09-16	{}	BASELINE	N/A	$0.00	0.00%	2026-09-16: $1.00
Software & Licenses	HPC Software Products	HPE OCA > DL360 Gen11 [P52499-B21] > Software & Licenses > HPC Software Products	Service & Support	Unlimited	0	Unlimited	Selection constraint for HPC Software Products: no max	S2M19A	Standard	Intel oneAPI Base and HPC Premium Support Maximum 63 Nodes up to 10 Developers 1-year LTU	0	23466.00				No	Obsolete (OB)		Not published by OCA	Obsolete (OB)	2026-09-16	2026-09-16	{}	BASELINE	N/A	$0.00	0.00%	2026-09-16: $23466.00
Software & Licenses	HPC Software Products	HPE OCA > DL360 Gen11 [P52499-B21] > Software & Licenses > HPC Software Products	Service & Support	Unlimited	0	Unlimited	Selection constraint for HPC Software Products: no max	S2M21A	Standard	Intel oneAPI Base and HPC Premium Support Maximum 63 Nodes up to 25 Developers 1-year LTU	0	46916.00				No	Obsolete (OB)		Not published by OCA	Obsolete (OB)	2026-09-16	2026-09-16	{}	BASELINE	N/A	$0.00	0.00%	2026-09-16: $46916.00
Software & Licenses	HPC Software Products	HPE OCA > DL360 Gen11 [P52499-B21] > Software & Licenses > HPC Software Products	Service & Support	Unlimited	0	Unlimited	Selection constraint for HPC Software Products: no max	S2M23A	Standard	Intel oneAPI Base and HPC Premium Support Maximum 63 Nodes up to 50 Developers 1-year LTU	0	70366.00				No	Obsolete (OB)		Not published by OCA	Obsolete (OB)	2026-09-16	2026-09-16	{}	BASELINE	N/A	$0.00	0.00%	2026-09-16: $70366.00
Software & Licenses	HPC Software Products	HPE OCA > DL360 Gen11 [P52499-B21] > Software & Licenses > HPC Software Products	Service & Support	Unlimited	0	Unlimited	Selection constraint for HPC Software Products: no max	S2M25A	Standard	Intel oneAPI Base and HPC Premium Support Maximum 63 Nodes up to 10 Developers 3-year LTU	0	39921.00				No	Obsolete (OB)		Not published by OCA	Obsolete (OB)	2026-09-16	2026-09-16	{}	BASELINE	N/A	$0.00	0.00%	2026-09-16: $39921.00
Software & Licenses	HPC Software Products	HPE OCA > DL360 Gen11 [P52499-B21] > Software & Licenses > HPC Software Products	Service & Support	Unlimited	0	Unlimited	Selection constraint for HPC Software Products: no max	S2M27A	Standard	Intel oneAPI Base and HPC Premium Support Maximum 63 Nodes up to 25 Developers 3-year LTU	0	79746.00				No	Obsolete (OB)		Not published by OCA	Obsolete (OB)	2026-09-16	2026-09-16	{}	BASELINE	N/A	$0.00	0.00%	2026-09-16: $79746.00
Software & Licenses	HPC Software Products	HPE OCA > DL360 Gen11 [P52499-B21] > Software & Licenses > HPC Software Products	Service & Support	Unlimited	0	Unlimited	Selection constraint for HPC Software Products: no max	S2M29A	Standard	Intel oneAPI Base and HPC Premium Support Maximum 63 Nodes up to 50 Developers 3-year LTU	0	119571.00				No	Obsolete (OB)		Not published by OCA	Obsolete (OB)	2026-09-16	2026-09-16	{}	BASELINE	N/A	$0.00	0.00%	2026-09-16: $119571.00
Software & Licenses	HPC Software Products	HPE OCA > DL360 Gen11 [P52499-B21] > Software & Licenses > HPC Software Products	Service & Support	Unlimited	0	Unlimited	Selection constraint for HPC Software Products: no max	S2M31A	Standard	Intel oneAPI Base and HPC Support Max 63 Nodes up to 10 Developers 1yr Renewal Pre-expiration LTU	0	14884.00				No	Obsolete (OB)		Not published by OCA	Obsolete (OB)	2026-09-16	2026-09-16	{}	BASELINE	N/A	$0.00	0.00%	2026-09-16: $14884.00
Software & Licenses	HPC Software Products	HPE OCA > DL360 Gen11 [P52499-B21] > Software & Licenses > HPC Software Products	Service & Support	Unlimited	0	Unlimited	Selection constraint for HPC Software Products: no max	S2M32A	Standard	Intel oneAPI Base and HPC Support Max 63 Nodes up to 10 Developers 1yr Renewal Post-expiration LTU	0	29615.00				No	Obsolete (OB)		Not published by OCA	Obsolete (OB)	2026-09-16	2026-09-16	{}	BASELINE	N/A	$0.00	0.00%	2026-09-16: $29615.00
Software & Licenses	HPC Software Products	HPE OCA > DL360 Gen11 [P52499-B21] > Software & Licenses > HPC Software Products	Service & Support	Unlimited	0	Unlimited	Selection constraint for HPC Software Products: no max	S2M33A	Standard	Intel oneAPI Base and HPC Support Max 63 Nodes up to 25 Developers 1yr Renewal Pre-expiration LTU	0	29615.00				No	Obsolete (OB)		Not published by OCA	Obsolete (OB)	2026-09-16	2026-09-16	{}	BASELINE	N/A	$0.00	0.00%	2026-09-16: $29615.00
Software & Licenses	HPC Software Products	HPE OCA > DL360 Gen11 [P52499-B21] > Software & Licenses > HPC Software Products	Service & Support	Unlimited	0	Unlimited	Selection constraint for HPC Software Products: no max	S2M34A	Standard	Intel oneAPI Base and HPC Support Max 63 Nodes up to 25 Developers 1yr Renewal Post-expiration LTU	0	59072.00				No	Obsolete (OB)		Not published by OCA	Obsolete (OB)	2026-09-16	2026-09-16	{}	BASELINE	N/A	$0.00	0.00%	2026-09-16: $59072.00
Software & Licenses	HPC Software Products	HPE OCA > DL360 Gen11 [P52499-B21] > Software & Licenses > HPC Software Products	Service & Support	Unlimited	0	Unlimited	Selection constraint for HPC Software Products: no max	S2M35A	Standard	Intel oneAPI Base and HPC Support Max 63 Nodes up to 50 Developers 1yr Renewal Pre-expiration LTU	0	44343.00				No	Obsolete (OB)		Not published by OCA	Obsolete (OB)	2026-09-16	2026-09-16	{}	BASELINE	N/A	$0.00	0.00%	2026-09-16: $44343.00
Software & Licenses	HPC Software Products	HPE OCA > DL360 Gen11 [P52499-B21] > Software & Licenses > HPC Software Products	Service & Support	Unlimited	0	Unlimited	Selection constraint for HPC Software Products: no max	S2M36A	Standard	Intel oneAPI Base and HPC Support Max 63 Nodes up to 50 Developers 1yr Renewal Post-expiration LTU	0	88674.00				No	Obsolete (OB)		Not published by OCA	Obsolete (OB)	2026-09-16	2026-09-16	{}	BASELINE	N/A	$0.00	0.00%	2026-09-16: $88674.00
Software & Licenses	HPC Software Products	HPE OCA > DL360 Gen11 [P52499-B21] > Software & Licenses > HPC Software Products	Service & Support	Unlimited	0	Unlimited	Selection constraint for HPC Software Products: no max	S2M37A	Standard	Intel oneAPI Base and HPC Premium Support 64-256 Nodes 1-year LTU	0	119609.00				No	Obsolete (OB)		Not published by OCA	Obsolete (OB)	2026-09-16	2026-09-16	{}	BASELINE	N/A	$0.00	0.00%	2026-09-16: $119609.00
Software & Licenses	HPC Software Products	HPE OCA > DL360 Gen11 [P52499-B21] > Software & Licenses > HPC Software Products	Service & Support	Unlimited	0	Unlimited	Selection constraint for HPC Software Products: no max	S2M39A	Standard	Intel oneAPI Base and HPC Premium Support 64-256 Nodes 3-year LTU	0	203256.00				No	Obsolete (OB)		Not published by OCA	Obsolete (OB)	2026-09-16	2026-09-16	{}	BASELINE	N/A	$0.00	0.00%	2026-09-16: $203256.00
Software & Licenses	HPC Software Products	HPE OCA > DL360 Gen11 [P52499-B21] > Software & Licenses > HPC Software Products	Service & Support	Unlimited	0	Unlimited	Selection constraint for HPC Software Products: no max	S2M41A	Standard	Intel oneAPI Base and HPC Premium Support 64-256 Nodes 4-year LTU	0	243905.00				No	Obsolete (OB)		Not published by OCA	Obsolete (OB)	2026-09-16	2026-09-16	{}	BASELINE	N/A	$0.00	0.00%	2026-09-16: $243905.00
Software & Licenses	HPC Software Products	HPE OCA > DL360 Gen11 [P52499-B21] > Software & Licenses > HPC Software Products	Service & Support	Unlimited	0	Unlimited	Selection constraint for HPC Software Products: no max	S2M43A	Standard	Intel oneAPI Base and HPC Premium Support 64-256 Nodes 5-year LTU	0	264229.00				No	Obsolete (OB)		Not published by OCA	Obsolete (OB)	2026-09-16	2026-09-16	{}	BASELINE	N/A	$0.00	0.00%	2026-09-16: $264229.00
Software & Licenses	HPC Software Products	HPE OCA > DL360 Gen11 [P52499-B21] > Software & Licenses > HPC Software Products	Service & Support	Unlimited	0	Unlimited	Selection constraint for HPC Software Products: no max	S2M45A	Standard	Intel oneAPI Base and HPC Premium Support 257-512 Nodes 1-year LTU	0	158299.00				No	Obsolete (OB)		Not published by OCA	Obsolete (OB)	2026-09-16	2026-09-16	{}	BASELINE	N/A	$0.00	0.00%	2026-09-16: $158299.00
Software & Licenses	HPC Software Products	HPE OCA > DL360 Gen11 [P52499-B21] > Software & Licenses > HPC Software Products	Service & Support	Unlimited	0	Unlimited	Selection constraint for HPC Software Products: no max	S2M47A	Standard	Intel oneAPI Base and HPC Premium Support 257-512 Nodes 3-year LTU	0	269011.00				No	Obsolete (OB)		Not published by OCA	Obsolete (OB)	2026-09-16	2026-09-16	{}	BASELINE	N/A	$0.00	0.00%	2026-09-16: $269011.00
Software & Licenses	HPC Software Products	HPE OCA > DL360 Gen11 [P52499-B21] > Software & Licenses > HPC Software Products	Service & Support	Unlimited	0	Unlimited	Selection constraint for HPC Software Products: no max	S2M49A	Standard	Intel oneAPI Base and HPC Premium Support 257-512 Nodes 4-year LTU	0	322811.00				No	Obsolete (OB)		Not published by OCA	Obsolete (OB)	2026-09-16	2026-09-16	{}	BASELINE	N/A	$0.00	0.00%	2026-09-16: $322811.00
Software & Licenses	HPC Software Products	HPE OCA > DL360 Gen11 [P52499-B21] > Software & Licenses > HPC Software Products	Service & Support	Unlimited	0	Unlimited	Selection constraint for HPC Software Products: no max	S2M51A	Standard	Intel oneAPI Base and HPC Premium Support 257-512 Nodes 5-year LTU	0	349711.00				No	Obsolete (OB)		Not published by OCA	Obsolete (OB)	2026-09-16	2026-09-16	{}	BASELINE	N/A	$0.00	0.00%	2026-09-16: $349711.00
Software & Licenses	HPC Software Products	HPE OCA > DL360 Gen11 [P52499-B21] > Software & Licenses > HPC Software Products	Service & Support	Unlimited	0	Unlimited	Selection constraint for HPC Software Products: no max	S2M53A	Standard	Intel oneAPI Base and HPC Premium Support 512+ Nodes 1-year LTU	0	246235.00				No	Obsolete (OB)		Not published by OCA	Obsolete (OB)	2026-09-16	2026-09-16	{}	BASELINE	N/A	$0.00	0.00%	2026-09-16: $246235.00
Software & Licenses	HPC Software Products	HPE OCA > DL360 Gen11 [P52499-B21] > Software & Licenses > HPC Software Products	Service & Support	Unlimited	0	Unlimited	Selection constraint for HPC Software Products: no max	S2M55A	Standard	Intel oneAPI Base and HPC Premium Support 512+ Nodes 3-year LTU	0	418455.00				No	Obsolete (OB)		Not published by OCA	Obsolete (OB)	2026-09-16	2026-09-16	{}	BASELINE	N/A	$0.00	0.00%	2026-09-16: $418455.00
Software & Licenses	HPC Software Products	HPE OCA > DL360 Gen11 [P52499-B21] > Software & Licenses > HPC Software Products	Service & Support	Unlimited	0	Unlimited	Selection constraint for HPC Software Products: no max	S2M57A	Standard	Intel oneAPI Base and HPC Premium Support 512+ Nodes 4-year LTU	0	502140.00				No	Obsolete (OB)		Not published by OCA	Obsolete (OB)	2026-09-16	2026-09-16	{}	BASELINE	N/A	$0.00	0.00%	2026-09-16: $502140.00
Software & Licenses	HPC Software Products	HPE OCA > DL360 Gen11 [P52499-B21] > Software & Licenses > HPC Software Products	Service & Support	Unlimited	0	Unlimited	Selection constraint for HPC Software Products: no max	S2M59A	Standard	Intel oneAPI Base and HPC Premium Support 512+ Nodes 5-year LTU	0	543984.00				No	Obsolete (OB)		Not published by OCA	Obsolete (OB)	2026-09-16	2026-09-16	{}	BASELINE	N/A	$0.00	0.00%	2026-09-16: $543984.00
Software & Licenses	HPC Software Products	HPE OCA > DL360 Gen11 [P52499-B21] > Software & Licenses > HPC Software Products	Service & Support	Unlimited	0	Unlimited	Selection constraint for HPC Software Products: no max	S2M61A	Standard	Intel oneAPI Base and HPC Support 64-256 Nodes 1-year Renewal Pre-expiration LTU	0	79803.00				No	Obsolete (OB)		Not published by OCA	Obsolete (OB)	2026-09-16	2026-09-16	{}	BASELINE	N/A	$0.00	0.00%	2026-09-16: $79803.00
Software & Licenses	HPC Software Products	HPE OCA > DL360 Gen11 [P52499-B21] > Software & Licenses > HPC Software Products	Service & Support	Unlimited	0	Unlimited	Selection constraint for HPC Software Products: no max	S2M62A	Standard	Intel oneAPI Base and HPC Support 257-512 Nodes 1-year Renewal Pre-expiration LTU	0	104184.00				No	Obsolete (OB)		Not published by OCA	Obsolete (OB)	2026-09-16	2026-09-16	{}	BASELINE	N/A	$0.00	0.00%	2026-09-16: $104184.00
Software & Licenses	HPC Software Products	HPE OCA > DL360 Gen11 [P52499-B21] > Software & Licenses > HPC Software Products	Service & Support	Unlimited	0	Unlimited	Selection constraint for HPC Software Products: no max	S2M63A	Standard	Intel oneAPI Base and HPC Support 512+ Nodes 1-year Renewal Pre-expiration LTU	0	159593.00				No	Obsolete (OB)		Not published by OCA	Obsolete (OB)	2026-09-16	2026-09-16	{}	BASELINE	N/A	$0.00	0.00%	2026-09-16: $159593.00
Support Services	Support Services Options	HPE OCA > DL360 Gen11 [P52499-B21] > Support Services > Support Services Options	Service & Support	Unlimited	0	Unlimited	Selection constraint for High Availability Computing - Cluster Software: no max	BB086AA	Standard	HPE Serviceguard Continentalclusters for Linux Media Kit	0	50.00				No	Obsolete (OB)		Not published by OCA	Obsolete (OB)	2026-09-16	2026-09-16	{}	BASELINE	N/A	$0.00	0.00%	2026-09-16: $50.00
Software & Licenses	High Availability Computing - Cluster Software	HPE OCA > DL360 Gen11 [P52499-B21] > Software & Licenses > High Availability Computing - Cluster Software	Service & Support	Unlimited	0	Unlimited	Selection constraint for High Availability Computing - Cluster Software: no max	BB094AA	Standard	HPE Serviceguard for Linux x86 Base DVD Media	0	50.00				No	Obsolete (OB)		Not published by OCA	Obsolete (OB)	2026-09-16	2026-09-16	{}	BASELINE	N/A	$0.00	0.00%	2026-09-16: $50.00
Software & Licenses	High Availability Computing - Cluster Software	HPE OCA > DL360 Gen11 [P52499-B21] > Software & Licenses > High Availability Computing - Cluster Software	Service & Support	Unlimited	0	Unlimited	Selection constraint for High Availability Computing - Cluster Software: no max	BB094AC	Standard	HPE Serviceguard for Linux x86 1yr 24x7 Base PSL Flexible LTU	0	2583.00				No	Obsolete (OB)		Not published by OCA	Obsolete (OB)	2026-09-16	2026-09-16	{}	BASELINE	N/A	$0.00	0.00%	2026-09-16: $2583.00
Software & Licenses	High Availability Computing - Cluster Software	HPE OCA > DL360 Gen11 [P52499-B21] > Software & Licenses > High Availability Computing - Cluster Software	Service & Support	Unlimited	0	Unlimited	Selection constraint for High Availability Computing - Cluster Software: no max	BB094ACE	Standard	HPE Serviceguard for Linux x86 1yr 24x7 Base PSL E-LTU	0	2583.00				No	Obsolete (OB)		Not published by OCA	Obsolete (OB)	2026-09-16	2026-09-16	{}	BASELINE	N/A	$0.00	0.00%	2026-09-16: $2583.00
Software & Licenses	High Availability Computing - Cluster Software	HPE OCA > DL360 Gen11 [P52499-B21] > Software & Licenses > High Availability Computing - Cluster Software	Service & Support	Unlimited	0	Unlimited	Selection constraint for High Availability Computing - Cluster Software: no max	BB095AA	Standard	HPE Serviceguard for Linux x86 Advanced DVD Media	0	50.00				No	Obsolete (OB)		Not published by OCA	Obsolete (OB)	2026-09-16	2026-09-16	{}	BASELINE	N/A	$0.00	0.00%	2026-09-16: $50.00
Software & Licenses	High Availability Computing - Cluster Software	HPE OCA > DL360 Gen11 [P52499-B21] > Software & Licenses > High Availability Computing - Cluster Software	Service & Support	Unlimited	0	Unlimited	Selection constraint for High Availability Computing - Cluster Software: no max	BB095AC	Standard	HPE Serviceguard for Linux x86 1yr 24x7 Advanced PSL Flexible LTU	0	3653.00				No	Obsolete (OB)		Not published by OCA	Obsolete (OB)	2026-09-16	2026-09-16	{}	BASELINE	N/A	$0.00	0.00%	2026-09-16: $3653.00
Software & Licenses	High Availability Computing - Cluster Software	HPE OCA > DL360 Gen11 [P52499-B21] > Software & Licenses > High Availability Computing - Cluster Software	Service & Support	Unlimited	0	Unlimited	Selection constraint for High Availability Computing - Cluster Software: no max	BB095ACE	Standard	HPE Serviceguard for Linux x86 1yr 24x7 Advanced PSL E-LTU	0	3653.00				No	Obsolete (OB)		Not published by OCA	Obsolete (OB)	2026-09-16	2026-09-16	{}	BASELINE	N/A	$0.00	0.00%	2026-09-16: $3653.00
Software & Licenses	High Availability Computing - Cluster Software	HPE OCA > DL360 Gen11 [P52499-B21] > Software & Licenses > High Availability Computing - Cluster Software	Service & Support	Unlimited	0	Unlimited	Selection constraint for High Availability Computing - Cluster Software: no max	BB096AC	Standard	HPE Serviceguard for Linux x86 Advanced PSL Flexible LTU Upgrade from SGLX Base PSL LTU	0	1070.00				No	Obsolete (OB)		Not published by OCA	Obsolete (OB)	2026-09-16	2026-09-16	{}	BASELINE	N/A	$0.00	0.00%	2026-09-16: $1070.00
Software & Licenses	High Availability Computing - Cluster Software	HPE OCA > DL360 Gen11 [P52499-B21] > Software & Licenses > High Availability Computing - Cluster Software	Service & Support	Unlimited	0	Unlimited	Selection constraint for High Availability Computing - Cluster Software: no max	BB097AA	Standard	HPE Serviceguard for Linux x86 Enterprise DVD Media	0	50.00				No	Obsolete (OB)		Not published by OCA	Obsolete (OB)	2026-09-16	2026-09-16	{}	BASELINE	N/A	$0.00	0.00%	2026-09-16: $50.00
Software & Licenses	High Availability Computing - Cluster Software	HPE OCA > DL360 Gen11 [P52499-B21] > Software & Licenses > High Availability Computing - Cluster Software	Service & Support	Unlimited	0	Unlimited	Selection constraint for High Availability Computing - Cluster Software: no max	BB097AC	Standard	HPE Serviceguard for Linux x86 1yr 24x7 Enterprise PSL Flexible LTU	0	4760.00				No	Obsolete (OB)		Not published by OCA	Obsolete (OB)	2026-09-16	2026-09-16	{}	BASELINE	N/A	$0.00	0.00%	2026-09-16: $4760.00
Software & Licenses	High Availability Computing - Cluster Software	HPE OCA > DL360 Gen11 [P52499-B21] > Software & Licenses > High Availability Computing - Cluster Software	Service & Support	Unlimited	0	Unlimited	Selection constraint for High Availability Computing - Cluster Software: no max	BB097ACE	Standard	HPE Serviceguard for Linux x86 1yr 24x7 Enterprise PSL E-LTU	0	4760.00				No	Obsolete (OB)		Not published by OCA	Obsolete (OB)	2026-09-16	2026-09-16	{}	BASELINE	N/A	$0.00	0.00%	2026-09-16: $4760.00
Software & Licenses	High Availability Computing - Cluster Software	HPE OCA > DL360 Gen11 [P52499-B21] > Software & Licenses > High Availability Computing - Cluster Software	Service & Support	Unlimited	0	Unlimited	Selection constraint for High Availability Computing - Cluster Software: no max	BB098AC	Standard	HPE Serviceguard for Linux x86 Enterprise PSL Flexible LTU Upgrade from SGLX Base PSL LTU	0	2177.00				No	Obsolete (OB)		Not published by OCA	Obsolete (OB)	2026-09-16	2026-09-16	{}	BASELINE	N/A	$0.00	0.00%	2026-09-16: $2177.00
Software & Licenses	High Availability Computing - Cluster Software	HPE OCA > DL360 Gen11 [P52499-B21] > Software & Licenses > High Availability Computing - Cluster Software	Service & Support	Unlimited	0	Unlimited	Selection constraint for High Availability Computing - Cluster Software: no max	BB099AC	Standard	HPE Serviceguard for Linux x86 Enterprise PSL Flexible LTU Upgrade from SGLX Advanced PSL LTU	0	1107.00				No	Obsolete (OB)		Not published by OCA	Obsolete (OB)	2026-09-16	2026-09-16	{}	BASELINE	N/A	$0.00	0.00%	2026-09-16: $1107.00
Software & Licenses	High Availability Computing - Cluster Software	HPE OCA > DL360 Gen11 [P52499-B21] > Software & Licenses > High Availability Computing - Cluster Software	Operating System / License	Unlimited	0	Unlimited	Selection constraint for High Availability Computing - Cluster Software: no max	BB100AC	Standard	HPE Continentalcluster for Linux x86 1yr 24x7 PSL Flexible LTU	0	962.00				No	Obsolete (OB)		Not published by OCA	Obsolete (OB)	2026-09-16	2026-09-16	{}	BASELINE	N/A	$0.00	0.00%	2026-09-16: $962.00
Software & Licenses	High Availability Computing - Cluster Software	HPE OCA > DL360 Gen11 [P52499-B21] > Software & Licenses > High Availability Computing - Cluster Software	Operating System / License	Unlimited	0	Unlimited	Selection constraint for High Availability Computing - Cluster Software: no max	BB100ACE	Standard	HPE Continentalcluster for Linux x86 1yr 24x7 PSL Flexible E-LTU	0	962.00				No	Obsolete (OB)		Not published by OCA	Obsolete (OB)	2026-09-16	2026-09-16	{}	BASELINE	N/A	$0.00	0.00%	2026-09-16: $962.00
Software & Licenses	High Availability Computing - Cluster Software	HPE OCA > DL360 Gen11 [P52499-B21] > Software & Licenses > High Availability Computing - Cluster Software	Service & Support	Unlimited	0	Unlimited	Selection constraint for High Availability Computing - Cluster Software: no max	R7Q01AC	Standard	HPE Serviceguard for Linux x86 Premium for SAP HANA 1-year 24x7 Support Perpetual PSL Flexible LTU	0	6430.00				No	Obsolete (OB)		Not published by OCA	Obsolete (OB)	2026-09-16	2026-09-16	{}	BASELINE	N/A	$0.00	0.00%	2026-09-16: $6430.00
Software & Licenses	High Availability Computing - Cluster Software	HPE OCA > DL360 Gen11 [P52499-B21] > Software & Licenses > High Availability Computing - Cluster Software	Operating System / License	Unlimited	0	Unlimited	Selection constraint for High Availability Computing - Cluster Software: no max	R7Q02A	Standard	HPE SGLX Prem Media	0	50.00				No	Obsolete (OB)		Not published by OCA	Obsolete (OB)	2026-09-16	2026-09-16	{}	BASELINE	N/A	$0.00	0.00%	2026-09-16: $50.00
Software & Licenses	High Availability Computing - Cluster Software	HPE OCA > DL360 Gen11 [P52499-B21] > Software & Licenses > High Availability Computing - Cluster Software	Service & Support	Unlimited	0	Unlimited	Selection constraint for High Availability Computing - Cluster Software: no max	R8V48A	Standard	HPE Serviceguard for Linux x86 Flex Storage Add-On Media	0	50.00				No	Obsolete (OB)		Not published by OCA	Obsolete (OB)	2026-09-16	2026-09-16	{}	BASELINE	N/A	$0.00	0.00%	2026-09-16: $50.00
Software & Licenses	Partner Software - Operating System 8pks	HPE OCA > DL360 Gen11 [P52499-B21] > Software & Licenses > Partner Software - Operating System 8pks	Operating System / License	max 30969	0	30969	Selection constraint for Partner Software - Operating System 8pks: max 30969	R1P40A	Standard	Red Hat Enterprise Linux for HPC Compute Node 1yr Subscription Flexible LTU	0	87.00				No	Available		Not published by OCA	Active	2026-09-16	05/31/2028	{}	BASELINE	N/A	$0.00	0.00%	2026-09-16: $87.00
Software & Licenses	Partner Software - Operating System 8pks	HPE OCA > DL360 Gen11 [P52499-B21] > Software & Licenses > Partner Software - Operating System 8pks	Operating System / License	max 30969	0	30969	Selection constraint for Partner Software - Operating System 8pks: max 30969	R1P41A	Standard	Red Hat Enterprise Linux for HPC Compute Node 3yr Subscription Flexible LTU	0	248.00				No	Available		Not published by OCA	Active	2026-09-16	05/31/2028	{}	BASELINE	N/A	$0.00	0.00%	2026-09-16: $248.00
Software & Licenses	Partner Software - Operating System 8pks	HPE OCA > DL360 Gen11 [P52499-B21] > Software & Licenses > Partner Software - Operating System 8pks	Operating System / License	max 30969	0	30969	Selection constraint for Partner Software - Operating System 8pks: max 30969	R1P42A	Standard	Red Hat Enterprise Linux for HPC Compute Node 5yr Subscription Flexible LTU	0	413.00				No	Available		Not published by OCA	Active	2026-09-16	05/31/2028	{}	BASELINE	N/A	$0.00	0.00%	2026-09-16: $413.00
Software & Licenses	Partner Software - Operating System 8pks	HPE OCA > DL360 Gen11 [P52499-B21] > Software & Licenses > Partner Software - Operating System 8pks	Service & Support	max 30969	0	30969	Selection constraint for Partner Software - Operating System 8pks: max 30969	R1P34A	Standard	Red Hat Enterprise Linux for HPC Head Node 1yr Subscription 24x7 Support Flexible LTU	0	2858.00				No	Available		Not published by OCA	Active	2026-09-16	05/31/2028	{}	BASELINE	N/A	$0.00	0.00%	2026-09-16: $2858.00
Software & Licenses	Partner Software - Operating System 8pks	HPE OCA > DL360 Gen11 [P52499-B21] > Software & Licenses > Partner Software - Operating System 8pks	Service & Support	max 30969	0	30969	Selection constraint for Partner Software - Operating System 8pks: max 30969	R1P37A	Standard	Red Hat Enterprise Linux for HPC Head Node 1yr Subscription 9x5 Support Flexible LTU	0	1758.00				No	Available		Not published by OCA	Active	2026-09-16	05/31/2028	{}	BASELINE	N/A	$0.00	0.00%	2026-09-16: $1758.00
Software & Licenses	Partner Software - Operating System 8pks	HPE OCA > DL360 Gen11 [P52499-B21] > Software & Licenses > Partner Software - Operating System 8pks	Service & Support	max 30969	0	30969	Selection constraint for Partner Software - Operating System 8pks: max 30969	R1P35A	Standard	Red Hat Enterprise Linux for HPC Head Node 3yr Subscription 24x7 Support Flexible LTU	0	8145.00				No	Available		Not published by OCA	Active	2026-09-16	05/31/2028	{}	BASELINE	N/A	$0.00	0.00%	2026-09-16: $8145.00
Software & Licenses	Partner Software - Operating System 8pks	HPE OCA > DL360 Gen11 [P52499-B21] > Software & Licenses > Partner Software - Operating System 8pks	Service & Support	max 30969	0	30969	Selection constraint for Partner Software - Operating System 8pks: max 30969	R1P38A	Standard	Red Hat Enterprise Linux for HPC Head Node 3yr Subscription 9x5 Support Flexible LTU	0	5010.00				No	Available		Not published by OCA	Active	2026-09-16	05/31/2028	{}	BASELINE	N/A	$0.00	0.00%	2026-09-16: $5010.00
Software & Licenses	Partner Software - Operating System 8pks	HPE OCA > DL360 Gen11 [P52499-B21] > Software & Licenses > Partner Software - Operating System 8pks	Service & Support	max 30969	0	30969	Selection constraint for Partner Software - Operating System 8pks: max 30969	R1P36A	Standard	Red Hat Enterprise Linux for HPC Head Node 5yr Subscription 24x7 Support Flexible LTU	0	13575.00				No	Available		Not published by OCA	Active	2026-09-16	05/31/2028	{}	BASELINE	N/A	$0.00	0.00%	2026-09-16: $13575.00
Software & Licenses	Partner Software - Operating System 8pks	HPE OCA > DL360 Gen11 [P52499-B21] > Software & Licenses > Partner Software - Operating System 8pks	Service & Support	max 30969	0	30969	Selection constraint for Partner Software - Operating System 8pks: max 30969	R1P39A	Standard	Red Hat Enterprise Linux for HPC Head Node 5yr Subscription 9x5 Support Flexible LTU	0	8350.00				No	Available		Not published by OCA	Active	2026-09-16	05/31/2028	{}	BASELINE	N/A	$0.00	0.00%	2026-09-16: $8350.00
Software & Licenses	Partner Software - Operating System 8pks	HPE OCA > DL360 Gen11 [P52499-B21] > Software & Licenses > Partner Software - Operating System 8pks	Service & Support	max 30969	0	30969	Selection constraint for Partner Software - Operating System 8pks: max 30969	R8R77A	Standard	SUSE Linux Enterprise Server HPC 1-2 Sockets 3-year Subscription 24x7 Support LTU	0	408.00				No	Obsolete (OB)		Not published by OCA	Obsolete (OB)	2026-09-16	2026-09-16	{}	BASELINE	N/A	$0.00	0.00%	2026-09-16: $408.00
Software & Licenses	Server Management & Operating System Licenses	HPE OCA > DL360 Gen11 [P52499-B21] > Software & Licenses > Server Management & Operating System Licenses	Operating System / License	Unlimited	0	Unlimited	Selection constraint for Server Management & Operating System Licenses: no max	P46172-AA1	Standard	Microsoft Windows Server 2022 10-core Essentials Reseller Option Kit Chinese Simplified SW	0	99999.00				No	Obsolete (OB)		Not published by OCA	Obsolete (OB)	2026-09-16	2026-09-16	{}	BASELINE	N/A	$0.00	0.00%	2026-09-16: $99999.00
Software & Licenses	Server Management & Operating System Licenses	HPE OCA > DL360 Gen11 [P52499-B21] > Software & Licenses > Server Management & Operating System Licenses	Operating System / License	Unlimited	0	Unlimited	Selection constraint for Server Management & Operating System Licenses: no max	P46172-AB1	Standard	Microsoft Windows Server 2022 10-core Essentials Reseller Option Kit Chinese Traditional SW	0	99999.00				No	Obsolete (OB)		Not published by OCA	Obsolete (OB)	2026-09-16	2026-09-16	{}	BASELINE	N/A	$0.00	0.00%	2026-09-16: $99999.00
Software & Licenses	Server Management & Operating System Licenses	HPE OCA > DL360 Gen11 [P52499-B21] > Software & Licenses > Server Management & Operating System Licenses	Operating System / License	Unlimited	0	Unlimited	Selection constraint for Server Management & Operating System Licenses: no max	P46172-371	Standard	Microsoft Windows Server 2022 10-core Essentials Reseller Option Kit English/Korean/Japanese SW	0	99999.00				No	Obsolete (OB)		Not published by OCA	Obsolete (OB)	2026-09-16	2026-09-16	{}	BASELINE	N/A	$0.00	0.00%	2026-09-16: $99999.00
Software & Licenses	Server Management & Operating System Licenses	HPE OCA > DL360 Gen11 [P52499-B21] > Software & Licenses > Server Management & Operating System Licenses	Operating System / License	Unlimited	0	Unlimited	Selection constraint for Server Management & Operating System Licenses: no max	P46172-021	Standard	Microsoft Windows Server 2022 10-core Essentials Reseller Option Kit en/cs/pl/ru/sv SW	0	394.00				No	Obsolete (OB)		Not published by OCA	Obsolete (OB)	2026-09-16	2026-09-16	{}	BASELINE	N/A	$0.00	0.00%	2026-09-16: $394.00
Software & Licenses	Server Management & Operating System Licenses	HPE OCA > DL360 Gen11 [P52499-B21] > Software & Licenses > Server Management & Operating System Licenses	Operating System / License	Unlimited	0	Unlimited	Selection constraint for Server Management & Operating System Licenses: no max	P46172-A21	Standard	Microsoft Windows Server 2022 10-core Essentials Reseller Option Kit en/fr/it/de/es/nl/pt SW	0	407.00				No	Obsolete (OB)		Not published by OCA	Obsolete (OB)	2026-09-16	2026-09-16	{}	BASELINE	N/A	$0.00	0.00%	2026-09-16: $407.00
Software & Licenses	Server Management & Operating System Licenses	HPE OCA > DL360 Gen11 [P52499-B21] > Software & Licenses > Server Management & Operating System Licenses	Operating System / License	Unlimited	0	Unlimited	Selection constraint for Server Management & Operating System Licenses: no max	P46123-AA1	Standard	Microsoft Windows Server 2022 16-core Datacenter Reseller Option Kit Chinese Simplified SW	0	99999.00				No	Obsolete (OB)		Not published by OCA	Obsolete (OB)	2026-09-16	2026-09-16	{}	BASELINE	N/A	$0.00	0.00%	2026-09-16: $99999.00
Software & Licenses	Server Management & Operating System Licenses	HPE OCA > DL360 Gen11 [P52499-B21] > Software & Licenses > Server Management & Operating System Licenses	Operating System / License	Unlimited	0	Unlimited	Selection constraint for Server Management & Operating System Licenses: no max	P46123-AB1	Standard	Microsoft Windows Server 2022 16-core Datacenter Reseller Option Kit Chinese Traditional SW	0	99999.00				No	Obsolete (OB)		Not published by OCA	Obsolete (OB)	2026-09-16	2026-09-16	{}	BASELINE	N/A	$0.00	0.00%	2026-09-16: $99999.00
Software & Licenses	Server Management & Operating System Licenses	HPE OCA > DL360 Gen11 [P52499-B21] > Software & Licenses > Server Management & Operating System Licenses	Operating System / License	Unlimited	0	Unlimited	Selection constraint for Server Management & Operating System Licenses: no max	P46123-371	Standard	Microsoft Windows Server 2022 16-core Datacenter Reseller Option Kit English/Korean/Japanese SW	0	99999.00				No	Obsolete (OB)		Not published by OCA	Obsolete (OB)	2026-09-16	2026-09-16	{}	BASELINE	N/A	$0.00	0.00%	2026-09-16: $99999.00
Software & Licenses	Server Management & Operating System Licenses	HPE OCA > DL360 Gen11 [P52499-B21] > Software & Licenses > Server Management & Operating System Licenses	Operating System / License	Unlimited	0	Unlimited	Selection constraint for Server Management & Operating System Licenses: no max	P46123-021	Standard	Microsoft Windows Server 2022 16-core Datacenter Reseller Option Kit en/cs/pl/ru/sv SW	0	4946.00				No	Obsolete (OB)		Not published by OCA	Obsolete (OB)	2026-09-16	2026-09-16	{}	BASELINE	N/A	$0.00	0.00%	2026-09-16: $4946.00
Software & Licenses	Server Management & Operating System Licenses	HPE OCA > DL360 Gen11 [P52499-B21] > Software & Licenses > Server Management & Operating System Licenses	Operating System / License	Unlimited	0	Unlimited	Selection constraint for Server Management & Operating System Licenses: no max	P46123-A21	Standard	Microsoft Windows Server 2022 16-core Datacenter Reseller Option Kit en/fr/it/de/es/nl/pt SW	0	4946.00				No	Obsolete (OB)		Not published by OCA	Obsolete (OB)	2026-09-16	2026-09-16	{}	BASELINE	N/A	$0.00	0.00%	2026-09-16: $4946.00
Software & Licenses	Server Management & Operating System Licenses	HPE OCA > DL360 Gen11 [P52499-B21] > Software & Licenses > Server Management & Operating System Licenses	Operating System / License	Unlimited	0	Unlimited	Selection constraint for Server Management & Operating System Licenses: no max	P46128-B21	Standard	Microsoft Windows Server 2022 16-core Datacenter w/Reassignment Reseller Option Kit en/fr/de/es SW	0	7260.00				No	Obsolete (OB)		Not published by OCA	Obsolete (OB)	2026-09-16	2026-09-16	{}	BASELINE	N/A	$0.00	0.00%	2026-09-16: $7260.00
Software & Licenses	Server Management & Operating System Licenses	HPE OCA > DL360 Gen11 [P52499-B21] > Software & Licenses > Server Management & Operating System Licenses	Operating System / License	Unlimited	0	Unlimited	Selection constraint for Server Management & Operating System Licenses: no max	P46128-291	Standard	Microsoft Windows Server 2022 16-core Datacenter with Reassignment Reseller Option Kit Japanese SW	0	99999.00				No	Obsolete (OB)		Not published by OCA	Obsolete (OB)	2026-09-16	2026-09-16	{}	BASELINE	N/A	$0.00	0.00%	2026-09-16: $99999.00
Software & Licenses	Server Management & Operating System Licenses	HPE OCA > DL360 Gen11 [P52499-B21] > Software & Licenses > Server Management & Operating System Licenses	Operating System / License	Unlimited	0	Unlimited	Selection constraint for Server Management & Operating System Licenses: no max	P46171-AA1	Standard	Microsoft Windows Server 2022 16-core Standard Reseller Option Kit Chinese Simplified SW	0	99999.00				No	Obsolete (OB)		Not published by OCA	Obsolete (OB)	2026-09-16	2026-09-16	{}	BASELINE	N/A	$0.00	0.00%	2026-09-16: $99999.00
Software & Licenses	Server Management & Operating System Licenses	HPE OCA > DL360 Gen11 [P52499-B21] > Software & Licenses > Server Management & Operating System Licenses	Operating System / License	Unlimited	0	Unlimited	Selection constraint for Server Management & Operating System Licenses: no max	P46171-AB1	Standard	Microsoft Windows Server 2022 16-core Standard Reseller Option Kit Chinese Traditional SW	0	99999.00				No	Obsolete (OB)		Not published by OCA	Obsolete (OB)	2026-09-16	2026-09-16	{}	BASELINE	N/A	$0.00	0.00%	2026-09-16: $99999.00
Software & Licenses	Server Management & Operating System Licenses	HPE OCA > DL360 Gen11 [P52499-B21] > Software & Licenses > Server Management & Operating System Licenses	Operating System / License	Unlimited	0	Unlimited	Selection constraint for Server Management & Operating System Licenses: no max	P46171-371	Standard	Microsoft Windows Server 2022 16-core Standard Reseller Option Kit English/Korean/Japanese SW	0	99999.00				No	Obsolete (OB)		Not published by OCA	Obsolete (OB)	2026-09-16	2026-09-16	{}	BASELINE	N/A	$0.00	0.00%	2026-09-16: $99999.00
Software & Licenses	Server Management & Operating System Licenses	HPE OCA > DL360 Gen11 [P52499-B21] > Software & Licenses > Server Management & Operating System Licenses	Operating System / License	Unlimited	0	Unlimited	Selection constraint for Server Management & Operating System Licenses: no max	P46171-021	Standard	Microsoft Windows Server 2022 16-core Standard Reseller Option Kit en/cs/pl/ru/sv SW	0	988.00				No	Obsolete (OB)		Not published by OCA	Obsolete (OB)	2026-09-16	2026-09-16	{}	BASELINE	N/A	$0.00	0.00%	2026-09-16: $988.00
Software & Licenses	Server Management & Operating System Licenses	HPE OCA > DL360 Gen11 [P52499-B21] > Software & Licenses > Server Management & Operating System Licenses	Operating System / License	Unlimited	0	Unlimited	Selection constraint for Server Management & Operating System Licenses: no max	P46171-A21	Standard	Microsoft Windows Server 2022 16-core Standard Reseller Option Kit en/fr/it/de/es/nl/pt SW	0	988.00				No	Obsolete (OB)		Not published by OCA	Obsolete (OB)	2026-09-16	2026-09-16	{}	BASELINE	N/A	$0.00	0.00%	2026-09-16: $988.00
Software & Licenses	Server Management & Operating System Licenses	HPE OCA > DL360 Gen11 [P52499-B21] > Software & Licenses > Server Management & Operating System Licenses	Operating System / License	Unlimited	0	Unlimited	Selection constraint for Server Management & Operating System Licenses: no max	P77103-AA1	Standard	Microsoft Windows Server 2025 10-core Essentials Reseller Option Kit Chinese Simplified SW	0	0.00				No	Available		Not published by OCA	Active	2026-09-16	05/31/2028	{}	BASELINE	N/A	$0.00	0.00%	2026-09-16: (no price)
Software & Licenses	Server Management & Operating System Licenses	HPE OCA > DL360 Gen11 [P52499-B21] > Software & Licenses > Server Management & Operating System Licenses	Operating System / License	Unlimited	0	Unlimited	Selection constraint for Server Management & Operating System Licenses: no max	P77103-AB1	Standard	Microsoft Windows Server 2025 10-core Essentials Reseller Option Kit Chinese Traditional SW	0	0.00				No	Available		Not published by OCA	Active	2026-09-16	05/31/2028	{}	BASELINE	N/A	$0.00	0.00%	2026-09-16: (no price)
Software & Licenses	Server Management & Operating System Licenses	HPE OCA > DL360 Gen11 [P52499-B21] > Software & Licenses > Server Management & Operating System Licenses	Operating System / License	Unlimited	0	Unlimited	Selection constraint for Server Management & Operating System Licenses: no max	P77103-291	Standard	Microsoft Windows Server 2025 10-core Essentials Reseller Option Kit Japanese SW	0	0.00				No	Available		Not published by OCA	Active	2026-09-16	05/31/2028	{}	BASELINE	N/A	$0.00	0.00%	2026-09-16: (no price)
Software & Licenses	Server Management & Operating System Licenses	HPE OCA > DL360 Gen11 [P52499-B21] > Software & Licenses > Server Management & Operating System Licenses	Operating System / License	Unlimited	0	Unlimited	Selection constraint for Server Management & Operating System Licenses: no max	S6L39A	Standard	Microsoft Windows Server 2025 10-core Essentials Reseller Option Kit WW ESD LTU	0	445.00				No	Available		Not published by OCA	Active	2026-09-16	05/31/2028	{}	BASELINE	N/A	$0.00	0.00%	2026-09-16: $445.00
Software & Licenses	Server Management & Operating System Licenses	HPE OCA > DL360 Gen11 [P52499-B21] > Software & Licenses > Server Management & Operating System Licenses	Operating System / License	Unlimited	0	Unlimited	Selection constraint for Server Management & Operating System Licenses: no max	P77103-021	Standard	Microsoft Windows Server 2025 10-core Essentials Reseller Option Kit en/cs/pl/ru/sv SW	0	0.00				No	Available		Not published by OCA	Active	2026-09-16	05/31/2028	{}	BASELINE	N/A	$0.00	0.00%	2026-09-16: (no price)
Software & Licenses	Server Management & Operating System Licenses	HPE OCA > DL360 Gen11 [P52499-B21] > Software & Licenses > Server Management & Operating System Licenses	Operating System / License	Unlimited	0	Unlimited	Selection constraint for Server Management & Operating System Licenses: no max	P77103-A21	Standard	Microsoft Windows Server 2025 10-core Essentials Reseller Option Kit en/fr/de/es/it/pt/nl SW	0	0.00				No	Available		Not published by OCA	Active	2026-09-16	05/31/2028	{}	BASELINE	N/A	$0.00	0.00%	2026-09-16: (no price)
Software & Licenses	Server Management & Operating System Licenses	HPE OCA > DL360 Gen11 [P52499-B21] > Software & Licenses > Server Management & Operating System Licenses	Operating System / License	Unlimited	0	Unlimited	Selection constraint for Server Management & Operating System Licenses: no max	P77103-371	Standard	Microsoft Windows Server 2025 10-core Essentials Reseller Option Kit en/ko SW	0	0.00				No	Available		Not published by OCA	Active	2026-09-16	05/31/2028	{}	BASELINE	N/A	$0.00	0.00%	2026-09-16: (no price)
Software & Licenses	Server Management & Operating System Licenses	HPE OCA > DL360 Gen11 [P52499-B21] > Software & Licenses > Server Management & Operating System Licenses	Operating System / License	Unlimited	0	Unlimited	Selection constraint for Server Management & Operating System Licenses: no max	P77102-291	Standard	Microsoft Windows Server 2025 16-core Datacenter Reassignment Reseller Option Kit Japanese SW	0	0.00				No	Available		Not published by OCA	Active	2026-09-16	05/31/2028	{}	BASELINE	N/A	$0.00	0.00%	2026-09-16: (no price)
Software & Licenses	Server Management & Operating System Licenses	HPE OCA > DL360 Gen11 [P52499-B21] > Software & Licenses > Server Management & Operating System Licenses	Operating System / License	Unlimited	0	Unlimited	Selection constraint for Server Management & Operating System Licenses: no max	S6L37A	Standard	Microsoft Windows Server 2025 16-core Datacenter Reassignment Reseller Option Kit WW ESD LTU	0	7733.00				No	Available		Not published by OCA	Active	2026-09-16	05/31/2028	{}	BASELINE	N/A	$0.00	0.00%	2026-09-16: $7733.00
Software & Licenses	Server Management & Operating System Licenses	HPE OCA > DL360 Gen11 [P52499-B21] > Software & Licenses > Server Management & Operating System Licenses	Operating System / License	Unlimited	0	Unlimited	Selection constraint for Server Management & Operating System Licenses: no max	P77102-B21	Standard	Microsoft Windows Server 2025 16-core Datacenter Reassignment Reseller Option Kit en/fr/de/es SW	0	7733.00				No	Available		Not published by OCA	Active	2026-09-16	05/31/2028	{}	BASELINE	N/A	$0.00	0.00%	2026-09-16: $7733.00
Software & Licenses	Server Management & Operating System Licenses	HPE OCA > DL360 Gen11 [P52499-B21] > Software & Licenses > Server Management & Operating System Licenses	Operating System / License	Unlimited	0	Unlimited	Selection constraint for Server Management & Operating System Licenses: no max	P77101-AA1	Standard	Microsoft Windows Server 2025 16-core Datacenter Reseller Option Kit Chinese Simplified SW	0	0.00				No	Available		Not published by OCA	Active	2026-09-16	05/31/2028	{}	BASELINE	N/A	$0.00	0.00%	2026-09-16: (no price)
Software & Licenses	Server Management & Operating System Licenses	HPE OCA > DL360 Gen11 [P52499-B21] > Software & Licenses > Server Management & Operating System Licenses	Operating System / License	Unlimited	0	Unlimited	Selection constraint for Server Management & Operating System Licenses: no max	P77101-AB1	Standard	Microsoft Windows Server 2025 16-core Datacenter Reseller Option Kit Chinese Traditional SW	0	0.00				No	Available		Not published by OCA	Active	2026-09-16	05/31/2028	{}	BASELINE	N/A	$0.00	0.00%	2026-09-16: (no price)
Software & Licenses	Server Management & Operating System Licenses	HPE OCA > DL360 Gen11 [P52499-B21] > Software & Licenses > Server Management & Operating System Licenses	Operating System / License	Unlimited	0	Unlimited	Selection constraint for Server Management & Operating System Licenses: no max	P77101-291	Standard	Microsoft Windows Server 2025 16-core Datacenter Reseller Option Kit Japanese SW	0	0.00				No	Available		Not published by OCA	Active	2026-09-16	05/31/2028	{}	BASELINE	N/A	$0.00	0.00%	2026-09-16: (no price)
Software & Licenses	Server Management & Operating System Licenses	HPE OCA > DL360 Gen11 [P52499-B21] > Software & Licenses > Server Management & Operating System Licenses	Operating System / License	Unlimited	0	Unlimited	Selection constraint for Server Management & Operating System Licenses: no max	S6L36A	Standard	Microsoft Windows Server 2025 16-core Datacenter Reseller Option Kit WW ESD LTU	0	5712.00				No	Available		Not published by OCA	Active	2026-09-16	05/31/2028	{}	BASELINE	N/A	$0.00	0.00%	2026-09-16: $5712.00
Software & Licenses	Server Management & Operating System Licenses	HPE OCA > DL360 Gen11 [P52499-B21] > Software & Licenses > Server Management & Operating System Licenses	Operating System / License	Unlimited	0	Unlimited	Selection constraint for Server Management & Operating System Licenses: no max	P77101-021	Standard	Microsoft Windows Server 2025 16-core Datacenter Reseller Option Kit en/cs/pl/ru/sv SW	0	5712.00				No	Available		Not published by OCA	Active	2026-09-16	05/31/2028	{}	BASELINE	N/A	$0.00	0.00%	2026-09-16: $5712.00
Software & Licenses	Server Management & Operating System Licenses	HPE OCA > DL360 Gen11 [P52499-B21] > Software & Licenses > Server Management & Operating System Licenses	Operating System / License	Unlimited	0	Unlimited	Selection constraint for Server Management & Operating System Licenses: no max	P77101-A21	Standard	Microsoft Windows Server 2025 16-core Datacenter Reseller Option Kit en/fr/de/es/it/pt/nl SW	0	5712.00				No	Available		Not published by OCA	Active	2026-09-16	05/31/2028	{}	BASELINE	N/A	$0.00	0.00%	2026-09-16: $5712.00
Software & Licenses	Server Management & Operating System Licenses	HPE OCA > DL360 Gen11 [P52499-B21] > Software & Licenses > Server Management & Operating System Licenses	Operating System / License	Unlimited	0	Unlimited	Selection constraint for Server Management & Operating System Licenses: no max	P77101-371	Standard	Microsoft Windows Server 2025 16-core Datacenter Reseller Option Kit en/ko SW	0	0.00				No	Available		Not published by OCA	Active	2026-09-16	05/31/2028	{}	BASELINE	N/A	$0.00	0.00%	2026-09-16: (no price)
Software & Licenses	Server Management & Operating System Licenses	HPE OCA > DL360 Gen11 [P52499-B21] > Software & Licenses > Server Management & Operating System Licenses	Operating System / License	Unlimited	0	Unlimited	Selection constraint for Server Management & Operating System Licenses: no max	P77100-AA1	Standard	Microsoft Windows Server 2025 16-core Standard Reseller Option Kit Chinese Simplified SW	0	0.00				No	Available		Not published by OCA	Active	2026-09-16	05/31/2028	{}	BASELINE	N/A	$0.00	0.00%	2026-09-16: (no price)
Software & Licenses	Server Management & Operating System Licenses	HPE OCA > DL360 Gen11 [P52499-B21] > Software & Licenses > Server Management & Operating System Licenses	Operating System / License	Unlimited	0	Unlimited	Selection constraint for Server Management & Operating System Licenses: no max	P77100-AB1	Standard	Microsoft Windows Server 2025 16-core Standard Reseller Option Kit Chinese Traditional SW	0	0.00				No	Available		Not published by OCA	Active	2026-09-16	05/31/2028	{}	BASELINE	N/A	$0.00	0.00%	2026-09-16: (no price)
Software & Licenses	Server Management & Operating System Licenses	HPE OCA > DL360 Gen11 [P52499-B21] > Software & Licenses > Server Management & Operating System Licenses	Operating System / License	Unlimited	0	Unlimited	Selection constraint for Server Management & Operating System Licenses: no max	P77100-291	Standard	Microsoft Windows Server 2025 16-core Standard Reseller Option Kit Japanese SW	0	0.00				No	Available		Not published by OCA	Active	2026-09-16	05/31/2028	{}	BASELINE	N/A	$0.00	0.00%	2026-09-16: (no price)
Software & Licenses	Server Management & Operating System Licenses	HPE OCA > DL360 Gen11 [P52499-B21] > Software & Licenses > Server Management & Operating System Licenses	Operating System / License	Unlimited	0	Unlimited	Selection constraint for Server Management & Operating System Licenses: no max	S6L38A	Standard	Microsoft Windows Server 2025 16-core Standard Reseller Option Kit WW ESD LTU	0	1147.00				No	Available		Not published by OCA	Active	2026-09-16	05/31/2028	{}	BASELINE	N/A	$0.00	0.00%	2026-09-16: $1147.00
Software & Licenses	Server Management & Operating System Licenses	HPE OCA > DL360 Gen11 [P52499-B21] > Software & Licenses > Server Management & Operating System Licenses	Operating System / License	Unlimited	0	Unlimited	Selection constraint for Server Management & Operating System Licenses: no max	P77100-021	Standard	Microsoft Windows Server 2025 16-core Standard Reseller Option Kit en/cs/pl/ru/sv SW	0	1147.00				No	Available		Not published by OCA	Active	2026-09-16	05/31/2028	{}	BASELINE	N/A	$0.00	0.00%	2026-09-16: $1147.00
Software & Licenses	Server Management & Operating System Licenses	HPE OCA > DL360 Gen11 [P52499-B21] > Software & Licenses > Server Management & Operating System Licenses	Operating System / License	Unlimited	0	Unlimited	Selection constraint for Server Management & Operating System Licenses: no max	P77100-A21	Standard	Microsoft Windows Server 2025 16-core Standard Reseller Option Kit en/fr/de/es/it/pt/nl SW	0	1147.00				No	Available		Not published by OCA	Active	2026-09-16	05/31/2028	{}	BASELINE	N/A	$0.00	0.00%	2026-09-16: $1147.00
Software & Licenses	Server Management & Operating System Licenses	HPE OCA > DL360 Gen11 [P52499-B21] > Software & Licenses > Server Management & Operating System Licenses	Operating System / License	Unlimited	0	Unlimited	Selection constraint for Server Management & Operating System Licenses: no max	P77100-371	Standard	Microsoft Windows Server 2025 16-core Standard Reseller Option Kit en/ko SW	0	0.00				No	Available		Not published by OCA	Active	2026-09-16	05/31/2028	{}	BASELINE	N/A	$0.00	0.00%	2026-09-16: (no price)