Main Category	Sub-Category	Hierarchy Path	Component Role	Constraint Text	Subcategory Min Qty	Subcategory Max Qty	Table Rule/Note	Product #	Option Type	Description	Current Qty	Unit Price (USD)	Price Delta (USD)	Extended Price (USD)	Price per GB (USD)	HPE Recommended	Availability	Lead Time	Lead Time Source	Lifecycle Status	Start Date	Discontinued Date	Vendor Attributes (JSON)	Diff Status	Previous List Price (USD)	Price Change (USD)	Price Change (%)	Price History Trail
Support Services	Manufacturing Services	HPE OCA > DL360 Gen11 [P52499-B21] > Support Services > Manufacturing Services	Cable Kit	max 1	0	1	Selection constraint for Manufacturing Services: max 1	469774-409	Standard	HPE Remove Standard Power Cords	0	1.00				No	Available		Not published by OCA	Active	2026-09-16	05/31/2028	{}	BASELINE	N/A	$0.00	0.00%	2026-09-16: $1.00
Storage Controllers	INTEL VROC Products-BTO	HPE OCA > DL360 Gen11 [P52499-B21] > Storage Controllers > INTEL VROC Products-BTO	Storage Controller	Unlimited	0	Unlimited	Selection constraint for INTEL VROC Products-BTO: no max	R7J59AAE	Service	Intel Virtual RAID on CPU Premium E-RTU for HPE	0	0.00				No	Available		Not published by OCA	Active	2026-09-16	05/31/2028	{}	BASELINE	N/A	$0.00	0.00%	2026-09-16: (no price)
Storage Controllers	INTEL VROC Products-BTO	HPE OCA > DL360 Gen11 [P52499-B21] > Storage Controllers > INTEL VROC Products-BTO	Storage Controller	Unlimited	0	Unlimited	Selection constraint for INTEL VROC Products-BTO: no max	S0E38AAE	Service	Intel Virtual RAID on CPU Standard E-RTU for HPE	0	0.00				No	Obsolete (OB)		Not published by OCA	Obsolete (OB)	2026-09-16	2026-09-16	{}	BASELINE	N/A	$0.00	0.00%	2026-09-16: (no price)
Storage Controllers	INTEL VROC Products-BTO	HPE OCA > DL360 Gen11 [P52499-B21] > Storage Controllers > INTEL VROC Products-BTO	Storage Controller	Unlimited	0	Unlimited	Selection constraint for INTEL VROC Products-BTO: no max	S3Q39AAE	Service	Intel Virtual RAID on CPU RAID 1 E-RTU for HPE	0	0.00				No	Available		Not published by OCA	Active	2026-09-16	05/31/2028	{}	BASELINE	N/A	$0.00	0.00%	2026-09-16: (no price)
Support Services	Hybrid RAID Options	HPE OCA > DL360 Gen11 [P52499-B21] > Support Services > Hybrid RAID Options	Service & Support	Unlimited	0	Unlimited	Selection constraint for Hybrid RAID Options: no max	R6A06AAE	Service	Pensando Distributed Services Platform Enterprise 1-year Renewal Subscription 24x7 Support E-RTU	0	0.00				No	Available		Not published by OCA	Active	2026-09-16	05/31/2028	{}	BASELINE	N/A	$0.00	0.00%	2026-09-16: (no price)
Support Services	Hybrid RAID Options	HPE OCA > DL360 Gen11 [P52499-B21] > Support Services > Hybrid RAID Options	Service & Support	Unlimited	0	Unlimited	Selection constraint for Hybrid RAID Options: no max	R6A07AAE	Service	Pensando Distributed Services Platform Enterprise 3-year Subscription 24x7 Support E-RTU	0	0.00				No	Available		Not published by OCA	Active	2026-09-16	05/31/2028	{}	BASELINE	N/A	$0.00	0.00%	2026-09-16: (no price)
Support Services	Hybrid RAID Options	HPE OCA > DL360 Gen11 [P52499-B21] > Support Services > Hybrid RAID Options	Service & Support	Unlimited	0	Unlimited	Selection constraint for Hybrid RAID Options: no max	R6A08AAE	Service	Pensando Distributed Services Platform Enterprise 5-year Subscription 24x7 Support E-RTU	0	0.00				No	Available		Not published by OCA	Active	2026-09-16	05/31/2028	{}	BASELINE	N/A	$0.00	0.00%	2026-09-16: (no price)
Support Services	Hybrid RAID Options	HPE OCA > DL360 Gen11 [P52499-B21] > Support Services > Hybrid RAID Options	Service & Support	Unlimited	0	Unlimited	Selection constraint for Hybrid RAID Options: no max	R6A09AAE	Service	Pensando Distributed Services Platform Enterprise Pro 1-year Renewal Subscription 24x7 Support E-RTU	0	0.00				No	Available		Not published by OCA	Active	2026-09-16	05/31/2028	{}	BASELINE	N/A	$0.00	0.00%	2026-09-16: (no price)
Support Services	Hybrid RAID Options	HPE OCA > DL360 Gen11 [P52499-B21] > Support Services > Hybrid RAID Options	Service & Support	Unlimited	0	Unlimited	Selection constraint for Hybrid RAID Options: no max	R6A10AAE	Service	Pensando Distributed Services Platform Enterprise Pro 3-year Subscription 24x7 Support E-RTU	0	0.00				No	Available		Not published by OCA	Active	2026-09-16	05/31/2028	{}	BASELINE	N/A	$0.00	0.00%	2026-09-16: (no price)
Support Services	Hybrid RAID Options	HPE OCA > DL360 Gen11 [P52499-B21] > Support Services > Hybrid RAID Options	Service & Support	Unlimited	0	Unlimited	Selection constraint for Hybrid RAID Options: no max	R6A11AAE	Service	Pensando Distributed Services Platform Enterprise Pro 5-year Subscription 24x7 Support E-RTU	0	0.00				No	Available		Not published by OCA	Active	2026-09-16	05/31/2028	{}	BASELINE	N/A	$0.00	0.00%	2026-09-16: (no price)
Support Services	Hybrid RAID Options	HPE OCA > DL360 Gen11 [P52499-B21] > Support Services > Hybrid RAID Options	Service & Support	Unlimited	0	Unlimited	Selection constraint for Hybrid RAID Options: no max	R6F68AAE	Service	Pensando Distributed Services Platform Enterprise 4-year Subscription 24x7 Support E-RTU	0	0.00				No	Available		Not published by OCA	Active	2026-09-16	05/31/2028	{}	BASELINE	N/A	$0.00	0.00%	2026-09-16: (no price)
Support Services	Hybrid RAID Options	HPE OCA > DL360 Gen11 [P52499-B21] > Support Services > Hybrid RAID Options	Service & Support	Unlimited	0	Unlimited	Selection constraint for Hybrid RAID Options: no max	R6F69AAE	Service	Pensando Distributed Services Platform Enterprise Pro 4-year Subscription 24x7 Support E-RTU	0	0.00				No	Available		Not published by OCA	Active	2026-09-16	05/31/2028	{}	BASELINE	N/A	$0.00	0.00%	2026-09-16: (no price)
Software & Licenses	VMware NSX	HPE OCA > DL360 Gen11 [P52499-B21] > Software & Licenses > VMware NSX	Processor	Unlimited	0	Unlimited	Selection constraint for VMware NSX: no max	R9L81AAE	Service	VMware NSX Professional 1 Processor 1-year E-LTU	0	0.00				No	Obsolete (OB)		Not published by OCA	Obsolete (OB)	2026-09-16	2026-09-16	{}	BASELINE	N/A	$0.00	0.00%	2026-09-16: (no price)
Software & Licenses	VMware NSX	HPE OCA > DL360 Gen11 [P52499-B21] > Software & Licenses > VMware NSX	Processor	Unlimited	0	Unlimited	Selection constraint for VMware NSX: no max	R9L82AAE	Service	VMware NSX Professional 1 Processor 3-year E-LTU	0	0.00				No	Obsolete (OB)		Not published by OCA	Obsolete (OB)	2026-09-16	2026-09-16	{}	BASELINE	N/A	$0.00	0.00%	2026-09-16: (no price)
Software & Licenses	VMware NSX	HPE OCA > DL360 Gen11 [P52499-B21] > Software & Licenses > VMware NSX	Processor	Unlimited	0	Unlimited	Selection constraint for VMware NSX: no max	R9L83AAE	Service	VMware NSX Professional 1 Processor 5-year E-LTU	0	0.00				No	Obsolete (OB)		Not published by OCA	Obsolete (OB)	2026-09-16	2026-09-16	{}	BASELINE	N/A	$0.00	0.00%	2026-09-16: (no price)
Software & Licenses	VMware NSX	HPE OCA > DL360 Gen11 [P52499-B21] > Software & Licenses > VMware NSX	Processor	Unlimited	0	Unlimited	Selection constraint for VMware NSX: no max	R9L84AAE	Service	VMware NSX Advanced 1 Processor 1-year E-LTU	0	0.00				No	Obsolete (OB)		Not published by OCA	Obsolete (OB)	2026-09-16	2026-09-16	{}	BASELINE	N/A	$0.00	0.00%	2026-09-16: (no price)
Software & Licenses	VMware NSX	HPE OCA > DL360 Gen11 [P52499-B21] > Software & Licenses > VMware NSX	Processor	Unlimited	0	Unlimited	Selection constraint for VMware NSX: no max	R9L85AAE	Service	VMware NSX Advanced 1 Processor 3-year E-LTU	0	0.00				No	Obsolete (OB)		Not published by OCA	Obsolete (OB)	2026-09-16	2026-09-16	{}	BASELINE	N/A	$0.00	0.00%	2026-09-16: (no price)
Software & Licenses	VMware NSX	HPE OCA > DL360 Gen11 [P52499-B21] > Software & Licenses > VMware NSX	Processor	Unlimited	0	Unlimited	Selection constraint for VMware NSX: no max	R9L86AAE	Service	VMware NSX Advanced 1 Processor 5-year E-LTU	0	0.00				No	Obsolete (OB)		Not published by OCA	Obsolete (OB)	2026-09-16	2026-09-16	{}	BASELINE	N/A	$0.00	0.00%	2026-09-16: (no price)
Software & Licenses	VMware NSX	HPE OCA > DL360 Gen11 [P52499-B21] > Software & Licenses > VMware NSX	Processor	Unlimited	0	Unlimited	Selection constraint for VMware NSX: no max	R9L87AAE	Service	VMware NSX Enterprise Plus 1 Processor 1-year E-LTU	0	0.00				No	Obsolete (OB)		Not published by OCA	Obsolete (OB)	2026-09-16	2026-09-16	{}	BASELINE	N/A	$0.00	0.00%	2026-09-16: (no price)
Software & Licenses	VMware NSX	HPE OCA > DL360 Gen11 [P52499-B21] > Software & Licenses > VMware NSX	Processor	Unlimited	0	Unlimited	Selection constraint for VMware NSX: no max	R9L88AAE	Service	VMware NSX Enterprise Plus 1 Processor 3-year E-LTU	0	0.00				No	Obsolete (OB)		Not published by OCA	Obsolete (OB)	2026-09-16	2026-09-16	{}	BASELINE	N/A	$0.00	0.00%	2026-09-16: (no price)
Software & Licenses	VMware NSX	HPE OCA > DL360 Gen11 [P52499-B21] > Software & Licenses > VMware NSX	Processor	Unlimited	0	Unlimited	Selection constraint for VMware NSX: no max	R9L89AAE	Service	VMware NSX Enterprise Plus 1 Processor 5-year E-LTU	0	0.00				No	Obsolete (OB)		Not published by OCA	Obsolete (OB)	2026-09-16	2026-09-16	{}	BASELINE	N/A	$0.00	0.00%	2026-09-16: (no price)
Software & Licenses	VMware NSX	HPE OCA > DL360 Gen11 [P52499-B21] > Software & Licenses > VMware NSX	Operating System / License	Unlimited	0	Unlimited	Selection constraint for VMware NSX: no max	R9L90AAE	Service	VMware NSX Data Center Standard to NSX Professional Upgrade 3-year E-LTU	0	0.00				No	Obsolete (OB)		Not published by OCA	Obsolete (OB)	2026-09-16	2026-09-16	{}	BASELINE	N/A	$0.00	0.00%	2026-09-16: (no price)
Software & Licenses	VMware NSX	HPE OCA > DL360 Gen11 [P52499-B21] > Software & Licenses > VMware NSX	Operating System / License	Unlimited	0	Unlimited	Selection constraint for VMware NSX: no max	R9L91AAE	Service	VMware NSX Data Center Standard to NSX Professional Upgrade 5-year E-LTU	0	0.00				No	Obsolete (OB)		Not published by OCA	Obsolete (OB)	2026-09-16	2026-09-16	{}	BASELINE	N/A	$0.00	0.00%	2026-09-16: (no price)
Software & Licenses	VMware NSX	HPE OCA > DL360 Gen11 [P52499-B21] > Software & Licenses > VMware NSX	Operating System / License	Unlimited	0	Unlimited	Selection constraint for VMware NSX: no max	S2D34AAE	Service	VMware NSX Professional Term per Core 1-year E-LTU	0	0.00				No	Obsolete (OB)		Not published by OCA	Obsolete (OB)	2026-09-16	2026-09-16	{}	BASELINE	N/A	$0.00	0.00%	2026-09-16: (no price)
Software & Licenses	VMware NSX	HPE OCA > DL360 Gen11 [P52499-B21] > Software & Licenses > VMware NSX	Operating System / License	Unlimited	0	Unlimited	Selection constraint for VMware NSX: no max	S2D35AAE	Service	VMware NSX Professional Term per Core 3-year E-LTU	0	0.00				No	Obsolete (OB)		Not published by OCA	Obsolete (OB)	2026-09-16	2026-09-16	{}	BASELINE	N/A	$0.00	0.00%	2026-09-16: (no price)
Software & Licenses	VMware NSX	HPE OCA > DL360 Gen11 [P52499-B21] > Software & Licenses > VMware NSX	Operating System / License	Unlimited	0	Unlimited	Selection constraint for VMware NSX: no max	S2D36AAE	Service	VMware NSX Professional Term per Core 5-year E-LTU	0	0.00				No	Obsolete (OB)		Not published by OCA	Obsolete (OB)	2026-09-16	2026-09-16	{}	BASELINE	N/A	$0.00	0.00%	2026-09-16: (no price)
Software & Licenses	VMware NSX	HPE OCA > DL360 Gen11 [P52499-B21] > Software & Licenses > VMware NSX	Operating System / License	Unlimited	0	Unlimited	Selection constraint for VMware NSX: no max	S2D37AAE	Service	VMware NSX Advanced Term per Core 1-year E-LTU	0	0.00				No	Obsolete (OB)		Not published by OCA	Obsolete (OB)	2026-09-16	2026-09-16	{}	BASELINE	N/A	$0.00	0.00%	2026-09-16: (no price)
Software & Licenses	VMware NSX	HPE OCA > DL360 Gen11 [P52499-B21] > Software & Licenses > VMware NSX	Operating System / License	Unlimited	0	Unlimited	Selection constraint for VMware NSX: no max	S2D38AAE	Service	VMware NSX Advanced Term per Core 3-year E-LTU	0	0.00				No	Obsolete (OB)		Not published by OCA	Obsolete (OB)	2026-09-16	2026-09-16	{}	BASELINE	N/A	$0.00	0.00%	2026-09-16: (no price)
Software & Licenses	VMware NSX	HPE OCA > DL360 Gen11 [P52499-B21] > Software & Licenses > VMware NSX	Operating System / License	Unlimited	0	Unlimited	Selection constraint for VMware NSX: no max	S2D39AAE	Service	VMware NSX Advanced Term per Core 5-year E-LTU	0	0.00				No	Obsolete (OB)		Not published by OCA	Obsolete (OB)	2026-09-16	2026-09-16	{}	BASELINE	N/A	$0.00	0.00%	2026-09-16: (no price)
Software & Licenses	VMware NSX	HPE OCA > DL360 Gen11 [P52499-B21] > Software & Licenses > VMware NSX	Operating System / License	Unlimited	0	Unlimited	Selection constraint for VMware NSX: no max	S2D40AAE	Service	VMware NSX Enterprise Plus Term per Core 1-year E-LTU	0	0.00				No	Obsolete (OB)		Not published by OCA	Obsolete (OB)	2026-09-16	2026-09-16	{}	BASELINE	N/A	$0.00	0.00%	2026-09-16: (no price)
Software & Licenses	VMware NSX	HPE OCA > DL360 Gen11 [P52499-B21] > Software & Licenses > VMware NSX	Operating System / License	Unlimited	0	Unlimited	Selection constraint for VMware NSX: no max	S2D41AAE	Service	VMware NSX Enterprise Plus Term per Core 3-year E-LTU	0	0.00				No	Obsolete (OB)		Not published by OCA	Obsolete (OB)	2026-09-16	2026-09-16	{}	BASELINE	N/A	$0.00	0.00%	2026-09-16: (no price)
Software & Licenses	VMware NSX	HPE OCA > DL360 Gen11 [P52499-B21] > Software & Licenses > VMware NSX	Operating System / License	Unlimited	0	Unlimited	Selection constraint for VMware NSX: no max	S2D42AAE	Service	VMware NSX Enterprise Plus Term per Core 5-year E-LTU	0	0.00				No	Obsolete (OB)		Not published by OCA	Obsolete (OB)	2026-09-16	2026-09-16	{}	BASELINE	N/A	$0.00	0.00%	2026-09-16: (no price)
Software & Licenses	VMware NSX	HPE OCA > DL360 Gen11 [P52499-B21] > Software & Licenses > VMware NSX	Service & Support	Unlimited	0	Unlimited	Private Product is not valid for current customer account	S4F93AAE	Service	VMware Firewall Term Add-on per Core 3-year Subscription 24x7 Support E-RTU                       is obsolete: S4F93AAE	0	0.00				No	Obsolete (OB)		Not published by OCA	Obsolete (OB)	2026-09-16	2026-09-16	{}	BASELINE	N/A	$0.00	0.00%	2026-09-16: (no price)
Software & Licenses	VMware NSX	HPE OCA > DL360 Gen11 [P52499-B21] > Software & Licenses > VMware NSX	Service & Support	Unlimited	0	Unlimited	Private Product is not valid for current customer account	S4F95AAE	Service	VMware Live Recovery Protected VM per Core 3-year Subscription 24x7 Support E-RTU                       is obsolete: S4F95AAE	0	0.00				No	Obsolete (OB)		Not published by OCA	Obsolete (OB)	2026-09-16	2026-09-16	{}	BASELINE	N/A	$0.00	0.00%	2026-09-16: (no price)
Software & Licenses	VMware NSX	HPE OCA > DL360 Gen11 [P52499-B21] > Software & Licenses > VMware NSX	Service & Support	Unlimited	0	Unlimited	Private Product is not valid for current customer account	S4F99AAE	Service	VMware Firewall Term Add-on per Core 5-year Subscription 24x7 Support E-RTU                       is obsolete: S4F99AAE	0	0.00				No	Obsolete (OB)		Not published by OCA	Obsolete (OB)	2026-09-16	2026-09-16	{}	BASELINE	N/A	$0.00	0.00%	2026-09-16: (no price)
Software & Licenses	VMware NSX	HPE OCA > DL360 Gen11 [P52499-B21] > Software & Licenses > VMware NSX	Service & Support	Unlimited	0	Unlimited	Private Product is not valid for current customer account	S4G01AAE	Service	VMware Live Recovery Protected VM per Core 5-year Subscription 24x7 Support E-RTU                       is obsolete: S4G01AAE	0	0.00				No	Obsolete (OB)		Not published by OCA	Obsolete (OB)	2026-09-16	2026-09-16	{}	BASELINE	N/A	$0.00	0.00%	2026-09-16: (no price)
Software & Licenses	VMware NSX	HPE OCA > DL360 Gen11 [P52499-B21] > Software & Licenses > VMware NSX	Operating System / License	Unlimited	0	Unlimited	Private Product is not valid for current customer account	S4R66AAE	Service	VMware vDefend Advance Threat Prevention Term Add-on to VMware Firewall per Core 1-year 24x7 E-RTU	0	0.00				No	Not published by OCA		Not published by OCA	Active	2026-09-16	05/31/2028	{}	BASELINE	N/A	$0.00	0.00%	2026-09-16: (no price)
Software & Licenses	VMware NSX	HPE OCA > DL360 Gen11 [P52499-B21] > Software & Licenses > VMware NSX	Operating System / License	Unlimited	0	Unlimited	Private Product is not valid for current customer account	S4R67AAE	Service	VMware vDefend Advance Threat Prevention Term Add-on to VMware Firewall per Core 3-year 24x7 E-RTU	0	0.00				No	Not published by OCA		Not published by OCA	Active	2026-09-16	05/31/2028	{}	BASELINE	N/A	$0.00	0.00%	2026-09-16: (no price)
Software & Licenses	VMware NSX	HPE OCA > DL360 Gen11 [P52499-B21] > Software & Licenses > VMware NSX	Operating System / License	Unlimited	0	Unlimited	Private Product is not valid for current customer account	S4R68AAE	Service	VMware vDefend Advance Threat Prevention Term Add-on to VMware Firewall per Core 5-year 24x7 E-RTU	0	0.00				No	Not published by OCA		Not published by OCA	Active	2026-09-16	05/31/2028	{}	BASELINE	N/A	$0.00	0.00%	2026-09-16: (no price)
Software & Licenses	VMware NSX	HPE OCA > DL360 Gen11 [P52499-B21] > Software & Licenses > VMware NSX	Operating System / License	Unlimited	0	Unlimited	Private Product is not valid for current customer account	S4R69AAE	Service	VMware vDefend Firewall with Advanced Thread Prevention Term Add-on per Core 1-year 24x7 E-RTU                       is obsolete: S4R69AAE	0	0.00				No	Obsolete (OB)		Not published by OCA	Obsolete (OB)	2026-09-16	2026-09-16	{}	BASELINE	N/A	$0.00	0.00%	2026-09-16: (no price)
Software & Licenses	VMware NSX	HPE OCA > DL360 Gen11 [P52499-B21] > Software & Licenses > VMware NSX	Operating System / License	Unlimited	0	Unlimited	Private Product is not valid for current customer account	S4R70AAE	Service	VMware vDefend Firewall with Advanced Thread Prevention Term Add-on per Core 3-year 24x7 E-RTU                       is obsolete: S4R70AAE	0	0.00				No	Obsolete (OB)		Not published by OCA	Obsolete (OB)	2026-09-16	2026-09-16	{}	BASELINE	N/A	$0.00	0.00%	2026-09-16: (no price)
Software & Licenses	VMware NSX	HPE OCA > DL360 Gen11 [P52499-B21] > Software & Licenses > VMware NSX	Operating System / License	Unlimited	0	Unlimited	Private Product is not valid for current customer account	S4R71AAE	Service	VMware vDefend Firewall with Advanced Thread Prevention Term Add-on per Core 5-year 24x7 E-RTU                       is obsolete: S4R71AAE	0	0.00				No	Obsolete (OB)		Not published by OCA	Obsolete (OB)	2026-09-16	2026-09-16	{}	BASELINE	N/A	$0.00	0.00%	2026-09-16: (no price)
Software & Licenses	VMware NSX	HPE OCA > DL360 Gen11 [P52499-B21] > Software & Licenses > VMware NSX	Operating System / License	Unlimited	0	Unlimited	Private Product is not valid for current customer account	S4R75AAE	Service	VMware vDefend Firewall Term Add-on per Core 1-year 24x7 E-RTU                       is obsolete: S4R75AAE	0	0.00				No	Obsolete (OB)		Not published by OCA	Obsolete (OB)	2026-09-16	2026-09-16	{}	BASELINE	N/A	$0.00	0.00%	2026-09-16: (no price)
Software & Licenses	VMware NSX	HPE OCA > DL360 Gen11 [P52499-B21] > Software & Licenses > VMware NSX	Operating System / License	Unlimited	0	Unlimited	Private Product is not valid for current customer account	S4R77AAE	Service	VMware Live Recovery Protected VM per Core 1-year 24x7 E-RTU                       is obsolete: S4R77AAE	0	0.00				No	Obsolete (OB)		Not published by OCA	Obsolete (OB)	2026-09-16	2026-09-16	{}	BASELINE	N/A	$0.00	0.00%	2026-09-16: (no price)
Software & Licenses	Server Management & Operating System Licenses	HPE OCA > DL360 Gen11 [P52499-B21] > Software & Licenses > Server Management & Operating System Licenses	Operating System / License	Unlimited	0	Unlimited	Selection constraint for Server Management & Operating System Licenses: no max	S5Q81AAE	Service	HPE Morpheus VM Essentials Software per Socket 1-year E-LTU	0	0.00				No	Available		Not published by OCA	Active	2026-09-16	05/31/2028	{}	BASELINE	N/A	$0.00	0.00%	2026-09-16: (no price)
Software & Licenses	Server Management & Operating System Licenses	HPE OCA > DL360 Gen11 [P52499-B21] > Software & Licenses > Server Management & Operating System Licenses	Operating System / License	Unlimited	0	Unlimited	Selection constraint for Server Management & Operating System Licenses: no max	S5Q82AAE	Service	HPE Morpheus VM Essentials Software per Socket 3-year E-LTU	0	0.00				No	Available		Not published by OCA	Active	2026-09-16	05/31/2028	{}	BASELINE	N/A	$0.00	0.00%	2026-09-16: (no price)
Software & Licenses	Server Management & Operating System Licenses	HPE OCA > DL360 Gen11 [P52499-B21] > Software & Licenses > Server Management & Operating System Licenses	Operating System / License	Unlimited	0	Unlimited	Selection constraint for Server Management & Operating System Licenses: no max	S5Q83AAE	Service	HPE Morpheus VM Essentials Software per Socket 5-year E-LTU	0	0.00				No	Available		Not published by OCA	Active	2026-09-16	05/31/2028	{}	BASELINE	N/A	$0.00	0.00%	2026-09-16: (no price)
Software & Licenses	VMWare VCenter Srm Products	HPE OCA > DL360 Gen11 [P52499-B21] > Software & Licenses > VMWare VCenter Srm Products	Operating System / License	Unlimited	0	Unlimited	Selection constraint for VMWare VCenter Srm Products: no max	BD751AAE	Service	VMware vCenter Site Recovery Manager Enterprise 25 Virtual Machines 3yr E-LTU	0	0.00				No	Obsolete (OB)		Not published by OCA	Obsolete (OB)	2026-09-16	2026-09-16	{}	BASELINE	N/A	$0.00	0.00%	2026-09-16: (no price)
Software & Licenses	VMWare VCenter Srm Products	HPE OCA > DL360 Gen11 [P52499-B21] > Software & Licenses > VMWare VCenter Srm Products	Operating System / License	Unlimited	0	Unlimited	Selection constraint for VMWare VCenter Srm Products: no max	BD535AAE	Service	VMware vCenter Site Recovery Manager Enterprise 25 Virtual Machines 5yr E-LTU	0	0.00				No	Obsolete (OB)		Not published by OCA	Obsolete (OB)	2026-09-16	2026-09-16	{}	BASELINE	N/A	$0.00	0.00%	2026-09-16: (no price)
Software & Licenses	VMWare VCenter Srm Products	HPE OCA > DL360 Gen11 [P52499-B21] > Software & Licenses > VMWare VCenter Srm Products	Operating System / License	Unlimited	0	Unlimited	Selection constraint for VMWare VCenter Srm Products: no max	BD749AAE	Service	VMware vCenter Site Recovery Manager Standard 25 Virtual Machines 3yr E-LTU	0	0.00				No	Obsolete (OB)		Not published by OCA	Obsolete (OB)	2026-09-16	2026-09-16	{}	BASELINE	N/A	$0.00	0.00%	2026-09-16: (no price)
Software & Licenses	VMWare VCenter Srm Products	HPE OCA > DL360 Gen11 [P52499-B21] > Software & Licenses > VMWare VCenter Srm Products	Operating System / License	Unlimited	0	Unlimited	Selection constraint for VMWare VCenter Srm Products: no max	BD534AAE	Service	VMware vCenter Site Recovery Manager Standard 25 Virtual Machines 5yr E-LTU	0	0.00				No	Obsolete (OB)		Not published by OCA	Obsolete (OB)	2026-09-16	2026-09-16	{}	BASELINE	N/A	$0.00	0.00%	2026-09-16: (no price)
Software & Licenses	VMWare VCenter Srm Products	HPE OCA > DL360 Gen11 [P52499-B21] > Software & Licenses > VMWare VCenter Srm Products	Operating System / License	Unlimited	0	Unlimited	Selection constraint for VMWare VCenter Srm Products: no max	BD763AAE	Service	VMware vCenter Site Recovery Manager Standard to Enterprise Upgrade 25 Virtual Machines 3yr E-LTU	0	0.00				No	Obsolete (OB)		Not published by OCA	Obsolete (OB)	2026-09-16	2026-09-16	{}	BASELINE	N/A	$0.00	0.00%	2026-09-16: (no price)
Software & Licenses	VMWare VCloud Products	HPE OCA > DL360 Gen11 [P52499-B21] > Software & Licenses > VMWare VCloud Products	Operating System / License	Unlimited	0	Unlimited	Selection constraint for VMWare VCloud Products: no max	R0S70AAE	Service	VMware Cloud Foundation Advanced per CPU 3yr E-LTU	0	0.00				No	Obsolete (OB)		Not published by OCA	Obsolete (OB)	2026-09-16	2026-09-16	{}	BASELINE	N/A	$0.00	0.00%	2026-09-16: (no price)
Software & Licenses	VMWare VCloud Products	HPE OCA > DL360 Gen11 [P52499-B21] > Software & Licenses > VMWare VCloud Products	Operating System / License	Unlimited	0	Unlimited	Selection constraint for VMWare VCloud Products: no max	R0S71AAE	Service	VMware Cloud Foundation Advanced per CPU 5yr E-LTU	0	0.00				No	Obsolete (OB)		Not published by OCA	Obsolete (OB)	2026-09-16	2026-09-16	{}	BASELINE	N/A	$0.00	0.00%	2026-09-16: (no price)
Software & Licenses	VMWare VCloud Products	HPE OCA > DL360 Gen11 [P52499-B21] > Software & Licenses > VMWare VCloud Products	Service & Support	Unlimited	0	Unlimited	Selection constraint for VMWare VCloud Products: no max	S2G27AAE	Service	VMware Cloud Foundation Enterprise per CPU 3-year BYOL Support Service	0	0.00				No	Obsolete (OB)		Not published by OCA	Obsolete (OB)	2026-09-16	2026-09-16	{}	BASELINE	N/A	$0.00	0.00%	2026-09-16: (no price)
Software & Licenses	VMWare VCloud Products	HPE OCA > DL360 Gen11 [P52499-B21] > Software & Licenses > VMWare VCloud Products	Service & Support	Unlimited	0	Unlimited	Selection constraint for VMWare VCloud Products: no max	S2G28AAE	Service	VMware Cloud Foundation Enterprise per CPU 5-year BYOL Support Service	0	0.00				No	Obsolete (OB)		Not published by OCA	Obsolete (OB)	2026-09-16	2026-09-16	{}	BASELINE	N/A	$0.00	0.00%	2026-09-16: (no price)
Software & Licenses	VMWare VCloud Products	HPE OCA > DL360 Gen11 [P52499-B21] > Software & Licenses > VMWare VCloud Products	Operating System / License	Unlimited	0	Unlimited	Selection constraint for VMWare VCloud Products: no max	R0S74AAE	Service	VMware Cloud Foundation Enterprise per CPU 5yr E-LTU	0	0.00				No	Obsolete (OB)		Not published by OCA	Obsolete (OB)	2026-09-16	2026-09-16	{}	BASELINE	N/A	$0.00	0.00%	2026-09-16: (no price)
Software & Licenses	VMWare VCloud Products	HPE OCA > DL360 Gen11 [P52499-B21] > Software & Licenses > VMWare VCloud Products	Operating System / License	Unlimited	0	Unlimited	Selection constraint for VMWare VCloud Products: no max	Q8V22AAE	Service	VMware Software-Defined Data Center per CPU 3yr E-LTU	0	0.00				No	Obsolete (OB)		Not published by OCA	Obsolete (OB)	2026-09-16	2026-09-16	{}	BASELINE	N/A	$0.00	0.00%	2026-09-16: (no price)
Software & Licenses	VMWare VCloud Products	HPE OCA > DL360 Gen11 [P52499-B21] > Software & Licenses > VMWare VCloud Products	Operating System / License	Unlimited	0	Unlimited	Private Product is not valid for current customer account	S4R76AAE	Service	VMware Cloud Foundation Term per Core 1-year 24x7 E-RTU	0	0.00				No	Not published by OCA		Not published by OCA	Active	2026-09-16	05/31/2028	{}	BASELINE	N/A	$0.00	0.00%	2026-09-16: (no price)
Software & Licenses	VMWare VCloud Products	HPE OCA > DL360 Gen11 [P52499-B21] > Software & Licenses > VMWare VCloud Products	Service & Support	Unlimited	0	Unlimited	Private Product is not valid for current customer account	S4F94AAE	Service	VMware Cloud Foundation Term per Core 3-year Subscription 24x7 Support E-RTU                       is obsolete: S4F94AAE	0	0.00				No	Obsolete (OB)		Not published by OCA	Obsolete (OB)	2026-09-16	2026-09-16	{}	BASELINE	N/A	$0.00	0.00%	2026-09-16: (no price)
Software & Licenses	VMWare VCloud Products	HPE OCA > DL360 Gen11 [P52499-B21] > Software & Licenses > VMWare VCloud Products	Service & Support	Unlimited	0	Unlimited	Private Product is not valid for current customer account	S4G00AAE	Service	VMware Cloud Foundation Term per Core 5-year Subscription 24x7 Support E-RTU                       is obsolete: S4G00AAE	0	0.00				No	Obsolete (OB)		Not published by OCA	Obsolete (OB)	2026-09-16	2026-09-16	{}	BASELINE	N/A	$0.00	0.00%	2026-09-16: (no price)
Software & Licenses	VMWare VCenter Products	HPE OCA > DL360 Gen11 [P52499-B21] > Software & Licenses > VMWare VCenter Products	Operating System / License	Unlimited	0	Unlimited	Selection constraint for VMWare VCenter Products: no max	S2D18AAE	Service	VMware Aria Suite Advanced Term per Core 3-year E-LTU	0	0.00				No	Obsolete (OB)		Not published by OCA	Obsolete (OB)	2026-09-16	2026-09-16	{}	BASELINE	N/A	$0.00	0.00%	2026-09-16: (no price)
Software & Licenses	VMWare VCenter Products	HPE OCA > DL360 Gen11 [P52499-B21] > Software & Licenses > VMWare VCenter Products	Operating System / License	Unlimited	0	Unlimited	Selection constraint for VMWare VCenter Products: no max	S2D19AAE	Service	VMware Aria Suite Enterprise Term per Core 1-year E-LTU	0	0.00				No	Obsolete (OB)		Not published by OCA	Obsolete (OB)	2026-09-16	2026-09-16	{}	BASELINE	N/A	$0.00	0.00%	2026-09-16: (no price)
Software & Licenses	VMWare VCenter Products	HPE OCA > DL360 Gen11 [P52499-B21] > Software & Licenses > VMWare VCenter Products	Operating System / License	Unlimited	0	Unlimited	Selection constraint for VMWare VCenter Products: no max	S2D20AAE	Service	VMware Aria Suite Enterprise Term per Core 3-year E-LTU	0	0.00				No	Obsolete (OB)		Not published by OCA	Obsolete (OB)	2026-09-16	2026-09-16	{}	BASELINE	N/A	$0.00	0.00%	2026-09-16: (no price)
Software & Licenses	VMWare VCenter Products	HPE OCA > DL360 Gen11 [P52499-B21] > Software & Licenses > VMWare VCenter Products	Operating System / License	Unlimited	0	Unlimited	Selection constraint for VMWare VCenter Products: no max	S2D21AAE	Service	VMware Aria Suite Enterprise Term per Core 5-year E-LTU	0	0.00				No	Obsolete (OB)		Not published by OCA	Obsolete (OB)	2026-09-16	2026-09-16	{}	BASELINE	N/A	$0.00	0.00%	2026-09-16: (no price)
Software & Licenses	VMWare VCenter Products	HPE OCA > DL360 Gen11 [P52499-B21] > Software & Licenses > VMWare VCenter Products	Operating System / License	Unlimited	0	Unlimited	Selection constraint for VMWare VCenter Products: no max	BD723AAE	Service	VMware vCenter Server Foundation 3yr E-LTU	0	0.00				No	Obsolete (OB)		Not published by OCA	Obsolete (OB)	2026-09-16	2026-09-16	{}	BASELINE	N/A	$0.00	0.00%	2026-09-16: (no price)
Software & Licenses	VMWare VCenter Products	HPE OCA > DL360 Gen11 [P52499-B21] > Software & Licenses > VMWare VCenter Products	Operating System / License	Unlimited	0	Unlimited	Selection constraint for VMWare VCenter Products: no max	BD518AAE	Service	VMware vCenter Server Foundation 5yr E-LTU	0	0.00				No	Obsolete (OB)		Not published by OCA	Obsolete (OB)	2026-09-16	2026-09-16	{}	BASELINE	N/A	$0.00	0.00%	2026-09-16: (no price)
Software & Licenses	VMWare VCenter Products	HPE OCA > DL360 Gen11 [P52499-B21] > Software & Licenses > VMWare VCenter Products	Operating System / License	Unlimited	0	Unlimited	Selection constraint for VMWare VCenter Products: no max	BD727AAE	Service	VMware vCenter Server Foundation to Standard Upgrade 3yr E-LTU	0	0.00				No	Obsolete (OB)		Not published by OCA	Obsolete (OB)	2026-09-16	2026-09-16	{}	BASELINE	N/A	$0.00	0.00%	2026-09-16: (no price)
Software & Licenses	VMWare VCenter Products	HPE OCA > DL360 Gen11 [P52499-B21] > Software & Licenses > VMWare VCenter Products	Operating System / License	Unlimited	0	Unlimited	Selection constraint for VMWare VCenter Products: no max	P9U40AAE	Service	VMware vCenter Server Standard for vSphere (per Instance) 1yr E-LTU	0	0.00				No	Obsolete (OB)		Not published by OCA	Obsolete (OB)	2026-09-16	2026-09-16	{}	BASELINE	N/A	$0.00	0.00%	2026-09-16: (no price)
Software & Licenses	VMWare VCenter Products	HPE OCA > DL360 Gen11 [P52499-B21] > Software & Licenses > VMWare VCenter Products	Operating System / License	Unlimited	0	Unlimited	Selection constraint for VMWare VCenter Products: no max	P9U41AAE	Service	VMware vCenter Server Standard for vSphere (per Instance) 3yr E-LTU	0	0.00				No	Obsolete (OB)		Not published by OCA	Obsolete (OB)	2026-09-16	2026-09-16	{}	BASELINE	N/A	$0.00	0.00%	2026-09-16: (no price)
Software & Licenses	VMWare VCenter Products	HPE OCA > DL360 Gen11 [P52499-B21] > Software & Licenses > VMWare VCenter Products	Operating System / License	Unlimited	0	Unlimited	Selection constraint for VMWare VCenter Products: no max	P9U42AAE	Service	VMware vCenter Server Standard for vSphere (per Instance) 5yr E-LTU	0	0.00				No	Obsolete (OB)		Not published by OCA	Obsolete (OB)	2026-09-16	2026-09-16	{}	BASELINE	N/A	$0.00	0.00%	2026-09-16: (no price)
Software & Licenses	VMWare VCenter Products	HPE OCA > DL360 Gen11 [P52499-B21] > Software & Licenses > VMWare VCenter Products	Operating System / License	Unlimited	0	Unlimited	Selection constraint for VMWare VCenter Products: no max	K8X49AAE	Service	VMware vRealize Operations Advanced 25 Operating System Instance Pack 1yr E-LTU	0	0.00				No	Obsolete (OB)		Not published by OCA	Obsolete (OB)	2026-09-16	2026-09-16	{}	BASELINE	N/A	$0.00	0.00%	2026-09-16: (no price)
Software & Licenses	VMWare VCenter Products	HPE OCA > DL360 Gen11 [P52499-B21] > Software & Licenses > VMWare VCenter Products	Operating System / License	Unlimited	0	Unlimited	Selection constraint for VMWare VCenter Products: no max	K8X50AAE	Service	VMware vRealize Operations Advanced 25 Operating System Instance Pack 3yr E-LTU	0	0.00				No	Obsolete (OB)		Not published by OCA	Obsolete (OB)	2026-09-16	2026-09-16	{}	BASELINE	N/A	$0.00	0.00%	2026-09-16: (no price)
Software & Licenses	VMWare VCenter Products	HPE OCA > DL360 Gen11 [P52499-B21] > Software & Licenses > VMWare VCenter Products	Operating System / License	Unlimited	0	Unlimited	Selection constraint for VMWare VCenter Products: no max	K8X51AAE	Service	VMware vRealize Operations Advanced 25 Operating System Instance Pack 5yr E-LTU	0	0.00				No	Obsolete (OB)		Not published by OCA	Obsolete (OB)	2026-09-16	2026-09-16	{}	BASELINE	N/A	$0.00	0.00%	2026-09-16: (no price)
Software & Licenses	VMWare VCenter Products	HPE OCA > DL360 Gen11 [P52499-B21] > Software & Licenses > VMWare VCenter Products	Operating System / License	Unlimited	0	Unlimited	Selection constraint for VMWare VCenter Products: no max	R1T85AAE	Service	VMware vRealize Operations Advanced per CPU 1yr E-LTU	0	0.00				No	Obsolete (OB)		Not published by OCA	Obsolete (OB)	2026-09-16	2026-09-16	{}	BASELINE	N/A	$0.00	0.00%	2026-09-16: (no price)
Software & Licenses	VMWare VCenter Products	HPE OCA > DL360 Gen11 [P52499-B21] > Software & Licenses > VMWare VCenter Products	Operating System / License	Unlimited	0	Unlimited	Selection constraint for VMWare VCenter Products: no max	R1T86AAE	Service	VMware vRealize Operations Advanced per CPU 3yr E-LTU	0	0.00				No	Obsolete (OB)		Not published by OCA	Obsolete (OB)	2026-09-16	2026-09-16	{}	BASELINE	N/A	$0.00	0.00%	2026-09-16: (no price)
Software & Licenses	VMWare VCenter Products	HPE OCA > DL360 Gen11 [P52499-B21] > Software & Licenses > VMWare VCenter Products	Operating System / License	Unlimited	0	Unlimited	Selection constraint for VMWare VCenter Products: no max	R1T87AAE	Service	VMware vRealize Operations Advanced per CPU 5yr E-LTU	0	0.00				No	Obsolete (OB)		Not published by OCA	Obsolete (OB)	2026-09-16	2026-09-16	{}	BASELINE	N/A	$0.00	0.00%	2026-09-16: (no price)
Software & Licenses	VMWare VCenter Products	HPE OCA > DL360 Gen11 [P52499-B21] > Software & Licenses > VMWare VCenter Products	Operating System / License	Unlimited	0	Unlimited	Selection constraint for VMWare VCenter Products: no max	K8X52AAE	Service	VMware vRealize Operations Enterprise 25 Operating System Instance Pack 1yr E-LTU	0	0.00				No	Obsolete (OB)		Not published by OCA	Obsolete (OB)	2026-09-16	2026-09-16	{}	BASELINE	N/A	$0.00	0.00%	2026-09-16: (no price)
Software & Licenses	VMWare VCenter Products	HPE OCA > DL360 Gen11 [P52499-B21] > Software & Licenses > VMWare VCenter Products	Operating System / License	Unlimited	0	Unlimited	Selection constraint for VMWare VCenter Products: no max	K8X53AAE	Service	VMware vRealize Operations Enterprise 25 Operating System Instance Pack 3yr E-LTU	0	0.00				No	Obsolete (OB)		Not published by OCA	Obsolete (OB)	2026-09-16	2026-09-16	{}	BASELINE	N/A	$0.00	0.00%	2026-09-16: (no price)
Software & Licenses	VMWare VCenter Products	HPE OCA > DL360 Gen11 [P52499-B21] > Software & Licenses > VMWare VCenter Products	Operating System / License	Unlimited	0	Unlimited	Selection constraint for VMWare VCenter Products: no max	K8X54AAE	Service	VMware vRealize Operations Enterprise 25 Operating System Instance Pack 5yr E-LTU	0	0.00				No	Obsolete (OB)		Not published by OCA	Obsolete (OB)	2026-09-16	2026-09-16	{}	BASELINE	N/A	$0.00	0.00%	2026-09-16: (no price)
Software & Licenses	VMWare VCenter Products	HPE OCA > DL360 Gen11 [P52499-B21] > Software & Licenses > VMWare VCenter Products	Operating System / License	Unlimited	0	Unlimited	Selection constraint for VMWare VCenter Products: no max	K8X46AAE	Service	VMware vRealize Operations Standard 25 Virtual Machines Pack 1yr E-LTU	0	0.00				No	Obsolete (OB)		Not published by OCA	Obsolete (OB)	2026-09-16	2026-09-16	{}	BASELINE	N/A	$0.00	0.00%	2026-09-16: (no price)
Software & Licenses	VMWare VCenter Products	HPE OCA > DL360 Gen11 [P52499-B21] > Software & Licenses > VMWare VCenter Products	Operating System / License	Unlimited	0	Unlimited	Selection constraint for VMWare VCenter Products: no max	K8X47AAE	Service	VMware vRealize Operations Standard 25 Virtual Machines Pack 3yr E-LTU	0	0.00				No	Obsolete (OB)		Not published by OCA	Obsolete (OB)	2026-09-16	2026-09-16	{}	BASELINE	N/A	$0.00	0.00%	2026-09-16: (no price)
Software & Licenses	VMWare VCenter Products	HPE OCA > DL360 Gen11 [P52499-B21] > Software & Licenses > VMWare VCenter Products	Operating System / License	Unlimited	0	Unlimited	Selection constraint for VMWare VCenter Products: no max	K8X48AAE	Service	VMware vRealize Operations Standard 25 Virtual Machines Pack 5yr E-LTU	0	0.00				No	Obsolete (OB)		Not published by OCA	Obsolete (OB)	2026-09-16	2026-09-16	{}	BASELINE	N/A	$0.00	0.00%	2026-09-16: (no price)
Software & Licenses	VMWare VCenter Products	HPE OCA > DL360 Gen11 [P52499-B21] > Software & Licenses > VMWare VCenter Products	Operating System / License	Unlimited	0	Unlimited	Selection constraint for VMWare VCenter Products: no max	R1T82AAE	Service	VMware vRealize Operations Standard per CPU 1yr E-LTU	0	0.00				No	Obsolete (OB)		Not published by OCA	Obsolete (OB)	2026-09-16	2026-09-16	{}	BASELINE	N/A	$0.00	0.00%	2026-09-16: (no price)
Software & Licenses	VMWare VCenter Products	HPE OCA > DL360 Gen11 [P52499-B21] > Software & Licenses > VMWare VCenter Products	Operating System / License	Unlimited	0	Unlimited	Selection constraint for VMWare VCenter Products: no max	R1T83AAE	Service	VMware vRealize Operations Standard per CPU 3yr E-LTU	0	0.00				No	Obsolete (OB)		Not published by OCA	Obsolete (OB)	2026-09-16	2026-09-16	{}	BASELINE	N/A	$0.00	0.00%	2026-09-16: (no price)
Software & Licenses	VMWare VCenter Products	HPE OCA > DL360 Gen11 [P52499-B21] > Software & Licenses > VMWare VCenter Products	Operating System / License	Unlimited	0	Unlimited	Selection constraint for VMWare VCenter Products: no max	R1T84AAE	Service	VMware vRealize Operations Standard per CPU 5yr E-LTU	0	0.00				No	Obsolete (OB)		Not published by OCA	Obsolete (OB)	2026-09-16	2026-09-16	{}	BASELINE	N/A	$0.00	0.00%	2026-09-16: (no price)
Software & Licenses	VMWare Client Virtualization	HPE OCA > DL360 Gen11 [P52499-B21] > Software & Licenses > VMWare Client Virtualization	Operating System / License	Unlimited	0	Unlimited	Selection constraint for VMWare Client Virtualization: no max	S2D30AAE	Service	VMware Horizon Enterprise Term 10-pack Concurrent Users 1-year E-LTU	0	0.00				No	Obsolete (OB)		Not published by OCA	Obsolete (OB)	2026-09-16	2026-09-16	{}	BASELINE	N/A	$0.00	0.00%	2026-09-16: (no price)
Software & Licenses	VMWare Client Virtualization	HPE OCA > DL360 Gen11 [P52499-B21] > Software & Licenses > VMWare Client Virtualization	Operating System / License	Unlimited	0	Unlimited	Selection constraint for VMWare Client Virtualization: no max	R9B03AAE	Service	VMware Horizon Enterprise Term 10-pack Concurrent Users 1-year E-LTU	0	0.00				No	Obsolete (OB)		Not published by OCA	Obsolete (OB)	2026-09-16	2026-09-16	{}	BASELINE	N/A	$0.00	0.00%	2026-09-16: (no price)
Software & Licenses	VMWare Client Virtualization	HPE OCA > DL360 Gen11 [P52499-B21] > Software & Licenses > VMWare Client Virtualization	Operating System / License	Unlimited	0	Unlimited	Selection constraint for VMWare Client Virtualization: no max	R9B04AAE	Service	VMware Horizon Enterprise Term 10-pack Concurrent Users 3-year E-LTU	0	0.00				No	Obsolete (OB)		Not published by OCA	Obsolete (OB)	2026-09-16	2026-09-16	{}	BASELINE	N/A	$0.00	0.00%	2026-09-16: (no price)
Software & Licenses	VMWare Client Virtualization	HPE OCA > DL360 Gen11 [P52499-B21] > Software & Licenses > VMWare Client Virtualization	Operating System / License	Unlimited	0	Unlimited	Selection constraint for VMWare Client Virtualization: no max	S2D31AAE	Service	VMware Horizon Enterprise Term 10-pack Concurrent Users 3-year E-LTU	0	0.00				No	Obsolete (OB)		Not published by OCA	Obsolete (OB)	2026-09-16	2026-09-16	{}	BASELINE	N/A	$0.00	0.00%	2026-09-16: (no price)
Software & Licenses	VMWare Client Virtualization	HPE OCA > DL360 Gen11 [P52499-B21] > Software & Licenses > VMWare Client Virtualization	Operating System / License	Unlimited	0	Unlimited	Selection constraint for VMWare Client Virtualization: no max	R9B05AAE	Service	VMware Horizon Enterprise Term 10-pack Concurrent Users 4-year E-LTU	0	0.00				No	Obsolete (OB)		Not published by OCA	Obsolete (OB)	2026-09-16	2026-09-16	{}	BASELINE	N/A	$0.00	0.00%	2026-09-16: (no price)
Software & Licenses	VMWare Client Virtualization	HPE OCA > DL360 Gen11 [P52499-B21] > Software & Licenses > VMWare Client Virtualization	Operating System / License	Unlimited	0	Unlimited	Selection constraint for VMWare Client Virtualization: no max	S2D32AAE	Service	VMware Horizon Enterprise Term 10-pack Concurrent Users 4-year E-LTU	0	0.00				No	Obsolete (OB)		Not published by OCA	Obsolete (OB)	2026-09-16	2026-09-16	{}	BASELINE	N/A	$0.00	0.00%	2026-09-16: (no price)
Software & Licenses	VMWare Client Virtualization	HPE OCA > DL360 Gen11 [P52499-B21] > Software & Licenses > VMWare Client Virtualization	Operating System / License	Unlimited	0	Unlimited	Selection constraint for VMWare Client Virtualization: no max	R9B06AAE	Service	VMware Horizon Enterprise Term 10-pack Concurrent Users 5-year E-LTU	0	0.00				No	Obsolete (OB)		Not published by OCA	Obsolete (OB)	2026-09-16	2026-09-16	{}	BASELINE	N/A	$0.00	0.00%	2026-09-16: (no price)
Software & Licenses	VMWare Client Virtualization	HPE OCA > DL360 Gen11 [P52499-B21] > Software & Licenses > VMWare Client Virtualization	Operating System / License	Unlimited	0	Unlimited	Selection constraint for VMWare Client Virtualization: no max	S2D33AAE	Service	VMware Horizon Enterprise Term 10-pack Concurrent Users 5-year E-LTU	0	0.00				No	Obsolete (OB)		Not published by OCA	Obsolete (OB)	2026-09-16	2026-09-16	{}	BASELINE	N/A	$0.00	0.00%	2026-09-16: (no price)
Software & Licenses	VMWare Client Virtualization	HPE OCA > DL360 Gen11 [P52499-B21] > Software & Licenses > VMWare Client Virtualization	Operating System / License	Unlimited	0	Unlimited	Selection constraint for VMWare Client Virtualization: no max	S2D26AAE	Service	VMware Horizon Enterprise Term 10-pack Named Users 1-year E-LTU	0	0.00				No	Obsolete (OB)		Not published by OCA	Obsolete (OB)	2026-09-16	2026-09-16	{}	BASELINE	N/A	$0.00	0.00%	2026-09-16: (no price)
Software & Licenses	VMWare Client Virtualization	HPE OCA > DL360 Gen11 [P52499-B21] > Software & Licenses > VMWare Client Virtualization	Operating System / License	Unlimited	0	Unlimited	Selection constraint for VMWare Client Virtualization: no max	R9B15AAE	Service	VMware Horizon Enterprise Term 10-pack Named Users 1-year E-LTU	0	0.00				No	Obsolete (OB)		Not published by OCA	Obsolete (OB)	2026-09-16	2026-09-16	{}	BASELINE	N/A	$0.00	0.00%	2026-09-16: (no price)
Software & Licenses	VMWare Client Virtualization	HPE OCA > DL360 Gen11 [P52499-B21] > Software & Licenses > VMWare Client Virtualization	Operating System / License	Unlimited	0	Unlimited	Selection constraint for VMWare Client Virtualization: no max	R9B16AAE	Service	VMware Horizon Enterprise Term 10-pack Named Users 3-year E-LTU	0	0.00				No	Obsolete (OB)		Not published by OCA	Obsolete (OB)	2026-09-16	2026-09-16	{}	BASELINE	N/A	$0.00	0.00%	2026-09-16: (no price)
Software & Licenses	VMWare Client Virtualization	HPE OCA > DL360 Gen11 [P52499-B21] > Software & Licenses > VMWare Client Virtualization	Operating System / License	Unlimited	0	Unlimited	Selection constraint for VMWare Client Virtualization: no max	S2D27AAE	Service	VMware Horizon Enterprise Term 10-pack Named Users 3-year E-LTU	0	0.00				No	Obsolete (OB)		Not published by OCA	Obsolete (OB)	2026-09-16	2026-09-16	{}	BASELINE	N/A	$0.00	0.00%	2026-09-16: (no price)
Software & Licenses	VMWare Client Virtualization	HPE OCA > DL360 Gen11 [P52499-B21] > Software & Licenses > VMWare Client Virtualization	Operating System / License	Unlimited	0	Unlimited	Selection constraint for VMWare Client Virtualization: no max	S2D28AAE	Service	VMware Horizon Enterprise Term 10-pack Named Users 4-year E-LTU	0	0.00				No	Obsolete (OB)		Not published by OCA	Obsolete (OB)	2026-09-16	2026-09-16	{}	BASELINE	N/A	$0.00	0.00%	2026-09-16: (no price)
Software & Licenses	VMWare Client Virtualization	HPE OCA > DL360 Gen11 [P52499-B21] > Software & Licenses > VMWare Client Virtualization	Operating System / License	Unlimited	0	Unlimited	Selection constraint for VMWare Client Virtualization: no max	R9B17AAE	Service	VMware Horizon Enterprise Term 10-pack Named Users 4-year E-LTU	0	0.00				No	Obsolete (OB)		Not published by OCA	Obsolete (OB)	2026-09-16	2026-09-16	{}	BASELINE	N/A	$0.00	0.00%	2026-09-16: (no price)
Software & Licenses	VMWare Client Virtualization	HPE OCA > DL360 Gen11 [P52499-B21] > Software & Licenses > VMWare Client Virtualization	Operating System / License	Unlimited	0	Unlimited	Selection constraint for VMWare Client Virtualization: no max	S2D29AAE	Service	VMware Horizon Enterprise Term 10-pack Named Users 5-year E-LTU	0	0.00				No	Obsolete (OB)		Not published by OCA	Obsolete (OB)	2026-09-16	2026-09-16	{}	BASELINE	N/A	$0.00	0.00%	2026-09-16: (no price)
Software & Licenses	VMWare Client Virtualization	HPE OCA > DL360 Gen11 [P52499-B21] > Software & Licenses > VMWare Client Virtualization	Operating System / License	Unlimited	0	Unlimited	Selection constraint for VMWare Client Virtualization: no max	R9B18AAE	Service	VMware Horizon Enterprise Term 10-pack Named Users 5-year E-LTU	0	0.00				No	Obsolete (OB)		Not published by OCA	Obsolete (OB)	2026-09-16	2026-09-16	{}	BASELINE	N/A	$0.00	0.00%	2026-09-16: (no price)
Software & Licenses	VMWare Client Virtualization	HPE OCA > DL360 Gen11 [P52499-B21] > Software & Licenses > VMWare Client Virtualization	Operating System / License	Unlimited	0	Unlimited	Selection constraint for VMWare Client Virtualization: no max	S2D22AAE	Service	VMware Horizon Standard Term 10-pack Concurrent Users 1-year E-LTU	0	0.00				No	Obsolete (OB)		Not published by OCA	Obsolete (OB)	2026-09-16	2026-09-16	{}	BASELINE	N/A	$0.00	0.00%	2026-09-16: (no price)
Software & Licenses	VMWare Client Virtualization	HPE OCA > DL360 Gen11 [P52499-B21] > Software & Licenses > VMWare Client Virtualization	Operating System / License	Unlimited	0	Unlimited	Selection constraint for VMWare Client Virtualization: no max	R9A95AAE	Service	VMware Horizon Standard Term 10-pack Concurrent Users 1-year E-LTU	0	0.00				No	Obsolete (OB)		Not published by OCA	Obsolete (OB)	2026-09-16	2026-09-16	{}	BASELINE	N/A	$0.00	0.00%	2026-09-16: (no price)
Software & Licenses	VMWare Client Virtualization	HPE OCA > DL360 Gen11 [P52499-B21] > Software & Licenses > VMWare Client Virtualization	Operating System / License	Unlimited	0	Unlimited	Selection constraint for VMWare Client Virtualization: no max	S2D23AAE	Service	VMware Horizon Standard Term 10-pack Concurrent Users 3-year E-LTU	0	0.00				No	Obsolete (OB)		Not published by OCA	Obsolete (OB)	2026-09-16	2026-09-16	{}	BASELINE	N/A	$0.00	0.00%	2026-09-16: (no price)
Software & Licenses	VMWare Client Virtualization	HPE OCA > DL360 Gen11 [P52499-B21] > Software & Licenses > VMWare Client Virtualization	Operating System / License	Unlimited	0	Unlimited	Selection constraint for VMWare Client Virtualization: no max	R9A96AAE	Service	VMware Horizon Standard Term 10-pack Concurrent Users 3-year E-LTU	0	0.00				No	Obsolete (OB)		Not published by OCA	Obsolete (OB)	2026-09-16	2026-09-16	{}	BASELINE	N/A	$0.00	0.00%	2026-09-16: (no price)
Software & Licenses	VMWare Client Virtualization	HPE OCA > DL360 Gen11 [P52499-B21] > Software & Licenses > VMWare Client Virtualization	Operating System / License	Unlimited	0	Unlimited	Selection constraint for VMWare Client Virtualization: no max	S2D24AAE	Service	VMware Horizon Standard Term 10-pack Concurrent Users 4-year E-LTU	0	0.00				No	Obsolete (OB)		Not published by OCA	Obsolete (OB)	2026-09-16	2026-09-16	{}	BASELINE	N/A	$0.00	0.00%	2026-09-16: (no price)
Software & Licenses	VMWare Client Virtualization	HPE OCA > DL360 Gen11 [P52499-B21] > Software & Licenses > VMWare Client Virtualization	Operating System / License	Unlimited	0	Unlimited	Selection constraint for VMWare Client Virtualization: no max	R9A97AAE	Service	VMware Horizon Standard Term 10-pack Concurrent Users 4-year E-LTU	0	0.00				No	Obsolete (OB)		Not published by OCA	Obsolete (OB)	2026-09-16	2026-09-16	{}	BASELINE	N/A	$0.00	0.00%	2026-09-16: (no price)
Software & Licenses	VMWare Client Virtualization	HPE OCA > DL360 Gen11 [P52499-B21] > Software & Licenses > VMWare Client Virtualization	Operating System / License	Unlimited	0	Unlimited	Selection constraint for VMWare Client Virtualization: no max	S2D25AAE	Service	VMware Horizon Standard Term 10-pack Concurrent Users 5-year E-LTU	0	0.00				No	Obsolete (OB)		Not published by OCA	Obsolete (OB)	2026-09-16	2026-09-16	{}	BASELINE	N/A	$0.00	0.00%	2026-09-16: (no price)
Software & Licenses	VMWare Client Virtualization	HPE OCA > DL360 Gen11 [P52499-B21] > Software & Licenses > VMWare Client Virtualization	Operating System / License	Unlimited	0	Unlimited	Selection constraint for VMWare Client Virtualization: no max	R9A98AAE	Service	VMware Horizon Standard Term 10-pack Concurrent Users 5-year E-LTU	0	0.00				No	Obsolete (OB)		Not published by OCA	Obsolete (OB)	2026-09-16	2026-09-16	{}	BASELINE	N/A	$0.00	0.00%	2026-09-16: (no price)
Software & Licenses	VMWare Client Virtualization	HPE OCA > DL360 Gen11 [P52499-B21] > Software & Licenses > VMWare Client Virtualization	Operating System / License	Unlimited	0	Unlimited	Selection constraint for VMWare Client Virtualization: no max	BD500AAE	Service	VMware vSphere Desktop 100 Virtual Machines 1yr E-LTU	0	0.00				No	Obsolete (OB)		Not published by OCA	Obsolete (OB)	2026-09-16	2026-09-16	{}	BASELINE	N/A	$0.00	0.00%	2026-09-16: (no price)
Software & Licenses	VMWare Client Virtualization	HPE OCA > DL360 Gen11 [P52499-B21] > Software & Licenses > VMWare Client Virtualization	Operating System / License	Unlimited	0	Unlimited	Selection constraint for VMWare Client Virtualization: no max	BD501AAE	Service	VMware vSphere Desktop 100 Virtual Machines 3yr E-LTU	0	0.00				No	Obsolete (OB)		Not published by OCA	Obsolete (OB)	2026-09-16	2026-09-16	{}	BASELINE	N/A	$0.00	0.00%	2026-09-16: (no price)
Software & Licenses	VMWare VSphere Editions	HPE OCA > DL360 Gen11 [P52499-B21] > Software & Licenses > VMWare VSphere Editions	Processor	Unlimited	0	Unlimited	Selection constraint for VMWare VSphere Editions: no max	P9H44AAE	Service	VMware vSAN Advanced 1 Processor 1yr E-LTU	0	0.00				No	Obsolete (OB)		Not published by OCA	Obsolete (OB)	2026-09-16	2026-09-16	{}	BASELINE	N/A	$0.00	0.00%	2026-09-16: (no price)
Software & Licenses	VMWare VSphere Editions	HPE OCA > DL360 Gen11 [P52499-B21] > Software & Licenses > VMWare VSphere Editions	Processor	Unlimited	0	Unlimited	Selection constraint for VMWare VSphere Editions: no max	P9H45AAE	Service	VMware vSAN Advanced 1 Processor 3yr E-LTU	0	0.00				No	Obsolete (OB)		Not published by OCA	Obsolete (OB)	2026-09-16	2026-09-16	{}	BASELINE	N/A	$0.00	0.00%	2026-09-16: (no price)
Software & Licenses	VMWare VSphere Editions	HPE OCA > DL360 Gen11 [P52499-B21] > Software & Licenses > VMWare VSphere Editions	Processor	Unlimited	0	Unlimited	Selection constraint for VMWare VSphere Editions: no max	P9H46AAE	Service	VMware vSAN Advanced 1 Processor 5yr E-LTU	0	0.00				No	Obsolete (OB)		Not published by OCA	Obsolete (OB)	2026-09-16	2026-09-16	{}	BASELINE	N/A	$0.00	0.00%	2026-09-16: (no price)
Software & Licenses	VMWare VSphere Editions	HPE OCA > DL360 Gen11 [P52499-B21] > Software & Licenses > VMWare VSphere Editions	Operating System / License	Unlimited	0	Unlimited	Selection constraint for VMWare VSphere Editions: no max	S2D07AAE	Service	VMware vSAN Advanced Term per Core 1-year E-LTU	0	0.00				No	Obsolete (OB)		Not published by OCA	Obsolete (OB)	2026-09-16	2026-09-16	{}	BASELINE	N/A	$0.00	0.00%	2026-09-16: (no price)
Software & Licenses	VMWare VSphere Editions	HPE OCA > DL360 Gen11 [P52499-B21] > Software & Licenses > VMWare VSphere Editions	Operating System / License	Unlimited	0	Unlimited	Selection constraint for VMWare VSphere Editions: no max	S2D08AAE	Service	VMware vSAN Advanced Term per Core 3-year E-LTU	0	0.00				No	Obsolete (OB)		Not published by OCA	Obsolete (OB)	2026-09-16	2026-09-16	{}	BASELINE	N/A	$0.00	0.00%	2026-09-16: (no price)
Software & Licenses	VMWare VSphere Editions	HPE OCA > DL360 Gen11 [P52499-B21] > Software & Licenses > VMWare VSphere Editions	Operating System / License	Unlimited	0	Unlimited	Selection constraint for VMWare VSphere Editions: no max	S2D10AAE	Service	VMware vSAN Advanced Term per Core 5-year E-LTU	0	0.00				No	Obsolete (OB)		Not published by OCA	Obsolete (OB)	2026-09-16	2026-09-16	{}	BASELINE	N/A	$0.00	0.00%	2026-09-16: (no price)
Software & Licenses	VMWare VSphere Editions	HPE OCA > DL360 Gen11 [P52499-B21] > Software & Licenses > VMWare VSphere Editions	Operating System / License	Unlimited	0	Unlimited	Selection constraint for VMWare VSphere Editions: no max	S2D11AAE	Service	VMware vSAN Enterprise Term per Core 1-year E-LTU	0	0.00				No	Obsolete (OB)		Not published by OCA	Obsolete (OB)	2026-09-16	2026-09-16	{}	BASELINE	N/A	$0.00	0.00%	2026-09-16: (no price)
Software & Licenses	VMWare VSphere Editions	HPE OCA > DL360 Gen11 [P52499-B21] > Software & Licenses > VMWare VSphere Editions	Operating System / License	Unlimited	0	Unlimited	Selection constraint for VMWare VSphere Editions: no max	S2D12AAE	Service	VMware vSAN Enterprise Term per Core 3-year E-LTU	0	0.00				No	Obsolete (OB)		Not published by OCA	Obsolete (OB)	2026-09-16	2026-09-16	{}	BASELINE	N/A	$0.00	0.00%	2026-09-16: (no price)
Software & Licenses	VMWare VSphere Editions	HPE OCA > DL360 Gen11 [P52499-B21] > Software & Licenses > VMWare VSphere Editions	Operating System / License	Unlimited	0	Unlimited	Selection constraint for VMWare VSphere Editions: no max	S2D14AAE	Service	VMware vSAN Enterprise Term per Core 5-year E-LTU	0	0.00				No	Obsolete (OB)		Not published by OCA	Obsolete (OB)	2026-09-16	2026-09-16	{}	BASELINE	N/A	$0.00	0.00%	2026-09-16: (no price)
Software & Licenses	VMWare VSphere Editions	HPE OCA > DL360 Gen11 [P52499-B21] > Software & Licenses > VMWare VSphere Editions	Processor	Unlimited	0	Unlimited	Selection constraint for VMWare VSphere Editions: no max	G4Y17AAE	Service	VMware vSAN Standard 1 Processor 1-year E-LTU	0	0.00				No	Obsolete (OB)		Not published by OCA	Obsolete (OB)	2026-09-16	2026-09-16	{}	BASELINE	N/A	$0.00	0.00%	2026-09-16: (no price)
Software & Licenses	VMWare VSphere Editions	HPE OCA > DL360 Gen11 [P52499-B21] > Software & Licenses > VMWare VSphere Editions	Processor	Unlimited	0	Unlimited	Selection constraint for VMWare VSphere Editions: no max	G4Y18AAE	Service	VMware vSAN Standard 1 Processor 3-year E-LTU	0	0.00				No	Obsolete (OB)		Not published by OCA	Obsolete (OB)	2026-09-16	2026-09-16	{}	BASELINE	N/A	$0.00	0.00%	2026-09-16: (no price)
Software & Licenses	VMWare VSphere Editions	HPE OCA > DL360 Gen11 [P52499-B21] > Software & Licenses > VMWare VSphere Editions	Processor	Unlimited	0	Unlimited	Selection constraint for VMWare VSphere Editions: no max	G4Y19AAE	Service	VMware vSAN Standard 1 Processor 5-year E-LTU	0	0.00				No	Obsolete (OB)		Not published by OCA	Obsolete (OB)	2026-09-16	2026-09-16	{}	BASELINE	N/A	$0.00	0.00%	2026-09-16: (no price)
Software & Licenses	VMWare VSphere Editions	HPE OCA > DL360 Gen11 [P52499-B21] > Software & Licenses > VMWare VSphere Editions	Operating System / License	Unlimited	0	Unlimited	Selection constraint for VMWare VSphere Editions: no max	S2D01AAE	Service	VMware vSAN Standard Term per Core 1-year E-LTU	0	0.00				No	Obsolete (OB)		Not published by OCA	Obsolete (OB)	2026-09-16	2026-09-16	{}	BASELINE	N/A	$0.00	0.00%	2026-09-16: (no price)
Software & Licenses	VMWare VSphere Editions	HPE OCA > DL360 Gen11 [P52499-B21] > Software & Licenses > VMWare VSphere Editions	Operating System / License	Unlimited	0	Unlimited	Selection constraint for VMWare VSphere Editions: no max	S2D03AAE	Service	VMware vSAN Standard Term per Core 3-year E-LTU	0	0.00				No	Obsolete (OB)		Not published by OCA	Obsolete (OB)	2026-09-16	2026-09-16	{}	BASELINE	N/A	$0.00	0.00%	2026-09-16: (no price)
Software & Licenses	VMWare VSphere Editions	HPE OCA > DL360 Gen11 [P52499-B21] > Software & Licenses > VMWare VSphere Editions	Operating System / License	Unlimited	0	Unlimited	Selection constraint for VMWare VSphere Editions: no max	S2D05AAE	Service	VMware vSAN Standard Term per Core 5-year E-LTU	0	0.00				No	Obsolete (OB)		Not published by OCA	Obsolete (OB)	2026-09-16	2026-09-16	{}	BASELINE	N/A	$0.00	0.00%	2026-09-16: (no price)
Software & Licenses	VMWare VSphere Editions	HPE OCA > DL360 Gen11 [P52499-B21] > Software & Licenses > VMWare VSphere Editions	Processor	Unlimited	0	Unlimited	Selection constraint for VMWare VSphere Editions: no max	BD714AAE	Service	VMware vSphere Enterprise Plus 1 Processor 1yr E-LTU	0	0.00				No	Obsolete (OB)		Not published by OCA	Obsolete (OB)	2026-09-16	2026-09-16	{}	BASELINE	N/A	$0.00	0.00%	2026-09-16: (no price)
Software & Licenses	VMWare VSphere Editions	HPE OCA > DL360 Gen11 [P52499-B21] > Software & Licenses > VMWare VSphere Editions	Processor	Unlimited	0	Unlimited	Selection constraint for VMWare VSphere Editions: no max	BD715AAE	Service	VMware vSphere Enterprise Plus 1 Processor 3yr E-LTU	0	0.00				No	Obsolete (OB)		Not published by OCA	Obsolete (OB)	2026-09-16	2026-09-16	{}	BASELINE	N/A	$0.00	0.00%	2026-09-16: (no price)
Software & Licenses	VMWare VSphere Editions	HPE OCA > DL360 Gen11 [P52499-B21] > Software & Licenses > VMWare VSphere Editions	Processor	Unlimited	0	Unlimited	Selection constraint for VMWare VSphere Editions: no max	BD514AAE	Service	VMware vSphere Enterprise Plus 1 Processor 5yr E-LTU	0	0.00				No	Obsolete (OB)		Not published by OCA	Obsolete (OB)	2026-09-16	2026-09-16	{}	BASELINE	N/A	$0.00	0.00%	2026-09-16: (no price)
Software & Licenses	VMWare VSphere Editions	HPE OCA > DL360 Gen11 [P52499-B21] > Software & Licenses > VMWare VSphere Editions	Processor	Unlimited	0	Unlimited	Selection constraint for VMWare VSphere Editions: no max	P9U11AAE	Service	VMware vSphere Enterprise Plus Acceleration Kit for 6 Processors 3yr E-LTU	0	0.00				No	Obsolete (OB)		Not published by OCA	Obsolete (OB)	2026-09-16	2026-09-16	{}	BASELINE	N/A	$0.00	0.00%	2026-09-16: (no price)
Software & Licenses	VMWare VSphere Editions	HPE OCA > DL360 Gen11 [P52499-B21] > Software & Licenses > VMWare VSphere Editions	Processor	Unlimited	0	Unlimited	Selection constraint for VMWare VSphere Editions: no max	P9U12AAE	Service	VMware vSphere Enterprise Plus Acceleration Kit for 6 Processors 5yr E-LTU	0	0.00				No	Obsolete (OB)		Not published by OCA	Obsolete (OB)	2026-09-16	2026-09-16	{}	BASELINE	N/A	$0.00	0.00%	2026-09-16: (no price)
Software & Licenses	VMWare VSphere Editions	HPE OCA > DL360 Gen11 [P52499-B21] > Software & Licenses > VMWare VSphere Editions	Operating System / License	Unlimited	0	Unlimited	Selection constraint for VMWare VSphere Editions: no max	S2C95AAE	Service	VMware vSphere Enterprise Plus with Tanzu Kubernetes Grid Term per Core 1-year E-LTU	0	0.00				No	Obsolete (OB)		Not published by OCA	Obsolete (OB)	2026-09-16	2026-09-16	{}	BASELINE	N/A	$0.00	0.00%	2026-09-16: (no price)
Software & Licenses	VMWare VSphere Editions	HPE OCA > DL360 Gen11 [P52499-B21] > Software & Licenses > VMWare VSphere Editions	Operating System / License	Unlimited	0	Unlimited	Selection constraint for VMWare VSphere Editions: no max	S2C97AAE	Service	VMware vSphere Enterprise Plus with Tanzu Kubernetes Grid Term per Core 3-year E-LTU	0	0.00				No	Obsolete (OB)		Not published by OCA	Obsolete (OB)	2026-09-16	2026-09-16	{}	BASELINE	N/A	$0.00	0.00%	2026-09-16: (no price)
Software & Licenses	VMWare VSphere Editions	HPE OCA > DL360 Gen11 [P52499-B21] > Software & Licenses > VMWare VSphere Editions	Operating System / License	Unlimited	0	Unlimited	Selection constraint for VMWare VSphere Editions: no max	S2C99AAE	Service	VMware vSphere Enterprise Plus with Tanzu Kubernetes Grid Term per Core 5-year E-LTU	0	0.00				No	Obsolete (OB)		Not published by OCA	Obsolete (OB)	2026-09-16	2026-09-16	{}	BASELINE	N/A	$0.00	0.00%	2026-09-16: (no price)
Software & Licenses	VMWare VSphere Editions	HPE OCA > DL360 Gen11 [P52499-B21] > Software & Licenses > VMWare VSphere Editions	Processor	Unlimited	0	Unlimited	Selection constraint for VMWare VSphere Editions: no max	BD740AAE	Service	VMware vSphere Enterprise to Enterprise Plus Upgrade 1 Processor 1yr E-LTU	0	0.00				No	Obsolete (OB)		Not published by OCA	Obsolete (OB)	2026-09-16	2026-09-16	{}	BASELINE	N/A	$0.00	0.00%	2026-09-16: (no price)
Software & Licenses	VMWare VSphere Editions	HPE OCA > DL360 Gen11 [P52499-B21] > Software & Licenses > VMWare VSphere Editions	Processor	Unlimited	0	Unlimited	Selection constraint for VMWare VSphere Editions: no max	BD741AAE	Service	VMware vSphere Enterprise to Enterprise Plus Upgrade 1 Processor 3yr E-LTU	0	0.00				No	Obsolete (OB)		Not published by OCA	Obsolete (OB)	2026-09-16	2026-09-16	{}	BASELINE	N/A	$0.00	0.00%	2026-09-16: (no price)
Software & Licenses	VMWare VSphere Editions	HPE OCA > DL360 Gen11 [P52499-B21] > Software & Licenses > VMWare VSphere Editions	Processor	Unlimited	0	Unlimited	Selection constraint for VMWare VSphere Editions: no max	Q8U58AAE	Service	VMware vSphere Enterprise to vSphere Enterprise Plus Upgrade 1 Processor 5yr E-LTU	0	0.00				No	Obsolete (OB)		Not published by OCA	Obsolete (OB)	2026-09-16	2026-09-16	{}	BASELINE	N/A	$0.00	0.00%	2026-09-16: (no price)
Software & Licenses	VMWare VSphere Editions	HPE OCA > DL360 Gen11 [P52499-B21] > Software & Licenses > VMWare VSphere Editions	Operating System / License	Unlimited	0	Unlimited	Selection constraint for VMWare VSphere Editions: no max	R0G45AAE	Service	VMware vSphere Essentials Plus to vSphere Enterprise Plus Acceleration Kit Upgrade 6P 3yr E-LTU	0	0.00				No	Obsolete (OB)		Not published by OCA	Obsolete (OB)	2026-09-16	2026-09-16	{}	BASELINE	N/A	$0.00	0.00%	2026-09-16: (no price)
Software & Licenses	VMWare VSphere Editions	HPE OCA > DL360 Gen11 [P52499-B21] > Software & Licenses > VMWare VSphere Editions	Operating System / License	Unlimited	0	Unlimited	Selection constraint for VMWare VSphere Editions: no max	P9A85AAE	Service	VMware vSphere Remote Office Branch Office Advanced 25VM 3yr E-LTU	0	0.00				No	Obsolete (OB)		Not published by OCA	Obsolete (OB)	2026-09-16	2026-09-16	{}	BASELINE	N/A	$0.00	0.00%	2026-09-16: (no price)
Software & Licenses	VMWare VSphere Editions	HPE OCA > DL360 Gen11 [P52499-B21] > Software & Licenses > VMWare VSphere Editions	Operating System / License	Unlimited	0	Unlimited	Selection constraint for VMWare VSphere Editions: no max	P9A82AAE	Service	VMware vSphere Remote Office Branch Office Standard 25VM 3yr E-LTU	0	0.00				No	Obsolete (OB)		Not published by OCA	Obsolete (OB)	2026-09-16	2026-09-16	{}	BASELINE	N/A	$0.00	0.00%	2026-09-16: (no price)
Software & Licenses	VMWare VSphere Editions	HPE OCA > DL360 Gen11 [P52499-B21] > Software & Licenses > VMWare VSphere Editions	Operating System / License	Unlimited	0	Unlimited	Selection constraint for VMWare VSphere Editions: no max	P9A83AAE	Service	VMware vSphere Remote Office Branch Office Standard 25VM 5yr E-LTU	0	0.00				No	Obsolete (OB)		Not published by OCA	Obsolete (OB)	2026-09-16	2026-09-16	{}	BASELINE	N/A	$0.00	0.00%	2026-09-16: (no price)
Software & Licenses	VMWare VSphere Editions	HPE OCA > DL360 Gen11 [P52499-B21] > Software & Licenses > VMWare VSphere Editions	Processor	Unlimited	0	Unlimited	Selection constraint for VMWare VSphere Editions: no max	BD710AAE	Service	VMware vSphere Standard 1 Processor 1yr E-LTU	0	0.00				No	Obsolete (OB)		Not published by OCA	Obsolete (OB)	2026-09-16	2026-09-16	{}	BASELINE	N/A	$0.00	0.00%	2026-09-16: (no price)
Software & Licenses	VMWare VSphere Editions	HPE OCA > DL360 Gen11 [P52499-B21] > Software & Licenses > VMWare VSphere Editions	Processor	Unlimited	0	Unlimited	Selection constraint for VMWare VSphere Editions: no max	BD711AAE	Service	VMware vSphere Standard 1 Processor 3yr E-LTU	0	0.00				No	Obsolete (OB)		Not published by OCA	Obsolete (OB)	2026-09-16	2026-09-16	{}	BASELINE	N/A	$0.00	0.00%	2026-09-16: (no price)
Software & Licenses	VMWare VSphere Editions	HPE OCA > DL360 Gen11 [P52499-B21] > Software & Licenses > VMWare VSphere Editions	Processor	Unlimited	0	Unlimited	Selection constraint for VMWare VSphere Editions: no max	BD512AAE	Service	VMware vSphere Standard 1 Processor 5yr E-LTU	0	0.00				No	Obsolete (OB)		Not published by OCA	Obsolete (OB)	2026-09-16	2026-09-16	{}	BASELINE	N/A	$0.00	0.00%	2026-09-16: (no price)
Software & Licenses	VMWare VSphere Editions	HPE OCA > DL360 Gen11 [P52499-B21] > Software & Licenses > VMWare VSphere Editions	Processor	Unlimited	0	Unlimited	Selection constraint for VMWare VSphere Editions: no max	P9U08AAE	Service	VMware vSphere Standard Acceleration Kit for 6 Processors 3yr E-LTU	0	0.00				No	Obsolete (OB)		Not published by OCA	Obsolete (OB)	2026-09-16	2026-09-16	{}	BASELINE	N/A	$0.00	0.00%	2026-09-16: (no price)
Software & Licenses	VMWare VSphere Editions	HPE OCA > DL360 Gen11 [P52499-B21] > Software & Licenses > VMWare VSphere Editions	Processor	Unlimited	0	Unlimited	Selection constraint for VMWare VSphere Editions: no max	P9U09AAE	Service	VMware vSphere Standard Acceleration Kit for 6 Processors 5yr E-LTU	0	0.00				No	Obsolete (OB)		Not published by OCA	Obsolete (OB)	2026-09-16	2026-09-16	{}	BASELINE	N/A	$0.00	0.00%	2026-09-16: (no price)
Software & Licenses	VMWare VSphere Editions	HPE OCA > DL360 Gen11 [P52499-B21] > Software & Licenses > VMWare VSphere Editions	Operating System / License	Unlimited	0	Unlimited	Selection constraint for VMWare VSphere Editions: no max	S2C89AAE	Service	VMware vSphere Standard Term per Core 1-year E-LTU	0	0.00				No	Obsolete (OB)		Not published by OCA	Obsolete (OB)	2026-09-16	2026-09-16	{}	BASELINE	N/A	$0.00	0.00%	2026-09-16: (no price)
Software & Licenses	VMWare VSphere Editions	HPE OCA > DL360 Gen11 [P52499-B21] > Software & Licenses > VMWare VSphere Editions	Operating System / License	Unlimited	0	Unlimited	Selection constraint for VMWare VSphere Editions: no max	S2C91AAE	Service	VMware vSphere Standard Term per Core 3-year E-LTU	0	0.00				No	Obsolete (OB)		Not published by OCA	Obsolete (OB)	2026-09-16	2026-09-16	{}	BASELINE	N/A	$0.00	0.00%	2026-09-16: (no price)
Software & Licenses	VMWare VSphere Editions	HPE OCA > DL360 Gen11 [P52499-B21] > Software & Licenses > VMWare VSphere Editions	Operating System / License	Unlimited	0	Unlimited	Selection constraint for VMWare VSphere Editions: no max	S2C93AAE	Service	VMware vSphere Standard Term per Core 5-year E-LTU	0	0.00				No	Obsolete (OB)		Not published by OCA	Obsolete (OB)	2026-09-16	2026-09-16	{}	BASELINE	N/A	$0.00	0.00%	2026-09-16: (no price)
Software & Licenses	VMWare VSphere Editions	HPE OCA > DL360 Gen11 [P52499-B21] > Software & Licenses > VMWare VSphere Editions	Processor	Unlimited	0	Unlimited	Selection constraint for VMWare VSphere Editions: no max	BD738AAE	Service	VMware vSphere Standard to Enterprise Plus Upgrade 1 Processor 1yr E-LTU	0	0.00				No	Obsolete (OB)		Not published by OCA	Obsolete (OB)	2026-09-16	2026-09-16	{}	BASELINE	N/A	$0.00	0.00%	2026-09-16: (no price)
Software & Licenses	VMWare VSphere Editions	HPE OCA > DL360 Gen11 [P52499-B21] > Software & Licenses > VMWare VSphere Editions	Processor	Unlimited	0	Unlimited	Selection constraint for VMWare VSphere Editions: no max	BD739AAE	Service	VMware vSphere Standard to Enterprise Plus Upgrade 1 Processor 3yr E-LTU	0	0.00				No	Obsolete (OB)		Not published by OCA	Obsolete (OB)	2026-09-16	2026-09-16	{}	BASELINE	N/A	$0.00	0.00%	2026-09-16: (no price)
Software & Licenses	VMWare VSphere Editions	HPE OCA > DL360 Gen11 [P52499-B21] > Software & Licenses > VMWare VSphere Editions	Processor	Unlimited	0	Unlimited	Selection constraint for VMWare VSphere Editions: no max	BD527AAE	Service	VMware vSphere Standard to Enterprise Plus Upgrade 1 Processor 5yr E-LTU	0	0.00				No	Obsolete (OB)		Not published by OCA	Obsolete (OB)	2026-09-16	2026-09-16	{}	BASELINE	N/A	$0.00	0.00%	2026-09-16: (no price)
Software & Licenses	VMWare VSphere Editions	HPE OCA > DL360 Gen11 [P52499-B21] > Software & Licenses > VMWare VSphere Editions	Operating System / License	Unlimited	0	Unlimited	Private Product is not valid for current customer account	S4R78AAE	Service	VMware vSAN Term per TiB 1-year 24x7 E-RTU	0	0.00				No	Not published by OCA		Not published by OCA	Active	2026-09-16	05/31/2028	{}	BASELINE	N/A	$0.00	0.00%	2026-09-16: (no price)
Software & Licenses	VMWare VSphere Editions	HPE OCA > DL360 Gen11 [P52499-B21] > Software & Licenses > VMWare VSphere Editions	Service & Support	Unlimited	0	Unlimited	Private Product is not valid for current customer account	S4F96AAE	Service	VMware vSAN Term per TiB 3-year Subscription 24x7 Support E-RTU	0	0.00				No	Not published by OCA		Not published by OCA	Active	2026-09-16	05/31/2028	{}	BASELINE	N/A	$0.00	0.00%	2026-09-16: (no price)
Software & Licenses	VMWare VSphere Editions	HPE OCA > DL360 Gen11 [P52499-B21] > Software & Licenses > VMWare VSphere Editions	Service & Support	Unlimited	0	Unlimited	Private Product is not valid for current customer account	S4G02AAE	Service	VMware vSAN Term per TiB 5-year Subscription 24x7 Support E-RTU	0	0.00				No	Not published by OCA		Not published by OCA	Active	2026-09-16	05/31/2028	{}	BASELINE	N/A	$0.00	0.00%	2026-09-16: (no price)
Software & Licenses	VMWare VSphere Editions	HPE OCA > DL360 Gen11 [P52499-B21] > Software & Licenses > VMWare VSphere Editions	Operating System / License	Unlimited	0	Unlimited	Private Product is not valid for current customer account	S4R79AAE	Service	VMware vSphere Foundation Term per Core 1-year 24x7 E-RTU	0	0.00				No	Not published by OCA		Not published by OCA	Active	2026-09-16	05/31/2028	{}	BASELINE	N/A	$0.00	0.00%	2026-09-16: (no price)
Software & Licenses	VMWare VSphere Editions	HPE OCA > DL360 Gen11 [P52499-B21] > Software & Licenses > VMWare VSphere Editions	Service & Support	Unlimited	0	Unlimited	Private Product is not valid for current customer account	S4F97AAE	Service	VMware vSphere Foundation Term per Core 3-year Subscription 24x7 Support E-RTU	0	0.00				No	Not published by OCA		Not published by OCA	Active	2026-09-16	05/31/2028	{}	BASELINE	N/A	$0.00	0.00%	2026-09-16: (no price)
Software & Licenses	VMWare VSphere Editions	HPE OCA > DL360 Gen11 [P52499-B21] > Software & Licenses > VMWare VSphere Editions	Service & Support	Unlimited	0	Unlimited	Private Product is not valid for current customer account	S4G03AAE	Service	VMware vSphere Foundation Term per Core 5-year Subscription 24x7 Support E-RTU	0	0.00				No	Not published by OCA		Not published by OCA	Active	2026-09-16	05/31/2028	{}	BASELINE	N/A	$0.00	0.00%	2026-09-16: (no price)
Software & Licenses	VMWare VSphere Kits	HPE OCA > DL360 Gen11 [P52499-B21] > Software & Licenses > VMWare VSphere Kits	Operating System / License	Unlimited	0	Unlimited	Selection constraint for VMWare VSphere Kits: no max	BD706AAE	Service	VMware vSphere Essentials 1yr E-LTU	0	0.00				No	Obsolete (OB)		Not published by OCA	Obsolete (OB)	2026-09-16	2026-09-16	{}	BASELINE	N/A	$0.00	0.00%	2026-09-16: (no price)
Software & Licenses	VMWare VSphere Kits	HPE OCA > DL360 Gen11 [P52499-B21] > Software & Licenses > VMWare VSphere Kits	Operating System / License	Unlimited	0	Unlimited	Selection constraint for VMWare VSphere Kits: no max	BD707AAE	Service	VMware vSphere Essentials 3yr E-LTU	0	0.00				No	Obsolete (OB)		Not published by OCA	Obsolete (OB)	2026-09-16	2026-09-16	{}	BASELINE	N/A	$0.00	0.00%	2026-09-16: (no price)
Software & Licenses	VMWare VSphere Kits	HPE OCA > DL360 Gen11 [P52499-B21] > Software & Licenses > VMWare VSphere Kits	Operating System / License	Unlimited	0	Unlimited	Selection constraint for VMWare VSphere Kits: no max	BD510AAE	Service	VMware vSphere Essentials 5yr E-LTU	0	0.00				No	Obsolete (OB)		Not published by OCA	Obsolete (OB)	2026-09-16	2026-09-16	{}	BASELINE	N/A	$0.00	0.00%	2026-09-16: (no price)
Software & Licenses	VMWare VSphere Kits	HPE OCA > DL360 Gen11 [P52499-B21] > Software & Licenses > VMWare VSphere Kits	Processor	Unlimited	0	Unlimited	Selection constraint for VMWare VSphere Kits: no max	Q0K26AAE	Service	VMware vSphere Essentials Kit to vSphere Standard Acceleration Kit Upgr for 6 Processors 3yr E-LTU	0	0.00				No	Obsolete (OB)		Not published by OCA	Obsolete (OB)	2026-09-16	2026-09-16	{}	BASELINE	N/A	$0.00	0.00%	2026-09-16: (no price)
Software & Licenses	VMWare VSphere Kits	HPE OCA > DL360 Gen11 [P52499-B21] > Software & Licenses > VMWare VSphere Kits	Processor	Unlimited	0	Unlimited	Selection constraint for VMWare VSphere Kits: no max	F6M48AAE	Service	VMware vSphere Essentials Plus Kit 6 Processor 1yr E-LTU	0	0.00				No	Obsolete (OB)		Not published by OCA	Obsolete (OB)	2026-09-16	2026-09-16	{}	BASELINE	N/A	$0.00	0.00%	2026-09-16: (no price)
Software & Licenses	VMWare VSphere Kits	HPE OCA > DL360 Gen11 [P52499-B21] > Software & Licenses > VMWare VSphere Kits	Processor	Unlimited	0	Unlimited	Selection constraint for VMWare VSphere Kits: no max	F6M49AAE	Service	VMware vSphere Essentials Plus Kit 6 Processor 3yr E-LTU	0	0.00				No	Obsolete (OB)		Not published by OCA	Obsolete (OB)	2026-09-16	2026-09-16	{}	BASELINE	N/A	$0.00	0.00%	2026-09-16: (no price)
Software & Licenses	VMWare VSphere Kits	HPE OCA > DL360 Gen11 [P52499-B21] > Software & Licenses > VMWare VSphere Kits	Processor	Unlimited	0	Unlimited	Selection constraint for VMWare VSphere Kits: no max	F6M50AAE	Service	VMware vSphere Essentials Plus Kit 6 Processor 5yr E-LTU	0	0.00				No	Obsolete (OB)		Not published by OCA	Obsolete (OB)	2026-09-16	2026-09-16	{}	BASELINE	N/A	$0.00	0.00%	2026-09-16: (no price)
Software & Licenses	VMWare VSphere Kits	HPE OCA > DL360 Gen11 [P52499-B21] > Software & Licenses > VMWare VSphere Kits	Processor	Unlimited	0	Unlimited	Selection constraint for VMWare VSphere Kits: no max	Q0K29AAE	Service	VMware vSphere Essentials Plus Kit to vSphere Standard Acceleration Kit Upgr 6 Processor 3yr E-LTU	0	0.00				No	Obsolete (OB)		Not published by OCA	Obsolete (OB)	2026-09-16	2026-09-16	{}	BASELINE	N/A	$0.00	0.00%	2026-09-16: (no price)
Software & Licenses	VMWare VSphere Kits	HPE OCA > DL360 Gen11 [P52499-B21] > Software & Licenses > VMWare VSphere Kits	Operating System / License	Unlimited	0	Unlimited	Selection constraint for VMWare VSphere Kits: no max	Q0K22AAE	Service	VMware vSphere Essentials to vSphere Essential Plus Kit Upgr for 3 Hosts Max 2P per Host 1yr E-LTU	0	0.00				No	Obsolete (OB)		Not published by OCA	Obsolete (OB)	2026-09-16	2026-09-16	{}	BASELINE	N/A	$0.00	0.00%	2026-09-16: (no price)
Software & Licenses	VMWare VSphere Kits	HPE OCA > DL360 Gen11 [P52499-B21] > Software & Licenses > VMWare VSphere Kits	Operating System / License	Unlimited	0	Unlimited	Selection constraint for VMWare VSphere Kits: no max	Q0K23AAE	Service	VMware vSphere Essentials to vSphere Essential Plus Kit Upgr for 3 Hosts Max 2P per Host 3yr E-LTU	0	0.00				No	Obsolete (OB)		Not published by OCA	Obsolete (OB)	2026-09-16	2026-09-16	{}	BASELINE	N/A	$0.00	0.00%	2026-09-16: (no price)
Software & Licenses	VMWare Core Editions	HPE OCA > DL360 Gen11 [P52499-B21] > Software & Licenses > VMWare Core Editions	Operating System / License	Unlimited	0	Unlimited	Selection constraint for VMWare Core Editions: no max	R8V76AAE	Service	SUSE Linux Enterprise Server 1-2 Sockets Unlimited VM w/Live Patching 1-year 24x7 E-LTU	0	0.00				No	Available		Not published by OCA	Active	2026-09-16	05/31/2028	{}	BASELINE	N/A	$0.00	0.00%	2026-09-16: (no price)
Software & Licenses	VMWare Core Editions	HPE OCA > DL360 Gen11 [P52499-B21] > Software & Licenses > VMWare Core Editions	Operating System / License	Unlimited	0	Unlimited	Selection constraint for VMWare Core Editions: no max	R8V74AAE	Service	SUSE Linux Enterprise Server 1-2 Sockets Unlimited VM w/Live Patching 1-year 9x5 E-LTU	0	0.00				No	Available		Not published by OCA	Active	2026-09-16	05/31/2028	{}	BASELINE	N/A	$0.00	0.00%	2026-09-16: (no price)
Software & Licenses	VMWare Core Editions	HPE OCA > DL360 Gen11 [P52499-B21] > Software & Licenses > VMWare Core Editions	Operating System / License	Unlimited	0	Unlimited	Selection constraint for VMWare Core Editions: no max	R8V77AAE	Service	SUSE Linux Enterprise Server 1-2 Sockets Unlimited VM w/Live Patching 3-year 24x7 E-LTU	0	0.00				No	Available		Not published by OCA	Active	2026-09-16	05/31/2028	{}	BASELINE	N/A	$0.00	0.00%	2026-09-16: (no price)
Software & Licenses	VMWare Core Editions	HPE OCA > DL360 Gen11 [P52499-B21] > Software & Licenses > VMWare Core Editions	Operating System / License	Unlimited	0	Unlimited	Selection constraint for VMWare Core Editions: no max	R8V75AAE	Service	SUSE Linux Enterprise Server 1-2 Sockets Unlimited VM w/Live Patching 3-year 9x5 E-LTU	0	0.00				No	Available		Not published by OCA	Active	2026-09-16	05/31/2028	{}	BASELINE	N/A	$0.00	0.00%	2026-09-16: (no price)
Software & Licenses	VMWare Core Editions	HPE OCA > DL360 Gen11 [P52499-B21] > Software & Licenses > VMWare Core Editions	Operating System / License	Unlimited	0	Unlimited	Selection constraint for VMWare Core Editions: no max	R8V78AAE	Service	SUSE Linux Enterprise Server 1-2 Sockets Unlimited VM w/Live Patching 5-year 24x7 E-LTU	0	0.00				No	Available		Not published by OCA	Active	2026-09-16	05/31/2028	{}	BASELINE	N/A	$0.00	0.00%	2026-09-16: (no price)
Software & Licenses	VMWare Core Editions	HPE OCA > DL360 Gen11 [P52499-B21] > Software & Licenses > VMWare Core Editions	Operating System / License	Unlimited	0	Unlimited	Selection constraint for VMWare Core Editions: no max	S0F24AAE	Service	SUSE Linux Enterprise Server 1-2 Sockets Unlimited VM w/Live Patching 5-year 9x5 E-LTU	0	0.00				No	Available		Not published by OCA	Active	2026-09-16	05/31/2028	{}	BASELINE	N/A	$0.00	0.00%	2026-09-16: (no price)
Software & Licenses	VMWare Core Editions	HPE OCA > DL360 Gen11 [P52499-B21] > Software & Licenses > VMWare Core Editions	Service & Support	Unlimited	0	Unlimited	Selection constraint for VMWare Core Editions: no max	S0F23AAE	Service	SUSE Linux Enterprise Server 1-2 Sockets/1-2 VM 5-year Subscription 9x5 Support E-LTU	0	0.00				No	Obsolete (OB)		Not published by OCA	Obsolete (OB)	2026-09-16	2026-09-16	{}	BASELINE	N/A	$0.00	0.00%	2026-09-16: (no price)
Software & Licenses	VMWare Core Editions	HPE OCA > DL360 Gen11 [P52499-B21] > Software & Licenses > VMWare Core Editions	Operating System / License	Unlimited	0	Unlimited	Selection constraint for VMWare Core Editions: no max	R8V72AAE	Service	SUSE Linux Enterprise Server for SAP 1-2 Sockets Unlimited VM w/Live Patching 3-year 24x7 E-LTU	0	0.00				No	Obsolete (OB)		Not published by OCA	Obsolete (OB)	2026-09-16	2026-09-16	{}	BASELINE	N/A	$0.00	0.00%	2026-09-16: (no price)
Software & Licenses	VMWare Core Editions	HPE OCA > DL360 Gen11 [P52499-B21] > Software & Licenses > VMWare Core Editions	Operating System / License	Unlimited	0	Unlimited	Selection constraint for VMWare Core Editions: no max	R8V73AAE	Service	SUSE Linux Enterprise Server for SAP 1-2 Sockets Unlimited VM w/Live Patching 5-year 24x7 E-LTU	0	0.00				No	Obsolete (OB)		Not published by OCA	Obsolete (OB)	2026-09-16	2026-09-16	{}	BASELINE	N/A	$0.00	0.00%	2026-09-16: (no price)
Software & Licenses	VMWare Core Editions	HPE OCA > DL360 Gen11 [P52499-B21] > Software & Licenses > VMWare Core Editions	Operating System / License	Unlimited	0	Unlimited	Selection constraint for VMWare Core Editions: no max	S7N77AAE	Service	SUSE Linux Enterprise Server for SAP Applications 1-2 Sockets Unlimited VM 3yr Sub 24x7 Sup E-LTU	0	0.00				No	Available		Not published by OCA	Active	2026-09-16	05/31/2028	{}	BASELINE	N/A	$0.00	0.00%	2026-09-16: (no price)
Software & Licenses	VMWare Core Editions	HPE OCA > DL360 Gen11 [P52499-B21] > Software & Licenses > VMWare Core Editions	Operating System / License	Unlimited	0	Unlimited	Selection constraint for VMWare Core Editions: no max	S7N78AAE	Service	SUSE Linux Enterprise Server for SAP Applications 1-2 Sockets Unlimited VM 5yr Sub 24x7 Sup E-LTU	0	0.00				No	Available		Not published by OCA	Active	2026-09-16	05/31/2028	{}	BASELINE	N/A	$0.00	0.00%	2026-09-16: (no price)
Software & Licenses	VMWare Core Editions	HPE OCA > DL360 Gen11 [P52499-B21] > Software & Licenses > VMWare Core Editions	Operating System / License	Unlimited	0	Unlimited	Selection constraint for VMWare Core Editions: no max	S0F26AAE	Service	SUSE Manager Lifecycle Management 1-2 Sockets Unlimited VM 1-year 24x7 E-LTU	0	0.00				No	Available		Not published by OCA	Active	2026-09-16	05/31/2028	{}	BASELINE	N/A	$0.00	0.00%	2026-09-16: (no price)
Software & Licenses	VMWare Core Editions	HPE OCA > DL360 Gen11 [P52499-B21] > Software & Licenses > VMWare Core Editions	Operating System / License	Unlimited	0	Unlimited	Selection constraint for VMWare Core Editions: no max	R8V87AAE	Service	SUSE Manager Lifecycle Management 1-2 Sockets Unlimited VM 1-year 24x7 E-LTU	0	0.00				No	Available		Not published by OCA	Active	2026-09-16	05/31/2028	{}	BASELINE	N/A	$0.00	0.00%	2026-09-16: (no price)
Software & Licenses	VMWare Core Editions	HPE OCA > DL360 Gen11 [P52499-B21] > Software & Licenses > VMWare Core Editions	Operating System / License	Unlimited	0	Unlimited	Selection constraint for VMWare Core Editions: no max	R8V89AAE	Service	SUSE Manager Lifecycle Management 1-2 Sockets Unlimited VM 3-year 24x7 E-LTU	0	0.00				No	Available		Not published by OCA	Active	2026-09-16	05/31/2028	{}	BASELINE	N/A	$0.00	0.00%	2026-09-16: (no price)
Software & Licenses	VMWare Core Editions	HPE OCA > DL360 Gen11 [P52499-B21] > Software & Licenses > VMWare Core Editions	Operating System / License	Unlimited	0	Unlimited	Selection constraint for VMWare Core Editions: no max	S0F28AAE	Service	SUSE Manager Lifecycle Management 1-2 Sockets Unlimited VM 3-year 24x7 E-LTU	0	0.00				No	Available		Not published by OCA	Active	2026-09-16	05/31/2028	{}	BASELINE	N/A	$0.00	0.00%	2026-09-16: (no price)
Software & Licenses	VMWare Core Editions	HPE OCA > DL360 Gen11 [P52499-B21] > Software & Licenses > VMWare Core Editions	Operating System / License	Unlimited	0	Unlimited	Selection constraint for VMWare Core Editions: no max	S0F22AAE	Service	SUSE Manager Lifecycle Management 1-2 Sockets Unlimited VM 5-year 24x7 E-LTU	0	0.00				No	Available		Not published by OCA	Active	2026-09-16	05/31/2028	{}	BASELINE	N/A	$0.00	0.00%	2026-09-16: (no price)
Software & Licenses	VMWare Core Editions	HPE OCA > DL360 Gen11 [P52499-B21] > Software & Licenses > VMWare Core Editions	Operating System / License	Unlimited	0	Unlimited	Selection constraint for VMWare Core Editions: no max	S0F30AAE	Service	SUSE Manager Lifecycle Management 1-2 Sockets Unlimited VM 5-year 24x7 E-LTU	0	0.00				No	Available		Not published by OCA	Active	2026-09-16	05/31/2028	{}	BASELINE	N/A	$0.00	0.00%	2026-09-16: (no price)
Software & Licenses	VMWare Core Editions	HPE OCA > DL360 Gen11 [P52499-B21] > Software & Licenses > VMWare Core Editions	Operating System / License	Unlimited	0	Unlimited	Selection constraint for VMWare Core Editions: no max	R8V86AAE	Service	SUSE Manager Lifecycle Management 1-2 Sockets or 1-2 VM 1-year 24x7 E-LTU	0	0.00				No	Available		Not published by OCA	Active	2026-09-16	05/31/2028	{}	BASELINE	N/A	$0.00	0.00%	2026-09-16: (no price)
Software & Licenses	VMWare Core Editions	HPE OCA > DL360 Gen11 [P52499-B21] > Software & Licenses > VMWare Core Editions	Operating System / License	Unlimited	0	Unlimited	Selection constraint for VMWare Core Editions: no max	S0F25AAE	Service	SUSE Manager Lifecycle Management 1-2 Sockets or 1-2 VM 1-year 24x7 E-LTU	0	0.00				No	Available		Not published by OCA	Active	2026-09-16	05/31/2028	{}	BASELINE	N/A	$0.00	0.00%	2026-09-16: (no price)
Software & Licenses	VMWare Core Editions	HPE OCA > DL360 Gen11 [P52499-B21] > Software & Licenses > VMWare Core Editions	Operating System / License	Unlimited	0	Unlimited	Selection constraint for VMWare Core Editions: no max	S0F27AAE	Service	SUSE Manager Lifecycle Management 1-2 Sockets or 1-2 VM 3-year 24x7 E-LTU	0	0.00				No	Available		Not published by OCA	Active	2026-09-16	05/31/2028	{}	BASELINE	N/A	$0.00	0.00%	2026-09-16: (no price)
Software & Licenses	VMWare Core Editions	HPE OCA > DL360 Gen11 [P52499-B21] > Software & Licenses > VMWare Core Editions	Operating System / License	Unlimited	0	Unlimited	Selection constraint for VMWare Core Editions: no max	R8V88AAE	Service	SUSE Manager Lifecycle Management 1-2 Sockets or 1-2 VM 3-year 24x7 E-LTU	0	0.00				No	Available		Not published by OCA	Active	2026-09-16	05/31/2028	{}	BASELINE	N/A	$0.00	0.00%	2026-09-16: (no price)
Software & Licenses	VMWare Core Editions	HPE OCA > DL360 Gen11 [P52499-B21] > Software & Licenses > VMWare Core Editions	Operating System / License	Unlimited	0	Unlimited	Selection constraint for VMWare Core Editions: no max	S0F21AAE	Service	SUSE Manager Lifecycle Management 1-2 Sockets or 1-2 VM 5-year 24x7 E-LTU	0	0.00				No	Available		Not published by OCA	Active	2026-09-16	05/31/2028	{}	BASELINE	N/A	$0.00	0.00%	2026-09-16: (no price)
Software & Licenses	VMWare Core Editions	HPE OCA > DL360 Gen11 [P52499-B21] > Software & Licenses > VMWare Core Editions	Operating System / License	Unlimited	0	Unlimited	Selection constraint for VMWare Core Editions: no max	S0F29AAE	Service	SUSE Manager Lifecycle Management 1-2 Sockets or 1-2 VM 5-year 24x7 E-LTU	0	0.00				No	Available		Not published by OCA	Active	2026-09-16	05/31/2028	{}	BASELINE	N/A	$0.00	0.00%	2026-09-16: (no price)
HPE Compute Ops Management	Compute Ops Management SKUs	HPE OCA > DL360 Gen11 [P52499-B21] > HPE Compute Ops Management > Compute Ops Management SKUs	Option Component	min 1, Required	1	Required	Selection constraint for Compute Ops Management SKUs: required	R7A11AAE	Service	HPE Compute Ops Management Standard 3-year Upfront ProLiant SaaS	0	0.00				No	Available		Not published by OCA	Active	2026-09-16	05/31/2028	{}	BASELINE	N/A	$0.00	0.00%	2026-09-16: (no price)
HPE Compute Ops Management	Compute Ops Management SKUs	HPE OCA > DL360 Gen11 [P52499-B21] > HPE Compute Ops Management > Compute Ops Management SKUs	Option Component	min 1, Required	1	Required	Selection constraint for Compute Ops Management SKUs: required	R7A12AAE	Service	HPE Compute Ops Management Standard 5-year Upfront ProLiant SaaS	1	0.00				No	Available		Not published by OCA	Active	2026-09-16	05/31/2028	{}	BASELINE	N/A	$0.00	0.00%	2026-09-16: (no price)
HPE Compute Ops Management	Compute Ops Management SKUs	HPE OCA > DL360 Gen11 [P52499-B21] > HPE Compute Ops Management > Compute Ops Management SKUs	Option Component	min 1, Required	1	Required	Selection constraint for Compute Ops Management SKUs: required	S2E10AAE	Service	HPE Compute Ops Management Standard 7-year Upfront ProLiant SaaS	0	0.00				No	Available		Not published by OCA	Active	2026-09-16	05/31/2028	{}	BASELINE	N/A	$0.00	0.00%	2026-09-16: (no price)
HPE Compute Ops Management	Compute Ops Management SKUs	HPE OCA > DL360 Gen11 [P52499-B21] > HPE Compute Ops Management > Compute Ops Management SKUs	Option Component	min 1, Required	1	Required	Selection constraint for Compute Ops Management SKUs: required	S5E59AAE	Service	HPE Compute Ops Management Advanced 3-year Upfront ProLiant SaaS	0	0.00				No	Available		Not published by OCA	Active	2026-09-16	05/31/2028	{}	BASELINE	N/A	$0.00	0.00%	2026-09-16: (no price)
HPE Compute Ops Management	Compute Ops Management SKUs	HPE OCA > DL360 Gen11 [P52499-B21] > HPE Compute Ops Management > Compute Ops Management SKUs	Option Component	min 1, Required	1	Required	Selection constraint for Compute Ops Management SKUs: required	S5E60AAE	Service	HPE Compute Ops Management Advanced 5-year Upfront ProLiant SaaS	0	0.00				No	Available		Not published by OCA	Active	2026-09-16	05/31/2028	{}	BASELINE	N/A	$0.00	0.00%	2026-09-16: (no price)
HPE Compute Ops Management	Compute Ops Management SKUs	HPE OCA > DL360 Gen11 [P52499-B21] > HPE Compute Ops Management > Compute Ops Management SKUs	Option Component	min 1, Required	1	Required	Selection constraint for Compute Ops Management SKUs: required	S5E61AAE	Service	HPE Compute Ops Management Advanced 7-year Upfront ProLiant SaaS	0	0.00				No	Available		Not published by OCA	Active	2026-09-16	05/31/2028	{}	BASELINE	N/A	$0.00	0.00%	2026-09-16: (no price)
Software & Licenses	Server Management & Operating System Licenses	HPE OCA > DL360 Gen11 [P52499-B21] > Software & Licenses > Server Management & Operating System Licenses	Operating System / License	min 1, Required	1	Required	Selection constraint for Server Management & Operating System Licenses: required	R6X85AAE	Service	HPE Trusted Supply Chain E-LTU	0	0.00				No	Available		Not published by OCA	Active	2026-09-16	05/31/2028	{}	BASELINE	N/A	$0.00	0.00%	2026-09-16: (no price)
Software & Licenses	Server Management & Operating System Licenses	HPE OCA > DL360 Gen11 [P52499-B21] > Software & Licenses > Server Management & Operating System Licenses	Operating System / License	Unlimited	0	Unlimited	Selection constraint for Server Management & Operating System Licenses: no max	R1D41AAE	Service	HPE Data Management Framework 1EB 3-server Base System 1-year Subscription E-LTU	0	0.00				No	Available		Not published by OCA	Active	2026-09-16	05/31/2028	{}	BASELINE	N/A	$0.00	0.00%	2026-09-16: (no price)
Software & Licenses	Server Management & Operating System Licenses	HPE OCA > DL360 Gen11 [P52499-B21] > Software & Licenses > Server Management & Operating System Licenses	Operating System / License	Unlimited	0	Unlimited	Selection constraint for Server Management & Operating System Licenses: no max	R1D42AAE	Service	HPE Data Management Framework 1EB 3-server Base System 3-year Subscription E-LTU	0	0.00				No	Available		Not published by OCA	Active	2026-09-16	05/31/2028	{}	BASELINE	N/A	$0.00	0.00%	2026-09-16: (no price)
Software & Licenses	Server Management & Operating System Licenses	HPE OCA > DL360 Gen11 [P52499-B21] > Software & Licenses > Server Management & Operating System Licenses	Operating System / License	Unlimited	0	Unlimited	Selection constraint for Server Management & Operating System Licenses: no max	R1D43AAE	Service	HPE Data Management Framework 1EB 3-server Base System 5-year Subscription E-LTU	0	0.00				No	Direct Ship (DS)		Not published by OCA	Direct Ship (DS)	2026-09-16	05/31/2028	{}	BASELINE	N/A	$0.00	0.00%	2026-09-16: (no price)
Software & Licenses	Server Management & Operating System Licenses	HPE OCA > DL360 Gen11 [P52499-B21] > Software & Licenses > Server Management & Operating System Licenses	Operating System / License	Unlimited	0	Unlimited	Selection constraint for Server Management & Operating System Licenses: no max	R1D44AAE	Service	HPE Data Management Framework 10PB 1EB+ 1-year Subscription E-LTU	0	0.00				No	Available		Not published by OCA	Active	2026-09-16	05/31/2028	{}	BASELINE	N/A	$0.00	0.00%	2026-09-16: (no price)
Software & Licenses	Server Management & Operating System Licenses	HPE OCA > DL360 Gen11 [P52499-B21] > Software & Licenses > Server Management & Operating System Licenses	Operating System / License	Unlimited	0	Unlimited	Selection constraint for Server Management & Operating System Licenses: no max	R1D45AAE	Service	HPE Data Management Framework 10PB 1EB+ 3-year Subscription E-LTU	0	0.00				No	Available		Not published by OCA	Active	2026-09-16	05/31/2028	{}	BASELINE	N/A	$0.00	0.00%	2026-09-16: (no price)
Software & Licenses	Server Management & Operating System Licenses	HPE OCA > DL360 Gen11 [P52499-B21] > Software & Licenses > Server Management & Operating System Licenses	Operating System / License	Unlimited	0	Unlimited	Selection constraint for Server Management & Operating System Licenses: no max	R1D46AAE	Service	HPE Data Management Framework 10PB 1EB+ 5-year Subscription E-LTU	0	0.00				No	Direct Ship (DS)		Not published by OCA	Direct Ship (DS)	2026-09-16	05/31/2028	{}	BASELINE	N/A	$0.00	0.00%	2026-09-16: (no price)
Software & Licenses	Server Management & Operating System Licenses	HPE OCA > DL360 Gen11 [P52499-B21] > Software & Licenses > Server Management & Operating System Licenses	Operating System / License	Unlimited	0	Unlimited	Selection constraint for Server Management & Operating System Licenses: no max	R1D49AAE	Service	HPE Data Management Framework Base System 1PB 3-server 1-year Subscription E-LTU	0	0.00				No	Available		Not published by OCA	Active	2026-09-16	05/31/2028	{}	BASELINE	N/A	$0.00	0.00%	2026-09-16: (no price)
Software & Licenses	Server Management & Operating System Licenses	HPE OCA > DL360 Gen11 [P52499-B21] > Software & Licenses > Server Management & Operating System Licenses	Operating System / License	Unlimited	0	Unlimited	Selection constraint for Server Management & Operating System Licenses: no max	R1D50AAE	Service	HPE Data Management Framework Base System 1PB 3-server 3-year Subscription E-LTU	0	0.00				No	Available		Not published by OCA	Active	2026-09-16	05/31/2028	{}	BASELINE	N/A	$0.00	0.00%	2026-09-16: (no price)
Software & Licenses	Server Management & Operating System Licenses	HPE OCA > DL360 Gen11 [P52499-B21] > Software & Licenses > Server Management & Operating System Licenses	Operating System / License	Unlimited	0	Unlimited	Selection constraint for Server Management & Operating System Licenses: no max	R1D51AAE	Service	HPE Data Management Framework Base System 1PB 3-server 5-year Subscription E-LTU	0	0.00				No	Direct Ship (DS)		Not published by OCA	Direct Ship (DS)	2026-09-16	05/31/2028	{}	BASELINE	N/A	$0.00	0.00%	2026-09-16: (no price)
Software & Licenses	Server Management & Operating System Licenses	HPE OCA > DL360 Gen11 [P52499-B21] > Software & Licenses > Server Management & Operating System Licenses	Operating System / License	Unlimited	0	Unlimited	Selection constraint for Server Management & Operating System Licenses: no max	R1D52AAE	Service	HPE Data Management Framework Base System 10PB 3-server 1-year Subscription E-LTU	0	0.00				No	Available		Not published by OCA	Active	2026-09-16	05/31/2028	{}	BASELINE	N/A	$0.00	0.00%	2026-09-16: (no price)
Software & Licenses	Server Management & Operating System Licenses	HPE OCA > DL360 Gen11 [P52499-B21] > Software & Licenses > Server Management & Operating System Licenses	Operating System / License	Unlimited	0	Unlimited	Selection constraint for Server Management & Operating System Licenses: no max	R1D53AAE	Service	HPE Data Management Framework Base System 10PB 3-server 3-year Subscription E-LTU	0	0.00				No	Available		Not published by OCA	Active	2026-09-16	05/31/2028	{}	BASELINE	N/A	$0.00	0.00%	2026-09-16: (no price)
Software & Licenses	Server Management & Operating System Licenses	HPE OCA > DL360 Gen11 [P52499-B21] > Software & Licenses > Server Management & Operating System Licenses	Operating System / License	Unlimited	0	Unlimited	Selection constraint for Server Management & Operating System Licenses: no max	R1D54AAE	Service	HPE Data Management Framework Base System 10PB 3-server 5-year Subscription E-LTU	0	0.00				No	Direct Ship (DS)		Not published by OCA	Direct Ship (DS)	2026-09-16	05/31/2028	{}	BASELINE	N/A	$0.00	0.00%	2026-09-16: (no price)
Software & Licenses	Server Management & Operating System Licenses	HPE OCA > DL360 Gen11 [P52499-B21] > Software & Licenses > Server Management & Operating System Licenses	Operating System / License	Unlimited	0	Unlimited	Selection constraint for Server Management & Operating System Licenses: no max	R1D55AAE	Service	HPE Data Management Framework Base System 100PB 3-server 1-year Subscription E-LTU	0	0.00				No	Available		Not published by OCA	Active	2026-09-16	05/31/2028	{}	BASELINE	N/A	$0.00	0.00%	2026-09-16: (no price)
Software & Licenses	Server Management & Operating System Licenses	HPE OCA > DL360 Gen11 [P52499-B21] > Software & Licenses > Server Management & Operating System Licenses	Operating System / License	Unlimited	0	Unlimited	Selection constraint for Server Management & Operating System Licenses: no max	R1D56AAE	Service	HPE Data Management Framework Base System 100PB 3-server 3-year Subscription E-LTU	0	0.00				No	Available		Not published by OCA	Active	2026-09-16	05/31/2028	{}	BASELINE	N/A	$0.00	0.00%	2026-09-16: (no price)
Software & Licenses	Server Management & Operating System Licenses	HPE OCA > DL360 Gen11 [P52499-B21] > Software & Licenses > Server Management & Operating System Licenses	Operating System / License	Unlimited	0	Unlimited	Selection constraint for Server Management & Operating System Licenses: no max	R1D57AAE	Service	HPE Data Management Framework Base System 100PB 3-server 5-year Subscription E-LTU	0	0.00				No	Direct Ship (DS)		Not published by OCA	Direct Ship (DS)	2026-09-16	05/31/2028	{}	BASELINE	N/A	$0.00	0.00%	2026-09-16: (no price)
Software & Licenses	Server Management & Operating System Licenses	HPE OCA > DL360 Gen11 [P52499-B21] > Software & Licenses > Server Management & Operating System Licenses	Operating System / License	Unlimited	0	Unlimited	Selection constraint for Server Management & Operating System Licenses: no max	R1D58AAE	Service	HPE Data Management Framework 1PB 2-10PB 1-year Subscription E-LTU	0	0.00				No	Available		Not published by OCA	Active	2026-09-16	05/31/2028	{}	BASELINE	N/A	$0.00	0.00%	2026-09-16: (no price)
Software & Licenses	Server Management & Operating System Licenses	HPE OCA > DL360 Gen11 [P52499-B21] > Software & Licenses > Server Management & Operating System Licenses	Operating System / License	Unlimited	0	Unlimited	Selection constraint for Server Management & Operating System Licenses: no max	R1D59AAE	Service	HPE Data Management Framework 1PB 2-10PB 3-year Subscription E-LTU	0	0.00				No	Available		Not published by OCA	Active	2026-09-16	05/31/2028	{}	BASELINE	N/A	$0.00	0.00%	2026-09-16: (no price)
Software & Licenses	Server Management & Operating System Licenses	HPE OCA > DL360 Gen11 [P52499-B21] > Software & Licenses > Server Management & Operating System Licenses	Operating System / License	Unlimited	0	Unlimited	Selection constraint for Server Management & Operating System Licenses: no max	R1D60AAE	Service	HPE Data Management Framework 1PB 2-10PB 5-year Subscription E-LTU	0	0.00				No	Direct Ship (DS)		Not published by OCA	Direct Ship (DS)	2026-09-16	05/31/2028	{}	BASELINE	N/A	$0.00	0.00%	2026-09-16: (no price)
Software & Licenses	Server Management & Operating System Licenses	HPE OCA > DL360 Gen11 [P52499-B21] > Software & Licenses > Server Management & Operating System Licenses	Operating System / License	Unlimited	0	Unlimited	Selection constraint for Server Management & Operating System Licenses: no max	R1D61AAE	Service	HPE Data Management Framework 1PB 11-100PB 1-year Subscription E-LTU	0	0.00				No	Available		Not published by OCA	Active	2026-09-16	05/31/2028	{}	BASELINE	N/A	$0.00	0.00%	2026-09-16: (no price)
Software & Licenses	Server Management & Operating System Licenses	HPE OCA > DL360 Gen11 [P52499-B21] > Software & Licenses > Server Management & Operating System Licenses	Operating System / License	Unlimited	0	Unlimited	Selection constraint for Server Management & Operating System Licenses: no max	R1D62AAE	Service	HPE Data Management Framework 1PB 11-100PB 3-year Subscription E-LTU	0	0.00				No	Available		Not published by OCA	Active	2026-09-16	05/31/2028	{}	BASELINE	N/A	$0.00	0.00%	2026-09-16: (no price)
Software & Licenses	Server Management & Operating System Licenses	HPE OCA > DL360 Gen11 [P52499-B21] > Software & Licenses > Server Management & Operating System Licenses	Operating System / License	Unlimited	0	Unlimited	Selection constraint for Server Management & Operating System Licenses: no max	R1D63AAE	Service	HPE Data Management Framework 1PB 11-100PB 5-year Subscription E-LTU	0	0.00				No	Direct Ship (DS)		Not published by OCA	Direct Ship (DS)	2026-09-16	05/31/2028	{}	BASELINE	N/A	$0.00	0.00%	2026-09-16: (no price)
Software & Licenses	Server Management & Operating System Licenses	HPE OCA > DL360 Gen11 [P52499-B21] > Software & Licenses > Server Management & Operating System Licenses	Operating System / License	Unlimited	0	Unlimited	Selection constraint for Server Management & Operating System Licenses: no max	R1D64AAE	Service	HPE Data Management Framework 1PB 101PB+ 1-year Subscription E-LTU	0	0.00				No	Available		Not published by OCA	Active	2026-09-16	05/31/2028	{}	BASELINE	N/A	$0.00	0.00%	2026-09-16: (no price)
Software & Licenses	Server Management & Operating System Licenses	HPE OCA > DL360 Gen11 [P52499-B21] > Software & Licenses > Server Management & Operating System Licenses	Operating System / License	Unlimited	0	Unlimited	Selection constraint for Server Management & Operating System Licenses: no max	R1D65AAE	Service	HPE Data Management Framework 1PB 101PB+ 3-year Subscription E-LTU	0	0.00				No	Available		Not published by OCA	Active	2026-09-16	05/31/2028	{}	BASELINE	N/A	$0.00	0.00%	2026-09-16: (no price)
Software & Licenses	Server Management & Operating System Licenses	HPE OCA > DL360 Gen11 [P52499-B21] > Software & Licenses > Server Management & Operating System Licenses	Operating System / License	Unlimited	0	Unlimited	Selection constraint for Server Management & Operating System Licenses: no max	R1D66AAE	Service	HPE Data Management Framework 1PB 101PB+ 5-year Subscription E-LTU	0	0.00				No	Direct Ship (DS)		Not published by OCA	Direct Ship (DS)	2026-09-16	05/31/2028	{}	BASELINE	N/A	$0.00	0.00%	2026-09-16: (no price)
Software & Licenses	Server Management & Operating System Licenses	HPE OCA > DL360 Gen11 [P52499-B21] > Software & Licenses > Server Management & Operating System Licenses	Operating System / License	Unlimited	0	Unlimited	Selection constraint for Server Management & Operating System Licenses: no max	R1D67AAE	Service	HPE Data Management Framework Additional Server 1-year Subscription E-LTU	0	0.00				No	Available		Not published by OCA	Active	2026-09-16	05/31/2028	{}	BASELINE	N/A	$0.00	0.00%	2026-09-16: (no price)
Software & Licenses	Server Management & Operating System Licenses	HPE OCA > DL360 Gen11 [P52499-B21] > Software & Licenses > Server Management & Operating System Licenses	Operating System / License	Unlimited	0	Unlimited	Selection constraint for Server Management & Operating System Licenses: no max	R1D68AAE	Service	HPE Data Management Framework Additional Server 3-year Subscription E-LTU	0	0.00				No	Available		Not published by OCA	Active	2026-09-16	05/31/2028	{}	BASELINE	N/A	$0.00	0.00%	2026-09-16: (no price)
Software & Licenses	Server Management & Operating System Licenses	HPE OCA > DL360 Gen11 [P52499-B21] > Software & Licenses > Server Management & Operating System Licenses	Operating System / License	Unlimited	0	Unlimited	Selection constraint for Server Management & Operating System Licenses: no max	R1D69AAE	Service	HPE Data Management Framework Additional Server 5-year Subscription E-LTU	0	0.00				No	Direct Ship (DS)		Not published by OCA	Direct Ship (DS)	2026-09-16	05/31/2028	{}	BASELINE	N/A	$0.00	0.00%	2026-09-16: (no price)
Software & Licenses	Red Hat Operating Systems	HPE OCA > DL360 Gen11 [P52499-B21] > Software & Licenses > Red Hat Operating Systems	Service & Support	Unlimited	0	Unlimited	Selection constraint for Red Hat Operating Systems: no max	G3J22AAE	Service	Red Hat Enterprise Linux for Virtual Datacenters 2 Sockets 1 Year Subscription 24x7 Support E-LTU	0	0.00				No	Available		Not published by OCA	Active	2026-09-16	05/31/2028	{}	BASELINE	N/A	$0.00	0.00%	2026-09-16: (no price)
Software & Licenses	Red Hat Operating Systems	HPE OCA > DL360 Gen11 [P52499-B21] > Software & Licenses > Red Hat Operating Systems	Service & Support	Unlimited	0	Unlimited	Selection constraint for Red Hat Operating Systems: no max	G3J23AAE	Service	Red Hat Enterprise Linux for Virtual Datacenters 2 Sockets 1 Year Subscription 9x5 Support E-LTU	0	0.00				No	Available		Not published by OCA	Active	2026-09-16	05/31/2028	{}	BASELINE	N/A	$0.00	0.00%	2026-09-16: (no price)
Software & Licenses	Red Hat Operating Systems	HPE OCA > DL360 Gen11 [P52499-B21] > Software & Licenses > Red Hat Operating Systems	Service & Support	Unlimited	0	Unlimited	Selection constraint for Red Hat Operating Systems: no max	G3J24AAE	Service	Red Hat Enterprise Linux for Virtual Datacenters 2 Sockets 3 Year Subscription 24x7 Support E-LTU	0	0.00				No	Available		Not published by OCA	Active	2026-09-16	05/31/2028	{}	BASELINE	N/A	$0.00	0.00%	2026-09-16: (no price)
Software & Licenses	Red Hat Operating Systems	HPE OCA > DL360 Gen11 [P52499-B21] > Software & Licenses > Red Hat Operating Systems	Service & Support	Unlimited	0	Unlimited	Selection constraint for Red Hat Operating Systems: no max	G3J25AAE	Service	Red Hat Enterprise Linux for Virtual Datacenters 2 Sockets 3 Year Subscription 9x5 Support E-LTU	0	0.00				No	Available		Not published by OCA	Active	2026-09-16	05/31/2028	{}	BASELINE	N/A	$0.00	0.00%	2026-09-16: (no price)
Software & Licenses	Red Hat Operating Systems	HPE OCA > DL360 Gen11 [P52499-B21] > Software & Licenses > Red Hat Operating Systems	Service & Support	Unlimited	0	Unlimited	Selection constraint for Red Hat Operating Systems: no max	G3J26AAE	Service	Red Hat Enterprise Linux for Virtual Datacenters 2 Sockets 5 Year Subscription 24x7 Support E-LTU	0	0.00				No	Available		Not published by OCA	Active	2026-09-16	05/31/2028	{}	BASELINE	N/A	$0.00	0.00%	2026-09-16: (no price)
Software & Licenses	Red Hat Operating Systems	HPE OCA > DL360 Gen11 [P52499-B21] > Software & Licenses > Red Hat Operating Systems	Service & Support	Unlimited	0	Unlimited	Selection constraint for Red Hat Operating Systems: no max	G3J27AAE	Service	Red Hat Enterprise Linux for Virtual Datacenters 2 Sockets 5 Year Subscription 9x5 Support E-LTU	0	0.00				No	Available		Not published by OCA	Active	2026-09-16	05/31/2028	{}	BASELINE	N/A	$0.00	0.00%	2026-09-16: (no price)
Software & Licenses	Red Hat Operating Systems	HPE OCA > DL360 Gen11 [P52499-B21] > Software & Licenses > Red Hat Operating Systems	Service & Support	Unlimited	0	Unlimited	Selection constraint for Red Hat Operating Systems: no max	G3J28AAE	Service	Red Hat Enterprise Linux Server 2 Sockets or 2 Guests 1 Year Subscription 24x7 Support E-LTU	0	0.00				No	Available		Not published by OCA	Active	2026-09-16	05/31/2028	{}	BASELINE	N/A	$0.00	0.00%	2026-09-16: (no price)
Software & Licenses	Red Hat Operating Systems	HPE OCA > DL360 Gen11 [P52499-B21] > Software & Licenses > Red Hat Operating Systems	Service & Support	Unlimited	0	Unlimited	Selection constraint for Red Hat Operating Systems: no max	G3J29AAE	Service	Red Hat Enterprise Linux Server 2 Sockets or 2 Guests 1 Year Subscription 9x5 Support E-LTU	0	0.00				No	Available		Not published by OCA	Active	2026-09-16	05/31/2028	{}	BASELINE	N/A	$0.00	0.00%	2026-09-16: (no price)
Software & Licenses	Red Hat Operating Systems	HPE OCA > DL360 Gen11 [P52499-B21] > Software & Licenses > Red Hat Operating Systems	Service & Support	Unlimited	0	Unlimited	Selection constraint for Red Hat Operating Systems: no max	G3J30AAE	Service	Red Hat Enterprise Linux Server 2 Sockets or 2 Guests 3 Year Subscription 24x7 Support E-LTU	0	0.00				No	Available		Not published by OCA	Active	2026-09-16	05/31/2028	{}	BASELINE	N/A	$0.00	0.00%	2026-09-16: (no price)
Software & Licenses	Red Hat Operating Systems	HPE OCA > DL360 Gen11 [P52499-B21] > Software & Licenses > Red Hat Operating Systems	Service & Support	Unlimited	0	Unlimited	Selection constraint for Red Hat Operating Systems: no max	G3J31AAE	Service	Red Hat Enterprise Linux Server 2 Sockets or 2 Guests 3 Year Subscription 9x5 Support E-LTU	0	0.00				No	Available		Not published by OCA	Active	2026-09-16	05/31/2028	{}	BASELINE	N/A	$0.00	0.00%	2026-09-16: (no price)
Software & Licenses	Red Hat Operating Systems	HPE OCA > DL360 Gen11 [P52499-B21] > Software & Licenses > Red Hat Operating Systems	Operating System / License	Unlimited	0	Unlimited	Selection constraint for Red Hat Operating Systems: no max	G3J32AAE	Service	RHEL Server 2 Sckt/2 Gst 5yr 24x7 E-LTU	0	0.00				No	Available		Not published by OCA	Active	2026-09-16	05/31/2028	{}	BASELINE	N/A	$0.00	0.00%	2026-09-16: (no price)
Software & Licenses	Red Hat Operating Systems	HPE OCA > DL360 Gen11 [P52499-B21] > Software & Licenses > Red Hat Operating Systems	Service & Support	Unlimited	0	Unlimited	Selection constraint for Red Hat Operating Systems: no max	G3J33AAE	Service	Red Hat Enterprise Linux Server 2 Sockets or Guests 5 Year Subscription 9x5 Support E-LTU	0	0.00				No	Available		Not published by OCA	Active	2026-09-16	05/31/2028	{}	BASELINE	N/A	$0.00	0.00%	2026-09-16: (no price)
Software & Licenses	Red Hat Operating Systems	HPE OCA > DL360 Gen11 [P52499-B21] > Software & Licenses > Red Hat Operating Systems	Service & Support	Unlimited	0	Unlimited	Selection constraint for Red Hat Operating Systems: no max	G5J62AAE	Service	Red Hat Enterprise Linux Server 2 Sockets 4 Guests 1 Year Subscription 24x7 Support E-LTU	0	0.00				No	Available		Not published by OCA	Active	2026-09-16	05/31/2028	{}	BASELINE	N/A	$0.00	0.00%	2026-09-16: (no price)
Software & Licenses	Red Hat Operating Systems	HPE OCA > DL360 Gen11 [P52499-B21] > Software & Licenses > Red Hat Operating Systems	Service & Support	Unlimited	0	Unlimited	Selection constraint for Red Hat Operating Systems: no max	G5J63AAE	Service	Red Hat Enterprise Linux Server 2 Sockets 4 Guests 1 Year Subscription 9x5 Support E-LTU	0	0.00				No	Available		Not published by OCA	Active	2026-09-16	05/31/2028	{}	BASELINE	N/A	$0.00	0.00%	2026-09-16: (no price)
Software & Licenses	Red Hat Operating Systems	HPE OCA > DL360 Gen11 [P52499-B21] > Software & Licenses > Red Hat Operating Systems	Service & Support	Unlimited	0	Unlimited	Selection constraint for Red Hat Operating Systems: no max	G5J64AAE	Service	Red Hat Enterprise Linux Server 2 Sockets 4 Guests 3 Year Subscription 24x7 Support E-LTU	0	0.00				No	Available		Not published by OCA	Active	2026-09-16	05/31/2028	{}	BASELINE	N/A	$0.00	0.00%	2026-09-16: (no price)
Software & Licenses	Red Hat Operating Systems	HPE OCA > DL360 Gen11 [P52499-B21] > Software & Licenses > Red Hat Operating Systems	Service & Support	Unlimited	0	Unlimited	Selection constraint for Red Hat Operating Systems: no max	G5J65AAE	Service	Red Hat Enterprise Linux Server 2 Sockets 4 Guests 3 Year Subscription 9x5 Support E-LTU	0	0.00				No	Available		Not published by OCA	Active	2026-09-16	05/31/2028	{}	BASELINE	N/A	$0.00	0.00%	2026-09-16: (no price)
Software & Licenses	Red Hat Operating Systems	HPE OCA > DL360 Gen11 [P52499-B21] > Software & Licenses > Red Hat Operating Systems	Service & Support	Unlimited	0	Unlimited	Selection constraint for Red Hat Operating Systems: no max	J8J35AAE	Service	Red Hat Enterprise Linux Server 2 Sockets 1 Guest 1 Year Subscription 9x5 Support E-LTU	0	0.00				No	Available		Not published by OCA	Active	2026-09-16	05/31/2028	{}	BASELINE	N/A	$0.00	0.00%	2026-09-16: (no price)
Software & Licenses	Red Hat Operating Systems	HPE OCA > DL360 Gen11 [P52499-B21] > Software & Licenses > Red Hat Operating Systems	Service & Support	Unlimited	0	Unlimited	Selection constraint for Red Hat Operating Systems: no max	J8J36AAE	Service	Red Hat Enterprise Linux Server 2 Sockets 1 Guest 1 Year Subscription 24x7 Support E-LTU	0	0.00				No	Available		Not published by OCA	Active	2026-09-16	05/31/2028	{}	BASELINE	N/A	$0.00	0.00%	2026-09-16: (no price)
Software & Licenses	Red Hat Operating Systems	HPE OCA > DL360 Gen11 [P52499-B21] > Software & Licenses > Red Hat Operating Systems	Service & Support	Unlimited	0	Unlimited	Selection constraint for Red Hat Operating Systems: no max	R6J26AAE	Service	Red Hat Ansible Automation Platform 100 Nodes 1yr Subscription 9x5 RH Support E-LTU	0	0.00				No	Available		Not published by OCA	Active	2026-09-16	05/31/2028	{}	BASELINE	N/A	$0.00	0.00%	2026-09-16: (no price)
Software & Licenses	Red Hat Operating Systems	HPE OCA > DL360 Gen11 [P52499-B21] > Software & Licenses > Red Hat Operating Systems	Service & Support	Unlimited	0	Unlimited	Selection constraint for Red Hat Operating Systems: no max	R6J29AAE	Service	Red Hat Ansible Automation Platform 100 Nodes 3yr Subscription 9x5 RH Support E-LTU	0	0.00				No	Obsolete (OB)		Not published by OCA	Obsolete (OB)	2026-09-16	2026-09-16	{}	BASELINE	N/A	$0.00	0.00%	2026-09-16: (no price)
Software & Licenses	Red Hat Operating Systems	HPE OCA > DL360 Gen11 [P52499-B21] > Software & Licenses > Red Hat Operating Systems	Service & Support	Unlimited	0	Unlimited	Selection constraint for Red Hat Operating Systems: no max	R6J33AAE	Service	Red Hat OpenShift Container Platform 2 Cores or 4 vCPUs 1yr Subscription 9x5 RH Support E-LTU	0	0.00				No	Available		Not published by OCA	Active	2026-09-16	05/31/2028	{}	BASELINE	N/A	$0.00	0.00%	2026-09-16: (no price)
Software & Licenses	Red Hat Operating Systems	HPE OCA > DL360 Gen11 [P52499-B21] > Software & Licenses > Red Hat Operating Systems	Service & Support	Unlimited	0	Unlimited	Selection constraint for Red Hat Operating Systems: no max	R6J34AAE	Service	Red Hat OpenShift Container Platform 2 Cores or 4 vCPUs 3yr Subscription 24x7 RH Support E-LTU	0	0.00				No	Obsolete (OB)		Not published by OCA	Obsolete (OB)	2026-09-16	2026-09-16	{}	BASELINE	N/A	$0.00	0.00%	2026-09-16: (no price)
Software & Licenses	Red Hat Operating Systems	HPE OCA > DL360 Gen11 [P52499-B21] > Software & Licenses > Red Hat Operating Systems	Service & Support	Unlimited	0	Unlimited	Selection constraint for Red Hat Operating Systems: no max	R6J35AAE	Service	Red Hat OpenShift Container Platform 2 Cores or 4 vCPUs 3yr Subscription 9x5 RH Support E-LTU	0	0.00				No	Obsolete (OB)		Not published by OCA	Obsolete (OB)	2026-09-16	2026-09-16	{}	BASELINE	N/A	$0.00	0.00%	2026-09-16: (no price)
Software & Licenses	Red Hat Operating Systems	HPE OCA > DL360 Gen11 [P52499-B21] > Software & Licenses > Red Hat Operating Systems	Service & Support	Unlimited	0	Unlimited	Selection constraint for Red Hat Operating Systems: no max	S3Z84AAE	Service	Red Hat OpenShift Container Platform Bare Metal 1 Physical Node 1yr Subscription 24x7 Support E-LTU	0	0.00				No	Available		Not published by OCA	Active	2026-09-16	05/31/2028	{}	BASELINE	N/A	$0.00	0.00%	2026-09-16: (no price)
Software & Licenses	Red Hat Operating Systems	HPE OCA > DL360 Gen11 [P52499-B21] > Software & Licenses > Red Hat Operating Systems	Operating System / License	Unlimited	0	Unlimited	Selection constraint for Red Hat Operating Systems: no max	S3Z85AAE	Service	Red Hat OpenShift Container Platform Bare Metal 1-2 Sockets up to 64 Cores 3yr Sub 24x7 Sup E-LTU	0	0.00				No	Obsolete (OB)		Not published by OCA	Obsolete (OB)	2026-09-16	2026-09-16	{}	BASELINE	N/A	$0.00	0.00%	2026-09-16: (no price)
Software & Licenses	Red Hat Operating Systems	HPE OCA > DL360 Gen11 [P52499-B21] > Software & Licenses > Red Hat Operating Systems	Service & Support	Unlimited	0	Unlimited	Selection constraint for Red Hat Operating Systems: no max	S3Z86AAE	Service	Red Hat OpenShift Container Platform Bare Metal 1 Physical Node 1yr Subscription 9x5 Support E-LTU	0	0.00				No	Available		Not published by OCA	Active	2026-09-16	05/31/2028	{}	BASELINE	N/A	$0.00	0.00%	2026-09-16: (no price)
Software & Licenses	Red Hat Operating Systems	HPE OCA > DL360 Gen11 [P52499-B21] > Software & Licenses > Red Hat Operating Systems	Operating System / License	Unlimited	0	Unlimited	Selection constraint for Red Hat Operating Systems: no max	S3Z87AAE	Service	Red Hat OpenShift Container Platform Bare Metal 1-2 Sockets up to 64 Cores 3yr Sub 9x5 Sup E-LTU	0	0.00				No	Obsolete (OB)		Not published by OCA	Obsolete (OB)	2026-09-16	2026-09-16	{}	BASELINE	N/A	$0.00	0.00%	2026-09-16: (no price)
Software & Licenses	Red Hat Operating Systems	HPE OCA > DL360 Gen11 [P52499-B21] > Software & Licenses > Red Hat Operating Systems	Operating System / License	Unlimited	0	Unlimited	Selection constraint for Red Hat Operating Systems: no max	S3Z88AAE	Service	Red Hat OpenShift Container Platform Plus Bare Metal 1 Physical Node 1yr Subscription 24x7 Sup E-LTU	0	0.00				No	Available		Not published by OCA	Active	2026-09-16	05/31/2028	{}	BASELINE	N/A	$0.00	0.00%	2026-09-16: (no price)
Software & Licenses	Red Hat Operating Systems	HPE OCA > DL360 Gen11 [P52499-B21] > Software & Licenses > Red Hat Operating Systems	Operating System / License	Unlimited	0	Unlimited	Selection constraint for Red Hat Operating Systems: no max	S3Z89AAE	Service	Red Hat OpenShift Container Platform Plus Bare Metal 1-2Skt up to 64 Cores 3yr Sub 24x7 Sup E-LTU	0	0.00				No	Obsolete (OB)		Not published by OCA	Obsolete (OB)	2026-09-16	2026-09-16	{}	BASELINE	N/A	$0.00	0.00%	2026-09-16: (no price)
Software & Licenses	Red Hat Operating Systems	HPE OCA > DL360 Gen11 [P52499-B21] > Software & Licenses > Red Hat Operating Systems	Operating System / License	Unlimited	0	Unlimited	Selection constraint for Red Hat Operating Systems: no max	S3Z90AAE	Service	Red Hat OpenShift Container Platform Plus Bare Metal 1 Physical Node 1yr Subscription 9x5 Sup E-LTU	0	0.00				No	Available		Not published by OCA	Active	2026-09-16	05/31/2028	{}	BASELINE	N/A	$0.00	0.00%	2026-09-16: (no price)
Software & Licenses	Red Hat Operating Systems	HPE OCA > DL360 Gen11 [P52499-B21] > Software & Licenses > Red Hat Operating Systems	Operating System / License	Unlimited	0	Unlimited	Selection constraint for Red Hat Operating Systems: no max	S3Z91AAE	Service	Red Hat OpenShift Container Platform Plus Bare Metal 1-2Skt up to 64 Cores 3yr Sub 9x5 Sup E-LTU	0	0.00				No	Obsolete (OB)		Not published by OCA	Obsolete (OB)	2026-09-16	2026-09-16	{}	BASELINE	N/A	$0.00	0.00%	2026-09-16: (no price)
Software & Licenses	Red Hat SAP Operating System	HPE OCA > DL360 Gen11 [P52499-B21] > Software & Licenses > Red Hat SAP Operating System	Service & Support	Unlimited	0	Unlimited	Selection constraint for Red Hat SAP Operating System: no max	Q5W19AAE	Service	Red Hat Enterprise Linux for SAP (Physical/Virtual Nodes) 3yr Subscription 9x5 Support E-LTU	0	0.00				No	Available		Not published by OCA	Active	2026-09-16	05/31/2028	{}	BASELINE	N/A	$0.00	0.00%	2026-09-16: (no price)
Software & Licenses	Red Hat SAP Operating System	HPE OCA > DL360 Gen11 [P52499-B21] > Software & Licenses > Red Hat SAP Operating System	Service & Support	Unlimited	0	Unlimited	Selection constraint for Red Hat SAP Operating System: no max	Q5W20AAE	Service	Red Hat Enterprise Linux for SAP (Physical/Virtual Nodes) 3yr Subscription 24x7 Support E-LTU	0	0.00				No	Available		Not published by OCA	Active	2026-09-16	05/31/2028	{}	BASELINE	N/A	$0.00	0.00%	2026-09-16: (no price)
Software & Licenses	Red Hat SAP Operating System	HPE OCA > DL360 Gen11 [P52499-B21] > Software & Licenses > Red Hat SAP Operating System	Service & Support	Unlimited	0	Unlimited	Selection constraint for Red Hat SAP Operating System: no max	Q5W21AAE	Service	Red Hat Enterprise Linux for SAP (Physical/Virtual Nodes) 5yr Subscription 9x5 Support E-LTU	0	0.00				No	Available		Not published by OCA	Active	2026-09-16	05/31/2028	{}	BASELINE	N/A	$0.00	0.00%	2026-09-16: (no price)
Software & Licenses	Red Hat SAP Operating System	HPE OCA > DL360 Gen11 [P52499-B21] > Software & Licenses > Red Hat SAP Operating System	Service & Support	Unlimited	0	Unlimited	Selection constraint for Red Hat SAP Operating System: no max	Q5W22AAE	Service	Red Hat Enterprise Linux for SAP (Physical/Virtual Nodes) 5yr Subscription 24x7 Support E-LTU	0	0.00				No	Available		Not published by OCA	Active	2026-09-16	05/31/2028	{}	BASELINE	N/A	$0.00	0.00%	2026-09-16: (no price)
Software & Licenses	Red Hat SAP Operating System	HPE OCA > DL360 Gen11 [P52499-B21] > Software & Licenses > Red Hat SAP Operating System	Service & Support	Unlimited	0	Unlimited	Selection constraint for Red Hat SAP Operating System: no max	Q5W23AAE	Service	Red Hat Enterprise Linux for SAP for Virtual Datacenters 3yr Subscription 9x5 Support E-LTU	0	0.00				No	Available		Not published by OCA	Active	2026-09-16	05/31/2028	{}	BASELINE	N/A	$0.00	0.00%	2026-09-16: (no price)
Software & Licenses	Red Hat SAP Operating System	HPE OCA > DL360 Gen11 [P52499-B21] > Software & Licenses > Red Hat SAP Operating System	Service & Support	Unlimited	0	Unlimited	Selection constraint for Red Hat SAP Operating System: no max	Q5W24AAE	Service	Red Hat Enterprise Linux for SAP for Virtual Datacenters 3yr Subscription 24x7 Support E-LTU	0	0.00				No	Available		Not published by OCA	Active	2026-09-16	05/31/2028	{}	BASELINE	N/A	$0.00	0.00%	2026-09-16: (no price)
Software & Licenses	Red Hat SAP Operating System	HPE OCA > DL360 Gen11 [P52499-B21] > Software & Licenses > Red Hat SAP Operating System	Service & Support	Unlimited	0	Unlimited	Selection constraint for Red Hat SAP Operating System: no max	Q5W25AAE	Service	Red Hat Enterprise Linux for SAP for Virtual Datacenters 5yr Subscription 9x5 Support E-LTU	0	0.00				No	Available		Not published by OCA	Active	2026-09-16	05/31/2028	{}	BASELINE	N/A	$0.00	0.00%	2026-09-16: (no price)
Software & Licenses	Red Hat SAP Operating System	HPE OCA > DL360 Gen11 [P52499-B21] > Software & Licenses > Red Hat SAP Operating System	Service & Support	Unlimited	0	Unlimited	Selection constraint for Red Hat SAP Operating System: no max	Q5W26AAE	Service	Red Hat Enterprise Linux for SAP for Virtual Datacenters 5yr Subscription 24x7 Support E-LTU	0	0.00				No	Available		Not published by OCA	Active	2026-09-16	05/31/2028	{}	BASELINE	N/A	$0.00	0.00%	2026-09-16: (no price)
Software & Licenses	Red Hat SAP Operating System	HPE OCA > DL360 Gen11 [P52499-B21] > Software & Licenses > Red Hat SAP Operating System	Service & Support	Unlimited	0	Unlimited	Selection constraint for Red Hat SAP Operating System: no max	Q8U15AAE	Service	Red Hat Enterprise Linux for SAP Solutions for Virtual DC 3yr Subscription 24x7 Support E-LTU	0	0.00				No	Available		Not published by OCA	Active	2026-09-16	05/31/2028	{}	BASELINE	N/A	$0.00	0.00%	2026-09-16: (no price)
Software & Licenses	Red Hat SAP Operating System	HPE OCA > DL360 Gen11 [P52499-B21] > Software & Licenses > Red Hat SAP Operating System	Service & Support	Unlimited	0	Unlimited	Selection constraint for Red Hat SAP Operating System: no max	Q8U16AAE	Service	Red Hat Enterprise Linux for SAP Solutions for Virtual DC 5yr Subscription 24x7 Support E-LTU	0	0.00				No	Available		Not published by OCA	Active	2026-09-16	05/31/2028	{}	BASELINE	N/A	$0.00	0.00%	2026-09-16: (no price)
Software & Licenses	Red Hat SAP Operating System	HPE OCA > DL360 Gen11 [P52499-B21] > Software & Licenses > Red Hat SAP Operating System	Service & Support	Unlimited	0	Unlimited	Selection constraint for Red Hat SAP Operating System: no max	Q8U17AAE	Service	Red Hat Enterprise Linux for SAP Solutions for Virtual DC 3yr Subscription 9x5 Support E-LTU	0	0.00				No	Available		Not published by OCA	Active	2026-09-16	05/31/2028	{}	BASELINE	N/A	$0.00	0.00%	2026-09-16: (no price)
Software & Licenses	Red Hat SAP Operating System	HPE OCA > DL360 Gen11 [P52499-B21] > Software & Licenses > Red Hat SAP Operating System	Service & Support	Unlimited	0	Unlimited	Selection constraint for Red Hat SAP Operating System: no max	Q8U18AAE	Service	Red Hat Enterprise Linux for SAP Solutions for Virtual DC 5yr Subscription 9x5 Support E-LTU	0	0.00				No	Available		Not published by OCA	Active	2026-09-16	05/31/2028	{}	BASELINE	N/A	$0.00	0.00%	2026-09-16: (no price)
Software & Licenses	Red Hat SAP Operating System	HPE OCA > DL360 Gen11 [P52499-B21] > Software & Licenses > Red Hat SAP Operating System	Service & Support	Unlimited	0	Unlimited	Selection constraint for Red Hat SAP Operating System: no max	Q8U19AAE	Service	Red Hat Enterprise Linux for SAP Solutions for Physical Nodes 3yr Subscription 24x7 Support E-LTU	0	0.00				No	Available		Not published by OCA	Active	2026-09-16	05/31/2028	{}	BASELINE	N/A	$0.00	0.00%	2026-09-16: (no price)
Software & Licenses	Red Hat SAP Operating System	HPE OCA > DL360 Gen11 [P52499-B21] > Software & Licenses > Red Hat SAP Operating System	Service & Support	Unlimited	0	Unlimited	Selection constraint for Red Hat SAP Operating System: no max	Q8U20AAE	Service	Red Hat Enterprise Linux for SAP Solutions for Physical Nodes 5yr Subscription 24x7 Support E-LTU	0	0.00				No	Available		Not published by OCA	Active	2026-09-16	05/31/2028	{}	BASELINE	N/A	$0.00	0.00%	2026-09-16: (no price)
Software & Licenses	Red Hat SAP Operating System	HPE OCA > DL360 Gen11 [P52499-B21] > Software & Licenses > Red Hat SAP Operating System	Service & Support	Unlimited	0	Unlimited	Selection constraint for Red Hat SAP Operating System: no max	Q8U21AAE	Service	Red Hat Enterprise Linux for SAP Solutions for Physical Nodes 3yr Subscription 9x5 Support E-LTU	0	0.00				No	Available		Not published by OCA	Active	2026-09-16	05/31/2028	{}	BASELINE	N/A	$0.00	0.00%	2026-09-16: (no price)
Software & Licenses	Red Hat SAP Operating System	HPE OCA > DL360 Gen11 [P52499-B21] > Software & Licenses > Red Hat SAP Operating System	Service & Support	Unlimited	0	Unlimited	Selection constraint for Red Hat SAP Operating System: no max	Q8U22AAE	Service	Red Hat Enterprise Linux for SAP Solutions for Physical Nodes 5yr Subscription 9x5 Support E-LTU	0	0.00				No	Available		Not published by OCA	Active	2026-09-16	05/31/2028	{}	BASELINE	N/A	$0.00	0.00%	2026-09-16: (no price)
Software & Licenses	Red Hat-Virtualization	HPE OCA > DL360 Gen11 [P52499-B21] > Software & Licenses > Red Hat-Virtualization	Service & Support	Unlimited	0	Unlimited	Selection constraint for Red Hat-Virtualization: no max	Q0D22AAE	Service	Red Hat Enterprise Linux Server 2 Sockets 4 Guests 5yr Subscription 24x7 Support E-LTU	0	0.00				No	Available		Not published by OCA	Active	2026-09-16	05/31/2028	{}	BASELINE	N/A	$0.00	0.00%	2026-09-16: (no price)
Software & Licenses	Red Hat-Virtualization	HPE OCA > DL360 Gen11 [P52499-B21] > Software & Licenses > Red Hat-Virtualization	Service & Support	Unlimited	0	Unlimited	Selection constraint for Red Hat-Virtualization: no max	Q0D23AAE	Service	Red Hat Enterprise Linux Server 2 Sockets 4 Guests 5yr Subscription 9x5 Support E-LTU	0	0.00				No	Available		Not published by OCA	Active	2026-09-16	05/31/2028	{}	BASELINE	N/A	$0.00	0.00%	2026-09-16: (no price)
Software & Licenses	Red Hat-Virtualization	HPE OCA > DL360 Gen11 [P52499-B21] > Software & Licenses > Red Hat-Virtualization	Operating System / License	Unlimited	0	Unlimited	Selection constraint for Red Hat-Virtualization: no max	Q0D25AAE	Service	Red Hat High Availability 2 Sockets or 2 Guests 5yr Subscription E-LTU	0	0.00				No	Available		Not published by OCA	Active	2026-09-16	05/31/2028	{}	BASELINE	N/A	$0.00	0.00%	2026-09-16: (no price)
Software & Licenses	Red Hat-Virtualization	HPE OCA > DL360 Gen11 [P52499-B21] > Software & Licenses > Red Hat-Virtualization	Operating System / License	Unlimited	0	Unlimited	Selection constraint for Red Hat-Virtualization: no max	Q0D26AAE	Service	Red Hat High Availability 2 Sockets Unlimited Guests 5yr Subscription E-LTU	0	0.00				No	Available		Not published by OCA	Active	2026-09-16	05/31/2028	{}	BASELINE	N/A	$0.00	0.00%	2026-09-16: (no price)
Software & Licenses	Red Hat-Virtualization	HPE OCA > DL360 Gen11 [P52499-B21] > Software & Licenses > Red Hat-Virtualization	Operating System / License	Unlimited	0	Unlimited	Selection constraint for Red Hat-Virtualization: no max	Q0D29AAE	Service	Red Hat Resilient Storage 2 Sockets or 2 Guests 5yr Subscription E-LTU	0	0.00				No	Available		Not published by OCA	Active	2026-09-16	05/31/2028	{}	BASELINE	N/A	$0.00	0.00%	2026-09-16: (no price)
Software & Licenses	Red Hat-Virtualization	HPE OCA > DL360 Gen11 [P52499-B21] > Software & Licenses > Red Hat-Virtualization	Operating System / License	Unlimited	0	Unlimited	Selection constraint for Red Hat-Virtualization: no max	Q0D30AAE	Service	Red Hat Resilient Storage 2 Sockets Unlimited Guests 5yr Subscription E-LTU	0	0.00				No	Available		Not published by OCA	Active	2026-09-16	05/31/2028	{}	BASELINE	N/A	$0.00	0.00%	2026-09-16: (no price)
Software & Licenses	SUSE Add-ons	HPE OCA > DL360 Gen11 [P52499-B21] > Software & Licenses > SUSE Add-ons	Operating System / License	Unlimited	0	Unlimited	Selection constraint for SUSE Add-ons: no max	M6K34AAE	Service	SUSE Linux Enterprise High Availability Extension 1-2 Sockets 3 Year Subscription E-LTU	0	0.00				No	Available		Not published by OCA	Active	2026-09-16	05/31/2028	{}	BASELINE	N/A	$0.00	0.00%	2026-09-16: (no price)
Software & Licenses	SUSE Add-ons	HPE OCA > DL360 Gen11 [P52499-B21] > Software & Licenses > SUSE Add-ons	Operating System / License	Unlimited	0	Unlimited	Selection constraint for SUSE Add-ons: no max	Q1X74AAE	Service	SUSE Linux Enterprise Server Live Patching x86-64 1-2Sockets Inherited Virtualization 1yr 24x7 E-LTU	0	0.00				No	Obsolete (OB)		Not published by OCA	Obsolete (OB)	2026-09-16	2026-09-16	{}	BASELINE	N/A	$0.00	0.00%	2026-09-16: (no price)
Software & Licenses	SUSE Add-ons	HPE OCA > DL360 Gen11 [P52499-B21] > Software & Licenses > SUSE Add-ons	Operating System / License	Unlimited	0	Unlimited	Selection constraint for SUSE Add-ons: no max	Q1X75AAE	Service	SUSE Linux Enterprise Server Live Patching x86-64 1-2Sockets Inherited Virtualization 3yr 24x7 E-LTU	0	0.00				No	Obsolete (OB)		Not published by OCA	Obsolete (OB)	2026-09-16	2026-09-16	{}	BASELINE	N/A	$0.00	0.00%	2026-09-16: (no price)
Software & Licenses	SUSE containers	HPE OCA > DL360 Gen11 [P52499-B21] > Software & Licenses > SUSE containers	Service & Support	Unlimited	0	Unlimited	Selection constraint for SUSE containers: no max	S0E93AAE	Service	SUSE Linux Enterprise Micro 1-16 Cores 1-year Subscription 24x7 Support E-LTU	0	0.00				No	Available		Not published by OCA	Active	2026-09-16	05/31/2028	{}	BASELINE	N/A	$0.00	0.00%	2026-09-16: (no price)
Software & Licenses	SUSE containers	HPE OCA > DL360 Gen11 [P52499-B21] > Software & Licenses > SUSE containers	Service & Support	Unlimited	0	Unlimited	Selection constraint for SUSE containers: no max	S0E94AAE	Service	SUSE Linux Enterprise Micro 1-16 Cores 3-year Subscription 24x7 Support E-LTU	0	0.00				No	Available		Not published by OCA	Active	2026-09-16	05/31/2028	{}	BASELINE	N/A	$0.00	0.00%	2026-09-16: (no price)
Software & Licenses	SUSE containers	HPE OCA > DL360 Gen11 [P52499-B21] > Software & Licenses > SUSE containers	Service & Support	Unlimited	0	Unlimited	Selection constraint for SUSE containers: no max	S0E95AAE	Service	SUSE Linux Enterprise Micro 1-16 Cores 5-year Subscription 24x7 Support E-LTU	0	0.00				No	Available		Not published by OCA	Active	2026-09-16	05/31/2028	{}	BASELINE	N/A	$0.00	0.00%	2026-09-16: (no price)
Software & Licenses	SUSE containers	HPE OCA > DL360 Gen11 [P52499-B21] > Software & Licenses > SUSE containers	Service & Support	Unlimited	0	Unlimited	Selection constraint for SUSE containers: no max	S0E96AAE	Service	SUSE Longhorn 10 Nodes 1-year Subscription 24x7 Support E-LTU	0	0.00				No	Obsolete (OB)		Not published by OCA	Obsolete (OB)	2026-09-16	2026-09-16	{}	BASELINE	N/A	$0.00	0.00%	2026-09-16: (no price)
Software & Licenses	SUSE containers	HPE OCA > DL360 Gen11 [P52499-B21] > Software & Licenses > SUSE containers	Service & Support	Unlimited	0	Unlimited	Selection constraint for SUSE containers: no max	S0E97AAE	Service	SUSE Longhorn 10 Nodes 3-year Subscription 24x7 Support E-LTU	0	0.00				No	Obsolete (OB)		Not published by OCA	Obsolete (OB)	2026-09-16	2026-09-16	{}	BASELINE	N/A	$0.00	0.00%	2026-09-16: (no price)
Software & Licenses	SUSE containers	HPE OCA > DL360 Gen11 [P52499-B21] > Software & Licenses > SUSE containers	Service & Support	Unlimited	0	Unlimited	Selection constraint for SUSE containers: no max	S0E98AAE	Service	SUSE Longhorn 10 Nodes 5-year Subscription 24x7 Support E-LTU	0	0.00				No	Obsolete (OB)		Not published by OCA	Obsolete (OB)	2026-09-16	2026-09-16	{}	BASELINE	N/A	$0.00	0.00%	2026-09-16: (no price)
Software & Licenses	SUSE containers	HPE OCA > DL360 Gen11 [P52499-B21] > Software & Licenses > SUSE containers	Service & Support	Unlimited	0	Unlimited	Selection constraint for SUSE containers: no max	S0E99AAE	Service	SUSE Rancher Prime Additional Management Server per Instance 1-year Subscription 24x7 Support E-LTU	0	0.00				No	Obsolete (OB)		Not published by OCA	Obsolete (OB)	2026-09-16	2026-09-16	{}	BASELINE	N/A	$0.00	0.00%	2026-09-16: (no price)
Software & Licenses	SUSE containers	HPE OCA > DL360 Gen11 [P52499-B21] > Software & Licenses > SUSE containers	Service & Support	Unlimited	0	Unlimited	Selection constraint for SUSE containers: no max	S0F00AAE	Service	SUSE Rancher Prime Additional Management Server per Instance 3-year Subscription 24x7 Support E-LTU	0	0.00				No	Obsolete (OB)		Not published by OCA	Obsolete (OB)	2026-09-16	2026-09-16	{}	BASELINE	N/A	$0.00	0.00%	2026-09-16: (no price)
Software & Licenses	SUSE containers	HPE OCA > DL360 Gen11 [P52499-B21] > Software & Licenses > SUSE containers	Service & Support	Unlimited	0	Unlimited	Selection constraint for SUSE containers: no max	S0F01AAE	Service	SUSE Rancher Prime Additional Management Server per Instance 5-year Subscription 24x7 Support E-LTU	0	0.00				No	Obsolete (OB)		Not published by OCA	Obsolete (OB)	2026-09-16	2026-09-16	{}	BASELINE	N/A	$0.00	0.00%	2026-09-16: (no price)
Software & Licenses	SUSE containers	HPE OCA > DL360 Gen11 [P52499-B21] > Software & Licenses > SUSE containers	Service & Support	Unlimited	0	Unlimited	Selection constraint for SUSE containers: no max	S0F02AAE	Service	SUSE Rancher Prime Management Server per Instance 1-year Subscription 24x7 Support E-LTU	0	0.00				No	Obsolete (OB)		Not published by OCA	Obsolete (OB)	2026-09-16	2026-09-16	{}	BASELINE	N/A	$0.00	0.00%	2026-09-16: (no price)
Software & Licenses	SUSE containers	HPE OCA > DL360 Gen11 [P52499-B21] > Software & Licenses > SUSE containers	Service & Support	Unlimited	0	Unlimited	Selection constraint for SUSE containers: no max	S0F03AAE	Service	SUSE Rancher Prime Management Server per Instance 3-year Subscription 24x7 Support E-LTU	0	0.00				No	Obsolete (OB)		Not published by OCA	Obsolete (OB)	2026-09-16	2026-09-16	{}	BASELINE	N/A	$0.00	0.00%	2026-09-16: (no price)
Software & Licenses	SUSE containers	HPE OCA > DL360 Gen11 [P52499-B21] > Software & Licenses > SUSE containers	Service & Support	Unlimited	0	Unlimited	Selection constraint for SUSE containers: no max	S0F04AAE	Service	SUSE Rancher Prime Management Server per Instance 5-year Subscription 24x7 Support E-LTU	0	0.00				No	Obsolete (OB)		Not published by OCA	Obsolete (OB)	2026-09-16	2026-09-16	{}	BASELINE	N/A	$0.00	0.00%	2026-09-16: (no price)
Software & Licenses	SUSE containers	HPE OCA > DL360 Gen11 [P52499-B21] > Software & Licenses > SUSE containers	Service & Support	Unlimited	0	Unlimited	Selection constraint for SUSE containers: no max	S0F05AAE	Service	SUSE Rancher Prime 10 Nodes for Linux 1-year Subscription 24x7 Support E-LTU	0	0.00				No	Obsolete (OB)		Not published by OCA	Obsolete (OB)	2026-09-16	2026-09-16	{}	BASELINE	N/A	$0.00	0.00%	2026-09-16: (no price)
Software & Licenses	SUSE containers	HPE OCA > DL360 Gen11 [P52499-B21] > Software & Licenses > SUSE containers	Service & Support	Unlimited	0	Unlimited	Selection constraint for SUSE containers: no max	S0F06AAE	Service	SUSE Rancher Prime 10 Nodes for Linux 3-year Subscription 24x7 Support E-LTU	0	0.00				No	Obsolete (OB)		Not published by OCA	Obsolete (OB)	2026-09-16	2026-09-16	{}	BASELINE	N/A	$0.00	0.00%	2026-09-16: (no price)
Software & Licenses	SUSE containers	HPE OCA > DL360 Gen11 [P52499-B21] > Software & Licenses > SUSE containers	Service & Support	Unlimited	0	Unlimited	Selection constraint for SUSE containers: no max	S0F07AAE	Service	SUSE Rancher Prime 10 Nodes for Linux 5-year Subscription 24x7 Support E-LTU	0	0.00				No	Obsolete (OB)		Not published by OCA	Obsolete (OB)	2026-09-16	2026-09-16	{}	BASELINE	N/A	$0.00	0.00%	2026-09-16: (no price)
Software & Licenses	SUSE containers	HPE OCA > DL360 Gen11 [P52499-B21] > Software & Licenses > SUSE containers	Service & Support	Unlimited	0	Unlimited	Selection constraint for SUSE containers: no max	S0F08AAE	Service	SUSE Rancher Prime Additional Management Server per Instance 1-year Subscription 9x5 Support E-LTU	0	0.00				No	Obsolete (OB)		Not published by OCA	Obsolete (OB)	2026-09-16	2026-09-16	{}	BASELINE	N/A	$0.00	0.00%	2026-09-16: (no price)
Software & Licenses	SUSE containers	HPE OCA > DL360 Gen11 [P52499-B21] > Software & Licenses > SUSE containers	Service & Support	Unlimited	0	Unlimited	Selection constraint for SUSE containers: no max	S0F09AAE	Service	SUSE Rancher Prime Additional Management Server per Instance 3-year Subscription 9x5 Support E-LTU	0	0.00				No	Obsolete (OB)		Not published by OCA	Obsolete (OB)	2026-09-16	2026-09-16	{}	BASELINE	N/A	$0.00	0.00%	2026-09-16: (no price)
Software & Licenses	SUSE containers	HPE OCA > DL360 Gen11 [P52499-B21] > Software & Licenses > SUSE containers	Service & Support	Unlimited	0	Unlimited	Selection constraint for SUSE containers: no max	S0F10AAE	Service	SUSE Rancher Prime Additional Management Server per Instance 5-year Subscription 9x5 Support E-LTU	0	0.00				No	Obsolete (OB)		Not published by OCA	Obsolete (OB)	2026-09-16	2026-09-16	{}	BASELINE	N/A	$0.00	0.00%	2026-09-16: (no price)
Software & Licenses	SUSE containers	HPE OCA > DL360 Gen11 [P52499-B21] > Software & Licenses > SUSE containers	Service & Support	Unlimited	0	Unlimited	Selection constraint for SUSE containers: no max	S0F11AAE	Service	SUSE Rancher Prime Management Server per Instance 1-year Subscription 9x5 Support E-LTU	0	0.00				No	Obsolete (OB)		Not published by OCA	Obsolete (OB)	2026-09-16	2026-09-16	{}	BASELINE	N/A	$0.00	0.00%	2026-09-16: (no price)
Software & Licenses	SUSE containers	HPE OCA > DL360 Gen11 [P52499-B21] > Software & Licenses > SUSE containers	Service & Support	Unlimited	0	Unlimited	Selection constraint for SUSE containers: no max	S0F12AAE	Service	SUSE Rancher Prime Management Server per Instance 3-year Subscription 9x5 Support E-LTU	0	0.00				No	Obsolete (OB)		Not published by OCA	Obsolete (OB)	2026-09-16	2026-09-16	{}	BASELINE	N/A	$0.00	0.00%	2026-09-16: (no price)
Software & Licenses	SUSE containers	HPE OCA > DL360 Gen11 [P52499-B21] > Software & Licenses > SUSE containers	Service & Support	Unlimited	0	Unlimited	Selection constraint for SUSE containers: no max	S0F13AAE	Service	SUSE Rancher Prime Management Server per Instance 5-year Subscription 9x5 Support E-LTU	0	0.00				No	Obsolete (OB)		Not published by OCA	Obsolete (OB)	2026-09-16	2026-09-16	{}	BASELINE	N/A	$0.00	0.00%	2026-09-16: (no price)
Software & Licenses	SUSE containers	HPE OCA > DL360 Gen11 [P52499-B21] > Software & Licenses > SUSE containers	Service & Support	Unlimited	0	Unlimited	Selection constraint for SUSE containers: no max	S0F14AAE	Service	SUSE Rancher Prime 10 Nodes for Linux 1-year Subscription 9x5 Support E-LTU	0	0.00				No	Obsolete (OB)		Not published by OCA	Obsolete (OB)	2026-09-16	2026-09-16	{}	BASELINE	N/A	$0.00	0.00%	2026-09-16: (no price)
Software & Licenses	SUSE containers	HPE OCA > DL360 Gen11 [P52499-B21] > Software & Licenses > SUSE containers	Service & Support	Unlimited	0	Unlimited	Selection constraint for SUSE containers: no max	S0F15AAE	Service	SUSE Rancher Prime 10 Nodes for Linux 3-year Subscription 9x5 Support E-LTU	0	0.00				No	Obsolete (OB)		Not published by OCA	Obsolete (OB)	2026-09-16	2026-09-16	{}	BASELINE	N/A	$0.00	0.00%	2026-09-16: (no price)
Software & Licenses	SUSE containers	HPE OCA > DL360 Gen11 [P52499-B21] > Software & Licenses > SUSE containers	Service & Support	Unlimited	0	Unlimited	Selection constraint for SUSE containers: no max	S0F16AAE	Service	SUSE Rancher Prime 10 Nodes for Linux 5-year Subscription 9x5 Support E-LTU	0	0.00				No	Obsolete (OB)		Not published by OCA	Obsolete (OB)	2026-09-16	2026-09-16	{}	BASELINE	N/A	$0.00	0.00%	2026-09-16: (no price)
Software & Licenses	SUSE containers	HPE OCA > DL360 Gen11 [P52499-B21] > Software & Licenses > SUSE containers	Service & Support	Unlimited	0	Unlimited	Selection constraint for SUSE containers: no max	S3B60AAE	Service	SUSE Storage per Node Add-on 5-15 Nodes 1-year Subscription 24x7 Support E-LTU	0	0.00				No	Obsolete (OB)		Not published by OCA	Obsolete (OB)	2026-09-16	2026-09-16	{}	BASELINE	N/A	$0.00	0.00%	2026-09-16: (no price)
Software & Licenses	SUSE containers	HPE OCA > DL360 Gen11 [P52499-B21] > Software & Licenses > SUSE containers	Service & Support	Unlimited	0	Unlimited	Selection constraint for SUSE containers: no max	S3B61AAE	Service	SUSE Storage per Node Add-on 16-50 Nodes 1-year Subscription 24x7 Support E-LTU	0	0.00				No	Obsolete (OB)		Not published by OCA	Obsolete (OB)	2026-09-16	2026-09-16	{}	BASELINE	N/A	$0.00	0.00%	2026-09-16: (no price)
Software & Licenses	SUSE containers	HPE OCA > DL360 Gen11 [P52499-B21] > Software & Licenses > SUSE containers	Service & Support	Unlimited	0	Unlimited	Selection constraint for SUSE containers: no max	S3B62AAE	Service	SUSE Storage per Node Add-on 5-15 Nodes 3-year Subscription 24x7 Support E-LTU	0	0.00				No	Obsolete (OB)		Not published by OCA	Obsolete (OB)	2026-09-16	2026-09-16	{}	BASELINE	N/A	$0.00	0.00%	2026-09-16: (no price)
Software & Licenses	SUSE containers	HPE OCA > DL360 Gen11 [P52499-B21] > Software & Licenses > SUSE containers	Service & Support	Unlimited	0	Unlimited	Selection constraint for SUSE containers: no max	S3B63AAE	Service	SUSE Storage per Node Add-on 16-50 Nodes 3-year Subscription 24x7 Support E-LTU	0	0.00				No	Obsolete (OB)		Not published by OCA	Obsolete (OB)	2026-09-16	2026-09-16	{}	BASELINE	N/A	$0.00	0.00%	2026-09-16: (no price)
Software & Licenses	SUSE containers	HPE OCA > DL360 Gen11 [P52499-B21] > Software & Licenses > SUSE containers	Service & Support	Unlimited	0	Unlimited	Selection constraint for SUSE containers: no max	S3B64AAE	Service	SUSE Storage per Node Add-on 5-15 Nodes 5-year Subscription 24x7 Support E-LTU	0	0.00				No	Obsolete (OB)		Not published by OCA	Obsolete (OB)	2026-09-16	2026-09-16	{}	BASELINE	N/A	$0.00	0.00%	2026-09-16: (no price)
Software & Licenses	SUSE containers	HPE OCA > DL360 Gen11 [P52499-B21] > Software & Licenses > SUSE containers	Service & Support	Unlimited	0	Unlimited	Selection constraint for SUSE containers: no max	S3B65AAE	Service	SUSE Storage per Node Add-on 16-50 Nodes 5-year Subscription 24x7 Support E-LTU	0	0.00				No	Obsolete (OB)		Not published by OCA	Obsolete (OB)	2026-09-16	2026-09-16	{}	BASELINE	N/A	$0.00	0.00%	2026-09-16: (no price)
Software & Licenses	SUSE containers	HPE OCA > DL360 Gen11 [P52499-B21] > Software & Licenses > SUSE containers	Operating System / License	Unlimited	0	Unlimited	Selection constraint for SUSE containers: no max	S3B66AAE	Service	SUSE Rancher Prime with Rancher Prime Management Server per Node 5-15 Nodes 1yr Sub 24x7 Sup E-LTU	0	0.00				No	Obsolete (OB)		Not published by OCA	Obsolete (OB)	2026-09-16	2026-09-16	{}	BASELINE	N/A	$0.00	0.00%	2026-09-16: (no price)
Software & Licenses	SUSE containers	HPE OCA > DL360 Gen11 [P52499-B21] > Software & Licenses > SUSE containers	Operating System / License	Unlimited	0	Unlimited	Selection constraint for SUSE containers: no max	S3B67AAE	Service	SUSE Rancher Prime w/2x Rancher Prime Management Server per Node 16-50 Nodes 1yr Sub 24x7 Sup E-LTU	0	0.00				No	Obsolete (OB)		Not published by OCA	Obsolete (OB)	2026-09-16	2026-09-16	{}	BASELINE	N/A	$0.00	0.00%	2026-09-16: (no price)
Software & Licenses	SUSE containers	HPE OCA > DL360 Gen11 [P52499-B21] > Software & Licenses > SUSE containers	Operating System / License	Unlimited	0	Unlimited	Selection constraint for SUSE containers: no max	S3B68AAE	Service	SUSE Rancher Prime with Rancher Prime Management Server per Node 5-15 Nodes 3yr Sub 24x7 Sup E-LTU	0	0.00				No	Obsolete (OB)		Not published by OCA	Obsolete (OB)	2026-09-16	2026-09-16	{}	BASELINE	N/A	$0.00	0.00%	2026-09-16: (no price)
Software & Licenses	SUSE containers	HPE OCA > DL360 Gen11 [P52499-B21] > Software & Licenses > SUSE containers	Operating System / License	Unlimited	0	Unlimited	Selection constraint for SUSE containers: no max	S3B69AAE	Service	SUSE Rancher Prime w/2x Rancher Prime Management Server per Node 16-50 Nodes 3yr Sub 24x7 Sup E-LTU	0	0.00				No	Obsolete (OB)		Not published by OCA	Obsolete (OB)	2026-09-16	2026-09-16	{}	BASELINE	N/A	$0.00	0.00%	2026-09-16: (no price)
Software & Licenses	SUSE containers	HPE OCA > DL360 Gen11 [P52499-B21] > Software & Licenses > SUSE containers	Operating System / License	Unlimited	0	Unlimited	Selection constraint for SUSE containers: no max	S3B70AAE	Service	SUSE Rancher Prime with Rancher Prime Management Server per Node 5-15 Nodes 5yr Sub 24x7 Sup E-LTU	0	0.00				No	Obsolete (OB)		Not published by OCA	Obsolete (OB)	2026-09-16	2026-09-16	{}	BASELINE	N/A	$0.00	0.00%	2026-09-16: (no price)
Software & Licenses	SUSE containers	HPE OCA > DL360 Gen11 [P52499-B21] > Software & Licenses > SUSE containers	Operating System / License	Unlimited	0	Unlimited	Selection constraint for SUSE containers: no max	S3B71AAE	Service	SUSE Rancher Prime w/2x Rancher Prime Management Server per Node 16-50 Nodes 5yr Sub 24x7 Sup E-LTU	0	0.00				No	Obsolete (OB)		Not published by OCA	Obsolete (OB)	2026-09-16	2026-09-16	{}	BASELINE	N/A	$0.00	0.00%	2026-09-16: (no price)
Software & Licenses	SUSE Operating Systems	HPE OCA > DL360 Gen11 [P52499-B21] > Software & Licenses > SUSE Operating Systems	Service & Support	Unlimited	0	Unlimited	Selection constraint for SUSE Operating Systems: no max	M6K28AAE	Service	SUSE Linux Enterprise Server 1-2 Sockets or 1-2 VM 3 Year Subscription 24x7 Support E-LTU	0	0.00				No	Obsolete (OB)		Not published by OCA	Obsolete (OB)	2026-09-16	2026-09-16	{}	BASELINE	N/A	$0.00	0.00%	2026-09-16: (no price)
Software & Licenses	SUSE Operating Systems	HPE OCA > DL360 Gen11 [P52499-B21] > Software & Licenses > SUSE Operating Systems	Service & Support	Unlimited	0	Unlimited	Selection constraint for SUSE Operating Systems: no max	N7F54AAE	Service	SUSE Linux Enterprise Server 1-2 Sockets or 1-2 VM 1 Year Subscription 24x7 Support E-LTU	0	0.00				No	Obsolete (OB)		Not published by OCA	Obsolete (OB)	2026-09-16	2026-09-16	{}	BASELINE	N/A	$0.00	0.00%	2026-09-16: (no price)
Software & Licenses	SUSE Operating Systems	HPE OCA > DL360 Gen11 [P52499-B21] > Software & Licenses > SUSE Operating Systems	Service & Support	Unlimited	0	Unlimited	Selection constraint for SUSE Operating Systems: no max	N7F55AAE	Service	SUSE Linux Enterprise Server 1-2 Sockets or 1-2 VM 1 Year Subscription 9x5 Support E-LTU	0	0.00				No	Obsolete (OB)		Not published by OCA	Obsolete (OB)	2026-09-16	2026-09-16	{}	BASELINE	N/A	$0.00	0.00%	2026-09-16: (no price)
Software & Licenses	SUSE Operating Systems	HPE OCA > DL360 Gen11 [P52499-B21] > Software & Licenses > SUSE Operating Systems	Service & Support	Unlimited	0	Unlimited	Selection constraint for SUSE Operating Systems: no max	P9P54AAE	Service	SUSE Linux Enterprise Server 1-2 Sockets or 1-2 VM 5yr Subscription 24x7 Support E-LTU	0	0.00				No	Obsolete (OB)		Not published by OCA	Obsolete (OB)	2026-09-16	2026-09-16	{}	BASELINE	N/A	$0.00	0.00%	2026-09-16: (no price)
Software & Licenses	SUSE Operating Systems	HPE OCA > DL360 Gen11 [P52499-B21] > Software & Licenses > SUSE Operating Systems	Service & Support	Unlimited	0	Unlimited	Selection constraint for SUSE Operating Systems: no max	P9P94AAE	Service	SUSE Linux Enterprise Server 1-2 Sockets or 1-2 VM 3yr Subscription 9x5 Support E-LTU	0	0.00				No	Obsolete (OB)		Not published by OCA	Obsolete (OB)	2026-09-16	2026-09-16	{}	BASELINE	N/A	$0.00	0.00%	2026-09-16: (no price)
Software & Licenses	SUSE Operating Systems	HPE OCA > DL360 Gen11 [P52499-B21] > Software & Licenses > SUSE Operating Systems	Operating System / License	Unlimited	0	Unlimited	Selection constraint for SUSE Operating Systems: no max	S3R49AAE	Service	SUSE Linux Enterprise Server w/SUSE Manager Lifecycle Management+ 1-2 Sockets/1-2 VM 3yr 24x7 E-LTU	0	0.00				No	Obsolete (OB)		Not published by OCA	Obsolete (OB)	2026-09-16	2026-09-16	{}	BASELINE	N/A	$0.00	0.00%	2026-09-16: (no price)
Software & Licenses	SUSE Operating Systems	HPE OCA > DL360 Gen11 [P52499-B21] > Software & Licenses > SUSE Operating Systems	Operating System / License	Unlimited	0	Unlimited	Selection constraint for SUSE Operating Systems: no max	S3R50AAE	Service	SUSE Linux Enterprise Server w/SUSE Manager Lifecycle Management+ 1-2 Sockets/1-2 VM 1yr 24x7 E-LTU	0	0.00				No	Obsolete (OB)		Not published by OCA	Obsolete (OB)	2026-09-16	2026-09-16	{}	BASELINE	N/A	$0.00	0.00%	2026-09-16: (no price)
Software & Licenses	SUSE Operating Systems	HPE OCA > DL360 Gen11 [P52499-B21] > Software & Licenses > SUSE Operating Systems	Operating System / License	Unlimited	0	Unlimited	Selection constraint for SUSE Operating Systems: no max	S3R51AAE	Service	SUSE Linux Enterprise Server w/SUSE Manager Lifecycle Management+ 1-2 Sockets/1-2 VM 1yr 9x5 E-LTU	0	0.00				No	Obsolete (OB)		Not published by OCA	Obsolete (OB)	2026-09-16	2026-09-16	{}	BASELINE	N/A	$0.00	0.00%	2026-09-16: (no price)
Software & Licenses	SUSE Operating Systems	HPE OCA > DL360 Gen11 [P52499-B21] > Software & Licenses > SUSE Operating Systems	Operating System / License	Unlimited	0	Unlimited	Selection constraint for SUSE Operating Systems: no max	S3R52AAE	Service	SUSE Linux Enterprise Server w/SUSE Manager Lifecycle Management+ 1-2 Sockets/1-2 VM 5yr 24x7 E-LTU	0	0.00				No	Obsolete (OB)		Not published by OCA	Obsolete (OB)	2026-09-16	2026-09-16	{}	BASELINE	N/A	$0.00	0.00%	2026-09-16: (no price)
Software & Licenses	SUSE Operating Systems	HPE OCA > DL360 Gen11 [P52499-B21] > Software & Licenses > SUSE Operating Systems	Operating System / License	Unlimited	0	Unlimited	Selection constraint for SUSE Operating Systems: no max	S3R53AAE	Service	SUSE Linux Enterprise Server w/SUSE Manager Lifecycle Management+ 1-2 Sockets/1-2 VM 3yr 9x5 E-LTU	0	0.00				No	Obsolete (OB)		Not published by OCA	Obsolete (OB)	2026-09-16	2026-09-16	{}	BASELINE	N/A	$0.00	0.00%	2026-09-16: (no price)
Software & Licenses	SUSE Operating Systems	HPE OCA > DL360 Gen11 [P52499-B21] > Software & Licenses > SUSE Operating Systems	Operating System / License	Unlimited	0	Unlimited	Selection constraint for SUSE Operating Systems: no max	S3R54AAE	Service	SUSE Linux Enterprise Server w/SUSE Manager Lifecycle Management+ 1-2 Sockets/1-2 VM 5yr 9x5 E-LTU	0	0.00				No	Obsolete (OB)		Not published by OCA	Obsolete (OB)	2026-09-16	2026-09-16	{}	BASELINE	N/A	$0.00	0.00%	2026-09-16: (no price)
Software & Licenses	SUSE Operating Systems	HPE OCA > DL360 Gen11 [P52499-B21] > Software & Licenses > SUSE Operating Systems	Operating System / License	Unlimited	0	Unlimited	Selection constraint for SUSE Operating Systems: no max	S3R55AAE	Service	SUSE Linux Enterprise Server 1-2 Sockets 3-year 24x7 E-LTU	0	0.00				No	Obsolete (OB)		Not published by OCA	Obsolete (OB)	2026-09-16	2026-09-16	{}	BASELINE	N/A	$0.00	0.00%	2026-09-16: (no price)
Software & Licenses	SUSE Operating Systems	HPE OCA > DL360 Gen11 [P52499-B21] > Software & Licenses > SUSE Operating Systems	Operating System / License	Unlimited	0	Unlimited	Selection constraint for SUSE Operating Systems: no max	S3R56AAE	Service	SUSE Linux Enterprise Server 1-2 Sockets 1-year 24x7 E-LTU	0	0.00				No	Obsolete (OB)		Not published by OCA	Obsolete (OB)	2026-09-16	2026-09-16	{}	BASELINE	N/A	$0.00	0.00%	2026-09-16: (no price)
Software & Licenses	SUSE Operating Systems	HPE OCA > DL360 Gen11 [P52499-B21] > Software & Licenses > SUSE Operating Systems	Operating System / License	Unlimited	0	Unlimited	Selection constraint for SUSE Operating Systems: no max	S3R57AAE	Service	SUSE Linux Enterprise Server 1 Virtual Machine 3-year 24x7 E-LTU	0	0.00				No	Obsolete (OB)		Not published by OCA	Obsolete (OB)	2026-09-16	2026-09-16	{}	BASELINE	N/A	$0.00	0.00%	2026-09-16: (no price)
Software & Licenses	SUSE Operating Systems	HPE OCA > DL360 Gen11 [P52499-B21] > Software & Licenses > SUSE Operating Systems	Operating System / License	Unlimited	0	Unlimited	Selection constraint for SUSE Operating Systems: no max	S3R58AAE	Service	SUSE Linux Enterprise Server 1 Virtual Machine 1-year 24x7 E-LTU	0	0.00				No	Obsolete (OB)		Not published by OCA	Obsolete (OB)	2026-09-16	2026-09-16	{}	BASELINE	N/A	$0.00	0.00%	2026-09-16: (no price)
Software & Licenses	SUSE Operating Systems	HPE OCA > DL360 Gen11 [P52499-B21] > Software & Licenses > SUSE Operating Systems	Operating System / License	Unlimited	0	Unlimited	Selection constraint for SUSE Operating Systems: no max	S3R59AAE	Service	SUSE Linux Enterprise Server 1 Virtual Machine 5-year 24x7 E-LTU	0	0.00				No	Obsolete (OB)		Not published by OCA	Obsolete (OB)	2026-09-16	2026-09-16	{}	BASELINE	N/A	$0.00	0.00%	2026-09-16: (no price)
Software & Licenses	SUSE Operating Systems	HPE OCA > DL360 Gen11 [P52499-B21] > Software & Licenses > SUSE Operating Systems	Operating System / License	Unlimited	0	Unlimited	Selection constraint for SUSE Operating Systems: no max	S3R60AAE	Service	SUSE Linux Enterprise Server 1-2 Sockets 5-year 24x7 E-LTU	0	0.00				No	Obsolete (OB)		Not published by OCA	Obsolete (OB)	2026-09-16	2026-09-16	{}	BASELINE	N/A	$0.00	0.00%	2026-09-16: (no price)
Software & Licenses	SUSE Operating Systems	HPE OCA > DL360 Gen11 [P52499-B21] > Software & Licenses > SUSE Operating Systems	Operating System / License	Unlimited	0	Unlimited	Selection constraint for SUSE Operating Systems: no max	S7N75AAE	Service	SUSE Linux Enterprise Server for SAP Applications 1-2 Sockets or 1-2 VM 3-year Sub 24x7 Sup E-LTU	0	0.00				No	Available		Not published by OCA	Active	2026-09-16	05/31/2028	{}	BASELINE	N/A	$0.00	0.00%	2026-09-16: (no price)
Software & Licenses	SUSE Operating Systems	HPE OCA > DL360 Gen11 [P52499-B21] > Software & Licenses > SUSE Operating Systems	Operating System / License	Unlimited	0	Unlimited	Selection constraint for SUSE Operating Systems: no max	S7N76AAE	Service	SUSE Linux Enterprise Server for SAP Applications 1-2 Sockets or 1-2 VM 5-year Sub 24x7 Sup E-LTU	0	0.00				No	Available		Not published by OCA	Active	2026-09-16	05/31/2028	{}	BASELINE	N/A	$0.00	0.00%	2026-09-16: (no price)
Software & Licenses	SUSE Operating Systems	HPE OCA > DL360 Gen11 [P52499-B21] > Software & Licenses > SUSE Operating Systems	Operating System / License	Unlimited	0	Unlimited	Selection constraint for SUSE Operating Systems: no max	S7N79AAE	Service	SUSE Linux Enterprise Server w/SUSE Multi-Linux Mgr Lifecycle Mgmt+ 1-2 Skts/1-2 VM 1yr 24x7 E-LTU	0	0.00				No	Available		Not published by OCA	Active	2026-09-16	05/31/2028	{}	BASELINE	N/A	$0.00	0.00%	2026-09-16: (no price)
Software & Licenses	SUSE Operating Systems	HPE OCA > DL360 Gen11 [P52499-B21] > Software & Licenses > SUSE Operating Systems	Operating System / License	Unlimited	0	Unlimited	Selection constraint for SUSE Operating Systems: no max	S7N80AAE	Service	SUSE Linux Enterprise Server w/SUSE Multi-Linux Mgr Lifecycle Mgmt+ 1-2 Skts/1-2 VM 1yr 9x5 E-LTU	0	0.00				No	Available		Not published by OCA	Active	2026-09-16	05/31/2028	{}	BASELINE	N/A	$0.00	0.00%	2026-09-16: (no price)
Software & Licenses	SUSE Operating Systems	HPE OCA > DL360 Gen11 [P52499-B21] > Software & Licenses > SUSE Operating Systems	Operating System / License	Unlimited	0	Unlimited	Selection constraint for SUSE Operating Systems: no max	S7N81AAE	Service	SUSE Linux Enterprise Server w/SUSE Multi-Linux Mgr Lifecycle Mgmt+ 1-2 Skts/1-2 VM 3yr 24x7 E-LTU	0	0.00				No	Available		Not published by OCA	Active	2026-09-16	05/31/2028	{}	BASELINE	N/A	$0.00	0.00%	2026-09-16: (no price)
Software & Licenses	SUSE Operating Systems	HPE OCA > DL360 Gen11 [P52499-B21] > Software & Licenses > SUSE Operating Systems	Operating System / License	Unlimited	0	Unlimited	Selection constraint for SUSE Operating Systems: no max	S7N82AAE	Service	SUSE Linux Enterprise Server w/SUSE Multi-Linux Mgr Lifecycle Mgmt+ 1-2 Skts/1-2 VM 3yr 9x5 E-LTU	0	0.00				No	Available		Not published by OCA	Active	2026-09-16	05/31/2028	{}	BASELINE	N/A	$0.00	0.00%	2026-09-16: (no price)
Software & Licenses	SUSE Operating Systems	HPE OCA > DL360 Gen11 [P52499-B21] > Software & Licenses > SUSE Operating Systems	Operating System / License	Unlimited	0	Unlimited	Selection constraint for SUSE Operating Systems: no max	S7N83AAE	Service	SUSE Linux Enterprise Server w/SUSE Multi-Linux Mgr Lifecycle Mgmt+ 1-2 Skts/1-2 VM 5yr 24x7 E-LTU	0	0.00				No	Available		Not published by OCA	Active	2026-09-16	05/31/2028	{}	BASELINE	N/A	$0.00	0.00%	2026-09-16: (no price)
Software & Licenses	SUSE Operating Systems	HPE OCA > DL360 Gen11 [P52499-B21] > Software & Licenses > SUSE Operating Systems	Operating System / License	Unlimited	0	Unlimited	Selection constraint for SUSE Operating Systems: no max	S7N84AAE	Service	SUSE Linux Enterprise Server w/SUSE Multi-Linux Mgr Lifecycle Mgmt+ 1-2 Skts/1-2 VM 5yr 9x5 E-LTU	0	0.00				No	Available		Not published by OCA	Active	2026-09-16	05/31/2028	{}	BASELINE	N/A	$0.00	0.00%	2026-09-16: (no price)
Software & Licenses	SUSE Operating Systems	HPE OCA > DL360 Gen11 [P52499-B21] > Software & Licenses > SUSE Operating Systems	Service & Support	Unlimited	0	Unlimited	Selection constraint for SUSE Operating Systems: no max	S7N95AAE	Service	SUSE Linux Enterprise Server 1-2 Sockets 1-year Subscription 24x7 Support E-LTU	0	0.00				No	Available		Not published by OCA	Active	2026-09-16	05/31/2028	{}	BASELINE	N/A	$0.00	0.00%	2026-09-16: (no price)
Software & Licenses	SUSE Operating Systems	HPE OCA > DL360 Gen11 [P52499-B21] > Software & Licenses > SUSE Operating Systems	Service & Support	Unlimited	0	Unlimited	Selection constraint for SUSE Operating Systems: no max	S7N96AAE	Service	SUSE Linux Enterprise Server 1-2 Sockets 3-year Subscription 24x7 Support E-LTU	0	0.00				No	Available		Not published by OCA	Active	2026-09-16	05/31/2028	{}	BASELINE	N/A	$0.00	0.00%	2026-09-16: (no price)
Software & Licenses	SUSE Operating Systems	HPE OCA > DL360 Gen11 [P52499-B21] > Software & Licenses > SUSE Operating Systems	Service & Support	Unlimited	0	Unlimited	Selection constraint for SUSE Operating Systems: no max	S7N97AAE	Service	SUSE Linux Enterprise Server 1-2 Sockets 5-year Subscription 24x7 Support E-LTU	0	0.00				No	Available		Not published by OCA	Active	2026-09-16	05/31/2028	{}	BASELINE	N/A	$0.00	0.00%	2026-09-16: (no price)
Software & Licenses	SUSE Operating Systems	HPE OCA > DL360 Gen11 [P52499-B21] > Software & Licenses > SUSE Operating Systems	Service & Support	Unlimited	0	Unlimited	Selection constraint for SUSE Operating Systems: no max	S7N98AAE	Service	SUSE Linux Enterprise Server 1 VM 1-year Subscription 24x7 Support E-LTU	0	0.00				No	Available		Not published by OCA	Active	2026-09-16	05/31/2028	{}	BASELINE	N/A	$0.00	0.00%	2026-09-16: (no price)
Software & Licenses	SUSE Operating Systems	HPE OCA > DL360 Gen11 [P52499-B21] > Software & Licenses > SUSE Operating Systems	Service & Support	Unlimited	0	Unlimited	Selection constraint for SUSE Operating Systems: no max	S7N99AAE	Service	SUSE Linux Enterprise Server 1 VM 3-year Subscription 24x7 Support E-LTU	0	0.00				No	Available		Not published by OCA	Active	2026-09-16	05/31/2028	{}	BASELINE	N/A	$0.00	0.00%	2026-09-16: (no price)
Software & Licenses	SUSE Operating Systems	HPE OCA > DL360 Gen11 [P52499-B21] > Software & Licenses > SUSE Operating Systems	Service & Support	Unlimited	0	Unlimited	Selection constraint for SUSE Operating Systems: no max	S7P00AAE	Service	SUSE Linux Enterprise Server 1 VM 5-year Subscription 24x7 Support E-LTU	0	0.00				No	Available		Not published by OCA	Active	2026-09-16	05/31/2028	{}	BASELINE	N/A	$0.00	0.00%	2026-09-16: (no price)
Software & Licenses	SUSE SAP Operating Systems	HPE OCA > DL360 Gen11 [P52499-B21] > Software & Licenses > SUSE SAP Operating Systems	Service & Support	Unlimited	0	Unlimited	Selection constraint for SUSE SAP Operating Systems: no max	M6K30AAE	Service	SUSE Linux Enterprise Server SAP 1-2 Sockets or 1-2 VM 3 Year Subscription 24x7 Support E-LTU	0	0.00				No	Obsolete (OB)		Not published by OCA	Obsolete (OB)	2026-09-16	2026-09-16	{}	BASELINE	N/A	$0.00	0.00%	2026-09-16: (no price)
Software & Licenses	SUSE SAP Operating Systems	HPE OCA > DL360 Gen11 [P52499-B21] > Software & Licenses > SUSE SAP Operating Systems	Service & Support	Unlimited	0	Unlimited	Selection constraint for SUSE SAP Operating Systems: no max	M6K32AAE	Service	SUSE Linux Enterprise Server SAP 1-2 Sockets or 1-2 VM 5 Year Subscription 24x7 Support E-LTU	0	0.00				No	Obsolete (OB)		Not published by OCA	Obsolete (OB)	2026-09-16	2026-09-16	{}	BASELINE	N/A	$0.00	0.00%	2026-09-16: (no price)
Software & Licenses	OneView Management Software	HPE OCA > DL360 Gen11 [P52499-B21] > Software & Licenses > OneView Management Software	Service & Support	max 1	0	1	Selection constraint for OneView Management Software: max 1	E5Y35AAE	Service	HPE OneView including 3yr 24x7 Support Flexible Quantity E-LTU	0	0.00				No	Available		Not published by OCA	Active	2026-09-16	05/31/2028	{}	BASELINE	N/A	$0.00	0.00%	2026-09-16: (no price)
Software & Licenses	OneView Management Software	HPE OCA > DL360 Gen11 [P52499-B21] > Software & Licenses > OneView Management Software	Service & Support	max 1	0	1	Selection constraint for OneView Management Software: max 1	P8B26AAE	Service	HPE OneView w/o iLO including 3yr 24x7 Support Flexible Quantity E-LTU	0	0.00				No	Available		Not published by OCA	Active	2026-09-16	05/31/2028	{}	BASELINE	N/A	$0.00	0.00%	2026-09-16: (no price)
Graphics & GPU	NVIDIA GPU SW	HPE OCA > DL360 Gen11 [P52499-B21] > Graphics & GPU > NVIDIA GPU SW	GPU / Accelerator	Unlimited	0	Unlimited	Selection constraint for NVIDIA GPU SW: no max	R3Q35AAE	Service	NVIDIA RTX Virtual Workstation 1 Concurrent User 1-year Subscription E-LTU	0	0.00				No	Available		Not published by OCA	Active	2026-09-16	05/31/2028	{}	BASELINE	N/A	$0.00	0.00%	2026-09-16: (no price)
Graphics & GPU	NVIDIA GPU SW	HPE OCA > DL360 Gen11 [P52499-B21] > Graphics & GPU > NVIDIA GPU SW	GPU / Accelerator	Unlimited	0	Unlimited	Selection constraint for NVIDIA GPU SW: no max	R3Q37AAE	Service	NVIDIA RTX Virtual Workstation 1 Concurrent User 3-year Subscription E-LTU	0	0.00				No	Available		Not published by OCA	Active	2026-09-16	05/31/2028	{}	BASELINE	N/A	$0.00	0.00%	2026-09-16: (no price)
Graphics & GPU	NVIDIA GPU SW	HPE OCA > DL360 Gen11 [P52499-B21] > Graphics & GPU > NVIDIA GPU SW	GPU / Accelerator	Unlimited	0	Unlimited	Selection constraint for NVIDIA GPU SW: no max	R3Q38AAE	Service	NVIDIA RTX Virtual Workstation 1 Concurrent User 4-year Subscription E-LTU	0	0.00				No	Available		Not published by OCA	Active	2026-09-16	05/31/2028	{}	BASELINE	N/A	$0.00	0.00%	2026-09-16: (no price)
Graphics & GPU	NVIDIA GPU SW	HPE OCA > DL360 Gen11 [P52499-B21] > Graphics & GPU > NVIDIA GPU SW	GPU / Accelerator	Unlimited	0	Unlimited	Selection constraint for NVIDIA GPU SW: no max	R3Q39AAE	Service	NVIDIA RTX Virtual Workstation 1 Concurrent User 5-year Subscription E-LTU	0	0.00				No	Available		Not published by OCA	Active	2026-09-16	05/31/2028	{}	BASELINE	N/A	$0.00	0.00%	2026-09-16: (no price)
Graphics & GPU	NVIDIA GPU SW	HPE OCA > DL360 Gen11 [P52499-B21] > Graphics & GPU > NVIDIA GPU SW	GPU / Accelerator	Unlimited	0	Unlimited	Selection constraint for NVIDIA GPU SW: no max	R3Q40AAE	Service	NVIDIA RTX Virtual Workstation 1 Concurrent User Education 1-year Subscription Renewal E-LTU	0	0.00				No	Available		Not published by OCA	Active	2026-09-16	05/31/2028	{}	BASELINE	N/A	$0.00	0.00%	2026-09-16: (no price)
Graphics & GPU	NVIDIA GPU SW	HPE OCA > DL360 Gen11 [P52499-B21] > Graphics & GPU > NVIDIA GPU SW	GPU / Accelerator	Unlimited	0	Unlimited	Selection constraint for NVIDIA GPU SW: no max	R3Q42AAE	Service	NVIDIA RTX Virtual Workstation 1 Concurrent User Education 3-year Subscription Renewal E-LTU	0	0.00				No	Available		Not published by OCA	Active	2026-09-16	05/31/2028	{}	BASELINE	N/A	$0.00	0.00%	2026-09-16: (no price)
Graphics & GPU	NVIDIA GPU SW	HPE OCA > DL360 Gen11 [P52499-B21] > Graphics & GPU > NVIDIA GPU SW	GPU / Accelerator	Unlimited	0	Unlimited	Selection constraint for NVIDIA GPU SW: no max	R3Q44AAE	Service	NVIDIA Virtual Applications 1 Concurrent User 1-year Subscription E-LTU	0	0.00				No	Available		Not published by OCA	Active	2026-09-16	05/31/2028	{}	BASELINE	N/A	$0.00	0.00%	2026-09-16: (no price)
Graphics & GPU	NVIDIA GPU SW	HPE OCA > DL360 Gen11 [P52499-B21] > Graphics & GPU > NVIDIA GPU SW	GPU / Accelerator	Unlimited	0	Unlimited	Selection constraint for NVIDIA GPU SW: no max	R3Q46AAE	Service	NVIDIA Virtual Applications 1 Concurrent User 3-year Subscription E-LTU	0	0.00				No	Available		Not published by OCA	Active	2026-09-16	05/31/2028	{}	BASELINE	N/A	$0.00	0.00%	2026-09-16: (no price)
Graphics & GPU	NVIDIA GPU SW	HPE OCA > DL360 Gen11 [P52499-B21] > Graphics & GPU > NVIDIA GPU SW	GPU / Accelerator	Unlimited	0	Unlimited	Selection constraint for NVIDIA GPU SW: no max	R3Q47AAE	Service	NVIDIA Virtual Applications 1 Concurrent User 4-year Subscription E-LTU	0	0.00				No	Available		Not published by OCA	Active	2026-09-16	05/31/2028	{}	BASELINE	N/A	$0.00	0.00%	2026-09-16: (no price)
Graphics & GPU	NVIDIA GPU SW	HPE OCA > DL360 Gen11 [P52499-B21] > Graphics & GPU > NVIDIA GPU SW	GPU / Accelerator	Unlimited	0	Unlimited	Selection constraint for NVIDIA GPU SW: no max	R3Q48AAE	Service	NVIDIA Virtual Applications 1 Concurrent User 5-year Subscription E-LTU	0	0.00				No	Available		Not published by OCA	Active	2026-09-16	05/31/2028	{}	BASELINE	N/A	$0.00	0.00%	2026-09-16: (no price)
Graphics & GPU	NVIDIA GPU SW	HPE OCA > DL360 Gen11 [P52499-B21] > Graphics & GPU > NVIDIA GPU SW	GPU / Accelerator	Unlimited	0	Unlimited	Selection constraint for NVIDIA GPU SW: no max	R3Q49AAE	Service	NVIDIA Virtual PC 1 Concurrent User 1-year Subscription E-LTU	0	0.00				No	Available		Not published by OCA	Active	2026-09-16	05/31/2028	{}	BASELINE	N/A	$0.00	0.00%	2026-09-16: (no price)
Graphics & GPU	NVIDIA GPU SW	HPE OCA > DL360 Gen11 [P52499-B21] > Graphics & GPU > NVIDIA GPU SW	GPU / Accelerator	Unlimited	0	Unlimited	Selection constraint for NVIDIA GPU SW: no max	R3Q51AAE	Service	NVIDIA Virtual PC 1 Concurrent User 3-year Subscription E-LTU	0	0.00				No	Available		Not published by OCA	Active	2026-09-16	05/31/2028	{}	BASELINE	N/A	$0.00	0.00%	2026-09-16: (no price)
Graphics & GPU	NVIDIA GPU SW	HPE OCA > DL360 Gen11 [P52499-B21] > Graphics & GPU > NVIDIA GPU SW	GPU / Accelerator	Unlimited	0	Unlimited	Selection constraint for NVIDIA GPU SW: no max	R3Q52AAE	Service	NVIDIA Virtual PC 1 Concurrent User 4-year Subscription E-LTU	0	0.00				No	Available		Not published by OCA	Active	2026-09-16	05/31/2028	{}	BASELINE	N/A	$0.00	0.00%	2026-09-16: (no price)
Graphics & GPU	NVIDIA GPU SW	HPE OCA > DL360 Gen11 [P52499-B21] > Graphics & GPU > NVIDIA GPU SW	GPU / Accelerator	Unlimited	0	Unlimited	Selection constraint for NVIDIA GPU SW: no max	R3Q53AAE	Service	NVIDIA Virtual PC 1 Concurrent User 5-year Subscription E-LTU	0	0.00				No	Available		Not published by OCA	Active	2026-09-16	05/31/2028	{}	BASELINE	N/A	$0.00	0.00%	2026-09-16: (no price)
Graphics & GPU	NVIDIA GPU SW	HPE OCA > DL360 Gen11 [P52499-B21] > Graphics & GPU > NVIDIA GPU SW	GPU / Accelerator	Unlimited	0	Unlimited	Selection constraint for NVIDIA GPU SW: no max	R3Q63AAE	Service	NVIDIA RTX Virtual Workstation SUMS 1 Concurrent User 1-year Subscription Renewal E-LTU	0	0.00				No	Available		Not published by OCA	Active	2026-09-16	05/31/2028	{}	BASELINE	N/A	$0.00	0.00%	2026-09-16: (no price)
Graphics & GPU	NVIDIA GPU SW	HPE OCA > DL360 Gen11 [P52499-B21] > Graphics & GPU > NVIDIA GPU SW	GPU / Accelerator	Unlimited	0	Unlimited	Selection constraint for NVIDIA GPU SW: no max	R3Q67AAE	Service	NVIDIA RTX Virtual Workstation SUMS 1 Concurrent User 5-year Subscription E-LTU	0	0.00				No	Available		Not published by OCA	Active	2026-09-16	05/31/2028	{}	BASELINE	N/A	$0.00	0.00%	2026-09-16: (no price)
Graphics & GPU	NVIDIA GPU SW	HPE OCA > DL360 Gen11 [P52499-B21] > Graphics & GPU > NVIDIA GPU SW	GPU / Accelerator	Unlimited	0	Unlimited	Selection constraint for NVIDIA GPU SW: no max	R3Q68AAE	Service	NVIDIA RTX Virtual Workstation SUMS 1 Concurrent User Education 1-year Subscription Renewal E-LTU	0	0.00				No	Available		Not published by OCA	Active	2026-09-16	05/31/2028	{}	BASELINE	N/A	$0.00	0.00%	2026-09-16: (no price)
Graphics & GPU	NVIDIA GPU SW	HPE OCA > DL360 Gen11 [P52499-B21] > Graphics & GPU > NVIDIA GPU SW	GPU / Accelerator	Unlimited	0	Unlimited	Selection constraint for NVIDIA GPU SW: no max	R3Q72AAE	Service	NVIDIA RTX Virtual Workstation SUMS 1 Concurrent User Education 5-year Subscription E-LTU	0	0.00				No	Available		Not published by OCA	Active	2026-09-16	05/31/2028	{}	BASELINE	N/A	$0.00	0.00%	2026-09-16: (no price)
Graphics & GPU	NVIDIA GPU SW	HPE OCA > DL360 Gen11 [P52499-B21] > Graphics & GPU > NVIDIA GPU SW	GPU / Accelerator	Unlimited	0	Unlimited	Selection constraint for NVIDIA GPU SW: no max	R3Q73AAE	Service	NVIDIA Virtual Applications SUMS 1 Concurrent User 1-year Subscription Renewal E-LTU	0	0.00				No	Available		Not published by OCA	Active	2026-09-16	05/31/2028	{}	BASELINE	N/A	$0.00	0.00%	2026-09-16: (no price)
Graphics & GPU	NVIDIA GPU SW	HPE OCA > DL360 Gen11 [P52499-B21] > Graphics & GPU > NVIDIA GPU SW	GPU / Accelerator	Unlimited	0	Unlimited	Selection constraint for NVIDIA GPU SW: no max	R3Q77AAE	Service	NVIDIA Virtual Applications SUMS 1 Concurrent User 5-year Subscription E-LTU	0	0.00				No	Available		Not published by OCA	Active	2026-09-16	05/31/2028	{}	BASELINE	N/A	$0.00	0.00%	2026-09-16: (no price)
Graphics & GPU	NVIDIA GPU SW	HPE OCA > DL360 Gen11 [P52499-B21] > Graphics & GPU > NVIDIA GPU SW	GPU / Accelerator	Unlimited	0	Unlimited	Selection constraint for NVIDIA GPU SW: no max	R3Q79AAE	Service	NVIDIA Virtual PC 1 Concurrent User 1-year Subscription Renewal E-LTU	0	0.00				No	Available		Not published by OCA	Active	2026-09-16	05/31/2028	{}	BASELINE	N/A	$0.00	0.00%	2026-09-16: (no price)
Graphics & GPU	NVIDIA GPU SW	HPE OCA > DL360 Gen11 [P52499-B21] > Graphics & GPU > NVIDIA GPU SW	GPU / Accelerator	Unlimited	0	Unlimited	Selection constraint for NVIDIA GPU SW: no max	R3Q81AAE	Service	NVIDIA Virtual PC 1 Concurrent User 3-year Subscription Renewal E-LTU	0	0.00				No	Available		Not published by OCA	Active	2026-09-16	05/31/2028	{}	BASELINE	N/A	$0.00	0.00%	2026-09-16: (no price)
Graphics & GPU	NVIDIA GPU SW	HPE OCA > DL360 Gen11 [P52499-B21] > Graphics & GPU > NVIDIA GPU SW	GPU / Accelerator	Unlimited	0	Unlimited	Selection constraint for NVIDIA GPU SW: no max	R3Q93AAE	Service	NVIDIA RTX Virtual Workstation 1 Concurrent User Perpetual E-LTU	0	0.00				No	Available		Not published by OCA	Active	2026-09-16	05/31/2028	{}	BASELINE	N/A	$0.00	0.00%	2026-09-16: (no price)
Graphics & GPU	NVIDIA GPU SW	HPE OCA > DL360 Gen11 [P52499-B21] > Graphics & GPU > NVIDIA GPU SW	GPU / Accelerator	Unlimited	0	Unlimited	Selection constraint for NVIDIA GPU SW: no max	R3Q94AAE	Service	NVIDIA RTX Virtual Workstation 1 Concurrent User Education Perpetual E-LTU	0	0.00				No	Available		Not published by OCA	Active	2026-09-16	05/31/2028	{}	BASELINE	N/A	$0.00	0.00%	2026-09-16: (no price)
Graphics & GPU	NVIDIA GPU SW	HPE OCA > DL360 Gen11 [P52499-B21] > Graphics & GPU > NVIDIA GPU SW	GPU / Accelerator	Unlimited	0	Unlimited	Selection constraint for NVIDIA GPU SW: no max	R3Q95AAE	Service	NVIDIA RTX Virtual Workstation 1 Concurrent User 1-year Subscription Renewal E-LTU	0	0.00				No	Available		Not published by OCA	Active	2026-09-16	05/31/2028	{}	BASELINE	N/A	$0.00	0.00%	2026-09-16: (no price)
Graphics & GPU	NVIDIA GPU SW	HPE OCA > DL360 Gen11 [P52499-B21] > Graphics & GPU > NVIDIA GPU SW	GPU / Accelerator	Unlimited	0	Unlimited	Selection constraint for NVIDIA GPU SW: no max	R3R01AAE	Service	NVIDIA Virtual Applications 1 Concurrent User Perpetual E-LTU	0	0.00				No	Available		Not published by OCA	Active	2026-09-16	05/31/2028	{}	BASELINE	N/A	$0.00	0.00%	2026-09-16: (no price)
Graphics & GPU	NVIDIA GPU SW	HPE OCA > DL360 Gen11 [P52499-B21] > Graphics & GPU > NVIDIA GPU SW	GPU / Accelerator	Unlimited	0	Unlimited	Selection constraint for NVIDIA GPU SW: no max	R3R02AAE	Service	NVIDIA Virtual Applications 1 Concurrent User 1-year Subscription Renewal E-LTU	0	0.00				No	Available		Not published by OCA	Active	2026-09-16	05/31/2028	{}	BASELINE	N/A	$0.00	0.00%	2026-09-16: (no price)
Graphics & GPU	NVIDIA GPU SW	HPE OCA > DL360 Gen11 [P52499-B21] > Graphics & GPU > NVIDIA GPU SW	GPU / Accelerator	Unlimited	0	Unlimited	Selection constraint for NVIDIA GPU SW: no max	R3R03AAE	Service	NVIDIA Virtual Applications 1 Concurrent User 3-year Subscription Renewal E-LTU	0	0.00				No	Available		Not published by OCA	Active	2026-09-16	05/31/2028	{}	BASELINE	N/A	$0.00	0.00%	2026-09-16: (no price)
Graphics & GPU	NVIDIA GPU SW	HPE OCA > DL360 Gen11 [P52499-B21] > Graphics & GPU > NVIDIA GPU SW	GPU / Accelerator	Unlimited	0	Unlimited	Selection constraint for NVIDIA GPU SW: no max	R3R06AAE	Service	NVIDIA Virtual PC 1 Concurrent User Perpetual E-LTU	0	0.00				No	Available		Not published by OCA	Active	2026-09-16	05/31/2028	{}	BASELINE	N/A	$0.00	0.00%	2026-09-16: (no price)
Graphics & GPU	NVIDIA GPU SW	HPE OCA > DL360 Gen11 [P52499-B21] > Graphics & GPU > NVIDIA GPU SW	GPU / Accelerator	Unlimited	0	Unlimited	Selection constraint for NVIDIA GPU SW: no max	R3R07AAE	Service	NVIDIA Virtual PC SUMS 1 Concurrent User 1-year Subscription Renewal E-LTU	0	0.00				No	Available		Not published by OCA	Active	2026-09-16	05/31/2028	{}	BASELINE	N/A	$0.00	0.00%	2026-09-16: (no price)
Graphics & GPU	NVIDIA GPU SW	HPE OCA > DL360 Gen11 [P52499-B21] > Graphics & GPU > NVIDIA GPU SW	GPU / Accelerator	Unlimited	0	Unlimited	Selection constraint for NVIDIA GPU SW: no max	R3R12AAE	Service	NVIDIA RTX Virtual Workstation 1 Concurrent User 3-year Subscription Renewal E-LTU	0	0.00				No	Available		Not published by OCA	Active	2026-09-16	05/31/2028	{}	BASELINE	N/A	$0.00	0.00%	2026-09-16: (no price)
Graphics & GPU	NVIDIA GPU SW	HPE OCA > DL360 Gen11 [P52499-B21] > Graphics & GPU > NVIDIA GPU SW	GPU / Accelerator	Unlimited	0	Unlimited	Selection constraint for NVIDIA GPU SW: no max	R3R21AAE	Service	NVIDIA Virtual PC SUMS 1 Concurrent User 5-year Subscription E-LTU	0	0.00				No	Available		Not published by OCA	Active	2026-09-16	05/31/2028	{}	BASELINE	N/A	$0.00	0.00%	2026-09-16: (no price)
Graphics & GPU	NVIDIA GPU SW	HPE OCA > DL360 Gen11 [P52499-B21] > Graphics & GPU > NVIDIA GPU SW	GPU / Accelerator	Unlimited	0	Unlimited	Selection constraint for NVIDIA GPU SW: no max	R3R26AAE	Service	NVIDIA RTX Virtual Workstation 1 Concurrent User Education 1-year Subscription E-LTU	0	0.00				No	Available		Not published by OCA	Active	2026-09-16	05/31/2028	{}	BASELINE	N/A	$0.00	0.00%	2026-09-16: (no price)
Graphics & GPU	NVIDIA GPU SW	HPE OCA > DL360 Gen11 [P52499-B21] > Graphics & GPU > NVIDIA GPU SW	GPU / Accelerator	Unlimited	0	Unlimited	Selection constraint for NVIDIA GPU SW: no max	R3R27AAE	Service	NVIDIA RTX Virtual Workstation 1 Concurrent User Education 3-year Subscription E-LTU	0	0.00				No	Available		Not published by OCA	Active	2026-09-16	05/31/2028	{}	BASELINE	N/A	$0.00	0.00%	2026-09-16: (no price)
Graphics & GPU	NVIDIA GPU SW	HPE OCA > DL360 Gen11 [P52499-B21] > Graphics & GPU > NVIDIA GPU SW	GPU / Accelerator	Unlimited	0	Unlimited	Selection constraint for NVIDIA GPU SW: no max	S2S16AAE	Service	NVIDIA AI Enterprise per GPU 1-year Subscription 9x5 Support E-LTU	0	0.00				No	Available		Not published by OCA	Active	2026-09-16	05/31/2028	{}	BASELINE	N/A	$0.00	0.00%	2026-09-16: (no price)
Graphics & GPU	NVIDIA GPU SW	HPE OCA > DL360 Gen11 [P52499-B21] > Graphics & GPU > NVIDIA GPU SW	GPU / Accelerator	Unlimited	0	Unlimited	Selection constraint for NVIDIA GPU SW: no max	S2S17AAE	Service	NVIDIA AI Enterprise per GPU 3-year Subscription 9x5 Support E-LTU	0	0.00				No	Available		Not published by OCA	Active	2026-09-16	05/31/2028	{}	BASELINE	N/A	$0.00	0.00%	2026-09-16: (no price)
Graphics & GPU	NVIDIA GPU SW	HPE OCA > DL360 Gen11 [P52499-B21] > Graphics & GPU > NVIDIA GPU SW	GPU / Accelerator	Unlimited	0	Unlimited	Selection constraint for NVIDIA GPU SW: no max	S2S18AAE	Service	NVIDIA AI Enterprise per GPU 5-year Subscription 9x5 Support E-LTU	0	0.00				No	Available		Not published by OCA	Active	2026-09-16	05/31/2028	{}	BASELINE	N/A	$0.00	0.00%	2026-09-16: (no price)
Graphics & GPU	NVIDIA GPU SW	HPE OCA > DL360 Gen11 [P52499-B21] > Graphics & GPU > NVIDIA GPU SW	GPU / Accelerator	Unlimited	0	Unlimited	Selection constraint for NVIDIA GPU SW: no max	S2S19AAE	Service	NVIDIA AI Enterprise per GPU 1-year Subscription 9x5 Support Renewal E-LTU	0	0.00				No	Available		Not published by OCA	Active	2026-09-16	05/31/2028	{}	BASELINE	N/A	$0.00	0.00%	2026-09-16: (no price)
Graphics & GPU	NVIDIA GPU SW	HPE OCA > DL360 Gen11 [P52499-B21] > Graphics & GPU > NVIDIA GPU SW	GPU / Accelerator	Unlimited	0	Unlimited	Selection constraint for NVIDIA GPU SW: no max	S2S20AAE	Service	NVIDIA AI Enterprise per GPU 3-year Subscription 9x5 Support Renewal E-LTU	0	0.00				No	Available		Not published by OCA	Active	2026-09-16	05/31/2028	{}	BASELINE	N/A	$0.00	0.00%	2026-09-16: (no price)
Graphics & GPU	NVIDIA GPU SW	HPE OCA > DL360 Gen11 [P52499-B21] > Graphics & GPU > NVIDIA GPU SW	GPU / Accelerator	Unlimited	0	Unlimited	Selection constraint for NVIDIA GPU SW: no max	S2S21AAE	Service	NVIDIA AI Enterprise per GPU 5-year Subscription 9x5 Support Renewal E-LTU	0	0.00				No	Available		Not published by OCA	Active	2026-09-16	05/31/2028	{}	BASELINE	N/A	$0.00	0.00%	2026-09-16: (no price)
Graphics & GPU	NVIDIA GPU SW	HPE OCA > DL360 Gen11 [P52499-B21] > Graphics & GPU > NVIDIA GPU SW	GPU / Accelerator	Unlimited	0	Unlimited	Selection constraint for NVIDIA GPU SW: no max	S2S22AAE	Service	NVIDIA AI Enterprise Educational per GPU 1-year Subscription 9x5 Support E-LTU	0	0.00				No	Available		Not published by OCA	Active	2026-09-16	05/31/2028	{}	BASELINE	N/A	$0.00	0.00%	2026-09-16: (no price)
Graphics & GPU	NVIDIA GPU SW	HPE OCA > DL360 Gen11 [P52499-B21] > Graphics & GPU > NVIDIA GPU SW	GPU / Accelerator	Unlimited	0	Unlimited	Selection constraint for NVIDIA GPU SW: no max	S2S23AAE	Service	NVIDIA AI Enterprise Educational per GPU 3-year Subscription 9x5 Support E-LTU	0	0.00				No	Available		Not published by OCA	Active	2026-09-16	05/31/2028	{}	BASELINE	N/A	$0.00	0.00%	2026-09-16: (no price)
Graphics & GPU	NVIDIA GPU SW	HPE OCA > DL360 Gen11 [P52499-B21] > Graphics & GPU > NVIDIA GPU SW	GPU / Accelerator	Unlimited	0	Unlimited	Selection constraint for NVIDIA GPU SW: no max	S2S24AAE	Service	NVIDIA AI Enterprise Educational per GPU 5-year Subscription 9x5 Support E-LTU	0	0.00				No	Available		Not published by OCA	Active	2026-09-16	05/31/2028	{}	BASELINE	N/A	$0.00	0.00%	2026-09-16: (no price)
Graphics & GPU	NVIDIA GPU SW	HPE OCA > DL360 Gen11 [P52499-B21] > Graphics & GPU > NVIDIA GPU SW	GPU / Accelerator	Unlimited	0	Unlimited	Selection constraint for NVIDIA GPU SW: no max	S2S25AAE	Service	NVIDIA AI Enterprise Educational per GPU 1-year Subscription 9x5 Support Renewal E-LTU	0	0.00				No	Available		Not published by OCA	Active	2026-09-16	05/31/2028	{}	BASELINE	N/A	$0.00	0.00%	2026-09-16: (no price)
Graphics & GPU	NVIDIA GPU SW	HPE OCA > DL360 Gen11 [P52499-B21] > Graphics & GPU > NVIDIA GPU SW	GPU / Accelerator	Unlimited	0	Unlimited	Selection constraint for NVIDIA GPU SW: no max	S2S26AAE	Service	NVIDIA AI Enterprise Educational per GPU 3-year Subscription 9x5 Support Renewal E-LTU	0	0.00				No	Available		Not published by OCA	Active	2026-09-16	05/31/2028	{}	BASELINE	N/A	$0.00	0.00%	2026-09-16: (no price)
Graphics & GPU	NVIDIA GPU SW	HPE OCA > DL360 Gen11 [P52499-B21] > Graphics & GPU > NVIDIA GPU SW	GPU / Accelerator	Unlimited	0	Unlimited	Selection constraint for NVIDIA GPU SW: no max	S2S27AAE	Service	NVIDIA AI Enterprise Educational per GPU 5-year Subscription 9x5 Support Renewal E-LTU	0	0.00				No	Available		Not published by OCA	Active	2026-09-16	05/31/2028	{}	BASELINE	N/A	$0.00	0.00%	2026-09-16: (no price)
Graphics & GPU	NVIDIA GPU SW	HPE OCA > DL360 Gen11 [P52499-B21] > Graphics & GPU > NVIDIA GPU SW	GPU / Accelerator	Unlimited	0	Unlimited	Selection constraint for NVIDIA GPU SW: no max	S2S28AAE	Service	NVIDIA AI Enterprise per GPU 1-year 24x7 Support E-LTU	0	0.00				No	Available		Not published by OCA	Active	2026-09-16	05/31/2028	{}	BASELINE	N/A	$0.00	0.00%	2026-09-16: (no price)
Graphics & GPU	NVIDIA GPU SW	HPE OCA > DL360 Gen11 [P52499-B21] > Graphics & GPU > NVIDIA GPU SW	GPU / Accelerator	Unlimited	0	Unlimited	Selection constraint for NVIDIA GPU SW: no max	S2S29AAE	Service	NVIDIA AI Enterprise per GPU 3-year 24x7 Support E-LTU	0	0.00				No	Available		Not published by OCA	Active	2026-09-16	05/31/2028	{}	BASELINE	N/A	$0.00	0.00%	2026-09-16: (no price)
Graphics & GPU	NVIDIA GPU SW	HPE OCA > DL360 Gen11 [P52499-B21] > Graphics & GPU > NVIDIA GPU SW	GPU / Accelerator	Unlimited	0	Unlimited	Selection constraint for NVIDIA GPU SW: no max	S2S30AAE	Service	NVIDIA AI Enterprise per GPU 5-year 24x7 Support E-LTU	0	0.00				No	Available		Not published by OCA	Active	2026-09-16	05/31/2028	{}	BASELINE	N/A	$0.00	0.00%	2026-09-16: (no price)
Graphics & GPU	NVIDIA GPU SW	HPE OCA > DL360 Gen11 [P52499-B21] > Graphics & GPU > NVIDIA GPU SW	GPU / Accelerator	Unlimited	0	Unlimited	Selection constraint for NVIDIA GPU SW: no max	S2S31AAE	Service	NVIDIA AI Enterprise Educational per GPU 1-year 24x7 Support E-LTU	0	0.00				No	Available		Not published by OCA	Active	2026-09-16	05/31/2028	{}	BASELINE	N/A	$0.00	0.00%	2026-09-16: (no price)
Graphics & GPU	NVIDIA GPU SW	HPE OCA > DL360 Gen11 [P52499-B21] > Graphics & GPU > NVIDIA GPU SW	GPU / Accelerator	Unlimited	0	Unlimited	Selection constraint for NVIDIA GPU SW: no max	S2S32AAE	Service	NVIDIA AI Enterprise Educational per GPU 3-year 24x7 Support E-LTU	0	0.00				No	Available		Not published by OCA	Active	2026-09-16	05/31/2028	{}	BASELINE	N/A	$0.00	0.00%	2026-09-16: (no price)
Graphics & GPU	NVIDIA GPU SW	HPE OCA > DL360 Gen11 [P52499-B21] > Graphics & GPU > NVIDIA GPU SW	GPU / Accelerator	Unlimited	0	Unlimited	Selection constraint for NVIDIA GPU SW: no max	S2S33AAE	Service	NVIDIA AI Enterprise Educational per GPU 5-year 24x7 Support E-LTU	0	0.00				No	Available		Not published by OCA	Active	2026-09-16	05/31/2028	{}	BASELINE	N/A	$0.00	0.00%	2026-09-16: (no price)
Graphics & GPU	NVIDIA GPU SW	HPE OCA > DL360 Gen11 [P52499-B21] > Graphics & GPU > NVIDIA GPU SW	GPU / Accelerator	Unlimited	0	Unlimited	Selection constraint for NVIDIA GPU SW: no max	S2S34AAE	Service	NVIDIA AI Enterprise per GPU 1-year 24x7 Support Renewal E-LTU	0	0.00				No	Available		Not published by OCA	Active	2026-09-16	05/31/2028	{}	BASELINE	N/A	$0.00	0.00%	2026-09-16: (no price)
Graphics & GPU	NVIDIA GPU SW	HPE OCA > DL360 Gen11 [P52499-B21] > Graphics & GPU > NVIDIA GPU SW	GPU / Accelerator	Unlimited	0	Unlimited	Selection constraint for NVIDIA GPU SW: no max	S2S35AAE	Service	NVIDIA AI Enterprise per GPU 3-year 24x7 Support Renewal E-LTU	0	0.00				No	Available		Not published by OCA	Active	2026-09-16	05/31/2028	{}	BASELINE	N/A	$0.00	0.00%	2026-09-16: (no price)
Graphics & GPU	NVIDIA GPU SW	HPE OCA > DL360 Gen11 [P52499-B21] > Graphics & GPU > NVIDIA GPU SW	GPU / Accelerator	Unlimited	0	Unlimited	Selection constraint for NVIDIA GPU SW: no max	S2S36AAE	Service	NVIDIA AI Enterprise per GPU 5-year 24x7 Support Renewal E-LTU	0	0.00				No	Available		Not published by OCA	Active	2026-09-16	05/31/2028	{}	BASELINE	N/A	$0.00	0.00%	2026-09-16: (no price)
Graphics & GPU	NVIDIA GPU SW	HPE OCA > DL360 Gen11 [P52499-B21] > Graphics & GPU > NVIDIA GPU SW	GPU / Accelerator	Unlimited	0	Unlimited	Selection constraint for NVIDIA GPU SW: no max	S2S37AAE	Service	NVIDIA AI Enterprise Educational per GPU 1-year 24x7 Support Renewal E-LTU	0	0.00				No	Available		Not published by OCA	Active	2026-09-16	05/31/2028	{}	BASELINE	N/A	$0.00	0.00%	2026-09-16: (no price)
Graphics & GPU	NVIDIA GPU SW	HPE OCA > DL360 Gen11 [P52499-B21] > Graphics & GPU > NVIDIA GPU SW	GPU / Accelerator	Unlimited	0	Unlimited	Selection constraint for NVIDIA GPU SW: no max	S2S38AAE	Service	NVIDIA AI Enterprise Educational per GPU 3-year 24x7 Support Renewal E-LTU	0	0.00				No	Available		Not published by OCA	Active	2026-09-16	05/31/2028	{}	BASELINE	N/A	$0.00	0.00%	2026-09-16: (no price)
Graphics & GPU	NVIDIA GPU SW	HPE OCA > DL360 Gen11 [P52499-B21] > Graphics & GPU > NVIDIA GPU SW	GPU / Accelerator	Unlimited	0	Unlimited	Selection constraint for NVIDIA GPU SW: no max	S2S39AAE	Service	NVIDIA AI Enterprise Educational per GPU 5-year 24x7 Support Renewal E-LTU	0	0.00				No	Available		Not published by OCA	Active	2026-09-16	05/31/2028	{}	BASELINE	N/A	$0.00	0.00%	2026-09-16: (no price)
Software & Licenses	Hadoop Software	HPE OCA > DL360 Gen11 [P52499-B21] > Software & Licenses > Hadoop Software	Service & Support	Unlimited	0	Unlimited	Selection constraint for Hadoop Software: no max	P9V17AAE	Service	Cloudera Enterprise Analytical Database Edition 1yr Subscription per Node 24x7 Gold Support E-LTU	0	0.00				No	Obsolete (OB)		Not published by OCA	Obsolete (OB)	2026-09-16	2026-09-16	{}	BASELINE	N/A	$0.00	0.00%	2026-09-16: (no price)
Software & Licenses	Hadoop Software	HPE OCA > DL360 Gen11 [P52499-B21] > Software & Licenses > Hadoop Software	Service & Support	Unlimited	0	Unlimited	Selection constraint for Hadoop Software: no max	G7M27AAE	Service	Cloudera Enterprise Basic Edition 1 Year Subscription per Node 24x7 Support E-LTU	0	0.00				No	Obsolete (OB)		Not published by OCA	Obsolete (OB)	2026-09-16	2026-09-16	{}	BASELINE	N/A	$0.00	0.00%	2026-09-16: (no price)
Software & Licenses	Hadoop Software	HPE OCA > DL360 Gen11 [P52499-B21] > Software & Licenses > Hadoop Software	Service & Support	Unlimited	0	Unlimited	Selection constraint for Hadoop Software: no max	P9A42AAE	Service	Cloudera Enterprise Basic Edition 3 Year Subscription per Node 8x5 Support E-LTU	0	0.00				No	Obsolete (OB)		Not published by OCA	Obsolete (OB)	2026-09-16	2026-09-16	{}	BASELINE	N/A	$0.00	0.00%	2026-09-16: (no price)
Software & Licenses	Hadoop Software	HPE OCA > DL360 Gen11 [P52499-B21] > Software & Licenses > Hadoop Software	Service & Support	Unlimited	0	Unlimited	Selection constraint for Hadoop Software: no max	P9V13AAE	Service	Cloudera Enterprise Data Engineering Edition 1yr Subscription per Node 24x7 Gold Support E-LTU	0	0.00				No	Obsolete (OB)		Not published by OCA	Obsolete (OB)	2026-09-16	2026-09-16	{}	BASELINE	N/A	$0.00	0.00%	2026-09-16: (no price)
Software & Licenses	Hadoop Software	HPE OCA > DL360 Gen11 [P52499-B21] > Software & Licenses > Hadoop Software	Service & Support	Unlimited	0	Unlimited	Selection constraint for Hadoop Software: no max	G7M29AAE	Service	Cloudera Enterprise Data Hub Edition 1 Year Subscription per Node 24x7 Support E-LTU	0	0.00				No	Obsolete (OB)		Not published by OCA	Obsolete (OB)	2026-09-16	2026-09-16	{}	BASELINE	N/A	$0.00	0.00%	2026-09-16: (no price)
Software & Licenses	Hadoop Software	HPE OCA > DL360 Gen11 [P52499-B21] > Software & Licenses > Hadoop Software	Service & Support	Unlimited	0	Unlimited	Selection constraint for Hadoop Software: no max	P9V15AAE	Service	Cloudera Enterprise Operational Database Edition 1yr Subscription per Node 24x7 Gold Support E-LTU	0	0.00				No	Obsolete (OB)		Not published by OCA	Obsolete (OB)	2026-09-16	2026-09-16	{}	BASELINE	N/A	$0.00	0.00%	2026-09-16: (no price)
Software & Licenses	Linux Value Added Software	HPE OCA > DL360 Gen11 [P52499-B21] > Software & Licenses > Linux Value Added Software	Operating System / License	Unlimited	0	Unlimited	Selection constraint for Linux Value Added Software: no max	G5J66AAE	Service	Red Hat High Availability 2 Sockets Unlimited Guests 1 Year Subscription E-LTU	0	0.00				No	Available		Not published by OCA	Active	2026-09-16	05/31/2028	{}	BASELINE	N/A	$0.00	0.00%	2026-09-16: (no price)
Software & Licenses	Linux Value Added Software	HPE OCA > DL360 Gen11 [P52499-B21] > Software & Licenses > Linux Value Added Software	Operating System / License	Unlimited	0	Unlimited	Selection constraint for Linux Value Added Software: no max	G5J67AAE	Service	Red Hat High Availability 2 Sockets Unlimited Guests 3 Year Subscription E-LTU	0	0.00				No	Available		Not published by OCA	Active	2026-09-16	05/31/2028	{}	BASELINE	N/A	$0.00	0.00%	2026-09-16: (no price)
Software & Licenses	Linux Value Added Software	HPE OCA > DL360 Gen11 [P52499-B21] > Software & Licenses > Linux Value Added Software	Operating System / License	Unlimited	0	Unlimited	Selection constraint for Linux Value Added Software: no max	G3J34AAE	Service	Red Hat High Availability 2 Sockets or 2 Guests 1 Year Subscription E-LTU	0	0.00				No	Available		Not published by OCA	Active	2026-09-16	05/31/2028	{}	BASELINE	N/A	$0.00	0.00%	2026-09-16: (no price)
Software & Licenses	Linux Value Added Software	HPE OCA > DL360 Gen11 [P52499-B21] > Software & Licenses > Linux Value Added Software	Operating System / License	Unlimited	0	Unlimited	Selection constraint for Linux Value Added Software: no max	G3J35AAE	Service	Red Hat High Availability 2 Sockets or 2 Guests 3 Year Subscription E-LTU	0	0.00				No	Available		Not published by OCA	Active	2026-09-16	05/31/2028	{}	BASELINE	N/A	$0.00	0.00%	2026-09-16: (no price)
Software & Licenses	Linux Value Added Software	HPE OCA > DL360 Gen11 [P52499-B21] > Software & Licenses > Linux Value Added Software	Operating System / License	Unlimited	0	Unlimited	Selection constraint for Linux Value Added Software: no max	G5J68AAE	Service	Red Hat Resilient Storage 2 Sockets Unlimited Guests 1 Year Subscription E-LTU	0	0.00				No	Available		Not published by OCA	Active	2026-09-16	05/31/2028	{}	BASELINE	N/A	$0.00	0.00%	2026-09-16: (no price)
Software & Licenses	Linux Value Added Software	HPE OCA > DL360 Gen11 [P52499-B21] > Software & Licenses > Linux Value Added Software	Operating System / License	Unlimited	0	Unlimited	Selection constraint for Linux Value Added Software: no max	G5J69AAE	Service	Red Hat Resilient Storage 2 Sockets Unlimited Guests 3 Year Subscription E-LTU	0	0.00				No	Available		Not published by OCA	Active	2026-09-16	05/31/2028	{}	BASELINE	N/A	$0.00	0.00%	2026-09-16: (no price)
Software & Licenses	Linux Value Added Software	HPE OCA > DL360 Gen11 [P52499-B21] > Software & Licenses > Linux Value Added Software	Operating System / License	Unlimited	0	Unlimited	Selection constraint for Linux Value Added Software: no max	G3J36AAE	Service	Red Hat Resilient Storage 2 Sockets or 2 Guests 1 Year Subscription E-LTU	0	0.00				No	Available		Not published by OCA	Active	2026-09-16	05/31/2028	{}	BASELINE	N/A	$0.00	0.00%	2026-09-16: (no price)
Software & Licenses	Linux Value Added Software	HPE OCA > DL360 Gen11 [P52499-B21] > Software & Licenses > Linux Value Added Software	Operating System / License	Unlimited	0	Unlimited	Selection constraint for Linux Value Added Software: no max	G3J37AAE	Service	Red Hat Resilient Storage 2 Sockets or 2 Guests 3 Year Subscription E-LTU	0	0.00				No	Available		Not published by OCA	Active	2026-09-16	05/31/2028	{}	BASELINE	N/A	$0.00	0.00%	2026-09-16: (no price)
Software & Licenses	Linux Value Added Software	HPE OCA > DL360 Gen11 [P52499-B21] > Software & Licenses > Linux Value Added Software	Operating System / License	Unlimited	0	Unlimited	Selection constraint for Linux Value Added Software: no max	R2A03AAE	Service	Red Hat Satellite 2 Sockets Unlimited Guests 1yr Subscription E-LTU	0	0.00				No	Available		Not published by OCA	Active	2026-09-16	05/31/2028	{}	BASELINE	N/A	$0.00	0.00%	2026-09-16: (no price)
Software & Licenses	Linux Value Added Software	HPE OCA > DL360 Gen11 [P52499-B21] > Software & Licenses > Linux Value Added Software	Operating System / License	Unlimited	0	Unlimited	Selection constraint for Linux Value Added Software: no max	R2A04AAE	Service	Red Hat Satellite 2 Sockets Unlimited Guests 3-year Subscription E-LTU	0	0.00				No	Available		Not published by OCA	Active	2026-09-16	05/31/2028	{}	BASELINE	N/A	$0.00	0.00%	2026-09-16: (no price)
Software & Licenses	Linux Value Added Software	HPE OCA > DL360 Gen11 [P52499-B21] > Software & Licenses > Linux Value Added Software	Operating System / License	Unlimited	0	Unlimited	Selection constraint for Linux Value Added Software: no max	R2A05AAE	Service	Red Hat Satellite 2 Sockets Unlimited Guests 5-year Subscription E-LTU	0	0.00				No	Available		Not published by OCA	Active	2026-09-16	05/31/2028	{}	BASELINE	N/A	$0.00	0.00%	2026-09-16: (no price)
Software & Licenses	Linux Value Added Software	HPE OCA > DL360 Gen11 [P52499-B21] > Software & Licenses > Linux Value Added Software	Operating System / License	Unlimited	0	Unlimited	Selection constraint for Linux Value Added Software: no max	R2A00AAE	Service	Red Hat Satellite 2 Sockets or 2 Guests 1yr Subscription E-LTU	0	0.00				No	Available		Not published by OCA	Active	2026-09-16	05/31/2028	{}	BASELINE	N/A	$0.00	0.00%	2026-09-16: (no price)
Software & Licenses	Linux Value Added Software	HPE OCA > DL360 Gen11 [P52499-B21] > Software & Licenses > Linux Value Added Software	Operating System / License	Unlimited	0	Unlimited	Selection constraint for Linux Value Added Software: no max	R2A01AAE	Service	Red Hat Satellite 2 Sockets or 2 Guests 3-year Subscription E-LTU	0	0.00				No	Available		Not published by OCA	Active	2026-09-16	05/31/2028	{}	BASELINE	N/A	$0.00	0.00%	2026-09-16: (no price)
Software & Licenses	Linux Value Added Software	HPE OCA > DL360 Gen11 [P52499-B21] > Software & Licenses > Linux Value Added Software	Operating System / License	Unlimited	0	Unlimited	Selection constraint for Linux Value Added Software: no max	R2A02AAE	Service	Red Hat Satellite 2 Sockets or 2 Guests 5-year Subscription E-LTU	0	0.00				No	Available		Not published by OCA	Active	2026-09-16	05/31/2028	{}	BASELINE	N/A	$0.00	0.00%	2026-09-16: (no price)
Graphics & GPU	GPU Accelerators	HPE OCA > DL360 Gen11 [P52499-B21] > Graphics & GPU > GPU Accelerators	GPU / Accelerator	Unlimited	0	Unlimited	Selection constraint for GPU Accelerators: no max	R8W23AAE	Service	HPE ML Dev Env SW 1-19 GPU 1yr Sub E-RTU	0	0.00				No	Obsolete (OB)		Not published by OCA	Obsolete (OB)	2026-09-16	2026-09-16	{}	BASELINE	N/A	$0.00	0.00%	2026-09-16: (no price)
Graphics & GPU	GPU Accelerators	HPE OCA > DL360 Gen11 [P52499-B21] > Graphics & GPU > GPU Accelerators	GPU / Accelerator	Unlimited	0	Unlimited	Selection constraint for GPU Accelerators: no max	R8W26AAE	Service	HPE ML Dev Env SW 20-99 GPU 1y Sub E-RTU	0	0.00				No	Obsolete (OB)		Not published by OCA	Obsolete (OB)	2026-09-16	2026-09-16	{}	BASELINE	N/A	$0.00	0.00%	2026-09-16: (no price)
Graphics & GPU	GPU Accelerators	HPE OCA > DL360 Gen11 [P52499-B21] > Graphics & GPU > GPU Accelerators	GPU / Accelerator	Unlimited	0	Unlimited	Selection constraint for GPU Accelerators: no max	R8W27AAE	Service	HPE ML Dev Env SW 100+ GPU 1yr Sub E-RTU	0	0.00				No	Obsolete (OB)		Not published by OCA	Obsolete (OB)	2026-09-16	2026-09-16	{}	BASELINE	N/A	$0.00	0.00%	2026-09-16: (no price)
Graphics & GPU	GPU Accelerators	HPE OCA > DL360 Gen11 [P52499-B21] > Graphics & GPU > GPU Accelerators	GPU / Accelerator	Unlimited	0	Unlimited	Selection constraint for GPU Accelerators: no max	R9H29AAE	Service	HPE ML Dev Env 3yr Sub E-RTU	0	0.00				No	Obsolete (OB)		Not published by OCA	Obsolete (OB)	2026-09-16	2026-09-16	{}	BASELINE	N/A	$0.00	0.00%	2026-09-16: (no price)
Graphics & GPU	GPU Accelerators	HPE OCA > DL360 Gen11 [P52499-B21] > Graphics & GPU > GPU Accelerators	GPU / Accelerator	Unlimited	0	Unlimited	Selection constraint for GPU Accelerators: no max	R9Y51AAE	Service	HPE Machine Learning Development Environment 4-year Subscription E-RTU	0	0.00				No	Obsolete (OB)		Not published by OCA	Obsolete (OB)	2026-09-16	2026-09-16	{}	BASELINE	N/A	$0.00	0.00%	2026-09-16: (no price)
Graphics & GPU	GPU Accelerators	HPE OCA > DL360 Gen11 [P52499-B21] > Graphics & GPU > GPU Accelerators	GPU / Accelerator	Unlimited	0	Unlimited	Selection constraint for GPU Accelerators: no max	R9Y52AAE	Service	HPE Machine Learning Development Environment 5-year Subscription E-RTU	0	0.00				No	Obsolete (OB)		Not published by OCA	Obsolete (OB)	2026-09-16	2026-09-16	{}	BASELINE	N/A	$0.00	0.00%	2026-09-16: (no price)
Graphics & GPU	GPU Accelerators	HPE OCA > DL360 Gen11 [P52499-B21] > Graphics & GPU > GPU Accelerators	GPU / Accelerator	Unlimited	0	Unlimited	Selection constraint for GPU Accelerators: no max	S0S28AAE	Service	HPE AI Health Care Life Sciences Solution Tracking	0	0.00				No	Obsolete (OB)		Not published by OCA	Obsolete (OB)	2026-09-16	2026-09-16	{}	BASELINE	N/A	$0.00	0.00%	2026-09-16: (no price)
Graphics & GPU	GPU Accelerators	HPE OCA > DL360 Gen11 [P52499-B21] > Graphics & GPU > GPU Accelerators	GPU / Accelerator	Unlimited	0	Unlimited	Selection constraint for GPU Accelerators: no max	S0S29AAE	Service	HPE AI Financial Services Industry Solution Tracking	0	0.00				No	Obsolete (OB)		Not published by OCA	Obsolete (OB)	2026-09-16	2026-09-16	{}	BASELINE	N/A	$0.00	0.00%	2026-09-16: (no price)
Graphics & GPU	GPU Accelerators	HPE OCA > DL360 Gen11 [P52499-B21] > Graphics & GPU > GPU Accelerators	GPU / Accelerator	Unlimited	0	Unlimited	Selection constraint for GPU Accelerators: no max	S0S30AAE	Service	HPE AI Manufacturing Solution Tracking	0	0.00				No	Obsolete (OB)		Not published by OCA	Obsolete (OB)	2026-09-16	2026-09-16	{}	BASELINE	N/A	$0.00	0.00%	2026-09-16: (no price)
Graphics & GPU	GPU Accelerators	HPE OCA > DL360 Gen11 [P52499-B21] > Graphics & GPU > GPU Accelerators	GPU / Accelerator	Unlimited	0	Unlimited	Selection constraint for GPU Accelerators: no max	S0S31AAE	Service	HPE AI Public Sector Solution Tracking	0	0.00				No	Obsolete (OB)		Not published by OCA	Obsolete (OB)	2026-09-16	2026-09-16	{}	BASELINE	N/A	$0.00	0.00%	2026-09-16: (no price)
Graphics & GPU	GPU Accelerators	HPE OCA > DL360 Gen11 [P52499-B21] > Graphics & GPU > GPU Accelerators	GPU / Accelerator	Unlimited	0	Unlimited	Selection constraint for GPU Accelerators: no max	S0S32AAE	Service	HPE AI Solution Tracking	0	0.00				No	Obsolete (OB)		Not published by OCA	Obsolete (OB)	2026-09-16	2026-09-16	{}	BASELINE	N/A	$0.00	0.00%	2026-09-16: (no price)
Graphics & GPU	GPU Accelerators	HPE OCA > DL360 Gen11 [P52499-B21] > Graphics & GPU > GPU Accelerators	GPU / Accelerator	Unlimited	0	Unlimited	Selection constraint for GPU Accelerators: no max	S1S86AAE	Service	HPE Machine Learning Data Management Software 1-year Subscription E-LTU	0	0.00				No	Obsolete (OB)		Not published by OCA	Obsolete (OB)	2026-09-16	2026-09-16	{}	BASELINE	N/A	$0.00	0.00%	2026-09-16: (no price)
Graphics & GPU	GPU Accelerators	HPE OCA > DL360 Gen11 [P52499-B21] > Graphics & GPU > GPU Accelerators	GPU / Accelerator	Unlimited	0	Unlimited	Selection constraint for GPU Accelerators: no max	S1S87AAE	Service	HPE Machine Learning Data Management Software Additional User E-RTU	0	0.00				No	Obsolete (OB)		Not published by OCA	Obsolete (OB)	2026-09-16	2026-09-16	{}	BASELINE	N/A	$0.00	0.00%	2026-09-16: (no price)
Graphics & GPU	GPU Accelerators	HPE OCA > DL360 Gen11 [P52499-B21] > Graphics & GPU > GPU Accelerators	GPU / Accelerator	Unlimited	0	Unlimited	Selection constraint for GPU Accelerators: no max	S1U64AAE	Service	HPE Machine Learning Development Environment 90-day Evaluation E-RTU	0	0.00				No	Obsolete (OB)		Not published by OCA	Obsolete (OB)	2026-09-16	2026-09-16	{}	BASELINE	N/A	$0.00	0.00%	2026-09-16: (no price)
Graphics & GPU	GPU Accelerators	HPE OCA > DL360 Gen11 [P52499-B21] > Graphics & GPU > GPU Accelerators	GPU / Accelerator	Unlimited	0	Unlimited	Selection constraint for GPU Accelerators: no max	S2R35AAE	Service	HPE Machine Learning Data Management Software 3-year Subscription E-LTU	0	0.00				No	Obsolete (OB)		Not published by OCA	Obsolete (OB)	2026-09-16	2026-09-16	{}	BASELINE	N/A	$0.00	0.00%	2026-09-16: (no price)
Graphics & GPU	GPU Accelerators	HPE OCA > DL360 Gen11 [P52499-B21] > Graphics & GPU > GPU Accelerators	GPU / Accelerator	Unlimited	0	Unlimited	Selection constraint for GPU Accelerators: no max	S3P91AAE	Service	HPE Machine Learning Data Management Software Additional User 3-year E-RTU	0	0.00				No	Obsolete (OB)		Not published by OCA	Obsolete (OB)	2026-09-16	2026-09-16	{}	BASELINE	N/A	$0.00	0.00%	2026-09-16: (no price)
Graphics & GPU	GPU Accelerators	HPE OCA > DL360 Gen11 [P52499-B21] > Graphics & GPU > GPU Accelerators	GPU / Accelerator	Unlimited	0	Unlimited	Selection constraint for GPU Accelerators: no max	S3P92AAE	Service	HPE Machine Learning Data Management Software 4-year Subscription E-LTU	0	0.00				No	Obsolete (OB)		Not published by OCA	Obsolete (OB)	2026-09-16	2026-09-16	{}	BASELINE	N/A	$0.00	0.00%	2026-09-16: (no price)
Graphics & GPU	GPU Accelerators	HPE OCA > DL360 Gen11 [P52499-B21] > Graphics & GPU > GPU Accelerators	GPU / Accelerator	Unlimited	0	Unlimited	Selection constraint for GPU Accelerators: no max	S3P93AAE	Service	HPE Machine Learning Data Management Software Additional User 4-year E-RTU	0	0.00				No	Obsolete (OB)		Not published by OCA	Obsolete (OB)	2026-09-16	2026-09-16	{}	BASELINE	N/A	$0.00	0.00%	2026-09-16: (no price)
Graphics & GPU	GPU Accelerators	HPE OCA > DL360 Gen11 [P52499-B21] > Graphics & GPU > GPU Accelerators	GPU / Accelerator	Unlimited	0	Unlimited	Selection constraint for GPU Accelerators: no max	S3P94AAE	Service	HPE Machine Learning Data Management Software 5-year Subscription E-LTU	0	0.00				No	Obsolete (OB)		Not published by OCA	Obsolete (OB)	2026-09-16	2026-09-16	{}	BASELINE	N/A	$0.00	0.00%	2026-09-16: (no price)
Graphics & GPU	GPU Accelerators	HPE OCA > DL360 Gen11 [P52499-B21] > Graphics & GPU > GPU Accelerators	GPU / Accelerator	Unlimited	0	Unlimited	Selection constraint for GPU Accelerators: no max	S3P95AAE	Service	HPE Machine Learning Data Management Software Additional User 5-year E-RTU	0	0.00				No	Obsolete (OB)		Not published by OCA	Obsolete (OB)	2026-09-16	2026-09-16	{}	BASELINE	N/A	$0.00	0.00%	2026-09-16: (no price)
Graphics & GPU	GPU Accelerators	HPE OCA > DL360 Gen11 [P52499-B21] > Graphics & GPU > GPU Accelerators	GPU / Accelerator	Unlimited	0	Unlimited	Selection constraint for GPU Accelerators: no max	S3R04AAE	Service	HPE Machine Learning Inference Software Base 1-year E-RTU	0	0.00				No	Available		Not published by OCA	Active	2026-09-16	05/31/2028	{}	BASELINE	N/A	$0.00	0.00%	2026-09-16: (no price)
Graphics & GPU	GPU Accelerators	HPE OCA > DL360 Gen11 [P52499-B21] > Graphics & GPU > GPU Accelerators	GPU / Accelerator	Unlimited	0	Unlimited	Selection constraint for GPU Accelerators: no max	S3R05AAE	Service	HPE Machine Learning Inference Software Performance 1-year E-RTU	0	0.00				No	Available		Not published by OCA	Active	2026-09-16	05/31/2028	{}	BASELINE	N/A	$0.00	0.00%	2026-09-16: (no price)
Graphics & GPU	GPU Accelerators	HPE OCA > DL360 Gen11 [P52499-B21] > Graphics & GPU > GPU Accelerators	GPU / Accelerator	Unlimited	0	Unlimited	Selection constraint for GPU Accelerators: no max	S3R06AAE	Service	HPE Machine Learning Inference Software Base 3-year E-RTU	0	0.00				No	Available		Not published by OCA	Active	2026-09-16	05/31/2028	{}	BASELINE	N/A	$0.00	0.00%	2026-09-16: (no price)
Graphics & GPU	GPU Accelerators	HPE OCA > DL360 Gen11 [P52499-B21] > Graphics & GPU > GPU Accelerators	GPU / Accelerator	Unlimited	0	Unlimited	Selection constraint for GPU Accelerators: no max	S3R07AAE	Service	HPE Machine Learning Inference Software Performance 3-year E-RTU	0	0.00				No	Available		Not published by OCA	Active	2026-09-16	05/31/2028	{}	BASELINE	N/A	$0.00	0.00%	2026-09-16: (no price)
Graphics & GPU	GPU Accelerators	HPE OCA > DL360 Gen11 [P52499-B21] > Graphics & GPU > GPU Accelerators	GPU / Accelerator	Unlimited	0	Unlimited	Selection constraint for GPU Accelerators: no max	S3W26AAE	Service	HPE Machine Learning Inference Software Base 4-year E-RTU	0	0.00				No	Available		Not published by OCA	Active	2026-09-16	05/31/2028	{}	BASELINE	N/A	$0.00	0.00%	2026-09-16: (no price)
Graphics & GPU	GPU Accelerators	HPE OCA > DL360 Gen11 [P52499-B21] > Graphics & GPU > GPU Accelerators	GPU / Accelerator	Unlimited	0	Unlimited	Selection constraint for GPU Accelerators: no max	S3W27AAE	Service	HPE Machine Learning Inference Software Performance 4-year E-RTU	0	0.00				No	Available		Not published by OCA	Active	2026-09-16	05/31/2028	{}	BASELINE	N/A	$0.00	0.00%	2026-09-16: (no price)
Graphics & GPU	GPU Accelerators	HPE OCA > DL360 Gen11 [P52499-B21] > Graphics & GPU > GPU Accelerators	GPU / Accelerator	Unlimited	0	Unlimited	Selection constraint for GPU Accelerators: no max	S3W28AAE	Service	HPE Machine Learning Inference Software Base 5-year E-RTU	0	0.00				No	Available		Not published by OCA	Active	2026-09-16	05/31/2028	{}	BASELINE	N/A	$0.00	0.00%	2026-09-16: (no price)
Graphics & GPU	GPU Accelerators	HPE OCA > DL360 Gen11 [P52499-B21] > Graphics & GPU > GPU Accelerators	GPU / Accelerator	Unlimited	0	Unlimited	Selection constraint for GPU Accelerators: no max	S3W29AAE	Service	HPE Machine Learning Inference Software Performance 5-year E-RTU	0	0.00				No	Available		Not published by OCA	Active	2026-09-16	05/31/2028	{}	BASELINE	N/A	$0.00	0.00%	2026-09-16: (no price)
Software & Licenses	HPC Software Products	HPE OCA > DL360 Gen11 [P52499-B21] > Software & Licenses > HPC Software Products	Service & Support	Unlimited	0	Unlimited	Selection constraint for HPC Software Products: no max	Q9V60AAE	Service	HPE Performance Cluster Manager 1 Node 3yr 24x7 Support Perpetual E-LTU	0	0.00				No	Available		Not published by OCA	Active	2026-09-16	05/31/2028	{}	BASELINE	N/A	$0.00	0.00%	2026-09-16: (no price)
Software & Licenses	HPC Software Products	HPE OCA > DL360 Gen11 [P52499-B21] > Software & Licenses > HPC Software Products	Service & Support	Unlimited	0	Unlimited	Selection constraint for HPC Software Products: no max	R6X84AAE	Service	Altair PBS Professional 1 Socket Perpetual E-LTU with HPE 3-year Support	0	0.00				No	Available		Not published by OCA	Active	2026-09-16	05/31/2028	{}	BASELINE	N/A	$0.00	0.00%	2026-09-16: (no price)
Software & Licenses	HPC Software Products	HPE OCA > DL360 Gen11 [P52499-B21] > Software & Licenses > HPC Software Products	Service & Support	Unlimited	0	Unlimited	Selection constraint for HPC Software Products: no max	R7G06AAE	Service	HPE 5001-10000 Sockets 3-year Support for SchedMD Slurm Software	0	0.00				No	Obsolete (OB)		Not published by OCA	Obsolete (OB)	2026-09-16	2026-09-16	{}	BASELINE	N/A	$0.00	0.00%	2026-09-16: (no price)
Software & Licenses	HPC Software Products	HPE OCA > DL360 Gen11 [P52499-B21] > Software & Licenses > HPC Software Products	Service & Support	Unlimited	0	Unlimited	Selection constraint for HPC Software Products: no max	R7G07AAE	Service	HPE 1-100 Sockets 3-year Support for SchedMD Slurm Software	0	0.00				No	Obsolete (OB)		Not published by OCA	Obsolete (OB)	2026-09-16	2026-09-16	{}	BASELINE	N/A	$0.00	0.00%	2026-09-16: (no price)
Software & Licenses	HPC Software Products	HPE OCA > DL360 Gen11 [P52499-B21] > Software & Licenses > HPC Software Products	Service & Support	Unlimited	0	Unlimited	Selection constraint for HPC Software Products: no max	R7G08AAE	Service	HPE 101-1000 Sockets 3-year Support for SchedMD Slurm Software	0	0.00				No	Obsolete (OB)		Not published by OCA	Obsolete (OB)	2026-09-16	2026-09-16	{}	BASELINE	N/A	$0.00	0.00%	2026-09-16: (no price)
Software & Licenses	HPC Software Products	HPE OCA > DL360 Gen11 [P52499-B21] > Software & Licenses > HPC Software Products	Service & Support	Unlimited	0	Unlimited	Selection constraint for HPC Software Products: no max	R7G09AAE	Service	HPE 1001-5000 Sockets 3-year Support for SchedMD Slurm Software	0	0.00				No	Obsolete (OB)		Not published by OCA	Obsolete (OB)	2026-09-16	2026-09-16	{}	BASELINE	N/A	$0.00	0.00%	2026-09-16: (no price)
Software & Licenses	HPC Software Products	HPE OCA > DL360 Gen11 [P52499-B21] > Software & Licenses > HPC Software Products	Service & Support	Unlimited	0	Unlimited	Selection constraint for HPC Software Products: no max	R7G10AAE	Service	HPE 10001+ Sockets 3-year Support for SchedMD Slurm Software	0	0.00				No	Obsolete (OB)		Not published by OCA	Obsolete (OB)	2026-09-16	2026-09-16	{}	BASELINE	N/A	$0.00	0.00%	2026-09-16: (no price)
Software & Licenses	HPC Software Products	HPE OCA > DL360 Gen11 [P52499-B21] > Software & Licenses > HPC Software Products	Service & Support	Unlimited	0	Unlimited	Selection constraint for HPC Software Products: no max	S1R55AAE	Service	Altair Access 1 Concurrent User 3yr Support Perpetual E-LTU	0	0.00				No	Available		Not published by OCA	Active	2026-09-16	05/31/2028	{}	BASELINE	N/A	$0.00	0.00%	2026-09-16: (no price)
Software & Licenses	HPC Software Products	HPE OCA > DL360 Gen11 [P52499-B21] > Software & Licenses > HPC Software Products	Service & Support	Unlimited	0	Unlimited	Selection constraint for HPC Software Products: no max	S1R56AAE	Service	Altair Access 1 Concurrent User 4yr Support Perpetual E-LTU	0	0.00				No	Available		Not published by OCA	Active	2026-09-16	05/31/2028	{}	BASELINE	N/A	$0.00	0.00%	2026-09-16: (no price)
Software & Licenses	HPC Software Products	HPE OCA > DL360 Gen11 [P52499-B21] > Software & Licenses > HPC Software Products	Service & Support	Unlimited	0	Unlimited	Selection constraint for HPC Software Products: no max	S1R57AAE	Service	Altair Access 1 Concurrent User 5yr Support Perpetual E-LTU	0	0.00				No	Available		Not published by OCA	Active	2026-09-16	05/31/2028	{}	BASELINE	N/A	$0.00	0.00%	2026-09-16: (no price)
Software & Licenses	HPC Software Products	HPE OCA > DL360 Gen11 [P52499-B21] > Software & Licenses > HPC Software Products	Service & Support	Unlimited	0	Unlimited	Selection constraint for HPC Software Products: no max	S1R58AAE	Service	Altair Access 1 Concurrent User 1yr Support	0	0.00				No	Available		Not published by OCA	Active	2026-09-16	05/31/2028	{}	BASELINE	N/A	$0.00	0.00%	2026-09-16: (no price)
Software & Licenses	HPC Software Products	HPE OCA > DL360 Gen11 [P52499-B21] > Software & Licenses > HPC Software Products	Service & Support	Unlimited	0	Unlimited	Selection constraint for HPC Software Products: no max	S1R63AAE	Service	SchedMD SLURM 1-100 Sockets 3-year Support	0	0.00				No	Available		Not published by OCA	Active	2026-09-16	05/31/2028	{}	BASELINE	N/A	$0.00	0.00%	2026-09-16: (no price)
Software & Licenses	HPC Software Products	HPE OCA > DL360 Gen11 [P52499-B21] > Software & Licenses > HPC Software Products	Service & Support	Unlimited	0	Unlimited	Selection constraint for HPC Software Products: no max	S1R64AAE	Service	SchedMD SLURM 1-100 Sockets 4-year Support	0	0.00				No	Available		Not published by OCA	Active	2026-09-16	05/31/2028	{}	BASELINE	N/A	$0.00	0.00%	2026-09-16: (no price)
Software & Licenses	HPC Software Products	HPE OCA > DL360 Gen11 [P52499-B21] > Software & Licenses > HPC Software Products	Service & Support	Unlimited	0	Unlimited	Selection constraint for HPC Software Products: no max	S1R65AAE	Service	SchedMD SLURM 1-100 Sockets 5-year Support	0	0.00				No	Available		Not published by OCA	Active	2026-09-16	05/31/2028	{}	BASELINE	N/A	$0.00	0.00%	2026-09-16: (no price)
Software & Licenses	HPC Software Products	HPE OCA > DL360 Gen11 [P52499-B21] > Software & Licenses > HPC Software Products	Service & Support	Unlimited	0	Unlimited	Selection constraint for HPC Software Products: no max	S1R66AAE	Service	SchedMD SLURM 101-1000 Sockets 3-year Support	0	0.00				No	Available		Not published by OCA	Active	2026-09-16	05/31/2028	{}	BASELINE	N/A	$0.00	0.00%	2026-09-16: (no price)
Software & Licenses	HPC Software Products	HPE OCA > DL360 Gen11 [P52499-B21] > Software & Licenses > HPC Software Products	Service & Support	Unlimited	0	Unlimited	Selection constraint for HPC Software Products: no max	S1R67AAE	Service	SchedMD SLURM 101-1000 Sockets 4-year Support	0	0.00				No	Available		Not published by OCA	Active	2026-09-16	05/31/2028	{}	BASELINE	N/A	$0.00	0.00%	2026-09-16: (no price)
Software & Licenses	HPC Software Products	HPE OCA > DL360 Gen11 [P52499-B21] > Software & Licenses > HPC Software Products	Service & Support	Unlimited	0	Unlimited	Selection constraint for HPC Software Products: no max	S1R68AAE	Service	SchedMD SLURM 101-1000 Sockets 5-year Support	0	0.00				No	Available		Not published by OCA	Active	2026-09-16	05/31/2028	{}	BASELINE	N/A	$0.00	0.00%	2026-09-16: (no price)
Software & Licenses	HPC Software Products	HPE OCA > DL360 Gen11 [P52499-B21] > Software & Licenses > HPC Software Products	Service & Support	Unlimited	0	Unlimited	Selection constraint for HPC Software Products: no max	S1R69AAE	Service	SchedMD SLURM 1001-5000 Sockets 3-year Support	0	0.00				No	Available		Not published by OCA	Active	2026-09-16	05/31/2028	{}	BASELINE	N/A	$0.00	0.00%	2026-09-16: (no price)
Software & Licenses	HPC Software Products	HPE OCA > DL360 Gen11 [P52499-B21] > Software & Licenses > HPC Software Products	Service & Support	Unlimited	0	Unlimited	Selection constraint for HPC Software Products: no max	S1R70AAE	Service	SchedMD SLURM 1001-5000 Sockets 4-year Support	0	0.00				No	Available		Not published by OCA	Active	2026-09-16	05/31/2028	{}	BASELINE	N/A	$0.00	0.00%	2026-09-16: (no price)
Software & Licenses	HPC Software Products	HPE OCA > DL360 Gen11 [P52499-B21] > Software & Licenses > HPC Software Products	Service & Support	Unlimited	0	Unlimited	Selection constraint for HPC Software Products: no max	S1R71AAE	Service	SchedMD SLURM 1001-5000 Sockets 5-year Support	0	0.00				No	Available		Not published by OCA	Active	2026-09-16	05/31/2028	{}	BASELINE	N/A	$0.00	0.00%	2026-09-16: (no price)
Software & Licenses	HPC Software Products	HPE OCA > DL360 Gen11 [P52499-B21] > Software & Licenses > HPC Software Products	Service & Support	Unlimited	0	Unlimited	Selection constraint for HPC Software Products: no max	S1R72AAE	Service	SchedMD SLURM 5000+ Sockets 3-year Support	0	0.00				No	Available		Not published by OCA	Active	2026-09-16	05/31/2028	{}	BASELINE	N/A	$0.00	0.00%	2026-09-16: (no price)
Software & Licenses	HPC Software Products	HPE OCA > DL360 Gen11 [P52499-B21] > Software & Licenses > HPC Software Products	Service & Support	Unlimited	0	Unlimited	Selection constraint for HPC Software Products: no max	S1R73AAE	Service	SchedMD SLURM 5000+ Sockets 4-year Support	0	0.00				No	Available		Not published by OCA	Active	2026-09-16	05/31/2028	{}	BASELINE	N/A	$0.00	0.00%	2026-09-16: (no price)
Software & Licenses	HPC Software Products	HPE OCA > DL360 Gen11 [P52499-B21] > Software & Licenses > HPC Software Products	Service & Support	Unlimited	0	Unlimited	Selection constraint for HPC Software Products: no max	S1R74AAE	Service	SchedMD SLURM 5000+ Sockets 5-year Support	0	0.00				No	Available		Not published by OCA	Active	2026-09-16	05/31/2028	{}	BASELINE	N/A	$0.00	0.00%	2026-09-16: (no price)
Software & Licenses	HPC Software Products	HPE OCA > DL360 Gen11 [P52499-B21] > Software & Licenses > HPC Software Products	Service & Support	Unlimited	0	Unlimited	Selection constraint for HPC Software Products: no max	S1R75AAE	Service	SchedMD SLURM 5000+ Sockets 1-year Extension Support	0	0.00				No	Available		Not published by OCA	Active	2026-09-16	05/31/2028	{}	BASELINE	N/A	$0.00	0.00%	2026-09-16: (no price)
Software & Licenses	HPC Software Products	HPE OCA > DL360 Gen11 [P52499-B21] > Software & Licenses > HPC Software Products	Service & Support	Unlimited	0	Unlimited	Selection constraint for HPC Software Products: no max	S1R76AAE	Service	SchedMD SLURM 1001-5000 Sockets 1-year Extension Support	0	0.00				No	Available		Not published by OCA	Active	2026-09-16	05/31/2028	{}	BASELINE	N/A	$0.00	0.00%	2026-09-16: (no price)
Software & Licenses	HPC Software Products	HPE OCA > DL360 Gen11 [P52499-B21] > Software & Licenses > HPC Software Products	Service & Support	Unlimited	0	Unlimited	Selection constraint for HPC Software Products: no max	S1R77AAE	Service	SchedMD SLURM 101-1000 Sockets 1-year Extension Support	0	0.00				No	Available		Not published by OCA	Active	2026-09-16	05/31/2028	{}	BASELINE	N/A	$0.00	0.00%	2026-09-16: (no price)
Software & Licenses	HPC Software Products	HPE OCA > DL360 Gen11 [P52499-B21] > Software & Licenses > HPC Software Products	Service & Support	Unlimited	0	Unlimited	Selection constraint for HPC Software Products: no max	S1R78AAE	Service	SchedMD SLURM 1-100 Sockets 1-year Extension Support	0	0.00				No	Available		Not published by OCA	Active	2026-09-16	05/31/2028	{}	BASELINE	N/A	$0.00	0.00%	2026-09-16: (no price)
Software & Licenses	HPC Software Products	HPE OCA > DL360 Gen11 [P52499-B21] > Software & Licenses > HPC Software Products	Service & Support	Unlimited	0	Unlimited	Selection constraint for HPC Software Products: no max	S2H96AAE	Service	Linaro Forge Ultimate 32 Processes 1-year Support E-LTU	0	0.00				No	Available		Not published by OCA	Active	2026-09-16	05/31/2028	{}	BASELINE	N/A	$0.00	0.00%	2026-09-16: (no price)
Software & Licenses	HPC Software Products	HPE OCA > DL360 Gen11 [P52499-B21] > Software & Licenses > HPC Software Products	Service & Support	Unlimited	0	Unlimited	Selection constraint for HPC Software Products: no max	S2H97AAE	Service	Linaro Forge Ultimate 64 Processes 1-year Support E-LTU	0	0.00				No	Available		Not published by OCA	Active	2026-09-16	05/31/2028	{}	BASELINE	N/A	$0.00	0.00%	2026-09-16: (no price)
Software & Licenses	HPC Software Products	HPE OCA > DL360 Gen11 [P52499-B21] > Software & Licenses > HPC Software Products	Service & Support	Unlimited	0	Unlimited	Selection constraint for HPC Software Products: no max	S2H98AAE	Service	Linaro Forge Ultimate 256 Processes 1-year Support E-LTU	0	0.00				No	Available		Not published by OCA	Active	2026-09-16	05/31/2028	{}	BASELINE	N/A	$0.00	0.00%	2026-09-16: (no price)
Software & Licenses	HPC Software Products	HPE OCA > DL360 Gen11 [P52499-B21] > Software & Licenses > HPC Software Products	Service & Support	Unlimited	0	Unlimited	Selection constraint for HPC Software Products: no max	S2H99AAE	Service	Linaro Forge Ultimate 1024 Processes 1-year Support E-LTU	0	0.00				No	Available		Not published by OCA	Active	2026-09-16	05/31/2028	{}	BASELINE	N/A	$0.00	0.00%	2026-09-16: (no price)
Software & Licenses	HPC Software Products	HPE OCA > DL360 Gen11 [P52499-B21] > Software & Licenses > HPC Software Products	Service & Support	Unlimited	0	Unlimited	Selection constraint for HPC Software Products: no max	S2J00AAE	Service	Linaro Forge Ultimate Unlimited Processes 1-year Support E-LTU	0	0.00				No	Available		Not published by OCA	Active	2026-09-16	05/31/2028	{}	BASELINE	N/A	$0.00	0.00%	2026-09-16: (no price)
Software & Licenses	HPC Software Products	HPE OCA > DL360 Gen11 [P52499-B21] > Software & Licenses > HPC Software Products	Service & Support	Unlimited	0	Unlimited	Selection constraint for HPC Software Products: no max	S2J01AAE	Service	Linaro Forge Ultimate 32 Processes 3-year Support E-LTU	0	0.00				No	Available		Not published by OCA	Active	2026-09-16	05/31/2028	{}	BASELINE	N/A	$0.00	0.00%	2026-09-16: (no price)
Software & Licenses	HPC Software Products	HPE OCA > DL360 Gen11 [P52499-B21] > Software & Licenses > HPC Software Products	Service & Support	Unlimited	0	Unlimited	Selection constraint for HPC Software Products: no max	S2J02AAE	Service	Linaro Forge Ultimate 64 Processes 3-year Support E-LTU	0	0.00				No	Available		Not published by OCA	Active	2026-09-16	05/31/2028	{}	BASELINE	N/A	$0.00	0.00%	2026-09-16: (no price)
Software & Licenses	HPC Software Products	HPE OCA > DL360 Gen11 [P52499-B21] > Software & Licenses > HPC Software Products	Service & Support	Unlimited	0	Unlimited	Selection constraint for HPC Software Products: no max	S2J03AAE	Service	Linaro Forge Ultimate 256 Processes 3-year Support E-LTU	0	0.00				No	Available		Not published by OCA	Active	2026-09-16	05/31/2028	{}	BASELINE	N/A	$0.00	0.00%	2026-09-16: (no price)
Software & Licenses	HPC Software Products	HPE OCA > DL360 Gen11 [P52499-B21] > Software & Licenses > HPC Software Products	Service & Support	Unlimited	0	Unlimited	Selection constraint for HPC Software Products: no max	S2J04AAE	Service	Linaro Forge Ultimate 1024 Processes 3-year Support E-LTU	0	0.00				No	Available		Not published by OCA	Active	2026-09-16	05/31/2028	{}	BASELINE	N/A	$0.00	0.00%	2026-09-16: (no price)
Software & Licenses	HPC Software Products	HPE OCA > DL360 Gen11 [P52499-B21] > Software & Licenses > HPC Software Products	Service & Support	Unlimited	0	Unlimited	Selection constraint for HPC Software Products: no max	S2J05AAE	Service	Linaro Forge Ultimate Unlimited Processes 3-year Support E-LTU	0	0.00				No	Available		Not published by OCA	Active	2026-09-16	05/31/2028	{}	BASELINE	N/A	$0.00	0.00%	2026-09-16: (no price)
Software & Licenses	HPC Software Products	HPE OCA > DL360 Gen11 [P52499-B21] > Software & Licenses > HPC Software Products	Service & Support	Unlimited	0	Unlimited	Selection constraint for HPC Software Products: no max	S2J06AAE	Service	Linaro Forge Ultimate 32 Processes 4-year Support E-LTU	0	0.00				No	Available		Not published by OCA	Active	2026-09-16	05/31/2028	{}	BASELINE	N/A	$0.00	0.00%	2026-09-16: (no price)
Software & Licenses	HPC Software Products	HPE OCA > DL360 Gen11 [P52499-B21] > Software & Licenses > HPC Software Products	Service & Support	Unlimited	0	Unlimited	Selection constraint for HPC Software Products: no max	S2J07AAE	Service	Linaro Forge Ultimate 64 Processes 4-year Support E-LTU	0	0.00				No	Available		Not published by OCA	Active	2026-09-16	05/31/2028	{}	BASELINE	N/A	$0.00	0.00%	2026-09-16: (no price)
Software & Licenses	HPC Software Products	HPE OCA > DL360 Gen11 [P52499-B21] > Software & Licenses > HPC Software Products	Service & Support	Unlimited	0	Unlimited	Selection constraint for HPC Software Products: no max	S2J08AAE	Service	Linaro Forge Ultimate 256 Processes 4-year Support E-LTU	0	0.00				No	Available		Not published by OCA	Active	2026-09-16	05/31/2028	{}	BASELINE	N/A	$0.00	0.00%	2026-09-16: (no price)
Software & Licenses	HPC Software Products	HPE OCA > DL360 Gen11 [P52499-B21] > Software & Licenses > HPC Software Products	Service & Support	Unlimited	0	Unlimited	Selection constraint for HPC Software Products: no max	S2J09AAE	Service	Linaro Forge Ultimate 1024 Processes 4-year Support E-LTU	0	0.00				No	Available		Not published by OCA	Active	2026-09-16	05/31/2028	{}	BASELINE	N/A	$0.00	0.00%	2026-09-16: (no price)
Software & Licenses	HPC Software Products	HPE OCA > DL360 Gen11 [P52499-B21] > Software & Licenses > HPC Software Products	Service & Support	Unlimited	0	Unlimited	Selection constraint for HPC Software Products: no max	S2J10AAE	Service	Linaro Forge Ultimate Unlimited Processes 4-year Support E-LTU	0	0.00				No	Available		Not published by OCA	Active	2026-09-16	05/31/2028	{}	BASELINE	N/A	$0.00	0.00%	2026-09-16: (no price)
Software & Licenses	HPC Software Products	HPE OCA > DL360 Gen11 [P52499-B21] > Software & Licenses > HPC Software Products	Service & Support	Unlimited	0	Unlimited	Selection constraint for HPC Software Products: no max	S2J11AAE	Service	Linaro Forge Ultimate 32 Processes 5-year Support E-LTU	0	0.00				No	Available		Not published by OCA	Active	2026-09-16	05/31/2028	{}	BASELINE	N/A	$0.00	0.00%	2026-09-16: (no price)
Software & Licenses	HPC Software Products	HPE OCA > DL360 Gen11 [P52499-B21] > Software & Licenses > HPC Software Products	Service & Support	Unlimited	0	Unlimited	Selection constraint for HPC Software Products: no max	S2J12AAE	Service	Linaro Forge Ultimate 64 Processes 5-year Support E-LTU	0	0.00				No	Available		Not published by OCA	Active	2026-09-16	05/31/2028	{}	BASELINE	N/A	$0.00	0.00%	2026-09-16: (no price)
Software & Licenses	HPC Software Products	HPE OCA > DL360 Gen11 [P52499-B21] > Software & Licenses > HPC Software Products	Service & Support	Unlimited	0	Unlimited	Selection constraint for HPC Software Products: no max	S2J13AAE	Service	Linaro Forge Ultimate 256 Processes 5-year Support E-LTU	0	0.00				No	Available		Not published by OCA	Active	2026-09-16	05/31/2028	{}	BASELINE	N/A	$0.00	0.00%	2026-09-16: (no price)
Software & Licenses	HPC Software Products	HPE OCA > DL360 Gen11 [P52499-B21] > Software & Licenses > HPC Software Products	Service & Support	Unlimited	0	Unlimited	Selection constraint for HPC Software Products: no max	S2J14AAE	Service	Linaro Forge Ultimate 1024 Processes 5-year Support E-LTU	0	0.00				No	Available		Not published by OCA	Active	2026-09-16	05/31/2028	{}	BASELINE	N/A	$0.00	0.00%	2026-09-16: (no price)
Software & Licenses	HPC Software Products	HPE OCA > DL360 Gen11 [P52499-B21] > Software & Licenses > HPC Software Products	Service & Support	Unlimited	0	Unlimited	Selection constraint for HPC Software Products: no max	S2J15AAE	Service	Linaro Forge Ultimate Unlimited Processes 5-year Support E-LTU	0	0.00				No	Available		Not published by OCA	Active	2026-09-16	05/31/2028	{}	BASELINE	N/A	$0.00	0.00%	2026-09-16: (no price)
Software & Licenses	HPC Software Products	HPE OCA > DL360 Gen11 [P52499-B21] > Software & Licenses > HPC Software Products	Service & Support	Unlimited	0	Unlimited	Selection constraint for HPC Software Products: no max	S2J16AAE	Service	Linaro DDT 32 Processes 1-year Support E-LTU	0	0.00				No	Available		Not published by OCA	Active	2026-09-16	05/31/2028	{}	BASELINE	N/A	$0.00	0.00%	2026-09-16: (no price)
Software & Licenses	HPC Software Products	HPE OCA > DL360 Gen11 [P52499-B21] > Software & Licenses > HPC Software Products	Service & Support	Unlimited	0	Unlimited	Selection constraint for HPC Software Products: no max	S2J17AAE	Service	Linaro DDT 64 Processes 1-year Support E-LTU	0	0.00				No	Available		Not published by OCA	Active	2026-09-16	05/31/2028	{}	BASELINE	N/A	$0.00	0.00%	2026-09-16: (no price)
Software & Licenses	HPC Software Products	HPE OCA > DL360 Gen11 [P52499-B21] > Software & Licenses > HPC Software Products	Service & Support	Unlimited	0	Unlimited	Selection constraint for HPC Software Products: no max	S2J18AAE	Service	Linaro DDT 256 Processes 1-year Support E-LTU	0	0.00				No	Available		Not published by OCA	Active	2026-09-16	05/31/2028	{}	BASELINE	N/A	$0.00	0.00%	2026-09-16: (no price)
Software & Licenses	HPC Software Products	HPE OCA > DL360 Gen11 [P52499-B21] > Software & Licenses > HPC Software Products	Service & Support	Unlimited	0	Unlimited	Selection constraint for HPC Software Products: no max	S2J19AAE	Service	Linaro DDT 1024 Processes 1-year Support E-LTU	0	0.00				No	Available		Not published by OCA	Active	2026-09-16	05/31/2028	{}	BASELINE	N/A	$0.00	0.00%	2026-09-16: (no price)
Software & Licenses	HPC Software Products	HPE OCA > DL360 Gen11 [P52499-B21] > Software & Licenses > HPC Software Products	Service & Support	Unlimited	0	Unlimited	Selection constraint for HPC Software Products: no max	S2J20AAE	Service	Linaro DDT Unlimited Processes 1-year Support E-LTU	0	0.00				No	Available		Not published by OCA	Active	2026-09-16	05/31/2028	{}	BASELINE	N/A	$0.00	0.00%	2026-09-16: (no price)
Software & Licenses	HPC Software Products	HPE OCA > DL360 Gen11 [P52499-B21] > Software & Licenses > HPC Software Products	Service & Support	Unlimited	0	Unlimited	Selection constraint for HPC Software Products: no max	S2J21AAE	Service	Linaro DDT 32 Processes 3-year Support E-LTU	0	0.00				No	Available		Not published by OCA	Active	2026-09-16	05/31/2028	{}	BASELINE	N/A	$0.00	0.00%	2026-09-16: (no price)
Software & Licenses	HPC Software Products	HPE OCA > DL360 Gen11 [P52499-B21] > Software & Licenses > HPC Software Products	Service & Support	Unlimited	0	Unlimited	Selection constraint for HPC Software Products: no max	S2J22AAE	Service	Linaro DDT 64 Processes 3-year Support E-LTU	0	0.00				No	Available		Not published by OCA	Active	2026-09-16	05/31/2028	{}	BASELINE	N/A	$0.00	0.00%	2026-09-16: (no price)
Software & Licenses	HPC Software Products	HPE OCA > DL360 Gen11 [P52499-B21] > Software & Licenses > HPC Software Products	Service & Support	Unlimited	0	Unlimited	Selection constraint for HPC Software Products: no max	S2J23AAE	Service	Linaro DDT 256 Processes 3-year Support E-LTU	0	0.00				No	Available		Not published by OCA	Active	2026-09-16	05/31/2028	{}	BASELINE	N/A	$0.00	0.00%	2026-09-16: (no price)
Software & Licenses	HPC Software Products	HPE OCA > DL360 Gen11 [P52499-B21] > Software & Licenses > HPC Software Products	Service & Support	Unlimited	0	Unlimited	Selection constraint for HPC Software Products: no max	S2J24AAE	Service	Linaro DDT 1024 Processes 3-year Support E-LTU	0	0.00				No	Available		Not published by OCA	Active	2026-09-16	05/31/2028	{}	BASELINE	N/A	$0.00	0.00%	2026-09-16: (no price)
Software & Licenses	HPC Software Products	HPE OCA > DL360 Gen11 [P52499-B21] > Software & Licenses > HPC Software Products	Service & Support	Unlimited	0	Unlimited	Selection constraint for HPC Software Products: no max	S2J25AAE	Service	Linaro DDT Unlimited Processes 3-year Support E-LTU	0	0.00				No	Available		Not published by OCA	Active	2026-09-16	05/31/2028	{}	BASELINE	N/A	$0.00	0.00%	2026-09-16: (no price)
Software & Licenses	HPC Software Products	HPE OCA > DL360 Gen11 [P52499-B21] > Software & Licenses > HPC Software Products	Service & Support	Unlimited	0	Unlimited	Selection constraint for HPC Software Products: no max	S2J26AAE	Service	Linaro DDT 32 Processes 4-year Support E-LTU	0	0.00				No	Available		Not published by OCA	Active	2026-09-16	05/31/2028	{}	BASELINE	N/A	$0.00	0.00%	2026-09-16: (no price)
Software & Licenses	HPC Software Products	HPE OCA > DL360 Gen11 [P52499-B21] > Software & Licenses > HPC Software Products	Service & Support	Unlimited	0	Unlimited	Selection constraint for HPC Software Products: no max	S2J27AAE	Service	Linaro DDT 64 Processes 4-year Support E-LTU	0	0.00				No	Available		Not published by OCA	Active	2026-09-16	05/31/2028	{}	BASELINE	N/A	$0.00	0.00%	2026-09-16: (no price)
Software & Licenses	HPC Software Products	HPE OCA > DL360 Gen11 [P52499-B21] > Software & Licenses > HPC Software Products	Service & Support	Unlimited	0	Unlimited	Selection constraint for HPC Software Products: no max	S2J28AAE	Service	Linaro DDT 256 Processes 4-year Support E-LTU	0	0.00				No	Available		Not published by OCA	Active	2026-09-16	05/31/2028	{}	BASELINE	N/A	$0.00	0.00%	2026-09-16: (no price)
Software & Licenses	HPC Software Products	HPE OCA > DL360 Gen11 [P52499-B21] > Software & Licenses > HPC Software Products	Service & Support	Unlimited	0	Unlimited	Selection constraint for HPC Software Products: no max	S2J29AAE	Service	Linaro DDT 1024 Processes 4-year Support E-LTU	0	0.00				No	Available		Not published by OCA	Active	2026-09-16	05/31/2028	{}	BASELINE	N/A	$0.00	0.00%	2026-09-16: (no price)
Software & Licenses	HPC Software Products	HPE OCA > DL360 Gen11 [P52499-B21] > Software & Licenses > HPC Software Products	Service & Support	Unlimited	0	Unlimited	Selection constraint for HPC Software Products: no max	S2J30AAE	Service	Linaro DDT Unlimited Processes 4-year Support E-LTU	0	0.00				No	Available		Not published by OCA	Active	2026-09-16	05/31/2028	{}	BASELINE	N/A	$0.00	0.00%	2026-09-16: (no price)
Software & Licenses	HPC Software Products	HPE OCA > DL360 Gen11 [P52499-B21] > Software & Licenses > HPC Software Products	Service & Support	Unlimited	0	Unlimited	Selection constraint for HPC Software Products: no max	S2J31AAE	Service	Linaro DDT 32 Processes 5-year Support E-LTU	0	0.00				No	Available		Not published by OCA	Active	2026-09-16	05/31/2028	{}	BASELINE	N/A	$0.00	0.00%	2026-09-16: (no price)
Software & Licenses	HPC Software Products	HPE OCA > DL360 Gen11 [P52499-B21] > Software & Licenses > HPC Software Products	Service & Support	Unlimited	0	Unlimited	Selection constraint for HPC Software Products: no max	S2J32AAE	Service	Linaro DDT 64 Processes 5-year Support E-LTU	0	0.00				No	Available		Not published by OCA	Active	2026-09-16	05/31/2028	{}	BASELINE	N/A	$0.00	0.00%	2026-09-16: (no price)
Software & Licenses	HPC Software Products	HPE OCA > DL360 Gen11 [P52499-B21] > Software & Licenses > HPC Software Products	Service & Support	Unlimited	0	Unlimited	Selection constraint for HPC Software Products: no max	S2J33AAE	Service	Linaro DDT 256 Processes 5-year Support E-LTU	0	0.00				No	Available		Not published by OCA	Active	2026-09-16	05/31/2028	{}	BASELINE	N/A	$0.00	0.00%	2026-09-16: (no price)
Software & Licenses	HPC Software Products	HPE OCA > DL360 Gen11 [P52499-B21] > Software & Licenses > HPC Software Products	Service & Support	Unlimited	0	Unlimited	Selection constraint for HPC Software Products: no max	S2J34AAE	Service	Linaro DDT 1024 Processes 5-year Support E-LTU	0	0.00				No	Available		Not published by OCA	Active	2026-09-16	05/31/2028	{}	BASELINE	N/A	$0.00	0.00%	2026-09-16: (no price)
Software & Licenses	HPC Software Products	HPE OCA > DL360 Gen11 [P52499-B21] > Software & Licenses > HPC Software Products	Service & Support	Unlimited	0	Unlimited	Selection constraint for HPC Software Products: no max	S2J35AAE	Service	Linaro DDT Unlimited Processes 5-year Support E-LTU	0	0.00				No	Available		Not published by OCA	Active	2026-09-16	05/31/2028	{}	BASELINE	N/A	$0.00	0.00%	2026-09-16: (no price)
Software & Licenses	HPC Software Products	HPE OCA > DL360 Gen11 [P52499-B21] > Software & Licenses > HPC Software Products	Service & Support	Unlimited	0	Unlimited	Selection constraint for HPC Software Products: no max	S2L38AAE	Service	TotalView 32 Processes 1-year Support E-LTU	0	0.00				No	EOL Warning (90-Day)		Not published by OCA	EOL Warning (90-Day)	2026-09-16	05/31/2028	{}	BASELINE	N/A	$0.00	0.00%	2026-09-16: (no price)
Software & Licenses	HPC Software Products	HPE OCA > DL360 Gen11 [P52499-B21] > Software & Licenses > HPC Software Products	Service & Support	Unlimited	0	Unlimited	Selection constraint for HPC Software Products: no max	S2L39AAE	Service	TotalView 64 Processes 1-year Support E-LTU	0	0.00				No	EOL Warning (90-Day)		Not published by OCA	EOL Warning (90-Day)	2026-09-16	05/31/2028	{}	BASELINE	N/A	$0.00	0.00%	2026-09-16: (no price)
Software & Licenses	HPC Software Products	HPE OCA > DL360 Gen11 [P52499-B21] > Software & Licenses > HPC Software Products	Service & Support	Unlimited	0	Unlimited	Selection constraint for HPC Software Products: no max	S2L40AAE	Service	TotalView 128 Processes 1-year Support E-LTU	0	0.00				No	EOL Warning (90-Day)		Not published by OCA	EOL Warning (90-Day)	2026-09-16	05/31/2028	{}	BASELINE	N/A	$0.00	0.00%	2026-09-16: (no price)
Software & Licenses	HPC Software Products	HPE OCA > DL360 Gen11 [P52499-B21] > Software & Licenses > HPC Software Products	Service & Support	Unlimited	0	Unlimited	Selection constraint for HPC Software Products: no max	S2L41AAE	Service	TotalView 256 Processes 1-year Support E-LTU	0	0.00				No	EOL Warning (90-Day)		Not published by OCA	EOL Warning (90-Day)	2026-09-16	05/31/2028	{}	BASELINE	N/A	$0.00	0.00%	2026-09-16: (no price)
Software & Licenses	HPC Software Products	HPE OCA > DL360 Gen11 [P52499-B21] > Software & Licenses > HPC Software Products	Service & Support	Unlimited	0	Unlimited	Selection constraint for HPC Software Products: no max	S2L42AAE	Service	TotalView 512 Processes 1-year Support E-LTU	0	0.00				No	EOL Warning (90-Day)		Not published by OCA	EOL Warning (90-Day)	2026-09-16	05/31/2028	{}	BASELINE	N/A	$0.00	0.00%	2026-09-16: (no price)
Software & Licenses	HPC Software Products	HPE OCA > DL360 Gen11 [P52499-B21] > Software & Licenses > HPC Software Products	Service & Support	Unlimited	0	Unlimited	Selection constraint for HPC Software Products: no max	S2L43AAE	Service	TotalView 32 Processes 3-year Support E-LTU	0	0.00				No	EOL Warning (90-Day)		Not published by OCA	EOL Warning (90-Day)	2026-09-16	05/31/2028	{}	BASELINE	N/A	$0.00	0.00%	2026-09-16: (no price)
Software & Licenses	HPC Software Products	HPE OCA > DL360 Gen11 [P52499-B21] > Software & Licenses > HPC Software Products	Service & Support	Unlimited	0	Unlimited	Selection constraint for HPC Software Products: no max	S2L44AAE	Service	TotalView 64 Processes 3-year Support E-LTU	0	0.00				No	EOL Warning (90-Day)		Not published by OCA	EOL Warning (90-Day)	2026-09-16	05/31/2028	{}	BASELINE	N/A	$0.00	0.00%	2026-09-16: (no price)
Software & Licenses	HPC Software Products	HPE OCA > DL360 Gen11 [P52499-B21] > Software & Licenses > HPC Software Products	Service & Support	Unlimited	0	Unlimited	Selection constraint for HPC Software Products: no max	S2L45AAE	Service	TotalView 128 Processes 3-year Support E-LTU	0	0.00				No	EOL Warning (90-Day)		Not published by OCA	EOL Warning (90-Day)	2026-09-16	05/31/2028	{}	BASELINE	N/A	$0.00	0.00%	2026-09-16: (no price)
Software & Licenses	HPC Software Products	HPE OCA > DL360 Gen11 [P52499-B21] > Software & Licenses > HPC Software Products	Service & Support	Unlimited	0	Unlimited	Selection constraint for HPC Software Products: no max	S2L46AAE	Service	TotalView 256 Processes 3-year Support E-LTU	0	0.00				No	EOL Warning (90-Day)		Not published by OCA	EOL Warning (90-Day)	2026-09-16	05/31/2028	{}	BASELINE	N/A	$0.00	0.00%	2026-09-16: (no price)
Software & Licenses	HPC Software Products	HPE OCA > DL360 Gen11 [P52499-B21] > Software & Licenses > HPC Software Products	Service & Support	Unlimited	0	Unlimited	Selection constraint for HPC Software Products: no max	S2L47AAE	Service	TotalView 512 Processes 3-year Support E-LTU	0	0.00				No	EOL Warning (90-Day)		Not published by OCA	EOL Warning (90-Day)	2026-09-16	05/31/2028	{}	BASELINE	N/A	$0.00	0.00%	2026-09-16: (no price)
Software & Licenses	HPC Software Products	HPE OCA > DL360 Gen11 [P52499-B21] > Software & Licenses > HPC Software Products	Service & Support	Unlimited	0	Unlimited	Selection constraint for HPC Software Products: no max	S2L48AAE	Service	TotalView 32 Processes 4-year Support E-LTU	0	0.00				No	EOL Warning (90-Day)		Not published by OCA	EOL Warning (90-Day)	2026-09-16	05/31/2028	{}	BASELINE	N/A	$0.00	0.00%	2026-09-16: (no price)
Software & Licenses	HPC Software Products	HPE OCA > DL360 Gen11 [P52499-B21] > Software & Licenses > HPC Software Products	Service & Support	Unlimited	0	Unlimited	Selection constraint for HPC Software Products: no max	S2L49AAE	Service	TotalView 64 Processes 4-year Support E-LTU	0	0.00				No	EOL Warning (90-Day)		Not published by OCA	EOL Warning (90-Day)	2026-09-16	05/31/2028	{}	BASELINE	N/A	$0.00	0.00%	2026-09-16: (no price)
Software & Licenses	HPC Software Products	HPE OCA > DL360 Gen11 [P52499-B21] > Software & Licenses > HPC Software Products	Service & Support	Unlimited	0	Unlimited	Selection constraint for HPC Software Products: no max	S2L50AAE	Service	TotalView 128 Processes 4-year Support E-LTU	0	0.00				No	EOL Warning (90-Day)		Not published by OCA	EOL Warning (90-Day)	2026-09-16	05/31/2028	{}	BASELINE	N/A	$0.00	0.00%	2026-09-16: (no price)
Software & Licenses	HPC Software Products	HPE OCA > DL360 Gen11 [P52499-B21] > Software & Licenses > HPC Software Products	Service & Support	Unlimited	0	Unlimited	Selection constraint for HPC Software Products: no max	S2L51AAE	Service	TotalView 256 Processes 4-year Support E-LTU	0	0.00				No	EOL Warning (90-Day)		Not published by OCA	EOL Warning (90-Day)	2026-09-16	05/31/2028	{}	BASELINE	N/A	$0.00	0.00%	2026-09-16: (no price)
Software & Licenses	HPC Software Products	HPE OCA > DL360 Gen11 [P52499-B21] > Software & Licenses > HPC Software Products	Service & Support	Unlimited	0	Unlimited	Selection constraint for HPC Software Products: no max	S2L52AAE	Service	TotalView 512 Processes 4-year Support E-LTU	0	0.00				No	EOL Warning (90-Day)		Not published by OCA	EOL Warning (90-Day)	2026-09-16	05/31/2028	{}	BASELINE	N/A	$0.00	0.00%	2026-09-16: (no price)
Software & Licenses	HPC Software Products	HPE OCA > DL360 Gen11 [P52499-B21] > Software & Licenses > HPC Software Products	Service & Support	Unlimited	0	Unlimited	Selection constraint for HPC Software Products: no max	S2L53AAE	Service	TotalView 32 Processes 5-year Support E-LTU	0	0.00				No	EOL Warning (90-Day)		Not published by OCA	EOL Warning (90-Day)	2026-09-16	05/31/2028	{}	BASELINE	N/A	$0.00	0.00%	2026-09-16: (no price)
Software & Licenses	HPC Software Products	HPE OCA > DL360 Gen11 [P52499-B21] > Software & Licenses > HPC Software Products	Service & Support	Unlimited	0	Unlimited	Selection constraint for HPC Software Products: no max	S2L54AAE	Service	TotalView 64 Processes 5-year Support E-LTU	0	0.00				No	EOL Warning (90-Day)		Not published by OCA	EOL Warning (90-Day)	2026-09-16	05/31/2028	{}	BASELINE	N/A	$0.00	0.00%	2026-09-16: (no price)
Software & Licenses	HPC Software Products	HPE OCA > DL360 Gen11 [P52499-B21] > Software & Licenses > HPC Software Products	Service & Support	Unlimited	0	Unlimited	Selection constraint for HPC Software Products: no max	S2L55AAE	Service	TotalView 128 Processes 5-year Support E-LTU	0	0.00				No	EOL Warning (90-Day)		Not published by OCA	EOL Warning (90-Day)	2026-09-16	05/31/2028	{}	BASELINE	N/A	$0.00	0.00%	2026-09-16: (no price)
Software & Licenses	HPC Software Products	HPE OCA > DL360 Gen11 [P52499-B21] > Software & Licenses > HPC Software Products	Service & Support	Unlimited	0	Unlimited	Selection constraint for HPC Software Products: no max	S2L56AAE	Service	TotalView 256 Processes 5-year Support E-LTU	0	0.00				No	EOL Warning (90-Day)		Not published by OCA	EOL Warning (90-Day)	2026-09-16	05/31/2028	{}	BASELINE	N/A	$0.00	0.00%	2026-09-16: (no price)
Software & Licenses	HPC Software Products	HPE OCA > DL360 Gen11 [P52499-B21] > Software & Licenses > HPC Software Products	Service & Support	Unlimited	0	Unlimited	Selection constraint for HPC Software Products: no max	S2L57AAE	Service	TotalView 512 Processes 5-year Support E-LTU	0	0.00				No	EOL Warning (90-Day)		Not published by OCA	EOL Warning (90-Day)	2026-09-16	05/31/2028	{}	BASELINE	N/A	$0.00	0.00%	2026-09-16: (no price)
Software & Licenses	HPC Software Products	HPE OCA > DL360 Gen11 [P52499-B21] > Software & Licenses > HPC Software Products	Service & Support	Unlimited	0	Unlimited	Selection constraint for HPC Software Products: no max	S3B55AAE	Service	HPE Cray Supercomputing User Services Software 1 Node 3-year 24x7 Support E-RTU	0	0.00				No	Available		Not published by OCA	Active	2026-09-16	05/31/2028	{}	BASELINE	N/A	$0.00	0.00%	2026-09-16: (no price)
Software & Licenses	HPC Software Products	HPE OCA > DL360 Gen11 [P52499-B21] > Software & Licenses > HPC Software Products	Service & Support	Unlimited	0	Unlimited	Selection constraint for HPC Software Products: no max	S3B57AAE	Service	HPE Cray Supercomputing User Services Software 1 Node 5-year 24x7 Support E-RTU	0	0.00				No	Available		Not published by OCA	Active	2026-09-16	05/31/2028	{}	BASELINE	N/A	$0.00	0.00%	2026-09-16: (no price)
Software & Licenses	HPC Software Products	HPE OCA > DL360 Gen11 [P52499-B21] > Software & Licenses > HPC Software Products	Service & Support	Unlimited	0	Unlimited	Selection constraint for HPC Software Products: no max	S4H91AAE	Service	Intel oneAPI Base and HPC 512+ Nodes 1-year Renewal Pre-expiration Support	0	0.00				No	Available		Not published by OCA	Active	2026-09-16	05/31/2028	{}	BASELINE	N/A	$0.00	0.00%	2026-09-16: (no price)
Software & Licenses	HPC Software Products	HPE OCA > DL360 Gen11 [P52499-B21] > Software & Licenses > HPC Software Products	Service & Support	Unlimited	0	Unlimited	Selection constraint for HPC Software Products: no max	S4H93AAE	Service	Intel oneAPI Base and HPC 512+ Nodes 5-year Support	0	0.00				No	Available		Not published by OCA	Active	2026-09-16	05/31/2028	{}	BASELINE	N/A	$0.00	0.00%	2026-09-16: (no price)
Software & Licenses	HPC Software Products	HPE OCA > DL360 Gen11 [P52499-B21] > Software & Licenses > HPC Software Products	Service & Support	Unlimited	0	Unlimited	Selection constraint for HPC Software Products: no max	S4H95AAE	Service	Intel oneAPI Base and HPC 512+ Nodes 4-year Support	0	0.00				No	Available		Not published by OCA	Active	2026-09-16	05/31/2028	{}	BASELINE	N/A	$0.00	0.00%	2026-09-16: (no price)
Software & Licenses	HPC Software Products	HPE OCA > DL360 Gen11 [P52499-B21] > Software & Licenses > HPC Software Products	Service & Support	Unlimited	0	Unlimited	Selection constraint for HPC Software Products: no max	S4H97AAE	Service	Intel oneAPI Base and HPC 512+ Nodes 3-year Support	0	0.00				No	Available		Not published by OCA	Active	2026-09-16	05/31/2028	{}	BASELINE	N/A	$0.00	0.00%	2026-09-16: (no price)
Software & Licenses	HPC Software Products	HPE OCA > DL360 Gen11 [P52499-B21] > Software & Licenses > HPC Software Products	Service & Support	Unlimited	0	Unlimited	Selection constraint for HPC Software Products: no max	S4H99AAE	Service	Intel oneAPI Base and HPC 512+ Nodes 1-year Support	0	0.00				No	Available		Not published by OCA	Active	2026-09-16	05/31/2028	{}	BASELINE	N/A	$0.00	0.00%	2026-09-16: (no price)
Software & Licenses	HPC Software Products	HPE OCA > DL360 Gen11 [P52499-B21] > Software & Licenses > HPC Software Products	Service & Support	Unlimited	0	Unlimited	Selection constraint for HPC Software Products: no max	S4J00AAE	Service	Intel oneAPI Base and HPC 257-512 Nodes 1-year Renewal Pre-expiration Support	0	0.00				No	Available		Not published by OCA	Active	2026-09-16	05/31/2028	{}	BASELINE	N/A	$0.00	0.00%	2026-09-16: (no price)
Software & Licenses	HPC Software Products	HPE OCA > DL360 Gen11 [P52499-B21] > Software & Licenses > HPC Software Products	Service & Support	Unlimited	0	Unlimited	Selection constraint for HPC Software Products: no max	S4J02AAE	Service	Intel oneAPI Base and HPC 257-512 Nodes 5-year Support	0	0.00				No	Available		Not published by OCA	Active	2026-09-16	05/31/2028	{}	BASELINE	N/A	$0.00	0.00%	2026-09-16: (no price)
Software & Licenses	HPC Software Products	HPE OCA > DL360 Gen11 [P52499-B21] > Software & Licenses > HPC Software Products	Service & Support	Unlimited	0	Unlimited	Selection constraint for HPC Software Products: no max	S4J04AAE	Service	Intel oneAPI Base and HPC 257-512 Nodes 4-year Support	0	0.00				No	Available		Not published by OCA	Active	2026-09-16	05/31/2028	{}	BASELINE	N/A	$0.00	0.00%	2026-09-16: (no price)
Software & Licenses	HPC Software Products	HPE OCA > DL360 Gen11 [P52499-B21] > Software & Licenses > HPC Software Products	Service & Support	Unlimited	0	Unlimited	Selection constraint for HPC Software Products: no max	S4J06AAE	Service	Intel oneAPI Base and HPC 257-512 Nodes 3-year Support	0	0.00				No	Available		Not published by OCA	Active	2026-09-16	05/31/2028	{}	BASELINE	N/A	$0.00	0.00%	2026-09-16: (no price)
Software & Licenses	HPC Software Products	HPE OCA > DL360 Gen11 [P52499-B21] > Software & Licenses > HPC Software Products	Service & Support	Unlimited	0	Unlimited	Selection constraint for HPC Software Products: no max	S4J08AAE	Service	Intel oneAPI Base and HPC 257-512 Nodes 1-year Support	0	0.00				No	Available		Not published by OCA	Active	2026-09-16	05/31/2028	{}	BASELINE	N/A	$0.00	0.00%	2026-09-16: (no price)
Software & Licenses	HPC Software Products	HPE OCA > DL360 Gen11 [P52499-B21] > Software & Licenses > HPC Software Products	Service & Support	Unlimited	0	Unlimited	Selection constraint for HPC Software Products: no max	S4J09AAE	Service	Intel oneAPI Base and HPC 64-256 Nodes 1-year Renewal Pre-expiration Support	0	0.00				No	Available		Not published by OCA	Active	2026-09-16	05/31/2028	{}	BASELINE	N/A	$0.00	0.00%	2026-09-16: (no price)
Software & Licenses	HPC Software Products	HPE OCA > DL360 Gen11 [P52499-B21] > Software & Licenses > HPC Software Products	Service & Support	Unlimited	0	Unlimited	Selection constraint for HPC Software Products: no max	S4J11AAE	Service	Intel oneAPI Base and HPC 64-256 Nodes 5-year Support	0	0.00				No	Available		Not published by OCA	Active	2026-09-16	05/31/2028	{}	BASELINE	N/A	$0.00	0.00%	2026-09-16: (no price)
Software & Licenses	HPC Software Products	HPE OCA > DL360 Gen11 [P52499-B21] > Software & Licenses > HPC Software Products	Service & Support	Unlimited	0	Unlimited	Selection constraint for HPC Software Products: no max	S4J13AAE	Service	Intel oneAPI Base and HPC 64-256 Nodes 4-year Support	0	0.00				No	Available		Not published by OCA	Active	2026-09-16	05/31/2028	{}	BASELINE	N/A	$0.00	0.00%	2026-09-16: (no price)
Software & Licenses	HPC Software Products	HPE OCA > DL360 Gen11 [P52499-B21] > Software & Licenses > HPC Software Products	Service & Support	Unlimited	0	Unlimited	Selection constraint for HPC Software Products: no max	S4J15AAE	Service	Intel oneAPI Base and HPC 64-256 Nodes 3-year Support	0	0.00				No	Available		Not published by OCA	Active	2026-09-16	05/31/2028	{}	BASELINE	N/A	$0.00	0.00%	2026-09-16: (no price)
Software & Licenses	HPC Software Products	HPE OCA > DL360 Gen11 [P52499-B21] > Software & Licenses > HPC Software Products	Service & Support	Unlimited	0	Unlimited	Selection constraint for HPC Software Products: no max	S4J17AAE	Service	Intel oneAPI Base and HPC 64-256 Nodes 1-year Support	0	0.00				No	Available		Not published by OCA	Active	2026-09-16	05/31/2028	{}	BASELINE	N/A	$0.00	0.00%	2026-09-16: (no price)
Software & Licenses	HPC Software Products	HPE OCA > DL360 Gen11 [P52499-B21] > Software & Licenses > HPC Software Products	Service & Support	Unlimited	0	Unlimited	Selection constraint for HPC Software Products: no max	S4J18AAE	Service	Intel oneAPI Base and HPC Max 63 Nodes up to 10 Concurrent Users 1yr Renewal Post-expiration Support	0	0.00				No	Available		Not published by OCA	Active	2026-09-16	05/31/2028	{}	BASELINE	N/A	$0.00	0.00%	2026-09-16: (no price)
Software & Licenses	HPC Software Products	HPE OCA > DL360 Gen11 [P52499-B21] > Software & Licenses > HPC Software Products	Service & Support	Unlimited	0	Unlimited	Selection constraint for HPC Software Products: no max	S4J19AAE	Service	Intel oneAPI Base and HPC Max 63 Nodes up to 10 Concurrent Users 1yr Renewal Pre-expiration Support	0	0.00				No	Available		Not published by OCA	Active	2026-09-16	05/31/2028	{}	BASELINE	N/A	$0.00	0.00%	2026-09-16: (no price)
Software & Licenses	HPC Software Products	HPE OCA > DL360 Gen11 [P52499-B21] > Software & Licenses > HPC Software Products	Service & Support	Unlimited	0	Unlimited	Selection constraint for HPC Software Products: no max	S4J20AAE	Service	Intel oneAPI Base and HPC Max 63 Nodes up to 5 Concurrent Users 1yr Renewal Post-expiration Support	0	0.00				No	Available		Not published by OCA	Active	2026-09-16	05/31/2028	{}	BASELINE	N/A	$0.00	0.00%	2026-09-16: (no price)
Software & Licenses	HPC Software Products	HPE OCA > DL360 Gen11 [P52499-B21] > Software & Licenses > HPC Software Products	Service & Support	Unlimited	0	Unlimited	Selection constraint for HPC Software Products: no max	S4J21AAE	Service	Intel oneAPI Base and HPC Max 63 Nodes up to 5 Concurrent Users 1yr Renewal Pre-expiration Support	0	0.00				No	Available		Not published by OCA	Active	2026-09-16	05/31/2028	{}	BASELINE	N/A	$0.00	0.00%	2026-09-16: (no price)
Software & Licenses	HPC Software Products	HPE OCA > DL360 Gen11 [P52499-B21] > Software & Licenses > HPC Software Products	Service & Support	Unlimited	0	Unlimited	Selection constraint for HPC Software Products: no max	S4J22AAE	Service	Intel oneAPI Base and HPC Max 63 Nodes up to 2 Concurrent Users 1yr Renewal Post-expiration Support	0	0.00				No	Available		Not published by OCA	Active	2026-09-16	05/31/2028	{}	BASELINE	N/A	$0.00	0.00%	2026-09-16: (no price)
Software & Licenses	HPC Software Products	HPE OCA > DL360 Gen11 [P52499-B21] > Software & Licenses > HPC Software Products	Service & Support	Unlimited	0	Unlimited	Selection constraint for HPC Software Products: no max	S4J23AAE	Service	Intel oneAPI Base and HPC Max 63 Nodes up to 2 Concurrent Users 1yr Renewal Pre-expiration Support	0	0.00				No	Available		Not published by OCA	Active	2026-09-16	05/31/2028	{}	BASELINE	N/A	$0.00	0.00%	2026-09-16: (no price)
Software & Licenses	HPC Software Products	HPE OCA > DL360 Gen11 [P52499-B21] > Software & Licenses > HPC Software Products	Service & Support	Unlimited	0	Unlimited	Selection constraint for HPC Software Products: no max	S4J25AAE	Service	Intel oneAPI Base and HPC Maximum 63 Nodes up to 10 Concurrent Users 3-year Support	0	0.00				No	Available		Not published by OCA	Active	2026-09-16	05/31/2028	{}	BASELINE	N/A	$0.00	0.00%	2026-09-16: (no price)
Software & Licenses	HPC Software Products	HPE OCA > DL360 Gen11 [P52499-B21] > Software & Licenses > HPC Software Products	Service & Support	Unlimited	0	Unlimited	Selection constraint for HPC Software Products: no max	S4J27AAE	Service	Intel oneAPI Base and HPC Maximum 63 Nodes up to 5 Concurrent Users 3-year Support	0	0.00				No	Available		Not published by OCA	Active	2026-09-16	05/31/2028	{}	BASELINE	N/A	$0.00	0.00%	2026-09-16: (no price)
Software & Licenses	HPC Software Products	HPE OCA > DL360 Gen11 [P52499-B21] > Software & Licenses > HPC Software Products	Service & Support	Unlimited	0	Unlimited	Selection constraint for HPC Software Products: no max	S4J29AAE	Service	Intel oneAPI Base and HPC Maximum 63 Nodes up to 2 Concurrent Users 3-year Support	0	0.00				No	Available		Not published by OCA	Active	2026-09-16	05/31/2028	{}	BASELINE	N/A	$0.00	0.00%	2026-09-16: (no price)
Software & Licenses	HPC Software Products	HPE OCA > DL360 Gen11 [P52499-B21] > Software & Licenses > HPC Software Products	Service & Support	Unlimited	0	Unlimited	Selection constraint for HPC Software Products: no max	S4J31AAE	Service	Intel oneAPI Base and HPC Maximum 63 Nodes up to 10 Concurrent Users 1-year Support	0	0.00				No	Available		Not published by OCA	Active	2026-09-16	05/31/2028	{}	BASELINE	N/A	$0.00	0.00%	2026-09-16: (no price)
Software & Licenses	HPC Software Products	HPE OCA > DL360 Gen11 [P52499-B21] > Software & Licenses > HPC Software Products	Service & Support	Unlimited	0	Unlimited	Selection constraint for HPC Software Products: no max	S4J33AAE	Service	Intel oneAPI Base and HPC Maximum 63 Nodes up to 5 Concurrent Users 1-year Support	0	0.00				No	Available		Not published by OCA	Active	2026-09-16	05/31/2028	{}	BASELINE	N/A	$0.00	0.00%	2026-09-16: (no price)
Software & Licenses	HPC Software Products	HPE OCA > DL360 Gen11 [P52499-B21] > Software & Licenses > HPC Software Products	Service & Support	Unlimited	0	Unlimited	Selection constraint for HPC Software Products: no max	S4J35AAE	Service	Intel oneAPI Base and HPC Maximum 63 Nodes up to 2 Concurrent Users 1-year Support	0	0.00				No	Available		Not published by OCA	Active	2026-09-16	05/31/2028	{}	BASELINE	N/A	$0.00	0.00%	2026-09-16: (no price)
Software & Licenses	HPC Software Products	HPE OCA > DL360 Gen11 [P52499-B21] > Software & Licenses > HPC Software Products	Operating System / License	Unlimited	0	Unlimited	Selection constraint for HPC Software Products: no max	S8K17AAE	Service	HPE Supercomputing Programming Software Small 1-year E-RTU	0	0.00				No	Available		Not published by OCA	Active	2026-09-16	05/31/2028	{}	BASELINE	N/A	$0.00	0.00%	2026-09-16: (no price)
Software & Licenses	HPC Software Products	HPE OCA > DL360 Gen11 [P52499-B21] > Software & Licenses > HPC Software Products	Operating System / License	Unlimited	0	Unlimited	Selection constraint for HPC Software Products: no max	S8K18AAE	Service	HPE Supercomputing Programming Software Medium 1-year E-RTU	0	0.00				No	Available		Not published by OCA	Active	2026-09-16	05/31/2028	{}	BASELINE	N/A	$0.00	0.00%	2026-09-16: (no price)
Software & Licenses	HPC Software Products	HPE OCA > DL360 Gen11 [P52499-B21] > Software & Licenses > HPC Software Products	Operating System / License	Unlimited	0	Unlimited	Selection constraint for HPC Software Products: no max	S8K19AAE	Service	HPE Supercomputing Programming Software Large 1-year E-RTU	0	0.00				No	Available		Not published by OCA	Active	2026-09-16	05/31/2028	{}	BASELINE	N/A	$0.00	0.00%	2026-09-16: (no price)
Software & Licenses	HPC Software Products	HPE OCA > DL360 Gen11 [P52499-B21] > Software & Licenses > HPC Software Products	Operating System / License	Unlimited	0	Unlimited	Selection constraint for HPC Software Products: no max	S8K20AAE	Service	HPE Supercomputing Programming Software Small 3-year E-RTU	0	0.00				No	Available		Not published by OCA	Active	2026-09-16	05/31/2028	{}	BASELINE	N/A	$0.00	0.00%	2026-09-16: (no price)
Software & Licenses	HPC Software Products	HPE OCA > DL360 Gen11 [P52499-B21] > Software & Licenses > HPC Software Products	Operating System / License	Unlimited	0	Unlimited	Selection constraint for HPC Software Products: no max	S8K21AAE	Service	HPE Supercomputing Programming Software Medium 3-year E-RTU	0	0.00				No	Available		Not published by OCA	Active	2026-09-16	05/31/2028	{}	BASELINE	N/A	$0.00	0.00%	2026-09-16: (no price)
Software & Licenses	HPC Software Products	HPE OCA > DL360 Gen11 [P52499-B21] > Software & Licenses > HPC Software Products	Operating System / License	Unlimited	0	Unlimited	Selection constraint for HPC Software Products: no max	S8K22AAE	Service	HPE Supercomputing Programming Software Large 3-year E-RTU	0	0.00				No	Available		Not published by OCA	Active	2026-09-16	05/31/2028	{}	BASELINE	N/A	$0.00	0.00%	2026-09-16: (no price)
Software & Licenses	High Availability Computing - Cluster Software	HPE OCA > DL360 Gen11 [P52499-B21] > Software & Licenses > High Availability Computing - Cluster Software	Service & Support	Unlimited	0	Unlimited	Selection constraint for High Availability Computing - Cluster Software: no max	R1T30AAE	Service	HPE Serviceguard for Linux x86 Base 1yr Subscription 24x7 Support PSL E-LTU	0	0.00				No	Available		Not published by OCA	Active	2026-09-16	05/31/2028	{}	BASELINE	N/A	$0.00	0.00%	2026-09-16: (no price)
Software & Licenses	High Availability Computing - Cluster Software	HPE OCA > DL360 Gen11 [P52499-B21] > Software & Licenses > High Availability Computing - Cluster Software	Service & Support	Unlimited	0	Unlimited	Selection constraint for High Availability Computing - Cluster Software: no max	R1T31AAE	Service	HPE Serviceguard for Linux x86 Advanced 1yr Subscription 24x7 Support PSL E-LTU	0	0.00				No	Available		Not published by OCA	Active	2026-09-16	05/31/2028	{}	BASELINE	N/A	$0.00	0.00%	2026-09-16: (no price)
Software & Licenses	High Availability Computing - Cluster Software	HPE OCA > DL360 Gen11 [P52499-B21] > Software & Licenses > High Availability Computing - Cluster Software	Service & Support	Unlimited	0	Unlimited	Selection constraint for High Availability Computing - Cluster Software: no max	R1T32AAE	Service	HPE Serviceguard for Linux x86 Enterprise 1yr Subscription 24x7 Support PSL E-LTU	0	0.00				No	Available		Not published by OCA	Active	2026-09-16	05/31/2028	{}	BASELINE	N/A	$0.00	0.00%	2026-09-16: (no price)
Software & Licenses	High Availability Computing - Cluster Software	HPE OCA > DL360 Gen11 [P52499-B21] > Software & Licenses > High Availability Computing - Cluster Software	Service & Support	Unlimited	0	Unlimited	Selection constraint for High Availability Computing - Cluster Software: no max	R1T33AAE	Service	HPE Serviceguard for Linux x86 Base 3yr Subscription 24x7 Support PSL E-LTU	0	0.00				No	Obsolete (OB)		Not published by OCA	Obsolete (OB)	2026-09-16	2026-09-16	{}	BASELINE	N/A	$0.00	0.00%	2026-09-16: (no price)
Software & Licenses	High Availability Computing - Cluster Software	HPE OCA > DL360 Gen11 [P52499-B21] > Software & Licenses > High Availability Computing - Cluster Software	Service & Support	Unlimited	0	Unlimited	Selection constraint for High Availability Computing - Cluster Software: no max	R1T34AAE	Service	HPE Serviceguard for Linux x86 Advanced 3yr Subscription 24x7 Support PSL E-LTU	0	0.00				No	Obsolete (OB)		Not published by OCA	Obsolete (OB)	2026-09-16	2026-09-16	{}	BASELINE	N/A	$0.00	0.00%	2026-09-16: (no price)
Software & Licenses	High Availability Computing - Cluster Software	HPE OCA > DL360 Gen11 [P52499-B21] > Software & Licenses > High Availability Computing - Cluster Software	Service & Support	Unlimited	0	Unlimited	Selection constraint for High Availability Computing - Cluster Software: no max	R1T35AAE	Service	HPE Serviceguard for Linux x86 Enterprise 3yr Subscription 24x7 Support PSL E-LTU	0	0.00				No	Obsolete (OB)		Not published by OCA	Obsolete (OB)	2026-09-16	2026-09-16	{}	BASELINE	N/A	$0.00	0.00%	2026-09-16: (no price)
Software & Licenses	High Availability Computing - Cluster Software	HPE OCA > DL360 Gen11 [P52499-B21] > Software & Licenses > High Availability Computing - Cluster Software	Service & Support	Unlimited	0	Unlimited	Selection constraint for High Availability Computing - Cluster Software: no max	R1T36AAE	Service	HPE Serviceguard for Linux x86 Enterprise for SAP HANA 1yr Subscription 24x7 Support PSL E-LTU	0	0.00				No	Available		Not published by OCA	Active	2026-09-16	05/31/2028	{}	BASELINE	N/A	$0.00	0.00%	2026-09-16: (no price)
Software & Licenses	High Availability Computing - Cluster Software	HPE OCA > DL360 Gen11 [P52499-B21] > Software & Licenses > High Availability Computing - Cluster Software	Service & Support	Unlimited	0	Unlimited	Selection constraint for High Availability Computing - Cluster Software: no max	R1T37AAE	Service	HPE Serviceguard for Linux x86 Enterprise for SAP HANA 3yr Subscription 24x7 Support PSL E-LTU	0	0.00				No	Obsolete (OB)		Not published by OCA	Obsolete (OB)	2026-09-16	2026-09-16	{}	BASELINE	N/A	$0.00	0.00%	2026-09-16: (no price)
Software & Licenses	High Availability Computing - Cluster Software	HPE OCA > DL360 Gen11 [P52499-B21] > Software & Licenses > High Availability Computing - Cluster Software	Service & Support	Unlimited	0	Unlimited	Selection constraint for High Availability Computing - Cluster Software: no max	R7P98AAE	Service	HPE Serviceguard for Linux x86 Premium for SAP HANA 1-year Subscription 24x7 Support PSL E-LTU	0	0.00				No	Available		Not published by OCA	Active	2026-09-16	05/31/2028	{}	BASELINE	N/A	$0.00	0.00%	2026-09-16: (no price)
Software & Licenses	High Availability Computing - Cluster Software	HPE OCA > DL360 Gen11 [P52499-B21] > Software & Licenses > High Availability Computing - Cluster Software	Service & Support	Unlimited	0	Unlimited	Selection constraint for High Availability Computing - Cluster Software: no max	R7P99AAE	Service	HPE Serviceguard for Linux x86 Premium for SAP HANA 3-year Subscription 24x7 Support PSL E-LTU	0	0.00				No	Obsolete (OB)		Not published by OCA	Obsolete (OB)	2026-09-16	2026-09-16	{}	BASELINE	N/A	$0.00	0.00%	2026-09-16: (no price)
Software & Licenses	High Availability Computing - Cluster Software	HPE OCA > DL360 Gen11 [P52499-B21] > Software & Licenses > High Availability Computing - Cluster Software	Service & Support	Unlimited	0	Unlimited	Selection constraint for High Availability Computing - Cluster Software: no max	R7Q00AAE	Service	HPE Serviceguard for Linux x86 Enterprise to Premium Upgrade Perpetual PSL E-LTU	0	0.00				No	Obsolete (OB)		Not published by OCA	Obsolete (OB)	2026-09-16	2026-09-16	{}	BASELINE	N/A	$0.00	0.00%	2026-09-16: (no price)
Software & Licenses	High Availability Computing - Cluster Software	HPE OCA > DL360 Gen11 [P52499-B21] > Software & Licenses > High Availability Computing - Cluster Software	Service & Support	Unlimited	0	Unlimited	Selection constraint for High Availability Computing - Cluster Software: no max	R7Q01AAE	Service	HPE Serviceguard for Linux x86 Premium for SAP HANA 1-year 24x7 Support Perpetual PSL E-LTU	0	0.00				No	Obsolete (OB)		Not published by OCA	Obsolete (OB)	2026-09-16	2026-09-16	{}	BASELINE	N/A	$0.00	0.00%	2026-09-16: (no price)
Software & Licenses	High Availability Computing - Cluster Software	HPE OCA > DL360 Gen11 [P52499-B21] > Software & Licenses > High Availability Computing - Cluster Software	Service & Support	Unlimited	0	Unlimited	Selection constraint for High Availability Computing - Cluster Software: no max	R8V40AAE	Service	HPE Serviceguard for Linux x86 Base 5-year Subscription 24x7 Support PSL E-LTU	0	0.00				No	Obsolete (OB)		Not published by OCA	Obsolete (OB)	2026-09-16	2026-09-16	{}	BASELINE	N/A	$0.00	0.00%	2026-09-16: (no price)
Software & Licenses	High Availability Computing - Cluster Software	HPE OCA > DL360 Gen11 [P52499-B21] > Software & Licenses > High Availability Computing - Cluster Software	Service & Support	Unlimited	0	Unlimited	Selection constraint for High Availability Computing - Cluster Software: no max	R8V41AAE	Service	HPE Serviceguard for Linux x86 Advanced 5-year Subscription 24x7 Support PSL E-LTU	0	0.00				No	Obsolete (OB)		Not published by OCA	Obsolete (OB)	2026-09-16	2026-09-16	{}	BASELINE	N/A	$0.00	0.00%	2026-09-16: (no price)
Software & Licenses	High Availability Computing - Cluster Software	HPE OCA > DL360 Gen11 [P52499-B21] > Software & Licenses > High Availability Computing - Cluster Software	Service & Support	Unlimited	0	Unlimited	Selection constraint for High Availability Computing - Cluster Software: no max	R8V42AAE	Service	HPE Serviceguard for Linux x86 Enterprise 5-year Subscription 24x7 Support PSL E-LTU	0	0.00				No	Obsolete (OB)		Not published by OCA	Obsolete (OB)	2026-09-16	2026-09-16	{}	BASELINE	N/A	$0.00	0.00%	2026-09-16: (no price)
Software & Licenses	High Availability Computing - Cluster Software	HPE OCA > DL360 Gen11 [P52499-B21] > Software & Licenses > High Availability Computing - Cluster Software	Service & Support	Unlimited	0	Unlimited	Selection constraint for High Availability Computing - Cluster Software: no max	R8V43AAE	Service	HPE Serviceguard for Linux x86 Enterprise for SAP HANA 5-year Subscription 24x7 Support PSL E-LTU	0	0.00				No	Obsolete (OB)		Not published by OCA	Obsolete (OB)	2026-09-16	2026-09-16	{}	BASELINE	N/A	$0.00	0.00%	2026-09-16: (no price)
Software & Licenses	High Availability Computing - Cluster Software	HPE OCA > DL360 Gen11 [P52499-B21] > Software & Licenses > High Availability Computing - Cluster Software	Service & Support	Unlimited	0	Unlimited	Selection constraint for High Availability Computing - Cluster Software: no max	R8V44AAE	Service	HPE Serviceguard for Linux x86 Premium for SAP HANA 5-year Subscription 24x7 Support PSL E-LTU	0	0.00				No	Obsolete (OB)		Not published by OCA	Obsolete (OB)	2026-09-16	2026-09-16	{}	BASELINE	N/A	$0.00	0.00%	2026-09-16: (no price)
Software & Licenses	High Availability Computing - Cluster Software	HPE OCA > DL360 Gen11 [P52499-B21] > Software & Licenses > High Availability Computing - Cluster Software	Service & Support	Unlimited	0	Unlimited	Selection constraint for High Availability Computing - Cluster Software: no max	R8V45AAE	Service	HPE Serviceguard for Linux x86 Flex Storage Add-On 1yr Subscription 24x7 Support per Instance E-LTU	0	0.00				No	Available		Not published by OCA	Active	2026-09-16	05/31/2028	{}	BASELINE	N/A	$0.00	0.00%	2026-09-16: (no price)
Software & Licenses	High Availability Computing - Cluster Software	HPE OCA > DL360 Gen11 [P52499-B21] > Software & Licenses > High Availability Computing - Cluster Software	Service & Support	Unlimited	0	Unlimited	Selection constraint for High Availability Computing - Cluster Software: no max	S0W12AAE	Service	HPE Serviceguard for Linux v15 High Availability E5 2 Cores or 4 vCPUs 1yr Subscription 24x7 E-LTU	0	0.00				No	Available		Not published by OCA	Active	2026-09-16	05/31/2028	{}	BASELINE	N/A	$0.00	0.00%	2026-09-16: (no price)
Software & Licenses	High Availability Computing - Cluster Software	HPE OCA > DL360 Gen11 [P52499-B21] > Software & Licenses > High Availability Computing - Cluster Software	Service & Support	Unlimited	0	Unlimited	Selection constraint for High Availability Computing - Cluster Software: no max	S0W14AAE	Service	HPE Serviceguard for Linux v15 High Availability E5 2 Cores or 4 vCPUs 5yr Subscription 24x7 E-LTU	0	0.00				No	Available		Not published by OCA	Active	2026-09-16	05/31/2028	{}	BASELINE	N/A	$0.00	0.00%	2026-09-16: (no price)
Software & Licenses	High Availability Computing - Cluster Software	HPE OCA > DL360 Gen11 [P52499-B21] > Software & Licenses > High Availability Computing - Cluster Software	Service & Support	Unlimited	0	Unlimited	Selection constraint for High Availability Computing - Cluster Software: no max	S0W15AAE	Service	HPE Serviceguard for Linux v15 HA and Disaster Recovery E7 2 Cores or 4 vCPUs 1y Sub 24x7 E-LTU	0	0.00				No	Available		Not published by OCA	Active	2026-09-16	05/31/2028	{}	BASELINE	N/A	$0.00	0.00%	2026-09-16: (no price)
Software & Licenses	High Availability Computing - Cluster Software	HPE OCA > DL360 Gen11 [P52499-B21] > Software & Licenses > High Availability Computing - Cluster Software	Service & Support	Unlimited	0	Unlimited	Selection constraint for High Availability Computing - Cluster Software: no max	S0W17AAE	Service	HPE Serviceguard for Linux v15 HA and Disaster Recovery E7 2 Cores or 4 vCPUs 5y Sub 24x7 E-LTU	0	0.00				No	Available		Not published by OCA	Active	2026-09-16	05/31/2028	{}	BASELINE	N/A	$0.00	0.00%	2026-09-16: (no price)
Software & Licenses	High Availability Computing - Cluster Software	HPE OCA > DL360 Gen11 [P52499-B21] > Software & Licenses > High Availability Computing - Cluster Software	Service & Support	Unlimited	0	Unlimited	Selection constraint for High Availability Computing - Cluster Software: no max	S0W18AAE	Service	HPE Serviceguard for Linux v15 SAP Add-on 2 Cores or 4 vCPUs 1-year Subscription 24x7 E-LTU	0	0.00				No	Available		Not published by OCA	Active	2026-09-16	05/31/2028	{}	BASELINE	N/A	$0.00	0.00%	2026-09-16: (no price)
Software & Licenses	High Availability Computing - Cluster Software	HPE OCA > DL360 Gen11 [P52499-B21] > Software & Licenses > High Availability Computing - Cluster Software	Service & Support	Unlimited	0	Unlimited	Selection constraint for High Availability Computing - Cluster Software: no max	S0W20AAE	Service	HPE Serviceguard for Linux v15 SAP Add-on 2 Cores or 4 vCPUs 5-year Subscription 24x7 E-LTU	0	0.00				No	Available		Not published by OCA	Active	2026-09-16	05/31/2028	{}	BASELINE	N/A	$0.00	0.00%	2026-09-16: (no price)
Software & Licenses	High Availability Computing - Cluster Software	HPE OCA > DL360 Gen11 [P52499-B21] > Software & Licenses > High Availability Computing - Cluster Software	Service & Support	Unlimited	0	Unlimited	Selection constraint for High Availability Computing - Cluster Software: no max	S0W21AAE	Service	HPE Serviceguard for Linux v15 Oracle Add-on 2 Cores or 4 vCPUs 1-year Subscription 24x7 E-LTU	0	0.00				No	Available		Not published by OCA	Active	2026-09-16	05/31/2028	{}	BASELINE	N/A	$0.00	0.00%	2026-09-16: (no price)
Software & Licenses	High Availability Computing - Cluster Software	HPE OCA > DL360 Gen11 [P52499-B21] > Software & Licenses > High Availability Computing - Cluster Software	Service & Support	Unlimited	0	Unlimited	Selection constraint for High Availability Computing - Cluster Software: no max	S0W23AAE	Service	HPE Serviceguard for Linux v15 Oracle Add-on 2 Cores or 4 vCPUs 5-year Subscription 24x7 E-LTU	0	0.00				No	Available		Not published by OCA	Active	2026-09-16	05/31/2028	{}	BASELINE	N/A	$0.00	0.00%	2026-09-16: (no price)
Software & Licenses	High Availability Computing - Cluster Software	HPE OCA > DL360 Gen11 [P52499-B21] > Software & Licenses > High Availability Computing - Cluster Software	Service & Support	Unlimited	0	Unlimited	Selection constraint for High Availability Computing - Cluster Software: no max	S0W24AAE	Service	HPE Serviceguard for Linux v15 Microsoft SQL Server Add-on 2 Cores or 4 vCPUs 1y Sub 24x7 E-LTU	0	0.00				No	Available		Not published by OCA	Active	2026-09-16	05/31/2028	{}	BASELINE	N/A	$0.00	0.00%	2026-09-16: (no price)
Software & Licenses	High Availability Computing - Cluster Software	HPE OCA > DL360 Gen11 [P52499-B21] > Software & Licenses > High Availability Computing - Cluster Software	Service & Support	Unlimited	0	Unlimited	Selection constraint for High Availability Computing - Cluster Software: no max	S0W26AAE	Service	HPE Serviceguard for Linux v15 Microsoft SQL Server Add-on 2 Cores or 4 vCPUs 5y Sub 24x7 E-LTU	0	0.00				No	Available		Not published by OCA	Active	2026-09-16	05/31/2028	{}	BASELINE	N/A	$0.00	0.00%	2026-09-16: (no price)
Software & Licenses	High Availability Computing - Cluster Software	HPE OCA > DL360 Gen11 [P52499-B21] > Software & Licenses > High Availability Computing - Cluster Software	Service & Support	Unlimited	0	Unlimited	Selection constraint for High Availability Computing - Cluster Software: no max	S0W27AAE	Service	HPE Serviceguard for Linux v15 NFS Add-on 2 Cores or 4 vCPUs 1-year Subscription 24x7 E-LTU	0	0.00				No	Available		Not published by OCA	Active	2026-09-16	05/31/2028	{}	BASELINE	N/A	$0.00	0.00%	2026-09-16: (no price)
Software & Licenses	High Availability Computing - Cluster Software	HPE OCA > DL360 Gen11 [P52499-B21] > Software & Licenses > High Availability Computing - Cluster Software	Service & Support	Unlimited	0	Unlimited	Selection constraint for High Availability Computing - Cluster Software: no max	S0W29AAE	Service	HPE Serviceguard for Linux v15 NFS Add-on 2 Cores or 4 vCPUs 5-year Subscription 24x7 E-LTU	0	0.00				No	Available		Not published by OCA	Active	2026-09-16	05/31/2028	{}	BASELINE	N/A	$0.00	0.00%	2026-09-16: (no price)
Software & Licenses	Partner Software - Operating System 8pks	HPE OCA > DL360 Gen11 [P52499-B21] > Software & Licenses > Partner Software - Operating System 8pks	Operating System / License	max 30969	0	30969	Selection constraint for Partner Software - Operating System 8pks: max 30969	R1P40AAE	Service	Red Hat Enterprise Linux for HPC Compute Node 1yr Subscription E-LTU	0	0.00				No	Available		Not published by OCA	Active	2026-09-16	05/31/2028	{}	BASELINE	N/A	$0.00	0.00%	2026-09-16: (no price)
Software & Licenses	Partner Software - Operating System 8pks	HPE OCA > DL360 Gen11 [P52499-B21] > Software & Licenses > Partner Software - Operating System 8pks	Operating System / License	max 30969	0	30969	Selection constraint for Partner Software - Operating System 8pks: max 30969	R1P41AAE	Service	Red Hat Enterprise Linux for HPC Compute Node 3yr Subscription E-LTU	0	0.00				No	Available		Not published by OCA	Active	2026-09-16	05/31/2028	{}	BASELINE	N/A	$0.00	0.00%	2026-09-16: (no price)
Software & Licenses	Partner Software - Operating System 8pks	HPE OCA > DL360 Gen11 [P52499-B21] > Software & Licenses > Partner Software - Operating System 8pks	Operating System / License	max 30969	0	30969	Selection constraint for Partner Software - Operating System 8pks: max 30969	R1P42AAE	Service	Red Hat Enterprise Linux for HPC Compute Node 5yr Subscription E-LTU	0	0.00				No	Available		Not published by OCA	Active	2026-09-16	05/31/2028	{}	BASELINE	N/A	$0.00	0.00%	2026-09-16: (no price)
Software & Licenses	Partner Software - Operating System 8pks	HPE OCA > DL360 Gen11 [P52499-B21] > Software & Licenses > Partner Software - Operating System 8pks	Operating System / License	max 30969	0	30969	Selection constraint for Partner Software - Operating System 8pks: max 30969	R2Z51AAE	Service	Red Hat Enterprise Linux for HPC Compute Node with Smart Management 1yr E-LTU	0	0.00				No	Available		Not published by OCA	Active	2026-09-16	05/31/2028	{}	BASELINE	N/A	$0.00	0.00%	2026-09-16: (no price)
Software & Licenses	Partner Software - Operating System 8pks	HPE OCA > DL360 Gen11 [P52499-B21] > Software & Licenses > Partner Software - Operating System 8pks	Operating System / License	max 30969	0	30969	Selection constraint for Partner Software - Operating System 8pks: max 30969	R2Z52AAE	Service	Red Hat Enterprise Linux for HPC Compute Node with Smart Management 3yr E-LTU	0	0.00				No	Available		Not published by OCA	Active	2026-09-16	05/31/2028	{}	BASELINE	N/A	$0.00	0.00%	2026-09-16: (no price)
Software & Licenses	Partner Software - Operating System 8pks	HPE OCA > DL360 Gen11 [P52499-B21] > Software & Licenses > Partner Software - Operating System 8pks	Operating System / License	max 30969	0	30969	Selection constraint for Partner Software - Operating System 8pks: max 30969	R2Z53AAE	Service	Red Hat Enterprise Linux for HPC Compute Node with Smart Management 5yr E-LTU	0	0.00				No	Available		Not published by OCA	Active	2026-09-16	05/31/2028	{}	BASELINE	N/A	$0.00	0.00%	2026-09-16: (no price)
Software & Licenses	Partner Software - Operating System 8pks	HPE OCA > DL360 Gen11 [P52499-B21] > Software & Licenses > Partner Software - Operating System 8pks	Service & Support	max 30969	0	30969	Selection constraint for Partner Software - Operating System 8pks: max 30969	R1P34AAE	Service	Red Hat Enterprise Linux for HPC Head Node 1yr Subscription 24x7 Support E-LTU	0	0.00				No	Available		Not published by OCA	Active	2026-09-16	05/31/2028	{}	BASELINE	N/A	$0.00	0.00%	2026-09-16: (no price)
Software & Licenses	Partner Software - Operating System 8pks	HPE OCA > DL360 Gen11 [P52499-B21] > Software & Licenses > Partner Software - Operating System 8pks	Service & Support	max 30969	0	30969	Selection constraint for Partner Software - Operating System 8pks: max 30969	R1P37AAE	Service	Red Hat Enterprise Linux for HPC Head Node 1yr Subscription 9x5 Support E-LTU	0	0.00				No	Available		Not published by OCA	Active	2026-09-16	05/31/2028	{}	BASELINE	N/A	$0.00	0.00%	2026-09-16: (no price)
Software & Licenses	Partner Software - Operating System 8pks	HPE OCA > DL360 Gen11 [P52499-B21] > Software & Licenses > Partner Software - Operating System 8pks	Service & Support	max 30969	0	30969	Selection constraint for Partner Software - Operating System 8pks: max 30969	R1P35AAE	Service	Red Hat Enterprise Linux for HPC Head Node 3yr Subscription 24x7 Support E-LTU	0	0.00				No	Available		Not published by OCA	Active	2026-09-16	05/31/2028	{}	BASELINE	N/A	$0.00	0.00%	2026-09-16: (no price)
Software & Licenses	Partner Software - Operating System 8pks	HPE OCA > DL360 Gen11 [P52499-B21] > Software & Licenses > Partner Software - Operating System 8pks	Service & Support	max 30969	0	30969	Selection constraint for Partner Software - Operating System 8pks: max 30969	R1P38AAE	Service	Red Hat Enterprise Linux for HPC Head Node 3yr Subscription 9x5 Support E-LTU	0	0.00				No	Available		Not published by OCA	Active	2026-09-16	05/31/2028	{}	BASELINE	N/A	$0.00	0.00%	2026-09-16: (no price)
Software & Licenses	Partner Software - Operating System 8pks	HPE OCA > DL360 Gen11 [P52499-B21] > Software & Licenses > Partner Software - Operating System 8pks	Service & Support	max 30969	0	30969	Selection constraint for Partner Software - Operating System 8pks: max 30969	R1P36AAE	Service	Red Hat Enterprise Linux for HPC Head Node 5yr Subscription 24x7 Support E-LTU	0	0.00				No	Available		Not published by OCA	Active	2026-09-16	05/31/2028	{}	BASELINE	N/A	$0.00	0.00%	2026-09-16: (no price)
Software & Licenses	Partner Software - Operating System 8pks	HPE OCA > DL360 Gen11 [P52499-B21] > Software & Licenses > Partner Software - Operating System 8pks	Service & Support	max 30969	0	30969	Selection constraint for Partner Software - Operating System 8pks: max 30969	R1P39AAE	Service	Red Hat Enterprise Linux for HPC Head Node 5yr Subscription 9x5 Support E-LTU	0	0.00				No	Available		Not published by OCA	Active	2026-09-16	05/31/2028	{}	BASELINE	N/A	$0.00	0.00%	2026-09-16: (no price)
Software & Licenses	Partner Software - Operating System 8pks	HPE OCA > DL360 Gen11 [P52499-B21] > Software & Licenses > Partner Software - Operating System 8pks	Operating System / License	max 30969	0	30969	Selection constraint for Partner Software - Operating System 8pks: max 30969	R2Z45AAE	Service	Red Hat Enterprise Linux for HPC Head Node with Smart Management 1yr 24x7 E-LTU	0	0.00				No	Available		Not published by OCA	Active	2026-09-16	05/31/2028	{}	BASELINE	N/A	$0.00	0.00%	2026-09-16: (no price)
Software & Licenses	Partner Software - Operating System 8pks	HPE OCA > DL360 Gen11 [P52499-B21] > Software & Licenses > Partner Software - Operating System 8pks	Operating System / License	max 30969	0	30969	Selection constraint for Partner Software - Operating System 8pks: max 30969	R2Z46AAE	Service	Red Hat Enterprise Linux for HPC Head Node with Smart Management 3yr 24x7 E-LTU	0	0.00				No	Available		Not published by OCA	Active	2026-09-16	05/31/2028	{}	BASELINE	N/A	$0.00	0.00%	2026-09-16: (no price)
Software & Licenses	Partner Software - Operating System 8pks	HPE OCA > DL360 Gen11 [P52499-B21] > Software & Licenses > Partner Software - Operating System 8pks	Operating System / License	max 30969	0	30969	Selection constraint for Partner Software - Operating System 8pks: max 30969	R2Z47AAE	Service	Red Hat Enterprise Linux for HPC Head Node with Smart Management 5yr 24x7 E-LTU	0	0.00				No	Available		Not published by OCA	Active	2026-09-16	05/31/2028	{}	BASELINE	N/A	$0.00	0.00%	2026-09-16: (no price)
Software & Licenses	Partner Software - Operating System 8pks	HPE OCA > DL360 Gen11 [P52499-B21] > Software & Licenses > Partner Software - Operating System 8pks	Service & Support	max 30969	0	30969	Selection constraint for Partner Software - Operating System 8pks: max 30969	Q9S73AAE	Service	SUSE Linux Enterprise Server HPC 1-2 Sockets 1-year Subscription 9x5 Support E-LTU	0	0.00				No	Available		Not published by OCA	Active	2026-09-16	05/31/2028	{}	BASELINE	N/A	$0.00	0.00%	2026-09-16: (no price)
Software & Licenses	Partner Software - Operating System 8pks	HPE OCA > DL360 Gen11 [P52499-B21] > Software & Licenses > Partner Software - Operating System 8pks	Service & Support	max 30969	0	30969	Selection constraint for Partner Software - Operating System 8pks: max 30969	Q9S76AAE	Service	SUSE Linux Enterprise Server HPC 1-2 Sockets 1yr Subscription 24x7 Support E-LTU	0	0.00				No	Available		Not published by OCA	Active	2026-09-16	05/31/2028	{}	BASELINE	N/A	$0.00	0.00%	2026-09-16: (no price)
Software & Licenses	Partner Software - Operating System 8pks	HPE OCA > DL360 Gen11 [P52499-B21] > Software & Licenses > Partner Software - Operating System 8pks	Service & Support	max 30969	0	30969	Selection constraint for Partner Software - Operating System 8pks: max 30969	Q9S74AAE	Service	SUSE Linux Enterprise Server HPC 1-2 Sockets 3-year Subscription 9x5 Support E-LTU	0	0.00				No	Available		Not published by OCA	Active	2026-09-16	05/31/2028	{}	BASELINE	N/A	$0.00	0.00%	2026-09-16: (no price)
Software & Licenses	Partner Software - Operating System 8pks	HPE OCA > DL360 Gen11 [P52499-B21] > Software & Licenses > Partner Software - Operating System 8pks	Service & Support	max 30969	0	30969	Selection constraint for Partner Software - Operating System 8pks: max 30969	Q9S77AAE	Service	SUSE Linux Enterprise Server HPC 1-2 Sockets 3yr Subscription 24x7 Support E-LTU	0	0.00				No	Available		Not published by OCA	Active	2026-09-16	05/31/2028	{}	BASELINE	N/A	$0.00	0.00%	2026-09-16: (no price)
Software & Licenses	Partner Software - Operating System 8pks	HPE OCA > DL360 Gen11 [P52499-B21] > Software & Licenses > Partner Software - Operating System 8pks	Service & Support	max 30969	0	30969	Selection constraint for Partner Software - Operating System 8pks: max 30969	Q9S75AAE	Service	SUSE Linux Enterprise Server HPC 1-2 Sockets 5-year Subscription 9x5 Support E-LTU	0	0.00				No	Available		Not published by OCA	Active	2026-09-16	05/31/2028	{}	BASELINE	N/A	$0.00	0.00%	2026-09-16: (no price)
Software & Licenses	Partner Software - Operating System 8pks	HPE OCA > DL360 Gen11 [P52499-B21] > Software & Licenses > Partner Software - Operating System 8pks	Service & Support	max 30969	0	30969	Selection constraint for Partner Software - Operating System 8pks: max 30969	Q9S78AAE	Service	SUSE Linux Enterprise Server HPC 1-2 Sockets 5yr Subscription 24x7 Support E-LTU	0	0.00				No	Available		Not published by OCA	Active	2026-09-16	05/31/2028	{}	BASELINE	N/A	$0.00	0.00%	2026-09-16: (no price)
Software & Licenses	OEM Software	HPE OCA > DL360 Gen11 [P52499-B21] > Software & Licenses > OEM Software	Operating System / License	max 999	0	999	Selection constraint for OEM Software: max 999	R2U47AAE	Service	SUSE Linux Enterprise Server Live Patching x86-64 1-2Sockets Inherited Virtualization 5yr 24x7 E-LTU	0	0.00				No	Obsolete (OB)		Not published by OCA	Obsolete (OB)	2026-09-16	2026-09-16	{}	BASELINE	N/A	$0.00	0.00%	2026-09-16: (no price)
Support Services	Reseller Option Kit	HPE OCA > DL360 Gen11 [P52499-B21] > Support Services > Reseller Option Kit	Service & Support	Unlimited	0	Unlimited	Selection constraint for Reseller Option Kit: no max	AC111A	Standard	HPE ProLiant Door/dock Small Logistic Service	1	0.00				No	Not published by OCA		Not published by OCA	Active	2026-09-16	05/31/2028	{"Node":"DL360 Gen11 #1","Product Number":"AC111A","Category":"Tier 1 Basic Delivery"}	BASELINE	N/A	$0.00	0.00%	2026-09-16: (no price)
Support Services	Reseller Option Kit	HPE OCA > DL360 Gen11 [P52499-B21] > Support Services > Reseller Option Kit	Service & Support	Unlimited	0	Unlimited	Selection constraint for Reseller Option Kit: no max	HA849A1	Service	HPE Product and Package Labeling Service	0	0.00				No	Not published by OCA		Not published by OCA	Active	2026-09-16	05/31/2028	{"Product Number":"HA849A1"}	BASELINE	N/A	$0.00	0.00%	2026-09-16: (no price)
Support Services	Reseller Option Kit	HPE OCA > DL360 Gen11 [P52499-B21] > Support Services > Reseller Option Kit	Service & Support	Unlimited	0	Unlimited	Selection constraint for Reseller Option Kit: no max	HA851A1	Service	HPE Customer Furnished Equipment Handling Service	0	0.00				No	Not published by OCA		Not published by OCA	Active	2026-09-16	05/31/2028	{"Product Number":"HA851A1"}	BASELINE	N/A	$0.00	0.00%	2026-09-16: (no price)
Support Services	Reseller Option Kit	HPE OCA > DL360 Gen11 [P52499-B21] > Support Services > Reseller Option Kit	Service & Support	Unlimited	0	Unlimited	Selection constraint for Reseller Option Kit: no max	ZU723A	Standard	HPE Customization Service	0	110.00				No	Not published by OCA		Not published by OCA	Active	2026-09-16	05/31/2028	{"Product Number":"ZU723A"}	BASELINE	N/A	$0.00	0.00%	2026-09-16: $110.00
Support Services	Reseller Option Kit	HPE OCA > DL360 Gen11 [P52499-B21] > Support Services > Reseller Option Kit	Service & Support	Unlimited	0	Unlimited	Selection constraint for Reseller Option Kit: no max	HA838A1	Service	HPE Hardware Customization Service	0	0.00				No	Not published by OCA		Not published by OCA	Active	2026-09-16	05/31/2028	{"Product Number":"HA838A1"}	BASELINE	N/A	$0.00	0.00%	2026-09-16: (no price)
Support Services	Reseller Option Kit	HPE OCA > DL360 Gen11 [P52499-B21] > Support Services > Reseller Option Kit	Service & Support	Unlimited	0	Unlimited	Selection constraint for Reseller Option Kit: no max	HA839A1	Service	HPE System Settings Customization Service	0	0.00				No	Not published by OCA		Not published by OCA	Active	2026-09-16	05/31/2028	{"Product Number":"HA839A1"}	BASELINE	N/A	$0.00	0.00%	2026-09-16: (no price)
Support Services	Reseller Option Kit	HPE OCA > DL360 Gen11 [P52499-B21] > Support Services > Reseller Option Kit	Service & Support	Unlimited	0	Unlimited	Selection constraint for Reseller Option Kit: no max	HA843A1	Service	HPE Customer Supplied Image Load Service	0	0.00				No	Not published by OCA		Not published by OCA	Active	2026-09-16	05/31/2028	{"Product Number":"HA843A1"}	BASELINE	N/A	$0.00	0.00%	2026-09-16: (no price)
Support Services	Reseller Option Kit	HPE OCA > DL360 Gen11 [P52499-B21] > Support Services > Reseller Option Kit	Service & Support	Unlimited	0	Unlimited	Selection constraint for Reseller Option Kit: no max	HA846A1	Service	HPE VPN Access Service	0	0.00				No	Not published by OCA		Not published by OCA	Active	2026-09-16	05/31/2028	{"Product Number":"HA846A1"}	BASELINE	N/A	$0.00	0.00%	2026-09-16: (no price)
Support Services	Reseller Option Kit	HPE OCA > DL360 Gen11 [P52499-B21] > Support Services > Reseller Option Kit	Service & Support	Unlimited	0	Unlimited	Selection constraint for Reseller Option Kit: no max	HA848A1	Service	HPE Firmware Revision Service	0	0.00				No	Not published by OCA		Not published by OCA	Active	2026-09-16	05/31/2028	{"Product Number":"HA848A1"}	BASELINE	N/A	$0.00	0.00%	2026-09-16: (no price)
Support Services	Reseller Option Kit	HPE OCA > DL360 Gen11 [P52499-B21] > Support Services > Reseller Option Kit	Service & Support	Unlimited	0	Unlimited	Selection constraint for Reseller Option Kit: no max	HA867A1	Service	HPE Standard Product Reporting Service	0	0.00				No	Not published by OCA		Not published by OCA	Active	2026-09-16	05/31/2028	{"Product Number":"HA867A1"}	BASELINE	N/A	$0.00	0.00%	2026-09-16: (no price)
Support Services	Reseller Option Kit	HPE OCA > DL360 Gen11 [P52499-B21] > Support Services > Reseller Option Kit	Service & Support	Unlimited	0	Unlimited	Selection constraint for Reseller Option Kit: no max	HA868A1	Service	HPE Enhanced Product Reporting Service	0	0.00				No	Not published by OCA		Not published by OCA	Active	2026-09-16	05/31/2028	{"Product Number":"HA868A1"}	BASELINE	N/A	$0.00	0.00%	2026-09-16: (no price)
Support Services	Reseller Option Kit	HPE OCA > DL360 Gen11 [P52499-B21] > Support Services > Reseller Option Kit	Service & Support	Unlimited	0	Unlimited	Selection constraint for Reseller Option Kit: no max	AC068A	Standard	HPE FE Cluster Hig Den-Base HW Intg SVC	0	0.00				No	Not published by OCA		Not published by OCA	Active	2026-09-16	05/31/2028	{"Product Number":"AC068A"}	BASELINE	N/A	$0.00	0.00%	2026-09-16: (no price)
Support Services	Reseller Option Kit	HPE OCA > DL360 Gen11 [P52499-B21] > Support Services > Reseller Option Kit	Service & Support	Unlimited	0	Unlimited	Selection constraint for Reseller Option Kit: no max	HB480A1	Service	HPE ClusterPlatform 4-8 Factory SW SVC	0	0.00				No	Not published by OCA		Not published by OCA	Active	2026-09-16	05/31/2028	{"Product Number":"HB480A1"}	BASELINE	N/A	$0.00	0.00%	2026-09-16: (no price)
Support Services	Reseller Option Kit	HPE OCA > DL360 Gen11 [P52499-B21] > Support Services > Reseller Option Kit	Service & Support	Unlimited	0	Unlimited	Selection constraint for Reseller Option Kit: no max	HB481A1	Service	HPE ClusterPlatform 9-17 Factory SW SVC	0	0.00				No	Not published by OCA		Not published by OCA	Active	2026-09-16	05/31/2028	{"Product Number":"HB481A1"}	BASELINE	N/A	$0.00	0.00%	2026-09-16: (no price)
Support Services	Reseller Option Kit	HPE OCA > DL360 Gen11 [P52499-B21] > Support Services > Reseller Option Kit	Service & Support	Unlimited	0	Unlimited	Selection constraint for Reseller Option Kit: no max	HB482A1	Service	HPE ClusterPlatform 18-33 Factory SW SVC	0	0.00				No	Not published by OCA		Not published by OCA	Active	2026-09-16	05/31/2028	{"Product Number":"HB482A1"}	BASELINE	N/A	$0.00	0.00%	2026-09-16: (no price)
Support Services	Reseller Option Kit	HPE OCA > DL360 Gen11 [P52499-B21] > Support Services > Reseller Option Kit	Service & Support	Unlimited	0	Unlimited	Selection constraint for Reseller Option Kit: no max	HB483A1	Service	HPE ClusterPlatform 34-65 Factory SW SVC	0	0.00				No	Not published by OCA		Not published by OCA	Active	2026-09-16	05/31/2028	{"Product Number":"HB483A1"}	BASELINE	N/A	$0.00	0.00%	2026-09-16: (no price)
Support Services	Reseller Option Kit	HPE OCA > DL360 Gen11 [P52499-B21] > Support Services > Reseller Option Kit	Service & Support	Unlimited	0	Unlimited	Selection constraint for Reseller Option Kit: no max	HB484A1	Service	HPE ClustrPlatform 66-129 Factory SW SVC	0	0.00				No	Not published by OCA		Not published by OCA	Active	2026-09-16	05/31/2028	{"Product Number":"HB484A1"}	BASELINE	N/A	$0.00	0.00%	2026-09-16: (no price)
Support Services	Reseller Option Kit	HPE OCA > DL360 Gen11 [P52499-B21] > Support Services > Reseller Option Kit	Service & Support	Unlimited	0	Unlimited	Selection constraint for Reseller Option Kit: no max	S1J77A	Standard	HPE AMS HPC FIO Rack Config Service	0	0.00				No	Not published by OCA		Not published by OCA	Active	2026-09-16	05/31/2028	{"Product Number":"S1J77A"}	BASELINE	N/A	$0.00	0.00%	2026-09-16: (no price)
Support Services	Reseller Option Kit	HPE OCA > DL360 Gen11 [P52499-B21] > Support Services > Reseller Option Kit	Service & Support	Unlimited	0	Unlimited	Selection constraint for Reseller Option Kit: no max	H0JD0A1	Service	HPE 3PAR Onl Imp QuickStartup Rmt1 Svc	0	0.00				No	Not published by OCA		Not published by OCA	Active	2026-09-16	05/31/2028	{"Product Number":"H0JD0A1"}	BASELINE	N/A	$0.00	0.00%	2026-09-16: (no price)
Support Services	Reseller Option Kit	HPE OCA > DL360 Gen11 [P52499-B21] > Support Services > Reseller Option Kit	Service & Support	Unlimited	0	Unlimited	Selection constraint for Reseller Option Kit: no max	H0JT1A1	Service	HPE NSS Improvement Unit of Service	0	0.00				No	Not published by OCA		Not published by OCA	Active	2026-09-16	05/31/2028	{"Product Number":"H0JT1A1"}	BASELINE	N/A	$0.00	0.00%	2026-09-16: (no price)
Support Services	Reseller Option Kit	HPE OCA > DL360 Gen11 [P52499-B21] > Support Services > Reseller Option Kit	Service & Support	Unlimited	0	Unlimited	Selection constraint for Reseller Option Kit: no max	H36NRA4	Service	HPE Zerto Virtual TAM 4yr 8x5 Remote SVC	0	0.00				No	Not published by OCA		Not published by OCA	Active	2026-09-16	05/31/2028	{"Product Number":"H36NRA4"}	BASELINE	N/A	$0.00	0.00%	2026-09-16: (no price)
Support Services	Reseller Option Kit	HPE OCA > DL360 Gen11 [P52499-B21] > Support Services > Reseller Option Kit	Service & Support	Unlimited	0	Unlimited	Selection constraint for Reseller Option Kit: no max	H36NRA5	Service	HPE Zerto Virtual TAM 5yr 8x5 Remote SVC	0	0.00				No	Not published by OCA		Not published by OCA	Active	2026-09-16	05/31/2028	{"Product Number":"H36NRA5"}	BASELINE	N/A	$0.00	0.00%	2026-09-16: (no price)
Support Services	Reseller Option Kit	HPE OCA > DL360 Gen11 [P52499-B21] > Support Services > Reseller Option Kit	Service & Support	Unlimited	0	Unlimited	Selection constraint for Reseller Option Kit: no max	H36NSA1	Service	HPE Zerto Health Check per Site SVC	0	0.00				No	Not published by OCA		Not published by OCA	Active	2026-09-16	05/31/2028	{"Product Number":"H36NSA1"}	BASELINE	N/A	$0.00	0.00%	2026-09-16: (no price)
Support Services	Reseller Option Kit	HPE OCA > DL360 Gen11 [P52499-B21] > Support Services > Reseller Option Kit	Service & Support	Unlimited	0	Unlimited	Selection constraint for Reseller Option Kit: no max	H36NTA1	Service	HPE Zerto Custom UoS SVC	0	0.00				No	Not published by OCA		Not published by OCA	Active	2026-09-16	05/31/2028	{"Product Number":"H36NTA1"}	BASELINE	N/A	$0.00	0.00%	2026-09-16: (no price)
Support Services	Reseller Option Kit	HPE OCA > DL360 Gen11 [P52499-B21] > Support Services > Reseller Option Kit	Service & Support	Unlimited	0	Unlimited	Selection constraint for Reseller Option Kit: no max	H42ZHA1	Service	HPE Perf Analysis Comp Option1 Rmt1 SVC	0	0.00				No	Not published by OCA		Not published by OCA	Active	2026-09-16	05/31/2028	{"Product Number":"H42ZHA1"}	BASELINE	N/A	$0.00	0.00%	2026-09-16: (no price)
Support Services	Reseller Option Kit	HPE OCA > DL360 Gen11 [P52499-B21] > Support Services > Reseller Option Kit	Service & Support	Unlimited	0	Unlimited	Selection constraint for Reseller Option Kit: no max	H42ZJA1	Service	HPE Perf Analysis Comp Option2 Rmt1 SVC	0	0.00				No	Not published by OCA		Not published by OCA	Active	2026-09-16	05/31/2028	{"Product Number":"H42ZJA1"}	BASELINE	N/A	$0.00	0.00%	2026-09-16: (no price)
Support Services	Reseller Option Kit	HPE OCA > DL360 Gen11 [P52499-B21] > Support Services > Reseller Option Kit	Service & Support	Unlimited	0	Unlimited	Selection constraint for Reseller Option Kit: no max	H42ZKA1	Service	HPE Perf Analysis Comp Option3 Rmt1 SVC	0	0.00				No	Not published by OCA		Not published by OCA	Active	2026-09-16	05/31/2028	{"Product Number":"H42ZKA1"}	BASELINE	N/A	$0.00	0.00%	2026-09-16: (no price)
Support Services	Reseller Option Kit	HPE OCA > DL360 Gen11 [P52499-B21] > Support Services > Reseller Option Kit	Service & Support	Unlimited	0	Unlimited	Selection constraint for Reseller Option Kit: no max	H0JT2A1	Service	HPE NSS Implementation Unit of Service	0	0.00				No	Not published by OCA		Not published by OCA	Active	2026-09-16	05/31/2028	{"Product Number":"H0JT2A1"}	BASELINE	N/A	$0.00	0.00%	2026-09-16: (no price)
Support Services	Reseller Option Kit	HPE OCA > DL360 Gen11 [P52499-B21] > Support Services > Reseller Option Kit	Service & Support	Unlimited	0	Unlimited	Selection constraint for Reseller Option Kit: no max	H29BRA1	Service	HPE Cray Team Day SVC	0	0.00				No	Not published by OCA		Not published by OCA	Active	2026-09-16	05/31/2028	{"Product Number":"H29BRA1"}	BASELINE	N/A	$0.00	0.00%	2026-09-16: (no price)
Support Services	Reseller Option Kit	HPE OCA > DL360 Gen11 [P52499-B21] > Support Services > Reseller Option Kit	Service & Support	Unlimited	0	Unlimited	Selection constraint for Reseller Option Kit: no max	H29BSA1	Service	HPE Storage Servers Install Hourly SVC	0	0.00				No	Not published by OCA		Not published by OCA	Active	2026-09-16	05/31/2028	{"Product Number":"H29BSA1"}	BASELINE	N/A	$0.00	0.00%	2026-09-16: (no price)
Support Services	Reseller Option Kit	HPE OCA > DL360 Gen11 [P52499-B21] > Support Services > Reseller Option Kit	Service & Support	Unlimited	0	Unlimited	Selection constraint for Reseller Option Kit: no max	H36NLA1	Service	HPE Zerto Quick Cloud Remote SVC	0	0.00				No	Not published by OCA		Not published by OCA	Active	2026-09-16	05/31/2028	{"Product Number":"H36NLA1"}	BASELINE	N/A	$0.00	0.00%	2026-09-16: (no price)
Support Services	Reseller Option Kit	HPE OCA > DL360 Gen11 [P52499-B21] > Support Services > Reseller Option Kit	Service & Support	Unlimited	0	Unlimited	Selection constraint for Reseller Option Kit: no max	H36NMA1	Service	HPE Zerto Quick Start Remote SVC	0	0.00				No	Not published by OCA		Not published by OCA	Active	2026-09-16	05/31/2028	{"Product Number":"H36NMA1"}	BASELINE	N/A	$0.00	0.00%	2026-09-16: (no price)
Support Services	Reseller Option Kit	HPE OCA > DL360 Gen11 [P52499-B21] > Support Services > Reseller Option Kit	Service & Support	Unlimited	0	Unlimited	Selection constraint for Reseller Option Kit: no max	H36NNA1	Service	HPE Zerto Quick Migration Remote SVC	0	0.00				No	Not published by OCA		Not published by OCA	Active	2026-09-16	05/31/2028	{"Product Number":"H36NNA1"}	BASELINE	N/A	$0.00	0.00%	2026-09-16: (no price)
Support Services	Reseller Option Kit	HPE OCA > DL360 Gen11 [P52499-B21] > Support Services > Reseller Option Kit	Service & Support	Unlimited	0	Unlimited	Selection constraint for Reseller Option Kit: no max	H36NPA1	Service	HPE Zerto Quick Advisor Remote SVC	0	0.00				No	Not published by OCA		Not published by OCA	Active	2026-09-16	05/31/2028	{"Product Number":"H36NPA1"}	BASELINE	N/A	$0.00	0.00%	2026-09-16: (no price)
Support Services	Reseller Option Kit	HPE OCA > DL360 Gen11 [P52499-B21] > Support Services > Reseller Option Kit	Service & Support	Unlimited	0	Unlimited	Selection constraint for Reseller Option Kit: no max	H36NQA1	Service	HPE Zerto Strutd TAM 1yr 12x5 Remote SVC	0	0.00				No	Not published by OCA		Not published by OCA	Active	2026-09-16	05/31/2028	{"Product Number":"H36NQA1"}	BASELINE	N/A	$0.00	0.00%	2026-09-16: (no price)
Support Services	Reseller Option Kit	HPE OCA > DL360 Gen11 [P52499-B21] > Support Services > Reseller Option Kit	Service & Support	Unlimited	0	Unlimited	Selection constraint for Reseller Option Kit: no max	H36NQA3	Service	HPE Zerto Strutd TAM 3yr 12x5 Remote SVC	0	0.00				No	Not published by OCA		Not published by OCA	Active	2026-09-16	05/31/2028	{"Product Number":"H36NQA3"}	BASELINE	N/A	$0.00	0.00%	2026-09-16: (no price)
Support Services	Reseller Option Kit	HPE OCA > DL360 Gen11 [P52499-B21] > Support Services > Reseller Option Kit	Service & Support	Unlimited	0	Unlimited	Selection constraint for Reseller Option Kit: no max	H36NQA4	Service	HPE Zerto Strutd TAM 4yr 12x5 Remote SVC	0	0.00				No	Not published by OCA		Not published by OCA	Active	2026-09-16	05/31/2028	{"Product Number":"H36NQA4"}	BASELINE	N/A	$0.00	0.00%	2026-09-16: (no price)
Support Services	Reseller Option Kit	HPE OCA > DL360 Gen11 [P52499-B21] > Support Services > Reseller Option Kit	Service & Support	Unlimited	0	Unlimited	Selection constraint for Reseller Option Kit: no max	R3J78A	Standard	HPE VIP GPS Tracking Service	0	0.00				No	Not published by OCA		Not published by OCA	Active	2026-09-16	05/31/2028	{"Product Number":"R3J78A"}	BASELINE	N/A	$0.00	0.00%	2026-09-16: (no price)
Support Services	Reseller Option Kit	HPE OCA > DL360 Gen11 [P52499-B21] > Support Services > Reseller Option Kit	Service & Support	Unlimited	0	Unlimited	Selection constraint for Reseller Option Kit: no max	P1F74A	Standard	HPE Unloading Logistic Service	0	350.00				No	Not published by OCA		Not published by OCA	Active	2026-09-16	05/31/2028	{"Product Number":"P1F74A"}	BASELINE	N/A	$0.00	0.00%	2026-09-16: $350.00
Support Services	Reseller Option Kit	HPE OCA > DL360 Gen11 [P52499-B21] > Support Services > Reseller Option Kit	Service & Support	Unlimited	0	Unlimited	Selection constraint for Reseller Option Kit: no max	P1F76A	Standard	HPE Pre-Delivery Site Survey SVC	0	758.00				No	Not published by OCA		Not published by OCA	Active	2026-09-16	05/31/2028	{"Product Number":"P1F76A"}	BASELINE	N/A	$0.00	0.00%	2026-09-16: $758.00
Support Services	Reseller Option Kit	HPE OCA > DL360 Gen11 [P52499-B21] > Support Services > Reseller Option Kit	Service & Support	Unlimited	0	Unlimited	Selection constraint for Reseller Option Kit: no max	P1F78A	Standard	HPE Delivery Any Day at 0800 Hours Service	0	350.00				No	Not published by OCA		Not published by OCA	Active	2026-09-16	05/31/2028	{"Product Number":"P1F78A"}	BASELINE	N/A	$0.00	0.00%	2026-09-16: $350.00
Support Services	Reseller Option Kit	HPE OCA > DL360 Gen11 [P52499-B21] > Support Services > Reseller Option Kit	Service & Support	Unlimited	0	Unlimited	Selection constraint for Reseller Option Kit: no max	R2D12A	Standard	HPE 1200 Hours Any Day Delivery Logistic Service	0	0.00				No	Not published by OCA		Not published by OCA	Active	2026-09-16	05/31/2028	{"Product Number":"R2D12A"}	BASELINE	N/A	$0.00	0.00%	2026-09-16: (no price)
Support Services	Reseller Option Kit	HPE OCA > DL360 Gen11 [P52499-B21] > Support Services > Reseller Option Kit	Service & Support	Unlimited	0	Unlimited	Selection constraint for Reseller Option Kit: no max	R2D20A	Standard	HPE 2200 Hours Any Day Delivery Logistic Service	0	0.00				No	Not published by OCA		Not published by OCA	Active	2026-09-16	05/31/2028	{"Product Number":"R2D20A"}	BASELINE	N/A	$0.00	0.00%	2026-09-16: (no price)
Support Services	Reseller Option Kit	HPE OCA > DL360 Gen11 [P52499-B21] > Support Services > Reseller Option Kit	Service & Support	Unlimited	0	Unlimited	Selection constraint for Reseller Option Kit: no max	R2D10A	Standard	HPE 0700 Hours Any Day Delivery Logistic Service	0	0.00				No	Not published by OCA		Not published by OCA	Active	2026-09-16	05/31/2028	{"Product Number":"R2D10A"}	BASELINE	N/A	$0.00	0.00%	2026-09-16: (no price)
Support Services	Reseller Option Kit	HPE OCA > DL360 Gen11 [P52499-B21] > Support Services > Reseller Option Kit	Service & Support	Unlimited	0	Unlimited	Selection constraint for Reseller Option Kit: no max	R2D04A	Standard	HPE 0100 Hours Any Day Delivery Logistic Service	0	0.00				No	Not published by OCA		Not published by OCA	Active	2026-09-16	05/31/2028	{"Product Number":"R2D04A"}	BASELINE	N/A	$0.00	0.00%	2026-09-16: (no price)
Support Services	Reseller Option Kit	HPE OCA > DL360 Gen11 [P52499-B21] > Support Services > Reseller Option Kit	Service & Support	Unlimited	0	Unlimited	Selection constraint for Reseller Option Kit: no max	P1F71A	Standard	HPE Special Delivery Truck Size Service	0	292.00				No	Not published by OCA		Not published by OCA	Active	2026-09-16	05/31/2028	{"Product Number":"P1F71A"}	BASELINE	N/A	$0.00	0.00%	2026-09-16: $292.00
Support Services	Reseller Option Kit	HPE OCA > DL360 Gen11 [P52499-B21] > Support Services > Reseller Option Kit	Service & Support	Unlimited	0	Unlimited	Selection constraint for Reseller Option Kit: no max	P1F81A	Standard	HPE Delivery Any Day at 0900 Hours Service	0	0.00				No	Not published by OCA		Not published by OCA	Active	2026-09-16	05/31/2028	{"Product Number":"P1F81A"}	BASELINE	N/A	$0.00	0.00%	2026-09-16: (no price)
Support Services	Reseller Option Kit	HPE OCA > DL360 Gen11 [P52499-B21] > Support Services > Reseller Option Kit	Service & Support	Unlimited	0	Unlimited	Selection constraint for Reseller Option Kit: no max	AC123A	Standard	HPE Special Request/ Equipment Logistic Service	0	0.00				No	Not published by OCA		Not published by OCA	Active	2026-09-16	05/31/2028	{"Product Number":"AC123A"}	BASELINE	N/A	$0.00	0.00%	2026-09-16: (no price)
Support Services	Reseller Option Kit	HPE OCA > DL360 Gen11 [P52499-B21] > Support Services > Reseller Option Kit	Service & Support	Unlimited	0	Unlimited	Selection constraint for Reseller Option Kit: no max	BQ337A	Standard	HPE Expedite Shipment Large Logistic Service	0	100.00				No	Not published by OCA		Not published by OCA	Active	2026-09-16	05/31/2028	{"Product Number":"BQ337A"}	BASELINE	N/A	$0.00	0.00%	2026-09-16: $100.00
Support Services	Reseller Option Kit	HPE OCA > DL360 Gen11 [P52499-B21] > Support Services > Reseller Option Kit	Service & Support	Unlimited	0	Unlimited	Selection constraint for Reseller Option Kit: no max	BQ335A	Standard	HPE Expedite Shipment Small Logistic Service	0	44.00				No	Not published by OCA		Not published by OCA	Active	2026-09-16	05/31/2028	{"Product Number":"BQ335A"}	BASELINE	N/A	$0.00	0.00%	2026-09-16: $44.00
Support Services	Reseller Option Kit	HPE OCA > DL360 Gen11 [P52499-B21] > Support Services > Reseller Option Kit	Service & Support	Unlimited	0	Unlimited	Selection constraint for Reseller Option Kit: no max	G1H96A1	Standard	HPE Account Management Support - EG 1 Svc	0	0.00				No	Not published by OCA		Not published by OCA	Active	2026-09-16	05/31/2028	{"Product Number":"G1H96A1"}	BASELINE	N/A	$0.00	0.00%	2026-09-16: (no price)
Support Services	Reseller Option Kit	HPE OCA > DL360 Gen11 [P52499-B21] > Support Services > Reseller Option Kit	Service & Support	Unlimited	0	Unlimited	Selection constraint for Reseller Option Kit: no max	G1H97A1	Standard	HPE Account Management Support - EG 2 Svc	0	0.00				No	Not published by OCA		Not published by OCA	Active	2026-09-16	05/31/2028	{"Product Number":"G1H97A1"}	BASELINE	N/A	$0.00	0.00%	2026-09-16: (no price)
Support Services	Reseller Option Kit	HPE OCA > DL360 Gen11 [P52499-B21] > Support Services > Reseller Option Kit	Service & Support	Unlimited	0	Unlimited	Selection constraint for Reseller Option Kit: no max	G1H98A1	Standard	HPE Account Management Support - EG 3	0	0.00				No	Not published by OCA		Not published by OCA	Active	2026-09-16	05/31/2028	{"Product Number":"G1H98A1"}	BASELINE	N/A	$0.00	0.00%	2026-09-16: (no price)
Support Services	Reseller Option Kit	HPE OCA > DL360 Gen11 [P52499-B21] > Support Services > Reseller Option Kit	Service & Support	Unlimited	0	Unlimited	Selection constraint for Reseller Option Kit: no max	G1H99A1	Standard	HPE Account Management Support - EG 4 Svc	0	0.00				No	Not published by OCA		Not published by OCA	Active	2026-09-16	05/31/2028	{"Product Number":"G1H99A1"}	BASELINE	N/A	$0.00	0.00%	2026-09-16: (no price)
Support Services	Reseller Option Kit	HPE OCA > DL360 Gen11 [P52499-B21] > Support Services > Reseller Option Kit	Service & Support	Unlimited	0	Unlimited	Selection constraint for Reseller Option Kit: no max	H0JD1A1	Service	HPE Data Migration Readiness Assess Svc	0	0.00				No	Not published by OCA		Not published by OCA	Active	2026-09-16	05/31/2028	{"Product Number":"H0JD1A1"}	BASELINE	N/A	$0.00	0.00%	2026-09-16: (no price)
Support Services	Reseller Option Kit	HPE OCA > DL360 Gen11 [P52499-B21] > Support Services > Reseller Option Kit	Service & Support	Unlimited	0	Unlimited	Selection constraint for Reseller Option Kit: no max	H0JD7A1	Service	HPE Quickstart File Data Mig10TB SVC	0	0.00				No	Not published by OCA		Not published by OCA	Active	2026-09-16	05/31/2028	{"Product Number":"H0JD7A1"}	BASELINE	N/A	$0.00	0.00%	2026-09-16: (no price)
Support Services	Reseller Option Kit	HPE OCA > DL360 Gen11 [P52499-B21] > Support Services > Reseller Option Kit	Service & Support	Unlimited	0	Unlimited	Selection constraint for Reseller Option Kit: no max	H30RVA1	Service	HPE Container Adopt Ph1 Redht Rem SVC	0	0.00				No	Not published by OCA		Not published by OCA	Active	2026-09-16	05/31/2028	{"Product Number":"H30RVA1"}	BASELINE	N/A	$0.00	0.00%	2026-09-16: (no price)
OEM Software	Reseller Option Kit	HPE OCA > DL360 Gen11 [P52499-B21] > OEM Software > Reseller Option Kit	Operating System / License	Unlimited	0	Unlimited	Selection constraint for Reseller Option Kit: no max	H33XSA1	Service	HPE Education - Learning Credits 1Yr SVC	0	0.00				No	Not published by OCA		Not published by OCA	Active	2026-09-16	05/31/2028	{"Product Number":"H33XSA1"}	BASELINE	N/A	$0.00	0.00%	2026-09-16: (no price)
OEM Software	Reseller Option Kit	HPE OCA > DL360 Gen11 [P52499-B21] > OEM Software > Reseller Option Kit	Operating System / License	Unlimited	0	Unlimited	Selection constraint for Reseller Option Kit: no max	H33XTA2	Service	HPE Education - Learning Credits 2Yr SVC	0	0.00				No	Not published by OCA		Not published by OCA	Active	2026-09-16	05/31/2028	{"Product Number":"H33XTA2"}	BASELINE	N/A	$0.00	0.00%	2026-09-16: (no price)
OEM Software	Reseller Option Kit	HPE OCA > DL360 Gen11 [P52499-B21] > OEM Software > Reseller Option Kit	Operating System / License	Unlimited	0	Unlimited	Selection constraint for Reseller Option Kit: no max	H33XVA3	Service	HPE Education - Learning Credits 3Yr SVC	0	0.00				No	Not published by OCA		Not published by OCA	Active	2026-09-16	05/31/2028	{"Product Number":"H33XVA3"}	BASELINE	N/A	$0.00	0.00%	2026-09-16: (no price)
OEM Software	Reseller Option Kit	HPE OCA > DL360 Gen11 [P52499-B21] > OEM Software > Reseller Option Kit	Operating System / License	Unlimited	0	Unlimited	Selection constraint for Reseller Option Kit: no max	H33XWA4	Service	HPE Education - Learning Credits 4Yr SVC	0	0.00				No	Not published by OCA		Not published by OCA	Active	2026-09-16	05/31/2028	{"Product Number":"H33XWA4"}	BASELINE	N/A	$0.00	0.00%	2026-09-16: (no price)
OEM Software	Reseller Option Kit	HPE OCA > DL360 Gen11 [P52499-B21] > OEM Software > Reseller Option Kit	Operating System / License	Unlimited	0	Unlimited	Selection constraint for Reseller Option Kit: no max	H33XXA5	Service	HPE Education - Learning Credits 5Yr SVC	0	0.00				No	Not published by OCA		Not published by OCA	Active	2026-09-16	05/31/2028	{"Product Number":"H33XXA5"}	BASELINE	N/A	$0.00	0.00%	2026-09-16: (no price)
OEM Software	Reseller Option Kit	HPE OCA > DL360 Gen11 [P52499-B21] > OEM Software > Reseller Option Kit	Operating System / License	Unlimited	0	Unlimited	Selection constraint for Reseller Option Kit: no max	H36NVA1	Service	HPE Zerto Quick Upgrade Remote SVC	0	0.00				No	Not published by OCA		Not published by OCA	Active	2026-09-16	05/31/2028	{"Product Number":"H36NVA1"}	BASELINE	N/A	$0.00	0.00%	2026-09-16: (no price)
OEM Software	Reseller Option Kit	HPE OCA > DL360 Gen11 [P52499-B21] > OEM Software > Reseller Option Kit	Operating System / License	Unlimited	0	Unlimited	Selection constraint for Reseller Option Kit: no max	HA0Z0A1	Service	HPE DL 1Yr Other 1GB Content Hosted SVC	0	0.00				No	Not published by OCA		Not published by OCA	Active	2026-09-16	05/31/2028	{"Product Number":"HA0Z0A1"}	BASELINE	N/A	$0.00	0.00%	2026-09-16: (no price)
OEM Software	Reseller Option Kit	HPE OCA > DL360 Gen11 [P52499-B21] > OEM Software > Reseller Option Kit	Operating System / License	Unlimited	0	Unlimited	Selection constraint for Reseller Option Kit: no max	HR2R4A1	Service	HPE Digital Learner Bronze 1Yr Subs SVC	0	0.00				No	Not published by OCA		Not published by OCA	Active	2026-09-16	05/31/2028	{"Product Number":"HR2R4A1"}	BASELINE	N/A	$0.00	0.00%	2026-09-16: (no price)
OEM Software	Reseller Option Kit	HPE OCA > DL360 Gen11 [P52499-B21] > OEM Software > Reseller Option Kit	Operating System / License	Unlimited	0	Unlimited	Selection constraint for Reseller Option Kit: no max	HR2R5A1	Service	HPE Digital Learner Silver 1Yr Subs SVC	0	0.00				No	Not published by OCA		Not published by OCA	Active	2026-09-16	05/31/2028	{"Product Number":"HR2R5A1"}	BASELINE	N/A	$0.00	0.00%	2026-09-16: (no price)
OEM Software	Reseller Option Kit	HPE OCA > DL360 Gen11 [P52499-B21] > OEM Software > Reseller Option Kit	Operating System / License	Unlimited	0	Unlimited	Selection constraint for Reseller Option Kit: no max	H0JD9A1	Service	HPE File Data Migration 100TB SVC	0	0.00				No	Not published by OCA		Not published by OCA	Active	2026-09-16	05/31/2028	{"Product Number":"H0JD9A1"}	BASELINE	N/A	$0.00	0.00%	2026-09-16: (no price)
OEM Software	Reseller Option Kit	HPE OCA > DL360 Gen11 [P52499-B21] > OEM Software > Reseller Option Kit	Operating System / License	Unlimited	0	Unlimited	Selection constraint for Reseller Option Kit: no max	H1WU9A1	Service	HPE Scality Integration Basic SVC	0	0.00				No	Not published by OCA		Not published by OCA	Active	2026-09-16	05/31/2028	{"Product Number":"H1WU9A1"}	BASELINE	N/A	$0.00	0.00%	2026-09-16: (no price)
OEM Software	Reseller Option Kit	HPE OCA > DL360 Gen11 [P52499-B21] > OEM Software > Reseller Option Kit	Operating System / License	Unlimited	0	Unlimited	Selection constraint for Reseller Option Kit: no max	H1WV0A1	Service	HPE Scality Integration Advanced SVC	0	0.00				No	Not published by OCA		Not published by OCA	Active	2026-09-16	05/31/2028	{"Product Number":"H1WV0A1"}	BASELINE	N/A	$0.00	0.00%	2026-09-16: (no price)
OEM Software	Reseller Option Kit	HPE OCA > DL360 Gen11 [P52499-B21] > OEM Software > Reseller Option Kit	Operating System / License	Unlimited	0	Unlimited	Selection constraint for Reseller Option Kit: no max	H1XF9A1	Service	HPE Risk Assessment 10 Functions SVC	0	0.00				No	Not published by OCA		Not published by OCA	Active	2026-09-16	05/31/2028	{"Product Number":"H1XF9A1"}	BASELINE	N/A	$0.00	0.00%	2026-09-16: (no price)
OEM Software	Reseller Option Kit	HPE OCA > DL360 Gen11 [P52499-B21] > OEM Software > Reseller Option Kit	Operating System / License	Unlimited	0	Unlimited	Selection constraint for Reseller Option Kit: no max	H1XG0A1	Service	HPE Business Imp Anlys 15 Process SVC	0	0.00				No	Not published by OCA		Not published by OCA	Active	2026-09-16	05/31/2028	{"Product Number":"H1XG0A1"}	BASELINE	N/A	$0.00	0.00%	2026-09-16: (no price)
OEM Software	Reseller Option Kit	HPE OCA > DL360 Gen11 [P52499-B21] > OEM Software > Reseller Option Kit	Operating System / License	Unlimited	0	Unlimited	Selection constraint for Reseller Option Kit: no max	H1XG7A1	Service	HPE AI Video Analytics Assessment SVC	0	0.00				No	Not published by OCA		Not published by OCA	Active	2026-09-16	05/31/2028	{"Product Number":"H1XG7A1"}	BASELINE	N/A	$0.00	0.00%	2026-09-16: (no price)
OEM Software	Reseller Option Kit	HPE OCA > DL360 Gen11 [P52499-B21] > OEM Software > Reseller Option Kit	Operating System / License	Unlimited	0	Unlimited	Selection constraint for Reseller Option Kit: no max	H2S79A1	Service	HPE Remot NW Conf and IntHr BusHrs SVC	0	0.00				No	Not published by OCA		Not published by OCA	Active	2026-09-16	05/31/2028	{"Product Number":"H2S79A1"}	BASELINE	N/A	$0.00	0.00%	2026-09-16: (no price)
OEM Software	Reseller Option Kit	HPE OCA > DL360 Gen11 [P52499-B21] > OEM Software > Reseller Option Kit	Operating System / License	Unlimited	0	Unlimited	Selection constraint for Reseller Option Kit: no max	H2S81A1	Service	HPE Onsite NW Conf and Int Bus Hrs SVC	0	0.00				No	Not published by OCA		Not published by OCA	Active	2026-09-16	05/31/2028	{"Product Number":"H2S81A1"}	BASELINE	N/A	$0.00	0.00%	2026-09-16: (no price)
OEM Software	Reseller Option Kit	HPE OCA > DL360 Gen11 [P52499-B21] > OEM Software > Reseller Option Kit	Operating System / License	Unlimited	0	Unlimited	Selection constraint for Reseller Option Kit: no max	H29BQA1	Service	HPE Cray Custom Operations SVC	0	0.00				No	Not published by OCA		Not published by OCA	Active	2026-09-16	05/31/2028	{"Product Number":"H29BQA1"}	BASELINE	N/A	$0.00	0.00%	2026-09-16: (no price)
OEM Software	Reseller Option Kit	HPE OCA > DL360 Gen11 [P52499-B21] > OEM Software > Reseller Option Kit	Operating System / License	Unlimited	0	Unlimited	Selection constraint for Reseller Option Kit: no max	H30SBA1	Service	HPE Container Adopt Ph3 Redht Onsite SVC	0	0.00				No	Not published by OCA		Not published by OCA	Active	2026-09-16	05/31/2028	{"Product Number":"H30SBA1"}	BASELINE	N/A	$0.00	0.00%	2026-09-16: (no price)
OEM Software	Reseller Option Kit	HPE OCA > DL360 Gen11 [P52499-B21] > OEM Software > Reseller Option Kit	Operating System / License	Unlimited	0	Unlimited	Selection constraint for Reseller Option Kit: no max	H30SCA1	Service	HPE Container Adopt Ph1 Anths Rem SVC	0	0.00				No	Not published by OCA		Not published by OCA	Active	2026-09-16	05/31/2028	{"Product Number":"H30SCA1"}	BASELINE	N/A	$0.00	0.00%	2026-09-16: (no price)
OEM Software	Reseller Option Kit	HPE OCA > DL360 Gen11 [P52499-B21] > OEM Software > Reseller Option Kit	Operating System / License	Unlimited	0	Unlimited	Selection constraint for Reseller Option Kit: no max	H30SLA1	Service	HPE Container Adopt Ph1 Rnchr Onsite SVC	0	0.00				No	Not published by OCA		Not published by OCA	Active	2026-09-16	05/31/2028	{"Product Number":"H30SLA1"}	BASELINE	N/A	$0.00	0.00%	2026-09-16: (no price)
OEM Software	Reseller Option Kit	HPE OCA > DL360 Gen11 [P52499-B21] > OEM Software > Reseller Option Kit	Operating System / License	Unlimited	0	Unlimited	Selection constraint for Reseller Option Kit: no max	H30SMA1	Service	HPE Container Adopt Ph2 Rnchr Rem SVC	0	0.00				No	Not published by OCA		Not published by OCA	Active	2026-09-16	05/31/2028	{"Product Number":"H30SMA1"}	BASELINE	N/A	$0.00	0.00%	2026-09-16: (no price)
OEM Software	Reseller Option Kit	HPE OCA > DL360 Gen11 [P52499-B21] > OEM Software > Reseller Option Kit	Operating System / License	Unlimited	0	Unlimited	Selection constraint for Reseller Option Kit: no max	H30SNA1	Service	HPE Container Adopt Ph2 Rnchr Onsite SVC	0	0.00				No	Not published by OCA		Not published by OCA	Active	2026-09-16	05/31/2028	{"Product Number":"H30SNA1"}	BASELINE	N/A	$0.00	0.00%	2026-09-16: (no price)
OEM Software	Reseller Option Kit	HPE OCA > DL360 Gen11 [P52499-B21] > OEM Software > Reseller Option Kit	Operating System / License	Unlimited	0	Unlimited	Selection constraint for Reseller Option Kit: no max	H36NRA3	Service	HPE Zerto Virtual TAM 3yr 8x5 Remote SVC	0	0.00				No	Not published by OCA		Not published by OCA	Active	2026-09-16	05/31/2028	{"Product Number":"H36NRA3"}	BASELINE	N/A	$0.00	0.00%	2026-09-16: (no price)
OEM Software	Reseller Option Kit	HPE OCA > DL360 Gen11 [P52499-B21] > OEM Software > Reseller Option Kit	Operating System / License	Unlimited	0	Unlimited	Selection constraint for Reseller Option Kit: no max	H36PBA1	Service	HPE Zerto Virtual TAM 1mo 8x5 Remote SVC	0	0.00				No	Not published by OCA		Not published by OCA	Active	2026-09-16	05/31/2028	{"Product Number":"H36PBA1"}	BASELINE	N/A	$0.00	0.00%	2026-09-16: (no price)
OEM Software	Reseller Option Kit	HPE OCA > DL360 Gen11 [P52499-B21] > OEM Software > Reseller Option Kit	Operating System / License	Unlimited	0	Unlimited	Selection constraint for Reseller Option Kit: no max	H36PCA1	Service	HPE Zerto Virtual TAM 3mo 8x5 Remote SVC	0	0.00				No	Not published by OCA		Not published by OCA	Active	2026-09-16	05/31/2028	{"Product Number":"H36PCA1"}	BASELINE	N/A	$0.00	0.00%	2026-09-16: (no price)
OEM Software	Reseller Option Kit	HPE OCA > DL360 Gen11 [P52499-B21] > OEM Software > Reseller Option Kit	Operating System / License	Unlimited	0	Unlimited	Selection constraint for Reseller Option Kit: no max	H36PDA1	Service	HPE Zerto Virtual TAM 6mo 8x5 Remote SVC	0	0.00				No	Not published by OCA		Not published by OCA	Active	2026-09-16	05/31/2028	{"Product Number":"H36PDA1"}	BASELINE	N/A	$0.00	0.00%	2026-09-16: (no price)
Support Services	Reseller Option Kit	HPE OCA > DL360 Gen11 [P52499-B21] > Support Services > Reseller Option Kit	Service & Support	Unlimited	0	Unlimited	Selection constraint for Reseller Option Kit: no max	H42ZQA1	Service	HPE Perf Analysis SAP Option2 Rmt1 SVC	0	0.00				No	Not published by OCA		Not published by OCA	Active	2026-09-16	05/31/2028	{"Product Number":"H42ZQA1"}	BASELINE	N/A	$0.00	0.00%	2026-09-16: (no price)
Support Services	Reseller Option Kit	HPE OCA > DL360 Gen11 [P52499-B21] > Support Services > Reseller Option Kit	Service & Support	Unlimited	0	Unlimited	Selection constraint for Reseller Option Kit: no max	H42ZRA1	Service	HPE Perf Analysis SAP Option3 Rmt1 SVC	0	0.00				No	Not published by OCA		Not published by OCA	Active	2026-09-16	05/31/2028	{"Product Number":"H42ZRA1"}	BASELINE	N/A	$0.00	0.00%	2026-09-16: (no price)
Support Services	Reseller Option Kit	HPE OCA > DL360 Gen11 [P52499-B21] > Support Services > Reseller Option Kit	Service & Support	Unlimited	0	Unlimited	Selection constraint for Reseller Option Kit: no max	H43BCA1	Service	HPE Priv Cloud AI Deployment SVC	0	0.00				No	Not published by OCA		Not published by OCA	Active	2026-09-16	05/31/2028	{"Product Number":"H43BCA1"}	BASELINE	N/A	$0.00	0.00%	2026-09-16: (no price)
Support Services	Reseller Option Kit	HPE OCA > DL360 Gen11 [P52499-B21] > Support Services > Reseller Option Kit	Service & Support	Unlimited	0	Unlimited	Selection constraint for Reseller Option Kit: no max	H44MDA1	Service	HPE Data Sanitization HPC T1 NSH SVC	0	0.00				No	Not published by OCA		Not published by OCA	Active	2026-09-16	05/31/2028	{"Product Number":"H44MDA1"}	BASELINE	N/A	$0.00	0.00%	2026-09-16: (no price)
Support Services	Reseller Option Kit	HPE OCA > DL360 Gen11 [P52499-B21] > Support Services > Reseller Option Kit	Service & Support	Unlimited	0	Unlimited	Selection constraint for Reseller Option Kit: no max	H44NJA1	Service	HPE Compute Firmware Onsite SVC	0	0.00				No	Not published by OCA		Not published by OCA	Active	2026-09-16	05/31/2028	{"Product Number":"H44NJA1"}	BASELINE	N/A	$0.00	0.00%	2026-09-16: (no price)
Support Services	Reseller Option Kit	HPE OCA > DL360 Gen11 [P52499-B21] > Support Services > Reseller Option Kit	Service & Support	Unlimited	0	Unlimited	Selection constraint for Reseller Option Kit: no max	HU7D2A1	Service	HPE Synergy Ecosystem Health Review SVC	0	0.00				No	Not published by OCA		Not published by OCA	Active	2026-09-16	05/31/2028	{"Product Number":"HU7D2A1"}	BASELINE	N/A	$0.00	0.00%	2026-09-16: (no price)
Support Services	Reseller Option Kit	HPE OCA > DL360 Gen11 [P52499-B21] > Support Services > Reseller Option Kit	Service & Support	Unlimited	0	Unlimited	Selection constraint for Reseller Option Kit: no max	H0JD4A1008E	Service	HPE 1Y Service Credits Qty 10 SVC	0	0.00				No	Not published by OCA		Not published by OCA	Active	2026-09-16	05/31/2028	{"Product Number":"H0JD4A1008E"}	BASELINE	N/A	$0.00	0.00%	2026-09-16: (no price)
Support Services	Reseller Option Kit	HPE OCA > DL360 Gen11 [P52499-B21] > Support Services > Reseller Option Kit	Service & Support	Unlimited	0	Unlimited	Selection constraint for Reseller Option Kit: no max	H0JD4A10BK5	Service	HPE 1Y Service Credits Qty 10 SVC	0	0.00				No	Not published by OCA		Not published by OCA	Active	2026-09-16	05/31/2028	{"Product Number":"H0JD4A10BK5"}	BASELINE	N/A	$0.00	0.00%	2026-09-16: (no price)
Support Services	Reseller Option Kit	HPE OCA > DL360 Gen11 [P52499-B21] > Support Services > Reseller Option Kit	Service & Support	Unlimited	0	Unlimited	Selection constraint for Reseller Option Kit: no max	H46SGA3	Service	HPE 3Y AL STG Block Pro-SAM T1 Service	0	0.00				No	Not published by OCA		Not published by OCA	Active	2026-09-16	05/31/2028	{"Product Number":"H46SGA3"}	BASELINE	N/A	$0.00	0.00%	2026-09-16: (no price)
Support Services	Reseller Option Kit	HPE OCA > DL360 Gen11 [P52499-B21] > Support Services > Reseller Option Kit	Service & Support	Unlimited	0	Unlimited	Selection constraint for Reseller Option Kit: no max	H46SGA4	Service	HPE 4Y AL STG Block Pro-SAM T1 Service	0	0.00				No	Not published by OCA		Not published by OCA	Active	2026-09-16	05/31/2028	{"Product Number":"H46SGA4"}	BASELINE	N/A	$0.00	0.00%	2026-09-16: (no price)
Support Services	Reseller Option Kit	HPE OCA > DL360 Gen11 [P52499-B21] > Support Services > Reseller Option Kit	Service & Support	Unlimited	0	Unlimited	Selection constraint for Reseller Option Kit: no max	H46SGA5	Service	HPE 5Y AL STG Block Pro-SAM T1 Service	0	0.00				No	Not published by OCA		Not published by OCA	Active	2026-09-16	05/31/2028	{"Product Number":"H46SGA5"}	BASELINE	N/A	$0.00	0.00%	2026-09-16: (no price)
Support Services	Reseller Option Kit	HPE OCA > DL360 Gen11 [P52499-B21] > Support Services > Reseller Option Kit	Service & Support	Unlimited	0	Unlimited	Selection constraint for Reseller Option Kit: no max	H46SHA3	Service	HPE 3Y AL STG Block Pro-SAM T2 Service	0	0.00				No	Not published by OCA		Not published by OCA	Active	2026-09-16	05/31/2028	{"Product Number":"H46SHA3"}	BASELINE	N/A	$0.00	0.00%	2026-09-16: (no price)
Support Services	Reseller Option Kit	HPE OCA > DL360 Gen11 [P52499-B21] > Support Services > Reseller Option Kit	Service & Support	Unlimited	0	Unlimited	Selection constraint for Reseller Option Kit: no max	H46SHA4	Service	HPE 4Y AL STG Block Pro-SAM T2 Service	0	0.00				No	Not published by OCA		Not published by OCA	Active	2026-09-16	05/31/2028	{"Product Number":"H46SHA4"}	BASELINE	N/A	$0.00	0.00%	2026-09-16: (no price)
Support Services	Reseller Option Kit	HPE OCA > DL360 Gen11 [P52499-B21] > Support Services > Reseller Option Kit	Service & Support	Unlimited	0	Unlimited	Selection constraint for Reseller Option Kit: no max	H46SHA5	Service	HPE 5Y AL STG Block Pro-SAM T2 Service	0	0.00				No	Not published by OCA		Not published by OCA	Active	2026-09-16	05/31/2028	{"Product Number":"H46SHA5"}	BASELINE	N/A	$0.00	0.00%	2026-09-16: (no price)
Support Services	Reseller Option Kit	HPE OCA > DL360 Gen11 [P52499-B21] > Support Services > Reseller Option Kit	Service & Support	Unlimited	0	Unlimited	Selection constraint for Reseller Option Kit: no max	H46SJA3	Service	HPE 3Y AL STG File/Object Pro-SAM T1 Service	0	0.00				No	Not published by OCA		Not published by OCA	Active	2026-09-16	05/31/2028	{"Product Number":"H46SJA3"}	BASELINE	N/A	$0.00	0.00%	2026-09-16: (no price)
Support Services	Reseller Option Kit	HPE OCA > DL360 Gen11 [P52499-B21] > Support Services > Reseller Option Kit	Service & Support	Unlimited	0	Unlimited	Selection constraint for Reseller Option Kit: no max	H46SJA4	Service	HPE 4Y AL STG File/Object Pro-SAM T1 Service	0	0.00				No	Not published by OCA		Not published by OCA	Active	2026-09-16	05/31/2028	{"Product Number":"H46SJA4"}	BASELINE	N/A	$0.00	0.00%	2026-09-16: (no price)
Support Services	Reseller Option Kit	HPE OCA > DL360 Gen11 [P52499-B21] > Support Services > Reseller Option Kit	Service & Support	Unlimited	0	Unlimited	Selection constraint for Reseller Option Kit: no max	H46SJA5	Service	HPE 5Y AL STG File/Object Pro-SAM T1 Service	0	0.00				No	Not published by OCA		Not published by OCA	Active	2026-09-16	05/31/2028	{"Product Number":"H46SJA5"}	BASELINE	N/A	$0.00	0.00%	2026-09-16: (no price)
Support Services	Reseller Option Kit	HPE OCA > DL360 Gen11 [P52499-B21] > Support Services > Reseller Option Kit	Service & Support	Unlimited	0	Unlimited	Selection constraint for Reseller Option Kit: no max	H46SKA3	Service	HPE 3Y AL STG File/Object Pro-SAM T2 Service	0	0.00				No	Not published by OCA		Not published by OCA	Active	2026-09-16	05/31/2028	{"Product Number":"H46SKA3"}	BASELINE	N/A	$0.00	0.00%	2026-09-16: (no price)